G,term,estimate,std.error,statistic,p.value,e_value,conf.low,conf.high
5,cconsistMinor inconsistencies,0.02613153452857806,0.17338206219400518,0.15071648241983812,1,0.9988944945634657,-Inf,Inf
5,cconsistNo inconsistencies,0.12502624824856756,0.07969591201690256,1.5687912351395261,0.9989724759883329,1.001028580903243,-Inf,Inf
5,cgenderMale,0.07468356799666405,0.2223626584270218,0.33586380251509174,1,0.9990181856029828,-Inf,Inf
5,coriginEritrea,0.31401886835540327,0.21750271454120323,1.4437468930803445,0.9991903426163089,1.000810313459967,-Inf,Inf
5,coriginIraq,0.0960528655072948,0.2749843876082786,0.3493029780444272,1,0.9990305247922249,-Inf,Inf
5,coriginKosovo,-0.8367911857676918,0.2361572679388125,-3.543364102537388,0.9968283973014221,1.0031816937671156,-Inf,Inf
5,coriginPakistan,-0.6988859777264296,0.17451331378809654,-4.004771685070714,0.9965900418892089,1.003421625711137,-Inf,Inf
5,coriginSyria,-0.0071558142924512645,0.29383322851714394,-0.024353318814770306,1,0.998863272286602,-Inf,Inf
5,coriginUkraine,0.41800619692846414,0.18326966019798588,2.280825950552278,0.997924682456563,1.0020796334432056,-Inf,Inf
5,cage38 Years,0.08304700599137071,0.19610508932354817,0.42348215580654225,1,0.9991061237646395,-Inf,Inf
5,cage62 Years,-0.28848519190734967,0.11817338284547609,-2.4412027900104536,0.9977369511905174,1.0022681818156403,-Inf,Inf
5,cjobCleaner,-0.03299288029436776,0.17249157531286652,-0.1912724156789978,1,0.9989138955993582,-Inf,Inf
5,cjobDoctor,0.062185236528877724,0.49426596116653965,0.12581330986684075,1,0.9988848121154986,-Inf,Inf
5,cjobFarmer,0.8654906155693662,0.25545948325130824,3.3879760678836885,0.996923833267185,1.00308565873356,-Inf,Inf
5,cjobTeacher,0.3634295256716381,0.4420928907384902,0.8220659804425954,1,0.999683565340383,-Inf,Inf
5,cjobUnemployed,0.055671323621926797,0.48184301617129177,0.11553830138348635,1,0.9988813172591936,-Inf,Inf
5,cvulnerNo surviving family,-0.5494488965989208,0.28307695641070857,-1.9409877213804028,0.9983808038245651,1.001621822223777,-Inf,Inf
5,cvulnerNone,-0.3848446871709566,0.22313354108991446,-1.7247280946250865,0.9987133957388925,1.001288261744157,-Inf,Inf
5,cvulnerPTSD,-0.04980619600931402,0.15652964778000264,-0.3181901749329623,1,0.9990026172705262,-Inf,Inf
5,cvulnerVictim of torture,0.40364982263171767,0.22417754410192703,1.8005809825813321,0.998593061846833,1.0014089204170564,-Inf,Inf
5,creasonEthnic persecution,0.3807358262704268,0.22278515347149483,1.7089820409381167,0.9987388577130869,1.001262734775135,-Inf,Inf
5,creasonPolitical persecution,0.7287584286947597,0.15808726844813195,4.6098489514597665,0.9963561836153324,1.0036571423398466,-Inf,Inf
5,creasonReligious persecution,0.9830212309119272,0.2182480346373064,4.504147002036249,0.9963918410692062,1.0036212248857055,-Inf,Inf
5,creligionChristian,0.25584211695272124,0.24215831895726195,1.0565076519129386,0.9998976968447308,1.0001023136222755,-Inf,Inf
5,creligionMuslim,0.034863613591918544,0.18195059076785677,0.19161033467816319,1,0.9989140759568381,-Inf,Inf
5,clangFluent,0.09753941399674837,0.148514848996738,0.6567653985824053,1,0.9994153477663424,-Inf,Inf
5,clangNone,0.3816299517590765,0.16287626425007254,2.343066704754106,0.9978498076906055,1.002154825598825,-Inf,Inf
105,cconsistMinor inconsistencies,0.09535161481503657,0.03453600543574657,2.7609335130675725,0.8688088048810548,1.1510012264860805,-Inf,Inf
105,cconsistNo inconsistencies,0.035238461992890255,0.03898944716447284,0.9037948613182574,1,0.9953262385269077,-Inf,Inf
105,cgenderMale,-0.07190399008509953,0.029296870115048983,-2.4543232708044282,0.8975640952938848,1.1141265623738827,-Inf,Inf
105,coriginEritrea,8.569571566565549e-4,0.05790295290343733,0.01479988694334245,1,0.9769012189343496,-Inf,Inf
105,coriginIraq,-0.08149698886946408,0.05947103967690329,-1.3703642867557768,0.9810105242828213,1.0193570560632477,-Inf,Inf
105,coriginKosovo,-0.0465870165498156,0.05790336876634427,-0.8045648732080993,1,0.9914963282049268,-Inf,Inf
105,coriginPakistan,-0.11733489769336694,0.05206078336253282,-2.253805842226544,0.9153869385002201,1.0924342023477098,-Inf,Inf
105,coriginSyria,-0.01984875199265419,0.05786822311259287,-0.3429991612846817,1,0.9795468289088558,-Inf,Inf
105,coriginUkraine,0.03101791812066314,0.061489417811055255,0.5044431907938213,1,0.9826308325061891,-Inf,Inf
105,cage38 Years,0.0014517803542222535,0.03923430711480414,0.03700282892658651,1,0.9769271251897395,-Inf,Inf
105,cage62 Years,-0.07680281305691375,0.04001494821544658,-1.9193530538486692,0.9429693697109571,1.0604798333020342,-Inf,Inf
105,cjobCleaner,-0.06974872603007301,0.05746348245848496,-1.2137921867242147,0.9899209167923371,1.0101817054642328,-Inf,Inf
105,cjobDoctor,0.047622109853698844,0.05368933990392917,0.8869937670851061,1,0.9946462969472316,-Inf,Inf
105,cjobFarmer,-0.01633857395304453,0.04888620464531375,-0.3342164537334512,1,0.9794127973187284,-Inf,Inf
105,cjobTeacher,-0.07146684668531733,0.04957221164111926,-1.4416715397470155,0.976648808642897,1.023909506826257,-Inf,Inf
105,cjobUnemployed,-0.030924846609042926,0.05296480944948653,-0.5838753491322667,1,0.98458040292608,-Inf,Inf
105,cvulnerNo surviving family,0.03951047745371281,0.0531505340973815,0.7433693400205987,1,0.9893573634820498,-Inf,Inf
105,cvulnerNone,-0.051470137374324404,0.052290815683814114,-0.9843054980352173,1,0.9987628316356234,-Inf,Inf
105,cvulnerPTSD,-0.031623633635521495,0.04944375226953356,-0.6395880608561229,1,0.986118104763176,-Inf,Inf
105,cvulnerVictim of torture,0.07351577356020339,0.05581939394060519,1.3170292324998742,0.9841502123558405,1.0161050492548476,-Inf,Inf
105,creasonEthnic persecution,0.2500381813747891,0.0451060275457405,5.54334298495326,0.5907310154386646,1.6928178373323106,-Inf,Inf
105,creasonPolitical persecution,0.18263156554009052,0.04374793687752973,4.174632647280235,0.7247667771340773,1.3797541934169069,-Inf,Inf
105,creasonReligious persecution,0.18049163994606315,0.046615184847988655,3.871949463134028,0.7560794107565986,1.322612394641607,-Inf,Inf
105,creligionChristian,0.044639102881557556,0.03552802468502222,1.2564476431580605,0.9875862322997241,1.0125698063564221,-Inf,Inf
105,creligionMuslim,-0.03616354165955971,0.03624466976549436,-0.9977616541560579,1,0.9993660097103743,-Inf,Inf
105,clangFluent,0.05139404567444644,0.0374079585402829,1.3738799891767035,0.9807998444844707,1.0195760181075695,-Inf,Inf
105,clangNone,-0.03497549191703556,0.03805034615303511,-0.9191898485329737,1,0.9959605510845347,-Inf,Inf
205,cconsistMinor inconsistencies,0.05195417073659114,0.025758872334096586,2.0169427474439665,0.8809678952176173,1.1351151448634564,-0.2132954445750309,0.3172037860482132
205,cconsistNo inconsistencies,0.05103885295318188,0.0272215390308918,1.8749436942290991,0.9013807417763426,1.1094091027830364,-0.22927243794819413,0.3313501438545579
205,cgenderMale,-0.058333134915710974,0.021817333483211555,-2.6737059760579056,0.7769979419606309,1.2870046958897456,-0.2829951169500343,0.1663288471186124
205,coriginEritrea,-0.008102560887482535,0.040634843158528076,-0.1993993395242635,1,0.957952070371271,-0.42653611559633964,0.4103309938213746
205,coriginIraq,-0.005061032228542984,0.03954202797695804,-0.12799121561221272,1,0.9569912166240094,-0.41224142326010443,0.40211935880301847
205,coriginKosovo,-0.035232120487007454,0.039051506680267294,-0.9021961886251684,1,0.9901999027395172,-0.4373614136458894,0.36689717267187444
205,coriginPakistan,-0.07675816045504343,0.03599058829727649,-2.1327286962089453,0.8636784603960509,1.157838299616083,-0.4473679284942688,0.293851607584182
205,coriginSyria,0.06049876583401443,0.04103217929655089,1.474422437979059,0.9533866155595153,1.0488924258844652,-0.36202632115905875,0.4830238528270876
205,coriginUkraine,0.02400397991518126,0.04128037803174685,0.5814864364062,1,0.9702813031148745,-0.4010769106929599,0.44908487052332247
205,cage38 Years,0.028092285245600226,0.027084572156819985,1.0372061660396763,0.9987057288128979,1.0012959484959003,-0.2508086018855031,0.3069931723767035
205,cage62 Years,-0.08374778277164732,0.02874933380691258,-2.9130338579014565,0.7365804824169636,1.3576248948637222,-0.3797913996599106,0.21229583411661593
205,cjobCleaner,-0.034183100221598615,0.038360153146106094,-0.8911095868518062,1,0.9893613065926404,-0.42919324404031894,0.36082704359712175
205,cjobDoctor,0.07141486547644371,0.03678866858465072,1.9412190825041171,0.8919678305616551,1.1211166655756173,-0.3074130608139716,0.450242791766859
205,cjobFarmer,0.005548496868632573,0.032741903709279555,0.16946164517184273,1,0.9574981136742237,-0.3316082408492946,0.3427052345865597
205,cjobTeacher,-0.03756846102621602,0.03459179478121862,-1.0860512229511017,0.9943148404382178,1.0057176654019129,-0.39377428167122197,0.3186373596187899
205,cjobUnemployed,-0.024867969103071853,0.03565761172773079,-0.6974098347627732,1,0.9764534347748954,-0.3920489415865667,0.342313003380423
205,cvulnerNo surviving family,0.06560314900488673,0.03410252050726559,1.9237038209803259,0.8944754365483837,1.1179736850671005,-0.28556441486922296,0.4167707128789964
205,cvulnerNone,-0.02074545464429476,0.03614343127432447,-0.5739757934668448,1,0.9699209547894398,-0.3929291091619044,0.3514381998733148
205,cvulnerPTSD,-0.016622011974960688,0.03369843956678694,-0.4932576163361369,1,0.9663496087992139,-0.36362858958280264,0.3303845656328812
205,cvulnerVictim of torture,0.07781131266463401,0.036604318567373256,2.125741325341596,0.8647370635203424,1.1564208846663777,-0.29911828630262394,0.4547409116318919
205,creasonEthnic persecution,0.23629328799183724,0.0318734261159204,7.413488814552369,0.16019210818141047,6.242504773503225,-0.09192038170054012,0.5645069576842145
205,creasonPolitical persecution,0.22417075998523114,0.0323946616406931,6.919990783408439,0.19510462700024883,5.125455071850883,-0.10941028451453252,0.5577518044849948
205,creasonReligious persecution,0.1713864640134743,0.03499790048299556,4.897049870084232,0.41442297475425366,2.4129936343248932,-0.1890011926907757,0.5317741207177242
205,creligionChristian,0.03503068873178098,0.026721051486172206,1.3109771802920593,0.9718639598562738,1.0289505952539768,-0.24012687777579053,0.3101882552393525
205,creligionMuslim,-0.08165257867943809,0.026330742185133753,-3.101035971767589,0.704399875522331,1.419648178186394,-0.35279097110942553,0.18948581375054935
205,clangFluent,0.04920113461854998,0.025843991997425455,1.9037745648370166,0.8973113377071494,1.114440393180861,-0.21692499258616266,0.3153272618232626
205,clangNone,-0.06029782241620469,0.027091217015686998,-2.22573324709959,0.8494138976862446,1.1772823622546598,-0.3392671343694591,0.21867148953704973
305,cconsistMinor inconsistencies,0.05951219463473561,0.02145741024970231,2.7735031367805094,0.6737041772201395,1.4843310073068465,-0.10546929675935168,0.22449368602882291
305,cconsistNo inconsistencies,0.06964994830022417,0.02191692343100333,3.1779071784180464,0.5859326560323082,1.7066807758618259,-0.09886464280552734,0.23816453940597568
305,cgenderMale,-0.06935875520238616,0.018477866786211057,-3.753612687268885,0.4669153260432145,2.141715947673662,-0.21143116676997803,0.07271365636520571
305,coriginEritrea,-0.024706535498481435,0.033042285123313746,-0.7477247837513867,1,0.969561090884197,-0.2787616807967634,0.2293486097998005
305,coriginIraq,0.009383542789912777,0.03389465201208403,0.2768443466115947,1,0.941394587526513,-0.2512252713289675,0.26999235690879303
305,coriginKosovo,-0.027268854117105248,0.03158931804956166,-0.8632302246703182,1,0.9806253812906978,-0.27015244273708544,0.21561473450287497
305,coriginPakistan,-0.07319472956109636,0.031131154347039038,-2.3511730000483615,0.7651387104352985,1.3069525647592521,-0.31255559432646474,0.16616613520427204
305,coriginSyria,0.03783069646514514,0.032692815063988585,1.1571562862084634,0.9835746771159983,1.0166996195267688,-0.2135374474236426,0.2891988403539329
305,coriginUkraine,0.008926988639126172,0.034558862365708154,0.258312572464312,1,0.9408233855030953,-0.25678879847719777,0.2746427757554501
305,cage38 Years,0.022032034077343755,0.022949656459468618,0.9600158554118021,1,0.9912229571094415,-0.1544230229683969,0.1984870911230844
305,cage62 Years,-0.07049065326818042,0.02353802062033083,-2.9947570530758445,0.6254808186729252,1.5987700504096793,-0.25146951796881856,0.1104882114324577
305,cjobCleaner,-0.020883029245449047,0.029807542658740374,-0.7005954662057854,1,0.9655305492759116,-0.2500669235460248,0.20830086505512668
305,cjobDoctor,0.08859343712696068,0.030467930117724668,2.907760283834365,0.6444097712318685,1.5518076302418213,-0.1456680367423187,0.32285491099624003
305,cjobFarmer,-0.007391373386854637,0.029003024115595216,-0.2548483688251055,1,0.9407210305516903,-0.23038949468138328,0.215606747907674
305,cjobTeacher,-0.010103530018655603,0.02888725311593994,-0.3497573818495221,1,0.9440300253757091,-0.23221151257038902,0.21200445253307781
305,cjobUnemployed,-0.046536572014576345,0.029961675183760243,-1.5532032748222298,0.9217051000357622,1.084945716326404,-0.2769055587169934,0.18383241468784073
305,cvulnerNo surviving family,0.046989896709629,0.02805142408091668,1.6751340885255133,0.9001019778295495,1.1109852268198972,-0.1686915730829269,0.2626713665021849
305,cvulnerNone,-0.030479963091740954,0.028819455212590158,-1.0576176012662926,0.9968392862826684,1.0031707355045347,-0.25206666189683985,0.19110673571335793
305,cvulnerPTSD,-0.02781527172678689,0.027883744136242568,-0.9975443610039916,1,0.9956651330955245,-0.24220748587165356,0.1865769424180798
305,cvulnerVictim of torture,0.06743304000953333,0.029545724054314455,2.2823282274473935,0.7797366175349372,1.2824843383159361,-0.15973778638908037,0.29460386640814706
305,creasonEthnic persecution,0.2075579637152471,0.027141186149177154,7.64734314021643,0.05141339901654992,19.450182620256268,-0.0011248790410409992,0.41624080647153516
305,creasonPolitical persecution,0.1721952169194336,0.027391058098376546,6.286548562709212,0.12350796511968588,8.096643799701065,-0.03840883843225776,0.382799272271125
305,creasonReligious persecution,0.14252839201203987,0.0275549236047634,5.1725199480284925,0.2350356903369254,4.254672975693575,-0.06933559057770791,0.35439237460178763
305,creligionChristian,0.04172528628940697,0.021932111307466577,1.9024746730699837,0.8572105385913562,1.1665745519686308,-0.12690608118781044,0.21035665376662438
305,creligionMuslim,-0.07141623458513818,0.02176845300773146,-3.280721627750645,0.5639952635333392,1.7730645355692558,-0.23878926799244168,0.09595679882216532
305,clangFluent,0.054529256950922,0.021476515340017998,2.5390179033986757,0.7247579784059733,1.3797709439493053,-0.11059912944385833,0.21965764334570234
305,clangNone,-0.05816185928051339,0.021530055133319997,-2.701426397673356,0.6894342509178634,1.4504646362849998,-0.22370190182788174,0.10737818326685496
405,cconsistMinor inconsistencies,0.06294650362282637,0.019016428179039518,3.3101118164875944,0.4722459902913699,2.1175404779678755,-0.06224051089762593,0.18813351814327867
405,cconsistNo inconsistencies,0.08904033163580459,0.019054893164561233,4.672832897400025,0.2144026903008999,4.664120578881574,-0.03639990166241709,0.21448056493402629
405,cgenderMale,-0.0698330806213519,0.015945059537313157,-4.379606138060192,0.2590624545501839,3.860073053566651,-0.17480097369957343,0.0351348124568696
405,coriginEritrea,-0.02123034329008132,0.02877186289611776,-0.7378855990915336,1,0.9586521620742748,-0.21063834274430265,0.16817765616414004
405,coriginIraq,0.006962018953706501,0.028853361584366476,0.24128969975819767,1,0.9229722807808841,-0.18298249437016129,0.19690653227757426
405,coriginKosovo,-0.0458077622626306,0.027444887341095448,-1.6690818108784486,0.876758868303259,1.140564454095848,-0.2264801513009082,0.13486462677564703
405,coriginPakistan,-0.07468349435224435,0.027072427494730534,-2.7586552541984273,0.6067861090446066,1.6480271797495731,-0.2529039436384205,0.1035369549339318
405,coriginSyria,0.02538159185691724,0.027205707020645415,0.9329510105234935,1,0.983289964855423,-0.15371624963924163,0.2044794333530761
405,coriginUkraine,0.013461461190677221,0.029429411921468238,0.4574152289076943,1,0.9339166752063108,-0.18027524808273043,0.2071981704640849
405,cage38 Years,0.012311672120242978,0.019541775958128595,0.6300180775085499,1,0.9476902648255262,-0.11633375843028176,0.14095710267076772
405,cage62 Years,-0.05707216349595524,0.019748216506946102,-2.8899907733886283,0.5738016556774498,1.7427624861405566,-0.1870766124561997,0.07293228546428923
405,cjobCleaner,-0.03939358316617805,0.026128985246046062,-1.5076583646561337,0.9121717492049023,1.096284774080817,-0.2114032594631631,0.132616093130807
405,cjobDoctor,0.07201388711607752,0.027107781602885055,2.65657618801286,0.6326669950465792,1.5806103492507562,-0.10643930173660544,0.2504670759687605
405,cjobFarmer,0.004327890109062213,0.02575954493388604,0.16801112442669675,1,0.9208129454618316,-0.16524972432607465,0.17390550454419906
405,cjobTeacher,-0.0051425375169079504,0.025443875511556076,-0.20211298057060204,1,0.9217210762613801,-0.1726420691393933,0.16235699410557738
405,cjobUnemployed,-0.059580494968517604,0.026207074604547395,-2.2734508092780157,0.7302946984441665,1.3693102279537543,-0.23210424118255335,0.11294325124551813
405,cvulnerNo surviving family,0.009637376962807514,0.024694722417253685,0.3902605909056131,1,0.9297767044201761,-0.15293040625711257,0.17220516018272758
405,cvulnerNone,-0.04474132367175685,0.02506447091020365,-1.7850495959818098,0.850110071971912,1.1763182592113088,-0.20974319753793522,0.12026055019442153
405,cvulnerPTSD,-0.03631424407897046,0.024021189502849632,-1.5117587775852026,0.9112991418742356,1.097334512949652,-0.19444809396810658,0.12181960581016565
405,cvulnerVictim of torture,0.05150934146001646,0.025605393776678146,2.011659805323209,0.7957284368123613,1.2567101459964631,-0.11705348076629751,0.22007216368633042
405,creasonEthnic persecution,0.20592056031612463,0.02278196879082996,9.038751751736678,0.00502072207966093,199.17453787195765,0.055944622092053226,0.355896498540196
405,creasonPolitical persecution,0.18354477225015137,0.023513069748753203,7.806074417819645,0.01667363801778471,59.97491362912902,0.028755924610402495,0.33833361988990024
405,creasonReligious persecution,0.15306533878028525,0.023388490107998202,6.5444728613730065,0.0516689324138144,19.353989975853192,-9.033888480022012e-4,0.30703406640857267
405,creligionChristian,0.040319981000986875,0.018922155003142146,2.130834516168559,0.7661986034101115,1.3051446394568083,-0.08424642394290141,0.16488638594487517
405,creligionMuslim,-0.06356674516124657,0.01877270753146108,-3.386125579100159,0.4547285403367463,2.1991142215517336,-0.18714932272013707,0.06001583239764395
405,clangFluent,0.05593768702703419,0.018422323133895382,3.0364078743203664,0.5376158161798511,1.8600643245686534,-0.06533827562747882,0.1772136496815472
405,clangNone,-0.04292773957274508,0.01894689054147565,-2.2656878435421475,0.7322609437587317,1.365633396842047,-0.16765698099503895,0.0818015018495488
505,cconsistMinor inconsistencies,0.07153482837828876,0.01722448334714348,4.153089932311505,0.2311596803296362,4.3260139422843515,-0.03058775143628069,0.1736574081928582
505,cconsistNo inconsistencies,0.09581593969850344,0.0169544832633508,5.651363017687562,0.0653675245491094,15.298116410217105,-0.004705831281841599,0.19633771067884848
505,cgenderMale,-0.06720731701232359,0.014242352796309714,-4.718835291717913,0.1490556118394642,6.708905405567819,-0.1516490840525875,0.01723445002794033
505,coriginEritrea,-0.014927146799431261,0.025996607482698508,-0.5741959526590424,1,0.9298866634332603,-0.16905894681073275,0.1392046532118702
505,coriginIraq,0.02653708862785698,0.025788049308703473,1.0290459859986658,1,0.9955068148096587,-0.12635818670281768,0.17943236395853163
505,coriginKosovo,-0.028922063497389988,0.02524352548038232,-1.1457220394935088,0.9810009307665516,1.0193670246761157,-0.17858890073805458,0.12074477374327461
505,coriginPakistan,-0.04873949154000201,0.02506184009980761,-1.944769073056857,0.7799180648148892,1.2821859694163469,-0.1973291307361773,0.09985014765617328
505,coriginSyria,0.023186341395677226,0.024995027808482298,0.9276381516090462,1,0.9772236212418094,-0.12500717308569814,0.17137985587705262
505,coriginUkraine,0.011371723926637784,0.026222693318100617,0.4336596469588529,1,0.9176329516848641,-0.14410052086349792,0.1668439687167735
505,cage38 Years,0.0024643329951501364,0.017549416368190986,0.14042250428434974,1,0.9032710734038492,-0.10158474863126124,0.10651341462156153
505,cage62 Years,-0.05622394930400047,0.017564091966799675,-3.2010734975811532,0.4318846986947326,2.3154328065390115,-0.16036004137711363,0.047912142769112695
505,cjobCleaner,-0.058048161894096686,0.023702213584584624,-2.449060788645069,0.6359269586860808,1.5725076384026053,-0.19857668456674554,0.08248036077855218
505,cjobDoctor,0.06929441114206462,0.024093856092133277,2.876019964470921,0.5166256207646287,1.9356376451480588,-0.07355612853567185,0.21214495081980111
505,cjobFarmer,-0.021309239511652405,0.023091487420751063,-0.9228179685169589,1,0.9764093830493125,-0.15821681575856816,0.11559833673526336
505,cjobTeacher,-0.010279956113798438,0.023084449432959026,-0.44531952748767484,1,0.9185143675792141,-0.14714580469576538,0.12658589246816848
505,cjobUnemployed,-0.08228391484370473,0.02385415481138876,-3.4494584064835396,0.37214918757633103,2.6870944056404564,-0.22371328485956302,0.059145455172153555
505,cvulnerNo surviving family,0.002772532036773814,0.021766432983639856,0.12737649934914516,1,0.9029753144892818,-0.12627890276396153,0.13182396683750913
505,cvulnerNone,-0.03857786158354291,0.022252922377622462,-1.7336087786086383,0.8380852632112994,1.193196019422046,-0.17051365296929993,0.09335792980221412
505,cvulnerPTSD,-0.030656393523548812,0.02114663258729767,-1.449705687039905,0.9114769842544796,1.0971204070697689,-0.15603308150204906,0.09472029445495142
505,cvulnerVictim of torture,0.050401532400863425,0.02221969455414299,2.2683269690341343,0.6877525822700136,1.4540112618688754,-0.08133725388541066,0.1821403186871375
505,creasonEthnic persecution,0.20267135007055725,0.020308294080674905,9.979732874925055,4.0363591937231933e-4,2477.48020432638,0.08226510383644806,0.3230775963046665
505,creasonPolitical persecution,0.17765820259849632,0.021069768023439895,8.43190121508948,0.00300992062302664,332.2346750109461,0.05273723845212945,0.3025791667448632
505,creasonReligious persecution,0.1555909489302009,0.020941224271539778,7.4298879049615625,0.01001146811372034,99.88545022977576,0.03143211037555814,0.27974978748484364
505,creligionChristian,0.04673250049777664,0.01668895901106007,2.800204642291121,0.5372780131877505,1.861233803458383,-0.052214998494215216,0.1456799994897685
505,creligionMuslim,-0.050494252247058544,0.017081761826115986,-2.9560330345935877,0.4951609402117979,2.0195454018894634,-0.15177064761425504,0.05078214312013796
505,clangFluent,0.06102766799590907,0.0166503877398937,3.665240050217514,0.32431625618263243,3.0834100386163477,-0.037691145023978426,0.15974648101579658
505,clangNone,-0.03988451964619851,0.01706341721968137,-2.337428613079607,0.6679114650145855,1.497204423610489,-0.14105215131366428,0.06128311202126726
605,cconsistMinor inconsistencies,0.06406442394186038,0.01574383517531302,4.06917521864787,0.19632598264814977,5.09356931014156,-0.022277465099078714,0.15040631298279947
605,cconsistNo inconsistencies,0.08589802642846299,0.015895012647397577,5.404086699014154,0.054525688580673706,18.339979302057706,-0.0012729457662861848,0.17306899862321218
605,cgenderMale,-0.06464712072054048,0.012809417980807676,-5.046842941451447,0.07921007553941727,12.624656562817828,-0.13489616319731534,0.00560192175623439
605,coriginEritrea,-0.014094005562711433,0.02358687043891811,-0.597536057155614,1,0.9202228330491877,-0.14344844351144226,0.1152604323860194
605,coriginIraq,0.022987333745655984,0.023456768809357986,0.9799872238364423,1,0.9822077454109325,-0.10565360457998813,0.15162827207130009
605,coriginKosovo,-0.02427621884755463,0.02306111691283724,-1.0526905066788412,1,0.9979991916935192,-0.15074733439699248,0.10219489670188323
605,coriginPakistan,-0.0424285479252602,0.0227905395719773,-1.861673691018238,0.7776211945281011,1.2859731795335765,-0.16741577098717036,0.08255867513664995
605,coriginSyria,0.020053765748811937,0.023082656517446138,0.8687806680160522,1,0.9606422955630117,-0.1065354766820635,0.14664300817968737
605,coriginUkraine,0.015222054963557462,0.02347097458993852,0.6485480568873699,1,0.9265697245327389,-0.11349679029625906,0.143940900223374
605,cage38 Years,0.0011795380236867287,0.01585238973856498,0.07440758416487842,1,0.8858810641421405,-0.08575768283766455,0.088116758885038
605,cage62 Years,-0.05846449884532982,0.015730992417127283,-3.71651687923236,0.26089622931745615,3.8329415592404334,-0.1447359560003971,0.027806958309737458
605,cjobCleaner,-0.055695944387758246,0.02141504291759867,-2.60078602700291,0.5470350678309764,1.8280363706207243,-0.1731397081726831,0.061747819397166594
605,cjobDoctor,0.0712341811375705,0.022278563511909807,3.197431517498411,0.3796386446345561,2.6340837902911853,-0.05094527750876193,0.19341363978390294
605,cjobFarmer,-0.02902883775364949,0.021218311841640143,-1.3681030786191708,0.922845251080512,1.083605294418703,-0.14539369461772758,0.0873360191104286
605,cjobTeacher,-0.025335185581782212,0.02129435871114597,-1.1897604396286035,0.9693315409203346,1.0316387714471225,-0.1421170965051583,0.09144672534159388
605,cjobUnemployed,-0.09223857740500915,0.022073240471306724,-4.178751077573373,0.17887233287445595,5.5905795151778115,-0.21329200932456932,0.028814854514551028
605,cvulnerNo surviving family,0.0031477877470117367,0.019774352827197895,0.1591853738283778,1,0.8877822150295276,-0.10529815052980049,0.11159372602382397
605,cvulnerNone,-0.034594616822858706,0.020843377823226577,-1.6597413872289257,0.8392570450900977,1.1915300632271082,-0.1489032713032699,0.07971403765755249
605,cvulnerPTSD,-0.030948158598228415,0.019499260593888398,-1.5871452381085884,0.8607780949468643,1.161739600334195,-0.1378854439439126,0.07598912674745578
605,cvulnerVictim of torture,0.05058003447428678,0.020317688460176942,2.4894581179067004,0.5809721673352044,1.7212528520717043,-0.06084564948788592,0.16200571843645947
605,creasonEthnic persecution,0.2103648352785559,0.018280804448338562,11.507416748154908,6.993930298834797e-6,142981.12181166603,0.1101097721581957,0.31061989839891613
605,creasonPolitical persecution,0.1779174348286295,0.019056747078072124,9.3361912240181,2.641994883728101e-4,3785.018684778476,0.07340696940682483,0.2824279002504342
605,creasonReligious persecution,0.16408354606502898,0.01873976988788917,8.755899728046831,6.528818646708377e-4,1531.6706652652517,0.06131143785279418,0.26685565427726377
605,creligionChristian,0.04652499721335332,0.015340740154878657,3.032773956382897,0.4229091388984979,2.3645741082932927,-0.0376062496848204,0.13065624411152704
605,creligionMuslim,-0.06074230040561473,0.015653201600337445,-3.8805032961630848,0.2292529940168551,4.361993195720175,-0.14658713939573803,0.02510253858450858
605,clangFluent,0.06538569274451028,0.015090549449922198,4.332890128453698,0.1563264563766873,6.396869878444505,-0.017373465469687793,0.14814485095870836
605,clangNone,-0.04461198547304401,0.01540261819580449,-2.8963897504903313,0.46057170979325673,2.1712145551642417,-0.1290825821474442,0.03985861120135619
705,cconsistMinor inconsistencies,0.06363070431604079,0.014219140075024924,4.475003690821244,0.10648407660311228,9.391075472506584,-0.009704897616511235,0.1369663062485928
705,cconsistNo inconsistencies,0.08772148100675525,0.014499481063956236,6.049973831464843,0.016194132783866694,61.750759571160486,0.012940012793881864,0.16250294921962866
705,cgenderMale,-0.05889179151481246,0.012043525767542834,-4.889912858701658,0.06801642495384357,14.70233110132747,-0.12100660344385988,0.003223020414234959
705,coriginEritrea,-0.009781419993783534,0.021884915789870445,-0.44694802976171005,1,0.8913614446438042,-0.1226534688114437,0.10309062882387662
705,coriginIraq,0.03225025127613241,0.021490384263115378,1.5006828580298832,0.8744686120223026,1.1435516223817257,-0.07858699045451051,0.14308749300677534
705,coriginKosovo,-0.0036401179769229436,0.021528770082630853,-0.1690815575135779,1,0.8729795463558274,-0.11467533561644563,0.10739509966259975
705,coriginPakistan,-0.041546120032899314,0.02144557078486366,-1.9372820826117938,0.7293837756101876,1.3710203509303731,-0.15215223502979175,0.06905999496399313
705,coriginSyria,0.020681253224554143,0.02140911020680202,0.9660024645948796,1,0.9745050150895754,-0.08973681534865507,0.13109932179776337
705,coriginUkraine,0.01912572679636669,0.02192728124908454,0.8722342993235965,1,0.9543063404207727,-0.09396482303023085,0.13221627662296423
705,cage38 Years,0.0032064917608240016,0.014641658423980158,0.21899785311016395,1,0.8750410179865727,-0.07230826005594673,0.07872124357759475
705,cage62 Years,-0.058616493160808414,0.014549471156896171,-4.02877139166844,0.16564743576662494,6.036918080693178,-0.13365578663857625,0.016422800316959404
705,cjobCleaner,-0.049809599152569946,0.020055249585106513,-2.483619011630735,0.5454961587510285,1.8331934770899327,-0.15324509472200032,0.05362589641686042
705,cjobDoctor,0.0739247012440266,0.020469474021752216,3.6114607129362155,0.24088231313654235,4.151404837403556,-0.03164716813115459,0.1794965706192078
705,cjobFarmer,-0.02449300136234637,0.019516126932522682,-1.2550134279732506,0.9492395088416756,1.0534749035259454,-0.12514795717802935,0.07616195445333662
705,cjobTeacher,-0.03102381230475818,0.01953560383911707,-1.5880651839713151,0.8463604960527382,1.1815296255718535,-0.13177922079629548,0.06973159618677913
705,cjobUnemployed,-0.0938940380001447,0.02030052744042159,-4.625201895650587,0.09090667054422245,11.00029287194651,-0.19859456078397397,0.01080648478368458
705,cvulnerNo surviving family,-0.006697596991546818,0.018352700862361505,-0.36493794792256073,1,0.8841666794563212,-0.10135215118595638,0.08795695720286274
705,cvulnerNone,-0.039294947160666546,0.019108564867709014,-2.056404938450919,0.6887249431984416,1.4519584485440526,-0.13784789053464908,0.05925799621331597
705,cvulnerPTSD,-0.03532582660043722,0.018160662233141594,-1.9451838345393995,0.7266894566261849,1.3761036311751642,-0.12898993633802053,0.058338283137146105
705,cvulnerVictim of torture,0.05125228143250364,0.018840960172011534,2.720258466903375,0.470713531453067,2.124434360136312,-0.04592048344014868,0.14842504630515596
705,creasonEthnic persecution,0.21255240715687673,0.016821785528119623,12.635543759701966,1.0436381659777527e-7,9581864.985391088,0.1257935904650183,0.29931122384873515
705,creasonPolitical persecution,0.18714840096480612,0.017414900906720515,10.746452246109792,5.269937178630898e-6,189755.58267656516,0.09733057556527284,0.2769662263643394
705,creasonReligious persecution,0.16581992731092093,0.01716002041240175,9.663154432560052,4.338877558845625e-5,23047.43534330233,0.07731665499779858,0.25432319962404326
705,creligionChristian,0.03976289701800127,0.014015252743101288,2.837115944096957,0.4355773200238176,2.295803647318734,-0.0325211504510495,0.11204694448705205
705,creligionMuslim,-0.05998446434764733,0.014453184099469166,-4.150259481566448,0.14749002678053358,6.7801194550463295,-0.13452715470613608,0.014558226010841405
705,clangFluent,0.06740882477316808,0.014005260181579323,4.813107639501677,0.07409840856460595,13.49556649557603,-0.0048236857878703465,0.1396413353342065
705,clangNone,-0.04704441346865734,0.01399725591167435,-3.360974019873435,0.2960909061435917,3.3773411450706354,-0.11923564178981244,0.025146814852497756
805,cconsistMinor inconsistencies,0.06976600588233652,0.013309323198430404,5.241889827317753,0.03238387633107496,30.879564564061123,0.004477979572488147,0.13505403219218487
805,cconsistNo inconsistencies,0.08182518147964567,0.013470995589659718,6.074174765705836,0.009927806934285128,100.72718039535557,0.015744081684783404,0.14790628127450794
805,cgenderMale,-0.05649065093263204,0.011386114062197741,-4.961363519111651,0.0466002241531008,21.459124246153642,-0.1123444988989485,-6.36802966315575e-4
805,coriginEritrea,-0.002478610572573179,0.02051332577979778,-0.12082928917426929,1,0.8569983054878949,-0.10310540678501107,0.09814818563986472
805,coriginIraq,0.023774004291424712,0.020216068679852872,1.1759954256149536,0.9711367311975755,1.0297211174031398,-0.07539461639453102,0.12294262497738045
805,coriginKosovo,-0.017935150377579374,0.020208932019895803,-0.887486303577157,1,0.9507278758654815,-0.11706876263853144,0.08119846188337271
805,coriginPakistan,-0.035440381684065,0.02005038073986195,-1.7675665187547462,0.769388329249142,1.299733778098656,-0.1337962308696166,0.06291546750148658
805,coriginSyria,0.01711808186261767,0.019976800534759448,0.8568980719826663,1,0.9439463279850876,-0.08087682437377008,0.11511298809900541
805,coriginUkraine,0.019476691932045414,0.020743652803066684,0.9389229619754353,1,0.9627845395143673,-0.08227995863367939,0.12123334249777022
805,cage38 Years,-0.010656177368151247,0.013543338374581954,-0.7868205809692157,1,0.9294682925159808,-0.0770921500273142,0.05577979529101171
805,cage62 Years,-0.06985322660123994,0.01362082258421317,-5.128414687832536,0.03760080953821787,26.5951720795689,-0.13666929305191872,-0.0030371601505611717
805,cjobCleaner,-0.04302959866289107,0.018332768918411933,-2.3471412776973186,0.5600814912307928,1.7854544662821756,-0.13295981386863517,0.046900616542853026
805,cjobDoctor,0.07205090749947671,0.018715336813391527,3.849832264195298,0.16461639483488172,6.07472907545478,-0.019755969834036338,0.16385778483298974
805,cjobFarmer,-0.026454810441452432,0.01812299770583603,-1.459737007687937,0.878614831949579,1.138155154723574,-0.11535600649712288,0.062446385614218024
805,cjobTeacher,-0.02982048599247931,0.01801609681268173,-1.655213462856635,0.8099309138259596,1.2346732084545213,-0.11819728661340465,0.058556314628446016
805,cjobUnemployed,-0.10036084203167449,0.01865848382358545,-5.3788315803458975,0.026938631394507206,37.121410711455084,-0.19188883069151774,-0.00883285337183122
805,cvulnerNo surviving family,-0.006278142057026124,0.017159601056649154,-0.36586760008580815,1,0.8708412440075135,-0.0904534580028537,0.07789717388880146
805,cvulnerNone,-0.040476102438121254,0.017637383695861437,-2.294904002548794,0.5784160709990795,1.7288592937480662,-0.12699515029685024,0.04604294542060774
805,cvulnerPTSD,-0.032015372980537776,0.017079082495666236,-1.874537053653882,0.7304151977696277,1.36908432772698,-0.11579571032005247,0.051764964358976914
805,cvulnerVictim of torture,0.052372239279385197,0.01771253653623213,2.9567893436524137,0.3650903221548129,2.739048228114795,-0.034515465989358465,0.13925994454812884
805,creasonEthnic persecution,0.20581062325088564,0.015778055507541484,13.044105666412046,4.718940064820125e-9,211911994.27495116,0.12841238986692963,0.28320885663484163
805,creasonPolitical persecution,0.17989218469597135,0.016394702243636743,10.972580167827854,7.032198773608042e-7,1422030.3381540016,0.09946903053055761,0.2603153388613851
805,creasonReligious persecution,0.1716372554944645,0.016467904046885258,10.422531914553389,2.4635808973872275e-6,405913.1977604465,0.09085501460576939,0.25241949638315964
805,creligionChristian,0.03624694351395481,0.013209618209928132,2.743981161144552,0.42852704548748516,2.333574999595222,-0.028551986407181082,0.10104587343509071
805,creligionMuslim,-0.06305620856689137,0.013560536558571845,-4.649978877644961,0.06833979412055126,14.632762841456648,-0.12957654580809003,0.0034641286743072874
805,clangFluent,0.07256987267136744,0.013021840949263251,5.572934960127377,0.020604009055819602,48.534243859573046,0.008692071988127423,0.13644767335460745
805,clangNone,-0.04661548823384665,0.013180781271271733,-3.536625581933278,0.22264081409480477,4.491539451406159,-0.11127296041279498,0.01804198394510169
905,cconsistMinor inconsistencies,0.0784867231921268,0.01246672585636707,6.295696568320835,0.004461611725610539,224.13425046823346,0.019843134371668958,0.13713031201258463
905,cconsistNo inconsistencies,0.08410797580607503,0.012833365221485947,6.553851959676119,0.0028471328266360036,351.2305399469326,0.023739712165528483,0.14447623944662158
905,cgenderMale,-0.04922058267187201,0.010789895622954281,-4.561729268924603,0.060168749324357666,16.619923319482684,-0.09997634722612528,0.0015351818823812688
905,coriginEritrea,5.540692856948069e-4,0.019143939103541657,0.02894228208197253,1,0.8415081971344486,-0.08949918977579371,0.09060732834718332
905,coriginIraq,0.019258062161608847,0.019120601303714388,1.0071891493217713,1,0.9757641591048579,-0.07068541568283739,0.10920154000605507
905,coriginKosovo,-0.017780826812546852,0.018921607870358105,-0.9397101416736175,1,0.9572368897778305,-0.10678823778441025,0.07122658415931656
905,coriginPakistan,-0.028845946048940963,0.019039593783880274,-1.5150504982602708,0.8503299196228793,1.176014129249385,-0.11840836380277081,0.06071647170488889
905,coriginSyria,0.021671303407218505,0.018798969537771354,1.152792091272662,0.9788883813161865,1.0215669315182057,-0.06675921576220176,0.11010182257663878
905,coriginUkraine,0.022992402671578645,0.01958962040798791,1.1737033282280043,0.9719692021525114,1.0288391831607544,-0.06915734519250617,0.11514215053566347
905,cage38 Years,-0.011613391773872656,0.012658823849782936,-0.9174147544577606,1,0.9514699513797822,-0.07116061125637489,0.047933827708629584
905,cage62 Years,-0.06687597315267273,0.012831462232642636,-5.211874682726603,0.02475361079575973,40.39814668861559,-0.12723528511684948,-0.006516661188495969
905,cjobCleaner,-0.041998752915698524,0.017334325815544782,-2.4228662460028065,0.5062601127188037,1.9752691845099761,-0.12353957504643298,0.03954206921503594
905,cjobDoctor,0.0747072355121657,0.017465890622731264,4.277321845525401,0.08574948437841766,11.66187770397475,-0.007452468636572437,0.15686693966090381
905,cjobFarmer,-0.019585868826327284,0.017307043618544883,-1.1316703914318786,0.9858002175572098,1.014404320662433,-0.10099835526079201,0.06182661760813745
905,cjobTeacher,-0.025175390874343985,0.01706753914508493,-1.4750451521064145,0.8652658857652454,1.155714117996915,-0.10546124614485539,0.05511046439616742
905,cjobUnemployed,-0.09453811724224821,0.01775787657323648,-5.32372870440658,0.021018262339634556,47.57767239941049,-0.1780713258876809,-0.011004908596815521
905,cvulnerNo surviving family,-0.006607370024154973,0.016322823324356844,-0.4047933309610406,1,0.8617992388746053,-0.0833900754795477,0.07017533543123776
905,cvulnerNone,-0.03988040769634204,0.016373338992931953,-2.435691810543813,0.501720037736104,1.9931434361526987,-0.11690073930402528,0.03713992391134121
905,cvulnerPTSD,-0.034072606516221265,0.015946509497771894,-2.1366811665576106,0.6115098023759324,1.635296762397995,-0.1090851283991221,0.04093991536667957
905,cvulnerVictim of torture,0.049336704555260305,0.016630627579347038,2.966617123729578,0.33180213683990945,3.013844363764565,-0.02889391484119444,0.12756732395171505
905,creasonEthnic persecution,0.1915391688074896,0.014915442966675171,12.841668144582497,1.035737132588953e-9,965495943.4546645,0.12137679301689984,0.26170154459807937
905,creasonPolitical persecution,0.16820055675323192,0.015504369960240372,10.84859024807637,2.2398790101658278e-7,4464526.858198318,0.09526786316999836,0.2411332503364655
905,creasonReligious persecution,0.16758471693297888,0.015373422399147347,10.90093751292969,1.9576026596179682e-07,5108288.932316596,0.09526800183665969,0.2399014320292981
905,creligionChristian,0.04513440142350271,0.012518934431328546,3.6052909831170763,0.18189218339692947,5.4977623629805805,-0.013754776995877696,0.10402357984288312
905,creligionMuslim,-0.06149710736938409,0.012878637000962074,-4.7751254550299125,0.045491764822550435,21.982000564293262,-0.12207832986146522,-9.158848773029582e-4
905,clangFluent,0.07306849870141337,0.012340695216494994,5.920938603503271,0.00833073491104788,120.03742895165718,0.01501775912690751,0.13111923827591923
905,clangNone,-0.04759847544728272,0.012404016870770277,-3.83734365594481,0.14222803411281573,7.03096268072437,-0.10594708064420895,0.010750129749643511
1005,cconsistMinor inconsistencies,0.0789695318788309,0.011986252163916132,6.588342277377059,0.0016669059750904379,599.9138613356672,0.024565596994938155,0.13337346676272366
1005,cconsistNo inconsistencies,0.08487997270000679,0.012133969700147221,6.995235260804792,7.449017737029237e-4,1342.4588788787241,0.029805568422309824,0.13995437697770374
1005,cgenderMale,-0.047873232825416515,0.01024899970551072,-4.671015143036433,0.04156580457738122,24.05823753846372,-0.09439201993071528,-0.0013544457201177529
1005,coriginEritrea,0.008994537627027854,0.017982322541881316,0.5001877597334455,1,0.8613707106600458,-0.07262472844972019,0.0906138037037759
1005,coriginIraq,0.019338814750464957,0.017941711247235745,1.0778690217436457,1,0.9939611274926524,-0.06209612229672209,0.100773751797652
1005,coriginKosovo,-0.01757938866406992,0.017941805144110957,-0.9798004449869976,1,0.9629721576400999,-0.0990147518961407,0.06385597456800085
1005,coriginPakistan,-0.018541087144740166,0.018127824027970682,-1.0227971716920812,1,0.9760765010366921,-0.10082076427128622,0.0637385899818059
1005,coriginSyria,0.02395298870389954,0.017750616473713406,1.3494172858374314,0.9072609344348673,1.102218735586692,-0.056614595690165526,0.10452057309796461
1005,coriginUkraine,0.02445712774670611,0.018707041349754646,1.3073755111482062,0.9232881496251457,1.083085492222552,-0.060451536408230824,0.10936579190164304
1005,cage38 Years,-0.006228213098431173,0.012041893129376343,-0.5172121220074086,1,0.8637188312385664,-0.060884694601598885,0.048428268404736546
1005,cage62 Years,-0.06010145623868763,0.01232380281365649,-4.876859614476048,0.03086852116179463,32.395461860922595,-0.11603748666982525,-0.004165425807550006
1005,cjobCleaner,-0.033038076675237275,0.016393590280244695,-2.0153045251503103,0.6389723565499015,1.5650129301358962,-0.10744630753196716,0.0413701541814926
1005,cjobDoctor,0.07353191320983828,0.016377708691259908,4.489755838011647,0.0534855337392078,18.69664430901894,-8.042333188493234e-4,0.14786805973852588
1005,cjobFarmer,-0.016288269831321183,0.01649345962280564,-0.987559323745472,1,0.9652825025515015,-0.09114979377210107,0.0585732541094587
1005,cjobTeacher,-0.019740907541744117,0.016178376024330025,-1.2202032832007699,0.9557478643577548,1.0463010562644384,-0.09317231076254998,0.05369049567906175
1005,cjobUnemployed,-0.08809953808458562,0.016777929582032065,-5.250918336129732,0.01744258805770414,57.33094175541883,-0.1642522316859512,-0.011946844483220032
1005,cvulnerNo surviving family,0.0013187161163631428,0.015556152174458455,0.08477135615376238,1,0.8290856432893544,-0.06928849941435511,0.07192593164708139
1005,cvulnerNone,-0.033833532218671594,0.015622804654878997,-2.1656503403891305,0.5792554256829924,1.7263541361238235,-0.10474327410667486,0.03707620966933167
1005,cvulnerPTSD,-0.026751297699170815,0.015340308267993534,-1.7438565921771925,0.7494651896682686,1.334284785718499,-0.09637882769751278,0.04287623229917116
1005,cvulnerVictim of torture,0.05540929210296558,0.015938274029874862,3.476492623925642,0.1840103643857059,5.434476494508159,-0.01693232149109146,0.12775090569702263
1005,creasonEthnic persecution,0.19270900504502508,0.0140487595221175,13.717154510448836,9.61965928051495e-12,103953785767.18874,0.12894363553764482,0.25647437455240535
1005,creasonPolitical persecution,0.16064659362396116,0.01468049624472227,10.942858534616269,4.4755855003126826e-8,22343445.342070572,0.09401385881754108,0.22727932843038123
1005,creasonReligious persecution,0.15947030510312052,0.01470826998558861,10.84222041473076,5.9525812269090654e-8,16799434.764189847,0.09271150914189483,0.2262291010643462
1005,creligionChristian,0.04016442543193174,0.011842851254116767,3.3914489484084274,0.20134919936179452,4.966496033605522,-0.013588632626383976,0.09391748349024745
1005,creligionMuslim,-0.06866733697622185,0.01207552240487337,-5.686489964898701,0.008551443692174447,116.93931878603314,-0.12347645709313745,-0.01385821685930625
1005,clangFluent,0.06539533057556808,0.011837699921242057,5.524327446265132,0.011217310229794978,89.14793114519017,0.011665653702167253,0.11912500744896891
1005,clangNone,-0.05577052836262711,0.011923015966724095,-4.677552099089432,0.041182426028358886,24.282202299383332,-0.10988744292462997,-0.0016536138006242457
1105,cconsistMinor inconsistencies,0.07296334039464147,0.011464822561976866,6.364105506231271,0.0016879078574085764,592.4494015539968,0.022509792735402025,0.12341688805388093
1105,cconsistNo inconsistencies,0.08424268481720844,0.01159454509643162,7.265717120987807,2.4684315559120383e-4,4051.155469978259,0.03321826377207843,0.13526710586233845
1105,cgenderMale,-0.047741254925469684,0.009688802792915919,-4.927466885834054,0.0225290671474273,44.38710193618446,-0.09037902544749915,-0.00510348440344021
1105,coriginEritrea,0.004723465669902281,0.017392143524789603,0.2715861712600156,1,0.8256460378266041,-0.07181460000714729,0.08126153134695185
1105,coriginIraq,0.012367668284189169,0.01711612508477784,0.722574076955555,1,0.8900613476269281,-0.0629557157488419,0.08769105231722024
1105,coriginKosovo,-0.018333490330363186,0.0171022811708692,-1.0719909319226453,1,0.9885815804114949,-0.09359595108556733,0.05692897042484095
1105,coriginPakistan,-0.02180089237263127,0.01720651875624062,-1.2670135476837416,0.9372327936034762,1.0669707748436716,-0.09752207422473774,0.05392028947947521
1105,coriginSyria,0.021998437875644553,0.016884919062072686,1.3028453257473989,0.9229122727853003,1.0835266032188011,-0.05230747170258376,0.09630434745387287
1105,coriginUkraine,0.028070668504150166,0.017791826935084836,1.5777282797639982,0.8085307302944961,1.236811369724641,-0.05022629452006087,0.1063676315283612
1105,cage38 Years,-0.003954948279287505,0.011510474532896076,-0.34359558921611433,1,0.8317990954891639,-0.05460939777351475,0.046699501214939744
1105,cage62 Years,-0.060228392120668224,0.011826344682639454,-5.09273099481709,0.017243408532760254,57.993174499121146,-0.11227289973119489,-0.008183884510141563
1105,cjobCleaner,-0.02656955081458012,0.015830755635947963,-1.6783501322101677,0.7654902256101463,1.306352408618848,-0.09623637554233694,0.04309727391317669
1105,cjobDoctor,0.07177542926104465,0.015729614522275868,4.563076174524059,0.03946052516456456,25.341781332854566,0.0025536989053444453,0.14099715961674486
1105,cjobFarmer,-0.01312793775027874,0.015846786333868757,-0.8284290248945225,1,0.9148747620579614,-0.08286530919406063,0.05660943369350315
1105,cjobTeacher,-0.00984401301937296,0.01569886605941461,-0.6270524878750402,1,0.871045826052308,-0.07893042780188986,0.05924240176314394
1105,cjobUnemployed,-0.0805464891522448,0.016186096021150207,-4.976276493540847,0.02083613311096073,47.993550179133564,-0.15177706970466764,-0.009315908599821954
1105,cvulnerNo surviving family,0.002951249334876719,0.014859402499286224,0.19861157506289256,1,0.8209110958303686,-0.0624409159718917,0.06834341464164513
1105,cvulnerNone,-0.03521854342795423,0.014813010225678795,-2.377541289136616,0.4773082966744527,2.0950819563944187,-0.1004065490301289,0.029969462174220432
1105,cvulnerPTSD,-0.024397335493690893,0.014667838994715715,-1.6633217410199526,0.7719343641381858,1.295446927170336,-0.08894648222294785,0.040151811235566055
1105,cvulnerVictim of torture,0.057483570657734497,0.015168137679048935,3.7897579699012067,0.1132889486902538,8.826986317386751,-0.009267253714364966,0.12423439502983397
1105,creasonEthnic persecution,0.19710385095437316,0.013567723397631423,14.527407817643338,6.766054122068874e-14,14779663034889.045,0.13739601200882728,0.25681168989991904
1105,creasonPolitical persecution,0.15987656409734677,0.014165295123949272,11.286497224264913,4.233421831760436e-9,236215534.32206818,0.09753897546220841,0.22221415273248513
1105,creasonReligious persecution,0.1635249394227026,0.013863833018244022,11.795074219915445,8.332770720671839e-10,1200081021.6933148,0.10251400304366615,0.22453587580173906
1105,creligionChristian,0.040787310345382195,0.011288261937749424,3.6132498138605462,0.1404041088411224,7.1222986866543465,-0.008889242308391748,0.09046386299915614
1105,creligionMuslim,-0.06706973653838871,0.0114023130788946,-5.882116731431725,0.004302638424053285,232.41553238813725,-0.11724819706332701,-0.016891276013450425
1105,clangFluent,0.06538036366879071,0.011267367484372412,5.80262991860981,0.004988866602100985,200.44632974929922,0.015795761788225164,0.11496496554935626
1105,clangNone,-0.053281825640793326,0.01136022657315065,-4.690208007534142,0.03260014451536935,30.674710645179797,-0.10327507496757443,-0.0032885763140122204
1205,cconsistMinor inconsistencies,0.06554969789216412,0.011054604040837818,5.929628745634943,0.0028154938361687146,355.1774779804833,0.018199227281196752,0.1129001685031315
1205,cconsistNo inconsistencies,0.08083368970005449,0.011140980385928385,7.2555275119370535,1.512917349054614e-4,6609.74639906718,0.033113241062322475,0.1285541383377865
1205,cgenderMale,-0.04912679105278853,0.009236577290987879,-5.318722455851855,0.009052894557610712,110.46190736412657,-0.08869006079516668,-0.00956352131041037
1205,coriginEritrea,0.00926296759672694,0.01677286645527958,0.5522590680265773,1,0.8480741820169424,-0.06258068390073585,0.08110661909418973
1205,coriginIraq,0.011983850727412863,0.0164102831820003,0.7302647123455741,1,0.8831074500262488,-0.058306738483783045,0.08227443993860878
1205,coriginKosovo,-0.015262713120079575,0.016442569375034567,-0.9282438025320777,1,0.9360265128714595,-0.08569159461463194,0.05516616837447278
1205,coriginPakistan,-0.012965542317847186,0.01666651657450264,-0.7779395448286172,1,0.8944359582148964,-0.08435366262797794,0.058422577992283564
1205,coriginSyria,0.020673739601585278,0.016235302607593382,1.2733818458003983,0.9338239930036331,1.0708656101065819,-0.048867350802114934,0.09021483000528549
1205,coriginUkraine,0.025936221336666315,0.017076086298416806,1.5188621610017847,0.8271698184977155,1.2089415953500022,-0.047206219535620916,0.09907866220895355
1205,cage38 Years,-0.002589560186579501,0.011019909175551068,-0.23498924948716793,1,0.8113239540981615,-0.049791421386206326,0.04461230101304733
1205,cage62 Years,-0.054981951173446,0.011380767577601305,-4.831128550736505,0.021134872267126605,47.31516648697282,-0.1037294864739161,-0.006234415872975907
1205,cjobCleaner,-0.0360858095893664,0.0152552493379213,-2.365468357155249,0.46300413536034996,2.159807923144603,-0.10142901254532467,0.029257393366591875
1205,cjobDoctor,0.06845431642227655,0.0151293496235497,4.524604039536735,0.0346328133196447,28.874350771635758,0.0036503829601200466,0.13325824988443305
1205,cjobFarmer,-0.021128777639273004,0.015254054059023327,-1.3851253940439896,0.8859956261538539,1.1286737433919896,-0.08646686082629867,0.044209305547752674
1205,cjobTeacher,-0.014267796296328033,0.01511379542774207,-0.9440247067350689,1,0.9409399155077226,-0.07900510607040437,0.05046951347774831
1205,cjobUnemployed,-0.08382101783930536,0.015646524532440937,-5.357165271144649,0.008440378981820047,118.47809229347712,-0.15084017992780785,-0.016801855750802855
1205,cvulnerNo surviving family,0.007810226849665578,0.014274537509412396,0.5471439508646527,1,0.8472288499884458,-0.053332267836499296,0.06895272153583046
1205,cvulnerNone,-0.02118314782439642,0.014131258611380886,-1.499027680898583,0.8359731321756839,1.196210693276019,-0.08171193231114118,0.03934563666234835
1205,cvulnerPTSD,-0.017130689486516762,0.013883294451703219,-1.2339066599869708,0.9503302327853411,1.0522657971946034,-0.0765973626925665,0.04233598371953299
1205,cvulnerVictim of torture,0.06518660162278864,0.014356921874621256,4.540430197507661,0.033786091279153496,29.597978402935716,0.003691227860248482,0.1266819753853288
1205,creasonEthnic persecution,0.18723884921147807,0.013061613454445016,14.335047493520683,1.6160617428471905e-14,61878823901752.17,0.13129170341396643,0.2431859950089897
1205,creasonPolitical persecution,0.15283172601433265,0.013500961936466434,11.32006198769662,1.0372259428160093e-9,964110092.8164763,0.0950027075320033,0.210660744496662
1205,creasonReligious persecution,0.15782129358136518,0.013236493056521872,11.923195434579526,1.2893087209741047e-10,7756094283.178937,0.10112508147374351,0.21451750568898686
1205,creligionChristian,0.04541594400084686,0.01081307127910058,4.200096607947683,0.056501236850502706,17.69872759858181,-8.999631021038013e-4,0.09173185110379752
1205,creligionMuslim,-0.06610871530532535,0.010918947339916876,-6.054495295865088,0.002186313111507902,457.391027267041,-0.11287812407034975,-0.01933930654030095
1205,clangFluent,0.06875411565422891,0.010849158390379527,6.337276420924642,0.0012115720067935893,825.3739723208759,0.022283635696770207,0.11522459561168762
1205,clangNone,-0.0477268222516946,0.01096547783537095,-4.35246169553541,0.04509401507834531,22.17589181763085,-0.09469553628802249,-7.58108215366704e-4
1305,cconsistMinor inconsistencies,0.0711005875402086,0.010690891193678205,6.6505762945424225,4.09857207902431e-4,2439.874133525196,0.026388795887646886,0.11581237919277032
1305,cconsistNo inconsistencies,0.08637863836524355,0.010758329289336193,8.02900116199857,1.1973677325058647e-5,83516.5315426689,0.04138480492328559,0.13137247180720152
1305,cgenderMale,-0.05445373587341049,0.008829902617731138,-6.166969017762791,0.0012309476594107346,812.3822262911721,-0.09138244078716545,-0.017525030959655533
1305,coriginEritrea,0.007714396994149054,0.015989121052008906,0.48247786535957216,1,0.8270052866444413,-0.059155823292794896,0.074584617281093
1305,coriginIraq,0.012020884463221573,0.01566701576655643,0.7672734005209809,1,0.8837752527693052,-0.05350221665915205,0.0775439855855952
1305,coriginKosovo,-0.012481918615351592,0.015861405714048784,-0.7869364695902137,1,0.8888264383362766,-0.07881800367649827,0.05385416644579508
1305,coriginPakistan,-0.012251871350487269,0.015923318483519727,-0.7694295233225208,1,0.8843215124891719,-0.07884689000276943,0.05434314730179488
1305,coriginSyria,0.029084502579032,0.015597633357422147,1.8646740766727996,0.660918568148302,1.513045703651062,-0.03614842518310771,0.09431743034117171
1305,coriginUkraine,0.023163500450481336,0.016297444625194075,1.421296465991551,0.8666242933623991,1.1539025707669919,-0.04499620067730968,0.09132320157827235
1305,cage38 Years,-0.0016828269199114288,0.010548917831390689,-0.15952602407270602,1,0.795620493972338,-0.04580085297521717,0.04243519913539431
1305,cage62 Years,-0.05446103829500374,0.010939233500517414,-4.978505879084471,0.013274620002987313,75.33172322634927,-0.10021145519224826,-0.008710621397759216
1305,cjobCleaner,-0.0378779800763051,0.014577850132933164,-2.5983241514284785,0.3601189246665842,2.776860452212694,-0.09884593738480374,0.02308997723219354
1305,cjobDoctor,0.0606207134389165,0.014540652268063498,4.169050488337541,0.05101545387202633,19.601903425352788,-1.9167375350461618e-4,0.12143310063133761
1305,cjobFarmer,-0.02562393703178472,0.014530430112589981,-1.7634672086948548,0.7075998970960935,1.4132280178443808,-0.08639357279427431,0.03514569873070488
1305,cjobTeacher,-0.02118858424971605,0.014617329405552104,-1.4495523540482014,0.8536363905694145,1.1714589619743767,-0.0823216530517239,0.039944484552291805
1305,cjobUnemployed,-0.08712513051438145,0.015084286398799758,-5.775886787810785,0.0028346551079003936,352.77660312640006,-0.15021112198808778,-0.024039139040675117
1305,cvulnerNo surviving family,0.010350442321405577,0.013865823354932949,0.7464715261732562,1,0.8786004762131042,-0.04763965351864823,0.06834053816145938
1305,cvulnerNone,-0.019362870918817804,0.013582085125533772,-1.4256184333888755,0.8646415254171073,1.1565486627739687,-0.07616630753964165,0.03744056570200604
1305,cvulnerPTSD,-0.016585567769491646,0.013351809479490913,-1.2421962577407921,0.9471297519431829,1.0558215470988483,-0.07242593811997353,0.03925480258099023
1305,cvulnerVictim of torture,0.07494282994384723,0.01382521961412171,5.4207334158581615,0.005788367394387842,172.76028487230408,0.017122548384621586,0.13276311150307285
1305,creasonEthnic persecution,0.18396407322297867,0.012444878072185434,14.782312221615273,3.2434050040432437e-16,3083179555909285,0.13191670079867396,0.23601144564728338
1305,creasonPolitical persecution,0.14635180360555863,0.01293171416470778,11.317277952598928,3.0715360198413537e-10,3255700058.6685305,0.09226836949626754,0.20043523771484972
1305,creasonReligious persecution,0.1589182552283663,0.012709158082693307,12.504231530865384,3.5736437933951376e-12,279826434254.08405,0.10576560237853896,0.21207090807819365
1305,creligionChristian,0.044191291858953895,0.010392322199565715,4.252301940830954,0.04488624562754791,22.27853958421225,7.281851304859199e-4,0.08765439858742187
1305,creligionMuslim,-0.0718335160860031,0.010379052872845509,-6.921008782404372,2.1455167190442335e-4,4660.881880451957,-0.11524112740618982,-0.02842590476581637
1305,clangFluent,0.06731695110370027,0.010441643639079857,6.446968832737563,6.571518155192996e-4,1521.718385895004,0.0236475706523396,0.11098633155506094
1305,clangNone,-0.04826157226467706,0.010499583961948382,-4.596522342178716,0.025772775544978706,38.8006327938874,-0.09217327261224167,-0.004349871917112454
1405,cconsistMinor inconsistencies,0.06908661158147142,0.010312668604421746,6.699198261044602,2.486851813074937e-4,4021.148323926556,0.026864240281218116,0.11130898288172472
1405,cconsistNo inconsistencies,0.09010118045622763,0.010320927882965193,8.72994962060927,8.176140148564283e-7,1223071.0112957133,0.04784499382274582,0.13235736708970944
1405,cgenderMale,-0.059671830332258986,0.008476410720932047,-7.039752118771518,1.0455745340331298e-4,9564.119701181573,-0.09437615124868862,-0.024967509415829363
1405,coriginEritrea,0.008469014007184446,0.015366184883293343,0.5511461739857273,1,0.828493274752011,-0.05444358296432761,0.0713816109786965
1405,coriginIraq,0.015221062901817758,0.015084278317600853,1.0090680230990765,1,0.9524736423501161,-0.04653734555213212,0.07697947135576763
1405,coriginKosovo,-0.011057071708689319,0.01520806800126496,-0.7270530160550062,1,0.8656736757939627,-0.07332230280838638,0.051208159391007736
1405,coriginPakistan,-0.004583190917732758,0.015313497562821635,-0.2992909293863673,1,0.7945529205433526,-0.06728007421773034,0.05811369238226483
1405,coriginSyria,0.03401332338926005,0.01490073884653944,2.282660191521935,0.464262287480544,2.1539548375268525,-0.026993633428584275,0.09502028020710437
1405,coriginUkraine,0.024511714428018107,0.015575427638949918,1.5737426282101534,0.7900765241488743,1.2657001814821291,-0.03925756917428824,0.08828099803032446
1405,cage38 Years,-0.0035004356736859426,0.010093135950570804,-0.34681348699043135,1,0.799332167808405,-0.0448239911989952,0.037823119851623316
1405,cage62 Years,-0.05245957251728181,0.010562413829825574,-4.966627265554518,0.011066795642685524,90.36039268159243,-0.09570445661630231,-0.009214688418261306
1405,cjobCleaner,-0.03473588734432866,0.013988903992906764,-2.483102847938759,0.38570113988458127,2.592680955776392,-0.09200958837442437,0.022537813685767044
1405,cjobDoctor,0.06466231916259832,0.013953445718299503,4.634147039236031,0.020314044938083992,49.2270250975589,0.007533792237631148,0.12179084608756549
1405,cjobFarmer,-0.02268082260628059,0.013903179230786818,-1.6313407336400296,0.7621743463129077,1.3120357629951689,-0.07960354729119419,0.03424190207863301
1405,cjobTeacher,-0.015517921053022153,0.014049113173554298,-1.1045480850871572,1,0.9907204686532834,-0.0730381319321684,0.04200228982612409
1405,cjobUnemployed,-0.0894874748754698,0.014490651830075045,-6.175531364968719,8.736695349083589e-4,1144.5975395089085,-0.1488154437476384,-0.030159506003301216
1405,cvulnerNo surviving family,0.008408159553512769,0.013444365700226573,0.6254039603646805,1,0.8427480911523483,-0.04663607994119617,0.0634523990482217
1405,cvulnerNone,-0.02495107709915807,0.01318201032497176,-1.8928127413078415,0.6370330392068987,1.5697772932546676,-0.07892117502183235,0.029019020823516217
1405,cvulnerPTSD,-0.02358070627095256,0.012908297822265744,-1.826786660459429,0.6682114208963853,1.4965323380114193,-0.07643016400221996,0.029268751460314837
1405,cvulnerVictim of torture,0.07097835180881457,0.013277249396227316,5.345862662561932,0.005274045321570633,189.60777525176744,0.016618323831845777,0.12533837978578335
1405,creasonEthnic persecution,0.18130999766112924,0.011947567989734505,15.175473185581616,6.988925497811907e-18,143083511236896160,0.1323939826947124,0.23022601262754608
1405,creasonPolitical persecution,0.1465996376505409,0.012356712785252176,11.863967399607168,1.1405242986518917e-11,87678973712.52919,0.09600849240169587,0.19719078289938594
1405,creasonReligious persecution,0.15582333587820674,0.012257664862785528,12.712318179891582,3.619355624289668e-13,2762922751467.0083,0.10563771497221824,0.20600895678419523
1405,creligionChristian,0.04070907629626218,0.009989703658819854,4.075103495219336,0.05151943358804984,19.410151283805153,-1.9100429794416396e-4,0.08160915689046852
1405,creligionMuslim,-0.07305150152093019,0.009959553550465013,-7.334816882180367,4.785519668803949e-5,20896.372164528817,-0.11382814082961368,-0.0322748622122467
1405,clangFluent,0.07102273052619534,0.010088030659521678,7.040296855081413,1.0440943750267909e-4,9577.678262794401,0.02972007720404421,0.11232538384834648
1405,clangNone,-0.04795052121886037,0.010216705889989389,-4.69334458045265,0.01828523302862569,54.68893934436009,-0.08977999970783825,-0.006121042729882495
1505,cconsistMinor inconsistencies,0.06938129682216337,0.010062811171468901,6.89482249442186,1.0319938690426045e-4,9689.980047339955,0.028960084267385035,0.10980250937694172
1505,cconsistNo inconsistencies,0.09427918275847477,0.01004656503342101,9.384220621162024,4.723868449760889e-8,21169090.770311728,0.053923229164441915,0.13463513635250762
1505,cgenderMale,-0.05773119490959631,0.00818825652236198,-7.050486846856039,6.78054451886609e-5,14748.078081599706,-0.09062252633812093,-0.024839863481071693
1505,coriginEritrea,-0.0012351037293705737,0.014878698483716337,-0.08301154369935689,1,0.7712267740117731,-0.06100120921428208,0.058531001755540935
1505,coriginIraq,0.016410993892151324,0.014630317271527575,1.1217114152465557,1,0.9948104199409561,-0.04235739141284053,0.07517937919714318
1505,coriginKosovo,-0.014678979128460253,0.014742007724713535,-0.9957245581856791,1,0.9422869265350488,-0.07389601277551477,0.04453805451859427
1505,coriginPakistan,-0.008014869567000696,0.014773005628701654,-0.542534794099655,1,0.8176961731264988,-0.06735641840613284,0.05132667927213145
1505,coriginSyria,0.022738821456913715,0.014556979195337941,1.5620563271943202,0.7906453743630046,1.2647895408300658,-0.035734972812282426,0.08121261572610985
1505,coriginUkraine,0.01781280359761177,0.01510369052559357,1.179367623259199,0.9784677998667084,1.0220060385597,-0.042857070326643876,0.07848267752186741
1505,cage38 Years,-2.570831180603348e-4,0.009714536715652233,-0.0264637548434109,1,0.7702554617320131,-0.0392793152521507,0.03876514901603002
1505,cage62 Years,-0.05134587415666478,0.010147768289230925,-5.05981933103009,0.007589783047968587,131.75607177172884,-0.0921083501672095,-0.010583398146120047
1505,cjobCleaner,-0.031482837124075624,0.013442936230966946,-2.3419613530228784,0.42649920808082037,2.344670238661974,-0.085481642576461625,0.022515968328310383
1505,cjobDoctor,0.06397285171916044,0.013412444266277565,4.769663936647634,0.013367520296556095,74.80819013662783,0.010096529155990998,0.11784917428232988
1505,cjobFarmer,-0.018097073643737242,0.013309753254814866,-1.3596851344475933,0.8915348778496144,1.1216611092232351,-0.07156089763855752,0.03536675035108303
1505,cjobTeacher,-0.010555551620433468,0.013562684201961918,-0.7782789500404756,1,0.8711794914284533,-0.0650353715831896,0.04392426834232267
1505,cjobUnemployed,-0.09042230559435134,0.013951831224080852,-6.481034936710135,3.024269129832921e-4,3306.584027643221,-0.14646528660903374,-0.034379324579668954
1505,cvulnerNo surviving family,0.004934484301594685,0.012983973086007046,0.3800442490837128,1,0.7931245038138596,-0.04722071636470196,0.057089684967891324
1505,cvulnerNone,-0.026665964444605804,0.012750880445052643,-2.091303777767929,0.534136241073909,1.872181520560087,-0.07788485745050566,0.02455292856129406
1505,cvulnerPTSD,-0.022128963502374296,0.012523445022576421,-1.7670028863848322,0.6883958897739361,1.452652485081502,-0.07243427327613891,0.028176346271390325
1505,cvulnerVictim of torture,0.067641539921045,0.012946012697762351,5.224893679637475,0.005423101028283239,184.396343491422,0.015638821985046555,0.11964425785704345
1505,creasonEthnic persecution,0.17794197177375692,0.011729878991725923,15.169975061061965,9.405358802319795e-19,1063223658998903800,0.13082433000475496,0.22505961354275889
1505,creasonPolitical persecution,0.14473284170778875,0.011949757254471236,12.111780902799019,1.1957637615701162e-12,836285587620.53,0.09673197299125119,0.1927337104243263
1505,creasonReligious persecution,0.15308871832146573,0.01183273443893774,12.937729576495842,3.295721658807915e-14,30342368182928.008,0.10555791746368415,0.2006195191792473
1505,creligionChristian,0.040649969400771,0.009617108224615688,4.226839134109404,0.03537288569541163,28.27024090176828,0.0020190968657005856,0.07928084193584142
1505,creligionMuslim,-0.06784023072061053,0.00968337761447527,-7.005843768727872,7.65514328089968e-5,13063.112776675209,-0.10673730015113542,-0.028943161290085645
1505,clangFluent,0.07622609553477662,0.00972939075308054,7.834621660214618,7.201412307277964e-6,138861.6506500218,0.03714419635596534,0.11530799471358791
1505,clangNone,-0.048185134900857275,0.009944659813237272,-4.845327623647654,0.011568505719747995,86.44158755032225,-0.08813174636421722,-0.008238523437497335
1605,cconsistMinor inconsistencies,0.06811851858669417,0.009756970215593169,6.981523678101435,5.616158742024664e-5,17805.764507993466,0.029594164862552515,0.10664287231083583
1605,cconsistNo inconsistencies,0.09160470553422037,0.00980823579268763,9.339570078700062,2.7593583655594063e-8,36240309.06899871,0.05287793516001014,0.1303314759084306
1605,cgenderMale,-0.05812528952304006,0.007902649784948573,-7.3551645466746844,1.9126048236377562e-5,52284.715987383606,-0.08932805728252556,-0.026922521763554558
1605,coriginEritrea,-0.0015594827477009403,0.014471025058473948,-0.10776587984606784,1,0.7618094722563747,-0.05869677801305048,0.05557781251764861
1605,coriginIraq,0.016620792454877943,0.014145599155457834,1.1749797426194633,0.9830361420694947,1.0172565963798572,-0.039231593425511586,0.07247317833526748
1605,coriginKosovo,-0.012724935345123497,0.014262082945606894,-0.8922213812424307,1,0.8991443869835064,-0.06903724501698462,0.04358737432673763
1605,coriginPakistan,-0.011351808244365116,0.014167343855967981,-0.8012658095810371,1,0.8703608974779905,-0.06729005074987171,0.04458643426114147
1605,coriginSyria,0.023115717414860362,0.014140310320128066,1.6347390468479484,0.7485476588450517,1.335920282675012,-0.032715786064688474,0.0789472208944092
1605,coriginUkraine,0.011879839881809191,0.01465923178405585,0.8103998938559883,1,0.873071670703226,-0.0460005695172693,0.06976024928088768
1605,cage38 Years,-0.004063230051597282,0.009408992225367884,-0.4318454042976333,1,0.7904936986794093,-0.041213629885602995,0.03308716978240843
1605,cage62 Years,-0.05211411434532883,0.009811741286101494,-5.311403228614416,0.003671883265048972,272.33981252033703,-0.09085472578549185,-0.013373502905165813
1605,cjobCleaner,-0.025358235887100004,0.013003674739278492,-1.9500822956224606,0.5898946666539203,1.6952179033459214,-0.07670185529971649,0.02598538352551647
1605,cjobDoctor,0.06584629767251604,0.012911986415766009,5.099625692923228,0.005780995164218438,172.98059790631135,0.014864699802378332,0.11682789554265374
1605,cjobFarmer,-0.010637565624008914,0.012881407687397928,-0.8258076975869495,1,0.8777334940579813,-0.061498426654527726,0.040223295406509894
1605,cjobTeacher,-0.004065490655766351,0.013144389110562576,-0.30929475851406446,1,0.7754640740495616,-0.055964705718839436,0.04783372440730674
1605,cjobUnemployed,-0.08302204357366569,0.01353761652192549,-6.1326928148100075,5.361879841232497e-4,1865.01754908804,-0.13647387502836855,-0.02957021211896283
1605,cvulnerNo surviving family,0.005440517223785086,0.01263860551038404,0.4304681572120506,1,0.7902953189404917,-0.04446166537012993,0.055342699817700104
1605,cvulnerNone,-0.021271574266518618,0.012362199268739585,-1.7206949834814795,0.7043944033000602,1.419659206994035,-0.0700823963674341,0.027539247834396863
1605,cvulnerPTSD,-0.019049850512571083,0.012164548261609032,-1.5660138052714927,0.7840829670686568,1.2753752370601321,-0.0670802687438036,0.02898056771866144
1605,cvulnerVictim of torture,0.07131411064174731,0.01257069727243702,5.6730433560048645,0.001624841355531637,615.4446996290335,0.02168005646491747,0.12094816481857715
1605,creasonEthnic persecution,0.17347888343937762,0.011267705447290718,15.396114519579498,4.222878328146163e-20,23680530725567898e3,0.12898955317401145,0.21796821370474379
1605,creasonPolitical persecution,0.14033244748485227,0.011509194998314579,12.193072365652222,2.510080626848324e-13,3983935772037.7593,0.09488962154626376,0.18577527342344077
1605,creasonReligious persecution,0.15006205141416779,0.011398941730257536,13.164559918386164,2.8645059897546812e-15,349100334779066.4,0.10505454871671042,0.19506955411162513
1605,creligionChristian,0.036377495302083236,0.009316519144478395,3.9046230397801547,0.05370948507533217,18.618685295482056,-4.0778445884339515e-4,0.07316277506300986
1605,creligionMuslim,-0.06727021202262472,0.009406723617909058,-7.151290370065922,3.46425779897487e-5,28866.21198618406,-0.10441165450262874,-0.030128769542620698
1605,clangFluent,0.07720631676152392,0.009530084286556566,8.10132570080556,1.916543164273312e-6,521772.7514001313,0.039577797870542636,0.11483483565250521
1605,clangNone,-0.047808112423887605,0.00977359273039253,-4.89155971019958,0.008876437816069397,112.65780493495454,-0.08639809837050874,-0.009218126477266476
1705,cconsistMinor inconsistencies,0.07336333378264719,0.009468005537029043,7.748552057318273,3.7405420876575977e-6,267340.9298881115,0.03655837869019783,0.11016828887509654
1705,cconsistNo inconsistencies,0.09477140981637924,0.009554376718958318,9.919161930084735,1.511948469913122e-9,661398202.3193296,0.0576307042366962,0.1319121153960623
1705,cgenderMale,-0.05832535732475586,0.007655914883534993,-7.618339311764276,5.664667274075012e-6,176532.8750333868,-0.08808617678964796,-0.028564537859863768
1705,coriginEritrea,-0.004891550094965661,0.014094266646351227,-0.34705956809977073,1,0.7701619440734148,-0.05968015884167519,0.04989705865174387
1705,coriginIraq,0.013605452966598233,0.013752204783232063,0.9893288517043636,1,0.9291671017140017,-0.03985345952447404,0.0670643654576705
1705,coriginKosovo,-0.015339376243067153,0.01379441213107104,-1.1119992716845235,1,0.9830167025702404,-0.06896236125561288,0.03828360876947857
1705,coriginPakistan,-0.01370913634440173,0.013744928963282842,-0.9973959400607506,1,0.9324278807451468,-0.06713976555813068,0.03972149286932723
1705,coriginSyria,0.022780836106475872,0.013688417700146177,1.6642417411204948,0.7278371860928661,1.3739336476721433,-0.030430117010336138,0.07599178922328788
1705,coriginUkraine,0.008799953248036466,0.014176425655912699,0.6207455575634598,1,0.8160995231706197,-0.04630803201841884,0.06390793851449178
1705,cage38 Years,-0.0040679195540067456,0.009135606920766717,-0.4452818065934628,1,0.7833854840490472,-0.039580742307022965,0.03144490319900947
1705,cage62 Years,-0.05233922614475789,0.009486594144339656,-5.5171777508777495,0.0018728081425874751,533.9575246711594,-0.08921644068558024,-0.015462011603935531
1705,cjobCleaner,-0.02887220380341842,0.012677862063888504,-2.2773716623450038,0.4297800815723016,2.3267713951321656,-0.07815482643231268,0.02041041882547584
1705,cjobDoctor,0.06367276225859633,0.0126051889919785,5.05131357404601,0.0053521166106558875,186.8419679064976,0.014672641486890188,0.11267288303030248
1705,cjobFarmer,-0.009388282795497506,0.012536010981241663,-0.7489051189844776,1,0.8480356853276635,-0.058119488052885825,0.03934292246189081
1705,cjobTeacher,-0.008801059809254252,0.01282565417420654,-0.6862074783642551,1,0.8315128227100239,-0.058658194352194194,0.04105607473368569
1705,cjobUnemployed,-0.08382346988534704,0.013167136725877328,-6.3661122103037835,2.2100289831680854e-4,4524.827536725315,-0.13500804872792796,-0.03263889104276613
1705,cvulnerNo surviving family,0.0029470654367682245,0.012278010787178982,0.24002792372895018,1,0.7596475297758003,-0.04478121628839539,0.05067534716193184
1705,cvulnerNone,-0.017333843782447882,0.012103477637662226,-1.4321374650629664,0.8514688372037965,1.1744411026056765,-0.06438366321637337,0.02971597565147761
1705,cvulnerPTSD,-0.020640963511594803,0.01184995094541571,-1.7418606715481801,0.6870387627020997,1.455521950562199,-0.06670524924611794,0.025423322222928337
1705,cvulnerVictim of torture,0.07534306419955894,0.012179088118833002,6.186264806069759,3.559215195031481e-4,2809.6081445032014,0.027999324324509356,0.12268680407460852
1705,creasonEthnic persecution,0.1668836856459193,0.01099522023875805,15.17783928125931,2.104644360505228e-20,4751396572102786e4,0.12414199252624417,0.20962537876559442
1705,creasonPolitical persecution,0.13618944532388882,0.011170213871419797,12.192196755725893,7.95927765979103e-14,12563954202173.855,0.09276749987795647,0.1796113907698212
1705,creasonReligious persecution,0.14833732423981733,0.011014672564032386,13.467247744086563,1.6332195548521533e-16,6122875500903029,0.10552001414301163,0.19115463433662302
1705,creligionChristian,0.03643132603476602,0.009094759086440385,4.005749430909329,0.040868812233139644,24.46853591671356,0.0010772909696239522,0.0717853610999081
1705,creligionMuslim,-0.06262025252432084,0.009136713510583405,-6.853695527586085,5.698907703632597e-5,17547.222239843963,-0.09813737692126298,-0.027103128127378695
1705,clangFluent,0.07645583787827136,0.009241506888964197,8.273092126303727,6.598221688766664e-7,1515559.8692636827,0.04053135043425379,0.11238032532228892
1705,clangNone,-0.04845385968194494,0.009521913876964975,-5.088668129960988,0.004935939105029207,202.59569227284518,-0.08546837253422986,-0.011439346829660024
1805,cconsistMinor inconsistencies,0.07159173966834573,0.00918899233278781,7.791032691679895,2.1312352023185005e-6,469211.46896979416,0.0363752027083731,0.10680827662831835
1805,cconsistNo inconsistencies,0.09589351068803663,0.009280240601168445,10.333084540498119,1.3110844241160644e-10,7627273893.320806,0.06032726748176601,0.13145975389430725
1805,cgenderMale,-0.05853145130884983,0.007417046274330426,-7.891477165434534,1.520497423032146e-6,657679.5099105263,-0.08695705825181912,-0.03010584436588054
1805,coriginEritrea,-0.0017947556303949783,0.013731617659417734,-0.13070241794593354,1,0.7435570220290497,-0.0544207676358252,0.05083125637503524
1805,coriginIraq,0.012215730811057741,0.013401576547824581,0.9115144600685556,1,0.8934926886642002,-0.03914540855286876,0.06357687017498424
1805,coriginKosovo,-0.013728731221431954,0.013460831312914714,-1.0199021815435878,1,0.9367083063583961,-0.06531696269179164,0.03785950024892773
1805,coriginPakistan,-0.01867425182118895,0.01343789098761198,-1.389671328514588,0.8732312756884258,1.1451719926220394,-0.07017456518424814,0.03282606154187023
1805,coriginSyria,0.02109156722077728,0.013361182629362478,1.5785703860095843,0.7695674492332415,1.2994312597243425,-0.03011476366459571,0.07229789810615027
1805,coriginUkraine,0.008307532256152479,0.01387377857122276,0.5987937758632036,1,0.8031495560255363,-0.04486330717142951,0.06147837168373447
1805,cage38 Years,-0.0036720013498748897,0.008874553715519703,-0.41376743750543105,1,0.7698877594360193,-0.037683461758945075,0.030339459059195297
1805,cage62 Years,-0.05339024356147709,0.009217082529560239,-5.79253178977713,7.700601933749891e-4,1298.5997829822106,-0.08871443535638951,-0.01806605176656468
1805,cjobCleaner,-0.03045857717731984,0.012360717291187292,-2.4641431771144555,0.3439035009333774,2.90779243969873,-0.07783065472097425,0.01691350036633458
1805,cjobDoctor,0.06324194307261698,0.012178208439302389,5.19304160277944,0.003280445640641147,304.83663183169074,0.016569325218899728,0.10991456092633423
1805,cjobFarmer,-0.011287260304941727,0.012166201602663414,-0.9277554879964122,1,0.8995355765209916,-0.057913862318079795,0.035339341708196345
1805,cjobTeacher,-0.009762135441881058,0.012493475175154286,-0.7813787040850707,1,0.8501572963751669,-0.0576430035860858,0.03811873270232369
1805,cjobUnemployed,-0.08775780440736689,0.012795485128409662,-6.8584976283954475,4.060329825462887e-5,24628.541103455744,-0.1367961166211621,-0.03871949219357167
1805,cvulnerNo surviving family,0.005909913176693164,0.011897003893515612,0.49675642956747496,1,0.7831347261363212,-0.03968499670629516,0.05150482305968149
1805,cvulnerNone,-0.013890454541151254,0.011770509287017077,-1.1801065019737493,0.9859782943568588,1.01422110985951,-0.05900057764625777,0.031219668563955263
1805,cvulnerPTSD,-0.020082825778570314,0.011509932656181367,-1.7448256543694813,0.6794996063205895,1.4716711984792492,-0.06419429677707018,0.02402864521992955
1805,cvulnerVictim of torture,0.07747764567021347,0.011847310156366806,6.539682396056507,1.0275089116768535e-4,9732.27568769248,0.03207318554140935,0.12288210579901758
1805,creasonEthnic persecution,0.16549117728658694,0.010743053850789427,15.404481778188817,1.011461033914748e-21,9886688329748213e5,0.1243187462628556,0.20666360831031827
1805,creasonPolitical persecution,0.1357228694342535,0.010820757847293144,12.542824758637872,4.745265054344518e-15,210736384279409.62,0.09425264017914844,0.17719309868935854
1805,creasonReligious persecution,0.1487811791855608,0.010778947149920991,13.802941708147383,7.175286641316755e-18,1.3936725457653459e+17,0.1074711881716038,0.19009117019951782
1805,creligionChristian,0.04061665075023099,0.008823832424873477,4.603062342360087,0.01178119710521339,84.88101769874321,0.006799578163242975,0.07443372333721901
1805,creligionMuslim,-0.06323055018718043,0.008954787664003804,-7.0610887225559535,2.203702909437934e-5,45378.167615845065,-0.09754950479255686,-0.028911595581804
1805,clangFluent,0.07496050923431438,0.008956052849777353,8.369815418873717,2.888481373040889e-7,3462026.826045397,0.04063670584248326,0.1092843126261455
1805,clangNone,-0.0480495261851327,0.009167366628042408,-5.2413662652208295,0.0029350657917128526,340.7078651604664,-0.08318318328158271,-0.012915869088682697
1905,cconsistMinor inconsistencies,0.0727877295428962,0.008864986990268995,8.21069784115809,3.2248392513858667e-7,3100929.758189505,0.03925148665031957,0.10632397243547281
1905,cconsistNo inconsistencies,0.09970542606662403,0.009061258793966964,11.003485093374493,3.0088273075279852e-12,332355398895.1222,0.06542668700467857,0.13398416512856948
1905,cgenderMale,-0.057414076325930825,0.007209621895195716,-7.963535003713566,7.79314044404809e-7,1283179.7491391767,-0.08468807360379774,-0.030140079048063914
1905,coriginEritrea,9.525931064770864e-5,0.013235124679492349,0.007197462279695158,1,0.7316120351294781,-0.049973213034794794,0.05016373165609021
1905,coriginIraq,0.016936762436195976,0.01300034051643694,1.3027937548852688,0.9214290110399578,1.0852708000493323,-0.0322435214969906,0.06611704636938255
1905,coriginKosovo,-0.01178066007250254,0.013119569965479276,-0.8979455960447082,1,0.8823986568940473,-0.061411988972525616,0.03785066882752053
1905,coriginPakistan,-0.018285430587832184,0.013057188360189452,-1.400411029037715,0.8666749886175004,1.1538350744322003,-0.0676807698953917,0.031109908719727325
1905,coriginSyria,0.022083194924799064,0.013004918044831202,1.698064905036139,0.6997011214824608,1.4291816452734767,-0.02711440579680989,0.07128079564640802
1905,coriginUkraine,0.009310064681817519,0.013470088710687523,0.6911658031198168,1,0.81752766651856,-0.04164727651699498,0.060267405880630016
1905,cage38 Years,-0.004191093495702013,0.008658638219192659,-0.48403610239911327,1,0.7725570977695984,-0.036946719054604386,0.028564532063200358
1905,cage62 Years,-0.05201653944254783,0.00894316436806785,-5.816346127806424,5.830985800668536e-4,1714.9758791821234,-0.08584852732983737,-0.01818455155525829
1905,cjobCleaner,-0.02892335653701384,0.012082452850909189,-2.393831525263299,0.361772593567068,2.7641673741507806,-0.07463127173090858,0.01678455865688091
1905,cjobDoctor,0.06146946429944237,0.011922468553915808,5.155766527834823,0.0030206531503797897,331.054229074354,0.01636676964888937,0.10657215894999536
1905,cjobFarmer,-0.013581834330466717,0.011805089292513095,-1.1505067004516816,1,0.9950838342117745,-0.058240483273420414,0.03107681461248698
1905,cjobTeacher,-0.007506683967071151,0.012166792218133552,-0.6169813565060384,1,0.799294721876764,-0.05353365495966557,0.038520287025523264
1905,cjobUnemployed,-0.0896104339006647,0.012513426239174837,-7.161142934628734,1.1545762755714203e-5,86611.86109207745,-0.13694872128179206,-0.04227214651953734
1905,cvulnerNo surviving family,0.004669538580263354,0.011564224291089761,0.4037917687104387,1,0.7598678291932999,-0.03907791814087202,0.04841699530139872
1905,cvulnerNone,-0.016985713785413775,0.011461900566253439,-1.4819282096569357,0.8206749764211322,1.218509189059088,-0.060346079888869635,0.026374652318042084
1905,cvulnerPTSD,-0.02571785146750491,0.011206729712650782,-2.2948578333671383,0.4027969253612921,2.482640598865152,-0.0681129063150144,0.016677203380004578
1905,cvulnerVictim of torture,0.07529272433156309,0.011515332157114791,6.538476120729457,7.798987773070493e-5,12822.176788800067,0.03173022653730723,0.11885522212581895
1905,creasonEthnic persecution,0.16401378069877492,0.010469381473748613,15.666043033204042,3.801413905686484e-23,26306001524961894e6,0.12440811399852164,0.2036194473990282
1905,creasonPolitical persecution,0.13505433317744295,0.010532795789156411,12.822268263900298,3.6706296952050737e-16,2724328202614105.5,0.09520877014268665,0.17489989621219926
1905,creasonReligious persecution,0.14839439084579617,0.010500260355935973,14.132448702751104,2.9401147014728174e-19,3401227848352519e3,0.10867190934430028,0.18811687234729207
1905,creligionChristian,0.03500308228920337,0.008617500414189983,4.0618602386796105,0.030254881463856697,33.05251753158006,0.0024030810332076463,0.06760308354519909
1905,creligionMuslim,-0.0656680948830282,0.008718197800346428,-7.532301558978026,3.4272841887031416e-6,291776.21257558814,-0.09864903431800795,-0.03268715544804846
1905,clangFluent,0.07493084361741817,0.008756739823502429,8.556933873530127,8.997797519622466e-8,11113830.888272295,0.04180409972141104,0.1080575875134253
1905,clangNone,-0.050190698280320224,0.008906018304969118,-5.635593433747638,9.318333084052034e-4,1073.1533107691346,-0.08388216262302368,-0.016499233937616764
2005,cconsistMinor inconsistencies,0.07330286130541588,0.008659221916248214,8.465294227864742,8.010073930411809e-8,12484279.279911572,0.04093341915217324,0.10567230345865852
2005,cconsistNo inconsistencies,0.10062115595403218,0.008834051495100675,11.390148224722962,2.0575213381778695e-13,4860216909758.005,0.06759817518102952,0.13364413672703485
2005,cgenderMale,-0.0551674886445305,0.006991843453245492,-7.890263707051781,6.785263921113891e-7,1473782.0247319676,-0.08130402543655868,-0.029030951852502318
2005,coriginEritrea,-7.776817961335814e-4,0.012944013404936002,-0.06008042264828189,1,0.7234624524263733,-0.04916430327255943,0.04760893968029228
2005,coriginIraq,0.017122278797627573,0.012692701684070053,1.3489861515548618,0.8959956060931893,1.1160769017164058,-0.030324902589413574,0.06456946018466872
2005,coriginKosovo,-0.009495946288302052,0.01287725726296602,-0.7374199407828597,1,0.8230811918873424,-0.05763302351043222,0.038641130933828115
2005,coriginPakistan,-0.014976291275179387,0.012782316272561973,-1.1716414267832596,0.9968360270076634,1.0031740154916293,-0.06275846514380053,0.032805882593441756
2005,coriginSyria,0.021339704996728562,0.012741682244274258,1.6747949436832021,0.7084069122388837,1.4116180724995344,-0.02629057291162802,0.06896998290508514
2005,coriginUkraine,0.010930064278758382,0.013108209680913181,0.833833494033408,1,0.8533966405686696,-0.038070346970978185,0.059930475528494946
2005,cage38 Years,-0.0036347377092116597,0.008445145156864394,-0.43039375187734547,1,0.7555390600746554,-0.0352039295228452,0.02793445410442188
2005,cage62 Years,-0.04986052534422497,0.00873554521853817,-5.707774855130196,6.346438146076097e-4,1575.68698690979,-0.08251527520089803,-0.017205775487551908
2005,cjobCleaner,-0.027589474506950304,0.011758915730813842,-2.3462600752085514,0.37244816963189914,2.684937345747538,-0.07154602697954812,0.016367077965647507
2005,cjobDoctor,0.05814491120909349,0.011621076464274079,5.003401482456864,0.00370147843918839,270.16231930808345,0.014703622140974572,0.10158620027721241
2005,cjobFarmer,-0.012628193624233387,0.0115221954671354,-1.0959884911042006,1,0.9629343979309758,-0.05569985101552352,0.030443463767056752
2005,cjobTeacher,-0.0034005732592597045,0.011831194790188316,-0.28742433199391,1,0.7372444967819854,-0.04762731546182883,0.04082616894330943
2005,cjobUnemployed,-0.08809631370768824,0.01213676781210593,-7.2586305572902,6.057510711767984e-6,165084.31393398784,-0.13346533270512664,-0.04272729471024983
2005,cvulnerNo surviving family,0.0031653214058303433,0.011275207600806421,0.28073287143768016,1,0.7365753201657702,-0.038983059098804757,0.04531370191046544
2005,cvulnerNone,-0.017169422161368682,0.011130977287848086,-1.5424900902558565,0.7840691193388826,1.2753977619258716,-0.05877864859220777,0.02443980426947041
2005,cvulnerPTSD,-0.026399133496325684,0.010880973701098754,-2.4261738169314677,0.34015091732443076,2.9398715366280057,-0.06707380983505998,0.014275542842408607
2005,cvulnerVictim of torture,0.07839653268562087,0.011230022141439765,6.9809775705010235,1.5035117566796331e-5,66510.95314401848,0.03641706205848783,0.12037600331275392
2005,creasonEthnic persecution,0.16090498012600327,0.010274560941004172,15.660521267031134,7.263867601197468e-24,13766770746690748e7,0.122497163667836,0.19931279658417053
2005,creasonPolitical persecution,0.13527679959086947,0.010229935090168582,13.22362247643941,1.3434907697252678e-17,74432963927581820,0.09703580111139973,0.1735177980703392
2005,creasonReligious persecution,0.1470409510104289,0.010265927381319243,14.323201942573368,2.4744399022093127e-20,4041318599442025e4,0.10866540806522862,0.1854164939556292
2005,creligionChristian,0.034588604616842523,0.00843599339008323,4.100122299467718,0.025588353380220252,39.08027942012862,0.0030536234503419496,0.0661235857833431
2005,creligionMuslim,-0.06622799051338162,0.008486374901263617,-7.804037799876164,9.23882003325075e-7,1082389.3055617213,-0.09795130516151826,-0.034504675865244964
2005,clangFluent,0.07823674328293077,0.00848518020117951,9.220398557010636,3.953935400208656e-9,252912579.1855953,0.0465178945990155,0.10995559196684604
2005,clangNone,-0.04946316381168836,0.008669158561375363,-5.70564760830041,6.38245318431945e-4,1566.7956679366198,-0.08186975060249214,-0.017056577020884575
2105,cconsistMinor inconsistencies,0.07192359788785253,0.008431807322167554,8.530033377157771,4.0053892176766175e-8,24966362.709191695,0.040748651739941494,0.10309854403576357
2105,cconsistNo inconsistencies,0.09911173136717699,0.008630034520612968,11.484511577612711,5.605551735883658e-14,17839457150998.184,0.06720387921222992,0.13101958352212406
2105,cgenderMale,-0.055380098868367145,0.00683002668669028,-8.108328328538851,2.0574302923209877e-7,4860431.985143466,-0.08063277673572954,-0.030127421001004753
2105,coriginEritrea,0.0026055911813646303,0.012597186430587945,0.20683913790763991,1,0.7219077495152608,-0.04397002346252168,0.049181205825250936
2105,coriginIraq,0.020775648031374664,0.012408615587561136,1.6742921790728174,0.7049580996864229,1.4185240235480898,-0.02510276307692187,0.06665405913967119
2105,coriginKosovo,-0.010723841891632299,0.012534704858927234,-0.8555320617696686,1,0.8546185214666353,-0.05706844323583865,0.03562075945257405
2105,coriginPakistan,-0.014154005553249622,0.012508286705069049,-1.131570285122553,1,0.9774183055976348,-0.06040093097906883,0.032092919872569584
2105,coriginSyria,0.021953120728423554,0.012398700574280476,1.770598507230871,0.6500485416379064,1.5383466555902612,-0.023888631571948395,0.0677948730287955
2105,coriginUkraine,0.011568632738020683,0.01271036874133603,0.9101728654336951,1,0.8750440102155391,-0.03542545119811229,0.05856271667415365
2105,cage38 Years,-6.374998594758215e-5,0.008193848224472836,-0.007780225383865175,1,0.7143928276399649,-0.030358889258227682,0.030231389286332518
2105,cage62 Years,-0.0500699070999417,0.008499694302836149,-5.890789164409659,3.162147687343636e-4,3162.4076383353577,-0.08149585198224313,-0.01864396221764026
2105,cjobCleaner,-0.031409000780375236,0.011491226990912172,-2.7333026147003294,0.22565626272147876,4.431518930339958,-0.0738955483172581,0.011077546756507628
2105,cjobDoctor,0.05465299178758906,0.011381382007882336,4.801964449461266,0.005166935396099217,193.53832075294594,0.012572574431310587,0.09673340914386754
2105,cjobFarmer,-0.016519064347027844,0.01129401464327181,-1.4626388285115917,0.8292152528057156,1.2059594859313316,-0.05827645808775744,0.025238329393701756
2105,cjobTeacher,-0.006554267009199899,0.011571897052868273,-0.5663952054927176,1,0.7727754049426224,-0.049339076204721284,0.036230542186321484
2105,cjobUnemployed,-0.09184842896003675,0.011885651511728539,-7.727673057669783,8.446616148750772e-7,1183906.0546724347,-0.13579328344417857,-0.04790357447589494
2105,cvulnerNo surviving family,0.0013996815440912704,0.01094256766122944,0.12791161886533045,1,0.7172509534465947,-0.039058306230587356,0.0418576693187699
2105,cvulnerNone,-0.016332357525478847,0.010861883956658807,-1.5036394782570295,0.8049149920156106,1.2423672187989336,-0.056492033200639905,0.02382731814968221
2105,cvulnerPTSD,-0.030658975840314878,0.010631947411976119,-2.8836651134842675,0.1836999351124679,5.443660061108693,-0.06996850644882173,0.008650554768191973
2105,cvulnerVictim of torture,0.07595237261417845,0.01096349871571355,6.927749487973115,1.3396186718208776e-5,74648.1085278357,0.035416996389855626,0.11648774883850127
2105,creasonEthnic persecution,0.16173397749107907,0.010011460447894591,16.15488352901516,5.684695683827042e-26,17591091161572638e9,0.12471857516985735,0.19874937981230079
2105,creasonPolitical persecution,0.1335166115905685,0.009991726805822474,13.362716393803364,1.962044616491425e-18,509672405813188860,0.09657417052253894,0.17045905265859804
2105,creasonReligious persecution,0.146723683557456,0.010031225589876878,14.626695635827772,1.01540337665713e-21,9848302881286053e5,0.10963520351833106,0.18381216359658092
2105,creligionChristian,0.03125400895205551,0.008248313921441373,3.789139119791642,0.04232160224683373,23.628595017921718,7.574934973004453e-4,0.06175052440681057
2105,creligionMuslim,-0.06879734752037035,0.0082954998102828,-8.29333362591265,1.0128657852309007e-7,9872976.405971026,-0.09946832350148321,-0.03812637153925749
2105,clangFluent,0.07441481519220176,0.00828077960947402,8.98645039496812,6.267579983820528e-9,159551214.75616658,0.04379826425307175,0.10503136613133178
2105,clangNone,-0.0530042345908259,0.008449311546327706,-6.27320158573901,1.0423935409590478e-4,9593.305797731211,-0.0842438991584901,-0.02176457002316171
2205,cconsistMinor inconsistencies,0.07233625490838905,0.00822157645421245,8.798343640206188,8.655087369710286e-9,115538983.869723,0.042245584792711094,0.102426925024067
2205,cconsistNo inconsistencies,0.0958608932148323,0.008439205326713554,11.35899524939785,4.898913175970635e-14,20412690816915.066,0.06497370935917417,0.1267480770704904
2205,cgenderMale,-0.054416232088985765,0.006661715273725558,-8.168501632546288,1.111888097531161e-7,8993710.807952728,-0.07879786714676627,-0.030034597031205257
2205,coriginEritrea,0.006367413297182919,0.012314261447028074,0.5170763447384521,1,0.7551793148746045,-0.03870233469875997,0.05143716129312581
2205,coriginIraq,0.01879683497853898,0.012179055040038488,1.54337384277718,0.779616104776563,1.282682584252924,-0.025778062496593483,0.06337173245367145
2205,coriginKosovo,-0.006791500802784623,0.012313708969588,-0.5515398179019865,1,0.7621839018165327,-0.05185922675143668,0.03827622514586743
2205,coriginPakistan,-0.011684275834708649,0.01225556474541245,-0.9533853459574232,1,0.8869262474708793,-0.056539196042449294,0.03317064437303199
2205,coriginSyria,0.02108559318256822,0.012105526753306818,1.7418154213577162,0.6622465836413951,1.5100115647278258,-0.023220193443503175,0.06539137980863961
2205,coriginUkraine,0.012898816246954473,0.012361809368469387,1.043440799196823,1,0.9278046367116503,-0.03234495540816678,0.05814258790207572
2205,cage38 Years,-7.123869773136075e-4,0.008063733483852378,-0.08834455884983823,1,0.7075989887393995,-0.03022535757543126,0.028800583620804045
2205,cage62 Years,-0.05153796812637678,0.00831786315550704,-6.196058670700159,1.0574094526239759e-4,9457.074527927536,-0.08198104405878807,-0.02109489219396549
2205,cjobCleaner,-0.033085856156283906,0.011200640506488972,-2.953925370349666,0.159837050745709,6.256371694388549,-0.07407979210543814,0.007908079792870316
2205,cjobDoctor,0.051517432043399446,0.011084007884872071,4.6479064773774335,0.006542086429097469,152.856433622195,0.010950367237674494,0.0920844968491244
2205,cjobFarmer,-0.021867326051434256,0.011003499423750741,-1.98730651125716,0.5267019301199909,1.898607054225498,-0.062139732824285046,0.01840508072141653
2205,cjobTeacher,-0.0061233020443194446,0.01131136905969496,-0.5413404877874769,1,0.760057042053981,-0.04752250046174404,0.035275896373105145
2205,cjobUnemployed,-0.09544492529864006,0.011558067400301887,-8.257861975795981,7.82158472010733e-8,12785132.882716862,-0.13774703064962296,-0.05314281994765715
2205,cvulnerNo surviving family,0.0029382081006813342,0.01067920586811461,0.2751335761261121,1,0.7197478621632754,-0.0361472960802356,0.04202371228159827
2205,cvulnerNone,-0.01879761315401426,0.010652938510830436,-1.7645472312548736,0.6491695447473492,1.5404296275007645,-0.05778697976481302,0.020191753456784502
2205,cvulnerPTSD,-0.033486182032800224,0.01043689244732877,-3.2084437203691523,0.10813821873370136,9.24742437696867,-0.07168482792685754,0.0047124638612570935
2205,cvulnerVictim of torture,0.07302411485677526,0.010679163143374661,6.837999745521196,1.3768618308194357e-5,72628.92888859099,0.03393876704684907,0.11210946266670146
2205,creasonEthnic persecution,0.16337662722871985,0.009771047560447034,16.720482242872762,2.194391396381363e-28,4557072187072183e12,0.12761494934815143,0.19913830510928826
2205,creasonPolitical persecution,0.13442833385254516,0.009783031820887083,13.740968680643192,6.723331202155399e-20,14873579330427976e3,0.09862279401563659,0.17023387368945372
2205,creasonReligious persecution,0.14535347211578545,0.009809540472229006,14.817561793774527,7.917793207334805e-23,1262978173102109e7,0.1094509115813034,0.1812560326502675
2205,creligionChristian,0.031674136003066386,0.008055090301817683,3.932188816793142,0.029929318052570427,33.41205430219004,0.0021927991361199023,0.06115547287001287
2205,creligionMuslim,-0.06935041307949828,0.008131282828274971,-8.52884034956275,2.6352580208322383e-8,37946948.347934105,-0.09911061181578026,-0.03959021434321631
2205,clangFluent,0.07259531748731946,0.0080707414425277655,8.994875874078618,3.768238758790918e-9,265375965.8055376,0.04305669801591579,0.10213393695872312
2205,clangNone,-0.053448682464298465,0.008246394220333964,-6.48146099206665,4.373010660795548e-5,22867.54086755594,-0.08363018469928218,-0.023267180229314746
2305,cconsistMinor inconsistencies,0.0728543501799303,0.008047529688040915,9.053007942076436,1.857044880491434e-9,538489947.3917764,0.043676375202643475,0.10203232515721714
2305,cconsistNo inconsistencies,0.09597833467066627,0.008247337320213245,11.637493525993506,5.1587556099029064e-15,193845197489171.44,0.06607591600472068,0.12588075333661186
2305,cgenderMale,-0.05584743785227183,0.006499023262155627,-8.593204793938234,1.3433981672570236e-8,74438094.70440319,-0.07941098411688274,-0.032283891587660915
2305,coriginEritrea,0.011495130333840286,0.01202123532550125,0.9562353637196577,1,0.8826728350218318,-0.03209033217707089,0.05508059284475147
2305,coriginIraq,0.023295003318618963,0.01188980711923863,1.9592414818004777,0.5360720609430993,1.8654208507727914,-0.01981393918400456,0.06640394582124248
2305,coriginKosovo,-0.003798233514191765,0.011998430574977549,-0.31656086106068687,1,0.716489046687159,-0.04730101270911187,0.03970454568072834
2305,coriginPakistan,-0.006363229399635475,0.012062292265245422,-0.5275306931477346,1,0.7499419942611242,-0.05009755229465678,0.03737109349538583
2305,coriginSyria,0.02442857503114825,0.011806322567199483,2.069109571765904,0.4787302882944936,2.088858851113353,-0.01837767704785271,0.06723482711014922
2305,coriginUkraine,0.016791593803897532,0.012076295939935634,1.3904589525972673,0.8727465251643564,1.145808056711173,-0.026993502295515705,0.06057668990331077
2305,cage38 Years,1.3955588797183747e-5,0.007922674665967045,0.001761474424430417,1,0.6983233035984675,-0.028711331812167475,0.028739242989761844
2305,cage62 Years,-0.05110274953120378,0.008165692689813115,-6.258225905924136,7.09799145195886e-5,14088.492593549492,-0.08070914878806475,-0.021496350274342813
2305,cjobCleaner,-0.038241869562341387,0.010973357078585775,-3.484974496726204,0.06448317279402234,15.50792178285466,-0.07802803384721693,0.0015442947225341591
2305,cjobDoctor,0.0475819524190932,0.010932041893572393,4.352521960885413,0.011486586931994724,87.0580622355803,0.007945584839695347,0.08721831999849106
2305,cjobFarmer,-0.022932002200089598,0.010839405830606889,-2.1156143204212565,0.45550321689274387,2.1953741772046964,-0.062232498669720866,0.01636849426954167
2305,cjobTeacher,-0.006843899837534306,0.011080729426525937,-0.6176398298428649,1,0.770035213332595,-0.04701936466591779,0.033331564990849175
2305,cjobUnemployed,-0.09422171433974319,0.011333276713861015,-8.313722211027157,4.2727095989780746e-8,23404352.129130773,-0.13531284132982022,-0.05313058734966616
2305,cvulnerNo surviving family,0.0035703901663365657,0.010392128016733226,0.34356679984961547,1,0.7197698473158777,-0.03410840854423017,0.04124918887690329
2305,cvulnerNone,-0.021069105612626683,0.010431295123292291,-2.019797672638076,0.504048829844355,1.983934771376792,-0.05888991272818401,0.016751701502930642
2305,cvulnerPTSD,-0.030808537736409736,0.010202541433934887,-3.019692488965231,0.1393170783788232,7.177870880128967,-0.06779995127620292,0.0061828758033834405
2305,cvulnerVictim of torture,0.073622765815787,0.010401811694036363,7.077879121576187,4.664158464476347e-6,214400.94877056708,0.03590885694036323,0.11133667469121078
2305,creasonEthnic persecution,0.1623049396270343,0.009528268517234702,17.03404341863977,4.1505766599588906e-30,24093037713219938e13,0.12775824130470428,0.1968516379493643
2305,creasonPolitical persecution,0.13531148437565935,0.009556074954590972,14.15973451638242,1.5616613137801386e-21,6403437103653493e5,0.10066396809243452,0.16995900065888417
2305,creasonReligious persecution,0.1415531550214167,0.009623715084088392,14.708784890718253,4.4066105378729307e-23,2269317860985055e7,0.10666039552910261,0.17644591451373076
2305,creligionChristian,0.034860216631934934,0.007866623600743848,4.431407729821806,0.009638684842558058,103.7485939559577,0.00633815390263108,0.06338227936123879
2305,creligionMuslim,-0.06609592565248627,0.007975771888115234,-8.287088269284178,4.7621125197023434e-8,20999083.828084458,-0.09501372795917482,-0.03717812334579773
2305,clangFluent,0.07238494726170297,0.007883191832306435,9.182187723132554,1.0474720753568039e-9,954679388.1444206,0.04380281299930873,0.10096708152409721
2305,clangNone,-0.051686924237411246,0.00808682906294211,-6.391494593878155,4.65855695643935e-5,21465.874719375002,-0.08100738718578243,-0.022366461289040053
2405,cconsistMinor inconsistencies,0.07536069125501937,0.007878442591752617,9.56543001708347,1.122267848776924e-10,8910528810.834467,0.04704420686995134,0.10367717564008741
2405,cconsistNo inconsistencies,0.09712392272639099,0.008086545600484567,12.010557724496238,2.931945501771146e-16,3410704596643813.5,0.06805948015940859,0.12618836529337338
2405,cgenderMale,-0.05662808032177382,0.006369589560084766,-8.890381364073358,2.4786880732906235e-9,403439226.89410186,-0.07952148612081376,-0.033734674522733876
2405,coriginEritrea,0.010943521616447868,0.01177748478161618,0.929190045189439,1,0.8656484681507159,-0.031386794309586206,0.053273837542481946
2405,coriginIraq,0.02087554943474829,0.011663875829677215,1.7897609456397992,0.6268641351744465,1.5952420052260856,-0.021046436281841694,0.06279753515133828
2405,coriginKosovo,-0.005376265219013159,0.011782506696467498,-0.45629214202993085,1,0.7293459210091179,-0.04772463077501083,0.03697210033698451
2405,coriginPakistan,-0.005084149283013599,0.011869299495662936,-0.42834451054768286,1,0.7246448393550922,-0.0477444631605903,0.037576164594563095
2405,coriginSyria,0.02187837837328773,0.01160241003548065,1.8856753300721785,0.5717522518863829,1.749009289776645,-0.019822688655209655,0.06357944540178512
2405,coriginUkraine,0.01851806126988469,0.011835467682939726,1.564624378686582,0.7635156788665174,1.309730798828594,-0.024020655225273028,0.06105677776504241
2405,cage38 Years,-4.674351887062637e-5,0.007763699764011417,-0.006020778789940547,1,0.6906953214182565,-0.027950822348882198,0.027857335311140947
2405,cage62 Years,-0.04969387662544488,0.007986177706040364,-6.222485706504979,6.51211041671466e-5,15356.004981630776,-0.07839757963220423,-0.020990173618685538
2405,cjobCleaner,-0.0365447761556586,0.01074635319576269,-3.400667695350669,0.07105387600511853,14.073827583001421,-0.07516902694131378,0.0020794746299965736
2405,cjobDoctor,0.0542810411228296,0.010738370214877046,5.054867734735771,0.0019078326206752477,524.154996178892,0.01568548255025614,0.09287659969540307
2405,cjobFarmer,-0.020619980340000912,0.01062761363612263,-1.9402267570129592,0.5414407804089484,1.8469240518689842,-0.05881746062535983,0.017577499945358004
2405,cjobTeacher,-6.116029538053084e-4,0.010824862772332557,-0.056499834378364075,1,0.691265761176482,-0.03951803072725071,0.03829482481964009
2405,cjobUnemployed,-0.09154923994065212,0.011098746376882185,-8.24861086395685,3.883847233159248e-8,25747665.651271444,-0.13144005272690124,-0.05165842715440301
2405,cvulnerNo surviving family,0.006697896077877623,0.01015747397251355,0.6594056845237648,1,0.7738783458888403,-0.029809820997513406,0.04320561315326865
2405,cvulnerNone,-0.01980904315742121,0.010217418490640595,-1.9387522568021245,0.542249586280122,1.8441692263152925,-0.05653221119177357,0.016914124876931152
2405,cvulnerPTSD,-0.029709020255095402,0.009960904711722044,-2.982562439346867,0.14219531294965676,7.032580605199293,-0.06551023343216344,0.006092192921972644
2405,cvulnerVictim of torture,0.07714906401722614,0.01014884566420838,7.601757536751728,5.132538171923515e-7,1948353.7511134208,0.04067235857320102,0.11362576946125126
2405,creasonEthnic persecution,0.16147514707069516,0.009330867037725243,17.30548151825995,9.902109627022508e-32,10098858098591792e15,0.1279383981897065,0.1950118959516838
2405,creasonPolitical persecution,0.13631750096376327,0.009358750236898895,14.565780420798289,3.3846221887335527e-23,2954539515012093e7,0.10268053504561134,0.1699544668819152
2405,creasonReligious persecution,0.1408184410218424,0.009416680348565009,14.954149000427893,2.4255693916243906e-24,4122743317313653e8,0.10697326426971981,0.174663617773965
2405,creligionChristian,0.03611503722157046,0.007701621900952646,4.689276841427809,0.00477965644433252,209.22005831313473,0.008434076960932256,0.06379599748220866
2405,creligionMuslim,-0.06616857075211818,0.00781476422158579,-8.467123111577525,1.5543367736774417e-8,64336121.806735404,-0.09425618406863479,-0.03808095743560158
2405,clangFluent,0.07186649064287268,0.007754120296748179,9.268168134173917,4.496453746454663e-10,2223974839.70223,0.043996842073920656,0.0997361392118247
2405,clangNone,-0.053252417078964005,0.007898837341121455,-6.741804493394389,1.1701857429453098e-5,85456.51884999391,-0.08164220371829288,-0.024862630439635127
2505,cconsistMinor inconsistencies,0.07790890886520242,0.007750415465946265,10.052223549501079,6.2998149415823185e-12,158734821462.6811,0.05027820302596851,0.10553961470443633
2505,cconsistNo inconsistencies,0.09974639741551841,0.00795033832616588,12.546182731272769,5.4753133107413065e-18,182637950240807200,0.07140295433457948,0.12808984049645733
2505,cgenderMale,-0.056197715575054236,0.006242165128950011,-9.002920367232772,9.915999319661542e-10,1008471226.9162725,-0.07845141658447277,-0.033944014565635706
2505,coriginEritrea,0.011850603669600645,0.011475891402884122,1.032652127278091,1,0.9079598955302289,-0.029061652065501514,0.05276285940470281
2505,coriginIraq,0.020422812356314782,0.011408138059904063,1.7901968094245284,0.6231543531143569,1.6047388500172879,-0.020247898561256986,0.06109352327388655
2505,coriginKosovo,-0.004852363615662134,0.011526757458961152,-0.42096518755929935,1,0.7163622861408985,-0.04594595995616045,0.036241232724836175
2505,coriginPakistan,-0.0019422237588752028,0.011562981778353708,-0.1679691100535254,1,0.6884598612004297,-0.04316496201670168,0.03928051449895127
2505,coriginSyria,0.023615223287790775,0.011360493343015553,2.078714592294484,0.46303067313095597,2.1596841376363343,-0.016885631295894862,0.06411607787147641
2505,coriginUkraine,0.02127211330309509,0.011541069195447434,1.8431666029249896,0.5920392330753624,1.6890772505150973,-0.019872505254552555,0.06241673186074273
2505,cage38 Years,-0.0021786677297465033,0.007599293072900149,-0.2866934738332245,1,0.6984409089222591,-0.029270612981715752,0.02491327752222275
2505,cage62 Years,-0.052759657333574315,0.007812228443611097,-6.7534708840627395,8.975632536001326e-6,111412.76071507973,-0.08061073022414998,-0.02490858444299865
2505,cjobCleaner,-0.037400227344936504,0.010556249300990462,-3.542946578708344,0.05212427650956516,19.18491856316688,-0.07503390265987327,2.334479700002584e-4
2505,cjobDoctor,0.05232200848280458,0.01056253673596853,4.953545705041936,0.002208081785946396,452.88177565007834,0.01466591807707357,0.08997809888853558
2505,cjobFarmer,-0.019542058215809108,0.010390059598704378,-1.8808417824904458,0.5703419354217192,1.753334163058842,-0.056583257063187106,0.01749914063156889
2505,cjobTeacher,0.001725665669978831,0.010628224500736182,0.1623663171453802,1,0.6881201753499478,-0.03616460564044129,0.039615936980398954
2505,cjobUnemployed,-0.09157314490370867,0.010835760382864148,-8.451012357981261,1.158179335005938e-8,86342414.32004768,-0.13020329434522504,-0.052942995462192305
2505,cvulnerNo surviving family,0.008699210524359938,0.009926464195162955,0.8763654765005809,1,0.8385588167130089,-0.026689242314761323,0.044087663363481196
2505,cvulnerNone,-0.017449436087384054,0.010004086885535881,-1.7442307615913266,0.6506925014117453,1.5368242262365028,-0.053114618571976316,0.018215746397208205
2505,cvulnerPTSD,-0.029880163017295406,0.009758888701762624,-3.061840741343687,0.120970440064997,8.266482286604095,-0.06467119895865767,0.004910872924066851
2505,cvulnerVictim of torture,0.0787788118910768,0.009914304919842938,7.945974279387486,9.685649672346714e-8,10324552.650867376,0.04343370761321162,0.11412391616894198
2505,creasonEthnic persecution,0.16114802874410092,0.009108915797282619,17.69124145292624,8.981508584013512e-34,11133987020620716e17,0.12867418601722744,0.1936218714709744
2505,creasonPolitical persecution,0.1373046184962421,0.00915022526773951,15.005599805321742,4.994485979316217e-25,20022080433128124e8,0.10468350497703702,0.16992573201544717
2505,creasonReligious persecution,0.14286251309608458,0.009207690945595962,15.51556345018462,1.3123166271932996e-26,7620112244853113e10,0.11003653091562124,0.17568849527654792
2505,creligionChristian,0.036306141211734845,0.007532380411035991,4.820008978641237,0.003112197826105463,321.316335231613,0.009452743697627147,0.06315953872584254
2505,creligionMuslim,-0.067200571131312,0.007659311420963579,-8.773709206728904,2.799823648653412e-9,357165352.35387224,-0.09450648547017522,-0.03989465679244879
2505,clangFluent,0.07262123802035417,0.007600786937355322,9.554436746995908,7.389731069665387e-11,13532292184.555515,0.04552396705010492,0.09971850899060342
2505,clangNone,-0.05306266596189122,0.007758287247888701,-6.8394819973095755,6.6260834328842e-6,150918.71542654576,-0.08072143518588659,-0.025403896737895847
2605,cconsistMinor inconsistencies,0.07733463453237839,0.00756869617643162,10.217695720590942,1.6142826585324605e-12,619470199171.375,0.05055574551114525,0.10411352355361153
2605,cconsistNo inconsistencies,0.10137656135092203,0.007780549417204296,13.029486211701052,1.1403326638551284e-19,8769370830958178e3,0.07384811199707758,0.12890501070476648
2605,cgenderMale,-0.055857969813841356,0.006108006755958331,-9.145040607453844,3.415107596490867e-10,2928165428.8946333,-0.07746877717694864,-0.03424716245073407
2605,coriginEritrea,0.01047284284879041,0.011239513354297632,0.9317879269911565,1,0.8558442693021097,-0.029293805692954422,0.05023949139053524
2605,coriginIraq,0.019064276335119593,0.011174781681371088,1.7060088401459048,0.6714909118270664,1.4892234316010171,-0.020473344346997772,0.05860189701723696
2605,coriginKosovo,-0.006498422454524574,0.011314299252028271,-0.5743548327449114,1,0.7394939918507316,-0.04652967182169536,0.03353282691264621
2605,coriginPakistan,-0.0013436689113086495,0.01131693604315772,-0.1187308036543194,1,0.6787359771246391,-0.041384247538814596,0.03869690971619729
2605,coriginSyria,0.021973410768130433,0.011173326310546757,1.9665952785599066,0.5180853343252935,1.930183955703567,-0.017559060650113603,0.06150588218637447
2605,coriginUkraine,0.021911592963451916,0.011314354870935133,1.9366188539604219,0.5347724596691087,1.8699541869054956,-0.018119853189598446,0.06194303911650228
2605,cage38 Years,-0.001688490934666405,0.007455558231162027,-0.22647411264377396,1,0.6856249745600778,-0.02806708531996224,0.02469010345062943
2605,cage62 Years,-0.053993225228781125,0.007693731038899221,-7.017820736882192,2.762749171536241e-6,361958.30236877594,-0.0812145015024226,-0.02677194895513965
2605,cjobCleaner,-0.03610643117617473,0.010398115560944856,-3.472401413943683,0.05661339633086629,17.66366381122392,-0.07289612072714033,6.83258374790871e-4
2605,cjobDoctor,0.052441986482177044,0.010323141717058457,5.0800413207075685,0.0014081347860044127,710.1592901042545,0.015917562731043784,0.08896641023331031
2605,cjobFarmer,-0.020580610886351942,0.010199047244329847,-2.0178954360461185,0.4901753025744111,2.0400864644709324,-0.05666597458858327,0.015504752815879388
2605,cjobTeacher,0.002274136965172158,0.010390679980120608,0.21886315135515907,1,0.6849943013291458,-0.034489244673696115,0.039037518604040436
2605,cjobUnemployed,-0.09353367788953663,0.010593335989556663,-8.829482797651835,1.4895081863544407e-9,671362540.4419508,-0.13101407903343842,-0.05605327674563484
2605,cvulnerNo surviving family,0.010008335786083232,0.009741628372622522,1.0273781141364675,1,0.9004642390608326,-0.02445862906433381,0.04447530063650028
2605,cvulnerNone,-0.013980317291397221,0.009808742177056141,-1.4252915449341619,0.8522153651482888,1.1734123097229023,-0.04868473824770435,0.02072410366490991
2605,cvulnerPTSD,-0.025683199831388913,0.00958411322721822,-2.679767989223082,0.2112814413003153,4.733023373210526,-0.059592858575229765,0.00822645891245194
2605,cvulnerVictim of torture,0.07974549749422298,0.00972461252695372,8.200377883765784,2.4358268237704227e-8,41053821.65272724,0.04533873659864114,0.11415225838980482
2605,creasonEthnic persecution,0.1581003183339285,0.008953947114919708,17.65705295159611,2.2163888456182985e-34,4511843677507019e18,0.12642025739568222,0.1897803792721748
2605,creasonPolitical persecution,0.13584327824240616,0.008991103607209772,15.108632285526813,7.31416051666725e-26,13672109023602031e9,0.1040317535011138,0.16765480298369853
2605,creasonReligious persecution,0.13994815948723555,0.009054505706869144,15.456189881360917,5.753075346076518e-27,17382007706225852e10,0.10791231106443797,0.17198400791003313
2605,creligionChristian,0.03595571463995505,0.00736831040896945,4.879777404082506,0.002402234164451735,416.2791516322604,0.009885812755107928,0.062025616524802166
2605,creligionMuslim,-0.06777921283975984,0.007515271739963715,-9.018863879443312,6.189024399849156e-10,1615763544.290394,-0.094369080261784,-0.04118934541773567
2605,clangFluent,0.0734210741744989,0.007465564381008983,9.834631439421855,1.1613162287336421e-11,86109190180.73575,0.047007076917950835,0.09983507143104697
2605,clangNone,-0.05306241261905694,0.007619928926618007,-6.963636161185025,3.3750727036725195e-6,296289.9136696728,-0.08002256880962977,-0.02610225642848412
2705,cconsistMinor inconsistencies,0.07810642018333541,0.007441247840840245,10.496414291519667,2.1759550162012517e-13,4595683240482.537,0.051964579339373575,0.10424826102729726
2705,cconsistNo inconsistencies,0.10181582663016432,0.007619567488430632,13.36241548943021,5.4047965820753206e-21,18502083932565366e4,0.07504753119869706,0.12858412206163158
2705,cgenderMale,-0.054452107228956166,0.0059886744375089755,-9.092514177746127,2.9692293168363093e-10,3367877295.060161,-0.07549091380551343,-0.0334133006523989
2705,coriginEritrea,0.00909444512195948,0.011102190004164191,0.819157762436812,1,0.8054360754295607,-0.02990864821883592,0.048097538462754885
2705,coriginIraq,0.019073000290570838,0.010927600545370939,1.7453969159451375,0.6446679774853454,1.551186091018042,-0.019316742985500568,0.057462743566642244
2705,coriginKosovo,-0.006430114537104179,0.011100821179581593,-0.5792467451805705,1,0.7341778416625739,-0.04542839906153612,0.032568169987327755
2705,coriginPakistan,-0.0015687472603903563,0.011147913194067681,-0.1407211585774779,1,0.6728764619267145,-0.04073247069695748,0.03759497617617676
2705,coriginSyria,0.02263699926887982,0.010996824669724839,2.0585032451414214,0.46425521925339763,2.153987631217528,-0.015995935213845167,0.061269933751604805
2705,coriginUkraine,0.022427056717810135,0.011113258875546029,2.0180450189241386,0.4858423506757874,2.058280836590387,-0.016614922664705063,0.061469036100325336
2705,cage38 Years,-6.423651257311775e-4,0.007304946382490505,-0.08793563868872277,1,0.6706371992810065,-0.026305365443588934,0.025020635192126578
2705,cage62 Years,-0.05303872544214427,0.007548050055097027,-7.026811567886784,2.1342613983504484e-6,468546.16813708533,-0.07955577304532194,-0.02652167783896659
2705,cjobCleaner,-0.03666231613626324,0.010168210073179418,-3.6055820908900227,0.04173844893049771,23.958724524363284,-0.07238424545329708,-9.40386819229401e-4
2705,cjobDoctor,0.05130241202899614,0.010126505415599741,5.0661516410158125,0.0013090248330437269,763.9274479421551,0.015726995305578147,0.08687782875241412
2705,cjobFarmer,-0.0210591011517606,0.010005714905962021,-2.104707294749353,0.4402891290730583,2.271234818141666,-0.05621016884851672,0.014091966544995518
2705,cjobTeacher,0.0027351402859114473,0.010216664555443013,0.26771362327387743,1,0.6825846302610444,-0.033157014427535,0.03862729499935789
2705,cjobUnemployed,-0.09415081033691454,0.01037756823668642,-9.072531077567463,3.2683202986446185e-10,3059675639.547026,-0.13060823562274898,-0.0576933850510801
2705,cvulnerNo surviving family,0.01168420591556779,0.009615156704967796,1.215186218393195,0.9940079191820929,1.006028202293235,-0.022094792129824285,0.04546320396095987
2705,cvulnerNone,-0.014568406450192561,0.009614034218736162,-1.515327085252219,0.7928472816100193,1.2612769485307684,-0.04834346109025202,0.019206648189866893
2705,cvulnerPTSD,-0.025060415640388124,0.009466970819205939,-2.64714195480008,0.2165290123849253,4.618318760085102,-0.058318821988827596,0.008197990708051345
2705,cvulnerVictim of torture,0.0802117289713112,0.009633232496419165,8.326564214154205,1.0229864161241577e-8,97753008.66542809,0.046369228879843336,0.11405422906277905
2705,creasonEthnic persecution,0.1583882441500573,0.00877350120239585,18.053025866891655,1.617649714269703e-36,6181808034080207e20,0.12756606526514572,0.1892104230349689
2705,creasonPolitical persecution,0.1338895876649566,0.008782427877374844,15.245167911925687,8.433779187487968e-27,11857080648774415e10,0.1030360484865085,0.1647431268434047
2705,creasonReligious persecution,0.13972363775411872,0.008856090427210838,15.777124104877018,1.5068487757345792e-28,663636601166236e13,0.10861131474059875,0.17083596076763868
2705,creligionChristian,0.036536701290047255,0.007234277759413295,5.050497438048384,0.0013667398886645747,731.6681164380796,0.011121966845959636,0.06195143573413488
2705,creligionMuslim,-0.07085112516336466,0.007351374627785524,-9.637806362849902,2.0095835729359658e-11,49761553262.45117,-0.09667723250643201,-0.0450250178202973
2705,clangFluent,0.07472637584450796,0.007345935960062587,10.172478531091263,1.2496162093537447e-12,800245701451.9386,0.04891937507994158,0.10053337660907434
2705,clangNone,-0.05240551122510311,0.007469951951877524,-7.015508474847864,2.227374211161574e-6,448959.13537514687,-0.07864819245475746,-0.026162829995448757
2805,cconsistMinor inconsistencies,0.07713374519950714,0.007322736074392402,10.533459681722483,1.0680098074901607e-13,9363209897388.633,0.05157863446782347,0.1026888559311908
2805,cconsistNo inconsistencies,0.1021424093858844,0.007476057585503051,13.66260334644164,2.9090247969321017e-22,34375781225880717e5,0.07605223250485753,0.12823258626691128
2805,cgenderMale,-0.05566176258320385,0.005901477741578026,-9.431834706593364,3.778425518211401e-11,26466050347.695396,-0.07625692204743546,-0.03506660311897224
2805,coriginEritrea,0.007812792809459576,0.010907562926372823,0.7162729990371576,1,0.7650661562668852,-0.030252757493661735,0.045878343112580884
2805,coriginIraq,0.01709640828784332,0.010798129529099977,1.5832749775569974,0.7472685620270832,1.3382069724535754,-0.020587237962388316,0.054780054538074954
2805,coriginKosovo,-0.008514098361534236,0.010860608131562742,-0.7839430590254742,1,0.787171911720343,-0.04641578437013983,0.029387587647071355
2805,coriginPakistan,-0.0033240103160639993,0.01095387814101859,-0.30345511181256424,1,0.6798234586779798,-0.04155119288707125,0.03490317225494326
2805,coriginSyria,0.023265166757091796,0.010807793850575863,2.152628656573809,0.41179975283799686,2.4283647406495716,-0.01445220634099477,0.06098253985517836
2805,coriginUkraine,0.022565556999352924,0.010909548634753602,2.068422604347515,0.45489517233980653,2.1983086671515615,-0.01550692309026296,0.06063803708896881
2805,cage38 Years,-4.911466296289616e-4,0.00719422557455776,-0.06826956210073426,1,0.6633463112790057,-0.025597777446142292,0.02461548418688437
2805,cage62 Years,-0.05481346423175331,0.0074047313532501265,-7.40249194964977,3.9102777040515257e-7,2557363.122736469,-0.08065472462244382,-0.028972203841062808
2805,cjobCleaner,-0.038357723213380934,0.00995672088976305,-3.8524453620888606,0.02380604826837543,42.006131749653974,-0.07310499558226459,-0.003610450844497279
2805,cjobDoctor,0.051427040976165246,0.009980934326345524,5.152527738852985,9.219932309736679e-4,1084.6066613135038,0.016595267807747983,0.0862588141445825
2805,cjobFarmer,-0.022318354274887944,0.009794477227062684,-2.27866722822338,0.352192746581068,2.8393543300012833,-0.056499423693986084,0.011862715144210195
2805,cjobTeacher,-0.0016249155048051475,0.010038500634787772,-0.161868347069094,1,0.6673687584522688,-0.03665758535606209,0.033407754346451796
2805,cjobUnemployed,-0.09632886574145819,0.010157943024627636,-9.483107505910564,2.912967799494572e-11,34329250058.085423,-0.13177836933728893,-0.06087936214562744
2805,cvulnerNo surviving family,0.010367122690364192,0.00941675051568997,1.1009235800705068,1,0.9308083062699088,-0.022495744374124934,0.043229989754853315
2805,cvulnerNone,-0.015424426211669262,0.009431234682144131,-1.6354620292581477,0.7129012228347588,1.4027188732032616,-0.04833784056802196,0.017488988144683436
2805,cvulnerPTSD,-0.02526099328470419,0.009294806886527222,-2.7177534286720766,0.19064832529423237,5.245259817817307,-0.057698297702305765,0.007176311132897389
2805,cvulnerVictim of torture,0.0772926103991028,0.009453344001432409,8.176218953567236,1.4714438783296275e-8,67960458.07300465,0.044302038256797675,0.11028318254140793
2805,creasonEthnic persecution,0.15797531922144803,0.008618808646196824,18.3291363930161,2.92980234804176e-38,3413199530911655e22,0.12789713436114936,0.1880535040817467
2805,creasonPolitical persecution,0.13229285683434605,0.00860664058087378,15.371021432954407,1.0513281586206496e-27,9511777952490187e11,0.1022571364645823,0.16232857720410981
2805,creasonReligious persecution,0.13987896433009067,0.008692172077913143,16.092521302646997,3.7506067442933886e-30,2666235273856735e14,0.10954475349778912,0.1702131751623922
2805,creligionChristian,0.037013306810706866,0.007114097559938444,5.202811248912242,7.982213505004288e-4,1252.7853325059148,0.012186309216735493,0.061840304404678234
2805,creligionMuslim,-0.071185387195143,0.0072328927551118,-9.841897233279616,4.552263604694153e-12,219670934470.67322,-0.09642695993373325,-0.04594381445655275
2805,clangFluent,0.07397424019017836,0.007205785849588529,10.265950409059478,4.684995450805777e-13,2134473790850.766,0.048827265968481665,0.09912121441187505
2805,clangNone,-0.05213196041057379,0.007341476055375799,-7.101018925533393,1.2914305566985154e-6,774335.0928264045,-0.07775247050723186,-0.026511450313915726
2905,cconsistMinor inconsistencies,0.07773218612375776,0.007209679474940192,10.781642428618866,1.5734594582728603e-14,63554227262879.1,0.05272802254905205,0.10273634969846347
2905,cconsistNo inconsistencies,0.10026937767334038,0.007348167086928818,13.645495058448402,1.404686484973188e-22,7119026278800478e6,0.07478491994474473,0.12575383540193602
2905,cgenderMale,-0.059000160335805504,0.005818318575471746,-10.140414205666248,5.905656120460106e-13,1693291955377.3318,-0.07917889226092359,-0.03882142841068742
2905,coriginEritrea,0.006831977745180158,0.01069781753533026,0.6386328540954352,1,0.736785255334906,-0.030269530092374833,0.043933485582735146
2905,coriginIraq,0.014854782402564881,0.010614768855229618,1.3994447364010494,0.8727162904445591,1.14584775252746,-0.02195870114915082,0.05166826595428058
2905,coriginKosovo,-0.012923979710411577,0.010730011653657934,-1.204470239881399,1,0.9916268232972759,-0.05013714119409697,0.024289181773273813
2905,coriginPakistan,-0.0026852511484541414,0.010769115698467158,-0.24934741381192066,1,0.6676757795505511,-0.040034030857088516,0.03466352856018023
2905,coriginSyria,0.02197804410029388,0.010638301929933399,2.0659353574514943,0.45235030350420014,2.2106760894230613,-0.014917055402776436,0.058873143603364195
2905,coriginUkraine,0.02216111871431766,0.010724930761298213,2.066318115011788,0.45214689786436263,2.2116705980364486,-0.015034421533346137,0.05935665896198146
2905,cage38 Years,-0.0014323311945181392,0.007058373654966637,-0.2029265188462043,1,0.6636932523023925,-0.025911745300738618,0.02304708291170234
2905,cage62 Years,-0.05539250787300618,0.0072845752495143325,-7.604082046746547,1.3415261508500828e-7,7454196.844141514,-0.0806564203318357,-0.030128595414176656
2905,cjobCleaner,-0.03990970571071997,0.0098070752875351,-4.069480914605157,0.013865704229319884,72.12039024209376,-0.07392199648332964,-0.0058974149381102944
2905,cjobDoctor,0.05415022647540812,0.009856333780147853,5.493952181740727,2.987030397166791e-4,3347.8065738751893,0.01996710045124339,0.08833335249957285
2905,cjobFarmer,-0.023610392326814465,0.009660833239101652,-2.443929187314071,0.27863531301867567,3.5889205469551326,-0.05711549548959489,0.009894710835965957
2905,cjobTeacher,-0.002198707911230384,0.009852062743239902,-0.22317234152198745,1,0.6653267742144868,-0.03636702138986501,0.03196960556740424
2905,cjobUnemployed,-0.09765178343408341,0.009992728978346938,-9.772283792113575,4.323273110780431e-12,231306228955.65378,-0.13230794683229902,-0.0629956200358678
2905,cvulnerNo surviving family,0.008169091575535253,0.009241144394262686,0.8839913355976765,1,0.8195243053569936,-0.023880472743485426,0.040218655894555935
2905,cvulnerNone,-0.016770194057098568,0.009274077669376908,-1.8082869968270705,0.600868097205913,1.6642587693540125,-0.048933975520011566,0.015393587405814434
2905,cvulnerPTSD,-0.02689885859205756,0.009121797460689477,-2.9488550593212133,0.12860663887886442,7.775648354684922,-0.058534511271930253,0.004736794087815133
2905,cvulnerVictim of torture,0.07451443910517595,0.00924631155732035,8.058828500774723,1.871297908904751e-8,53438845.586338975,0.042446954351445236,0.10658192385890666
2905,creasonEthnic persecution,0.15566185563252674,0.008457908631163646,18.404296194331277,3.015812594838507e-39,33158559046788142e22,0.12632866105035215,0.18499505021470133
2905,creasonPolitical persecution,0.12956131744122124,0.008451824591618992,15.3293902442908,4.873156380755963e-28,20520580951372463e11,0.10024922314797047,0.158873411734472
2905,creasonReligious persecution,0.13980995018475667,0.008578471386503132,16.297769600855172,2.10374554775911e-31,47534265779679985e14,0.11005862732572816,0.16956127304378518
2905,creligionChristian,0.03643082192534415,0.00697442640690103,5.223486463244735,6.744583174967086e-4,1482.6713142356348,0.012242548462695246,0.06061909538799305
2905,creligionMuslim,-0.0729102891060152,0.007136458772423067,-10.216592210657403,3.8793846042025335e-13,2577728433826.079,-0.09766051317770184,-0.048160065034328556
2905,clangFluent,0.0747256048215379,0.007044317640562545,10.607926648743575,4.284525783518869e-14,23339805862451.895,0.050294938913429406,0.09915627072964639
2905,clangNone,-0.04985625799180156,0.00720762444268179,-6.917155352402241,2.1409685217686764e-6,467078.3291918228,-0.07485329443097802,-0.024859221552625106
3005,cconsistMinor inconsistencies,0.07385858015781628,0.007083560992746434,10.426758551729485,7.57571416675204e-14,13200075636284.64,0.04943536312076305,0.09828179719486951
3005,cconsistNo inconsistencies,0.10004941460508926,0.007192708335817546,13.909838955497884,9.03682842020314e-24,11065829221282492e7,0.07524987141632036,0.12484895779385816
3005,cgenderMale,-0.058895940973004275,0.00571882202967251,-10.298614062025107,1.5724665580417997e-13,6359435721452.194,-0.07861371170583162,-0.03917817024017694
3005,coriginEritrea,0.004755036018672949,0.010564356881353338,0.4501017972107555,1,0.6887929680798411,-0.031669522368610974,0.04117959440595687
3005,coriginIraq,0.013238488831616449,0.010434590801076374,1.2687118339370664,0.9667804794344301,1.0343609757046432,-0.022738652621459195,0.04921563028469209
3005,coriginKosovo,-0.01558263163740326,0.01059057845827197,-1.471367376088145,0.8235140060618573,1.2143084302623095,-0.05209759868564081,0.020932335410834287
3005,coriginPakistan,-0.0033730901149541716,0.010627046592251608,-0.31740616601921734,1,0.668809738693308,-0.04001379464918684,0.033267614419278495
3005,coriginSyria,0.021673251643569594,0.010473283317613543,2.069384641502097,0.4469144487375628,2.237564712496508,-0.014437296683543658,0.05778379997068285
3005,coriginUkraine,0.020743375363763767,0.010561581441527777,1.964040657983427,0.5052069021412443,1.9793870506551847,-0.01567161366013042,0.05715836438765795
3005,cage38 Years,-1.601115104420906e-4,0.0069635804010480026,-0.022992699332945767,1,0.649710857919251,-0.024169650732864305,0.02384942771198012
3005,cage62 Years,-0.05418565339978531,0.007190941866765065,-7.5352651159953545,1.421784339035395e-7,7033415.494493678,-0.07897910602801521,-0.029392200771555407
3005,cjobCleaner,-0.03473959671672312,0.00963767083550982,-3.6045635205474875,0.03639482901326763,27.476430776346085,-0.06796905952340561,-0.001510133910040637
3005,cjobDoctor,0.05636216363012893,0.009673913443752576,5.8262009431692485,9.107913323597934e-5,10979.463291652914,0.023007740921497676,0.08971658633876017
3005,cjobFarmer,-0.021517546058063233,0.009496304897705346,-2.265886183083976,0.3495461673067118,2.860852423887523,-0.05425959709767253,0.011224504981546063
3005,cjobTeacher,0.002915531712836472,0.009685683485418593,0.30101455588815057,1,0.6668527045839906,-0.030479472601916146,0.03631053602758909
3005,cjobUnemployed,-0.09275831664341164,0.009821652973058056,-9.444267364959703,1.659329931621532e-11,60265290280.32291,-0.12662212645167747,-0.05889450683514579
3005,cvulnerNo surviving family,0.008363767536202502,0.009110243538155819,0.918061904840754,1,0.8288085561676656,-0.023047193055600518,0.03977472812800552
3005,cvulnerNone,-0.01729072357529885,0.009143066641109353,-1.8911295579489422,0.547896539360021,1.8251621029913154,-0.04881485404988887,0.014233406899291166
3005,cvulnerPTSD,-0.030994441532926624,0.008988207605551786,-3.448345086486671,0.049953202817867186,20.018736409076087,-0.06198463775616424,-4.24530968901396e-6
3005,cvulnerVictim of torture,0.06942477009367258,0.00910097915286534,7.62827481829963,9.560371185140888e-8,10459844.922697563,0.038045751923611384,0.10080378826373378
3005,creasonEthnic persecution,0.15501020495378895,0.008351770226800862,18.560161587822495,1.529562512194934e-40,6537817134162057e24,0.12621436383635815,0.18380604607121975
3005,creasonPolitical persecution,0.12900606997606737,0.00831432548014193,15.516119772336019,3.847658786663358e-29,2598983058129194e13,0.10033933358089209,0.15767280637124265
3005,creasonReligious persecution,0.1383167736833207,0.008426133885940643,16.415211953148294,2.3861468105488948e-32,4190856973171596e16,0.1092645361307212,0.1673690112359202
3005,creligionChristian,0.0354695711276102,0.006857269861799462,5.172549985994338,7.067206425498348e-4,1414.986261604046,0.011826577118259778,0.059112565136960615
3005,creligionMuslim,-0.07409275766445012,0.007002430175407765,-10.58100628045685,3.1115905636674336e-14,32137904378439.934,-0.09823624596587378,-0.04994926936302645
3005,clangFluent,0.07011155032042411,0.006923446989095296,10.126682623677569,4.1356733760962223e-13,2417985921663.688,0.04624038599610218,0.09398271464474604
3005,clangNone,-0.05157432849827945,0.007099767909506306,-7.264227388225392,4.402131918079848e-7,2271626.6086732512,-0.07605342492225871,-0.027095232074300188
3105,cconsistMinor inconsistencies,0.07381325568104494,0.00696613266338012,10.59601636200094,1.8056344329087248e-14,55382195962506.34,0.04992704604538079,0.09769946531670909
3105,cconsistNo inconsistencies,0.10126846743110743,0.007088612189314951,14.286078110431104,2.319061648959964e-25,43120889022009086e8,0.07696228709233918,0.12557464776987567
3105,cgenderMale,-0.05712345327605934,0.005644259655259709,-10.120628171814841,2.825903428878857e-13,3538691343025.6104,-0.07647708546747345,-0.03776982108464522
3105,coriginEritrea,0.006769524956453242,0.010413719618027508,0.6500583081509426,1,0.728279264575105,-0.028938134070892532,0.042477183983799016
3105,coriginIraq,0.014215046941052634,0.010270737878201867,1.3840336604463428,0.8866942393538179,1.1277844781406883,-0.021002341232064237,0.049432435114169504
3105,coriginKosovo,-0.01291708138788799,0.010416037966585976,-1.2401146606152178,0.9903899012171976,1.0097033489244907,-0.04863268981303481,0.022798527037258834
3105,coriginPakistan,-5.276092324609138e-4,0.010464963968425693,-0.050416727095553025,1,0.6439322345775274,-0.0364109802876136,0.03535576182269177
3105,coriginSyria,0.023707790636801146,0.010347776106171299,2.291100077306667,0.33431648151473026,2.9911776872895186,-0.011773754329210483,0.059189335602812775
3105,coriginUkraine,0.022190379454151882,0.010387245234288515,2.1363103453936922,0.4085000199970003,2.4479802963224904,-0.01342650141685919,0.05780726032516295
3105,cage38 Years,-9.333471463098562e-4,0.006871398499534883,-0.13583074047779842,1,0.6469414594699197,-0.024494722299684843,0.022628028007065128
3105,cage62 Years,-0.052088404334137854,0.007066011116858651,-7.3716844585569925,2.286875288378435e-7,4372778.896522488,-0.07631708773439386,-0.027859720933881848
3105,cjobCleaner,-0.03311160838530559,0.009507374246782333,-3.482729040198649,0.044861751584669575,22.290703431689593,-0.065711494910172,-5.117218604391779e-4
3105,cjobDoctor,0.05426523574825606,0.009542489192860798,5.686696065514492,1.274802382153225e-4,7844.35308562049,0.021544943396526135,0.086985528099986
3105,cjobFarmer,-0.021872142337720328,0.009346158561502208,-2.340228040621303,0.3128009873505475,3.1969208552379897,-0.05391923553503477,0.010174950859594113
3105,cjobTeacher,0.00177053313681827,0.009518747533899457,0.1860048426027486,1,0.6500103805014134,-0.030868351313217482,0.03440941758685402
3105,cjobUnemployed,-0.09369368479189737,0.0096382645160183935,-9.721011976397033,2.610210945970753e-12,383110798590.3009,-0.12674238166266438,-0.060644987921130364
3105,cvulnerNo surviving family,0.009605916951246095,0.008960058099062614,1.0720819937820547,1,0.9010972994509004,-0.021117274300482363,0.040329108202974556
3105,cvulnerNone,-0.014669575821900697,0.008990743656331983,-1.6316309732142389,0.7125820005664883,1.4033472627782066,-0.04549798494545873,0.016158833301657332
3105,cvulnerPTSD,-0.029097296955846036,0.0088246532347430965,-3.2972736924425017,0.06472687111813268,15.449534060976085,-0.059356197742389,0.001161603830696925
3105,cvulnerVictim of torture,0.07047739052156093,0.00896613246408447,7.860400323536528,2.7307233267850038e-8,36620333.89436572,0.039733370847043696,0.10122141019607817
3105,creasonEthnic persecution,0.15376895294431264,0.008226783361923305,18.691260749129977,9.74120379422315e-42,10265671688267445e25,0.12556009136992732,0.18197781451869796
3105,creasonPolitical persecution,0.12797618034449168,0.008197810722593788,15.611019170249884,6.2938033912619964e-30,158886437632982e15,0.09986666320842884,0.15608569748055454
3105,creasonReligious persecution,0.13623727669987137,0.008278581818404806,16.456596031580062,5.217212429198957e-33,1916732380693072e17,0.10785080312035944,0.1646237502793833
3105,creligionChristian,0.03536656331279199,0.0067486761056015,5.240518697205993,5.219670967702818e-4,1915.8295727596426,0.012225991633903373,0.05850713499168061
3105,creligionMuslim,-0.07369157097169099,0.006868636464532148,-10.728704503756326,8.21096806333884e-15,121788319268333.44,-0.09724347536843753,-0.05013966657494445
3105,clangFluent,0.07195856086735417,0.00680368873044097,10.576404024099187,2.0271675980008627e-14,49329912385447.2,0.04862935610422478,0.09528776563048355
3105,clangNone,-0.05132201988906029,0.0069696618547847545,-7.363631257638004,2.3658125454799237e-7,4226877.577053097,-0.07522033078805217,-0.027423708990068407
3205,cconsistMinor inconsistencies,0.07592019850059686,0.006864495878409454,11.059835980000333,6.83109963645172e-16,1463893155157418,0.05250457043402108,0.09933582656717264
3205,cconsistNo inconsistencies,0.10321408263473178,0.006979876076651265,14.787380392038537,1.936406272361156e-27,5164205540300438e11,0.07940487871697433,0.12702328655248923
3205,cgenderMale,-0.05867545701704278,0.005569678901920257,-10.534800668098345,1.6771130658522665e-14,59626272095842.58,-0.07767430732268787,-0.03967660671139768
3205,coriginEritrea,0.009252718859229663,0.010253137117407322,0.9024280815986364,1,0.8118007824739817,-0.025721975496977263,0.04422741321543659
3205,coriginIraq,0.014712732526075753,0.010101679591001552,1.4564639863633835,0.8358664050464968,1.1963634307618487,-0.019745321836602207,0.04917078688875371
3205,coriginKosovo,-0.011894372275144194,0.01024397535437037,-1.1611090288371024,1,0.9511486642887836,-0.04683781474636097,0.023049070196072587
3205,coriginPakistan,-2.3700805621596505e-4,0.01030375807688114,-0.02300209830699998,1,0.6375659182505421,-0.03538437664523003,0.0349103605327981
3205,coriginSyria,0.02485042108880524,0.010189961416920638,2.4387159157973466,0.26893786932386926,3.7183309383467558,-0.009908773290179126,0.0596096154677896
3205,coriginUkraine,0.021093938761124285,0.010248541272126108,2.0582381629759734,0.4464643809291791,2.2398203366611367,-0.013865078609377846,0.05605295613162642
3205,cage38 Years,-0.0024288965180657,0.006778215446767549,-0.3583386419539102,1,0.6622379111819289,-0.02555021156697258,0.020692418530841177
3205,cage62 Years,-0.054221187558661336,0.006954592070011503,-7.796458370644829,2.88827926816152e-8,34622690.78420977,-0.07794414466296062,-0.03049823045436205
3205,cjobCleaner,-0.030869013357376258,0.009373258199996189,-3.2933066281465297,0.06314253837243632,15.837184024843246,-0.0628423340018556,0.0011043072871030866
3205,cjobDoctor,0.0567601944885019,0.009396854274641814,6.040339972247304,3.374260754212588e-5,29636.12100077187,0.02470638477133319,0.08881400420567061
3205,cjobFarmer,-0.019049536633715624,0.009183741202273011,-2.0742675794262135,0.4377852652685168,2.2842248913668834,-0.05037639181159931,0.012277318544168057
3205,cjobTeacher,0.0018160741838104337,0.009392080452749607,0.1933622899576806,1,0.6445817763049414,-0.030221451447845812,0.03385359981546668
3205,cjobUnemployed,-0.09270655197999411,0.00949611351751354,-9.762578323123119,1.4367247867618761e-12,696027526784.5997,-0.12509894701419455,-0.06031415694579368
3205,cvulnerNo surviving family,0.012394823576667878,0.008802935806484882,1.4080329391402526,0.8709829564497104,1.1481280920538184,-0.01763305820659762,0.04242270535993338
3205,cvulnerNone,-0.012206035480508172,0.008844263495147903,-1.38010762424758,0.8913348125534439,1.1219128725997567,-0.042374891022622915,0.017962820061606575
3205,cvulnerPTSD,-0.025495751238358427,0.008713977865520143,-2.9258453064519654,0.12409474570636105,8.058358912038452,-0.055220186694887784,0.004228684218170929
3205,cvulnerVictim of torture,0.0738889526719708,0.008853527063110916,8.345708116693553,2.2355409490666423e-9,447319026.0359617,0.04368849797591475,0.10408940736802685
3205,creasonEthnic persecution,0.1531737956256389,0.008092519412990417,18.927825539690218,2.252806480836331e-43,4438907684732691e27,0.12556923033015588,0.18077836092112193
3205,creasonPolitical persecution,0.12943822478853398,0.0080525933994959,16.074104126086503,4.582752008279355e-32,2182094946864605e16,0.10196985196788501,0.15690659760918294
3205,creasonReligious persecution,0.13441804744260674,0.008154274373711107,16.48436651530423,1.3245035190481728e-33,7549998815545838e17,0.10660282848557084,0.16223326639964264
3205,creligionChristian,0.03321231654935131,0.006645350714793163,4.997827499971918,9.822563504823388e-4,1018.0641738879551,0.010544219216964992,0.05588041388173763
3205,creligionMuslim,-0.07397314734455622,0.006757622661600999,-10.946622954385365,1.3783889275513573e-15,725484643711156.75,-0.09702421790546924,-0.0509220767836432
3205,clangFluent,0.07195267736917195,0.006677473638788424,10.775434132934624,3.935728992422584e-15,254082535135241.56,0.049175004846705075,0.09473034989163882
3205,clangNone,-0.05079325275066056,0.006842974750017019,-7.422685981785076,1.4992313941484578e-7,6670084.4439559365,-0.0741354696378961,-0.027451035863425018
3305,cconsistMinor inconsistencies,0.0777948792473585,0.0067643998476166,11.500632872074988,2.5225716953801596e-17,39642084378866264,0.05483367118355309,0.10075608731116392
3305,cconsistNo inconsistencies,0.10393625397097855,0.0068705246770392105,15.127848142126014,5.007401948862183e-29,19970435970837673e12,0.08061481375886703,0.12725769418309008
3305,cgenderMale,-0.060195502725971295,0.005461629068126576,-11.021528920238314,5.470000063879269e-16,1828153543550070.8,-0.07873456076890588,-0.04165644468303671
3305,coriginEritrea,0.009009024699477014,0.010047208884052257,0.8966693938031752,1,0.8043013006538973,-0.02509541306945863,0.04311346246841266
3305,coriginIraq,0.013886446569623772,0.00991298302717531,1.4008342929222883,0.8779098530911328,1.139069115671713,-0.019762372386597834,0.047535265525845374
3305,coriginKosovo,-0.012997636612671351,0.0101011480738147,-1.28674844856153,0.9626051212362629,1.038847579281223,-0.04728516659774276,0.02128989337240006
3305,coriginPakistan,-8.629715655044633e-4,0.01012363667021463,-0.08524323754560104,1,0.6330241041387936,-0.03522683727179786,0.03350089414078894
3305,coriginSyria,0.024277695524829085,0.010022591860139318,2.4222971326791725,0.27193690320321134,3.677323629933103,-0.009743181747874835,0.058298572797533005
3305,coriginUkraine,0.021426186291193333,0.010072768431295417,2.1271397667222853,0.4068055548548917,2.45817685640183,-0.012765011293171265,0.05561738387555793
3305,cage38 Years,-0.002206312634993717,0.006691402754899448,-0.32972348486694425,1,0.6526261394110516,-0.02491973797280874,0.02050711270282131
3305,cage62 Years,-0.05438195390982468,0.006881771767776378,-7.90231872618415,1.423480784935467e-8,70250333.58952819,-0.07774157146158882,-0.031022336358060534
3305,cjobCleaner,-0.032144868949803174,0.009231736510933126,-3.481995929122768,0.04175825647333712,23.947359982294895,-0.06348125171736706,-8.084861822392903e-4
3305,cjobDoctor,0.05360767584664803,0.009223761998092368,5.811910135770526,6.622748048990625e-5,15099.472191946219,0.02229836191780879,0.08491698977548727
3305,cjobFarmer,-0.01914865597456093,0.009051707696439216,-2.115474407342349,0.4128913249372867,2.4219448063043902,-0.04987394549509694,0.011576633545975077
3305,cjobTeacher,6.866454435300644e-4,0.0092182468241674,0.07448763920379001,1,0.6326972710783996,-0.030603947673581305,0.031977238560641434
3305,cjobUnemployed,-0.09197743972421249,0.00933432178462463,-9.853682125649074,6.007391761832858e-13,1664615925922.067,-0.12366203990449229,-0.060292839543932684
3305,cvulnerNo surviving family,0.010446988302656814,0.008683102980767195,1.203139974937136,1,0.9758703914624676,-0.019027102329506676,0.0399210789348203
3305,cvulnerNone,-0.01184464670047644,0.008721756882879196,-1.358057425761027,0.9095879707187378,1.0993988841011393,-0.04144994487637854,0.01776065147542566
3305,cvulnerPTSD,-0.025423666054951017,0.008591285724112437,-2.9592387997987957,0.1143923834944318,8.741840754185144,-0.054586090437130697,0.0037387583272286626
3305,cvulnerVictim of torture,0.07407240039121331,0.008722043346694519,8.492551280347085,8.418390155959504e-10,1187875569.4069192,0.04446612983706412,0.1036786709453625
3305,creasonEthnic persecution,0.15192995121249073,0.007953765384520762,19.101638515534987,9.264759546399535e-45,10793588273843753e28,0.12493153804964044,0.17892836437534101
3305,creasonPolitical persecution,0.12975153969937542,0.007945595706284288,16.3299951942877,1.7390530663974985e-33,57502558106034706e16,0.10278085784839726,0.1567222215503536
3305,creasonReligious persecution,0.1356534711352692,0.008054326951641435,16.84230997198638,1.811649064629342e-35,5519832839174054e19,0.10831370986794611,0.1629932324025923
3305,creligionChristian,0.031170572549439425,0.006551790370036039,4.757565610156719,0.0018141409726363693,551.2250784715849,0.008931050157835112,0.053410094941043734
3305,creligionMuslim,-0.0745936863686602,0.006671757433566549,-11.180515345682217,1.9964129016318075e-16,5008983858913305,-0.09724042725245616,-0.051946945484864254
3305,clangFluent,0.0716269057535553,0.006567438871875862,10.906368091264238,1.1259886971778882e-15,888108381999163.25,0.049334265788370885,0.09391954571873973
3305,clangNone,-0.05100349168685846,0.0067530537299725826,-7.55265598739217,6.939984604814502e-8,14409253.866446134,-0.07392618627218692,-0.028080797101529994
3405,cconsistMinor inconsistencies,0.07889866279187718,0.006667391551490007,11.833512728714,1.6576531053506297e-18,603262526262078300,0.056371489870470796,0.10142583571328356
3405,cconsistNo inconsistencies,0.10455021017198533,0.006783248313177686,15.41300057803835,1.8693534843217697e-30,5349443047486631e14,0.08163159101789605,0.12746882932607462
3405,cgenderMale,-0.06141757512211094,0.005373763479169124,-11.42915488561978,2.4901249743272662e-17,40158626988999240,-0.07957395579948816,-0.043261194444733725
3405,coriginEritrea,0.007605955250046449,0.009872746773449629,0.7703991021526888,1,0.749808795890757,-0.025751178804133166,0.04096308930422606
3405,coriginIraq,0.011195778472945738,0.009802266686074512,1.142162198958625,1,0.9307607794393128,-0.02192322390656715,0.04431478085245863
3405,coriginKosovo,-0.015351558104055467,0.009960560028168716,-1.541234434674443,0.7759059389726326,1.2888160146371448,-0.04900538755381392,0.01830227134570299
3405,coriginPakistan,-0.0019713002798032063,0.009945334915755416,-0.19821356409830593,1,0.6335021167524529,-0.03557368851189302,0.03163108795228661
3405,coriginSyria,0.023735570301455074,0.00987490035611154,2.4036263096837445,0.2761588944964841,3.6211037193760616,-0.009628840080903374,0.05709998068381352
3405,coriginUkraine,0.020367431837420825,0.00988074717690831,2.0613250670981955,0.4391757030276019,2.276992996438946,-0.013016733248424305,0.053751596923265955
3405,cage38 Years,-2.4837273913987757e-4,0.006591243317634614,-0.03768222885587701,1,0.6262471364124319,-0.02251826297083581,0.022021517492556052
3405,cage62 Years,-0.055613106351671396,0.006791966424822115,-8.188071446941514,2.92869427729521e-9,341449091.4099604,-0.07856118146421842,-0.03266503123912438
3405,cjobCleaner,-0.03335714888674612,0.009090790998825855,-3.6693340426652035,0.02690047109582286,37.174070165458225,-0.06407228227007786,-0.002642015503414377
3405,cjobDoctor,0.051032830542121085,0.009074770394717586,5.623594683103744,1.1290305492438854e-4,8857.156262686625,0.0203718261110588,0.08169383497318337
3405,cjobFarmer,-0.02080036298054348,0.008934654277705664,-2.328054598871935,0.30781282630905277,3.248727520522396,-0.050987955887379595,0.009387229926292637
3405,cjobTeacher,-0.002365600845583935,0.009051037056242259,-0.2613624086261412,1,0.6391189299960259,-0.032946417242734144,0.028215215551566274
3405,cjobUnemployed,-0.0935689686421785,0.00918826038685744,-10.183534717411383,6.1431337617946e-14,16278336737825.953,-0.12461342268138809,-0.0625245146029689
3405,cvulnerNo surviving family,0.011226832218896098,0.008556605147985348,1.312066178668938,0.9464845318799737,1.0565413023852912,-0.017683442856487094,0.04013710729427929
3405,cvulnerNone,-0.009851598010779155,0.008596855149713778,-1.1459537050716915,1,0.9332187620962502,-0.0388978661116238,0.01919467009006549
3405,cvulnerPTSD,-0.020583600720862915,0.00846998503652674,-2.430181474004536,0.2656091774469727,3.764930148920189,-0.049201211684017164,0.008034010242291334
3405,cvulnerVictim of torture,0.07640148926930115,0.008608015539351577,8.875621671456265,9.162444813759493e-11,10914117578.07559,0.04731751346443172,0.10548546507417059
3405,creasonEthnic persecution,0.1513977228269359,0.007815709498817512,19.370950628326426,1.421299464638418e-46,703581493471119e31,0.12499071822496469,0.1778047274289071
3405,creasonPolitical persecution,0.12913452148967516,0.007862162794138965,16.42480890702766,2.653210594353448e-34,3769018569909965e18,0.10257056474106699,0.15569847823828334
3405,creasonReligious persecution,0.13634210687502513,0.007939503377449626,17.172624079016607,2.854376009965079e-37,3503392673245717e21,0.10951683883539307,0.1631673749146572
3405,creligionChristian,0.0310090210085506,0.006478584389346748,4.786388375142755,0.0015532973793441597,643.7917254596956,0.009119772462449677,0.05289826955465152
3405,creligionMuslim,-0.07425805978797792,0.0065649856009108104,-11.311229651086444,5.4012733699284714e-17,18514152710127368,-0.09643923284735985,-0.05207688672859599
3405,clangFluent,0.0726309742487936,0.006474222606692798,11.218485779854177,9.88011614846967e-17,10121338504253210,0.05075646289509128,0.09450548560249591
3405,clangNone,-0.050010134392006585,0.006661540814203891,-7.5072923497479485,6.970141675646561e-8,14346910.673192857,-0.0725175393772502,-0.02750272940676297
3505,cconsistMinor inconsistencies,0.07759563820514909,0.006564382750597463,11.820705944985711,1.1005968561608937e-18,908597907037644900,0.0555136509137517,0.09967762549654648
3505,cconsistNo inconsistencies,0.10508292787063674,0.006676019802699262,15.74035592706741,4.4631435276488416e-32,22405732502328784e15,0.08262540367662095,0.12754045206465253
3505,cgenderMale,-0.061734249098079515,0.005307809082006898,-11.63083452028339,4.031764078145434e-18,248030385860273020,-0.07958923671033785,-0.043879261485821185
3505,coriginEritrea,0.008843513798105971,0.009735120513260122,0.9084133869796782,1,0.7997172702889549,-0.023904547310071533,0.04159157490628347
3505,coriginIraq,0.014697339252530578,0.009690365334134336,1.51669609408421,0.7945471539385096,1.2585785438196793,-0.017900169498444744,0.0472948480035059
3505,coriginKosovo,-0.015211593393430577,0.009854693364828897,-1.5435887074599697,0.7747034977471796,1.2908164257783494,-0.0483618867127779,0.01793869992591675
3505,coriginPakistan,0.001559045701144812,0.00982855769105618,0.15862405758308942,1,0.625281169753376,-0.03150332958568853,0.03462142098797815
3505,coriginSyria,0.02472995600927512,0.009733203136093408,2.5407828916638557,0.22181166656632764,4.508329140122002,-0.008011655216280243,0.05747156723483048
3505,coriginUkraine,0.019657201491450633,0.00979278216808952,2.007315301621334,0.4671305399279644,2.1407292277533574,-0.013284828185824677,0.052599231168725946
3505,cage38 Years,7.320904713903208e-4,0.006491619032888104,0.11277471269977093,1,0.6228924141750563,-0.021105126283190542,0.022569307225971183
3505,cage62 Years,-0.0573229334252877,0.00668419489046383,-8.575891990682209,3.33361851169918e-10,2999743361.4270687,-0.07980795787195205,-0.03483790897862336
3505,cjobCleaner,-0.032518257212533735,0.008950996817793247,-3.632920207042448,0.02810199744421161,35.584659132690156,-0.06262859743574195,-0.0024079169893255203
3505,cjobDoctor,0.05303114098164638,0.008945048195142255,5.928547261539155,3.501749593281179e-5,28557.153313266714,0.022940811384687614,0.08312147057860514
3505,cjobFarmer,-0.020945686031028865,0.008783704811648575,-2.384607233527656,0.28086598645528876,3.560416882872325,-0.05049327114168628,0.008601899079628546
3505,cjobTeacher,-7.865236981272616e-4,0.00893590182831571,-0.08801839067154457,1,0.621940706202512,-0.03084608574789999,0.029273038351645467
3505,cjobUnemployed,-0.09429523559325023,0.009013785510370242,-10.461224696856254,7.882223096272715e-15,126867761516782.28,-0.12461679127482009,-0.06397367991168038
3505,cvulnerNo surviving family,0.011074700850972091,0.008433603926507315,1.3131635001453712,0.9484231421587669,1.054381694782179,-0.017295176683798975,0.039444578385743154
3505,cvulnerNone,-0.011134177451116603,0.008461346197610131,-1.3158872348541182,0.9463377825550285,1.056705141054485,-0.03959737746588339,0.01732902256365018
3505,cvulnerPTSD,-0.019553552343024132,0.00832338178765273,-2.3492316995515847,0.29567931772906264,3.382042435975592,-0.04755265261481552,0.008445547928767252
3505,cvulnerVictim of torture,0.07698753973736054,0.008487778807218816,9.070398921315315,2.467257373927331e-11,40530834381.83103,0.048435422824900015,0.10553965664982107
3505,creasonEthnic persecution,0.15207058961083503,0.007705119803181796,19.736304365837132,7.486674360564109e-49,13357065525214744e32,0.12615126649442032,0.17798991272724973
3505,creasonPolitical persecution,0.13072074671776385,0.007745087502832801,16.87789152413735,1.4923655726050147e-36,6700771033296079e20,0.10466697589022511,0.15677451754530258
3505,creasonReligious persecution,0.13750704667155259,0.007824260966415409,17.5744453388995,2.0498480996858127e-39,4878410259537151e23,0.11118694350431474,0.16382714983879043
3505,creligionChristian,0.029904275209525603,0.006382442524312541,4.68539671068117,0.0019375740652326345,516.10930283583,0.008434318312646561,0.05137423210640464
3505,creligionMuslim,-0.07321671491305767,0.006460968701417832,-11.332157497836288,2.9915150615294465e-17,33427877828859684,-0.09495082673672298,-0.05148260308939237
3505,clangFluent,0.07194698805102213,0.006359659525951596,11.313025132466775,3.395873008263043e-17,29447508713274600,0.050553671091115165,0.0933403050109291
3505,clangNone,-0.050140444158451473,0.006554861738777742,-7.649351909564603,3.019134250644946e-8,33122077.952856205,-0.072190403630937,-0.028090484685965953
3605,cconsistMinor inconsistencies,0.07808432986460064,0.00646189499423876,12.083812865145346,1.0682646265240514e-19,936097643945983e4,0.05643731221629092,0.09973134751291035
3605,cconsistNo inconsistencies,0.1058421074169611,0.006604472672613708,16.02582259986463,1.4125482183685604e-33,7079404348794281e17,0.08371746184018933,0.12796675299373286
3605,cgenderMale,-0.060075653127449974,0.005244827649154276,-11.454266402278657,8.469791450420516e-18,118066661482007460,-0.07764555743335556,-0.042505748821544384
3605,coriginEritrea,0.009241757607257352,0.009612386785771521,0.9614425442115184,1,0.819848135802344,-0.02295924636750437,0.04144276158201907
3605,coriginIraq,0.015099534364970892,0.00955883716200702,1.5796413422530278,0.7486621931604168,1.3357159065006088,-0.0169220811097109,0.04712114983965268
3605,coriginKosovo,-0.015609691975838278,0.00972126379723577,-1.6057266114182476,0.729586694279282,1.370639031442102,-0.04817542836899478,0.016956044417318218
3605,coriginPakistan,0.0019372250487060792,0.009680615422162621,0.2001138320473957,1,0.6227935340192235,-0.030492341367474928,0.03436679146488709
3605,coriginSyria,0.024331984422730938,0.009583330722620444,2.538990370571043,0.2196150829519529,4.5534213158700885,-0.007771683226946182,0.056435652072408055
3605,coriginUkraine,0.020707390257224595,0.009628589752948025,2.150615073290928,0.38643612967578783,2.5877497552803357,-0.011547892828655072,0.05296267334310426
3605,cage38 Years,-0.0012289744714193244,0.006374476899644597,-0.19279612912046865,1,0.6222370404660259,-0.022583145975037952,0.020125197032199303
3605,cage62 Years,-0.05875823865304247,0.0065795731140465925,-8.930402874861402,4.014864427951687e-11,24907441283.395523,-0.08079947198244437,-0.03671700532364057
3605,cjobCleaner,-0.03182520274524955,0.008831785688031711,-3.603484489934702,0.028974510612474587,34.51309371104489,-0.06141123297714961,-0.002239172513349496
3605,cjobDoctor,0.05433672068426089,0.008832017523042801,6.1522433059599315,1.3703769133716698e-5,72972.62455623278,0.024749913816934067,0.08392352755158772
3605,cjobFarmer,-0.020949171899932936,0.008651164917830103,-2.42154346829715,0.26311536954378556,3.8006141630338623,-0.049930131791988186,0.008031787992122313
3605,cjobTeacher,-2.674373659558229e-4,0.008800737494010539,-0.030388063061514,1,0.6152639137621551,-0.02974945773627136,0.029214583004359713
3605,cjobUnemployed,-0.0929078105769957,0.008892591829762401,-10.447776346379104,5.9236268296364836e-15,168815495769737.28,-0.12269753827292812,-0.06311808288106327
3605,cvulnerNo surviving family,0.010468172055713034,0.008322028450634057,1.257887078590252,0.9941942485006608,1.0058396550856081,-0.017410197509441602,0.038346541620867675
3605,cvulnerNone,-0.01092648778906783,0.008324201663524274,-1.3126169007829886,0.9516706352619191,1.0507837091398535,-0.03881213750622587,0.01695916192809021
3605,cvulnerPTSD,-0.01923110666938293,0.008219756164401307,-2.3396200914901035,0.2969621496775893,3.367432519887454,-0.0467668693077789,0.008304655969013048
3605,cvulnerVictim of torture,0.07675646551076097,0.008384363988623975,9.154715326637207,1.1819584387734317e-11,84605343740.9984,0.04866927508234753,0.10484365593917441
3605,creasonEthnic persecution,0.15201615532089802,0.007590997296848952,20.02584764244356,7.919119676590354e-51,12627666215931702e34,0.12658670272229253,0.1774456079195035
3605,creasonPolitical persecution,0.13271506224944835,0.007650301927468785,17.347689477839875,5.999264994938562e-39,16668708597531137e22,0.10708694217221645,0.15834318232668024
3605,creasonReligious persecution,0.1364981981005151,0.0077102967093831635,17.703365155118032,1.8852133514588824e-40,53044394112005664e23,0.11066909857312736,0.16232729762790288
3605,creligionChristian,0.03279162009499338,0.006305811075026482,5.200222414664662,3.7869983887267193e-4,2640.613745643088,0.01166747559098854,0.053915764598998224
3605,creligionMuslim,-0.07325337215035858,0.00638532400244755,-11.472146459957228,7.502292439211328e-18,133292591311613020,-0.09464388089344301,-0.051862863407274154
3605,clangFluent,0.07050875602930541,0.006279529858698693,11.228349512763833,3.864334267990171e-17,25877678550828296,0.04947265225548482,0.091544859803126
3605,clangNone,-0.05113113901882626,0.00646810284874094,-7.905121519330708,7.454541434774846e-9,134146413.80019423,-0.07279895266213228,-0.029463325375520242
3705,cconsistMinor inconsistencies,0.07612686324030822,0.00640436954594034,11.886706832613088,2.6898701048131026e-19,3717651637566647300,0.05475700064746073,0.09749672583315572
3705,cconsistNo inconsistencies,0.10266741680292012,0.006528178371099288,15.726809374179496,8.84017953065307e-33,1131198746057734e17,0.0808844335176376,0.12445040008820263
3705,cgenderMale,-0.05928895800621659,0.005162049906190534,-11.485545293763032,4.4325318816818535e-18,225604694268000580,-0.07651349453575504,-0.04206442147667814
3705,coriginEritrea,0.00885501497394646,0.009487510674596904,0.9333338615002594,1,0.8017602996210486,-0.022802558501467465,0.040512588449360384
3705,coriginIraq,0.012782848758494891,0.009399450813334806,1.3599569817802684,0.9173825048053132,1.090057849110846,-0.018580889840337136,0.04414658735732692
3705,coriginKosovo,-0.015669301321271124,0.009569021473309854,-1.6375029949484718,0.7065629812417247,1.4153019993243696,-0.0475988570044315,0.01626025436188925
3705,coriginPakistan,0.003110954588138628,0.009536301322596407,0.32622234584462795,1,0.630582678301018,-0.02870942171057994,0.034931330886857195
3705,coriginSyria,0.021235610049112737,0.009480908691992902,2.239828558527018,0.3396255078097003,2.944419594538589,-0.010399934175790916,0.05287115427401639
3705,coriginUkraine,0.02005149655826953,0.009470297401551109,2.117303787628186,0.4015157956196538,2.4905620424140817,-0.011548640306542346,0.051651633423081406
3705,cage38 Years,-0.0033319420841766752,0.006291793666974517,-0.5295695091951226,1,0.6660104470887536,-0.02432616566251826,0.017662281494164905
3705,cage62 Years,-0.0587782140113875,0.006509658412174963,-9.02938530560299,1.8093077767704483e-11,55269756358.69787,-0.08049940058512814,-0.037057027437646856
3705,cjobCleaner,-0.032106375225656555,0.008726920820487913,-3.6790038417996693,0.02359925453308247,42.37421985504483,-0.06122604070634427,-0.0029867097449688407
3705,cjobDoctor,0.05173414190699825,0.00871125928314065,5.938767315435324,2.7195086407872366e-5,36771.348507667266,0.022666735262828783,0.08080154855116772
3705,cjobFarmer,-0.019738452703091183,0.008515169233288322,-2.3180341062309973,0.3037146593778457,3.2925641523148177,-0.04815155334709782,0.008674647940915454
3705,cjobTeacher,1.3560614096697806e-4,0.00868788220114171,0.015608653274460546,1,0.6098981176752315,-0.02885379672366485,0.029125009005598806
3705,cjobUnemployed,-0.09124721109308473,0.008791839728379599,-10.378625397201397,6.410377773967389e-15,155997046548646.53,-0.1205834955760601,-0.06191092661010936
3705,cvulnerNo surviving family,0.009500814282078355,0.008242465872949932,1.15266649914294,1,0.9256278882958211,-0.018002339910956656,0.037003968475113364
3705,cvulnerNone,-0.01149624811763884,0.008237752915173481,-1.3955563168765832,0.8895646739398022,1.1241453592925286,-0.038983676288094085,0.0159911800528164
3705,cvulnerPTSD,-0.020551385818122006,0.008140566512930865,-2.524564572438196,0.22198287128892846,4.50485208247631,-0.04771452600879719,0.006611754372553177
3705,cvulnerVictim of torture,0.07700775536324948,0.008292896025292288,9.285990699556045,4.322978446510603e-12,231321995326.43387,0.04933632770967133,0.10467918301682763
3705,creasonEthnic persecution,0.15203453614509074,0.007490752513396817,20.296296783692288,9.589943482170635e-53,10427590129797669e36,0.12703967118921267,0.17702940110096882
3705,creasonPolitical persecution,0.13171957649400765,0.0075458683166379536,17.455854113379896,7.21718780077032e-40,13855812369095702e23,0.10654080317158253,0.15689834981643275
3705,creasonReligious persecution,0.136592325136977,0.007595447197317827,17.983447397963836,3.7917805227442826e-42,26372834450772875e25,0.11124811884569585,0.16193653142825815
3705,creligionChristian,0.0325610161514679,0.006225445455676176,5.230311048951482,3.173764195157713e-4,3150.8326974188053,0.011788180821970501,0.0533338514809653
3705,creligionMuslim,-0.07476320872003586,0.006301823462972393,-11.863742162775877,3.1652605204719723e-19,3159297610835805700,-0.09579089934939182,-0.053735518090679904
3705,clangFluent,0.0698985913555885,0.006182438006051175,11.30599146925112,1.510364049139866e-17,66209203044093104,0.04926926168771202,0.09052792102346498
3705,clangNone,-0.05144611952955329,0.006372301191853888,-8.073397345894461,2.6836862510765734e-9,372621799.4368177,-0.07270897762875149,-0.030183261430355084
3805,cconsistMinor inconsistencies,0.07633694372047423,0.006328582417118866,12.062250072620085,4.8161574117890076e-20,2076344094468749e4,0.05529888136202829,0.09737500607892016
3805,cconsistNo inconsistencies,0.10314495749945078,0.006440110806528802,16.01602217696089,2.691107334313603e-34,37159424570297235e17,0.08173614209450956,0.124553772904392
3805,cgenderMale,-0.058507818792000475,0.0050914797593214775,-11.491319136619252,2.796402950062222e-18,357602254702867200,-0.07543338941957484,-0.04158224816442612
3805,coriginEritrea,0.008808113745765187,0.009349429908011925,0.942101693090093,1,0.8013671996226023,-0.022272130842440833,0.039888358333971204
3805,coriginIraq,0.014035104514282092,0.009292214474433725,1.510415472318013,0.802150534838609,1.2466487979107288,-0.016854939207419022,0.0449251482359832
3805,coriginKosovo,-0.013511113963644631,0.009470337466225845,-1.4266771392074935,0.8671883543607593,1.1531520170576341,-0.04499329070373845,0.017971062776449182
3805,coriginPakistan,0.0044367567167945526,0.009426685222136522,0.4706592627465478,1,0.6487704694346187,-0.02690030717294701,0.03577382060653612
3805,coriginSyria,0.022635781090205684,0.00934565752080966,2.4220640484421088,0.2576746012943524,3.880863674482447,-0.00843192297755348,0.053703485157964845
3805,coriginUkraine,0.02098820788724454,0.009333668176634047,2.2486558864162887,0.3329948951545813,3.0030490393427343,-0.0100396400873521,0.05201605586184118
3805,cage38 Years,-0.003937611981011114,0.00621245505562179,-0.6338254274287073,1,0.6869358698896563,-0.02458963296215134,0.016714409000129115
3805,cage62 Years,-0.05874929296338299,0.006435754405245071,-9.128579070000395,8.073552993741645e-12,123861204698.24963,-0.08014362641394251,-0.03735495951282347
3805,cjobCleaner,-0.03158544546483659,0.008615698805952969,-3.666034082228223,0.0235125077814266,42.53055477093503,-0.06022655287159541,-0.002944338058077766
3805,cjobDoctor,0.051264764786439564,0.008596774578236252,5.963255674543608,2.240676227672239e-5,44629.38409619605,0.022686567057796456,0.07984296251508267
3805,cjobFarmer,-0.020112662900562177,0.008410204145269086,-2.3914595357207786,0.2699758557667225,3.7040349299385795,-0.048070645841073886,0.00784532003994953
3805,cjobTeacher,0.0015191088084852834,0.00858319333705913,0.17698643719538742,1,0.6107862326957557,-0.027013940894903936,0.030052158511874504
3805,cjobUnemployed,-0.09039890338702129,0.008687877121088506,-10.40517748203317,3.8594193565721446e-15,259106333779747.4,-0.1192799526630116,-0.06151785411103099
3805,cvulnerNo surviving family,0.010407921094933532,0.008143698291189149,1.27803372899928,0.9850654876770664,1.0151609334706786,-0.016664118294956433,0.037479960484823494
3805,cvulnerNone,-0.01090614349097716,0.008142992532097677,-1.339328686350604,0.9362165811423571,1.0681289139098726,-0.03797583673084524,0.016163549748890914
3805,cvulnerPTSD,-0.02123681200544531,0.008034826555657062,-2.6430952626467286,0.1807951827785025,5.531120822091424,-0.047946929844783825,0.005473305833893206
3805,cvulnerVictim of torture,0.07926905981471072,0.00819991462060888,9.667059168577618,3.596203500887598e-13,2780710267795.426,0.052010140873296536,0.10652797875612491
3805,creasonEthnic persecution,0.15123947951209865,0.007369260888361395,20.523018767181654,1.781929301584656e-54,56118949226027525e37,0.12674189697518914,0.17573706204900816
3805,creasonPolitical persecution,0.13169759104025902,0.007438041754228187,17.70594941409074,2.0925051766275264e-41,4778960698255915e25,0.10697136075100938,0.15642382132950866
3805,creasonReligious persecution,0.13721057493661598,0.007484933919532075,18.33156797531137,3.5118840254555627e-44,28474744403619074e27,0.11232846134953375,0.1620926885236982
3805,creligionChristian,0.03574911984491096,0.0061489779872353125,5.813831163344982,3.8889602097362446e-5,25713.81413202532,0.015308115239165275,0.05619012445065665
3805,creligionMuslim,-0.07352325652623634,0.006216694584420798,-11.826744185002681,2.6281825178790573e-19,3804910782250388500,-0.09418937094337303,-0.052857142109099656
3805,clangFluent,0.06975381524376513,0.006105884907208265,11.424030472866871,4.4605153168623405e-18,224189343374664130,0.0494560646631822,0.09005156582434806
3805,clangNone,-0.05242408362412418,0.006277396754920255,-8.351245854108859,5.354182929439824e-10,1867698607.1983612,-0.07329198984297718,-0.03155617740527118
3905,cconsistMinor inconsistencies,0.07618973319313012,0.0062308797734345845,12.227764932644948,9.020174326016651e-21,11086260241287425e4,0.05555002719893482,0.09682943918732542
3905,cconsistNo inconsistencies,0.10344197862607035,0.00636957308995183,16.24001752790196,1.411000779173767e-35,7087168304652286e19,0.08234285287409374,0.12454110437804697
3905,cgenderMale,-0.05814117654080504,0.005022682259626744,-11.575722599089067,1.0261796087573392e-18,974488278139689900,-0.07477874441411571,-0.04150360866749438
3905,coriginEritrea,0.011109253889259242,0.00923478020615923,1.20297978308675,1,0.9532127833586521,-0.019480832151042654,0.04169933992956114
3905,coriginIraq,0.011607149292819174,0.009173965174931744,1.2652270933550316,0.9987455450386243,1.0012560305951874,-0.018781487769135442,0.041995786354773794
3905,coriginKosovo,-0.014186492974716995,0.009366597778484692,-1.5145833428765054,0.8000588700707526,1.2499080222828673,-0.04521322296203673,0.016840237012602746
3905,coriginPakistan,0.0029515382983815223,0.009315153007396416,0.3168534425615921,1,0.6193636178938082,-0.027904781572099226,0.03380785816886227
3905,coriginSyria,0.024849630503384127,0.00921880842304084,2.6955360566205835,0.163238117725586,6.126020159587148,-0.005687549218748689,0.05538681022551695
3905,coriginUkraine,0.019563329009792168,0.009200712828243683,2.1262840580936375,0.3924309172278632,2.5482192052145436,-0.010913909296363444,0.050040567315947776
3905,cage38 Years,-0.0053667598220018915,0.006118417627518954,-0.8771483329061566,1,0.7673058900776963,-0.025633936460540012,0.014900416816536227
3905,cage62 Years,-0.06183280275376943,0.006382480912195305,-9.68789466109058,2.3944686223978734e-13,4176291936532.365,-0.08297468549445677,-0.04069092001308208
3905,cjobCleaner,-0.030744445431387886,0.008498417626637908,-3.61766705074846,0.02547254396496764,39.25795560016694,-0.05889534026610024,-0.002593550596675525
3905,cjobDoctor,0.052188747347986515,0.008487755886422595,6.148709746880214,9.96822322345314e-6,100318.78074792805,0.024073169385278127,0.0803043253106949
3905,cjobFarmer,-0.018183110849702994,0.00830036635129243,-2.190639554948288,0.3590787452995644,2.7849044620163794,-0.04567796348114028,0.009311741781734297
3905,cjobTeacher,0.0031170980690942277,0.008464630376680597,0.3682497557934239,1,0.6263865082507155,-0.02492187695159051,0.03115607308977897
3905,cjobUnemployed,-0.0884175356919343,0.00856156984889012,-10.327257413358172,4.570606623490989e-15,218789338566224.9,-0.11677762141903443,-0.060057449964834156
3905,cvulnerNo surviving family,0.009792120507812148,0.008058680410840817,1.2151022262453102,1,0.962197786469321,-0.016902150675220433,0.03648639169084473
3905,cvulnerNone,-0.011238050617734157,0.008044769876771284,-1.3969387303648362,0.8927332610003703,1.1201554189651564,-0.03788624334253016,0.015410142107061842
3905,cvulnerPTSD,-0.022581033886575987,0.007955413123627023,-2.8384489322763,0.12680226160298097,7.886294671391659,-0.04893323356054205,0.0037711657873900767
3905,cvulnerVictim of torture,0.07926216087080562,0.00810574226921482,9.778519750355143,1.3859725242380354e-13,7215150246573.386,0.05241199791073679,0.10611232383087445
3905,creasonEthnic persecution,0.1523539706707401,0.007299269893763775,20.872494494402197,7.698220841857501e-57,12990014453244892e40,0.12817523667849015,0.17653270466299006
3905,creasonPolitical persecution,0.1322538900492369,0.0073539409279367775,17.984083819169605,4.288340590488204e-43,23319043319881347e26,0.10789405898678825,0.15661372111168556
3905,creasonReligious persecution,0.14001408390286338,0.007387828719194975,18.951993775800503,1.5830706332311279e-47,6316837537178925e31,0.11554199998467132,0.16448616782105543
3905,creligionChristian,0.03473410986275953,0.006088879346589256,5.704516034172393,5.271779341447437e-5,18968.92747649481,0.014564778385118625,0.054903441340400434
3905,creligionMuslim,-0.07241273408073867,0.006136604288769145,-11.800130931248773,2.0659864046670838e-19,4840302906839029e3,-0.09274015379166287,-0.05208531436981447
3905,clangFluent,0.06887142088891897,0.006022204537978921,11.436247383260172,2.7399284160142803e-18,364973038768173440,0.048922948823909296,0.08881989295392864
3905,clangNone,-0.05322786523480296,0.006209448242965814,-8.572076479597127,1.3554071719443674e-10,7377856785.024043,-0.0737965795706827,-0.03265915089892323
4005,cconsistMinor inconsistencies,0.0770976423434332,0.0061691649056591965,12.49725749310231,7.437632177351844e-22,13445139207677896e5,0.05673140224986403,0.09746388243700238
4005,cconsistNo inconsistencies,0.1046601111310792,0.006287143103420207,16.64668823493839,1.1836570741092326e-37,8448392882309729e21,0.08390439007239542,0.125415832189763
4005,cgenderMale,-0.05855385160490673,0.004947663181262768,-11.834647885218878,1.0592657610263563e-19,9440501494460353e3,-0.07488755280963125,-0.04222015040018222
4005,coriginEritrea,0.011133138481071846,0.009133282210969117,1.2189635909531944,1,0.9614170297683676,-0.019018530536607868,0.04128480749875156
4005,coriginIraq,0.014020536198944292,0.009057658674154144,1.5479205723385916,0.7752574294492458,1.2898941203445347,-0.015881477130963845,0.043922549528852425
4005,coriginKosovo,-0.011664187493619433,0.009260317735884701,-1.2595882588800906,1,0.9931945135567706,-0.042235238395299364,0.018906863408060498
4005,coriginPakistan,0.0036754999394530614,0.00917605916706055,0.4005532083584491,1,0.6265656297477913,-0.02661738847688967,0.03396838835579579
4005,coriginSyria,0.026417336602012866,0.009086622226401947,2.9072779679620737,0.10993523782200845,9.096264489999633,-0.003580293990209052,0.056414967194234784
4005,coriginUkraine,0.021522836144444543,0.00908131292373383,2.3700137111446784,0.2742009342876679,3.6469605860309966,-0.00845726686754215,0.05150293915643124
4005,cage38 Years,-0.005289426831894614,0.006041303052964576,-0.875544031729876,1,0.7620998214834607,-0.02523355708878259,0.01465470342499336
4005,cage62 Years,-0.06097850447657685,0.006291012929728587,-9.69295487987618,1.766129965823848e-13,5662097463668.419,-0.0817470009777917,-0.040210007975362005
4005,cjobCleaner,-0.030135180924093702,0.008398446899183842,-3.5881849687020377,0.026467783998495153,37.7817802977709,-0.05786094098684777,-0.002409420861339634
4005,cjobDoctor,0.05167456544595946,0.008363978450466387,6.178227951206404,8.006183610400216e-6,124903.45571152992,0.02406259593881019,0.07928653495310874
4005,cjobFarmer,-0.018708282064319334,0.008214451280094306,-2.277484085839578,0.31499595884025583,3.1746439023591755,-0.04582661810585704,0.00841005397721837
4005,cjobTeacher,0.003705766457641403,0.008365561493073041,0.4429788079030797,1,0.6338526211773147,-0.023911429141904247,0.031322962057187057
4005,cjobUnemployed,-0.08756371853120153,0.008418854906239311,-10.400906002823143,2.075642376425174e-15,481778562317789.3,-0.11535685146822285,-0.059770585594180206
4005,cvulnerNo surviving family,0.007844365559048444,0.007951831440306093,0.986485392445201,1,0.8146894228575822,-0.018406984627474268,0.03409571574557115
4005,cvulnerNone,-0.012263191973568396,0.007960994193010391,-1.540409611695893,0.7810852662225264,1.2802699567438853,-0.03854479111993372,0.014018407172796926
4005,cvulnerPTSD,-0.024437554763121903,0.007856826399306403,-3.1103595168246607,0.07415977656665504,13.48439877109388,-0.050375265177538,0.0015001556512941917
4005,cvulnerVictim of torture,0.07763753251750813,0.008000229815229406,9.704412786957155,1.6474077735612255e-13,6070142535738.346,0.05122640496421045,0.1040486600708058
4005,creasonEthnic persecution,0.15351553040487703,0.007205170244903167,21.30630161216131,1.09577394786785e-59,9125969840274024e43,0.12972912991684232,0.17730193089291174
4005,creasonPolitical persecution,0.13270901841135524,0.0072586765721989336,18.282811899849197,6.580138852235284e-45,15197247694253418e28,0.10874597769325778,0.1566720591294527
4005,creasonReligious persecution,0.14037800877589765,0.007295822179760586,19.240875848827798,2.09537363376021e-49,4772418550506768e33,0.11629233940812216,0.16446367814367316
4005,creligionChristian,0.034173356060885646,0.006020018492459405,5.676619781764913,5.3463477071415094e-5,18704.35771815265,0.014299492440757008,0.05404721968101428
4005,creligionMuslim,-0.07293885160532515,0.006059151974043126,-12.037798675093276,2.37687731992907e-20,420720073188229e5,-0.09294190643590436,-0.052935796774745934
4005,clangFluent,0.06808985184024215,0.005936143103097025,11.470385847793674,1.4572473604197716e-18,686225295142714900,0.04849288571658484,0.08768681796389946
4005,clangNone,-0.053604193204098656,0.006108400867006693,-8.775487131768152,3.611105929018661e-11,27692347431.961258,-0.07376983321334904,-0.03343855319484827
4105,cconsistMinor inconsistencies,0.07796356012734115,0.0060792058970781954,12.8246289807049,3.6264928945405934e-23,275748506637204e8,0.05795884975542846,0.09796827049925384
4105,cconsistNo inconsistencies,0.10492134510894109,0.006208459874906871,16.899737974148533,4.055025835887508e-39,246607553310726e24,0.0844913014887956,0.12535138872908658
4105,cgenderMale,-0.0574682419723014,0.004881708371692148,-11.772157940762277,1.1181451166465146e-19,89433829751826e5,-0.07353237333241526,-0.041404110612187545
4105,coriginEritrea,0.01250878833548147,0.00901125747550279,1.3881290562928381,0.9043939543439358,1.105712831445693,-0.017144360272432456,0.042161936943395394
4105,coriginIraq,0.014252697960098459,0.008939516206447845,1.5943477958928418,0.7402233093203212,1.3509436779533568,-0.01516437321706955,0.043669769137266466
4105,coriginKosovo,-0.012492633224034403,0.00912829557918927,-1.3685614270111024,0.9204248111344561,1.0864548498724895,-0.04253091656934079,0.01754565012127198
4105,coriginPakistan,0.005458145845655408,0.009047835467888659,0.6032543214370678,1,0.6644864849523767,-0.02431536916472188,0.035231660856032694
4105,coriginSyria,0.025107933489340643,0.008937934278929279,2.8091427734629137,0.12985664893026105,7.700799367901799,-0.004303932073414226,0.054519799052095516
4105,coriginUkraine,0.021402564976317002,0.008960325989405483,2.3885922232765844,0.264355372480826,3.78278674882059,-0.00808298450015816,0.05088811445279216
4105,cage38 Years,-0.005385337906934704,0.0059564750436732275,-0.9041149114953203,1,0.7703132565294947,-0.024986180534008536,0.014215504720139126
4105,cage62 Years,-0.061785427803229875,0.006208776643418015,-9.951304637239481,2.727244599621797e-14,36667044831207.14,-0.0822165138066122,-0.04135434179984755
4105,cjobCleaner,-0.03088531444536887,0.008304710573592462,-3.719011538292353,0.018866306205277524,53.004546259313194,-0.058213444559719094,-0.003557184331018648
4105,cjobDoctor,0.05140338981731711,0.00827284352996274,6.213509252428545,6.288667272363973e-6,159016.20433864836,0.024180123889015935,0.07862665574561828
4105,cjobFarmer,-0.01965160452077273,0.008120273328209408,-2.4200668778603887,0.25165477636105305,3.9736976760786145,-0.04637281101086231,0.007069601969316851
4105,cjobTeacher,0.0028266259163152387,0.008287927313292177,0.3410534153432905,1,0.6129733310973023,-0.024446275889093358,0.030099527721723834
4105,cjobUnemployed,-0.09028755861243178,0.008341361991882564,-10.824078693658846,9.07230776984197e-17,11022553746734486,-0.11773629675026838,-0.06283882047459517
4105,cvulnerNo surviving family,0.007452556863135167,0.007830973509337424,0.9516769344512473,1,0.7927891593064529,-0.018316657017202146,0.033221770743472476
4105,cvulnerNone,-0.01137361934497296,0.00785456671212881,-1.4480263217333331,0.8557116695994351,1.168617929995167,-0.03722047086361009,0.01447323217366417
4105,cvulnerPTSD,-0.024085716049862912,0.0077473612873643245,-3.1088928418951975,0.0729605562148833,13.706035862100638,-0.04957978901336965,0.0014083569136438268
4105,cvulnerVictim of torture,0.07916293029501253,0.007896027521238367,10.025665447857644,1.706736365175839e-14,58591357189308.71,0.05317964459532217,0.10514621599470289
4105,creasonEthnic persecution,0.15423125600179566,0.007109929825623103,21.692373874910793,2.377458117680353e-62,4206172939760065e46,0.1308347648590012,0.17762774714459012
4105,creasonPolitical persecution,0.13502972501914076,0.007183196129865307,18.798000580512163,8.780862014257885e-48,11388403534598933e31,0.11139213804554213,0.1586673119927394
4105,creasonReligious persecution,0.1421011383810501,0.0071978818818104915,19.742077004646156,2.318477248032446e-52,4313175817656355e36,0.11841522532354659,0.1657870514385536
4105,creligionChristian,0.035102012581591735,0.005937705115502106,5.91171368378462,2.0433225101462205e-5,48939.900335578444,0.015562935748130086,0.054641089415053384
4105,creligionMuslim,-0.07269809093989218,0.005979955135183112,-12.156962601972115,6.370458331660544e-21,1569745767004078e5,-0.09237619899243664,-0.05301998288734773
4105,clangFluent,0.06795881340775374,0.005852103543478681,11.61271547963022,3.575991971027185e-19,2796426860300682e3,0.04870142380198281,0.08721620301352467
4105,clangNone,-0.05368470324035275,0.006023811278667139,-8.91208252663442,1.3523807285566903e-11,73943674209.79417,-0.07350712774857913,-0.03386227873212637
4205,cconsistMinor inconsistencies,0.07770176202768506,0.006011675551972438,12.925142309483254,1.0148208803493124e-23,9853955701579466e7,0.057979897521407656,0.09742362653396246
4205,cconsistNo inconsistencies,0.10494635969394113,0.006148631368764132,17.068247126845602,3.117792222980893e-40,3207397826670787e24,0.0847751988078506,0.12511752058003167
4205,cgenderMale,-0.05646137537765965,0.004803687960061994,-11.753755832410684,8.690902089013308e-20,11506285420752353e3,-0.07222032348784087,-0.04070242726747843
4205,coriginEritrea,0.013981318143052599,0.008897411010257835,1.5713917370944785,0.7588245159835703,1.3178277440124926,-0.015207471718268617,0.04317010800437381
4205,coriginIraq,0.013449033960285945,0.008833530272385832,1.5224982023697216,0.7974728076860097,1.2539612515461864,-0.015530189159453664,0.04242825708002555
4205,coriginKosovo,-0.01150327557204917,0.009024514528278784,-1.2746697383003884,1,0.998626321819522,-0.041109040424620186,0.018102489280521848
4205,coriginPakistan,0.005575565514021038,0.008947675782452619,0.6231300339419247,1,0.6652341449233302,-0.02377812263864911,0.03492925366669119
4205,coriginSyria,0.025167182159154013,0.008826504845090217,2.8513191349068787,0.11845273866410476,8.442185560907038,-0.0037889933885692784,0.054123357706877304
4205,coriginUkraine,0.02225217142528688,0.00886056462312604,2.5113717208504744,0.21535194594248983,4.643561476184905,-0.006815740413214113,0.05132008326378787
4205,cage38 Years,-0.005328203936770438,0.0058987945029650175,-0.9032699705155396,1,0.7655881280962018,-0.02467975159301085,0.01402334371946997
4205,cage62 Years,-0.06214989856990018,0.006137340150382661,-10.126520128760527,6.784042973301987e-15,147404726640944.53,-0.08228401755692197,-0.04201577958287839
4205,cjobCleaner,-0.030999422865809034,0.008207848444408458,-3.7768025415877635,0.015890115101896404,62.932206191549554,-0.0579260381678561,-0.004072807563761962
4205,cjobDoctor,0.050883537808854344,0.008182276398876897,6.218750788697219,5.578411999593493e-6,179262.48546591244,0.024040813996419736,0.07772626162128896
4205,cjobFarmer,-0.02024247461816385,0.008026312073431551,-2.522014398763519,0.21160130974446245,4.725868668807565,-0.046573542858428255,0.006088593622100558
4205,cjobTeacher,0.004008876145032177,0.008162216352581107,0.4911504390305049,1,0.6338498003888802,-0.02276803880735751,0.030785791097421862
4205,cjobUnemployed,-0.08959027513206583,0.008235921152862433,-10.877990873058359,4.527414645078029e-17,22087661024976984,-0.11660898558257311,-0.06257156468155854
4205,cvulnerNo surviving family,0.008628611260575821,0.007736272704698833,1.1153447648419894,1,0.8812064528274667,-0.01675095567490574,0.034008178196057386
4205,cvulnerNone,-0.012090472704889211,0.007733092923379142,-1.5634717990180336,0.7650367157272809,1.3071268076975255,-0.037459608070036614,0.013278662660258192
4205,cvulnerPTSD,-0.02305014460726776,0.00764484705085649,-3.0151217485358766,0.08645024204667152,11.567347601642737,-0.04812978112536595,0.0020294919108304298
4205,cvulnerVictim of torture,0.07861331107100915,0.00777300476128313,10.11363217768466,7.371127444992685e-15,135664456687601.39,0.05311324118477291,0.10411338095724539
4205,creasonEthnic persecution,0.15302091058269165,0.007029972397049381,21.766929077405422,2.1841754430339047e-63,457838679209286e48,0.12995842793557197,0.17608339322981134
4205,creasonPolitical persecution,0.13513553623002156,0.007094352424917066,19.04832578592983,1.8588979482466693e-49,537953146348464e34,0.11186184887374216,0.15840922358630094
4205,creasonReligious persecution,0.14123730467657486,0.007107112596026165,19.87267019739431,1.5643232807573927e-53,6392540546451713e37,0.11792175638426941,0.1645528529688803
4205,creligionChristian,0.03607414005880482,0.005876528777550483,6.138681766796626,7.691829061894816e-6,130008.08935731323,0.01679563719947055,0.055352642918139086
4205,creligionMuslim,-0.07249946154882031,0.005931875228640512,-12.222013908649927,2.5561776022779216e-21,3912091237748333e5,-0.09195953362290415,-0.053039389474736465
4205,clangFluent,0.06802213158982737,0.005795096390391633,11.737877510132394,9.773255404125854e-20,1023200518813662e4,0.0490107753008769,0.08703348787877783
4205,clangNone,-0.0516999737207396,0.005939306830582879,-8.704715077948888,3.520833392680684e-11,28402366385.153553,-0.07118442586079754,-0.03221552158068166
4305,cconsistMinor inconsistencies,0.07737643331872782,0.005942200577228058,13.021511528111812,2.919263098504959e-24,3425522011058646e8,0.05793945643812795,0.09681341019932768
4305,cconsistNo inconsistencies,0.10439931155820056,0.006072040243295113,17.193448556847212,3.677415904725872e-41,27193007968309845e24,0.08453762828226266,0.12426099483413847
4305,cgenderMale,-0.056281936452817545,0.004752873993857715,-11.841663912309146,3.092705521318739e-20,3233414863157088e4,-0.07182861831492851,-0.04073525459070658
4305,coriginEritrea,0.013575878676851413,0.008793428699113863,1.543866350814841,0.7816391675579731,1.2793627053314613,-0.01518748400411852,0.04233924135782135
4305,coriginIraq,0.012511499538090365,0.008748193663129884,1.4301809058961852,0.8742145986151405,1.1438838948515828,-0.01610389904486794,0.04112689812104867
4305,coriginKosovo,-0.012373031151109645,0.008898649318379557,-1.3904392350369386,0.9072688385920507,1.1022091330193315,-0.041480571164609764,0.016734508862390474
4305,coriginPakistan,0.005159608179391949,0.008841151716497046,0.5835900508034985,1,0.650411033040716,-0.0237598568029887,0.0340790731617726
4305,coriginSyria,0.024700225929657364,0.0087413735091884,2.825668746873016,0.12259490569173281,8.156945791161329,-0.0038928638852343163,0.05329331574454904
4305,coriginUkraine,0.02404330504512042,0.00875944478511193,2.7448434957870664,0.14226393251214572,7.0291885113932535,-0.004608896031291897,0.05269550612153273
4305,cage38 Years,-0.006125447426955713,0.005828169260752543,-1.051007126406755,1,0.8377024100484233,-0.025189427126933166,0.01293853227302174
4305,cage62 Years,-0.06240452017029944,0.006059052558585041,-10.299385847359716,1.6635167461759582e-15,601136118586584.5,-0.08222372064476316,-0.04258531969583572
4305,cjobCleaner,-0.032050915667096856,0.008134338234087008,-3.940199527576471,0.010173978513478461,98.28996578626567,-0.05865838913422157,-0.005443442199972143
4305,cjobDoctor,0.049822361371890486,0.008110096772909454,6.143251155561363,6.881004726573424e-6,145327.61416921395,0.02329418188253316,0.07635054086124782
4305,cjobFarmer,-0.02137701705972266,0.007949402859363243,-2.689134949871566,0.15723490399976137,6.359911028415915,-0.047379565708811744,0.004625531589366426
4305,cjobTeacher,0.002775404016889282,0.008074495190501366,0.3437247718165958,1,0.6042098930604609,-0.02363632246399327,0.02918713049777183
4305,cjobUnemployed,-0.09030284703498334,0.008153461096318081,-11.075400491671209,8.26000830521284e-18,121065253574733840,-0.11697287150930574,-0.06363282256066094
4305,cvulnerNo surviving family,0.00744651662952574,0.007650725807654505,0.9733085221895608,1,0.7951833588088889,-0.017579057433569717,0.0324720906926212
4305,cvulnerNone,-0.013140342599556865,0.007626505644104687,-1.7229833966902512,0.64400267679052,1.5527885768792824,-0.0380866923495643,0.011806007150450569
4305,cvulnerPTSD,-0.022074541896013707,0.007535387574425629,-2.9294501016686323,0.10063753415061671,9.936650459890783,-0.04672284384525456,0.0025737600532271428
4305,cvulnerVictim of torture,0.07769868900809294,0.007657320588575119,10.14698132451461,4.520353468018923e-15,221221638324282.9,0.05265154337355343,0.10274583464263246
4305,creasonEthnic persecution,0.15321532879467775,0.006940906752150215,22.07425258194304,1.0897601765339046e-65,9176330916960132e49,0.13051157749605083,0.17591908009330467
4305,creasonPolitical persecution,0.13751895908937772,0.007012443245326365,19.610705467175226,1.0249209238786437e-52,9756850276952737e36,0.11458121145455968,0.16045670672419576
4305,creasonReligious persecution,0.1422633010817094,0.0070113826251668255,20.29033482940527,3.5283348694313854e-56,2834198104788043e40,0.11932902274235727,0.16519757942106153
4305,creligionChristian,0.03677421205775299,0.005811929498984404,6.327367196071295,3.24534623239557e-6,308133.532877891,0.01776335272453721,0.05578507139096877
4305,creligionMuslim,-0.07223925215846659,0.005886868133768004,-12.271253664421469,1.161285346015165e-21,8611148013116676e5,-0.09149523625528165,-0.05298326806165153
4305,clangFluent,0.0687701755899495,0.0057238527902156635,12.014665315555463,8.353814129278685e-21,11970579959340627e4,0.05004741574610772,0.08749293543379127
4305,clangNone,-0.05192150033649857,0.005863002092846823,-8.855787447158782,1.2248517111977322e-11,81642536060.3155,-0.0710994184576557,-0.03274358221534143
4405,cconsistMinor inconsistencies,0.07723445588814948,0.00587420746829254,13.148064024813761,6.495368013856288e-25,15395586483579426e8,0.058073471503172214,0.09639544027312674
4405,cconsistNo inconsistencies,0.10315795332510419,0.006021741759931161,17.13091617636613,3.1106853607082286e-41,3214725644165837e25,0.0835157291688735,0.12280017748133489
4405,cgenderMale,-0.05658236699580034,0.004698317004110146,-12.043113937672018,4.587048184955093e-21,21800512217854326e4,-0.07190773288342962,-0.04125700110817106
4405,coriginEritrea,0.012249637920802383,0.008674381165693664,1.4121627453089696,0.891418671482305,1.1218073302605827,-0.01604518873664107,0.040544464578245835
4405,coriginIraq,0.010832859087751931,0.008665479215928099,1.250116562260048,1,0.9714113838206266,-0.017432930440619297,0.03909864861612316
4405,coriginKosovo,-0.015849857915872095,0.008796378562188666,-1.8018617325092046,0.5869895177088029,1.7036079347776116,-0.044542625950406214,0.012842910118662027
4405,coriginPakistan,0.002810674930550492,0.008740175965443839,0.32158104615548916,1,0.5968528517798379,-0.025698766743034406,0.03132011660413539
4405,coriginSyria,0.022663532243341944,0.008639027156278917,2.6233893971348263,0.17472106258546619,5.723408415690249,-0.005515973730247762,0.050843038216931646
4405,coriginUkraine,0.020230314929448427,0.008677636666320689,2.331316199025197,0.2829889373606136,3.5337070393168664,-0.008075130793973952,0.04853576065287081
4405,cage38 Years,-0.008245802191654088,0.0057764794470868295,-1.427478841946296,0.8785769542102774,1.1382042235547434,-0.02708800909074837,0.010596404707440193
4405,cage62 Years,-0.0630401173368561,0.005972903931264823,-10.554349787358245,2.268827538657859e-16,4407562862144899,-0.08252303815258973,-0.043557196521122485
4405,cjobCleaner,-0.03120599443239578,0.008039424698182236,-3.88162034025291,0.011470766616067508,87.17813145978096,-0.057429666636272886,-0.004982322228518674
4405,cjobDoctor,0.04991124108282456,0.008032167727992047,6.213919177619292,4.713114066833407e-6,212173.94398261796,0.02371124027517359,0.07611124189047554
4405,cjobFarmer,-0.0221491087380718,0.007860099147901345,-2.817917219782862,0.12280701779563037,8.142857126163204,-0.047787841767208045,0.0034896242910644505
4405,cjobTeacher,0.002565002259494028,0.007991907396738732,0.3209499475107447,1,0.5967720618204544,-0.0235036740107376,0.028633678529725655
4405,cjobUnemployed,-0.08977771408611386,0.008067819713566944,-11.127878072825867,4.122839433757291e-18,2.4255128439204442e+17,-0.11609400754134008,-0.06346142063088764
4405,cvulnerNo surviving family,0.008299604807408212,0.007561168539344983,1.0976616595994035,1,0.8620451798357484,-0.016364051200077473,0.0329632608148939
4405,cvulnerNone,-0.0132500034718273,0.007549262857818747,-1.7551387097489013,0.620444694649822,1.611747201036828,-0.037874824525142896,0.011374817581488297
4405,cvulnerPTSD,-0.020138602258537565,0.007462429095608645,-2.698665809821679,0.15289189621427615,6.540569021385621,-0.04448018163699277,0.004202977119917642
4405,cvulnerVictim of torture,0.07931160524359085,0.0075638643701911755,10.485593257879406,3.6199813314582924e-16,2762445185310264.5,0.05463915574812789,0.10398405473905381
4405,creasonEthnic persecution,0.15120614754994793,0.006862982025738835,22.03213515391217,4.4629487984670194e-66,22406710118285257e49,0.12881989508280703,0.17359240001708884
4405,creasonPolitical persecution,0.13627066682651956,0.006927528792691591,19.670891439712598,1.6845600112127674e-53,5936268184830464e37,0.11367387028166973,0.1588674633713694
4405,creasonReligious persecution,0.14220028718532318,0.00693453969603529,20.506088856427468,7.97447495454457e-58,12540010542388255e41,0.11958062188579992,0.16481995248484646
4405,creligionChristian,0.03756339979064107,0.005748006390136113,6.53503097266939,1.2217663271852254e-6,818487.1179940413,0.01881406870544511,0.05631273087583703
4405,creligionMuslim,-0.07027626433039963,0.0058282810691964925,-12.057802891803254,4.096217143025117e-21,2441276829532248e5,-0.0892874421209235,-0.05126508653987576
4405,clangFluent,0.06981564697665815,0.0056703171408737955,12.312476576204267,5.643302913604692e-22,1772011914492898e6,0.05131972922424469,0.08831156472907162
4405,clangNone,-0.050910323667147914,0.005793086022766877,-8.788118019837771,1.482176835416979e-11,67468332799.75471,-0.06980669929266374,-0.03201394804163209
4505,cconsistMinor inconsistencies,0.07767178333220047,0.005817559816265999,13.351265098302694,7.425918764538585e-26,13466347151215244e9,0.05874611748191677,0.09659744918248417
4505,cconsistNo inconsistencies,0.10354510701161464,0.005957144403605557,17.381668127592146,9.72500374290886e-43,10282772392032916e26,0.08416534505552867,0.1229248689677006
4505,cgenderMale,-0.05667160250440783,0.0046468229475631374,-12.195774003855098,9.60613337999374e-22,10410015772658903e5,-0.07178863114674627,-0.041554573862069386
4505,coriginEritrea,0.011222808823992587,0.008563159004154473,1.3105921329439016,0.9807760817873086,1.019600720867559,-0.016634830986146244,0.03908044863413142
4505,coriginIraq,0.010752466510628278,0.00856813852026607,1.2549361200447047,1,0.9718165977298305,-0.01712137264442501,0.038626305665681565
4505,coriginKosovo,-0.015471774497853094,0.008691656740114996,-1.7800719656179604,0.6022600131774793,1.660412410121791,-0.04374744270651517,0.01280389371080898
4505,coriginPakistan,0.003640326243827343,0.00864853687665161,0.42091816173613184,1,0.6074150614430353,-0.024495064571358492,0.03177571705901318
4505,coriginSyria,0.022710695737760557,0.008537522025734857,2.6601039118028815,0.16214484141888624,6.167325406403725,-0.005063541941191938,0.05048493341671305
4505,coriginUkraine,0.020108784321900178,0.008566338589493547,2.3474188081432157,0.2742723840095411,3.6460105293182306,-0.007759199304472657,0.04797676794827301
4505,cage38 Years,-0.007667699564137712,0.005718351586823135,-1.340893340977229,0.9546424815137712,1.0475125707943624,-0.026270621539096883,0.010935222410821458
4505,cage62 Years,-0.06206806288563131,0.005899692433153481,-10.520559095053525,2.1622899988570988e-16,4624726565486408,-0.08126092228642663,-0.04287520348483599
4505,cjobCleaner,-0.030910035692007794,0.007958327982443935,-3.883986153900079,0.011062784081425005,90.39315895887839,-0.056800041275030674,-0.00502003010898491
4505,cjobDoctor,0.05126495087684562,0.00794069275795668,6.455979653094809,1.5547890762149739e-6,643174.0583323563,0.025432316146273164,0.07709758560741808
4505,cjobFarmer,-0.021993695405009787,0.007765026928931516,-2.8324042667597245,0.11802706676284883,8.47263282420883,-0.0472548546567831,0.003267463846763522
4505,cjobTeacher,0.0033308222472949478,0.007910218362570333,0.42107841966231585,1,0.6074426265116556,-0.02240267328363253,0.029064317778222427
4505,cjobUnemployed,-0.0893098851397488,0.007981137626167522,-11.190119670024371,1.9205551375040822e-18,520682786175866500,-0.11527409497832049,-0.06334567530117712
4505,cvulnerNo surviving family,0.008952874160444263,0.007465245127710212,1.1992739698810595,1,0.9281965927550835,-0.015333035953013842,0.033238784273902366
4505,cvulnerNone,-0.013218563896132633,0.007459236540943981,-1.7721068132878648,0.6080129792927135,1.6447017318006523,-0.03748492689551515,0.011047799103249881
4505,cvulnerPTSD,-0.019679815553339627,0.007384755121094197,-2.664924595417549,0.1607538837776209,6.2206895192862115,-0.04370387585044645,0.004344244743767198
4505,cvulnerVictim of torture,0.077972257621219,0.007475836619135556,10.4299039149193,4.0140741994444173e-16,2491234467311064.5,0.05365189130380202,0.10229262393863597
4505,creasonEthnic persecution,0.15124030950843778,0.006802670088131671,22.23249217572675,8.338302618473429e-68,11992848493942996e51,0.1291098862650486,0.17337073275182696
4505,creasonPolitical persecution,0.13702332141507717,0.006842389903971702,20.025652343421886,8.336319708653591e-56,11995701160092757e39,0.11476368180160076,0.15928296102855358
4505,creasonReligious persecution,0.14294696618917146,0.006852307657680091,20.86114245453588,3.0896362621773034e-60,3236626952634509e44,0.12065506217299041,0.16523887020535252
4505,creligionChristian,0.036990780916609595,0.005686574791884617,6.504931750726221,1.259317727745358e-6,794080.777208122,0.01849123510309837,0.05549032673012082
4505,creligionMuslim,-0.0714516716835245,0.005760595331976427,-12.403522130239592,1.8544534269426065e-22,5392424449551566e6,-0.09019202086684693,-0.052711322500202065
4505,clangFluent,0.06673447291224376,0.005616941165772247,11.88092788275961,1.1067898172463765e-20,9035139142208022e4,0.0484614589748744,0.08500748684961311
4505,clangNone,-0.05289624881778407,0.005733474266930517,-9.225863125065127,9.201310170042782e-13,1086801750533.0444,-0.07154836784434429,-0.03424412979122385
4605,cconsistMinor inconsistencies,0.07610614328669688,0.005764606846244316,13.202312892557554,1.6959352418078178e-25,5896451558692942e9,0.05740047632643055,0.0948118102469632
4605,cconsistNo inconsistencies,0.10334043513598014,0.005903407799823307,17.505217094958812,1.1497227478584943e-43,8697749103969875e27,0.0841843706931678,0.12249649957879248
4605,cgenderMale,-0.05660614279321356,0.0045944010388754885,-12.320679521496084,2.4564209247682797e-22,40709635303824504e5,-0.07151458980570981,-0.04169769578071731
4605,coriginEritrea,0.010308843050303355,0.00846578569979747,1.2177065916693328,1,0.9385946504098027,-0.01716192331437391,0.037779609414980625
4605,coriginIraq,0.008686398743782605,0.008458291539825444,1.026968472638136,1,0.8119273038284379,-0.018760049698732288,0.0361328471862975
4605,coriginKosovo,-0.016448510919408885,0.00859957178014574,-1.91271278848842,0.5101518348496807,1.960200731797144,-0.04435340192253302,0.011456380083715256
4605,coriginPakistan,0.00442926298248578,0.008543856124580423,0.5184149777221694,1,0.6221926578496171,-0.023294835379392285,0.03215336134436385
4605,coriginSyria,0.022297259369213427,0.008454774021813877,2.637238950643154,0.16729588528151004,5.977433326093422,-0.005137775021622645,0.0497322937600495
4605,coriginUkraine,0.017790141996764697,0.008491237959717334,2.095117588408383,0.39836410415837087,2.5102663356496775,-0.00976321482206597,0.045343498815595365
4605,cage38 Years,-0.007638905531435532,0.005656175518535202,-1.3505425187749132,0.9492022700627065,1.0535162330932244,-0.02599272190443976,0.010714910841568694
4605,cage62 Years,-0.06115644053989281,0.0058319758358270695,-10.486401566377516,2.0896404197008642e-16,4785512332993405,-0.08008071423539653,-0.04223216684438909
4605,cjobCleaner,-0.0339683131214766,0.00789229042082019,-4.3039867149169755,0.003370960414259201,296.6513625523422,-0.05957813528337218,-0.008358490959581025
4605,cjobDoctor,0.05217912544326352,0.007852288917276483,6.645084763559812,6.174882370680192e-7,1619464.048008813,0.026699104813919294,0.07765914607260775
4605,cjobFarmer,-0.023062576067012095,0.00769127833703538,-2.9985361413797977,0.08406763617357375,11.895183991319897,-0.04802013083330592,0.0018949786992817283
4605,cjobTeacher,0.0029910033715735062,0.007833953770650047,0.38179997727064946,1,0.59680727258460875,-0.02242952124085064,0.028411527983997653
4605,cjobUnemployed,-0.08947603767060154,0.007890208741949192,-11.340135679160428,4.679660895746163e-19,2136906973129197e3,-0.11507910495870993,-0.06387297038249315
4605,cvulnerNo surviving family,0.0067083060046513624,0.0073797189696460114,0.9090191689200795,1,0.7515089895539093,-0.017238264678914646,0.030654876688217373
4605,cvulnerNone,-0.015634597677049767,0.007399691219547429,-2.11287163385258,0.3884220179614092,2.5745193468907646,-0.03964597664070629,0.008376781286606762
4605,cvulnerPTSD,-0.020897403971737432,0.007323621089965481,-2.8534250632341123,0.11200681214772756,8.928028401353698,-0.044661941728779624,0.0028671337853047596
4605,cvulnerVictim of torture,0.0774666454251616,0.007395643472542315,10.474632222709323,2.2659299360225134e-16,4413199120160546.5,0.05346840106191003,0.10146488978841317
4605,creasonEthnic persecution,0.1517599586900656,0.006738943042976787,22.519845875270793,4.766477336510082e-70,20979854290719853e53,0.12989265228247351,0.17362726509765766
4605,creasonPolitical persecution,0.138288094298774,0.0067596010715841245,20.458025974359156,1.4170435777042628e-58,7056945994703206e42,0.11635375431656161,0.1602224342809864
4605,creasonReligious persecution,0.14245940794354414,0.0067773102363277785,21.02005116719202,1.2789739142818886e-61,7818767754629888e45,0.12046760320325287,0.16445121268383542
4605,creligionChristian,0.037234710021552736,0.005638841574953407,6.603255212372304,7.432501266610108e-7,1345442.0848771553,0.01893714084534743,0.05553227919775804
4605,creligionMuslim,-0.07144252313733139,0.005695625958045201,-12.543401491528286,4.07902461043185e-23,2451566478521759e7,-0.08992435288619852,-0.05296069338846426
4605,clangFluent,0.06516395743618052,0.005556052649622393,11.728462911633724,2.5191085637924345e-20,3969658213120173e4,0.047135031396713885,0.08319288347564716
4605,clangNone,-0.05302701983993558,0.005662333564742851,-9.364870372546438,3.1944367609637726e-13,3130442312147.374,-0.07140081855771346,-0.0346532211221577
4705,cconsistMinor inconsistencies,0.07699145159637878,0.0057048128931981865,13.495876733867156,8.699900332007157e-27,11494384554280171e10,0.058524868786491394,0.09545803440626617
4705,cconsistNo inconsistencies,0.103661016057205,0.005831983830293634,17.77457192503666,2.6761223424166976e-45,3736749939081412e29,0.0847827786172974,0.1225392534971126
4705,cgenderMale,-0.05687504117487,0.004539388324398652,-12.52923017605118,3.129553373498453e-23,31953441295111186e6,-0.07156912351693771,-0.04218095883280229
4705,coriginEritrea,0.0087569219633649,0.008389976798727813,1.0437361358010822,1,0.8176343594433981,-0.018401585112558336,0.03591542903928814
4705,coriginIraq,0.007124225929354437,0.008357415462815281,0.8524436724549971,1,0.7225111612553481,-0.019928879511618383,0.03417733137032725
4705,coriginKosovo,-0.015657938380128533,0.00850940244581119,-1.8400749617661176,0.559099079057474,1.7885917495800463,-0.04320302844181788,0.011887151681560817
4705,coriginPakistan,0.004326242625626416,0.008452761886867539,0.5118140891142094,1,0.6166232991060583,-0.02303550091940884,0.031687986170661674
4705,coriginSyria,0.021370411384942348,0.008351821179472191,2.558772622846421,0.1904822563660816,5.249832814234061,-0.0056645852593790805,0.048405408029263776
4705,coriginUkraine,0.01683188408445429,0.008412955930741236,2.0007098840194795,0.4531021608028864,2.20700779318294,-0.010401006858594748,0.044064775027503326
4705,cage38 Years,-0.00811928183707662,0.00559922121100215,-1.4500734175536225,0.8657846188643942,1.1550216742261479,-0.026244062456460396,0.010005498782307153
4705,cage62 Years,-0.06058815003125349,0.005772570073834412,-10.495870861037119,1.5088175704239528e-16,6627706487531270,-0.0792740640638485,-0.041902235998658485
4705,cjobCleaner,-0.03412532132407725,0.007809538479069684,-4.369697571186364,0.0026792152261795716,373.2436238151537,-0.059404939031204786,-0.008845703616949717
4705,cjobDoctor,0.05219119164136255,0.00777042935722601,6.716641930838485,4.058529054513664e-7,2463946.8796899635,0.0270381708710091,0.077344212411716
4705,cjobFarmer,-0.023094769090398762,0.0076121495679114535,-3.0339352747026065,0.07710637146313053,12.969096859630643,-0.04773543531184252,0.0015458971310449918
4705,cjobTeacher,0.0013903303283706633,0.0077461987745855365,0.1794854958966701,1,0.570153172449582,-0.02368425560647826,0.026464916263219587
4705,cjobUnemployed,-0.08955747457717646,0.007797077762062349,-11.486030704083712,1.1508434720442574e-19,8689278987903435e3,-0.11479675671733722,-0.0643181924370157
4705,cvulnerNo surviving family,0.008054521610684946,0.007290475562391465,1.104800577377267,1,0.8550403046208558,-0.015544880020327539,0.031653923241697426
4705,cvulnerNone,-0.014515586435365239,0.0073006042149730286,-1.9882719303691039,0.4608261169340114,2.1700158980859072,-0.038147774698499004,0.009116601827768524
4705,cvulnerPTSD,-0.020564977708871262,0.007240598231873624,-2.8402318496754564,0.11356003647527209,8.805914748167169,-0.04400292551631628,0.0028729700985737523
4705,cvulnerVictim of torture,0.07749722857031771,0.007300026210340242,10.61602059189123,6.521480103525901e-17,15333942358565816,0.053866911318664196,0.10112754582197123
4705,creasonEthnic persecution,0.1517164953305797,0.006672342698823148,22.738114958834338,6.438740241744147e-72,15530988399201468e55,0.13011800099070853,0.1733149896704509
4705,creasonPolitical persecution,0.13877274317440447,0.006689530961541785,20.744764314899065,1.2928842746613033e-60,7734644311162109e44,0.1171186101163502,0.16042687623245871
4705,creasonReligious persecution,0.14253917028103388,0.0067143131958933185,21.229151235932104,2.7382065948522683e-63,36520253872734245e46,0.12080481668088047,0.1642735238811873
4705,creligionChristian,0.03611261493413156,0.005569554326608444,6.483932612274594,1.142586896212049e-6,875206.9565257934,0.018083866557631844,0.05414136331063127
4705,creligionMuslim,-0.07111211489907983,0.005632470665336048,-12.625385754199412,1.4207927090167363e-23,7.0383244061834534e+22,-0.08934452460522516,-0.052879705192934494
4705,clangFluent,0.06468705353089169,0.005500474038264381,11.760268856991647,1.4170912343349502e-20,7056708670344054e4,0.04688191930074856,0.08249218776103481
4705,clangNone,-0.05333521008683773,0.005598872649546224,-9.526062374567571,9.455783867302077e-14,10575537829898.81,-0.07145886240646643,-0.035211557767209044
4805,cconsistMinor inconsistencies,0.07696830367254022,0.005649196141442105,13.624647072865141,1.8028783265877137e-27,55466860145392505e10,0.05872434471748831,0.09521226262759214
4805,cconsistNo inconsistencies,0.10296798953160839,0.005756509619628233,17.88722617269912,3.4328565724084384e-46,29130258690021987e29,0.08437746397799406,0.12155851508522272
4805,cgenderMale,-0.05699114942249329,0.004496383849946681,-12.674885268785292,6.467944431423022e-24,15460862575468796e7,-0.07151212556683456,-0.04247017327815202
4805,coriginEritrea,0.009088209621688331,0.008313806820086981,1.0931465955800557,1,0.843815972186081,-0.017761052926164728,0.035937472169541386
4805,coriginIraq,0.006972163667782828,0.008254251643169608,0.8446754435397292,1,0.7152716342729192,-0.019684766701112813,0.03362909403667847
4805,coriginKosovo,-0.016016427719554464,0.008429711881728837,-1.8999970514140134,0.5174695628589091,1.9324808100310538,-0.043240003202262886,0.011207147763153957
4805,coriginPakistan,0.0036746737398650913,0.008357082309740702,0.4397077357467246,1,0.5983060705300114,-0.02331434608269302,0.030663693562423204
4805,coriginSyria,0.020701022528590032,0.008263754406825431,2.5050384497743625,0.20749547277406047,4.819382257505391,-0.005986596813702116,0.04738864187088218
4805,coriginUkraine,0.015398967681071905,0.008334230611963145,1.847677175979253,0.5534698302021214,1.8067832164127366,-0.01151625306886265,0.04231418843100646
4805,cage38 Years,-0.010027608498763704,0.005541229106929104,-1.8096361484538777,0.5805242758558657,1.7225808490535597,-0.027922890208976488,0.007867673211449079
4805,cage62 Years,-0.061515083613109076,0.0057082078949637636,-10.77660182408258,1.604098499400718e-17,62340311419379430,-0.07994961977280376,-0.04308054745341439
4805,cjobCleaner,-0.033891124896691,0.00772843096981775,-4.385252974251539,0.0024658572177388414,405.53848487504354,-0.058849928568944776,-0.008932321224437226
4805,cjobDoctor,0.05381637258553529,0.007690615672255902,6.997667661339426,9.974697274173945e-8,10025366.91102553,0.02897969261359533,0.07865305255747525
4805,cjobFarmer,-0.0220894418776271,0.007530644181609517,-2.933273880018316,0.09342314567443988,10.703985535712862,-0.04640949731817204,0.0022306135629178332
4805,cjobTeacher,0.002787133948292189,0.007695840776013818,0.362161072378089,1,0.5856684335721265,-0.02206642038525756,0.027640688281841935
4805,cjobUnemployed,-0.08855597006863601,0.0077252334949039665,-11.463209510373105,1.0075930423916392e-19,9924641774286012e3,-0.11350444756356715,-0.06360749257370488
4805,cvulnerNo surviving family,0.008756963082367142,0.007210001741305586,1.2145576931277458,1,0.9289884385552261,-0.014527584407367062,0.03204151057210135
4805,cvulnerNone,-0.013034960975848357,0.007222719578983198,-1.8047164690953426,0.5840760721665218,1.712105747271388,-0.03636058045224722,0.010290658500550507
4805,cvulnerPTSD,-0.019646447799500057,0.00716775491388495,-2.740948600438629,0.1357750477183137,7.365123539301966,-0.04279456005736311,0.0035016644583629984
4805,cvulnerVictim of torture,0.07858582948941656,0.007214729608719448,10.892415066316653,6.961980545835293e-18,143637287323103380,0.05528601345228485,0.10188564552654827
4805,creasonEthnic persecution,0.15114358582811704,0.006605158449018099,22.882658606105892,2.297668141834932e-73,4352238610060519e57,0.1298123669045095,0.17247480475172458
4805,creasonPolitical persecution,0.13870567344361587,0.006622956115977353,20.943166618452974,3.400469966698704e-62,29407699811883214e45,0.11731697733256952,0.16009436955466222
4805,creasonReligious persecution,0.14144139921885324,0.006646418100247992,21.28084587600286,4.3752564208611565e-64,22855803267484282e47,0.11997693312791584,0.16290586530979062
4805,creligionChristian,0.037193863329709184,0.00551054053245218,6.749585292163342,3.169057434461799e-7,3155512.3902947814,0.019397689718972502,0.054990036940445866
4805,creligionMuslim,-0.06985894056267318,0.005572695030718039,-12.535934620070513,2.047364241168741e-23,4884328737856379e7,-0.08785584080545503,-0.05186204031989134
4805,clangFluent,0.06503480092632535,0.005460004314927943,11.911126287669175,3.1530260710265407e-21,31715563952645236e4,0.04740183295674037,0.08266776889591033
4805,clangNone,-0.05288296522763708,0.005529916539782095,-9.563067515973925,6.07627951480514e-14,16457439088564.854,-0.07074171324251713,-0.03502421721275703
4905,cconsistMinor inconsistencies,0.07497522895749596,0.005583916278911406,13.426997328139116,6.828702403726504e-27,14644070584395185e10,0.05698230512491026,0.09296815279008167
4905,cconsistNo inconsistencies,0.10197958811265906,0.005698125538214616,17.897041303974525,1.4153762075652598e-46,7065259361115072e30,0.08361865043441818,0.12034052579089993
4905,cgenderMale,-0.05757597026774388,0.004443704254506048,-12.95675116303254,4.100908081626921e-25,24384843066350267e8,-0.07189481535641913,-0.04325712517906863
4905,coriginEritrea,0.008599189204414864,0.008216840333613624,1.0465323476272403,1,0.8116143299868741,-0.017877744704066063,0.03507612311289579
4905,coriginIraq,0.0057424645754287,0.008172147496385902,0.7026873386668904,1,0.6593386704701047,-0.020590456640896083,0.03207538579175348
4905,coriginKosovo,-0.01614727874598463,0.008342091920524345,-1.935639033928277,0.4931797726188948,2.027658179673056,-0.043027807936097257,0.010733250444128001
4905,coriginPakistan,0.0042874936119801236,0.008267635330599018,0.5185876542125474,1,0.6100579898346037,-0.022353115836423618,0.030928103060383863
4905,coriginSyria,0.02013500951483601,0.008187080958607113,2.4593636751164634,0.2228603899123711,4.487114109390192,-0.006246031450224589,0.04651605047989661
4905,coriginUkraine,0.01492386414002057,0.008264319644982454,1.8058188430648794,0.5832140053767257,1.7146364641124356,-0.011706061251572194,0.04155378953161333
4905,cage38 Years,-0.010771322325832854,0.005490447879828683,-1.9618294466295796,0.4761045467431754,2.1003790172569574,-0.0284630651052927,0.006920420453626994
4905,cage62 Years,-0.06084740374281937,0.005661635223187204,-10.747319695486398,1.528030584537298e-17,65443716252761350,-0.07909075952582394,-0.0426040479598148
4905,cjobCleaner,-0.035170730406372176,0.007645371424210382,-4.600264454778222,0.0012249341490872187,816.3704152955223,-0.05980623331087897,-0.010535227501865384
4905,cjobDoctor,0.053881093952701936,0.0076125807525126285,7.077901135553511,6.122823719142187e-8,16332333.672675144,0.029351251668592558,0.07841093623681131
4905,cjobFarmer,-0.022863193800137526,0.0074723223498950825,-3.0597172779167567,0.07109134012556756,14.066410876960754,-0.0469410846886451,0.001214697088370048
4905,cjobTeacher,0.003053162663033728,0.0076248178548538265,0.4004243407716471,1,0.5875916070844802,-0.021516110951947907,0.02762243627801536
4905,cjobUnemployed,-0.08853018082256855,0.0076626791980269685,-11.553423878865217,3.7467743170072946e-20,2668962460484521e4,-0.11322145416496131,-0.0638389074801758
4905,cvulnerNo surviving family,0.009121370868997244,0.007139903865099649,1.2775201237068674,1,0.9769702645510147,-0.013885375650806825,0.032128117388801315
4905,cvulnerNone,-0.014231992127206192,0.007145487128462024,-1.9917455411146265,0.4570580818938016,2.187905738055305,-0.03725672946696504,0.008792745212552657
4905,cvulnerPTSD,-0.019421723611783098,0.007109421714278347,-2.731828887401221,0.1368217783827926,7.308777972482231,-0.0423302482044332,0.003486800980867004
4905,cvulnerVictim of torture,0.07722844212086778,0.007132329370912808,10.827941070111285,8.531119220340718e-18,1.1721791410624099e+17,0.05424610271789118,0.10021078152384438
4905,creasonEthnic persecution,0.15141371510652496,0.006532429117921835,23.178776588806567,9.840373962319597e-76,10162215418125e62,0.1303644203661234,0.17246300984692653
4905,creasonPolitical persecution,0.13926765084799353,0.006534604026637386,21.312332052606205,9.291796699647741e-65,10762181226348944e48,0.11821134794971366,0.1603239537462734
4905,creasonReligious persecution,0.1410665393380767,0.006562995224729472,21.494231598178786,8.499811601946629e-66,11764966646684026e49,0.11991875214109486,0.16221432653505855
4905,creligionChristian,0.036549727292134994,0.0054583799540014605,6.696076051895382,3.683854268818248e-7,2714548.2069267426,0.018961316245827618,0.054138138338442374
4905,creligionMuslim,-0.07066484975467037,0.005526453608774715,-12.786653929831443,1.7456910531935615e-24,5728390474194178e8,-0.0884726129588829,-0.052857086550457844
4905,clangFluent,0.06518685566474385,0.0054047288505361295,12.061077894458581,6.912388171061298e-22,14466780152574451e5,0.047771323323984344,0.08260238800550335
4905,clangNone,-0.05203449629390641,0.005479649340968128,-9.495953674421274,7.64863418777789e-14,13074229665708.77,-0.06969144319221113,-0.03437754939560169
5005,cconsistMinor inconsistencies,0.07541450519444745,0.005532796482556144,13.63044988772225,7.341679509649624e-28,13620861530193983e11,0.05762439313631648,0.09320461725257842
5005,cconsistNo inconsistencies,0.10149367626566633,0.00563834028138575,18.000629830862557,2.02431125153815e-47,493995179466676e32,0.08336419947323881,0.11962315305809385
5005,cgenderMale,-0.05680875515989618,0.004409213437462899,-12.884101884753498,5.271003395060434e-25,18971719899424095e8,-0.07098610677367585,-0.04263140354611651
5005,coriginEritrea,0.009061947570458207,0.008129236856128841,1.114735335042695,1,0.8503241546638837,-0.017076739271463394,0.035200634412379805
5005,coriginIraq,0.006306731968168158,0.008092587338610163,0.7793220763992754,1,0.6818335190837005,-0.0197141122916904,0.03232757622802672
5005,coriginKosovo,-0.01696678803046431,0.00825417396265071,-2.055540397771756,0.4172160418633122,2.3968397656378198,-0.04350719670188936,0.009573620640960734
5005,coriginPakistan,0.004699778507209038,0.008158195265889508,0.5760806592677957,1,0.6195648601612685,-0.021532020986929537,0.03093157800134761
5005,coriginSyria,0.02151525328932713,0.00810955721216975,2.6530737408251936,0.15708565744188963,6.365953558617711,-0.004560155773915976,0.047590662352570236
5005,coriginUkraine,0.014293272834453703,0.008184830468383236,1.7463126316014068,0.6276457237507255,1.5932554977418407,-0.012024169288787235,0.04061071495769464
5005,cage38 Years,-0.010889905971202643,0.0054278196729141545,-2.0063131473481572,0.44722044948319234,2.2360337081088293,-0.02834247638779229,0.006562664445387003
5005,cage62 Years,-0.06097368574565417,0.005606931555648794,-10.87469770952086,4.694804671054941e-18,213001406888200960,-0.07900217115836526,-0.04294520033294308
5005,cjobCleaner,-0.03439211349739727,0.007575581525502594,-4.53986448190399,0.001426226676230174,701.150817514658,-0.05875058116724624,-0.010033645827548305
5005,cjobDoctor,0.05503053615501982,0.0075456814948323455,7.292984231140347,1.9140190950856918e-8,52246082.735931605,0.03076820881815479,0.07929286349188486
5005,cjobFarmer,-0.023288341030584348,0.007407025611546424,-3.1440880931046564,0.05851433484742899,17.089829400050647,-0.047104835286664155,5.281532254954591e-4
5005,cjobTeacher,0.0037469399419067153,0.007550220501448609,0.49626894223656326,1,0.6014011133181725,-0.020529982082579765,0.028023861966393192
5005,cjobUnemployed,-0.0885298035038726,0.007574776900883585,-11.687446991811171,9.822445755886576e-21,10180763781777075e4,-0.11288568398979351,-0.06417392301795169
5005,cvulnerNo surviving family,0.008526245319518339,0.007064190637368416,1.2069670479185388,1,0.9160254388856633,-0.01418789994770883,0.031240390586745506
5005,cvulnerNone,-0.013507562934161273,0.0070630503312536785,-1.9124262607036677,0.5081849895346481,1.967787362070087,-0.03621804166971215,0.009202915801389606
5005,cvulnerPTSD,-0.017984248141742498,0.007031810224801789,-2.5575559588213195,0.18670575976274217,5.35602116009039,-0.04059427767475371,0.004625781391268711
5005,cvulnerVictim of torture,0.07885628696287597,0.0070607168893694295,11.168311688236855,5.302695047587979e-19,1885833507349941e3,0.05615331115875097,0.10155926276700097
5005,creasonEthnic persecution,0.15121619907754053,0.00647248241278391,23.362937036162638,1.9108257741961542e-77,5233339499100486e61,0.13040462797046262,0.17202777018461843
5005,creasonPolitical persecution,0.13887072319818597,0.006477299486918151,21.439602025297056,5.676927492346154e-66,17615162450960268e49,0.11804366330728769,0.15969778308908425
5005,creasonReligious persecution,0.14093056149648447,0.006493951774364668,21.70181830619959,1.7152755985630213e-67,5829966920987822e51,0.12004995796619303,0.16181116502677592
5005,creligionChristian,0.036686928527650584,0.005407265106797587,6.7847475207995025,2.2309940704397917e-7,4482306.848098758,0.0193004491078422,0.05407340794745896
5005,creligionMuslim,-0.07039825171077348,0.0054661346307925684,-12.87898240087182,5.507787880664152e-25,18156109524672106e8,-0.08797401975379102,-0.05282248366775594
5005,clangFluent,0.06522322623678387,0.005357525630850099,12.174132375813693,2.0036501988153406e-22,4990891127559344e6,0.04799667875259039,0.08244977372097734
5005,clangNone,-0.05160209822862459,0.005428136291633717,-9.506411677274558,5.896230131674832e-14,16959989309575.145,-0.06905568669865583,-0.03414850975859335
5105,cconsistMinor inconsistencies,0.07592573435323023,0.00546923171410609,13.882340029113173,4.849472978274504e-29,20620797445000115e12,0.058376022840063296,0.09347544586639717
5105,cconsistNo inconsistencies,0.1013327682883034,0.0055726891101338175,18.183818670959393,1.1370273597997424e-48,8794863126038795e32,0.08345108191118854,0.11921445466541826
5105,cgenderMale,-0.05748658027679638,0.004359630812230327,-13.186112024790246,2.6287145850297975e-26,38041406461350943e9,-0.07147579614073989,-0.04349736441285287
5105,coriginEritrea,0.009407757416534279,0.00805091366431352,1.1685328906500518,1,0.8838298777221468,-0.016426074392365247,0.0352415892254338
5105,coriginIraq,0.008192426028251482,0.007990993445810356,1.0252074518402636,1,0.7918102007109801,-0.017449133336636523,0.03383398539313949
5105,coriginKosovo,-0.016781063515569423,0.008163512739042431,-2.055617973781446,0.41636398623501003,2.4017447066989264,-0.0429762040752109,0.009414077044072048
5105,coriginPakistan,0.006416322057353549,0.00807231991998933,0.7948547779263475,1,0.6838281339068046,-0.019486198304404068,0.03231884241911116
5105,coriginSyria,0.023165839298484484,0.008033201572274497,2.883761734354859,0.09979029176734783,10.021014893226395,-0.0026111578173853393,0.048942836414354304
5105,coriginUkraine,0.015154469049566546,0.00809376707480983,1.8723628823878173,0.5354406231931707,1.867620715881377,-0.010816871102529674,0.04112580920166277
5105,cage38 Years,-0.010910370829213987,0.005356287170116617,-2.036927909706612,0.4276417495893849,2.338405922621411,-0.028097665047299207,0.006276923388871236
5105,cage62 Years,-0.06177077493292111,0.005551440309532356,-11.126981736046906,5.560895561233138e-19,1798271499596817200,-0.07958427800019473,-0.04395727186564749
5105,cjobCleaner,-0.033839931353523915,0.007503013150078151,-4.510178867695499,0.0015099564120665402,662.2707728572051,-0.05791565590616174,-0.009764206800886095
5105,cjobDoctor,0.05633855778845953,0.007463499958223671,7.548543994615126,4.652062889153819e-9,214958400.99915197,0.03238962346052951,0.08028749211638955
5105,cjobFarmer,-0.023574826414016876,0.007324788124001917,-3.218499431644544,0.048925141657631545,20.439388954615648,-0.04707866117379815,-7.099165423559914e-5
5105,cjobTeacher,0.002666368300753956,0.007481527050600152,0.3563935922065624,1,0.5731592598451424,-0.021340411495637836,0.026673148097145747
5105,cjobUnemployed,-0.08834073856424193,0.007506692192954645,-11.768264409076682,3.8667085667888864e-21,2586178872100649e5,-0.11242826845709976,-0.06425320867138411
5105,cvulnerNo surviving family,0.007289663088276187,0.0069900610431294806,1.0428611486077342,1,0.801983711657323,-0.015140096918042963,0.029719423094595337
5105,cvulnerNone,-0.015780136272135852,0.0070047053560320085,-2.2527908698610712,0.3094432784857308,3.2316100220160786,-0.03825688705891235,0.006696614514640643
5105,cvulnerPTSD,-0.01922470627427672,0.006949789789348924,-2.7662284553901224,0.12582263727239515,7.947695436037366,-0.04152524358112614,0.003075831032572692
5105,cvulnerVictim of torture,0.07806212506692412,0.006977549952354312,11.187612500084644,3.5154104359169214e-19,284461805592601e4,0.0556725107419907,0.10045173939185753
5105,creasonEthnic persecution,0.1519017175725507,0.006419703695683705,23.661795742174515,6.925076191026944e-80,14440274336558691e63,0.13130212447637946,0.17250131066872193
5105,creasonPolitical persecution,0.13971406402973116,0.006417945662853084,21.769281226295327,2.2393013189046627e-68,4465678609474237e52,0.11912011212241803,0.1603080159370443
5105,creasonReligious persecution,0.14187414376582966,0.006453073652999849,21.98551440674731,1.1806799007055175e-69,846969614204873e54,0.12116747290175281,0.1625808146299065
5105,creligionChristian,0.039104840659628964,0.005352412718996279,7.306021174496082,1.6117333478455816e-8,62045002.750405885,0.021929978809193923,0.056279702510064006
5105,creligionMuslim,-0.06928774296395518,0.005414984066379826,-12.795558050511,7.891223770801411e-25,12672305703712703e8,-0.08666338422052494,-0.051912101707385416
5105,clangFluent,0.0645771290950418,0.005301519352839954,12.180872085367131,1.378862862024497e-22,725235284480549e7,0.04756557425748645,0.08158868393259716
5105,clangNone,-0.05197939791883459,0.005376492168418572,-9.667901726735646,1.696177311743558e-14,58956100466410.914,-0.06923152608615783,-0.034727269751511344
5205,cconsistMinor inconsistencies,0.07510436685917048,0.005418483691180056,13.860771968626889,3.9325537304125695e-29,25428768900637215e12,0.05775164647135324,0.09245708724698772
5205,cconsistNo inconsistencies,0.1017712717971547,0.005520614858432146,18.434771199753236,2.760865735547287e-50,36220522683323093e33,0.08409147584923349,0.11945106774507591
5205,cgenderMale,-0.057813383786068706,0.0043151711827315595,-13.39770343698673,2.736900791984769e-27,3653767805280262e11,-0.07163274049676496,-0.04399402707537244
5205,coriginEritrea,0.011319026602505401,0.007962103472316262,1.4216125979599425,0.9021297749435336,1.1084879667812675,-0.014179648511875717,0.03681770171688652
5205,coriginIraq,0.010220192210781671,0.007904940545621587,1.2928866639537806,1,0.9803185928180322,-0.015095418352699974,0.03553580277426332
5205,coriginKosovo,-0.015437820364736366,0.008081559216191057,-1.9102527064093469,0.5089703567942897,1.9647509656523463,-0.041319053080158555,0.010443412350685825
5205,coriginPakistan,0.006259671682497523,0.007975927959515247,0.7848204891356575,1,0.6762820480414062,-0.019283276419409502,0.03180261978440455
5205,coriginSyria,0.024008847718788487,0.007944342928191446,3.0221313374565235,0.0741482798923417,13.486489524125611,-0.0014329491666085527,0.04945064460418552
5205,coriginUkraine,0.017401359071133445,0.008015009786425912,2.171096422190787,0.3501097350741376,2.8562473413892495,-0.008266748771630555,0.043069466913897445
5205,cage38 Years,-0.00995808666348502,0.005294300939861634,-1.8809068046187178,0.5292681369547291,1.8894014775832517,-0.026913111185920942,0.0069969378589509
5205,cage62 Years,-0.06093053937506204,0.005490345912767768,-11.097759657250087,5.375753955814011e-19,1860204183858666500,-0.07851339887720175,-0.04334767987292233
5205,cjobCleaner,-0.034163513090627845,0.007454619535631661,-4.582864749479535,0.001157138205754075,864.2010047091372,-0.05803696842831554,-0.010290057752940153
5205,cjobDoctor,0.05711955510434162,0.0074000319289994525,7.7188254932387395,1.6897400618280578e-9,591807001.9113724,0.03342091684252162,0.08081819336616163
5205,cjobFarmer,-0.02340013242361644,0.007270094535035566,-3.218683376240577,0.048210121191320225,20.742532383014225,-0.046682645548980425,-1.1761929825245335e-4
5205,cjobTeacher,0.00340547523738488,0.007422467569007114,0.45880634785184005,1,0.5863915952195125,-0.020365013270733433,0.027175963745503195
5205,cjobUnemployed,-0.08828278815715664,0.007432142167653776,-11.878511762245566,1.1951999999857905e-21,8366800535574706e5,-0.11208425961451832,-0.06448131669979495
5205,cvulnerNo surviving family,0.006106437413056914,0.00691861653157534,0.8826096062974752,1,0.7162038760494829,-0.01605046569590315,0.02826334052201698
5205,cvulnerNone,-0.01766894879818337,0.0069471747998389646,-2.5433286634147936,0.18899700319019763,5.291089187237786,-0.03991730990022471,0.0045794123038579715
5205,cvulnerPTSD,-0.020959562394275526,0.0068714333734779505,-3.0502460338441617,0.06983552198874947,14.319360284313483,-0.042965361209831354,0.0010462364212802978
5205,cvulnerVictim of torture,0.07808104031455446,0.0069140769485799575,11.293053417722097,1.2096759233693526e-19,8266676889911681e3,0.05593867524222711,0.1002234053868818
5205,creasonEthnic persecution,0.1518527852738051,0.0063576255594138915,23.88514137152242,7.024432901463168e-82,14236024658897418e65,0.13149245848302296,0.17221311206458725
5205,creasonPolitical persecution,0.1410992244275777,0.0063628252800335666,22.175561675462717,2.7745633392736128e-71,3604170738671269e55,0.12072224550620875,0.16147620334894663
5205,creasonReligious persecution,0.14262735265297447,0.006399518085598448,22.287202058846393,5.882070609192021e-72,17000815978599128e55,0.1221328648432336,0.16312184046271533
5205,creligionChristian,0.03784052662625528,0.005296427290803801,7.144538110049745,3.267587131749655e-8,30603621.561716158,0.020878692454580062,0.05480236079793051
5205,creligionMuslim,-0.06926683891755948,0.005368251788075195,-12.903053294077205,2.1991674042762877e-25,45471754358285636e8,-0.08645869139125059,-0.052074986443868376
5205,clangFluent,0.06328270660113972,0.0052561055754716856,12.039846934669058,3.2229936153716766e-22,31027054947630716e5,0.04645000291902457,0.08011541028325486
5205,clangNone,-0.051802939116154224,0.00533356842751608,-9.712622950312387,1.0420692509973412e-14,95962912161828.25,-0.06888371795888251,-0.03472216027342593
5305,cconsistMinor inconsistencies,0.07602587588377101,0.005361788203217969,14.179201602581538,1.297793933015508e-30,7705383532472182e14,0.05888708627308013,0.09316466549446188
5305,cconsistNo inconsistencies,0.10403674671826246,0.005464794038612976,19.03763362043707,8.436956840701122e-54,11852614857241569e37,0.08656870215109104,0.12150479128543389
5305,cgenderMale,-0.05785102708521478,0.00426787204699051,-13.555005034888154,4.497986226825274e-28,22232171233343472e11,-0.07149314764768291,-0.044208906522746644
5305,coriginEritrea,0.009157842768052331,0.007890668692433295,1.1605914688617183,1,0.8710332264940104,-0.016064434853080664,0.03438012038918533
5305,coriginIraq,0.009380526199463488,0.00781982602989986,1.1995824668728101,1,0.8998483687969037,-0.015615305049190082,0.034376357448117054
5305,coriginKosovo,-0.016642799251184143,0.007986554935923689,-2.0838520970192653,0.39814460934913104,2.511650230891623,-0.04217157427420165,0.008885975771833369
5305,coriginPakistan,0.0053307201324651375,0.007879765306299656,0.6765074751913452,1,0.635953380921957,-0.019856705153233126,0.0305181454181634
5305,coriginSyria,0.02297542012781712,0.007861697672272518,2.922450224567819,0.0903652201748789,11.06620443202323,-0.002154252526367601,0.04810509278200184
5305,coriginUkraine,0.016020013389454635,0.007926485110393027,2.0210740531701195,0.43610877631544864,2.2930059065738093,-0.009316750300272417,0.041356777079181686
5305,cage38 Years,-0.008496899978285306,0.005242134732963527,-1.6208854619579316,0.7300409252106497,1.3697862208361196,-0.025253220984257856,0.008259421027687244
5305,cage62 Years,-0.05988687467438766,0.005433178759388322,-11.022437752651792,7.441364491559078e-19,1343839562131816700,-0.07725386198256676,-0.04251988736620856
5305,cjobCleaner,-0.03375506686091846,0.0073683211536334356,-4.581106897637504,0.001123572572330198,890.0181658280262,-0.0573076767831707,-0.01020245693866623
5305,cjobDoctor,0.05595165632980098,0.007317193689034438,7.64660041918123,2.2212840919520836e-9,450190051.6116295,0.03256247376161028,0.07934083889799168
5305,cjobFarmer,-0.023822104261839817,0.007203796738797576,-3.306881791034,0.03880854099769167,25.76752370205002,-0.04684881699740319,-7.95391526276442e-4
5305,cjobTeacher,0.002890546866603349,0.007332948860727265,0.39418614823350495,1,0.5714582567930664,-0.020548996619006953,0.02633009035221365
5305,cjobUnemployed,-0.08853245117966804,0.007345302417107182,-12.052934808167503,2.1563619084872154e-22,4637440478168829e6,-0.11201148242490527,-0.06505341993443081
5305,cvulnerNo surviving family,0.0058209072129073005,0.006853872038499582,0.8492874072072093,1,0.6981115323322871,-0.016087282076617682,0.02772909650243228
5305,cvulnerNone,-0.01819070780961134,0.006882351514234934,-2.643094845124818,0.15647119952519561,6.390952475819526,-0.040189930859581766,0.0038085152403590887
5305,cvulnerPTSD,-0.020782165405421184,0.006815154789889231,-3.0494047525161148,0.06914587642713264,14.462178392572993,-0.04256659621119267,0.0010022654003503037
5305,cvulnerVictim of torture,0.07917572444556929,0.0068436180882790855,11.56927862195756,1.0741579764235396e-20,9309617597679141e4,0.05730031158973524,0.10105113730140335
5305,creasonEthnic persecution,0.15242294992574842,0.006285850717648926,24.248579352638306,8.433387273226199e-85,11857631668057493e68,0.13233042316213287,0.17251547668936398
5305,creasonPolitical persecution,0.14189054048334968,0.006294002523737868,22.543769238764785,5.11665269273708e-74,19544027317301936e57,0.12177195672452837,0.16200912424217098
5305,creasonReligious persecution,0.14430331108349856,0.006331836817357774,22.790118451554665,1.5407163054808843e-75,6490487550775174e59,0.12406379117915187,0.16454283098784525
5305,creligionChristian,0.03726267647892567,0.005237483540336938,7.114614526603074,3.445801554796927e-8,29020823.866304554,0.020521222865853513,0.05400413009199783
5305,creligionMuslim,-0.07013619771718305,0.005311143103144098,-13.205480695043542,1.070567356128863e-26,934084151057966e11,-0.08711310183704876,-0.05315929359731733
5305,clangFluent,0.06278860305703271,0.00521080838353799,12.0496856601741,2.214830029356195e-22,4515019151562972e6,0.04613241575491535,0.07944479035915007
5305,clangNone,-0.051764743923378674,0.005269656070016082,-9.823173132287684,4.101094431165669e-15,243837350440079.1,-0.06860903602922898,-0.03492045181752837
5405,cconsistMinor inconsistencies,0.07643264990271485,0.005304814072040558,14.40816753702249,9.392357565852181e-32,1064695411124149e16,0.05950665827238745,0.09335864153304226
5405,cconsistNo inconsistencies,0.10540610755166765,0.005409735468627541,19.484521593143512,1.4136659642428285e-56,70738068631058e42,0.08814534477642236,0.12266687032691295
5405,cgenderMale,-0.058187046618340975,0.004222426564837644,-13.780475687344088,3.8149643423632406e-29,2621256479111765e13,-0.07165948047286488,-0.044714612763817066
5405,coriginEritrea,0.009271845067453356,0.007827058085464184,1.1845887645413442,1,0.8850654628532574,-0.01570183315114875,0.034245523286055464
5405,coriginIraq,0.008302879274993633,0.007728041861408134,1.0743833203668436,1,0.8100812980396468,-0.016354869345157036,0.0329606278951443
5405,coriginKosovo,-0.016814634964914962,0.007915228103618067,-2.1243399109659213,0.37410194660433427,2.673068154487957,-0.04206963595356175,0.008440366023731823
5405,coriginPakistan,0.0038283309687334047,0.007814757150258927,0.4898848288083476,1,0.5852036883851164,-0.02110609883823695,0.028762760775703756
5405,coriginSyria,0.02389051853835053,0.007790476314312199,3.0666313039756368,0.06585768861478841,15.184255946927493,-9.664387652614549e-4,0.04874747584196251
5405,coriginUkraine,0.015454965705967088,0.007842102130915659,1.970768226167253,0.46778417888457924,2.1377379679331554,-0.00956671332547029,0.04047664473740446
5405,cage38 Years,-0.009276138847253387,0.005191708973430818,-1.786721654608361,0.598119735544946,1.671906042506525,-0.025841247715919856,0.00728897002141308
5405,cage62 Years,-0.061090093811635375,0.005383965953678952,-11.346671642656194,4.7962463720421625e-20,20849637871588663e3,-0.07826863417749666,-0.0439115534457741
5405,cjobCleaner,-0.03355823555554811,0.007298441063813371,-4.598000485601542,0.0010279519622614442,972.808104573339,-0.05684526327846781,-0.010271207832628419
5405,cjobDoctor,0.056065322126102934,0.007244864522716722,7.738629473374781,1.213187866618606e-9,824274646.5864328,0.032949240278734915,0.07918140397347095
5405,cjobFarmer,-0.022316571805589637,0.007144252298655448,-3.1237099241007527,0.05809607644232978,17.212866362716763,-0.04511163172094588,4.7848810976660466e-4
5405,cjobTeacher,0.0026292506496933313,0.0072844357744821986,0.3609408787573842,1,0.5628073192672074,-0.020613090604147427,0.025871591903534087
5405,cjobUnemployed,-0.08872114621901239,0.007276514205839729,-12.192808769315628,5.0471262289733636e-23,19813255199749782e6,-0.11193821224120118,-0.0655040801968236
5405,cvulnerNo surviving family,0.005477911717231068,0.006794198067774324,0.806263176696812,1,0.6770946091659965,-0.01620023535224753,0.027156058786709666
5405,cvulnerNone,-0.01863532721847877,0.006816317021264852,-2.733929064675568,0.13065814957569374,7.653560097456251,-0.04038404890500672,0.0031133944680491812
5405,cvulnerPTSD,-0.020217998656570098,0.006756978122849471,-2.992165771293634,0.07729514121325344,12.937423805735083,-0.04177738859946066,0.0013413912863204647
5405,cvulnerVictim of torture,0.07952119759257437,0.0067880723454480174,11.71484238023776,2.569175723993126e-21,3892298960562168e5,0.057862595774525266,0.10117979941062347
5405,creasonEthnic persecution,0.15206251623430236,0.006230742588176295,24.405199554040678,2.0937314120270593e-86,47761618049749926e69,0.13218217821189368,0.17194285425671105
5405,creasonPolitical persecution,0.14267120206137623,0.006225876582827412,22.91584167519487,7.924887233703622e-77,12618476080607387e60,0.12280638993010905,0.16253601419264344
5405,creasonReligious persecution,0.1435120171862045,0.0062801722181682436,22.851605370157042,2.003407831875643e-76,49914949122654364e59,0.12347396477603932,0.16355006959636964
5405,creligionChristian,0.037317483626091295,0.00517692641533112,7.2084245809594805,1.9590745924908496e-8,51044508.658986695,0.020799541246442618,0.05383542600573997
5405,creligionMuslim,-0.06971222739897422,0.0052629062235301175,-13.24595659472238,5.23994548984092e-27,19084167992563583e10,-0.08650450427822838,-0.05291995051972005
5405,clangFluent,0.06264345942342714,0.00517258619317708,12.110665165146449,1.0020645922586516e-22,997939661500265e7,0.046139365326273454,0.07914755352058082
5405,clangNone,-0.0514578450515069,0.00521514963254602,-9.866993025545334,2.524317663257303e-15,396146655611334.7,-0.0680977456837687,-0.034817944419245093
5505,cconsistMinor inconsistencies,0.07628413412304653,0.0052501819102085,14.52980781003397,1.8784731513634136e-32,5323472413082884e16,0.05956157010821898,0.0930066981378741
5505,cconsistNo inconsistencies,0.10464839459633193,0.005351211019385027,19.55602091138584,2.5630895118343555e-57,39015414615165685e40,0.08760403873229616,0.1216927504603677
5505,cgenderMale,-0.057585098572876164,0.004175255550593671,-13.791993777408011,2.3581409671994567e-29,4240628587983043e13,-0.0708838717234419,-0.044286325422310424
5505,coriginEritrea,0.00796977341645224,0.007760415084703283,1.0269777234160615,1,0.7783295590735811,-0.016748234503092468,0.03268778133599695
5505,coriginIraq,0.007173547678132377,0.007650965298824134,0.9376003416503366,1,0.7309731074798904,-0.01719584735864451,0.03154294271490927
5505,coriginKosovo,-0.017754463175362268,0.007837856012437007,-2.265219359374518,0.2993800464570341,3.3402359704140014,-0.04271913128564757,0.007210204934923033
5505,coriginPakistan,0.001506488151758848,0.007736953147587338,0.19471336106366696,1,0.5411070076761495,-0.023136790215164002,0.0261497665186817
5505,coriginSyria,0.02316573433534667,0.00771184565035324,3.003915714299283,0.074604021429974507,13.4041031680662,-0.0013975731397232842,0.04772904181041662
5505,coriginUkraine,0.015297879003307749,0.007769935491820806,1.9688553424171151,0.4686925472003326,2.133594839460017,-0.00945045274504762,0.04004621075166312
5505,cage38 Years,-0.009174904614347855,0.005136653970707828,-1.7861636517991026,0.5988734871225998,1.6698017553000852,-0.02553586625648809,0.007186057027792379
5505,cage62 Years,-0.05991394109843699,0.005327677536804042,-11.245789686884478,8.278185051072252e-20,12079942569905134e3,-0.07688333952753376,-0.042944542669340224
5505,cjobCleaner,-0.03178271811802652,0.007239785596535008,-4.390008197651304,0.0019338641506798603,517.0994041377957,-0.05484244826876243,-0.008722987967290614
5505,cjobDoctor,0.05596755413756184,0.00718769013865162,7.786584154010445,8.374932418981766e-10,1194039485.899017,0.033073755309632635,0.07886135296549104
5505,cjobFarmer,-0.020782515729526475,0.007096076677982853,-2.9287332525603658,0.08747563546250037,11.431754621876243,-0.04338451286622771,0.001819481407174757
5505,cjobTeacher,0.003752730247241074,0.007232240538840486,0.5188890257572563,1,0.5877693439573298,-0.019282967838996863,0.02678842833347901
5505,cjobUnemployed,-0.0871177213354695,0.0072075781514582635,-12.086961737326916,9.21381784564562e-23,10853264268433442e6,-0.11007486626701468,-0.06416057640392431
5505,cvulnerNo surviving family,0.0045663425736192495,0.006732954833187122,0.6782078131746085,1,0.6292489541747901,-0.016879060677645025,0.026011745824883525
5505,cvulnerNone,-0.019091030976779413,0.006762037785917305,-2.82326594159805,0.10862143080406055,9.206286389321042,-0.04062906750191655,0.0024470055483577224
5505,cvulnerPTSD,-0.019790544966781124,0.006702735223078254,-2.9526073025591257,0.08320045410573956,12.019165168607117,-0.04113969453137484,0.0015586045978125858
5505,cvulnerVictim of torture,0.08023771841476904,0.006737421315966593,11.909262409435298,4.027047928412515e-22,2483208587969813e6,0.058778088790880305,0.10169734803865776
5505,creasonEthnic persecution,0.15004746773805666,0.00617104897556671,24.31474265269095,2.2415451549876077e-86,4461208366804141e70,0.13039181326789523,0.1697031222082181
5505,creasonPolitical persecution,0.14171151538995894,0.006168175482275354,22.974624473181095,1.078052596445242e-77,9275985265444268e61,0.12206501339800355,0.16135801738191433
5505,creasonReligious persecution,0.14182897925372603,0.0062274966155342485,22.774637709146106,1.9765551640604406e-76,5059307314983804e60,0.12199353115184156,0.1616644273556105
5505,creligionChristian,0.038451278062671394,0.005129899753749062,7.495522312023781,4.021896048145536e-9,248638947.4091684,0.022111829546627493,0.054790726578715296
5505,creligionMuslim,-0.06928946897734743,0.005210844746744065,-13.29716626476775,2.334018726918767e-27,4284455769213731e11,-0.08588673862229484,-0.052692199332400026
5505,clangFluent,0.06248135651182757,0.005128944024938062,12.182109262263221,4.147867340303074e-23,2410877489459276e7,0.04614495212577689,0.07881776089787824
5505,clangNone,-0.052628164548829355,0.005171045080411389,-10.177471619458876,2.3923008823766726e-16,4180076207665537,-0.06909866668754562,-0.03615766241011309
5605,cconsistMinor inconsistencies,0.07654758481893685,0.005199445637751895,14.722258900668885,1.8190959653609494e-33,5497236094422196e17,0.06001428058562902,0.09308088905224468
5605,cconsistNo inconsistencies,0.10472835916224944,0.005290030508322462,19.797307217318902,5.141153869576738e-59,19450886422940854e42,0.08790701129344251,0.12154970703105637
5605,cgenderMale,-0.05709022047288133,0.004149590341796779,-13.758037726722,2.2630645398101022e-29,4418786925466614e13,-0.07028517323215003,-0.04389526771361263
5605,coriginEritrea,0.008929495085283849,0.0076890580256203265,1.1613249705660074,1,0.8611412797056427,-0.015520329850303684,0.03337932002087138
5605,coriginIraq,0.008321448455355375,0.007600184282264897,1.0949008795449284,1,0.8159968310328067,-0.01584577392226339,0.03248867083297414
5605,coriginKosovo,-0.0165693528652824,0.007763674381060306,-2.1342153279513867,0.36712151709441965,2.72389373391811,-0.041256444423356096,0.008117738692791296
5605,coriginPakistan,0.0010897747070796081,0.00767518547514641,0.14198675857521473,1,0.5342442471878525,-0.023315938007041112,0.02549548742120033
5605,coriginSyria,0.02340833542391697,0.0076355150666832265,3.065717927276026,0.06455897828124335,15.48971230064425,-8.712325090333879e-4,0.04768790335686733
5605,coriginUkraine,0.015893554225723,0.007704140651578602,2.06298858555579,0.4087203442421787,2.446660691319713,-0.00860423075425749,0.040391339205703494
5605,cage38 Years,-0.008699105062243485,0.005090457709362555,-1.7089042987713607,0.660272443715477,1.514526328514957,-0.024885847238101277,0.007487637113614309
5605,cage62 Years,-0.05963314207447975,0.005283505849833181,-11.286661502676784,4.7466720992075074e-20,21067391618792407e3,-0.07643374269995781,-0.04283254144900169
5605,cjobCleaner,-0.029155724644259997,0.007163793646989048,-4.069872204724125,0.004952811759587798,201.9055131792907,-0.05193530309976601,-0.006376146188753984
5605,cjobDoctor,0.05639355995673549,0.007112165264811931,7.929168946023743,3.4024117963533783e-10,2939091620.455159,0.03377815049328703,0.07900896942018396
5605,cjobFarmer,-0.018809175303029814,0.007041144991274769,-2.6713233893546757,0.1453672887608649,6.8791267177379956,-0.041198753039226994,0.0035804024331673664
5605,cjobTeacher,0.004251045484406,0.007171388424327392,0.5927785852437225,1,0.601781058616442,-0.018552683000366086,0.027054773969178086
5605,cjobUnemployed,-0.08703297261110252,0.00713747973607683,-12.193796105814354,2.844118817564332e-23,35160275085004628e6,-0.10972887755120123,-0.0643370676710038
5605,cvulnerNo surviving family,0.004215855650795171,0.0066748266028469165,0.6316052688165777,1,0.6121504432323797,-0.017008895335765797,0.02544060663735614
5605,cvulnerNone,-0.01916592399275593,0.0067172403901181454,-2.853243725049839,0.101359791112314,9.865845114971947,-0.04052554321287444,0.002193695227362572
5605,cvulnerPTSD,-0.020764107737311497,0.006644564862342268,-3.124976302811192,0.056600523892736836,17.667680989933793,-0.041892631818688575,3.6441634406557746e-4
5605,cvulnerVictim of torture,0.08182004339996068,0.006669424313089609,12.267931917208843,1.514593845855725e-23,6602430101879977e7,0.06061247072553852,0.10302761607438285
5605,creasonEthnic persecution,0.14993017575838005,0.006110571752393393,24.53619429305536,2.0819064916205168e-88,4803289696366809e72,0.13049965395654833,0.16936069756021177
5605,creasonPolitical persecution,0.13948979678786144,0.006117361596772218,22.802280784163916,4.424121190210176e-77,22603359108082955e60,0.12003768449915228,0.1589419090765706
5605,creasonReligious persecution,0.14154263541475284,0.006167723014620254,22.948928653124288,5.158588981289335e-78,19385145892163335e61,0.12193038285323138,0.1611548879762743
5605,creligionChristian,0.037759751721670676,0.005075454716211907,7.439678577184287,4.9015935391377216e-9,204015284.420323,0.02162071637216546,0.05389878707117589
5605,creligionMuslim,-0.07054107650039479,0.005153791486501069,-13.687219726517386,4.42041744937318e-29,2262229781356512e13,-0.08692920872408244,-0.054152944276707145
5605,clangFluent,0.06254050277913026,0.005087805386049283,12.292235656382566,1.2309743668293558e-23,8123646007152197e7,0.04636219451552362,0.0787188110427369
5605,clangNone,-0.052133092643128,0.005116352783930508,-10.189503117702934,1.816176535935694e-16,5506072676381099,-0.06840217650996677,-0.03586400877628923
5705,cconsistMinor inconsistencies,0.076091888158939,0.005150378821328662,14.774037172533514,7.1541007492232155e-34,1397799716629066e18,0.05974090140020799,0.09244287491767
5705,cconsistNo inconsistencies,0.10499279782019626,0.005241082759896879,20.032654058349966,1.0571174304899675e-60,9459686986113795e44,0.088353851874395,0.12163174376599752
5705,cgenderMale,-0.05748521512046799,0.004104336198248721,-14.005971329784423,1.4689793975256488e-30,6807447413383752e14,-0.07051531429550938,-0.04445511594542661
5705,coriginEritrea,0.008407640660214113,0.007642906458820836,1.1000580349260565,1,0.8158758379892831,-0.01585641187683023,0.03267169319725846
5705,coriginIraq,0.007609948013019456,0.007553818597220753,1.0074306014999295,1,0.7603445238344428,-0.01637127592132983,0.03159117194736874
5705,coriginKosovo,-0.015523392778372166,0.007705099926134136,-2.014690649983651,0.43829081116103763,2.281590155520231,-0.039984891871446146,0.008938106314701818
5705,coriginPakistan,9.083520513166041e-4,0.007602063445549597,0.11948756516211029,1,0.5297439453326478,-0.02322603554410847,0.02504273964674168
5705,coriginSyria,0.02293723718596364,0.007566741811207672,3.0313228280089546,0.06890661915976105,14.512393906331184,-0.0010850142743426272,0.046959488646269906
5705,coriginUkraine,0.014804230333477804,0.007646071995942426,1.9361876714388813,0.49019804550833357,2.0399918138453685,-0.009469871882892075,0.03907833254984768
5705,cage38 Years,-0.008459553577940373,0.0050338340897101925,-1.68053881537987,0.6843867383988578,1.4611621527610668,-0.024440543986965622,0.007521436831084876
5705,cage62 Years,-0.060314063254136775,0.0052423606276099785,-11.505134335184852,6.568819350767499e-21,1522343585051034e5,-0.07695706606619607,-0.04367106044207748
5705,cjobCleaner,-0.030425094484318047,0.0070976756811663615,-4.286627883695904,0.002521856370229817,396.5332886538934,-0.052958194496285596,-0.007891994472350502
5705,cjobDoctor,0.05537240054926727,0.007052040382003623,7.851968728167561,4.713651564471651e-10,2121497497.9002063,0.03298417962255276,0.07776062147598178
5705,cjobFarmer,-0.018138187925044753,0.006972068308365278,-2.6015505188441796,0.16493913817524292,6.062842397888183,-0.04027252028113341,0.003996144431043902
5705,cjobTeacher,0.004427111231731932,0.007115165243537977,0.6222077886037367,1,0.6061105687176488,-0.018161513162552892,0.02701573562601676
5705,cjobUnemployed,-0.08696099892751179,0.007065692302557684,-12.307498714037278,8.189166254848549e-24,12211255320502637e7,-0.1093925608161156,-0.06452943703890797
5705,cvulnerNo surviving family,0.00336460967761012,0.00661258964592086,0.5088187620542375,1,0.5786771790069627,-0.017628480246886152,0.024357699602106396
5705,cvulnerNone,-0.018869485327287713,0.006652834980096041,-2.836307436414921,0.10409002006191422,9.607068952481573,-0.039990342732396086,0.0022513720778206646
5705,cvulnerPTSD,-0.021546058386339904,0.0065785982852809895,-3.2751746575782312,0.039588338823376173,25.259963659033822,-0.04243123541607354,-6.608813566062674e-4
5705,cvulnerVictim of torture,0.08156402397106406,0.006610385674176029,12.338769323203044,6.25669367850312e-24,15982882515661923e7,0.06057793102952118,0.10255011691260695
5705,creasonEthnic persecution,0.15030494325154095,0.006051419013331853,24.837966586085816,5.251817243924207e-91,19041028153767033e74,0.13109341035443328,0.16951647614864862
5705,creasonPolitical persecution,0.13946592344372308,0.006058646589823673,23.01931980617176,6.153240195872473e-79,1625160026534945e63,0.12023144504850447,0.15870040183894168
5705,creasonReligious persecution,0.14071340776923458,0.006103243153341833,23.05551396755132,3.5959245621682126e-79,2780925969695638e63,0.12133734797876974,0.1600894675596994
5705,creligionChristian,0.03870461166690581,0.005030220992096703,7.694415757819997,1.1283126187320823e-9,886279195.4979011,0.02273509181437468,0.05467413151943694
5705,creligionMuslim,-0.0705192368714718,0.005110011770914087,-13.800210260348814,1.0640922832436605e-29,9397681157424723e13,-0.08674206973517581,-0.05429640400776777
5705,clangFluent,0.06180898200032877,0.005049577282137634,12.240426979694272,1.455562380190426e-23,6870196795476217e7,0.04577801143647389,0.07783995256418365
5705,clangNone,-0.05284672309980989,0.005076438565427531,-10.410196522364338,3.035837581962248e-17,32939838611314596,-0.06896297059233976,-0.036730475607280016
5805,cconsistMinor inconsistencies,0.07685779381001552,0.005102278984733317,15.063424410931674,2.419650415065769e-35,41328284192360025e18,0.06068452211485663,0.09303106550517441
5805,cconsistNo inconsistencies,0.10526491435960772,0.005188082763082823,20.289752335611933,1.5399806110849882e-62,6493588249110833e46,0.08881966070817596,0.12171016801103948
5805,cgenderMale,-0.05852977355657891,0.004069975866855735,-14.380865015250365,2.549001726888322e-32,39231044430116715e15,-0.07143083711746104,-0.045628709995696785
5805,coriginEritrea,0.008010190810435153,0.007573698614132258,1.0576326334782342,1,0.785923108387735,-0.015997019651815117,0.032017401272685424
5805,coriginIraq,0.008502850616664896,0.007489207266240689,1.135347215584944,1,0.836055083770024,-0.015236538048809992,0.03224223928213978
5805,coriginKosovo,-0.014375680571783457,0.007647318904646336,-1.8798327559020878,0.5298375770746248,1.8873708533873117,-0.03861625360874267,0.009864892465175757
5805,coriginPakistan,0.001177420763877735,0.007530266244931915,0.1563584507613091,1,0.5283819799388231,-0.022692117197605055,0.025046958725360523
5805,coriginSyria,0.023788713204083867,0.007500122509802576,3.1717766173808877,0.04977507291438824,20.09037740075183,1.4725254588357495e-5,0.04756270115357938
5805,coriginUkraine,0.014978670626107393,0.007565509027433103,1.9798628977632053,0.46061622235290395,2.1710047355515063,-0.009002580375448389,0.03895992162766317
5805,cage38 Years,-0.008130531251418993,0.004998640031929662,-1.6265486611325968,0.7311866100228882,1.3676399243261541,-0.02397528681743038,0.0077142243145923925
5805,cage62 Years,-0.06064689060176689,0.0051973304689696305,-11.668854032633819,1.3650573790415897e-21,7325699383436193e5,-0.07712145775414829,-0.04417232344938549
5805,cjobCleaner,-0.03133614586425971,0.007030107525548471,-4.457420565813457,0.001432556871545571,698.0525659139174,-0.053620274073846314,-0.009052017654673106
5805,cjobDoctor,0.05535813012723189,0.006997013277081561,7.91168001760912,3.0357617389158193e-10,3294066155.3931313,0.033178904505999224,0.07753735574846456
5805,cjobFarmer,-0.019266992406132243,0.0069313709252554305,-2.779679895059465,0.11590415586541072,8.627818325696722,-0.041238144028673374,0.002704159216408892
5805,cjobTeacher,0.005350053340199407,0.0070610391674712355,0.7576863990283483,1,0.6450218592855312,-0.017032122398793387,0.027732229079192202
5805,cjobUnemployed,-0.08610237621088287,0.007007957064439575,-12.286373249601018,7.501992712061149e-24,13329791675114187e7,-0.10831629159464025,-0.0638884608271255
5805,cvulnerNo surviving family,0.0015017117461181984,0.00657476306511947,0.22840545449996547,1,0.5337246310911379,-0.01933905954483674,0.022342483037073136
5805,cvulnerNone,-0.020819496539765954,0.006597787442809447,-3.155527018751709,0.05166326159270113,19.35611436776337,-0.04173325080893635,9.425772940444e-5
5805,cvulnerPTSD,-0.023381762089487265,0.006517606357518111,-3.587476875235985,0.017999127453311434,55.55824873144184,-0.044041357289522146,-0.0027221668894523814
5805,cvulnerVictim of torture,0.07915918656217992,0.006548279410921937,12.088547478616988,4.083822450535322e-23,24486862788780555e6,0.05840236351006079,0.09991600961429906
5805,creasonEthnic persecution,0.14971781723014005,0.005997689409144753,24.962582590866308,2.0562477798092812e-92,4863227135461033e76,0.1307062616786858,0.1687293727815943
5805,creasonPolitical persecution,0.1393893287995389,0.006003485618213071,23.21806658063219,1.080662730540042e-80,9253580897531903e64,0.12035940034759363,0.15841925725148415
5805,creasonReligious persecution,0.13969414096958255,0.006055485279431244,23.069024945710577,1.0106286830175499e-79,9894830978022366e63,0.12049938330083944,0.15888889863832567
5805,creligionChristian,0.037826354185111,0.004987844825068551,7.583707094294204,1.874285431089707e-9,533536665.980806,0.02201581740919177,0.053636890961030234
5805,creligionMuslim,-0.07083475814692226,0.005066574396860136,-13.980798977474814,1.3139861697031147e-30,7610430178469401e14,-0.08689485296520624,-0.054774663328638284
5805,clangFluent,0.061354997747918215,0.0050035873171195835,12.262201868246493,9.240404253622717e-24,10822037354133594e7,0.04549456021160112,0.0772154352842353
5805,clangNone,-0.05252982550519775,0.005028807815626408,-10.44578107398889,1.9322070308427098e-17,51754288439984696,-0.06847020731266479,-0.036589443697730706
5905,cconsistMinor inconsistencies,0.07768235782849026,0.005055468878974451,15.366004556287338,6.5896216035659115e-37,15175378195598658e20,0.061681272696544054,0.09368344296043646
5905,cconsistNo inconsistencies,0.10512624125426741,0.005136562721899311,20.466262546755317,6.364334834644737e-64,15712561107822683e47,0.08886848566990996,0.12138399683862486
5905,cgenderMale,-0.05810290618911802,0.0040408696747638645,-14.378812202725486,1.8009560102515183e-32,5552606472938458e16,-0.07089267924892427,-0.04531313312931177
5905,coriginEritrea,0.007958606029455854,0.007507118723096431,1.0601412236855101,1,0.7840536502140304,-0.015802206005898052,0.03171941806480976
5905,coriginIraq,0.008070550591738633,0.007430041321707924,1.086205344263614,1,0.8002066492106703,-0.015446303446663489,0.03158740463014076
5905,coriginKosovo,-0.0161924154769045,0.007588374996599971,-2.133844925186174,0.3655424830978823,2.735660138666365,-0.040210412074355564,0.007825581120546564
5905,coriginPakistan,0.0012194485796912342,0.007457980937379659,0.16350921112969272,1,0.5255696570574736,-0.02238583725002833,0.024824734409410798
5905,coriginSyria,0.02345064931391187,0.007428037863057654,3.1570449351827508,0.05093553018294261,19.632661060135227,-5.98635693592961e-5,0.046961162197183035
5905,coriginUkraine,0.01495618529016681,0.007499771182315423,1.994218880361807,0.4509467753866183,2.2175566044188963,-0.00878137101394596,0.03869374159427958
5905,cage38 Years,-0.008562653745530606,0.0049562864945891525,-1.7276349450094493,0.6473234277887087,1.5448228151050447,-0.024249816308842476,0.0071245088177812645
5905,cage62 Years,-0.06149124657587612,0.005159511451223018,-11.918036650795717,1.3477771286235478e-22,741962434858407e7,-0.07782163727685071,-0.045160855874901526
5905,cjobCleaner,-0.031536103508525114,0.006968228519101705,-4.52569880882588,0.0011153186980953512,896.6047119157216,-0.05359127196514915,-0.009480935051901077
5905,cjobDoctor,0.05450591774549366,0.0069455961510668145,7.847550672395743,3.943440369573435e-10,2535856780.5810914,0.03252238308908348,0.07648945240190384
5905,cjobFarmer,-0.019490851537577396,0.006882027215301976,-2.832138108120248,0.10341048449166845,9.670199350826634,-0.04127318389658034,0.0022914808214255546
5905,cjobTeacher,0.005582716330714749,0.007001168925951234,0.797397747399194,1,0.6562604548194563,-0.01657671194174405,0.02774214460317355
5905,cjobUnemployed,-0.08788583334314405,0.006953944437740192,-12.638270859078666,2.615404790592413e-25,38234999170950166e8,-0.1098957911956938,-0.0658758754905943
5905,cvulnerNo surviving family,0.0032430214716569357,0.006525100754388788,0.49700711049950863,1,0.5695225651465408,-0.01740960149270036,0.02389564443601423
5905,cvulnerNone,-0.019914879939409547,0.006560287934412595,-3.0356716257748704,0.06695714770696445,14.934925310386038,-0.04067887399052314,8.491141117040503e-4
5905,cvulnerPTSD,-0.0211346322172979,0.006468491923356127,-3.267319874202202,0.039362840340534465,25.404670784649532,-0.041608082340073516,-6.611820945222786e-4
5905,cvulnerVictim of torture,0.08163905228063052,0.006493103405546085,12.573194539131862,4.663371724706934e-25,2144371195420507e9,0.06108770425537097,0.10219040030589008
5905,creasonEthnic persecution,0.15031883562040788,0.005947750837931686,25.273223394253826,4.00184564538271e-95,24988470036414076e78,0.13149358522728202,0.16914408601353373
5905,creasonPolitical persecution,0.13881230919192808,0.00596598079767133,23.26730740503053,1.780560953441027e-81,561620762303839e66,0.11992935907900787,0.1576952593048483
5905,creasonReligious persecution,0.13896531236228873,0.00600909236774301,23.125840619168834,1.5138159633861414e-80,660582279607605e65,0.1199459096434079,0.15798471508116957
5905,creligionChristian,0.036661256363423406,0.004947007244308319,7.41079496206586,4.345677269534734e-9,230113728.64949638,0.02100346359295543,0.05231904913389138
5905,creligionMuslim,-0.07043793378070223,0.005017838371247892,-14.037505509206934,5.331936516173151e-31,18754911971789984e14,-0.08631991443943227,-0.05455595312197221
5905,clangFluent,0.06069541501239721,0.004957721932981652,12.242601709590847,8.431339975236728e-24,11860510938202596e7,0.04500370913718492,0.0763871208876095
5905,clangNone,-0.05290897232815502,0.0049751068890843166,-10.634740822200321,3.8865999938369885e-18,257294293620570080,-0.06865570339870988,-0.037162241257600155
6005,cconsistMinor inconsistencies,0.07685650272659386,0.0050207427118980005,15.307795506920062,8.118362243281648e-37,12317755355491189e20,0.06098805315637848,0.09272495229680924
6005,cconsistNo inconsistencies,0.10401981555850666,0.005102981228141074,20.384126632658464,9.042187199980576e-64,11059271146279168e47,0.08789144473308734,0.12014818638392598
6005,cgenderMale,-0.057294608487921145,0.004006801766443662,-14.29933693444845,2.799381038824993e-32,35722182372848326e15,-0.06995841848917597,-0.04463079848666632
6005,coriginEritrea,0.006793668089158008,0.007427837289244177,0.9146226316771273,1,0.7027262550026493,-0.01668259193922704,0.030269928117543053
6005,coriginIraq,0.007690458202723456,0.007366801523718112,1.043934491510773,1,0.77101764401719175,-0.01559289352049498,0.030973809925941894
6005,coriginKosovo,-0.01764764541008817,0.007522077626789911,-2.346113173205765,0.2577664224321461,3.8794812395056537,-0.041421759387507626,0.006126468567331289
6005,coriginPakistan,0.0016420793084755045,0.007385962605759232,0.2223243463479069,1,0.5267376551690094,-0.021701832511431363,0.02498599112838237
6005,coriginSyria,0.023405965289395553,0.007365250473833577,3.1778912845597853,0.04803424724988519,20.818479673424882,1.2751578050794118e-4,0.04668441479828317
6005,coriginUkraine,0.014271874734854027,0.007436452609895072,1.9191777966639127,0.5018907801973717,1.9924653718618697,-0.009231614687492192,0.037775364157200245
6005,cage38 Years,-0.009277353234956483,0.004908892836744412,-1.8899074686481123,0.5227940677656996,1.9127990573301028,-0.024792292536839747,0.00623758606692678
6005,cage62 Years,-0.06211048241371708,0.005116443053143058,-12.139387025047077,1.5984737990658214e-23,6255967414570192e7,-0.07828140038871664,-0.045939564438717516
6005,cjobCleaner,-0.03184641546813878,0.006914793028018884,-4.605548617159827,8.313773377521014e-4,1202.8232603787646,-0.053701159029000176,-0.00999167190727739
6005,cjobDoctor,0.053063498384007896,0.006906182364779225,7.683477727814709,8.988165334240618e-10,1112574104.7402382,0.031235969496995617,0.07489102727102018
6005,cjobFarmer,-0.021901103858270217,0.00683650797162398,-3.20355127927507,0.045243878501370016,22.102437569973567,-0.04350842138262906,-2.93786333911375e-4
6005,cjobTeacher,0.004566833916235881,0.006951445320822432,0.6569617835526,1,0.6058741725793438,-0.01740375207937278,0.026537419911844544
6005,cjobUnemployed,-0.08960404080735794,0.006910818513844308,-12.96576384227945,1.0245975569007538e-26,9759929576885216e10,-0.11144622260567454,-0.06776185900904134
6005,cvulnerNo surviving family,0.0033392499088492427,0.0064680800261949205,0.5162660163952356,1,0.5703314134197325,-0.01710362231174119,0.023782122129439674
6005,cvulnerNone,-0.019094948955818928,0.006508863345305824,-2.93368410777746,0.0828877995740727,12.064501713624932,-0.03966672004252407,0.0014768221308862177
6005,cvulnerPTSD,-0.019451469153087524,0.006412018288863021,-3.033595394896582,0.06665495652929734,15.0026352437941,-0.03971715387319885,8.142155670237995e-4
6005,cvulnerVictim of torture,0.08149929149392895,0.006432569879034094,12.66978719649242,1.5024307129909198e-25,6655880975764129e9,0.061168651867555546,0.10182993112030236
6005,creasonEthnic persecution,0.1509901839407853,0.0059039690217043824,25.574352335811685,8.358083760654318e-98,11964464925650785e81,0.13233022861923224,0.16965013926233838
6005,creasonPolitical persecution,0.13907980042706627,0.005912722686941668,23.52212471155226,1.2704472323003856e-83,7871243878341255e67,0.12039217846267902,0.15776742239145353
6005,creasonReligious persecution,0.13888621012307875,0.005965773304658187,23.28050414095249,5.1658374776001224e-82,1935794543161987e66,0.12003091753699077,0.15774150270916673
6005,creligionChristian,0.03671314193758664,0.00490670586916888,7.482238168844075,2.7120790926026865e-9,368720810.07059985,0.0212051147175756,0.052221169157597676
6005,creligionMuslim,-0.06953457209090372,0.004973431536369058,-13.981206252146112,6.604190409866942e-31,15141901398026887e14,-0.08525349099482754,-0.053815653186979895
6005,clangFluent,0.06061482655784721,0.0049222524332282434,12.31444900075821,3.496933649363967e-24,28596481954465534e7,0.04505766320760159,0.07617198990809282
6005,clangNone,-0.05315422202321727,0.004935185996527216,-10.770459727479523,1.1398572299758628e-18,877302853113609300,-0.06875226291066203,-0.03755618113577251
6105,cconsistMinor inconsistencies,0.07826576814034708,0.004988073607250135,15.690580032056516,8.516613176532935e-39,11741756720329223e22,0.06252227835147545,0.09400925792921871
6105,cconsistNo inconsistencies,0.10468082842131293,0.0050641770076623426,20.670847062202963,7.986354003609744e-66,12521358301272532e49,0.08869713906811519,0.12066451777451068
6105,cgenderMale,-0.05748124750163668,0.003968128403721149,-14.485732731766722,2.9865758015785742e-33,33483161534739664e16,-0.07000555927484559,-0.04495693572842779
6105,coriginEritrea,0.0081206007559416,0.007379785554812695,1.100384380498128,1,0.8026562264112427,-0.015171673511499839,0.03141287502338304
6105,coriginIraq,0.009810907082825044,0.007308093426776366,1.3424714915217881,1,0.9976639728434266,-0.013255090594783822,0.03287690476043391
6105,coriginKosovo,-0.016605376126231076,0.007458267893743748,-2.2264386802410567,0.3142914304083246,3.1817603130343355,-0.040145358426643775,0.006934606174181623
6105,coriginPakistan,0.002627770570389669,0.007327090291250914,0.3586376673326137,1,0.5390744394671151,-0.020498185513093747,0.025753726653873082
6105,coriginSyria,0.023427305279539703,0.0072846827759887114,3.215967805318748,0.043478709600183775,22.999762623952694,4.351969168540498e-4,0.046419413642225356
6105,coriginUkraine,0.016215569689400494,0.007371860059458793,2.199657828365093,0.3282852550582918,3.046131328141544,-0.007051689920078694,0.03948282929887968
6105,cage38 Years,-0.009910082505320278,0.004861643140415625,-2.0384224467106935,0.4220109757556144,2.3696066155850355,-0.02525452911232743,0.005434364101686875
6105,cage62 Years,-0.06237458287603203,0.005074184017348021,-12.292534654395835,3.2983820164564453e-24,3031789510768468e8,-0.07838985661775497,-0.0463593091343091
6105,cjobCleaner,-0.031865406231472056,0.006855518964584466,-4.648139170220138,6.994993812636387e-4,1429.5938306528733,-0.0535029764268028,-0.01022783603614131
6105,cjobDoctor,0.054061056013324095,0.006856586035152283,7.884544252221786,2.631805274812305e-10,3799673211.2763095,0.03242011790165707,0.07570199412499112
6105,cjobFarmer,-0.022991417231176613,0.006765136132426254,-3.398515089884962,0.02791261254431896,35.82609827053002,-0.04434371874219928,-0.0016391157201539504
6105,cjobTeacher,0.004806754936109546,0.006893490866933633,0.6972889395076096,1,0.6148605933418911,-0.016950663181278573,0.02656417305349766
6105,cjobUnemployed,-0.09014784193469191,0.006845050815073769,-13.169784179859356,1.1648464810068535e-27,8584822260317379e11,-0.1117523722797906,-0.06854331158959323
6105,cvulnerNo surviving family,0.0030489624503026104,0.0064142728977126294,0.4753403072996613,1,0.5587248294699351,-0.01719593524354791,0.02329386014415313
6105,cvulnerNone,-0.02027316832593113,0.006447844961475427,-3.1441773874929098,0.05141309150392427,19.450298955931714,-0.04062402705497422,7.76904031119588e-5
6105,cvulnerPTSD,-0.020802216719977284,0.0063536282390493125,-3.274068915793207,0.03785844707265172,26.414184345199477,-0.04085570613889221,-7.487273010623602e-4
6105,cvulnerVictim of torture,0.080383741930167,0.006378135018746602,12.603016664574088,2.098755248736484e-25,47647290011640523e8,0.06025290356528591,0.10051458029504808
6105,creasonEthnic persecution,0.15115476755529075,0.005848148120071275,25.846603822587266,2.6061633103394217e-100,38370580847052216e83,0.13269668785126887,0.16961284725931264
6105,creasonPolitical persecution,0.13856370380448704,0.00585861231329786,23.651284023347234,6.066469491081285e-85,16484052239447766e68,0.12007259673716159,0.1570548108718125
6105,creasonReligious persecution,0.13934767056848849,0.005913523683306702,23.564236490986467,2.3467177288316125e-84,4261270913472331e68,0.1206832507834496,0.15801209035352737
6105,creligionChristian,0.03754535394079678,0.004862891731427449,7.72078755078015,6.659497483627812e-10,1501614802.706168,0.022196966497829113,0.052893741383764445
6105,creligionMuslim,-0.06926735022618898,0.004931756616191496,-14.045168003379707,2.521272159709652e-31,39662517041205075e14,-0.08483309083902943,-0.05370160961334852
6105,clangFluent,0.06026706387295492,0.0048710596325988635,12.372475070850353,1.6328690295965105e-24,6124189888316423e8,0.04489289668437529,0.07564123106153454
6105,clangNone,-0.053951399673240426,0.004894213863350794,-11.023506773425492,1.3038805245573035e-19,7669414345609021e3,-0.06939864685704755,-0.038504152489433306
6205,cconsistMinor inconsistencies,0.07804134174196196,0.004942379811448458,15.790235619121807,1.8709721568410875e-39,5344814974095501e23,0.0624627599923043,0.09361992349161963
6205,cconsistNo inconsistencies,0.10526772528796707,0.005019353558160417,20.9723670724139,5.304275495866611e-68,18852716092504172e51,0.08944651916473294,0.12108893141120121
6205,cgenderMale,-0.05790705794702355,0.003937436999234864,-14.706789710737274,2.1494836932401997e-34,4652280001680628e18,-0.07031801916749081,-0.04549609672655629
6205,coriginEritrea,0.007899036838291648,0.007310222142643466,1.0805467582460166,1,0.7867125096855639,-0.01514308003696997,0.030941153713553264
6205,coriginIraq,0.008765437951280876,0.0072346743036895665,1.2115870851035608,1,0.8790155529703525,-0.01403854906952741,0.031569424972089165
6205,coriginKosovo,-0.01611269532993679,0.007394070031023206,-2.179137506452192,0.3388007747326302,2.9515871113021075,-0.03941910415229527,0.007193713492421691
6205,coriginPakistan,0.002770781673857851,0.0072478013654258275,0.3822927166678857,1,0.5394457650089703,-0.020074582378298258,0.02561614572601396
6205,coriginSyria,0.023597088045527077,0.007220756414548514,3.267952371026286,0.03800315103328599,26.31360749860256,8.369707761418446e-4,0.04635720531491231
6205,coriginUkraine,0.01604997183412512,0.007298709349093723,2.1990150677966147,0.32809106925243303,3.0479342283791357,-0.006955856248626834,0.039055799916877076
6205,cage38 Years,-0.00992174140474333,0.004817360297870228,-2.059580515314532,0.40849024809206397,2.448038856914459,-0.02510625657374901,0.00526277376426235
6205,cage62 Years,-0.06288405653569547,0.005029756680284082,-12.502405291729492,4.007942104874369e-25,24950460207092873e8,-0.07873805372206882,-0.04703005934932211
6205,cjobCleaner,-0.029702923411796135,0.006810963253601802,-4.361045905817876,0.0017612175261105746,567.7890352410773,-0.05117135600663022,-0.00823449081696205
6205,cjobDoctor,0.05585064725782935,0.006799482886907275,8.213955117877038,3.464923255097364e-11,28860668083.45226,0.03441840124474126,0.07728289327091745
6205,cjobFarmer,-0.02186310425767328,0.006712842016545106,-3.25690731344301,0.03902635003750716,25.62371318452603,-0.04302225473110413,-7.039537842424282e-4
6205,cjobTeacher,0.006606315929260814,0.006838777682905864,0.966008289138261,1,0.7214609951239834,-0.014949788875574145,0.02816242073409577
6205,cjobUnemployed,-0.08907974810286373,0.006785334606561745,-13.128276388421483,1.2962537445088984e-27,7714538949153527e11,-0.11046739816210194,-0.06769209804362553
6205,cvulnerNo surviving family,0.00410030160842117,0.006371239155246924,0.6435642280111927,1,0.5955943913179954,-0.015982102782419343,0.024182705999261686
6205,cvulnerNone,-0.01877032395057354,0.006398086451531456,-2.9337402819995724,0.08160798255393788,12.253703237168756,-0.03893735210888677,0.0013967042077396956
6205,cvulnerPTSD,-0.020069429419678736,0.006310885431518581,-3.1801289434673596,0.04682633703365053,21.355503405730325,-0.03996159642390232,-1.7726241545515387e-4
6205,cvulnerVictim of torture,0.08147220908568995,0.006325404877649035,12.8801571854434,1.29869749982914e-26,7700022523578913e10,0.06153427619799883,0.10141014197338105
6205,creasonEthnic persecution,0.15215935760297775,0.005791444956314237,26.27312505786367,5.5763859189575856e-104,17932761730144635e87,0.13390448805782587,0.17041422714812962
6205,creasonPolitical persecution,0.1386447119279977,0.005807188484430367,23.87467055696876,6.50648881452566e-87,15369272560148134e70,0.12034021814328072,0.1569492057127147
6205,creasonReligious persecution,0.14118032718652246,0.005868483217360976,24.057379387038694,3.6109064869125254e-88,276938769703516e73,0.1226826299159926,0.15967802445705231
6205,creligionChristian,0.03758113788619543,0.004822545370177888,7.7928013116461745,4.0494981657924246e-10,2469441790.21332,0.022380279158842484,0.052781996613548376
6205,creligionMuslim,-0.06978074979510558,0.004900516036891376,-14.239469735389488,2.591293227088807e-32,38590769641436983e15,-0.08522737522833931,-0.05433412436187185
6205,clangFluent,0.06016742052348807,0.004835230827434988,12.4435466828387,6.78032246643876e-25,14748561074341228e8,0.04492657672002791,0.075408264326948235
6205,clangNone,-0.05408458405176995,0.004852988110772751,-11.144594385408034,4.085593629456704e-20,2447624728974767e4,-0.06938139953298106,-0.038787768570558837
6305,cconsistMinor inconsistencies,0.0785286914394164,0.004896982247556426,16.036139701874944,7.85179022664258e-41,12735949014618534e24,0.06311292936786148,0.09394445351097133
6305,cconsistNo inconsistencies,0.10479685349865438,0.00497707866041753,21.055896570833564,7.487221349979472e-69,13356089706132993e52,0.08912894690603895,0.1204647600912698
6305,cgenderMale,-0.05854305940567901,0.00390432207809173,-14.99442367579788,7.28354459233395e-36,13729578879114937e19,-0.07083391470469805,-0.04625220410665998
6305,coriginEritrea,0.008156286346718304,0.007260058663717818,1.1234463417602103,1,0.8114377525865595,-0.014698470180375954,0.03101104287381256
6305,coriginIraq,0.009042845701103176,0.0071837228650465665,1.258796569826272,1,0.9145152386088506,-0.013571604765979257,0.031657296168185606
6305,coriginKosovo,-0.01546597732347616,0.007338531641095937,-2.1075029828673557,0.37911501889658655,2.6377219317517353,-0.038567767776190885,0.007635813129238564
6305,coriginPakistan,0.0037649646748463736,0.007199879408564815,0.5229205186919736,1,0.5623210349469201,-0.018900346795642866,0.02643027614533561
6305,coriginSyria,0.02295705764455641,0.0071577561087079414,3.2072981107343748,0.04348970160160194,22.99394944487651,4.2435085495739697e-4,0.04548976443415542
6305,coriginUkraine,0.015977530373696085,0.007237847270093658,2.207497585603148,0.3230849987032158,3.0951607286434086,-0.006807304405252453,0.038762365152644626
6305,cage38 Years,-0.009589932179333788,0.004781386878810963,-2.005680030167025,0.44278508955156176,2.2584319652966798,-0.02464179856757418,0.0054619342089066054
6305,cage62 Years,-0.06346235510867303,0.0049812023284919234,-12.74036887553742,3.6135807915763204e-26,27673381548051093e9,-0.07914324306055898,-0.047781467156787084
6305,cjobCleaner,-0.029588792176730213,0.0067509540799616016,-4.382905264391683,0.0016030016350689707,623.8296818436957,-0.05084088103300739,-0.008336703320453036
6305,cjobDoctor,0.054913007494014614,0.006734916575061793,8.153479984792654,4.503915985738533e-11,22202900834.88367,0.033711404906067326,0.07611461008196191
6305,cjobFarmer,-0.022107970776540992,0.0066721515962891945,-3.3134694944336447,0.03365716522907688,29.71135546305862,-0.0431119884172144,-0.0011039531358675858
6305,cjobTeacher,0.00717252473076998,0.0067836579423969055,1.0573240560881927,1,0.7691798170327379,-0.01418251629822032,0.028527565759760277
6305,cjobUnemployed,-0.08933022512353248,0.006729786068273728,-13.273858071753947,2.4850943890770117e-28,40239920237855024e11,-0.11051567681120014,-0.06814477343586481
6305,cvulnerNo surviving family,0.003808024862134774,0.006309853351805034,0.6035044952424177,1,0.5815785627536182,-0.01605547332113263,0.02367152304540218
6305,cvulnerNone,-0.01884100807170551,0.006338425873312553,-2.972505863172448,0.07442498166241922,13.436348624657418,-0.03879445291417596,0.0011124367707649394
6305,cvulnerPTSD,-0.01932699032991824,0.006271394750698111,-3.081769063854069,0.0582548655985724,17.165948109654657,-0.039069420350325755,4.154396904892735e-4
6305,cvulnerVictim of torture,0.08208458419766636,0.006272234458331556,13.086976378670203,1.4531979014111121e-27,6881375200369893e11,0.06233951076700484,0.10182965762832788
6305,creasonEthnic persecution,0.15244278322831475,0.005740356371913838,26.55632740402322,1.2156707209436778e-106,8225911694440901e90,0.13437206874297736,0.17051349771365215
6305,creasonPolitical persecution,0.13837803800253387,0.005759770611504315,24.024921708886044,2.1459422513130142e-88,4659957645123679e72,0.12024620724533816,0.15650986875972958
6305,creasonReligious persecution,0.14169619209843926,0.005824131201958941,24.329155231046286,1.6340155536523846e-90,6119892786606467e74,0.12336175338820708,0.16003063080867141
6305,creligionChristian,0.037812066651773224,0.004787424281117797,7.898206724837147,2.0201514460382714e-10,4950123922.447026,0.022741194444686162,0.052882938858860286
6305,creligionMuslim,-0.06967542922966691,0.004854455352781389,-14.352882901630965,5.887299030465156e-33,16985717810922706e16,-0.08495731609842298,-0.05439354236091083
6305,clangFluent,0.06127082057140819,0.004799612224657258,12.765785589227171,2.862782070861644e-26,34931055709001936e9,0.04616158056385797,0.07638006057895841
6305,clangNone,-0.054158219698029336,0.0048277177588748055,-11.2181826699521,1.8571541755396467e-20,5384582568161972e4,-0.06935593628288549,-0.038960503113173194
6405,cconsistMinor inconsistencies,0.07742236704733797,0.004862902203815691,15.921020781908439,1.9164899639568434e-40,5217872354183215e24,0.062132745014957164,0.09271198907971878
6405,cconsistNo inconsistencies,0.10472766110891098,0.004936515858892128,21.214894087753294,3.5446164136000193e-70,28211797365807767e53,0.08920658779181019,0.12024873442601176
6405,cgenderMale,-0.05780781675687501,0.003875145279020845,-14.917586979211691,1.1579461060899608e-35,8635980506698211e19,-0.06999179746500096,-0.04562383604874906
6405,coriginEritrea,0.007601987338652333,0.007192479694479764,1.05693553010471,1,0.7657440788299096,-0.015012141302034876,0.030216115979339542
6405,coriginIraq,0.010075625398146597,0.007113684775687412,1.4163722059462447,0.9378803071446464,1.0662341371091109,-0.012290761364149163,0.03244201216044236
6405,coriginKosovo,-0.015670135613723893,0.007271543421690897,-2.1549944358415205,0.3513130756220147,2.8464639359905908,-0.03853285130281626,0.007192580075368472
6405,coriginPakistan,0.003961867379934103,0.007148287950257034,0.5542400372653769,1,0.5663431007672999,-0.018513316441836736,0.02643705120170494
6405,coriginSyria,0.02281193696732929,0.007096762533115978,3.2144145814208676,0.04234695026958731,23.614451421739783,4.987560237017484e-4,0.04512511791095683
6405,coriginUkraine,0.01556707909206813,0.007173687020399644,2.170024848839989,0.34291604403046955,2.9161656837238734,-0.006987962840390131,0.03812212102452639
6405,cage38 Years,-0.009902293903937672,0.004741412511427033,-2.0884691808765146,0.3902305342171152,2.5625877841830373,-0.024809935917062636,0.005005348109187291
6405,cage62 Years,-0.06398390621639397,0.004947073933119826,-12.933687080767582,4.691989856956956e-27,2131291904898877e11,-0.0795381755464034,-0.04842963688638454
6405,cjobCleaner,-0.02979628293091611,0.006702501740092982,-4.445546467027512,0.0012757115470211201,783.8762628864442,-0.05086985463404148,-0.008722711227790742
6405,cjobDoctor,0.05406846814994972,0.006684194122439094,8.089003275419518,6.012900684185092e-11,16630908317.347778,0.03305245807206569,0.07508447822783376
6405,cjobFarmer,-0.021115437157862075,0.006626027956629091,-3.186741332224063,0.045229389851002416,22.10951780013537,-0.04194856494590489,-2.8230936981926344e-4
6405,cjobTeacher,0.006826525804605307,0.006750035954542758,1.011331769279106,1,0.7393134305257163,-0.014396499895759186,0.028049551504969798
6405,cjobUnemployed,-0.08978051294574227,0.006677735604793252,-13.444754069223432,3.6544817419559347e-29,27363661132010054e12,-0.11077621657090411,-0.06878480932058043
6405,cvulnerNo surviving family,0.004411758196244035,0.006248867958977626,0.7060091884171994,1,0.6081607484626299,-0.0152355275641101,0.02405904395659817
6405,cvulnerNone,-0.0185060862873641,0.006280271474021154,-2.9467016456081567,0.07818987019570121,12.789380484928582,-0.03825210894502351,0.0012399363702953088
6405,cvulnerPTSD,-0.019589879091181657,0.00622125969674657,-3.148860527623731,0.04945029306240387,20.22232706969094,-0.03915036074222171,-2.93974401416007e-5
6405,cvulnerVictim of torture,0.08306488399221057,0.006218959276782629,13.356717787543397,8.540293513663143e-29,11709199436765907e12,0.06351163517257247,0.10261813281184867
6405,creasonEthnic persecution,0.15423687851004575,0.005693143417597698,27.091690336360465,2.9674075193603087e-111,3369944955236794e95,0.13633686584622853,0.17213689117386297
6405,creasonPolitical persecution,0.1401945466076107,0.005710257313278253,24.551353628427847,1.5550153792580695e-92,643080456527138e77,0.12224072554183713,0.15814836767338425
6405,creasonReligious persecution,0.1422911464524105,0.005781184294430368,24.612802361186574,5.697097967258696e-93,1755279627886012e77,0.12411432136799501,0.160467971536826
6405,creligionChristian,0.0381716275304675,0.004753299644069686,8.03055359198556,8.503167219849605e-11,11760323819.877636,0.023226610765077867,0.053116644295857135
6405,creligionMuslim,-0.06934856388436925,0.004819978845610168,-14.387732001672367,2.9747769134360858e-33,336159661413039e18,-0.0845032290749678,-0.0541938986937707
6405,clangFluent,0.0610047152099237,0.004754640114607852,12.830564194016855,1.2233547421957211e-26,8174243868178122e10,0.04605548382391965,0.07595394659592775
6405,clangNone,-0.05514676297009716,0.0047931527430794835,-11.505321429558013,1.4340687128012875e-21,6973166564987082e5,-0.07021708326723389,-0.04007644267296043
6505,cconsistMinor inconsistencies,0.07723633422456828,0.004838112337083939,15.96414651899561,7.898988019935182e-41,12659849558908507e24,0.062042720111065396,0.09242994833807117
6505,cconsistNo inconsistencies,0.10493798573430316,0.004903157560964768,21.402123923110292,1.0845624545784328e-71,9220308113917682e55,0.08954010351730944,0.12033586795129687
6505,cgenderMale,-0.058264194182663216,0.00384814915000103,-15.14083573986409,7.415479922825556e-37,13485303856354657e20,-0.07034892664911926,-0.046179461716207175
6505,coriginEritrea,0.007107349361587731,0.00713547585239342,0.9960582179258227,1,0.7277644059719518,-0.015300908046264761,0.029515606769440223
6505,coriginIraq,0.009875880312621113,0.00706882438767888,1.3971036442544809,0.9598008280358612,1.0418828269260847,-0.01232306475099118,0.03207482537623341
6505,coriginKosovo,-0.01714547142432226,0.0072148715306188365,-2.3764070297800095,0.24124669642077703,4.145134481990263,-0.039803063120672055,0.005512120272027531
6505,coriginPakistan,0.003833808173911931,0.0071043794654071565,0.5396401181242665,1,0.5599779173365471,-0.018476794100848258,0.02614441044867212
6505,coriginSyria,0.02213393360621895,0.007042112399913708,3.1430815569615413,0.049686684450144986,20.126116505185365,1.887490282979909e-5,0.044248992309608104
6505,coriginUkraine,0.01287681970690264,0.007128002562382037,1.8065116551528655,0.5878656793303793,1.70106885834715,-0.009507968571529085,0.03526160798533436
6505,cage38 Years,-0.009795247036135579,0.004704589193760416,-2.0820621382047086,0.3939010413302666,2.5387086985676417,-0.024569544901164933,0.004979050828893777
6505,cage62 Years,-0.06349835879620079,0.004898704741440004,-12.96227516205336,2.786334279185103e-27,35889448278706245e10,-0.07888225737311699,-0.04811446021928458
6505,cjobCleaner,-0.030643757713150206,0.006662786875067789,-4.5992402710372495,7.425363044374361e-4,1346.7354983506493,-0.051567582057689285,-0.009719933368611131
6505,cjobDoctor,0.05323845175347264,0.006627016367387937,8.033547648299647,7.628254679896316e-11,13109158542.32586,0.03242696115657435,0.07404994235037093
6505,cjobFarmer,-0.021907469506365154,0.0065820516984900455,-3.3283648488192266,0.0317613301172803,31.484827502735246,-0.042577753000084075,-0.0012371860126462325
6505,cjobTeacher,0.0072522239857031,0.00669903668118492,1.0825771421840211,1,0.7783807789969237,-0.013785439295896488,0.02828988726730269
6505,cjobUnemployed,-0.09014478265839138,0.006625692348441213,-13.605337814937815,5.781998685943705e-30,17295057545257564e13,-0.11095211530451178,-0.06933745001227097
6505,cvulnerNo surviving family,0.00414166165119142,0.0061953241717500685,0.6685141142536007,1,0.5935478345118341,-0.015314142227550622,0.023597465529933463
6505,cvulnerNone,-0.018195965177057447,0.006235334677072817,-2.9182018479238323,0.08264530832819184,12.099900408489148,-0.03777741809741031,0.001385487743295416
6505,cvulnerPTSD,-0.019866601587152158,0.006171190280764918,-3.2192495585616094,0.04146579645997086,24.116261723450876,-0.039246615364065617,-4.865878102386992e-4
6505,cvulnerVictim of torture,0.08119780512142477,0.0061704189931985,13.15920445774057,4.328158577132949e-28,2310451389843526e12,0.06182021349696215,0.10057539674588739
6505,creasonEthnic persecution,0.15406130302835908,0.005654913547509519,27.243794575110567,5.444612201693683e-113,1836678101130738e97,0.1363026053587087,0.17182000069800946
6505,creasonPolitical persecution,0.14011620467233427,0.005663037588368471,24.74223461983093,2.375913431153481e-94,4208907559037244e78,0.12233199425447687,0.15790041509019165
6505,creasonReligious persecution,0.14266798027295563,0.005740443168384885,24.85312999154668,3.7911740006921834e-95,2637705364663881e79,0.12464068527353805,0.1606952752723732
6505,creligionChristian,0.03786629092317691,0.004710476200773577,8.03873946268072,7.396734789065957e-11,13519478912.21172,0.023073505493864294,0.05265907635248952
6505,creligionMuslim,-0.06814488233804267,0.004780208070142572,-14.25563099725285,8.43869310086613e-33,1185017618305567e17,-0.08315665381827535,-0.05313311085780998
6505,clangFluent,0.059970493815782934,0.004722178871595401,12.699750569914716,3.2015982051832496e-26,31234400318598477e9,0.04514095730419361,0.07480003032737226
6505,clangNone,-0.05557725900479114,0.004751530832419811,-11.696705959600669,2.3346200251852225e-22,4283352276654368e6,-0.0704989724513438,-0.04065554555823847
6605,cconsistMinor inconsistencies,0.0776596738414739,0.0048017841722444,16.17308713922788,4.842931942780431e-42,2064864862473947e26,0.0625974168145666,0.09272193086838121
6605,cconsistNo inconsistencies,0.10429161083352019,0.004866111140541319,21.432229519919783,3.3054988807335547e-72,3025261953130901e56,0.0890275726986967,0.11955564896834368
6605,cgenderMale,-0.05766119133027923,0.003817759891198566,-15.103409584036674,7.874245921546304e-37,12699628763989949e20,-0.06963675680459594,-0.04568562585596252
6605,coriginEritrea,0.008667333595693502,0.007083407913168514,1.2236106831544133,1,0.8758931219723707,-0.013551930491868423,0.030886597683255426
6605,coriginIraq,0.010778970085541113,0.007012668344608821,1.5370711341037164,0.8251278936010344,1.2119333351291595,-0.011218397822309637,0.032776337993391864
6605,coriginKosovo,-0.0174869478927359,0.007164769698415641,-2.440685273750365,0.2142887535782442,4.666600478568118,-0.039961427974520125,0.0049875321890483285
6605,coriginPakistan,0.003703935738449062,0.007047228973245871,0.5255875397990755,1,0.5538980033056178,-0.01840184209639335,0.02580971357329147
6605,coriginSyria,0.023069335430993602,0.0069856316935213445,3.30239789944676,0.03353317860725981,29.821211156627534,0.0011567762053365065,0.0449818946566507
6605,coriginUkraine,0.014029932625771065,0.007068541632482361,1.984841195714083,0.45664356962714353,2.1898917810591647,-0.008142698849266685,0.03620256410080881
6605,cage38 Years,-0.008849675445479916,0.00467348879663683,-1.8935908120392593,0.5214749682179307,1.9176375875094505,-0.023509494992182526,0.005810144101222693
6605,cage62 Years,-0.06238786496319592,0.004865022767170782,-12.8237560128577,7.973895764067144e-27,12540921396368276e10,-0.07764848908379882,-0.04712724084259302
6605,cjobCleaner,-0.03133249115189162,0.006589301547897765,-4.755054981796646,4.2005389904924975e-4,2380.6468699931143,-0.05200184029005665,-0.010663142013726586
6605,cjobDoctor,0.05181179934494934,0.006570659128903972,7.885327533889568,1.6748750269457852e-10,5970594724.452653,0.031200927826022355,0.07242267086387633
6605,cjobFarmer,-0.022568697626509406,0.006529532727485625,-3.456403171318524,0.022706277976145002,44.040683420267754,-0.043050563674441766,-0.0020868315785770447
6605,cjobTeacher,0.007432019566401158,0.006640100862735461,1.119263053383719,1,0.7991077759596543,-0.013396677078738253,0.028260716211540568
6605,cjobUnemployed,-0.09060197267102148,0.006565930743594512,-13.79880114626697,6.425175355100884e-31,15563777558321575e14,-0.1111980121707867,-0.07000593317125625
6605,cvulnerNo surviving family,0.00355406371937143,0.006133213964751957,0.5794781887272973,1,0.5664192801855618,-0.01568462794696639,0.02279275538570925
6605,cvulnerNone,-0.018605096321034256,0.006182954241846371,-3.009094939618759,0.06709665746045959,14.903872083185442,-0.037999813500246275,7.896208581777628e-4
6605,cvulnerPTSD,-0.020210902133886658,0.006121205696081798,-3.301784507392672,0.03358410530997523,29.77599048032337,-0.03941192621195519,-0.0010098780558181267
6605,cvulnerVictim of torture,0.08095414753626508,0.006115616403896523,13.237283405264872,1.5837410036910198e-28,631416372796707e13,0.0617706559737102,0.10013763909881995
6605,creasonEthnic persecution,0.15475724243951908,0.00561764295099061,27.54842979335832,6.325108232628493e-116,1581000614094528e100,0.13713579612331261,0.17237868875572554
6605,creasonPolitical persecution,0.1416487456635951,0.0056205263126636665,25.20204297317225,3.852153979262732e-98,25959502278031758e81,0.12401825480622158,0.1592792365209686
6605,creasonReligious persecution,0.14326187413693153,0.0056892457757960055,25.181171596842674,5.475821367922543e-98,18262100474241498e81,0.12541582377514854,0.16110792449871453
6605,creligionChristian,0.03824221433398117,0.004674516505923763,8.180998887375598,2.8767423578758965e-11,34761541896.938286,0.023579171064413592,0.05290525760354875
6605,creligionMuslim,-0.06715572302697069,0.004746189568428959,-14.149397544860387,1.8521937661743434e-32,5399003161885558e16,-0.08204359066403046,-0.05226785538991092
6605,clangFluent,0.05927623659322405,0.004676454995363531,12.675463925557596,3.159771604257534e-26,31647857036647257e9,0.04460711266173199,0.0739453605247161
6605,clangNone,-0.055841443492685265,0.0047053300250954,-11.867699650154313,4.382235971584144e-23,22819401020034708e6,-0.07060114274032647,-0.04108174424504406
6705,cconsistMinor inconsistencies,0.07768074642784813,0.0047651974601548635,16.301684678838804,7.309718110233928e-43,13680418108052016e26,0.06274977222373193,0.09261172063196432
6705,cconsistNo inconsistencies,0.10484787599023943,0.004829588528786082,21.709484227343268,2.5313373707730772e-74,39504809257985133e57,0.08971514280493781,0.11998060917554104
6705,cgenderMale,-0.05711604699509858,0.0037926179522052273,-15.059794504713638,9.039891666206907e-37,11062079468697825e20,-0.06899960088430171,-0.045232493105895444
6705,coriginEritrea,0.008262909744040628,0.007022407169725655,1.1766491951168698,1,0.8365039593212052,-0.013740665381378586,0.03026648486945984
6705,coriginIraq,0.009784225962532575,0.0069605292696461015,1.4056726986552908,0.9567213545656211,1.0452364162541647,-0.012025464788184847,0.03159391671325
6705,coriginKosovo,-0.018898295023793244,0.007118088310317159,-2.6549677666124936,0.14169767073228987,7.057279028173336,-0.04120167150139939,0.0034050814538129012
6705,coriginPakistan,0.0031042052408648906,0.007005755280050398,0.4430935875971048,1,0.534648260504394,-0.018847193886126132,0.02505560436785591
6705,coriginSyria,0.022254081693513575,0.0069355344010753345,3.208704680357889,0.04177352963472017,23.938604392405654,5.227083138990216e-4,0.04398545507312813
6705,coriginUkraine,0.01248574049812409,0.007016649537176345,1.7794447951220644,0.6110373972898753,1.6365610426387724,-0.009499794018529305,0.03447127501477748
6705,cage38 Years,-0.009655580172207424,0.004642469415824236,-2.079837109813926,0.39490813604491054,2.532234483733898,-0.02420200593329589,0.004890845588881044
6705,cage62 Years,-0.06279872635652083,0.004833921957582116,-12.991257804238979,1.2956743141445278e-27,7717988919617138e11,-0.07794503763887088,-0.04765241507417077
6705,cjobCleaner,-0.030774192228712076,0.006549844685877249,-4.698461368872956,5.00135207345915e-4,1999.459316825014,-0.05129706937358122,-0.01025131508384293
6705,cjobDoctor,0.05155532917331307,0.006526973031517497,7.898811428262734,1.423652150243221e-10,7024187754.2148,0.03110411665181083,0.07200654169481531
6705,cjobFarmer,-0.02191725831304516,0.006481019456001651,-3.3817609192252944,0.02720486120820008,36.75813643550515,-0.0422244827508738,-0.001610033875216521
6705,cjobTeacher,0.008144127274031404,0.006595300216830865,1.2348379916425962,1,0.8819085254544866,-0.012521177412566678,0.02880943196062949
6705,cjobUnemployed,-0.09057675079336104,0.006516909220090911,-13.898728328779374,1.7787430688748335e-31,5621947416118747e15,-0.11099642999225454,-0.07015707159446755
6705,cvulnerNo surviving family,0.004487500604355012,0.006078502567897141,0.7382575814074985,1,0.6097096629159325,-0.014558502378693824,0.02353350358740385
6705,cvulnerNone,-0.018536590355601883,0.006131892772718525,-3.0229801861626218,0.0645578037469785,15.48999411317184,-0.03774988289540178,6.767021841980088e-4
6705,cvulnerPTSD,-0.019468534107756466,0.006071748689593213,-3.206413029103942,0.04200512052139755,23.80662137347271,-0.038493374907374936,-4.4369330813799276e-4
6705,cvulnerVictim of torture,0.0819203747996005,0.006071526983650993,13.492548912356032,1.0209414443958471e-29,9794881043268457e13,0.06289622867963211,0.10094452091956889
6705,creasonEthnic persecution,0.154299853213939,0.005583054449987019,27.637175061815448,3.473182322642846e-117,2879203874442937e101,0.1368062566379383,0.17179344978993968
6705,creasonPolitical persecution,0.14081478237174905,0.005589176693474847,25.194190503253367,1.5379443650270967e-98,650218579254251e83,0.12330200273767943,0.15832756200581868
6705,creasonReligious persecution,0.14262976753520643,0.0056552965337515,25.22056388802507,9.834274173695119e-99,10168518614976352e82,0.12490981209408873,0.1603497229763241
6705,creligionChristian,0.037415118180528055,0.004632222618472954,8.077141636353872,4.9281166346214265e-11,20291727532.88172,0.022900799098796755,0.051929437262259355
6705,creligionMuslim,-0.06711076888236674,0.004708526543835702,-14.25302974456556,4.745639350659079e-33,21071976315712213e16,-0.0818641739517807,-0.052357363812952785
6705,clangFluent,0.05925805268216774,0.004641640373255327,12.766618677226004,1.0736686547282736e-26,9313860431671838e10,0.04471422459165095,0.07380188077268453
6705,clangNone,-0.05560579624297773,0.004668380227737958,-11.9111540899318,2.4534202327449388e-23,4075942582739601e7,-0.07023340933523692,-0.040978183150718536
6805,cconsistMinor inconsistencies,0.07605519704642782,0.004730976799743336,16.076002962126964,6.912413051633135e-42,14466728080778373e25,0.06124725566387224,0.09086313842898341
6805,cconsistNo inconsistencies,0.10410259055649297,0.004791143541446265,21.72813017517491,9.176945342627916e-75,10896872136253122e58,0.08910632747589721,0.11909885363708873
6805,cgenderMale,-0.05668792592426783,0.003765552899711014,-15.054343262212123,6.913856705625254e-37,14463707342768323e20,-0.06847409376488332,-0.044901758083652335
6805,coriginEritrea,0.009298728604919173,0.0069785391390102805,1.3324749520911836,1,0.9661815556344298,-0.01254407529805926,0.031141532507897605
6805,coriginIraq,0.010681829844167006,0.006934592536725931,1.5403687797942747,0.8258323032636616,1.210899593111136,-0.011023421342293257,0.03238708103062727
6805,coriginKosovo,-0.018548739687901807,0.007059535529484811,-2.6274730979724175,0.1490768270206221,6.707950658633672,-0.04064506201912755,0.0035475826433239363
6805,coriginPakistan,0.004158915754114924,0.006964108205508259,0.5971928682592024,1,0.5650469420082546,-0.017638719375809055,0.0259565508840389
6805,coriginSyria,0.02288395163740627,0.006902693353071716,3.315220663427393,0.031862590548091776,31.384767616137513,0.0012785447878974447,0.0444893584869151
6805,coriginUkraine,0.012876957308137467,0.006977064318568848,1.845612527014631,0.5587792658969589,1.7896154367767898,-0.008961230411847274,0.03471514502812221
6805,cage38 Years,-0.009214786662840662,0.0046101541478786815,-1.9988022888737371,0.44728646634335517,2.235703682642523,-0.02364455355369428,0.005214980228012957
6805,cage62 Years,-0.062118667919648075,0.004801397162835833,-12.937623323574243,1.700479397361153e-27,5880694594429225e11,-0.0771470248005144,-0.04709031103878175
6805,cjobCleaner,-0.03185790387272358,0.006512898016397089,-4.891509707739482,2.4295004172815367e-4,4116.072559143411,-0.052243252636768,-0.011472555108679162
6805,cjobDoctor,0.05037816493556421,0.006486478005495322,7.766643915678741,2.84584552323466e-10,3513894172.5247784,0.030075510716287182,0.07068081915484124
6805,cjobFarmer,-0.022536860862853746,0.006445904976050711,-3.4963067166810253,0.020004851803093266,49.98787343405234,-0.04271252163719123,-0.0023612000885162646
6805,cjobTeacher,0.00635235399522887,0.006548049502891862,0.9701139236078521,1,0.704795847804359,-0.014143018802658312,0.02684772679311605
6805,cjobUnemployed,-0.09077620532705458,0.006472223810914308,-14.025504676456938,3.7081613458765363e-32,26967542852794065e15,-0.11103424396550216,-0.070518166688607
6805,cvulnerNo surviving family,0.005079896417818119,0.006023376408785683,0.8433636009213361,1,0.6461286770831752,-0.013773251370014084,0.023933044205650324
6805,cvulnerNone,-0.019545942787105242,0.006085368839791159,-3.2119569580232756,0.041092364066126943,24.33542150047082,-0.038593126674319925,-4.987588998905564e-4
6805,cvulnerPTSD,-0.019578384622591122,0.006035507618371803,-3.24386710456556,0.03801830800440481,26.303116905784965,-0.03846950305539891,-6.872661897833372e-4
6805,cvulnerVictim of torture,0.08201182248059175,0.0060285527225026276,13.603899021147857,2.614524700056902e-30,38247869678884124e13,0.06314247284833233,0.10088117211285116
6805,creasonEthnic persecution,0.1533408373292991,0.005541306815403124,27.672323954894335,5.123608861615855e-118,1951749298217557e102,0.1359965657383463,0.1706851089202519
6805,creasonPolitical persecution,0.13997351476171763,0.005540981241658534,25.261503090708995,1.746890267807727e-99,5724458017932388e83,0.12263026221548426,0.157316767307951
6805,creasonReligious persecution,0.14258251211763104,0.00561639145211893,25.38685441233589,2.045526840295551e-100,4888716101400623e84,0.12500322586770157,0.1601617983675605
6805,creligionChristian,0.03755095631157475,0.004599671539909142,8.163834305507061,2.6729545600999548e-11,37411784507.20109,0.02315399994821255,0.051947912674936945
6805,creligionMuslim,-0.06683693840734704,0.004677051018106828,-14.290401825550585,2.4048130799867953e-33,41583273491072785e16,-0.0814760922757628,-0.05219778453893129
6805,clangFluent,0.05939476161823899,0.004606162039467713,12.894631389281875,2.5558788298470825e-27,3912548546207215e11,0.04497749001320999,0.073812033223268
6805,clangNone,-0.05572298617775635,0.004631058284032532,-12.03245192786369,6.90463376524974e-24,14483027398685351e7,-0.07021818294407163,-0.041227789411441076
6905,cconsistMinor inconsistencies,0.07598526432771817,0.004696049696833471,16.180677214501106,1.405548932712363e-42,7114658029516244e26,0.061301775164976674,0.09066875349045966
6905,cconsistNo inconsistencies,0.10388067997995892,0.004762690523740783,21.811343706281257,1.2623982739419917e-75,7921430349214426e59,0.08898881996876805,0.1187725399911498
6905,cgenderMale,-0.056410431984941674,0.003738215867969558,-15.090201844224008,3.385073075355869e-37,2954145974809927e21,-0.06809899060950893,-0.04472187336037443
6905,coriginEritrea,0.009225132016531409,0.006914351954108924,1.3342005263485728,1,0.9648289935589637,-0.01239448841763861,0.030844752450701427
6905,coriginIraq,0.010214021249459596,0.006893121347510157,1.4817701204620415,0.8852906205856854,1.1295725683148272,-0.011339215862123012,0.0317672583610422
6905,coriginKosovo,-0.018275785702987272,0.0070096304381676985,-2.6072395491030367,0.15460394985343404,6.468140050419212,-0.04019332048611804,0.0036417490801434957
6905,coriginPakistan,0.0062880579541544235,0.0069209197548401056,0.9085581363310716,1,0.6716679924502587,-0.015352098512869844,0.02792821442117869
6905,coriginSyria,0.024070042077407768,0.006846741356738891,3.5155471520356,0.018802280993691224,53.18503645039304,0.0026618247453894933,0.04547825940942604
6905,coriginUkraine,0.013245135522644674,0.006932780347043762,1.910508462639032,0.5099269161625318,1.961065337608624,-0.00843210634345523,0.034922377388744576
6905,cage38 Years,-0.009094166147794578,0.0045768406007216916,-1.986996476643862,0.45541644733675823,2.195792457316652,-0.0234049153303698,0.005216583034780644
6905,cage62 Years,-0.06253916339354747,0.004766035810057077,-13.12184085179975,2.304870706026859e-28,43386381604189946e11,-0.07744148336120019,-0.04763684342589474
6905,cjobCleaner,-0.03307884398606796,0.006462444568369034,-5.11862711333341,1.002012724428923e-4,9979.913184934152,-0.05328545186086305,-0.012872236111272868
6905,cjobDoctor,0.05021077373681821,0.006431751170271881,7.806703401228707,2.085036390270355e-10,4796079361.810734,0.03010013720121724,0.07032141027241919
6905,cjobFarmer,-0.023250874856703754,0.006395848366294089,-3.635307393970611,0.013595356172076009,73.55452754183344,-0.04324925141484422,-0.003252498298563288
6905,cjobTeacher,0.006048156447971159,0.006496966047051013,0.9309201255124968,1,0.6822335916886997,-0.014266392311361516,0.026362705207303834
6905,cjobUnemployed,-0.09156037381554366,0.006431675059830018,-14.23585193030002,3.193205580792353e-33,3131649293159079e17,-0.11167077237094417,-0.07144997526014316
6905,cvulnerNo surviving family,0.004270672546741489,0.005974794331948993,0.7147815153912395,1,0.5960963673469869,-0.014411162929134948,0.022952508022617925
6905,cvulnerNone,-0.02022874537502463,0.006039033491422149,-3.3496660357584647,0.02894035618369747,34.55382489602235,-0.03911144222649165,-0.0013460485235576095
6905,cvulnerPTSD,-0.01914621148720464,0.005982057875753191,-3.2006061935323507,0.041890382223784856,23.87182801669955,-0.03785075842774125,-4.416645466680316e-4
6905,cvulnerVictim of torture,0.0813255341819874,0.005981895251007933,13.595278882271344,2.2033198128644745e-30,4538605762819007e14,0.06262149573238227,0.10002957263159254
6905,creasonEthnic persecution,0.15428903698148944,0.005498645040638663,28.05946480290877,1.1385675396030253e-121,8782966009628743e105,0.1370960130408735,0.17148206092210538
6905,creasonPolitical persecution,0.14067245079600063,0.005497037853901027,25.59059161220275,2.174051595849434e-102,4599706841866765e86,0.12348445216613907,0.1578604494258622
6905,creasonReligious persecution,0.1438603948361885,0.005569758120847646,25.828840627336756,3.4371977715280053e-104,29093467017914722e87,0.12644501631885635,0.16127577335352067
6905,creligionChristian,0.037994649711270145,0.004574636773180607,8.305500872554218,1.0229986321684601e-11,97751841356.84427,0.023690791400790653,0.05229850802174964
6905,creligionMuslim,-0.06665774344704156,0.004637537401516484,-14.373521478283786,7.555236446091985e-34,13235853134910943e17,-0.08115827784787893,-0.052157209046204196
6905,clangFluent,0.060504514555228574,0.004573898418934743,13.228215629965833,8.217217447814058e-29,12169569642653423e12,0.046202964912090215,0.07480606419836694
6905,clangNone,-0.05570582522331699,0.004590719759181645,-12.13444255923112,2.277941909084099e-24,4389927574588914e8,-0.07005997140677406,-0.041351679039859916
7005,cconsistMinor inconsistencies,0.0764059152070429,0.004660876732748666,16.393034956319028,7.878527921861426e-44,12692726482890148e27,0.06184688885650876,0.09096494155757703
7005,cconsistNo inconsistencies,0.10426961438635225,0.004730725212974666,22.040936577837677,1.822127456193472e-77,5488090290286591e61,0.08949240465048851,0.119046824122216
7005,cgenderMale,-0.05623053534589655,0.0037101020199881898,-15.156061758667096,1.1921954048941717e-37,8387886716345527e21,-0.06781965820182828,-0.04464141248996482
7005,coriginEritrea,0.008397840346705134,0.006849318843720677,1.2260840148220158,1,0.8656140497735512,-0.012997150176919308,0.029792830870329575
7005,coriginIraq,0.00962765377194807,0.00683796429535678,1.4079707579762573,0.9626441148493016,1.0388054989112423,-0.011731868924847384,0.03098717646874352
7005,coriginKosovo,-0.017807386075751528,0.006943431868704237,-2.5646375470340277,0.1675381785605575,5.968788777529565,-0.039496354339880614,0.003881582188377558
7005,coriginPakistan,0.006219440317384658,0.006866824277038692,0.905722946512734,1,0.6674217315855087,-0.015230231348773283,0.027669111983542598
7005,coriginSyria,0.0241901048187038,0.006785525519143724,3.564956723021268,0.01628521636407789,61.40538618853176,0.002994383391165558,0.045385826246242045
7005,coriginUkraine,0.01254133868189658,0.006872742416653456,1.8247939354612586,0.5763945614980028,1.734922684560175,-0.008926819281054425,0.034009496644847585
7005,cage38 Years,-0.008804500216907912,0.004539051452227598,-1.9397224969959286,0.4888911918624859,2.0454449101248637,-0.022982984971736415,0.005373984537920592
7005,cage62 Years,-0.06226468128474037,0.0047284056445564895,-13.168219049992404,1.1639501016616923e-28,8591433589570275e12,-0.07703464546152619,-0.04749471710795456
7005,cjobCleaner,-0.03401362014883306,0.006413745524413805,-5.303238181084802,4.6939528213075336e-5,21304.006198371695,-0.05404802471470818,-0.013979215582957939
7005,cjobDoctor,0.049708637366764494,0.006381317182960343,7.789714245751418,2.135329427040315e-10,4683118151.872498,0.02977552813753876,0.06964174659599023
7005,cjobFarmer,-0.02264305522620195,0.006346188378173968,-3.5679771662745994,0.016152451426564116,61.910107239537204,-0.04246643377086483,-0.002819676681539072
7005,cjobTeacher,0.006465414941847579,0.00644683931216878,1.00288135453349,1,0.7162477779858686,-0.013672363593259188,0.026603193476954345
7005,cjobUnemployed,-0.09182447309506431,0.006388349945778548,-14.373738739178236,5.678673273111838e-34,1760974706424716e18,-0.1117795503326838,-0.07186939585744481
7005,cvulnerNo surviving family,0.004782408496573916,0.005932273511671788,0.8061679029404991,1,0.6254871963741095,-0.013748037882356866,0.023312854875504697
7005,cvulnerNone,-0.021359721228634995,0.0059928170014060984,-3.5642205032496985,0.01631772523425578,61.28305175164375,-0.04007928530214065,-0.0026401571551293336
7005,cvulnerPTSD,-0.019081014356325036,0.005943316031254078,-3.210499703529785,0.040566628676724274,24.650803693080007,-0.0376459538881095,-5.160748245405765e-4
7005,cvulnerVictim of torture,0.08165750806850189,0.005941657932316919,13.743219316676475,3.860205043316182e-31,2590535965781059e15,0.06309774788547563,0.10021726825152814
7005,creasonEthnic persecution,0.15270177498957013,0.005464164144552973,27.946044619064562,2.691330142278206e-121,37156348241747183e104,0.1356335463438244,0.16977000363531586
7005,creasonPolitical persecution,0.14015346633768774,0.00545319582088547,25.701161473223998,1.1393431819936189e-103,8776986739414224e87,0.12311949908147295,0.15718743359390255
7005,creasonReligious persecution,0.14301891843448575,0.00553583796737227,25.835098367659306,1.0889207419579602e-104,9183404828912762e88,0.12572680464118016,0.16031103222779133
7005,creligionChristian,0.0386933807088397,0.004544335158575978,8.514640614880337,2.497647913965892e-12,400376688166.64764,0.024498391415409257,0.052888370002270146
7005,creligionMuslim,-0.0664640498502496,0.004598589404552452,-14.453138561240625,2.4501901260583962e-34,4081315932852497e18,-0.08082851133573565,-0.05209958836476356
7005,clangFluent,0.060325362101481955,0.004541340868280984,13.28360144089265,3.770441550649572e-29,26522092613469102e12,0.04613972597351921,0.0745109982294447
7005,clangNone,-0.05566418852245574,0.004558590851535377,-12.210832324139709,9.384927270590126e-25,10655383586548772e8,-0.06990370785204499,-0.04142466919286649
7105,cconsistMinor inconsistencies,0.07658638139926581,0.004630357987538845,16.54005621279694,9.319907889337698e-45,1072971977699517e29,0.06213656939244201,0.09103619340608961
7105,cconsistNo inconsistencies,0.10474232624372862,0.004695253741672888,22.30812901847763,1.3901729398293223e-79,7193349628304335e63,0.09008999610552025,0.11939465638193698
7105,cgenderMale,-0.05649017585620483,0.0036897448813269476,-15.310049250854764,1.5606868381480274e-38,6407435339088523e22,-0.0680046462344776,-0.04497570547793205
7105,coriginEritrea,0.00947878810435776,0.006800660429016126,1.3938040581933728,0.9801520844885298,1.0202498324755667,-0.011743818222407235,0.030701394431122755
7105,coriginIraq,0.009445617640866242,0.006785632993193851,1.3920024337214256,0.9820328784570266,1.0182958452177318,-0.011730093041293983,0.030621328323026466
7105,coriginKosovo,-0.017754425090215714,0.006895235044983016,-2.57488323086736,0.16370580806603385,6.108518761879425,-0.03927216743562481,0.0037633172551933824
7105,coriginPakistan,0.006425313875294081,0.00682769697574817,0.9410660575764647,1,0.6813004993397924,-0.014881664549404403,0.027732292299992568
7105,coriginSyria,0.02609301624499336,0.006758267934661157,3.8609028966090557,0.006970038315140419,143.47123427252694,0.005002702837172895,0.04718332965281383
7105,coriginUkraine,0.013456373939288932,0.0068220981367392445,1.9724685382084917,0.46582076012416823,2.146748461218092,-0.007833132365250989,0.03474588024382885
7105,cage38 Years,-0.00840900261682013,0.004504731405329375,-1.8667045513239173,0.5439441736693713,1.8384239567346405,-0.022466775714153155,0.005648770480512894
7105,cage62 Years,-0.061049391940324466,0.004700626195226287,-12.987501963530535,5.34458603331682e-28,18710523018363794e11,-0.07571848772474657,-0.04638029615590236
7105,cjobCleaner,-0.033893499911319264,0.00636381105855162,-5.325975205655038,4.15122044113341e-5,24089.301307423928,-0.05375284419754674,-0.014034155625091794
7105,cjobDoctor,0.04988885279633076,0.006328941881404366,7.88265301391275,1.1434332860014627e-10,8745591126.675673,0.030138323650523626,0.0696393819421379
7105,cjobFarmer,-0.022403031890485564,0.006316575174200328,-3.546705496673166,0.016924947289604437,59.08437898735528,-0.04211496864349658,-0.0026910951374745536
7105,cjobTeacher,0.005531441134991252,0.006404153216675448,0.863727170141435,1,0.64592216323418306,-0.014453797650626474,0.02551667992060898
7105,cjobUnemployed,-0.09186713907916559,0.0063479350245451245,-14.471972180551507,1.5143851147710483e-34,6603340129575854e18,-0.1116769395272222,-0.07205733863110898
7105,cvulnerNo surviving family,0.00541325597501199,0.005891320351268829,0.918852761732117,1,0.6706315839529465,-0.01297160147594673,0.02379811342597071
7105,cvulnerNone,-0.021115031144316922,0.005948885168047371,-3.5494097713853843,0.0168015733610579,59.51823549559741,-0.03967952930186803,-0.002550532986765816
7105,cvulnerPTSD,-0.01940580549072056,0.00589980520354256,-3.2892281730027753,0.033113251983265514,30.199389673517153,-0.03781714135233155,-9.944696291095713e-4
7105,cvulnerVictim of torture,0.08132390348044764,0.005893528447507046,13.798848042355262,1.7034011562235836e-31,587060773292526e16,0.06293215529326052,0.09971565166763477
7105,creasonEthnic persecution,0.15262206198298675,0.005425006280820446,28.13306641184295,2.3614933145270828e-123,4234608642964809e107,0.13569241613170338,0.16955170783427012
7105,creasonPolitical persecution,0.1398291128689571,0.005415417547466617,25.820559844802823,5.088089814682181e-105,1965374111743079e89,0.12292939027516685,0.15672883546274738
7105,creasonReligious persecution,0.14284565102734387,0.005503365856527683,25.95605212361286,4.634050574599292e-106,2157939331696807e90,0.1256714709217002,0.16001983113298754
7105,creligionChristian,0.0388751497163458,0.004505763264967603,8.627872222804257,1.097804637968522e-12,910908886166.2047,0.02481415652721211,0.05293614290547949
7105,creligionMuslim,-0.06693829743415533,0.004566034521763031,-14.660050666526542,2.0118094552017116e-35,4970649667712871e19,-0.08118737723180887,-0.0526892176365018
7105,clangFluent,0.05984284038593893,0.004507492660889444,13.276303454730506,3.206987890322472e-29,31181907578062196e12,0.045776450325543186,0.07390923044633467
7105,clangNone,-0.055808588722868445,0.0045298191343197645,-12.320268661510065,2.842310318352052e-25,3518264679064993e9,-0.06994465230412622,-0.04167252514161066
7205,cconsistMinor inconsistencies,0.0765838230115347,0.004592179363517383,16.677010401631016,1.2212103602776833e-45,8188597415539582e29,0.06226644270537154,0.09090120331769785
7205,cconsistNo inconsistencies,0.10546669787850835,0.0046599094224627205,22.632778519280777,3.981531633220241e-82,2511596270280554e66,0.09093815051302186,0.11999524524399484
7205,cgenderMale,-0.057982013793864806,0.003663374796778215,-15.827486132420184,3.045113118603383e-41,3283950254231088e25,-0.0694035907876068,-0.04656043680012281
7205,coriginEritrea,0.008849867725824318,0.00673931603340881,1.313170013389025,1,0.9356541148009825,-0.012161800812277128,0.029861536263925764
7205,coriginIraq,0.008947836207651261,0.006731764081282426,1.3291963443179169,1,0.9509624459821776,-0.012040287045719723,0.029935959461022246
7205,coriginKosovo,-0.01867990602863817,0.006840587150157253,-2.7307460044871665,0.11892111791277787,8.408935414931477,-0.0400073150850731,0.0026475030277967604
7205,coriginPakistan,0.006914695266001084,0.006773787605672926,1.020801901171237,1,0.7203399898833905,-0.014204447865487912,0.02803383839749008
7205,coriginSyria,0.024625410190927406,0.006715846873297123,3.666761713826516,0.012025693236344023,83.15528929158131,0.0036869132047593935,0.04556390717709542
7205,coriginUkraine,0.013588862548461176,0.006772210790843744,2.0065622539147445,0.4424347405650002,2.260220340570397,-0.007525364429760564,0.03470308952668291
7205,cage38 Years,-0.00857137007243748,0.004460101685312984,-1.9217880391971358,0.5026380257805997,1.9895032781234456,-0.022476961944588123,0.005334221799713164
7205,cage62 Years,-0.06128090036989589,0.004660250007993934,-13.14970232600784,8.864616170145753e-29,11280804276306955e12,-0.07581050960431021,-0.04675129113548157
7205,cjobCleaner,-0.03435555556595317,0.0063192878815163155,-5.43661820921973,2.556390816653752e-5,39117.6495192145,-0.05405767098909669,-0.01465344014280965
7205,cjobDoctor,0.04951125928454256,0.006282705831772371,7.8805630265479545,1.0750047831129065e-10,9302284191.743649,0.029923198447925875,0.06909932012115924
7205,cjobFarmer,-0.022583851721060297,0.006278608411458342,-3.5969517831125115,0.014599569821428638,68.49516884615613,-0.04215913772458221,-0.003008565717538377
7205,cjobTeacher,0.004559203962907906,0.006367453365889658,0.7160168596336308,1,0.5880581234047957,-0.015293080585353476,0.02441148851116929
7205,cjobUnemployed,-0.09205975588584789,0.006304915797250222,-14.601266511124246,2.863761751765535e-35,3491910594111018e19,-0.1117170623893171,-0.07240244938237868
7205,cvulnerNo surviving family,0.005246105220741413,0.005849871386683709,0.8967898392917368,1,0.6575871253568806,-0.012992475364913377,0.0234846858063962
7205,cvulnerNone,-0.022302081264004008,0.00590593704206274,-3.7762138514457755,0.008806545583896413,113.55190187496366,-0.040715461927493965,-0.0038887006005140536
7205,cvulnerPTSD,-0.02046446239630901,0.005857775113903843,-3.4935554879420283,0.01932556038192198,51.744941944112846,-0.038727685022156275,-0.002201239770461747
7205,cvulnerVictim of torture,0.0808632400245268,0.005856917104132296,13.806451173344156,1.229421028437892e-31,8133910002097528e15,0.06260269247977572,0.09912378756927788
7205,creasonEthnic persecution,0.15250132147025697,0.0053868898502119926,28.30971594198376,2.4529479183296207e-125,4076727404310191e109,0.13570621297218197,0.16929642996833197
7205,creasonPolitical persecution,0.1393390248240435,0.005394333475947401,25.830628648624945,1.5745922611541229e-105,6350850468851115e89,0.12252070877851136,0.15615734086957564
7205,creasonReligious persecution,0.14374799196372942,0.005459851502128124,26.328187114191618,2.1600468508086194e-109,4629529214265178e93,0.12672540547850347,0.16077057844895537
7205,creligionChristian,0.03981820331454197,0.004474894831178576,8.898131647052551,1.6710521394224695e-13,5984253730979.388,0.025866489747545334,0.05376991688153861
7205,creligionMuslim,-0.0666237074060477,0.004536936468238071,-14.684734483822552,1.160024613106027e-35,8620506743580615e19,-0.08076885281493942,-0.05247856199715598
7205,clangFluent,0.05962837592814615,0.004469525904657527,13.341096393693485,1.3436501323124122e-29,74424135863329785e12,0.045693401464035686,0.07356335039225662
7205,clangNone,-0.05575354845204587,0.004498812914793064,-12.392946652374945,1.1963082822493911e-25,8359049375799044e9,-0.06977983321328284,-0.04172726369080892
7305,cconsistMinor inconsistencies,0.07717310194999677,0.004560980040737732,16.920289337094783,4.2171533069518514e-47,2371267836887812e31,0.06296573538615596,0.09138046851383758
7305,cconsistNo inconsistencies,0.1057118986503731,0.004623370024130248,22.864684872429113,4.654200077488529e-84,21485969304087454e67,0.09131018846826335,0.12011360883248286
7305,cgenderMale,-0.05883796464974757,0.003633065124717568,-16.195130731195356,2.8664625264478307e-43,34886205236362086e26,-0.07015489380009299,-0.04752103549940214
7305,coriginEritrea,0.007358074277352309,0.0066898014759559235,1.0998942649939987,1,0.7652509956412673,-0.013480530794213791,0.02819667934891841
7305,coriginIraq,0.0073218282169454155,0.006680347724224089,1.0960250153439182,1,0.7627551075222486,-0.013487328596777402,0.028130985030668233
7305,coriginKosovo,-0.020046033445814973,0.006797530751881926,-2.9490169559387636,0.07358619347085316,13.589505759610889,-0.04122021317437745,0.0011281462827475025
7305,coriginPakistan,0.006113983490259961,0.006733767478249135,0.9079588076079032,1,0.659857793948885,-0.014861574846908521,0.027089541827428443
7305,coriginSyria,0.023467575126164167,0.0066655616149057136,3.520719855576059,0.017788398288361647,56.21641610387521,0.0027044767633143778,0.04423067348901395
7305,coriginUkraine,0.013164809176476083,0.00671844451038145,1.959502553922058,0.4754979340450678,2.1030585590414357,-0.007763018405592025,0.034092636758544195
7305,cage38 Years,-0.008528732662276727,0.004436624986526031,-1.9223469840652232,0.5026000771874268,1.989653494675222,-0.022348735584209082,0.0052912702596556276
7305,cage62 Years,-0.062102964203124895,0.004635528753732372,-13.397169449789665,6.125740464616155e-30,1632455710091304e14,-0.0765425485979839,-0.04766337980826589
7305,cjobCleaner,-0.0327269973969009,0.006269782546370823,-5.219797840651502,5.99878270873014e-5,16670.048717461985,-0.05225725144674178,-0.013196743347060023
7305,cjobDoctor,0.050607305911933485,0.006228726143216747,8.124824361887578,2.2591253756838378e-11,44264918218.507454,0.031204941781406623,0.07000967004246035
7305,cjobFarmer,-0.021480553052603577,0.006225967609285342,-3.450154963955757,0.021484450651455097,46.54529064871724,-0.04087432440210702,-0.00208678170310014
7305,cjobTeacher,0.005507627525834982,0.006312672149322638,0.8724716563057946,1,0.6440198383440852,-0.014156226826018064,0.025171481877688025
7305,cjobUnemployed,-0.09040630321446572,0.006250888977503097,-14.46295135617307,9.68242791082271e-35,10327988074997509e18,-0.10987770415462284,-0.0709349022743086
7305,cvulnerNo surviving family,0.004444289685567644,0.0058198863457922965,0.7636385698117298,1,0.6013996030320076,-0.013684546208480447,0.022573125579615737
7305,cvulnerNone,-0.023440383678525526,0.0058706365117396865,-3.9928180924932235,0.004561620485501459,219.22034136298166,-0.041727305379648034,-0.005153461977403018
7305,cvulnerPTSD,-0.021848901481628654,0.005820503273559891,-3.7537821825269067,0.009281229508704813,107.74434562383202,-0.03997965909400468,-0.0037181438692526284
7305,cvulnerVictim of torture,0.08050333974869435,0.00583084310364536,13.806466460804751,9.639068380598544e-32,1037444658046823e16,0.06234037376116211,0.09866630573622659
7305,creasonEthnic persecution,0.1513773288669629,0.005339668338270072,28.349575156573415,3.431507826478573e-126,2914170826840876e110,0.13474436298385262,0.16801029475007317
7305,creasonPolitical persecution,0.139174777360609,0.005353076768859389,25.99902511584263,2.930719687870942e-107,3412131170847194e91,0.12250004446981028,0.1558495102514077
7305,creasonReligious persecution,0.14390260382004164,0.005420124141735892,26.549687803636587,1.398919057352919e-111,7148376417805282e95,0.12701901963081785,0.16078618800926542
7305,creligionChristian,0.040394888754934466,0.004433705232735408,9.110864758596623,3.5542210470306154e-14,28135560134490.03,0.026583980810837807,0.054205796699031125
7305,creligionMuslim,-0.06631960894081665,0.00450079130571933,-14.735099771576113,5.0710814018658134e-36,1971965978759615e20,-0.08033948873344106,-0.05229972914819223
7305,clangFluent,0.06002969917079324,0.00443586920332361,13.532792879874707,1.5679298860332725e-30,6377836208798302e14,0.0462120504992421,0.07384734784234438
7305,clangNone,-0.0553018859447543,0.004456865176629044,-12.40824744592834,8.558146719911867e-26,11684772798687168e9,-0.06918493667604932,-0.041418835213459286
7405,cconsistMinor inconsistencies,0.0774657899338051,0.00453234435877437,17.091770572073937,3.4057656178534087e-48,2936197355325589e32,0.06335984868183886,0.09157173118577133
7405,cconsistNo inconsistencies,0.10601419350604009,0.0045993782320344085,23.049679360496434,1.1143405419295074e-85,8973917419072592e69,0.0916996238262124,0.12032876318586778
7405,cgenderMale,-0.05947719896801705,0.003606948835993909,-16.48961537088947,5.855744059832805e-45,1707724910416512e29,-0.07070304686302051,-0.04825135107301359
7405,coriginEritrea,0.006648426015094395,0.006633611294245453,1.0022332814196988,1,0.7043250958483626,-0.013997253968125152,0.027294105998313944
7405,coriginIraq,0.00615611810807621,0.006640577294809228,0.9270456219052359,1,0.6659997488195731,-0.014511242044816134,0.026823478260968554
7405,coriginKosovo,-0.0203838886124597,0.006749062601952878,-3.0202547842068483,0.062140778614440166,16.09249227797126,-0.04138888581323154,6.211085883121338e-4
7405,coriginPakistan,0.005184543233564104,0.006679742215155748,0.7761591789876009,1,0.6031472787475973,-0.015604709260645252,0.02597379572777346
7405,coriginSyria,0.022760068455874187,0.006617731429498043,3.439255385073937,0.021913569585157548,45.63382501942166,0.0021638111161001866,0.04335632579564819
7405,coriginUkraine,0.013040992052378015,0.0066742184301070775,1.9539354591019569,0.4798026518089116,2.0841902316085252,-0.007731068855928518,0.03381305296068455
7405,cage38 Years,-0.007973346987222707,0.004406926681261747,-1.8092760701296393,0.5918538815524607,1.6896062206721578,-0.021688952851824525,0.005742258877379112
7405,cage62 Years,-0.06256788055024053,0.004599465859467863,-13.60329274353595,6.10046407581865e-31,16392195537448606e14,-0.0768827229514968,-0.04825303814898425
7405,cjobCleaner,-0.03232366012427419,0.006229296392578503,-5.188974498433587,6.599191999031215e-5,15153.37029361782,-0.0517109974488722,-0.01293632279967619
7405,cjobDoctor,0.050263459402223945,0.006180902858027135,8.13205781691696,2.002183755258622e-11,49945465663.35666,0.031026736484061113,0.06950018232038678
7405,cjobFarmer,-0.020949715488635133,0.006186214835141808,-3.3865159951488977,0.02517147016279997,39.72751665009479,-0.04020297078633049,-0.0016964601909397747
7405,cjobTeacher,0.005388294559675227,0.006264116736473878,0.8601842504468303,1,0.6359989272182527,-0.014107413551977057,0.024884002671327513
7405,cjobUnemployed,-0.0911186770947926,0.006208150973448564,-14.677265015701948,7.264456797480653e-36,13765654169033044e19,-0.11044020387712285,-0.07179715031246235
7405,cvulnerNo surviving family,0.0040456731342448,0.005779980848403122,0.6999457680491326,1,0.5775334200985079,-0.01394326676773391,0.02203461303622351
7405,cvulnerNone,-0.02352807057012554,0.005830026565876241,-4.0356712451085235,0.003940358895716422,253.7839893434843,-0.041672766940436506,-0.005383374199814571
7405,cvulnerPTSD,-0.021810571865914164,0.005784033194296641,-3.7708241175760415,0.008730766248145018,114.53748406246302,-0.03981212381776856,-0.003809019914059769
7405,cvulnerVictim of torture,0.08093692021951841,0.005785824752644388,13.988830232461936,1.1427318272505858e-32,8750959552828779e16,0.06292979242990715,0.09894404800912968
7405,creasonEthnic persecution,0.1510543154978139,0.0053029201423249505,28.48511979129812,7.702192835397208e-128,12983315548843035e111,0.13455012383226,0.1675585071633678
7405,creasonPolitical persecution,0.13875803919050425,0.005312191792655707,26.120675722277603,1.2406300576456566e-108,8060420540654156e92,0.1222249915192011,0.1552910868618074
7405,creasonReligious persecution,0.1434752338085009,0.005383726629233242,26.649799235615138,8.084716726186656e-113,12369017169902417e96,0.12671954943478608,0.16023091818221574
7405,creligionChristian,0.03978215203651423,0.004403843335604806,9.033507553476742,5.501382058015472e-14,18177250542761.48,0.026076142418193237,0.05348816165483522
7405,creligionMuslim,-0.06662975032308649,0.00447735050893821,-14.881513115864482,7.678631976123167e-37,13023153122971858e20,-0.08056453511526022,-0.052694965530912755
7405,clangFluent,0.05899485357924176,0.004402086418452326,13.401566432669673,4.689494847312936e-30,21324258423548465e13,0.04529431198545193,0.07269539517303159
7405,clangNone,-0.05634124565607344,0.004428575426625758,-12.722205275614158,3.6497712760286576e-27,2739897720626776e11,-0.07012422855695281,-0.04255826275519406
7505,cconsistMinor inconsistencies,0.07851132442799437,0.004500329925078595,17.445681924447623,2.590480561044961e-50,38602876046929884e33,0.06451674574358625,0.09250590311240249
7505,cconsistNo inconsistencies,0.10654755558574402,0.004571777539674801,23.305498717097013,8.021741891000327e-88,12466120371211519e71,0.0923307977987088,0.12076431337277925
7505,cgenderMale,-0.05976850705944571,0.0035823563971138337,-16.68413201645679,3.814326152534306e-46,26216950517867547e29,-0.07090848330777083,-0.048628530811120584
7505,coriginEritrea,0.005794636164454267,0.006592105014188273,0.8790266769085742,1,0.64134382809604,-0.014704690296666907,0.026293962625575443
7505,coriginIraq,0.005289280858591392,0.006594786263597955,0.8020397700812958,1,0.6100203655465405,-0.015218383425858514,0.0257969451430413
7505,coriginKosovo,-0.02036402208630412,0.006713895198132113,-3.0331158716879636,0.05996305092205301,16.676936623853862,-0.041242076849697676,5.140326770894377e-4
7505,coriginPakistan,0.004439029500815198,0.006643674393922709,0.6681587985220638,1,0.5652878439808534,-0.016220661145691137,0.025098720147321535
7505,coriginSyria,0.02325805769254366,0.0065759480912262695,3.5368371784404617,0.01670007399385974,59.87997420656212,0.0028089740654933075,0.04370714131959401
7505,coriginUkraine,0.012326059235059554,0.00663399556981687,1.8580143904738562,0.5530551381939235,1.8081379792720766,-0.008303533381351943,0.03295565185147105
7505,cage38 Years,-0.007949625366443001,0.004381587580765706,-1.8143253375420973,0.5884583977019172,1.6993554750943476,-0.021574953549593975,0.005675702816707975
7505,cage62 Years,-0.06288624362194564,0.004568985641462388,-13.763720999967456,9.365860256391829e-32,10677075811776496e15,-0.07709431950346218,-0.04867816774042911
7505,cjobCleaner,-0.031802161132980226,0.00619383919498925,-5.134482851719469,7.97943829120273e-5,12532.2104577523,-0.051063008985448355,-0.012541313280512095
7505,cjobDoctor,0.05136019991894004,0.006139594866949171,8.365405378036199,4.259809741315051e-12,234752268464.29266,0.03226803448077878,0.0704523653571013
7505,cjobFarmer,-0.019764993922510674,0.006141667137078411,-3.2181805821396035,0.038351060309336646,26.07489837136388,-0.038863603454296576,-6.66384390724771e-4
7505,cjobTeacher,0.005784701516065048,0.006212437181725477,0.9311484924276325,1,0.6651878180107195,-0.013533980093724148,0.025103383125854244
7505,cjobUnemployed,-0.09049948044068035,0.006173111168952084,-14.660270642111744,6.708817535818786e-36,14905756411781048e19,-0.10969587079865833,-0.07130309008270236
7505,cvulnerNo surviving family,0.005776823237036639,0.0057397073816493034,1.0064665065515361,1,0.7038260638058302,-0.01207182073245333,0.023625467206526606
7505,cvulnerNone,-0.023153113737757112,0.005788474105718859,-3.9998647855887355,0.004341461499203888,230.33718027520786,-0.04115340653489616,-0.0051528209406180685
7505,cvulnerPTSD,-0.021232750308574896,0.005745530369675937,-3.6955248588778202,0.010721628340501225,93.26941470471183,-0.039099501898055784,-0.0033659987190940086
7505,cvulnerVictim of torture,0.08134345419822069,0.00574824577728729,14.151004906510497,1.6258741576524844e-33,6150537514193892e17,0.06346825856438973,0.09921864983205164
7505,creasonEthnic persecution,0.15035992607833396,0.005262048965966685,28.574406481356544,4.210861092738454e-129,2374811179890213e113,0.13399664615855272,0.1667232059981152
7505,creasonPolitical persecution,0.13686104469036214,0.005276346608556057,25.938600104176253,1.2865433534621639e-107,7772765661638537e91,0.1204533037004928,0.15326878568023147
7505,creasonReligious persecution,0.14225015208135006,0.005344600155715238,26.615677120249142,5.562173826743462e-113,17978582315998554e96,0.1256301645113164,0.15887013965138372
7505,creligionChristian,0.039639425728678325,0.004377747174586482,9.05475445425252,4.326527760736945e-14,23113222780515.992,0.02602603997360484,0.053252811483751814
7505,creligionMuslim,-0.06771657514607388,0.004445892487834533,-15.231266912407206,1.148013026768815e-38,8710702550254062e22,-0.08154187090865794,-0.05389127938348981
7505,clangFluent,0.05884553452041374,0.004375713728780265,13.448213975555708,2.3539530263216513e-30,42481731318259405e13,0.04523847212780686,0.07245259691302061
7505,clangNone,-0.056359999230186926,0.0043926049279465855,-12.830655193143805,1.0564988055329304e-27,9465226034927406e11,-0.07001958781970435,-0.042700410640669505
7605,cconsistMinor inconsistencies,0.07915149317497171,0.004470949659916895,17.703508023045593,6.2233108045898384e-52,16068617354969263e35,0.06525953032309809,0.09304345602684533
7605,cconsistNo inconsistencies,0.10615184891550766,0.004539898337800962,23.381988101285444,1.0902168613221365e-88,9172487011320593e72,0.09204565138315028,0.12025804644786504
7605,cgenderMale,-0.0603441003836873,0.003559268386244978,-16.954074218423923,9.302255844159614e-48,10750080590697214e31,-0.07140332224092523,-0.049284878526449374
7605,coriginEritrea,0.005611982818432405,0.006544787222812099,0.8574736851446645,1,0.629423826421422,-0.014723728358958221,0.02594769399582303
7605,coriginIraq,0.005700863276934544,0.006548577108459092,0.8705499198551823,1,0.6349672365967641,-0.014646623687397473,0.026048350241266564
7605,coriginKosovo,-0.020892373880949576,0.006665207957986047,-3.134541939673012,0.04679609430474706,21.369304743420837,-0.041602251735865015,-1.8249602603414086e-4
7605,coriginPakistan,0.0043471913837437775,0.006599392409213765,0.6587260029687628,1,0.5599593049882348,-0.016158186928978826,0.02485256969646638
7605,coriginSyria,0.023219808127668197,0.006522486869673824,3.5599624179587455,0.015525528406071893,64.41004607668677,0.002953387749983497,0.0434862285053529
7605,coriginUkraine,0.012037704657812103,0.006598157899527077,1.8244038474245827,0.5809169852727225,1.7214163561262217,-0.008463837833885383,0.03253924714950959
7605,cage38 Years,-0.007698045238390501,0.004346088762218611,-1.7712581724770775,0.6256140213709523,1.598429648057806,-0.02120204511049119,0.005805954633710185
7605,cage62 Years,-0.06194113753621035,0.004529634568528203,-13.674643417501258,1.874661689983159e-31,5334295811043024e15,-0.07601544387937907,-0.04786683119304162
7605,cjobCleaner,-0.03035520488797464,0.006152651390957823,-4.933678662923408,1.6992443878548248e-4,5884.968678710358,-0.049472486688303244,-0.01123792308764603
7605,cjobDoctor,0.05260239871062045,0.006096079395890432,8.6288900282502,7.074765773626446e-13,1413474356603.9094,0.03366089523787587,0.07154390218336504
7605,cjobFarmer,-0.019537355133223928,0.006092266959658805,-3.206910541280369,0.039172622052663975,25.528033294671783,-0.03846701275071773,-6.076975157301261e-4
7605,cjobTeacher,0.006949013921093085,0.00617404165374888,1.1255210623455452,1,0.7736063047135422,-0.012234730881212314,0.026132758723398482
7605,cjobUnemployed,-0.09027970050157237,0.00612021335708235,-14.751070793487964,1.900802784618762e-36,5260935053820256e20,-0.10929619209045532,-0.07126320891268942
7605,cvulnerNo surviving family,0.0053972549847620295,0.0057003267139612845,0.9468325686566404,1,0.6700624706470238,-0.012314580973454718,0.023109090942978777
7605,cvulnerNone,-0.02342280874799153,0.005744872121221342,-4.077167994996539,0.003363878913764279,297.27586088435356,-0.041273054482642624,-0.005572563013340439
7605,cvulnerPTSD,-0.021066929895233937,0.00570513599015431,-3.692625369770393,0.010695901725060101,93.49375356142598,-0.0387937090514958,-0.0033401507389720676
7605,cvulnerVictim of torture,0.08054814284481178,0.005702382528426727,14.125348912191413,1.678944710501353e-33,5956122281724144e17,0.06282991913894484,0.09826636655067872
7605,creasonEthnic persecution,0.15103743831959193,0.005233002535669999,28.862481393820705,4.640048493184602e-132,215514989006865e117,0.13477765407710074,0.16729722256208313
7605,creasonPolitical persecution,0.13711075746175408,0.005246532925186803,26.133593254229364,1.4722089539737767e-109,6792514047009472e93,0.12080893211327058,0.15341258281023756
7605,creasonReligious persecution,0.14263478333596047,0.005310752720386314,26.857733893056302,2.326965800965654e-115,4297441756922323e99,0.12613341670942035,0.15913614996250058
7605,creligionChristian,0.03933320084694298,0.004357685235472485,9.026168417755912,4.810333654158524e-14,20788578753482.14,0.02579316885909296,0.052873232834793
7605,creligionMuslim,-0.06793495014544307,0.0044269812413270946,-15.34566026872929,2.3406886001835502e-39,4272247064054496e23,-0.08169029601789034,-0.0541796042729958
7605,clangFluent,0.05893853177235347,0.004350304655193871,13.54813891068208,6.862779966012147e-31,145713545378475e16,0.045421432439723214,0.07245563110498372
7605,clangNone,-0.05657742632449811,0.00436376991354165,-12.96526339505826,2.3405409038236613e-28,4272516657864574e12,-0.07013636439005691,-0.04301848825893931
7705,cconsistMinor inconsistencies,0.07978624026077417,0.004429392322091802,18.012908873038082,7.078220273762439e-54,14127845154901467e37,0.06603417484070478,0.09353830568084356
7705,cconsistNo inconsistencies,0.10637060779235151,0.0045086754680367215,23.592429427764962,1.5583764040603194e-90,6416934941998092e74,0.0923723896428647,0.12036882594183831
7705,cgenderMale,-0.06046796923040201,0.0035323146524268035,-17.11851156545716,8.163137749648683e-49,1225019141742447e33,-0.07143485106251359,-0.04950108739829045
7705,coriginEritrea,0.006225902029308525,0.006504940997864966,0.9571035358125423,1,0.672443689367923,-0.013970180785519721,0.026421984844136773
7705,coriginIraq,0.00560970503270829,0.006503444150811264,0.8625744917035251,1,0.6289011098021982,-0.014581730476776585,0.025801140542193166
7705,coriginKosovo,-0.020558655854563082,0.006611375720578014,-3.109588189122868,0.04941672213474932,20.23606497560085,-0.04108518970268918,-3.212200643698884e-5
7705,coriginPakistan,0.004534234307005977,0.006550737778324849,0.6921715477619788,1,0.5672855883095392,-0.01580403512736638,0.024872503741378334
7705,coriginSyria,0.02280748700288699,0.00648470351516432,3.5171210140220355,0.017304314183397937,57.7890570756868,0.002674236099481163,0.04294073790629282
7705,coriginUkraine,0.012327203993267755,0.006549308153427961,1.8822146865719849,0.5351554412415748,1.868615962644374,-0.008006626842380772,0.03266103482891628
7705,cage38 Years,-0.007726326976931867,0.004316455122600003,-1.7899704172709985,0.610534779873671,1.637908327199501,-0.021127752931622584,0.005675098977758848
7705,cage62 Years,-0.06190000038869137,0.004508551847029935,-13.729464025010328,8.53663475142658e-32,11714217945577293e15,-0.07589783472838012,-0.04790216604900262
7705,cjobCleaner,-0.02985493724813336,0.006113834875047816,-4.883176902598284,2.0132714680063247e-4,4967.040043488355,-0.048836741309565675,-0.010873133186701044
7705,cjobDoctor,0.05353899524112554,0.006059120254557575,8.836100455483509,1.6219974739823103e-13,6165237714857.909,0.034727065281082534,0.07235092520116855
7705,cjobFarmer,-0.018930081366007327,0.006054305736080662,-3.126713811823777,0.04740759394447341,21.093667001351292,-0.03772706354806046,-1.3309918395418632e-4
7705,cjobTeacher,0.0071017484046487465,0.0061380371263254335,1.1570064270530478,1,0.7926533157003337,-0.01195519710253511,0.026158693911832603
7705,cjobUnemployed,-0.08928697013083155,0.006077448975763474,-14.691521144299685,2.8408995994390417e-36,35200117603503405e19,-0.10815580581399882,-0.07041813444766427
7705,cvulnerNo surviving family,0.004470471097259396,0.005662395422546475,0.7895017503473732,1,0.6000362445217763,-0.013109735536680454,0.022050677731199245
7705,cvulnerNone,-0.024245471904546848,0.005707404670684087,-4.248073039061517,0.0019097724028457415,523.622604719759,-0.04196542008312465,-0.006525523725969047
7705,cvulnerPTSD,-0.021475262804132936,0.005663922575913973,-3.7915883411714058,0.007939129142228793,125.95839947746018,-0.03906021083632545,-0.0038903147719404237
7705,cvulnerVictim of torture,0.07993365272784868,0.005659468386672521,14.123880065499508,1.3486101165235717e-33,7415041513834897e17,0.062362533748805585,0.09750477170689177
7705,creasonEthnic persecution,0.15059729561571714,0.005194885095002283,28.989533524157952,1.1726819355265509e-133,8527461451437689e117,0.13446858213059584,0.16672600910083843
7705,creasonPolitical persecution,0.13766790121251074,0.005208476151631034,26.431512251313666,2.434617716873471e-112,41074210257707196e95,0.12149699117167813,0.15383881125334337
7705,creasonReligious persecution,0.14365592463843255,0.005281506759138046,27.199799449253668,1.3964600227517641e-118,7160964035543758e102,0.12725827430930017,0.16005357496756492
7705,creligionChristian,0.039518322024114906,0.0043342935946639235,9.117592327563383,2.3256392113922363e-14,42998931007933.66,0.026061512437318815,0.052975131610911
7705,creligionMuslim,-0.06750838274325664,0.004397352643483735,-15.35205115816551,1.6420973069524116e-39,6089773095456275e23,-0.08116097362501101,-0.05385579186150227
7705,clangFluent,0.059044673389279906,0.004323540237104127,13.656556930490732,1.815580749543281e-31,5507879504954849e15,0.045621250069920585,0.07246809670863923
7705,clangNone,-0.05631321087500797,0.004332656888473288,-12.997385282186801,1.4037084780208783e-28,7123986323783721e12,-0.06976493893165944,-0.0428614828183565
7805,cconsistMinor inconsistencies,0.08001390528200832,0.004404079650272758,18.168133102918066,5.9555526653889666e-55,16791052924635474e38,0.06635078034780315,0.09367703021621349
7805,cconsistNo inconsistencies,0.10705238484400885,0.004485179937225934,23.868024548023,7.031228249516647e-93,14222266217410078e76,0.09313765606953879,0.12096711361847891
7805,cgenderMale,-0.06029214510309589,0.0035092166719692232,-17.18108362606818,2.5850270428254346e-49,3868431484209929e33,-0.07117906578068664,-0.049405224425505136
7805,coriginEritrea,0.008254047101701318,0.006466595593351035,1.2764130650427783,1,0.8846905091284495,-0.011807784315326694,0.02831587851872933
7805,coriginIraq,0.005882138474751494,0.00646020268663074,0.9105191833879239,1,0.6473918927684319,-0.01415985972168372,0.025924136671186707
7805,coriginKosovo,-0.019964612288405178,0.006563496411329222,-3.0417647907819907,0.05781113821316477,17.297704748741303,-0.040327066783896505,3.9784220708614926e-4
7805,coriginPakistan,0.0044585490097107,0.006506550260182278,0.6852400782939307,1,0.5626408233274554,-0.015727236933113866,0.024644334952535266
7805,coriginSyria,0.02240087525515928,0.006438927313686793,3.4789762585987343,0.01903334092761504,52.53938359025151,0.002424881332406297,0.042376869177912266
7805,coriginUkraine,0.012850822125612617,0.006516449242131838,1.9720589615777484,0.4680442579447273,2.136550086932362,-0.0073656742125359515,0.03306731846376119
7805,cage38 Years,-0.0074384795701543435,0.004290362750389106,-1.7337647194237191,0.660554263624797,1.513880168621563,-0.020748811563808436,0.005871852423499751
7805,cage62 Years,-0.06149191035815977,0.004480197472384042,-13.725267856427354,7.183393890768972e-32,13920996331344868e15,-0.07539118163752961,-0.047592639078789925
7805,cjobCleaner,-0.02939406342403335,0.006075474969137668,-4.838150691649618,2.3358944789376624e-4,4281.015298494084,-0.04824249036672572,-0.010545636481340988
7805,cjobDoctor,0.05261481502258147,0.006023434439917458,8.735019123625172,2.959500134475705e-13,3378948993280.4365,0.033927837533314374,0.07130179251184857
7805,cjobFarmer,-0.01923841556505911,0.006011603224311114,-3.2002137944264764,0.039318944140783935,25.433032901886623,-0.037888688137569536,-5.88142992548682e-4
7805,cjobTeacher,0.006958160577246498,0.0060911453098645195,1.1423402698960177,1,0.7795237794526223,-0.011938881703976192,0.02585520285846919
7805,cjobUnemployed,-0.0896232829220544,0.00603534222033662,-14.8497433368502,3.7897212489469516e-37,26387165026395266e20,-0.10834720286115798,-0.07089936298295083
7805,cvulnerNo surviving family,0.004039940165122084,0.0056233541856523525,0.718421787379096,1,0.5729626866190431,-0.013405836680238817,0.021485717010482987
7805,cvulnerNone,-0.02529813397835894,0.005670547593318867,-4.461321162027741,9.130878633963171e-4,1095.1848557929627,-0.042890322668241894,-0.007705945288475985
7805,cvulnerPTSD,-0.02163684818884268,0.005631081148970369,-3.8423968002661324,0.00675153778166454,148.11440479763672,-0.0391065970041859,-0.004167099373499461
7805,cvulnerVictim of torture,0.07981169348920003,0.005626630193435556,14.184634629500668,5.589442350172364e-34,17890872422526417e17,0.062355753225558405,0.09726763375284166
7805,creasonEthnic persecution,0.15010257505866542,0.005159706419975492,29.091301489083246,4.875336872879376e-135,2051140313119326e119,0.13409520937998623,0.1661099407373446
7805,creasonPolitical persecution,0.13729941763364445,0.005169646711722543,26.558762192067828,9.041092472195024e-114,1106061024235069e98,0.12126121340098633,0.15333762186630256
7805,creasonReligious persecution,0.14373094410781317,0.005247109911669214,27.392402013185464,1.3244682896391242e-120,7550199637263255e104,0.12745241965782902,0.16000946855779732
7805,creligionChristian,0.03966629558653519,0.0043053957747909025,9.213158943201137,1.0827733593774489e-14,92355430740830.17,0.026309325451237136,0.053023265721833246
7805,creligionMuslim,-0.06748359434879793,0.004368488193079739,-15.447814293214947,4.109079389692982e-40,24336351410205223e23,-0.08103630108786702,-0.05393088760972884
7805,clangFluent,0.05903343462672039,0.004290844573475168,13.757998831197241,5.10767454943769e-32,19578381322476606e15,0.045721607835164386,0.07234526141827638
7805,clangNone,-0.056585793736122894,0.0043013149412363255,-13.155463970712747,2.405907811070244e-29,41564352357921815e12,-0.06993010357843818,-0.0432414838938076
7905,cconsistMinor inconsistencies,0.08023329148205137,0.004375734836671239,18.335958296569768,4.124149867375746e-56,2424742146037273e40,0.06666804504117123,0.09379853792293151
7905,cconsistNo inconsistencies,0.10678892142790983,0.0044583497647642705,23.952566995056333,8.02372376079532e-94,12463041223902742e77,0.09296755986554528,0.12061028299027438
7905,cgenderMale,-0.05929923247397482,0.0034875596540557417,-17.003073310879355,1.7877196922652273e-48,5593718099803979e32,-0.07011104076456282,-0.048487424183386814
7905,coriginEritrea,0.00817936195879626,0.00642921647743378,1.2722175380943233,1,0.878176645428334,-0.011751897405288737,0.02811062132288126
7905,coriginIraq,0.005130299547602151,0.0064173875051941305,0.7994373946484872,1,0.5985650211168727,-0.014764288736181455,0.025024887831385755
7905,coriginKosovo,-0.019457612500279237,0.006524211487345641,-2.98236998264376,0.06615090850987503,15.116950356784892,-0.039683366564844884,7.681415642864092e-4
7905,coriginPakistan,0.0045075924276583666,0.006473254941104346,0.6963409395535665,1,0.5635062815192865,-0.015560190888372365,0.0245753757436891
7905,coriginSyria,0.022579760480194742,0.006404953150349901,3.5253591946978124,0.01662729749210133,60.142064606412575,0.0027237200275963686,0.042435800932793116
7905,coriginUkraine,0.012525757987564466,0.006473675497059538,1.9348757893802206,0.4957841080549189,2.0170069668494257,-0.007543329096950258,0.03259484507207919
7905,cage38 Years,-0.007104925200151659,0.004265029719258218,-1.6658559653336626,0.7242337789707894,1.3807696203028565,-0.020326973925441562,0.006117123525138246
7905,cage62 Years,-0.06151617565349494,0.004452091001500532,-13.817367082739668,2.215280666029938e-32,4514100697642642e16,-0.07531813437970583,-0.047714216927284045
7905,cjobCleaner,-0.029787721015043636,0.006036921149638344,-4.934257095080352,1.5864224104962635e-4,6303.4913865543585,-0.0485028228655259,-0.01107261916456137
7905,cjobDoctor,0.05205982933117748,0.005984774661136025,8.698711694066612,3.490332527798831e-13,2865056529816.2217,0.03350638717762937,0.0706132714847256
7905,cjobFarmer,-0.01883655523979351,0.005977636644787882,-3.1511709993644037,0.044135352243324676,22.657573785451017,-0.0373678687784973,-3.0524170108971876e-4
7905,cjobTeacher,0.007470825434686875,0.0060494523422907,1.234958970163232,1,0.8466537616621453,-0.011283124454552847,0.0262247753239266
7905,cjobUnemployed,-0.08953755016090109,0.0060006542334885005,-14.921298024673575,1.3165628514699446e-37,759553559394068e22,-0.10814022068874005,-0.07093487963306214
7905,cvulnerNo surviving family,0.004170704088184144,0.005587990536738015,0.7463692110364218,1,0.579652068036987,-0.013152664801742157,0.021494072978110446
7905,cvulnerNone,-0.024734669303220297,0.0056425651005243445,-4.383585986614809,0.0011742411149147519,851.6138528096068,-0.0422272251834004,-0.007242113423040198
7905,cvulnerPTSD,-0.02225666262185796,0.005587883483921898,-3.9830219591903435,0.004344470510318921,230.17764710908153,-0.03957969963659369,-0.0049336256071222315
7905,cvulnerVictim of torture,0.07940658140081192,0.005584830148873425,14.218262558410995,3.0986086766455056e-34,3227254888741165e18,0.06209301005160327,0.09672015275002056
7905,creasonEthnic persecution,0.15003468265449268,0.005125539853625246,29.27197659937705,4.120182641985969e-137,2427076872296103e121,0.134144960390181,0.16592440491880436
7905,creasonPolitical persecution,0.1365077976066931,0.005137392895356559,26.57141479875442,2.85251862933558e-114,350567386209472e99,0.1205813296440791,0.15243426556930711
7905,creasonReligious persecution,0.14309112945161273,0.005206112898652403,27.485214446396604,8.316673647296706e-122,12024038003764223e105,0.12695162212191602,0.15923063678130944
7905,creligionChristian,0.039406194509312646,0.004278650617082847,9.20995847428634,1.0126705666838695e-14,98748796785378.97,0.026141919542572126,0.05267046947605317
7905,creligionMuslim,-0.0669991057928013,0.004344613535693838,-15.421188845074454,4.262877612257591e-40,23458332397922324e23,-0.08046787286893996,-0.05353033871666264
7905,clangFluent,0.05903605447305256,0.004261863076828226,13.852170613840675,1.5361402885480533e-32,6509822100592073e16,0.045823822678302636,0.07224828626780248
7905,clangNone,-0.05660739434207876,0.004271943574287809,-13.250969578060491,7.583607308284076e-30,13186336783388478e13,-0.06985087675812773,-0.04336391192602978
8005,cconsistMinor inconsistencies,0.08024683222884751,0.00434545441755962,18.466844780278155,4.6272272933881134e-57,2161121415904745e41,0.06678500451052446,0.09370865994717056
8005,cconsistNo inconsistencies,0.10702086336645845,0.004432513383800596,24.1445099201697,1.416806950552889e-95,705812460624762e80,0.0932893347855201,0.12075239194739681
8005,cgenderMale,-0.05870968127811955,0.0034607854736652655,-16.96426482510082,2.1087303629095055e-48,47421899811802265e31,-0.06943088402006906,-0.04798847853617003
8005,coriginEritrea,0.00788804650965913,0.0063884929132920504,1.2347272849355555,1,0.843673015593503,-0.01190293107623919,0.02767902409555745
8005,coriginIraq,0.004725129319660306,0.006383606507013036,0.7401974596130376,1,0.575071160278311,-0.015050710618211144,0.024500969257531757
8005,coriginKosovo,-0.019958093850722752,0.0064835920509911885,-3.0782463939370817,0.05243745448142333,19.070338365762268,-0.04004368002869228,1.2749232724678164e-4
8005,coriginPakistan,0.0032117924647132126,0.006430874956069653,0.4994332010268411,1,0.5115053409199308,-0.016710480885309836,0.023134065814736263
8005,coriginSyria,0.02211071991547039,0.006364221444738081,3.4742222764343733,0.01897107257526672,52.71183250354208,0.002394933160437516,0.04182650667050326
8005,coriginUkraine,0.011150965582277331,0.0064301373280077085,1.7341722289051495,0.6624578650143165,1.5095299683375167,-0.008769022662222585,0.03107095382677725
8005,cage38 Years,-0.007623186591701332,0.004239256149565661,-1.798236842206946,0.6061800122729861,1.6496749806221946,-0.02075602160860701,0.005509648425204347
8005,cage62 Years,-0.062176914004185915,0.004428082248560491,-14.041499347578466,1.6604315078333312e-33,6022530861901573e17,-0.07589471532590879,-0.04845911268246304
8005,cjobCleaner,-0.029925567795073903,0.005991374924027081,-4.994774684365694,1.2279213640930246e-4,8143.843972766339,-0.048486309497302746,-0.011364826092845056
8005,cjobDoctor,0.05135874905351333,0.005945722023646956,8.637933096981746,4.861293018763402e-13,2057065879674.902,0.03293943593865513,0.06977806216837153
8005,cjobFarmer,-0.018850991693349143,0.005942622171486544,-3.1721672940606243,0.041660431324539594,24.003592094615726,-0.037260701744470874,-4.4128164222741184e-4
8005,cjobTeacher,0.0076314890947017985,0.006010405025003545,1.2697129499517044,1,0.8731844518588209,-0.0109882061521258,0.0262511843415294
8005,cjobUnemployed,-0.08983841396375944,0.005963994046415128,-15.063464729271491,2.0366672587914208e-38,4909982205897542e22,-0.10831433216497556,-0.07136249576254332
8005,cvulnerNo surviving family,0.0038799358069999596,0.005546186972677735,0.6995681584688266,1,0.5620192418874431,-0.013301653583995177,0.021061525197995097
8005,cvulnerNone,-0.02397011036285584,0.005600374488840865,-4.280090627978173,0.001641963910102532,609.0267842352,-0.041319567814812386,-0.006620652910899295
8005,cvulnerPTSD,-0.02282992572700161,0.005549159149530774,-4.114123439572293,0.002832727625476925,353.01664410168536,-0.04002072265509167,-0.005639128798911545
8005,cvulnerVictim of torture,0.0794989032162262,0.0055466476148457846,14.332784185432075,7.134240272461558e-35,14016909464908807e18,0.06231588679714373,0.09668191963530867
8005,creasonEthnic persecution,0.14934989032775686,0.005089325619953855,29.345713259571514,2.988172001580537e-138,334652757428645e123,0.13358361639759742,0.1651161642579163
8005,creasonPolitical persecution,0.1363912358832297,0.005097785791918131,26.754995492250785,3.637170587249902e-116,27493898787851716e99,0.12059875309974752,0.1521837186667119
8005,creasonReligious persecution,0.14284520179188853,0.005165376730124501,27.65436274160114,1.187648300705657e-123,842000110138529e108,0.12684332834910564,0.15884707523467143
8005,creligionChristian,0.03999819749987606,0.00425485448429308,9.400602922504302,2.346397473970056e-15,426185252538659,0.0268170402421606,0.05317935475759153
8005,creligionMuslim,-0.06701030265406395,0.0043160841694683426,-15.525717299048482,9.588601639127435e-41,10429049382126592e24,-0.08038114398020406,-0.05363946132792385
8005,clangFluent,0.05934627587304209,0.004234583970378743,14.014665026877276,2.2121494477006144e-33,4520490245536689e17,0.04622791484786194,0.07246463689822223
8005,clangNone,-0.05612847243707518,0.004241701980174827,-13.232535595242778,7.540121262480335e-30,13262386176413406e13,-0.06926888441765944,-0.042988060456490916
8105,cconsistMinor inconsistencies,0.08075206468872871,0.004320032142480875,18.692468487596724,1.363553723987786e-58,7333777777933431e42,0.06737817047648491,0.09412595890097251
8105,cconsistNo inconsistencies,0.10687537226083095,0.004409040055306976,24.240054733045472,1.3127883636228344e-96,7617374039181393e80,0.09322592861494212,0.12052481590671978
8105,cgenderMale,-0.05854086776845623,0.0034337534221668443,-17.048652180596722,5.175841516190805e-49,19320529750995095e32,-0.06917103289325027,-0.047910702643662186
8105,coriginEritrea,0.009745398639507921,0.006357891140007628,1.5328036332965949,0.8596143287848822,1.1633123908178236,-0.009937270543271336,0.029428067822287178
8105,coriginIraq,0.0050000122053498195,0.006347501370532459,0.7877134502974348,1,0.5891940270151128,-0.014650492476502665,0.024650516887202302
8105,coriginKosovo,-0.019458853913975234,0.006446103597208209,-3.018700152818334,0.06017475565562483,16.61826440514221,-0.03941460997016029,4.969021422098208e-4
8105,coriginPakistan,0.003852019239647647,0.006395128679728203,0.6023364708607177,1,0.5323787921067353,-0.015945929390256557,0.02364996786955185
8105,coriginSyria,0.021936607772786314,0.006330125683856408,3.465430051212222,0.019280865024834684,51.86489292425167,0.002339894495211936,0.04153332105036069
8105,coriginUkraine,0.011988102524220456,0.0064076556145657914,1.8709030642922306,0.5466472362083078,1.8293333136306857,-0.007848626812816489,0.0318248318612574
8105,cage38 Years,-0.00800630493458786,0.0042077117464906005,-1.9027693475593803,0.5213934764475606,1.9179373067982284,-0.02103247925857439,0.005019869389398671
8105,cage62 Years,-0.06220346865225126,0.004400761952380356,-14.134704245614927,4.915656536073815e-34,2034316255949628e18,-0.0758272850645531,-0.04857965223994943
8105,cjobCleaner,-0.029062706890948205,0.005952488193885523,-4.882446792721372,1.8570384408825747e-4,5384.918147007989,-0.047490335385151614,-0.0106350783967448
8105,cjobDoctor,0.051339845328123024,0.00591589803239151,8.678284352945283,3.436687396450868e-13,2909778762632.641,0.03302549213671605,0.06965419851953
8105,cjobFarmer,-0.018173820330289622,0.005909696496986243,-3.0752544296577145,0.05255252266944267,19.028582248849162,-0.036468974896378986,1.213342357997381e-4
8105,cjobTeacher,0.007041879369634051,0.00597529663691001,1.178498708521959,1,0.7971878980985254,-0.011456359178868697,0.025540117918136797
8105,cjobUnemployed,-0.08972909332987627,0.005942352745377816,-15.09992711214778,1.045006855348108e-38,9569315214366557e22,-0.10812534464639556,-0.07133284201335699
8105,cvulnerNo surviving family,0.0028414797137100416,0.005513561448300534,0.5153619380783144,1,0.5123975865832051,-0.014227325589190204,0.01991028501661029
8105,cvulnerNone,-0.024710230022110254,0.005562062836639155,-4.442637695377291,9.278763169663704e-4,1077.7298457939235,-0.041929185234870936,-0.007491274809349576
8105,cvulnerPTSD,-0.023316290495652384,0.005508347876137668,-4.2329008660944005,0.0018949664354777503,527.7138324341267,-0.0403689556958232,-0.006263625295481568
8105,cvulnerVictim of torture,0.07972514533865352,0.005512453908133626,14.462732327071082,1.3681298844160578e-35,7309247545797291e19,0.06265976874288774,0.0967905219344193
8105,creasonEthnic persecution,0.14908854180886802,0.0050575903416440774,29.478176708239207,6.553336686514209e-140,15259402161617167e123,0.13343132538844335,0.1647457582292927
8105,creasonPolitical persecution,0.13610064086026502,0.005061539898883164,26.88917672866627,1.1554805085571277e-117,8654408210214818e101,0.12043119745657759,0.15177008426395244
8105,creasonReligious persecution,0.14205272445959244,0.005132706132500052,27.67599016825088,2.961208347077827e-124,337699980140478e109,0.12616296563961055,0.15794248327957433
8105,creligionChristian,0.04078368659831683,0.004231118991112773,9.638983607877885,3.681447861020526e-16,2716322593043032.5,0.027685048458540897,0.05388232473809277
8105,creligionMuslim,-0.06602977345570828,0.004287567453691738,-15.400287964881917,3.2086778581923657e-40,3116548448286292e24,-0.07930316394502145,-0.05275638296639511
8105,clangFluent,0.058757877731595784,0.00420884243506507,13.960579099390156,3.1886311460788365e-33,31361419812690866e16,0.0457282030379631,0.07178755242522847
8105,clangNone,-0.05652592152526637,0.004211177238753452,-13.42283127033584,8.940046868851134e-31,1.1185623684862268e+30,-0.06956282427103036,-0.04348901877950238
8205,cconsistMinor inconsistencies,0.08065417633729711,0.004295565408971977,18.77614904171589,2.8459507138922757e-59,351376429366321e44,0.06736485232543675,0.09394350034915748
8205,cconsistNo inconsistencies,0.10750296821921587,0.004381550349842411,24.535372102498464,3.52653528332224e-99,2835644392186347e83,0.0939476299273771,0.12105830651105465
8205,cgenderMale,-0.05917437345012632,0.0034131531103696777,-17.337157618375098,8.847760294873364e-51,11302295345630322e34,-0.0697337511495214,-0.04861499575073123
8205,coriginEritrea,0.008835900656600662,0.006305211969815437,1.4013645693277623,1,0.9967331708920594,-0.010670729286764798,0.028342530599966123
8205,coriginIraq,0.004000043701505013,0.0063077685742897105,0.6341456022671916,1,0.53829838011112,-0.015514495688462714,0.023514583091472738
8205,coriginKosovo,-0.020319852981208204,0.006405165825229709,-3.1724163800988667,0.04117227401424685,24.288189660206037,-0.04013571326897966,-5.039926934367438e-4
8205,coriginPakistan,0.003947885047582836,0.0063459589449003755,0.6221100832609961,1,0.535096837514733,-0.015684805077121253,0.023580575172286924
8205,coriginSyria,0.021331654476666954,0.006291283657780986,3.390668047574713,0.02341773030699829,42.702686677587806,0.0018681149844857574,0.04079519396884815
8205,coriginUkraine,0.011966073965306955,0.0063667539368560235,1.8794622949125532,0.5404426914049674,1.850334949299323,-0.007730950271350229,0.03166309820196414
8205,cage38 Years,-0.008002557660612492,0.004181007683309202,-1.914026059449523,0.5132086118135136,1.9485253695691558,-0.020937470881470896,0.00493235556024591
8205,cage62 Years,-0.062422638728037334,0.004373779554723051,-14.272013014608817,8.919140103783454e-35,11211843163847209e18,-0.07595393626986092,-0.048891341186213744
8205,cjobCleaner,-0.029712120045253015,0.00591256251355246,-5.0252525833170445,1.0439201134337466e-4,9579.277064704875,-0.04800399818051872,-0.011420241909987316
8205,cjobDoctor,0.0510940357995266,0.005881345053985059,8.687474604964132,2.9984575043642517e-13,3335048099045.9297,0.03289873608770938,0.06928933551134382
8205,cjobFarmer,-0.017945965249025,0.005868316133219418,-3.058111533466357,0.05450871722896186,18.34568947567665,-0.03610095698433747,2.0902648628746967e-4
8205,cjobTeacher,0.005884828159140188,0.00593838861234522,0.9909806419381706,1,0.6766782652608397,-0.012486948979433074,0.02425660529771345
8205,cjobUnemployed,-0.09050869521442924,0.005901628595364394,-15.336223510493685,5.262382650661299e-40,19002799043401653e23,-0.10876674674767955,-0.07225064368117892
8205,cvulnerNo surviving family,0.0033562084991985426,0.005482737735778589,0.612140988852522,1,0.5325054831275251,-0.013605907382131445,0.02031832438052853
8205,cvulnerNone,-0.025327299296815035,0.005528294893640864,-4.581394405343453,5.582621556552249e-4,1791.273131932637,-0.04243035677121837,-0.008224241822411705
8205,cvulnerPTSD,-0.023480007712059384,0.005466785000157788,-4.295030390143691,0.0015175387977366909,658.9617356020381,-0.04039277012013122,-0.006567245303987553
8205,cvulnerVictim of torture,0.07958087760524815,0.005480197399391111,14.521534865530601,5.7004074408816535e-36,1754260568864416e20,0.06262662084143544,0.09653513436906086
8205,creasonEthnic persecution,0.14887866250717616,0.005024765910971065,29.628974791067332,9.735648269925772e-142,10271529663711078e125,0.13333338827268928,0.16442393674166303
8205,creasonPolitical persecution,0.1364488266089129,0.005032693361948713,27.112485660377775,6.516755982863105e-120,15345058225744014e103,0.12087902697332047,0.1520186262445053
8205,creasonReligious persecution,0.14189370107607352,0.00509873988963713,27.829170372951086,5.6605616783526477e-126,1766609140262955e110,0.12611957124812123,0.1576678309040258
8205,creligionChristian,0.040586484863664896,0.004202356225143908,9.658030564097414,2.907061738112046e-16,3439899424528346,0.02758552499641401,0.053587444730915784
8205,creligionMuslim,-0.06653755087466616,0.004256958851664083,-15.63030162921496,1.6380232589348318e-41,6104919417629495e25,-0.07970743658208924,-0.05336766516724308
8205,clangFluent,0.05926666784186849,0.0041803808653289535,14.177336886552991,2.5027821918041967e-34,39955534415846376e17,0.04633369382724789,0.07219964185648908
8205,clangNone,-0.05632227491220361,0.004187738634909601,-13.449329058574213,5.622812192887114e-31,1778469501906902e15,-0.06927801188691267,-0.043366537937494544
8305,cconsistMinor inconsistencies,0.08090364969973424,0.004270417181013307,18.945139612925825,1.7589156201428002e-60,5685321049788696e44,0.06770061606763463,0.09410668333183385
8305,cconsistNo inconsistencies,0.1075688482313145,0.0043592389356687505,24.676061537061027,1.4086586881876991e-100,7098951707645687e84,0.09409120053593509,0.12104649592669392
8305,cgenderMale,-0.058951059943575,0.0033921950938836016,-17.378440305473134,3.714585656518239e-51,26920902961148072e34,-0.06943885633740675,-0.04846326354974326
8305,coriginEritrea,0.009130093474595194,0.006267788248501841,1.4566691012220323,0.9451408405182907,1.058043369971851,-0.0102482987377114,0.028508485686901786
8305,coriginIraq,0.0034891338651121596,0.006273514408089822,0.5561689410664064,1,0.5166256847408215,-0.015906962162634063,0.022885229892858384
8305,coriginKosovo,-0.020989930962410648,0.006367444491143339,-3.2964450638880547,0.029830215748969345,33.52305623316019,-0.0406764346934453,-0.001303427231376001
8305,coriginPakistan,0.00328915480658042,0.0063035705071772235,0.5217923402039208,1,0.509108381277724,-0.016199866963612006,0.022778176576772845
8305,coriginSyria,0.020901292004518426,0.006257645459765016,3.3401208392051185,0.02660364329778614,37.58883656672755,0.0015542586911528981,0.04024832531788396
8305,coriginUkraine,0.011931814997781865,0.006328611855914411,1.8853763304556235,0.5363673991456337,1.864393700274989,-0.007634628194148981,0.03149825818971271
8305,cage38 Years,-0.007801834564483913,0.004158812041995898,-1.875976717798397,0.5439174354654002,1.8385143310295895,-0.020659813757754122,0.005056144628786294
8305,cage62 Years,-0.06249574707659182,0.004345274077772911,-14.382463788940754,2.1381780561581748e-35,4676878977033256e19,-0.07593021901638322,-0.04906127513680042
8305,cjobCleaner,-0.02978529720623364,0.005876830145688846,-5.068258987897359,8.616776313386447e-5,11605.268184187014,-0.047954947330499785,-0.011615647081967495
8305,cjobDoctor,0.05090458331877118,0.0058379161965470446,8.719649547021545,2.2392348104054896e-13,4465811246561.123,0.03285524513535272,0.06895392150218964
8305,cjobFarmer,-0.0173041288434012,0.005826231311396993,-2.9700380775393693,0.06691752450669525,14.943768577391827,-0.03531734036165231,7.090826748499084e-4
8305,cjobTeacher,0.006231450669561849,0.005897096816592241,1.0566980436931035,1,0.7109623837782092,-0.012000858798324847,0.024463760137448547
8305,cjobUnemployed,-0.09050744207658457,0.00585670095561388,-15.453656036480673,1.0300150295414646e-40,970859619830182e25,-0.1086148579126579,-0.07240002624051123
8305,cvulnerNo surviving family,0.0035753340828921084,0.005445125786019401,0.6566118439489379,1,0.5421278098367052,-0.013259596987417993,0.02041026515320221
8305,cvulnerNone,-0.02646035997214925,0.005490593420833304,-4.819216784792157,2.2743768137087835e-4,4396.808804822974,-0.04343586529695819,-0.009484854647340307
8305,cvulnerPTSD,-0.023313982926499548,0.005437141856367663,-4.287911469367968,0.0015331785855150714,652.2397387020965,-0.040124229735942374,-0.006503736117056718
8305,cvulnerVictim of torture,0.07957236001711852,0.005446834262688894,14.608918902158166,1.721127747016352e-36,5810143969461549e20,0.06273214677554251,0.09641257325869454
8305,creasonEthnic persecution,0.1490918888645093,0.0049999613595698225,29.818608213671595,6.331910943885951e-144,15793020604081505e127,0.13363329191920229,0.16455048580981632
8305,creasonPolitical persecution,0.13620729756693395,0.005004655435960867,27.216118933627023,3.59868152613437e-121,27787954914537257e104,0.12073418774247824,0.15168040739138966
8305,creasonReligious persecution,0.14191767256352464,0.005071235083657324,27.98483411287158,1.0107298266699365e-127,9893840803082974e111,0.1262387155605642,0.15759662956648507
8305,creligionChristian,0.04095297179630312,0.0041769431708030035,9.804531716535191,8.71941448516981e-17,11468659985149508,0.028038935807342673,0.053867007785263564
8305,creligionMuslim,-0.06603686692879454,0.004225265030544546,-15.629047279025668,1.2831250480953687e-41,7793472674267946e25,-0.07910030170300009,-0.052973432154588995
8305,clangFluent,0.0589515009823625,0.0041482241028081325,14.211262342951866,1.4015506368471397e-34,713495448333962e19,0.046126256978949676,0.07177674498577533
8305,clangNone,-0.0564836627944616,0.004163097890330012,-13.567699891386434,1.359995353161096e-31,7352966300036665e15,-0.06935489273052785,-0.043612432858395354
8405,cconsistMinor inconsistencies,0.08116195520156017,0.004244106703431266,19.123448318569025,9.250990685781723e-62,10809653084365834e45,0.06804842915863635,0.09427548124448398
8405,cconsistNo inconsistencies,0.10795696218709795,0.004332405818182072,24.91847872007474,8.781192251503105e-103,1138797524708364e87,0.09457060776784805,0.12134331660634785
8405,cgenderMale,-0.058705058999623104,0.0033721085854775423,-17.409006119329803,1.8001778634770335e-51,5555006648445869e35,-0.06912426776255917,-0.048285850236687036
8405,coriginEritrea,0.009108155368223972,0.006217724310170903,1.464869607249219,0.9386887275740357,1.0653158716248978,-0.010103493953228376,0.02831980468967632
8405,coriginIraq,0.003248262466566472,0.006236777915178745,0.5208238149158751,1,0.5066340483975112,-0.016022259065916745,0.022518783999049687
8405,coriginKosovo,-0.021098920287794032,0.006332553875556881,-3.331818520997361,0.02702294955646986,37.00558289946476,-0.04066537230423263,-0.0015324682713554298
8405,coriginPakistan,0.0034605637294035157,0.006258554955835579,0.5529333454485096,1,0.5136081196680896,-0.015877244940219845,0.02279837239902688
8405,coriginSyria,0.02116537738598974,0.006219935807574365,3.4028289102623006,0.022361772021237323,44.719175164217056,0.001946894935490301,0.04038385983648918
8405,coriginUkraine,0.011726385865720609,0.006295414433423705,1.862686879431275,0.5554390431720195,1.8003775793094543,-0.007725311957276226,0.031178083688717443
8405,cage38 Years,-0.007303291128555544,0.004138710072025443,-1.7646298004589112,0.6395333040675342,1.5636402258331816,-0.020091160545160493,0.005484578288049407
8405,cage62 Years,-0.061811995127752144,0.00432169084584443,-14.302734122499336,4.17258884925948e-35,239659366433257e20,-0.07516524221049581,-0.04845874804500848
8405,cjobCleaner,-0.029128184878020727,0.005839440961848849,-4.988180387185271,1.1601320492945286e-4,8619.708425502906,-0.04717100672022635,-0.011085363035815098
8405,cjobDoctor,0.05148156755209097,0.005812956975850327,8.856347598299603,8.120908317957302e-14,12313893481456.465,0.03352057646117895,0.06944255864300299
8405,cjobFarmer,-0.01759457300141737,0.005788270017238365,-3.0396945804217848,0.05646927868462022,17.708743998395654,-0.035479285832309006,2.901398294742688e-4
8405,cjobTeacher,0.006688119089947358,0.005865608447286289,1.1402259714491514,1,0.7618398555229782,-0.011435555573768217,0.024811793753662933
8405,cjobUnemployed,-0.08940282821258577,0.005814960278915704,-15.374624060072929,2.0456531882851584e-40,48884141541034417e23,-0.107370009149502,-0.07143564727566955
8405,cvulnerNo surviving family,0.0036271149593042618,0.005406945080547185,0.6708251896905149,1,0.5438471136503686,-0.013079372431573519,0.020333602350182042
8405,cvulnerNone,-0.02582242701034125,0.005449257901944069,-4.738705246659161,3.0269231845006224e-4,3303.6847618747174,-0.04265965340570471,-0.008985200614977786
8405,cvulnerPTSD,-0.023913769617058926,0.005399589932183168,-4.428812172295848,9.306662027956205e-4,1074.4991028965146,-0.040597530922953234,-0.007230008311164618
8405,cvulnerVictim of torture,0.07892561570304146,0.005413961927281707,14.57816230759295,1.9519550026594637e-36,5123068916227774e20,0.062197447518342455,0.09565378388774047
8405,creasonEthnic persecution,0.14918254598268957,0.004968777445991613,30.023994353588396,2.866873209661893e-146,3488120774332869e130,0.13382991774013747,0.16453517422524166
8405,creasonPolitical persecution,0.1360366437036534,0.004975662104116447,27.34041035284692,1.3208764440053054e-122,7570730816939176e106,0.12066274310629843,0.15141054430100837
8405,creasonReligious persecution,0.1415790504081272,0.005042038270018458,28.079725465393764,5.961829958044374e-129,16773373394366726e112,0.12600005940164524,0.15715804141460918
8405,creligionChristian,0.04067885256701149,0.0041524511740602486,9.796346991657913,8.460689557899249e-17,11819367595946820,0.027848525617647946,0.05350917951637503
8405,creligionMuslim,-0.06650402388397524,0.0041984435417545055,-15.840161531905128,7.82019664917354e-43,12787402220961833e26,-0.07947645897379782,-0.05353158879415265
8405,clangFluent,0.05875329952972832,0.00412460102464437,14.244601884807542,7.907683998047982e-35,12645927685613775e18,0.04600902453079504,0.0714975745286616
8405,clangNone,-0.05737570184381549,0.0041406989422868214,-13.856525828977098,5.2987270418169704e-33,1887245732999851e17,-0.07016971651165729,-0.04458168717597369
8505,cconsistMinor inconsistencies,0.08187377091418321,0.004216671271427186,19.416683360871048,8.807148829052855e-64,11354412414392489e47,0.06885286291995987,0.09489467890840655
8505,cconsistNo inconsistencies,0.10830525120143134,0.0043093867344439745,25.13240464954594,8.746030473204099e-105,11433758469785564e88,0.09499804165893132,0.12161246074393135
8505,cgenderMale,-0.05860519949148912,0.0033528595550621695,-17.479169207373033,5.167294664573241e-52,19352486454003846e35,-0.06895869232358288,-0.04825170665939535
8505,coriginEritrea,0.008986380858151987,0.006170457556464657,1.4563556715072365,0.9504985963849962,1.0520794073797384,-0.0100677390751272,0.028040500791431174
8505,coriginIraq,0.003507196083405652,0.006184838453693308,0.5670634907709371,1,0.5145802784544452,-0.015591331470870103,0.022605723637681405
8505,coriginKosovo,-0.02027554952413087,0.006286532759638491,-3.225235642500147,0.03544561227859541,28.212236598995677,-0.039688104925495696,-8.629941227660427e-4
8505,coriginPakistan,0.0035318611481980305,0.006220817064419646,0.5677487557701596,1,0.5147393668551618,-0.015677766880805757,0.02274148917720182
8505,coriginSyria,0.021208011929425837,0.0061768893293317985,3.4334453474367286,0.020445170629613166,48.91130615225003,0.002134030945248451,0.04028199291360322
8505,coriginUkraine,0.01098210936514922,0.0062622565126600254,1.7536984221178666,0.6504744229820829,1.5373394628116603,-0.008355481980920718,0.030319700711219158
8505,cage38 Years,-0.00704341424858252,0.004111767200243462,-1.7129895506159667,0.68799229714406,1.4535046455478093,-0.019740382772266953,0.005653554275101914
8505,cage62 Years,-0.06183865862085445,0.004297485740654833,-14.389497104283988,1.2987667899624818e-35,7699611721892638e19,-0.07510911838249812,-0.048568198859210786
8505,cjobCleaner,-0.029251525083676788,0.005791861597325079,-5.050453052466991,8.881293570343492e-5,11259.62104596126,-0.047136556218323425,-0.011366493949030148
8505,cjobDoctor,0.05268910614485766,0.005773061756846028,9.126717912271749,1.1169225130213611e-14,89531725642714.75,0.03486212814677932,0.070516084142936
8505,cjobFarmer,-0.017576477381832836,0.005751915019625664,-3.0557609634115765,0.05408479238319382,18.489485785855354,-0.03533815512243316,1.8520035876748095e-4
8505,cjobTeacher,0.006368849601420721,0.0058318640533935005,1.0920778576302295,1,0.7274757111340264,-0.011639707477384614,0.024377406680226057
8505,cjobUnemployed,-0.08959287671413314,0.00578212060266617,-15.49481286724136,3.862295729519082e-41,25891336915428693e24,-0.10744782805667331,-0.07173792537159297
8505,cvulnerNo surviving family,0.003963848403577805,0.005375310429351234,0.7374175790729571,1,0.562102270848102,-0.01263488980379544,0.02056258661095105
8505,cvulnerNone,-0.025236602660952345,0.005413051333804452,-4.662176858244445,3.956925134158131e-4,2527.2148602648717,-0.04195188323382467,-0.00852132208808002
8505,cvulnerPTSD,-0.024285309196073898,0.005360242942466161,-4.530635916457291,6.38991718617088e-4,1564.9655087302376,-0.04083751962174309,-0.007733098770404703
8505,cvulnerVictim of torture,0.07983745612028595,0.005381762450258954,14.834816077109537,8.57132695676079e-38,11666804977159713e21,0.06321879433689541,0.09645611790367649
8505,creasonEthnic persecution,0.14967656468658821,0.004940705887026517,30.294570878953618,3.1304086208119883e-149,3194471141408411e133,0.13441986748625945,0.16493326188691698
8505,creasonPolitical persecution,0.13591064961321228,0.004940340771343547,27.510379527169903,1.9496700315354292e-124,512907304223406e109,0.12065507987514205,0.1511662193512825
8505,creasonReligious persecution,0.1421943150510933,0.00501404472888762,28.359203545166523,8.503482991004607e-132,11759887108116147e115,0.12671115051413645,0.15767747958805017
8505,creligionChristian,0.04095074134643852,0.00412721863018193,9.92211584018591,2.921515839578142e-17,34228806376911416,0.02820605944064359,0.053695423252233455
8505,creligionMuslim,-0.06611618645543349,0.0041698586101452245,-15.855738200468828,5.005461968865401e-43,1997817596497836e27,-0.07899253887103073,-0.053239834039836245
8505,clangFluent,0.058860429463982684,0.004100983653951022,14.352758857566922,1.9526469756834984e-35,5121253418836567e19,0.04619676008910237,0.071524098838863
8505,clangNone,-0.057554010297668316,0.004114602807540242,-13.987743894063684,1.0639390762698925e-33,9399034421274768e17,-0.07025973506041965,-0.04484828553491699
8605,cconsistMinor inconsistencies,0.08182284237739275,0.004189891897753212,19.528628512174606,1.1418534073459228e-64,8757691605302986e48,0.06889217473935785,0.09475351001542764
8605,cconsistNo inconsistencies,0.10847949162164763,0.004279678945504651,25.34757700354926,8.162106127525148e-107,12251739739424491e90,0.09527172698421359,0.12168725625908168
8605,cgenderMale,-0.058507546368639446,0.0033340308697623364,-17.54859167600032,1.4935564076288247e-52,6695428407606e39,-0.06879689180377183,-0.04821820093350706
8605,coriginEritrea,0.009186319893865496,0.00612545165799503,1.4996967418517417,0.9055920312279948,1.1042499994660804,-0.009717790631004386,0.02809043041873538
8605,coriginIraq,0.0032512155516953695,0.006144557239002294,0.5291212084506967,1,0.5039277548297262,-0.015711857811373027,0.022214288914763763
8605,coriginKosovo,-0.019455044223123517,0.0062390223368156104,-3.1182841113297486,0.04618731916615943,21.650964335091373,-0.038709651786363874,-2.0043665988316375e-4
8605,coriginPakistan,0.0039776800827064996,0.006179078675264367,0.643733522706169,1,0.5316543302289538,-0.015091931880780642,0.02304729204619364
8605,coriginSyria,0.021750199598825667,0.006139085567761775,3.54290543090695,0.01499031690385135,66.7097304489325,0.0028040126767353048,0.040696386520916034
8605,coriginUkraine,0.011651923194988706,0.006219950854193834,1.8733143505679528,0.5481987299146163,1.8241559956838156,-0.007543826763052099,0.030847673153029512
8605,cage38 Years,-0.007611766877499493,0.004080632860826649,-1.865339798287443,0.5547468933050388,1.8026238849978196,-0.0202052438845048,0.004981710129505815
8605,cage62 Years,-0.062145784862826535,0.0042673610900023735,-14.563048111495053,1.5137302500722775e-36,6606196843540994e20,-0.07531553465419769,-0.04897603507145539
8605,cjobCleaner,-0.02886683435214359,0.005763077572963476,-5.008926912170602,1.0278535783626192e-4,9729.012196396783,-0.04665260126134818,-0.011081067442938995
8605,cjobDoctor,0.05403421738078588,0.005743454121789501,9.407965352381071,1.3287511537756419e-15,752586364390731.4,0.03630901153884365,0.0717594232227281
8605,cjobFarmer,-0.01774463481306451,0.005716133902934916,-3.1043070568997044,0.04781380434600092,20.91446212402546,-0.03538552614799131,-1.0374347813771334e-4
8605,cjobTeacher,0.006853426291925028,0.005793547999360309,1.1829411429199765,1,0.7871473210339122,-0.011026377161930737,0.024733229745780794
8605,cjobUnemployed,-0.088847343227623,0.00575541496550373,-15.437174167309903,6.040653018222099e-41,16554501590861492e24,-0.10660946212090722,-0.07108522433433878
8605,cvulnerNo surviving family,0.0036404799180434076,0.005350012537961641,0.6804619413902221,1,0.5420574330631117,-0.012870503103928642,0.020151462940015456
8605,cvulnerNone,-0.025546170149711576,0.0053838072400841175,-4.745000890728852,2.857208052863595e-4,3499.9201370644487,-0.042161448955855635,-0.008930891343567515
8605,cvulnerPTSD,-0.024836575904875244,0.005335148998257855,-4.655273154130354,3.9944322409106475e-4,2503.484699923263,-0.04130168769758301,-0.008371464112167475
8605,cvulnerVictim of torture,0.07934423783624969,0.005363066678929808,14.79456486117803,1.0924496105590334e-37,9153740276297735e21,0.0627929676750677,0.09589550799743168
8605,creasonEthnic persecution,0.14983563556489493,0.004908072256017141,30.528408660080583,7.056538631260939e-152,14171253815148593e135,0.13468854999926255,0.1649827211305273
8605,creasonPolitical persecution,0.13573346123057053,0.004920769991963238,27.58378494671664,1.9113521078896988e-125,5231898381633555e109,0.12054718844787353,0.15091973401326753
8605,creasonReligious persecution,0.14226617558609503,0.004984227049287811,28.543277458923797,7.93450780842082e-134,12603176203805725e117,0.12688406430981022,0.15764828686237983
8605,creligionChristian,0.04113248539996405,0.004108821441518476,10.01077461880722,1.3309682664867843e-17,75133271406958030,0.028452013984270205,0.0538129568156579
8605,creligionMuslim,-0.06598614536369438,0.0041475337619042135,-15.909730734391625,2.0099702436188125e-43,497519803178563e28,-0.07878608910961075,-0.053186201617778
8605,clangFluent,0.058831445643031256,0.0040807680686414365,14.416757986105624,7.81058810148653e-36,12803133221295814e19,0.04623755136337125,0.07142533992269126
8605,clangNone,-0.05766264150414805,0.004090379484753072,-14.097137372971405,2.667155111292983e-34,37493132505339e20,-0.070286198130785807,-0.045039084877510294
8705,cconsistMinor inconsistencies,0.0819583621604219,0.004167178876984135,19.66758917239874,9.78921437175435e-66,10215324356215803e49,0.06910505579257743,0.09481166852826638
8705,cconsistNo inconsistencies,0.10857537345025575,0.004266002300263135,25.451316199140027,5.850728985114771e-108,17091887225406724e91,0.09541725469656923,0.12173349220394228
8705,cgenderMale,-0.05858051889182927,0.0033145242491160083,-17.67388454239031,2.0233518692954826e-53,4942294097112201e37,-0.06880388508156432,-0.04835715270209422
8705,coriginEritrea,0.008319087651256567,0.006093369608810801,1.3652688389733416,1,0.9444783971633459,-0.01047538906946424,0.027113564371977372
8705,coriginIraq,0.0032510676495335973,0.006114568181496984,0.5316921085893694,1,0.5022882620290506,-0.015608794253186821,0.022110929552254015
8705,coriginKosovo,-0.020543202909901623,0.006204860756987768,-3.3108241610041533,0.028065294798092992,35.63119529633264,-0.03968156452904523,-0.0014048412907580188
8705,coriginPakistan,0.0030886888961869727,0.00614439225716607,0.5026841983574051,1,0.4963050049359319,-0.015863162813793644,0.022040540606167586
8705,coriginSyria,0.020932576920870995,0.0061093395409406535,3.4263240372539534,0.020578213957844482,48.59508225779705,0.002088842312164531,0.03977631152957746
8705,coriginUkraine,0.010662337881856672,0.006186966017701373,1.7233548481357301,0.6808175281357968,1.4688223476533915,-0.008420828946467871,0.029745504710181215
8705,cage38 Years,-0.006503718816955163,0.004054243927232391,-1.6041755093396401,0.7976133339588715,1.2537403243205618,-0.01900868700406695,0.006001249370156627
8705,cage62 Years,-0.06145727030651447,0.004245390041165414,-14.476236508446622,3.2770165605468205e-36,3051556138102441e20,-0.07455181231225295,-0.04836272830077598
8705,cjobCleaner,-0.02920884470745754,0.005731746614105481,-5.095976265869176,7.106574634351525e-5,14071.476786667843,-0.04688792627049106,-0.011529763144424023
8705,cjobDoctor,0.053329651343333936,0.005717036757064496,9.328198087485605,2.211886944003491e-15,452102673109508.5,0.0356959410745876,0.07096336161208028
8705,cjobFarmer,-0.018455001270930187,0.005685300706709839,-3.2460906156026965,0.03324178737245628,30.08261826584533,-0.03599082441024066,-9.191781316197148e-4
8705,cjobTeacher,0.006779742966045492,0.005767385157557952,1.1755315070575583,1,0.7790946604646802,-0.011009262632173635,0.02456874856426462
8705,cjobUnemployed,-0.08955956936360679,0.005724185362759027,-15.64581921932024,3.900629239028525e-42,25636889299662223e25,-0.10721532889440957,-0.071903809832804
8705,cvulnerNo surviving family,0.003499428606606951,0.005308945849736697,0.6591569599039157,1,0.5336799293460555,-0.012875560207491397,0.0198744174207053
8705,cvulnerNone,-0.025960407893188747,0.005345634264577527,-4.856375615745653,1.8359960004486918e-4,5446.634958657938,-0.042448558980858864,-0.009472256805518633
8705,cvulnerPTSD,-0.0248551085301327,0.005296972510460645,-4.692323488756638,3.425588870090403e-4,2919.206121701375,-0.041193166604633756,-0.008517050455631642
8705,cvulnerVictim of torture,0.07845015671421733,0.005329160802907195,14.720921288661573,2.0504171438912684e-37,4877056373525079e21,0.06201281660827809,0.09488749682015657
8705,creasonEthnic persecution,0.15039005519164583,0.00488311281045401,30.797989116631374,6.9782314556386815e-155,14330278471803356e138,0.13532851191876982,0.16545159846452184
8705,creasonPolitical persecution,0.1364585677924913,0.00489007314461675,27.90522017911165,1.3078437571902684e-128,7646173287154495e112,0.12137555596497503,0.15154157962000758
8705,creasonReligious persecution,0.14303628313189448,0.004960036004419874,28.837750976895176,7.394369346136802e-137,13523803764582727e120,0.12773747685495182,0.15833508940883714
8705,creligionChristian,0.04151387640667993,0.004089234438225654,10.151992269901031,3.956402995418919e-18,252754838462585920,0.028900982985005298,0.054126769828354564
8705,creligionMuslim,-0.06554256765701723,0.004127017544372135,-15.881339721076607,2.2186010851053284e-43,4507344771052093e27,-0.07827199983384628,-0.05281313548018818
8705,clangFluent,0.05853082076875423,0.004059144441517327,14.4194969191279,6.192566286591894e-36,1614839395688333e20,0.046010737365011795,0.07105090417249667
8705,clangNone,-0.05802914239345838,0.004067383961176294,-14.266944784990562,3.387709308953674e-35,29518471297316227e18,-0.07057463988995444,-0.04548364489696233
8805,cconsistMinor inconsistencies,0.0829524297460946,0.004138130309392599,20.04587181747558,2.2058169395915865e-68,4533467769021454e52,0.07019570554870255,0.09570915394348664
8805,cconsistNo inconsistencies,0.10898119930211492,0.004242399516228881,25.68857527095647,3.380570716317354e-110,2958080406876849e94,0.09590304165182455,0.12205935695240529
8805,cgenderMale,-0.05878982143104515,0.0032948614224898747,-17.842881351476873,1.4857196467382e-54,6730744943673824e38,-0.06894697823684415,-0.04863266462524615
8805,coriginEritrea,0.009061731637187315,0.00605990145155397,1.4953595713777774,0.9148933443082888,1.0930235816242129,-0.009619287494903908,0.02774275076927854
8805,coriginIraq,0.002970707983967022,0.006078204191383789,0.4887476449340374,1,0.4914322738459811,-0.015766733490247088,0.02170814945818113
8805,coriginKosovo,-0.02102201508321993,0.006166602937434243,-3.4090106492192316,0.021441330360500586,46.638897082720625,-0.04003196571941025,-0.0020120644470296087
8805,coriginPakistan,0.002724988721383069,0.0061074489607665415,0.4461746203509915,1,0.4836643630639597,-0.016102606380034447,0.021552583822800585
8805,coriginSyria,0.02080308971382164,0.006073022558848025,3.4254919214012802,0.020497447248079705,48.78656292644854,0.0020816217958295156,0.03952455763181377
8805,coriginUkraine,0.010445305977512389,0.006149201470215582,1.6986442919630331,0.7055507054631569,1.4173325775977401,-0.008511000693567753,0.02940161264859253
8805,cage38 Years,-0.007057535747415946,0.004028531270934807,-1.7518880387834916,0.6555426839009194,1.5254536806807577,-0.019476396078430463,0.005361324583598572
8805,cage62 Years,-0.061735901582578724,0.004219899250607098,-14.62970983814295,4.721695165928115e-37,21178834398629293e20,-0.07474469706651739,-0.04872710609864007
8805,cjobCleaner,-0.029023140698735152,0.0057050275423325605,-5.087291951419526,7.220432673086386e-5,13849.585548071434,-0.04661018060680036,-0.011436100790669947
8805,cjobDoctor,0.053552434994508444,0.0056799207135979695,9.428377207150385,9.73721864766128e-16,1026987311453855,0.03604279257412297,0.07106207741489393
8805,cjobFarmer,-0.017832920804860784,0.0056544460937608286,-3.1537873929928883,0.041881772959687875,23.876735136368797,-0.0352640319381676,-4.0180967155397165e-4
8805,cjobTeacher,0.007309851565441838,0.00573818237987424,1.273896694374856,1,0.8551365836742504,-0.010379395640776487,0.024999098771660164
8805,cjobUnemployed,-0.08977232435258609,0.0056903467130234075,-15.776248597844763,6.300100537692785e-43,15872762569694148e26,-0.10731410727827431,-0.07223054142689786
8805,cvulnerNo surviving family,0.0019325480680059811,0.005275644545908005,0.36631506372144435,1,0.47126356101182776,-0.014330821474240842,0.018195917610252806
8805,cvulnerNone,-0.02752923726289882,0.005305724910767705,-5.1885911399269125,4.766959925668356e-5,20977.73036889531,-0.043885336344716,-0.011173138181081638
8805,cvulnerPTSD,-0.026021121978971495,0.005259886209223715,-4.947088386311659,1.2656490762743677e-4,7901.084263764908,-0.0422359128782416,-0.009806331079701393
8805,cvulnerVictim of torture,0.07785680138066038,0.005288353044090721,14.722315384684586,1.6408231155923672e-37,6094502146497258e21,0.061554255013577475,0.09415934774774329
8805,creasonEthnic persecution,0.1502256566818757,0.004852251185555184,30.95999175168159,6.832977831899939e-157,14634907716683542e140,0.1352674930952675,0.1651838202684839
8805,creasonPolitical persecution,0.13701886310392558,0.004861336858385518,28.185428637305016,1.8918355724116012e-131,5285871640130218e115,0.12203269087240323,0.15200503533544793
8805,creasonReligious persecution,0.14321464834044897,0.004926192480503846,29.072077249771027,2.2380952683984266e-139,4468085045886346e123,0.12802854396030966,0.1584007527205883
8805,creligionChristian,0.04116248047774993,0.0040599698426911825,10.138617298315955,4.013713319024111e-18,249145845882968700,0.028646703626695986,0.05367825732880388
8805,creligionMuslim,-0.06562957226874415,0.004104652044759704,-15.989070828191542,4.605405567211157e-44,21713614260590703e27,-0.07828309213070002,-0.05297605240678827
8805,clangFluent,0.05848964591102266,0.004032690611441643,14.503876331369057,1.9654570026955607e-36,5087875230180728e20,0.046057963470571825,0.0709213283514735
8805,clangNone,-0.058146181253438164,0.004042830327885258,-14.38254305464596,7.689450300639889e-36,13004830786366922e19,-0.07060912166704111,-0.045683240839835215
8905,cconsistMinor inconsistencies,0.08232089536044547,0.004113201155216365,20.013826762653228,2.4105988630617295e-68,4148346766951879e52,0.0696477424028231,0.09499404831806783
8905,cconsistNo inconsistencies,0.10818690815043558,0.004216573432472441,25.657541575648267,3.017317332861163e-110,3314202285285495e94,0.0951952556515052,0.12117856064936595
8905,cgenderMale,-0.05894923677345577,0.0032808743088971327,-17.96753890071198,1.9600171110610617e-55,51019962752194885e38,-0.06905791378251874,-0.04884055976439279
8905,coriginEritrea,0.009591923903847478,0.006024825429476045,1.5920666940687855,0.8136820089178091,1.2289813330517072,-0.008971120141273235,0.02815496794896819
8905,coriginIraq,0.0023287920872290665,0.006033529930236078,0.38597506172277263,1,0.4719846570025924,-0.01626107132932252,0.020918655503780654
8905,coriginKosovo,-0.02054487087957558,0.006129192444581736,-3.3519702742793527,0.024874865679783833,40.2012221039937,-0.03942947934526626,-0.0016602624138848908
8905,coriginPakistan,0.0029207516509890384,0.0060714943134186,0.481059768850296,1,0.4878568925135336,-0.015786083539336294,0.021627586841314373
8905,coriginSyria,0.021232691948985413,0.00603383029976766,3.518940854170692,0.015710095952545338,63.65333496502169,0.0026419030661427555,0.03982348083182807
8905,coriginUkraine,0.010531323319645184,0.006118077753767242,1.7213451256255219,0.6852431022701313,1.4593361052261826,-0.008319039756274054,0.029381686395564422
8905,cage38 Years,-0.006943982029003343,0.004006331654899714,-1.7332519189994928,0.6740317648544851,1.4836096043869493,-0.019287860177806797,0.005399896119800112
8905,cage62 Years,-0.061945218161127906,0.004197181719014651,-14.758764882753383,8.809346036270661e-38,1135158042245936e22,-0.07487712299844701,-0.0490133133238088
8905,cjobCleaner,-0.029148212591049265,0.005682962260666526,-5.129052640872301,5.974079438741428e-5,16738.980628799138,-0.04665794461339033,-0.011638480568708195
8905,cjobDoctor,0.053377099209202264,0.005658818986838694,9.432551091198881,8.73377942443637e-16,1144979683368331.2,0.035941754845176865,0.07081244357322766
8905,cjobFarmer,-0.018121938563921712,0.005629905555783778,-3.2188707935436818,0.035312518725548726,28.31856905399661,-0.0354681979742915,-7.75679153551919e-4
8905,cjobTeacher,0.007581285390195017,0.005711186139567403,1.3274449833934612,1,0.9015080690301243,-0.010015407011877203,0.025177977792267235
8905,cjobUnemployed,-0.08950207583125014,0.005662566446391668,-15.805920633087341,3.4583633635717173e-43,28915411565290904e26,-0.1069489664645498,-0.07205518519795048
8905,cvulnerNo surviving family,0.0023691680436829063,0.005236079939899896,0.4524698000940376,1,0.4826608774771036,-0.013763678241389899,0.01850201432875571
8905,cvulnerNone,-0.027266741376683876,0.005277429378679104,-5.166671009723395,5.11711167934513e-5,19542.274287982247,-0.04352698910471703,-0.011006493648650719
8905,cvulnerPTSD,-0.025493177038201136,0.005231076701027561,-4.873409145997307,1.6608367084877183e-4,6021.0615221201015,-0.0416106078818404,-0.009375746194561874
8905,cvulnerVictim of torture,0.07780902341295079,0.005252445509755531,14.813865897025236,4.6683180507370467e-38,21420991224925586e21,0.0616257532944226,0.09399229353147898
8905,creasonEthnic persecution,0.1512042491330905,0.004829117440671586,31.310948841215694,1.0064109830816714e-160,9936298558049906e144,0.13632529192518958,0.1660832063409914
8905,creasonPolitical persecution,0.1376942047816888,0.004833877983806382,28.485246264586735,1.7049953146263891e-134,5865118756758151e118,0.12280057990035498,0.15258782966302264
8905,creasonReligious persecution,0.1439405828008184,0.0049013151129032465,29.367747121967145,1.7714327122924805e-142,5645148094312094e126,0.12883917789127378,0.15904198771036301
8905,creligionChristian,0.04114732038159597,0.004037724200471816,10.190720895891758,2.4104291262036536e-18,414863888396074500,0.028706718898155736,0.053587921865036206
8905,creligionMuslim,-0.06536876925208371,0.0040830637707758195,-16.00973507197098,2.794826233328221e-44,3578039979999577e28,-0.0779490661425348,-0.05278847236163261
8905,clangFluent,0.058684180126769056,0.0040120481442080195,14.62698801645446,3.986235038303888e-37,25086328086301008e20,0.04632268894601045,0.07104567130752766
8905,clangNone,-0.05809761985745668,0.004019356550480344,-14.45445785358693,2.821938673311548e-36,3543663118754097e20,-0.07048162891348334,-0.045713610801430014
9005,cconsistMinor inconsistencies,0.08249230540890483,0.00409178106779666,20.160488560382642,1.7222092776999135e-69,5806495255533312e53,0.06989162425698857,0.09509298656082109
9005,cconsistNo inconsistencies,0.10810725132623106,0.004202243238373449,25.726081331759328,4.139233363659753e-111,2415906309558343e95,0.09516640080363627,0.12104810184882585
9005,cgenderMale,-0.059026944006094297,0.003262095311335072,-18.09479441050925,2.457277875899923e-56,4069543822485979e40,-0.06907259948575764,-0.04898128852643095
9005,coriginEritrea,0.009330259496189897,0.00598857345213956,1.558010362694381,0.8514484562066279,1.174469215030583,-0.009111612973266235,0.027772131965646027
9005,coriginIraq,0.0017707303955365736,0.006004966637243686,0.2948776408771771,1,0.45835966684541257,-0.016721625053125647,0.020263085844198794
9005,coriginKosovo,-0.0214038666384795,0.006092950076981679,-3.5128905321808466,0.015877466174004123,62.982341706215145,-0.040167167979020604,-0.002640565297938397
9005,coriginPakistan,0.0025476383364160635,0.006034030187736447,0.4222117319853453,1,0.47550079514036075,-0.01603421860971975,0.021129495282551876
9005,coriginSyria,0.01996256982017303,0.005999858169058237,3.327173619390146,0.026440372030688275,37.82095043289634,0.001485945950916695,0.038439193689429364
9005,coriginUkraine,0.010011076533904274,0.006085126845317554,1.645171380709623,0.7610629042061542,1.3139518356147908,-0.008728133085661569,0.02875028615347012
9005,cage38 Years,-0.007230166723494218,0.003984589138432284,-1.8145325583904217,0.6013685733325815,1.6628737256061417,-0.019500749245596312,0.005040415798607875
9005,cage62 Years,-0.06216712046563974,0.004172996116096282,-14.897478630724272,1.44530909477746e-38,6918935220247639e22,-0.07501790417959558,-0.0493163367516839
9005,cjobCleaner,-0.029442190551344245,0.005647844500833565,-5.212995957484112,4.139918951698364e-5,24155.06225284336,-0.04683478477167216,-0.012049596331016325
9005,cjobDoctor,0.05341333278292064,0.005630144535809236,9.487026921457781,5.37341578561994e-16,1861013626892876.5,0.036075245783770055,0.07075141978207122
9005,cjobFarmer,-0.018204787443431448,0.005599964866201228,-3.2508752962553467,0.03234340875214035,30.91820060351012,-0.035449935845012964,-9.59639041849935e-4
9005,cjobTeacher,0.006851027593255117,0.00567370210085672,1.2075056940724158,1,0.7954543079360067,-0.010621195367674266,0.0243232505541845
9005,cjobUnemployed,-0.09043827023660121,0.005629634225887372,-16.064679623540883,1.1089064133653707e-44,901789355663608e29,-0.10777478573118995,-0.07310175474201247
9005,cvulnerNo surviving family,0.0027728287550301115,0.005205549247793728,0.5326678555976244,1,0.49609967401565364,-0.013257712763499135,0.01880337027355936
9005,cvulnerNone,-0.02712194663733216,0.005249946231147635,-5.166137983741468,5.030576258949236e-5,19878.438344335435,-0.04328920911479843,-0.01095468415986589
9005,cvulnerPTSD,-0.025343762077001807,0.00520332507821835,-4.870685897195504,1.650922283050764e-4,6057.220320220556,-0.041367454242845075,-0.009320069911158534
9005,cvulnerVictim of torture,0.07862699999298564,0.005224157781809332,15.050655680187747,2.4107056341599913e-39,4148163035046165e23,0.06253915330588797,0.09471484668008331
9005,creasonEthnic persecution,0.15075457589157729,0.004805590476042532,31.370666444246346,8.946311776616174e-162,11177790635620314e145,0.13595571145284416,0.16555344033031041
9005,creasonPolitical persecution,0.1379360289482392,0.004810426322616404,28.674387610870927,1.4175686171076264e-136,705433224135828e121,0.1231222724711083,0.1527497854253701
9005,creasonReligious persecution,0.1439462115624489,0.004875486193786206,29.524483475290726,2.498254116130222e-144,400279536634565e129,0.1289321025545222,0.15896032057037562
9005,creligionChristian,0.040692141264381254,0.004016471755443603,10.131315179605183,3.555694347384223e-18,281239021778027330,0.028323375900970737,0.05306090662779177
9005,creligionMuslim,-0.065808708040268,0.004060000412444767,-16.209039742594676,1.813955017176182e-45,55128158666068744e28,-0.07831152034283652,-0.05330589573769949
9005,clangFluent,0.058787925312050064,0.003987510143726889,14.743015865309994,8.643938583836368e-38,11568800383079286e21,0.04650834752462206,0.07106750309947807
9005,clangNone,-0.05837860798663533,0.003993570540400898,-14.618148695772115,3.622852284895847e-37,2760256067212933e21,-0.07067684882687042,-0.046080367146400236
9105,cconsistMinor inconsistencies,0.08312077272748711,0.004065848575275967,20.443646925991416,1.4402018450469238e-71,6943471176898948e55,0.07060618119091,0.09563536426406422
9105,cconsistNo inconsistencies,0.10848193390735111,0.004178494888441855,25.96196400943872,2.3052713183032253e-113,4337884187688767e97,0.09562061952281925,0.12134324829188298
9105,cgenderMale,-0.059554526347815814,0.003241938137044236,-18.37003786941885,3.752999571285075e-58,26645353430125417e41,-0.06953313986989136,-0.04957591282574027
9105,coriginEritrea,0.010165299330123584,0.005951118462199576,1.7081325795632736,0.7004822532383174,1.427587915863703,-0.008152111011493868,0.028482709671741036
9105,coriginIraq,0.002178877757185395,0.005967378255747578,0.36513149725120464,1,0.4649681120804108,-0.01618857986754036,0.020546335381911147
9105,coriginKosovo,-0.020256210003636598,0.00605242176904867,-3.346794188604689,0.02495368733542991,40.07423778930552,-0.03888542967190486,-0.001626990335368339
9105,coriginPakistan,0.0033241566632293295,0.006005299540620647,0.5535371950631756,1,0.4985540053060707,-0.01516002183339865,0.02180833515985731
9105,coriginSyria,0.02134882143276637,0.005963724881971732,3.5797797274826673,0.013036495419332285,76.70773224198463,0.0029926088113132847,0.03970503405421945
9105,coriginUkraine,0.011246700726735245,0.006055615885382641,1.8572348279029907,0.5654623740611755,1.76846426194188,-0.007392350360608242,0.02988575181407873
9105,cage38 Years,-0.007478834921274902,0.003964221473121879,-1.8865835251594096,0.5409833540683741,1.848485711213975,-0.019680620496449946,0.004722950653900142
9105,cage62 Years,-0.06225925450733278,0.00415932372736544,-14.968600327430742,5.1472445157612454e-39,1942787052252765e23,-0.0750615604842195,-0.049456948530446056
9105,cjobCleaner,-0.02977522702639806,0.005610535161343514,-5.307020840284334,2.729801932700041e-5,36632.694409843214,-0.04704432953867057,-0.012506124514125548
9105,cjobDoctor,0.05285842421914686,0.0055968108225813214,9.44438286280469,6.870612921123227e-16,1455474222577098.8,0.03563156491651154,0.07008528352178219
9105,cjobFarmer,-0.019252155600855515,0.005572447356121286,-3.4548833520530593,0.01856392428429899,53.86792063388131,-0.0364040246952926,-0.002100286506418428
9105,cjobTeacher,0.005947777052887878,0.005641960057860992,1.054204034039693,1,0.689550965220765,-0.01141805059233397,0.023313604698109724
9105,cjobUnemployed,-0.09068503781423103,0.005600888674946503,-16.191187341372608,1.7849455347182517e-45,560241184142264e30,-0.10792444865580143,-0.07344562697266062
9105,cvulnerNo surviving family,0.003963872579673647,0.005179922929402105,0.7652377523175193,1,0.5579144202148681,-0.01197981505459034,0.019907560213937633
9105,cvulnerNone,-0.026210137896864265,0.005224480718143463,-5.016792923714364,9.09193633529802e-5,10998.757174724777,-0.042290973414416885,-0.010129302379311648
9105,cvulnerPTSD,-0.025070345754713733,0.005176068080735487,-4.843511592906134,1.8059944057224103e-4,5537.115712160764,-0.04100216825046976,-0.009138523258957709
9105,cvulnerVictim of torture,0.07891677904178594,0.005196784734410454,15.185693284395512,3.9742876550561135e-40,25161741846436145e23,0.06292119114652059,0.0949123669370513
9105,creasonEthnic persecution,0.15130280489899645,0.004783076448988193,31.63294722813868,8.518184511581376e-165,11739590738383206e148,0.13658060191010474,0.16602500788788815
9105,creasonPolitical persecution,0.13822479733274884,0.004791447677745456,28.84823264892427,1.5724955657652976e-138,6359318409354769e122,0.12347682788782298,0.1529727667776747
9105,creasonReligious persecution,0.1431661264886417,0.004849407479417149,29.52239569396813,1.0271360368808627e-144,9735808735099319e128,0.1282397580625356,0.15809249491474778
9105,creligionChristian,0.04090891928386864,0.003991971556493376,10.24779828837353,1.2681104070053597e-18,788574870512653600,0.028621719568921636,0.05319611899881564
9105,creligionMuslim,-0.06567314642130054,0.0040391918223122705,-16.258981823672187,7.577706560495669e-46,13196604962420035e29,-0.07810568906479769,-0.05324060377780339
9105,clangFluent,0.05893348781033218,0.00397022647938369,14.84386044885797,2.2073630965605356e-38,4530292282036326e22,0.04671321895936617,0.0711537566612982
9105,clangNone,-0.058611757861648475,0.003971624976855356,-14.757626463527771,5.998880812413722e-38,16669776101079726e21,-0.07083633125674564,-0.04638718446655131
9205,cconsistMinor inconsistencies,0.0830198294590915,0.004043857353891056,20.529861019753497,2.508101196438969e-72,3987079952833688e56,0.07057892777129567,0.09546073114688734
9205,cconsistNo inconsistencies,0.10848576342469146,0.004153379459896837,26.119877673634488,5.5331178949628735e-115,18072992822190894e98,0.09570791766735588,0.12126360918202704
9205,cgenderMale,-0.059163073806870796,0.0032265941354289807,-18.336075540844238,4.449626852389864e-58,22473794616348715e41,-0.06908967034882488,-0.049236477264916714
9205,coriginEritrea,0.009178313912041398,0.005914051060901128,1.5519504004151923,0.8619734253196312,1.160128573139232,-0.009016226940018978,0.027372854764101773
9205,coriginIraq,0.0014043678958386692,0.005939300530552171,0.23645341545094475,1,0.4487283566988101,-0.01686785279062421,0.019676588582301553
9205,coriginKosovo,-0.020331835553411743,0.0060164098911498105,-3.379396670316636,0.022724322203335787,44.00571295601531,-0.03884128270224748,-0.0018223884045760058
9205,coriginPakistan,0.0027364601341294,0.005970910168689388,0.4582986608103755,1,0.4775433190968343,-0.015633007405038,0.021105927673296797
9205,coriginSyria,0.021187401854922884,0.005925643681585694,3.5755443616638733,0.013110615526828366,76.27406950907006,0.0029571963783173796,0.03941760733152839
9205,coriginUkraine,0.010979647426774632,0.006016407791172506,1.8249506695480937,0.5941264622593545,1.68314334324915,-0.007529793261494149,0.029489088115043412
9205,cage38 Years,-0.007730793164206773,0.003937806331217797,-1.9632233060623794,0.48090727392791577,2.079402941511532,-0.01984542954848029,0.0043838432200667445
9205,cage62 Years,-0.06266124558427454,0.004137639305544182,-15.144202033346,5.299048423239678e-40,1887131273634654e24,-0.07539066685584933,-0.049931824312699734
9205,cjobCleaner,-0.029462406642970573,0.005575867942622651,-5.283913992610218,2.9532581156586645e-5,33860.907541329834,-0.046616529260958856,-0.012308284024982286
9205,cjobDoctor,0.05368260269207791,0.005559567055080623,9.655896252392521,1.2729251981023907e-16,7855921160887905,0.036578629651976946,0.07078657573217888
9205,cjobFarmer,-0.01877413590722213,0.0055428699708427315,-3.3870785362059888,0.022253007901479875,44.937745244475366,-0.035826740472795535,-0.001721531341648732
9205,cjobTeacher,0.006520055211487601,0.005614326484487805,1.161324555937795,1,0.7562724974495126,-0.010752384868401257,0.02379249529137646
9205,cjobUnemployed,-0.09013444552227284,0.005570414230411941,-16.18092331988159,1.6041688176997307e-45,62337578748970584e28,-0.10727178982898324,-0.07299710121556245
9205,cvulnerNo surviving family,0.0038017982437942694,0.005153172219613293,0.7377588176316696,1,0.5465479364354809,-0.012051903643786404,0.01965550013137494
9205,cvulnerNone,-0.026222755118540424,0.005201524815216962,-5.041359226399584,8.090944689385587e-5,12359.496182341822,-0.04222521346205201,-0.010220296775028836
9205,cvulnerPTSD,-0.02511440007125686,0.005144143771163583,-4.882134168185601,1.5283340947718253e-4,6543.071985509139,-0.04094032599402807,-0.009288474148485652
9205,cvulnerVictim of torture,0.0789103399482449,0.005177338637877275,15.241487078117489,1.6630152770280235e-40,6013173864446399e24,0.06298229022703476,0.09483838966945503
9205,creasonEthnic persecution,0.15125259383997172,0.004758741847148385,31.784156127445303,9.481672555260288e-167,10546662460361122e150,0.13661235450981657,0.16589283317012687
9205,creasonPolitical persecution,0.13898988083936345,0.004767602203472634,29.152994504895098,1.0670323814939402e-141,9371786811192282e125,0.12432238267876444,0.15365737899996246
9205,creasonReligious persecution,0.14327259636624434,0.004825245336851924,29.69229259122355,1.0756149257210001e-146,9297007470677162e130,0.128427759468744,0.1581174332637447
9205,creligionChristian,0.040865650700198805,0.003966502596484348,10.30269102468746,7.409965380519522e-19,1349533970332650500,0.028662730436513826,0.05306857096388379
9205,creligionMuslim,-0.06543663610174262,0.004019952423961713,-16.277962821573396,4.689996697953437e-46,21321976632443424e29,-0.07780399442312409,-0.05306927778036114
9205,clangFluent,0.059254084125404415,0.003948425334907534,15.00701649377702,2.6838851501604825e-39,3725941849412614e23,0.047106778443140145,0.07140138980766868
9205,clangNone,-0.05870222708475347,0.003950587242770168,-14.8591142221153,1.519132725072367e-38,6582703298372846e22,-0.07085618386294505,-0.04654827030656189
9305,cconsistMinor inconsistencies,0.08313534129557751,0.0040173051142983335,20.69430599126848,1.2576921917863399e-73,7951071069143465e57,0.07078190208386016,0.09548878050729485
9305,cconsistNo inconsistencies,0.10857048654213645,0.004129172381680673,26.2935224074965,9.552809741689782e-117,10468124321955893e100,0.095873049190355,0.12126792389391791
9305,cgenderMale,-0.05938502571037711,0.003208143296323433,-18.51071483572227,2.7056940041866996e-59,3695909435629579e43,-0.06925024681408512,-0.049519804606669104
9305,coriginEritrea,0.009797781698311896,0.005884476339794561,1.6650218528457805,0.7457831201246358,1.3408723971023633,-0.00829731406568954,0.027892877462313333
9305,coriginIraq,0.0017382658320636052,0.005902008106385689,0.2945210851511514,1,0.4524029947497297,-0.01641074110041908,0.01988727276454629
9305,coriginKosovo,-0.02005333321366845,0.005984879989873691,-3.350665885965688,0.024443020292277528,40.911474443112816,-0.03845717584966438,-0.0016494905776725279
9305,coriginPakistan,0.002492341661294246,0.005935223457477976,0.4199238123299411,1,0.46910489812286194,-0.01575880434425859,0.020743487666847086
9305,coriginSyria,0.021421213039061103,0.005894815528763201,3.6339072757303934,0.010990967399376462,90.98380184957439,0.0032943236873712554,0.03954810239075095
9305,coriginUkraine,0.01028477524525813,0.005985586457398707,1.7182569023867744,0.6933819479702447,1.4422065687278511,-0.0081212398181181,0.02869079030863436
9305,cage38 Years,-0.00792929660263585,0.003914322378748808,-2.025713734179045,0.43528395152681354,2.2973509510111123,-0.01996605810945608,0.004107464904184382
9305,cage62 Years,-0.062314606644012886,0.0041144086744083494,-15.145458697773552,4.270299767684967e-40,2341755975932632e24,-0.07496664476542991,-0.04966256852259587
9305,cjobCleaner,-0.030249472801642363,0.0055423832262008225,-5.45784576184525,1.3640855115541014e-5,73309.18710958971,-0.04729261299759741,-0.013206332605687314
9305,cjobDoctor,0.052722441214756006,0.00552425387725239,9.543812139383189,2.7900385343664423e-16,3584179887418933,0.03573504978664668,0.06970983264286533
9305,cjobFarmer,-0.019999169513254388,0.005515306404335316,-3.6261212065269857,0.011244833414533154,88.92973004896369,-0.03695904695882199,-0.0030392920676867857
9305,cjobTeacher,0.00657810676465132,0.005578449476024843,1.179199846287543,1,0.7666954297769705,-0.010575939178345416,0.023732152707648058
9305,cjobUnemployed,-0.09092159314886397,0.005540707854642884,-16.409743219483307,6.874160423837871e-47,14547231055770094e30,-0.10795958148303378,-0.07388360481469416
9305,cvulnerNo surviving family,0.0036095019932750228,0.005123135702202695,0.7045493625560446,1,0.5339646081795794,-0.012144428482477217,0.01936343246902726
9305,cvulnerNone,-0.026364374033047748,0.0051717495539629925,-5.097766966083138,6.315545794832519e-5,15833.944246247349,-0.042267794837635306,-0.01046095322846019
9305,cvulnerPTSD,-0.025310541173248,0.005117347714625799,-4.946027236122416,1.1678243804560289e-4,8562.931351112105,-0.04104667326160993,-0.009574409084886076
9305,cvulnerVictim of torture,0.07892165014492482,0.005146032005746602,15.33640872361318,4.3374351242145784e-41,23055099877282423e24,0.06309731224779053,0.09474598804205911
9305,creasonEthnic persecution,0.15172795786649906,0.0047314597319860095,32.06789584211719,5.0177409609753734e-170,1992928705920313e154,0.13717845303209056,0.16627746270090757
9305,creasonPolitical persecution,0.13887378776630216,0.004742051310487551,29.285593654199396,2.6464341521603757e-143,37786694945108134e126,0.12429171323219391,0.1534558623004104
9305,creasonReligious persecution,0.14361183815198755,0.004796359484419307,29.941842061359704,1.9538216174578567e-149,5118174510225315e133,0.12886276292804436,0.15836091337593075
9305,creligionChristian,0.040870443582759465,0.003949077703520626,10.349364244295124,4.621404734518398e-19,2163844236646828300,0.028726807497176467,0.05301407966834246
9305,creligionMuslim,-0.06569532195553364,0.003996098532499757,-16.43986538901431,4.668297242297995e-47,2142108670671845e31,-0.07798354973528765,-0.05340709417577963
9305,clangFluent,0.05881715306753837,0.00392802744328582,14.973712357349887,3.264182606453782e-39,3063554097809507e23,0.04673824771631656,0.07089605841876018
9305,clangNone,-0.060145963974165745,0.003930694180685657,-15.301613712332637,6.593135937452457e-41,15167289276101188e24,-0.07223306969290388,-0.048058858255427606
9405,cconsistMinor inconsistencies,0.08370626742395297,0.003991568855955634,20.97076874899922,1.0165348811354129e-75,983734074017269e60,0.071437526569510107,0.09597500827839583
9405,cconsistNo inconsistencies,0.10878931252970923,0.004104148039863005,26.507160919404985,7.295086425615288e-119,13707856790958543e102,0.09617454110863757,0.1214040839507809
9405,cgenderMale,-0.059367337448263335,0.003190919317880259,-18.605088858122965,5.109457891236809e-60,19571547927131213e43,-0.06917515076960859,-0.04955952412691808
9405,coriginEritrea,0.010020700857108536,0.00584708535846252,1.7137941799678909,0.6990267508585273,1.4305604167105548,-0.0079512739742286,0.02799267568844567
9405,coriginIraq,0.0013981852209185692,0.005867866755324073,0.2382782839521634,1,0.44504037926982604,-0.016637664638481108,0.019434035080318244
9405,coriginKosovo,-0.020389824566262704,0.005950418360892857,-3.426620336524241,0.019746841987648475,50.64100885728937,-0.0386794103105715,-0.002100238821953905
9405,coriginPakistan,0.0018519829523742123,0.005904164881683679,0.31367398937647656,1,0.4526134136207034,-0.016295435145449653,0.01999940105019808
9405,coriginSyria,0.021130804533887278,0.005859631364555013,3.606166193612075,0.011843804824127271,84.43232684507586,0.003120267497296589,0.03914134157047797
9405,coriginUkraine,0.010212618681777405,0.005951274356370214,1.7160389641330969,0.6968487406435885,1.4350316527463767,-0.008079598104876708,0.02850483546843152
9405,cage38 Years,-0.007793278721364943,0.0038930759484004478,-2.0018306410299997,0.4530182253411196,2.20741670878033,-0.019759285487432457,0.0041727280447025695
9405,cage62 Years,-0.06220789450968791,0.004093974834298025,-15.194987030337819,1.9392211861136913e-40,5156709338577599e24,-0.0747913969166852,-0.04962439210269062
9405,cjobCleaner,-0.02999755526982158,0.005510473208208252,-5.443734891068527,1.4222451818280892e-5,70311.36493038743,-0.046934897507068675,-0.013060213032574486
9405,cjobDoctor,0.05245444491393647,0.005495377053814589,9.545194879307777,2.567180789554747e-16,3895323633102756,0.03556350318056097,0.06934538664731196
9405,cjobFarmer,-0.02053168433311008,0.005485782773807405,-3.7427082295604777,0.007890338696866197,126.73727179761873,-0.03739313647496382,-0.0036702321912563396
9405,cjobTeacher,0.007045053735048997,0.0055403935359479095,1.2715800221298998,1,0.8377216764753737,-0.00998425353163011,0.024074361001728103
9405,cjobUnemployed,-0.09114592896871619,0.0055051172490378315,-16.556582693065515,8.14997637706815e-48,12269974215063152e31,-0.10806680878793665,-0.07422504914949574
9405,cvulnerNo surviving family,0.00387134724224506,0.005094903374584008,0.7598470388186999,1,0.5496270597377084,-0.01178867302470644,0.01953136750919656
9405,cvulnerNone,-0.02527531499667321,0.005142105232888253,-4.915363231972675,1.2987996225309473e-4,7699.417082146344,-0.04108041790864005,-0.009470212084706366
9405,cvulnerPTSD,-0.024864812707141196,0.00509112833289367,-4.883949309721811,1.4709081385506063e-4,6798.521089055726,-0.04051322976495743,-0.009216395649324964
9405,cvulnerVictim of torture,0.07981634636942893,0.005121154292434593,15.585616408265702,1.706638219862873e-42,5859472665978084e26,0.06407563960553286,0.09555705313332499
9405,creasonEthnic persecution,0.15276137046677554,0.004707849854527047,32.44822481326181,2.6461584114311025e-174,37790632476125165e157,0.13829102260827905,0.16723171832527203
9405,creasonPolitical persecution,0.13964607230368548,0.004713714915441758,29.625481135105556,7.462677875310731e-147,13400015607110228e130,0.12515769721954043,0.15413444738783053
9405,creasonReligious persecution,0.14481022020176398,0.004773765825321638,30.334588142896017,1.4466559252427645e-153,6912493721215631e137,0.13013726880740684,0.15948317159612113
9405,creligionChristian,0.040661446763709724,0.00392479381204819,10.360148509939219,3.8756454269174945e-19,2580215396007867e3,0.02859794994708976,0.05272494358032969
9405,creligionMuslim,-0.06574655508255779,0.003975491252244184,-16.537970004447512,1.0374796607453472e-47,9638743175760949e31,-0.07796587878785091,-0.053527231377264665
9405,clangFluent,0.058960348749832574,0.0039068043906636315,15.091707404326236,6.650655425145352e-40,15036112023171684e23,0.04695214536721143,0.07096855213245372
9405,clangNone,-0.0603868449562749,0.00391028079448411,-15.443096833725425,9.722248637406778e-42,10285686339603126e25,-0.07240573363560969,-0.048367956276940106
9505,cconsistMinor inconsistencies,0.08324862724138957,0.003969902113621902,20.96994456254703,6.926105245959625e-76,14438128854356561e59,0.07105183763008678,0.09544541685269235
9505,cconsistNo inconsistencies,0.10825868147380009,0.004081432692040898,26.52467641691426,2.623008376712832e-119,38124163417777766e102,0.09571923479910631,0.12079812814849387
9505,cgenderMale,-0.05925646360933006,0.00317495823788756,-18.66369859679036,1.6104281173376285e-60,6209528939753035e44,-0.06901093526728674,-0.04950199195137337
9505,coriginEritrea,0.010800756005158571,0.005811167658052863,1.858620614772894,0.5676415620318859,1.7616750902109375,-0.007052981264099539,0.02865449327441668
9505,coriginIraq,0.0021321445973777986,0.0058429175086827006,0.3649109531684105,1,0.45712235576992827,-0.01581913821261132,0.02008342740736692
9505,coriginKosovo,-0.019616245723673983,0.005914521012617221,-3.3166245722734597,0.026540786950524777,37.677857927277,-0.03778751704922997,-0.0014449743981179985
9505,coriginPakistan,0.002654052457260415,0.005869790702578055,0.4521545301597782,1,0.4705543209063161,-0.015379793268071307,0.020687898182592136
9505,coriginSyria,0.022440575121382023,0.005826214987580369,3.8516558639216316,0.0056014136766088405,178.52636097489793,0.00454060771666813,0.04034054252609592
9505,coriginUkraine,0.011040742752681918,0.005916361904883582,1.866137151543837,0.5612241879857132,1.7818191400286842,-0.007136184373704226,0.029217669879068063
9505,cage38 Years,-0.007994508933031953,0.0038685903406413514,-2.0665173174440046,0.4075317068443921,2.4537968045314082,-0.019880036869657204,0.0038910190035932966
9505,cage62 Years,-0.061853966469069876,0.0040695862942439305,-15.199079709049746,1.518673183013913e-40,658469518777852e25,-0.07435701727871559,-0.049350915659424156
9505,cjobCleaner,-0.030242670415382165,0.005477996339003956,-5.5207540392188506,9.905996007422813e-6,100948.96053366817,-0.04707280046041772,-0.013412540370346608
9505,cjobDoctor,0.05234421015875944,0.0054625512065473265,9.582374275232516,1.7963341945728302e-16,5566892858919278,0.03556153242506572,0.06912688789245316
9505,cjobFarmer,-0.020908802483794387,0.005460143477403219,-3.829350377023127,0.006004431441900046,166.54366190640678,-0.03768408291524458,-0.0041335220523441955
9505,cjobTeacher,0.006781665916093017,0.005512246221154284,1.230290818662471,1,0.8009035554386342,-0.010153690553887904,0.023717022386073938
9505,cjobUnemployed,-0.09170508721323353,0.005480136806259508,-16.73408720535706,6.328137323640959e-49,15802438361508876e32,-0.108541793447817,-0.07486838097865006
9505,cvulnerNo surviving family,0.003016399229781883,0.005066288735447817,0.5953863641202951,1,0.5001297415780375,-0.012548835390069867,0.01858163384963363
9505,cvulnerNone,-0.025345495592496624,0.005120234150165535,-4.950065729255217,1.1133720316615417e-4,8981.723732611184,-0.04107646751643676,-0.009614523668556488
9505,cvulnerPTSD,-0.02554091550719329,0.00506437041729929,-5.043255805291917,7.635426034577655e-5,13096.846141543614,-0.04110025644951963,-0.009981574564866952
9505,cvulnerVictim of torture,0.07929097396813495,0.00509507252706165,15.56228562930043,1.8489737747800848e-42,540840553630318e27,0.06363730647500784,0.09494464146126205
9505,creasonEthnic persecution,0.1531577092818734,0.004686267191540642,32.68224004776001,3.8069646899083532e-177,2626764578749149e161,0.13876002053245862,0.16755539803128816
9505,creasonPolitical persecution,0.13981824452548117,0.004691372945507905,29.80326785986185,6.540788681501523e-149,15288676162680078e132,0.12540486929182484,0.1542316197591375
9505,creasonReligious persecution,0.14523272686548516,0.0047480476516710435,30.587883172227954,2.0982346002219922e-156,4765911304170661e140,0.13064522908483145,0.15982022464613888
9505,creligionChristian,0.04119480102460788,0.003907970224553328,10.541226943282647,7.807257266149147e-20,12808595463298214e3,0.029188285681934552,0.05320131636728121
9505,creligionMuslim,-0.06507126948562705,0.003956589784587624,-16.446301746798124,2.690546995135644e-47,37167163473001697e30,-0.07722715942942661,-0.052915379541827505
9505,clangFluent,0.059450185666797314,0.0038857950739242604,15.299362044524555,4.5406016937408294e-41,22023512905315813e24,0.04751179937090669,0.07138857196268794
9505,clangNone,-0.06029755513892634,0.003883392930700227,-15.52702912503214,2.8486604211196284e-42,35104219252885296e25,-0.0722285612942792,-0.04836654898357349
9605,cconsistMinor inconsistencies,0.0833118018822229,0.003945892065156157,21.113553160234723,4.554020520940543e-77,21958618662382965e60,0.07119393525622557,0.09542966850822023
9605,cconsistNo inconsistencies,0.10840807896970048,0.004059343950704749,26.705812635285458,3.661607662805348e-121,27310408216533174e104,0.09594180068042281,0.12087435725897815
9605,cgenderMale,-0.0592161924834181,0.0031567199438597964,-18.758772883416782,2.974287874252784e-61,3362149335498418e45,-0.06891050510618492,-0.04952187986065127
9605,coriginEritrea,0.011461226368618052,0.005778731952739968,1.9833462535295043,0.4677915054206898,2.1377044867471233,-0.006285306459547587,0.029207759196783693
9605,coriginIraq,0.0030010521965683993,0.0058091250224664584,0.5166100204354359,1,0.4806963378852695,-0.014838817995929244,0.02084092238906604
9605,coriginKosovo,-0.018994880102606658,0.005878982795333432,-3.230980726408019,0.03318635980794993,30.132861988691086,-0.03704928408376679,-9.404761214465256e-4
9605,coriginPakistan,0.003115046988502234,0.005840541376447859,0.5333490147101337,1,0.4841476366648438,-0.014821303082597125,0.021051397059601594
9605,coriginSyria,0.02295338462505036,0.005793155310295108,3.9621559229146746,0.003914240485459845,255.47740454749294,0.005162557548520547,0.04074421170158017
9605,coriginUkraine,0.010854466387828846,0.005891406024730002,1.8424237511836228,0.5825357853398295,1.7166327377066415,-0.007238089431852456,0.028947022207510147
9605,cage38 Years,-0.007703630225080359,0.003846008680534773,-2.003019458606422,0.45310050122779494,2.2070158768093107,-0.019514754164504173,0.004107493714343454
9605,cage62 Years,-0.0610813079348243,0.004049171667474408,-15.084889688789751,4.926194499210769e-40,20299645094407277e23,-0.07351634705956536,-0.04864626881008325
9605,cjobCleaner,-0.03016722270421332,0.005457027059263559,-5.528142407321043,9.391919938346115e-6,106474.50218534301,-0.046925797187927,-0.013408648220499642
9605,cjobDoctor,0.052097054195006987,0.005430476688502633,9.593458766761028,1.5364042157339653e-16,6508703827802788,0.03542001611584748,0.06877409227416649
9605,cjobFarmer,-0.020968169364102833,0.005432401083622274,-3.859834544860494,0.005418446023168829,184.55475900730252,-0.03765111727632682,-0.004285221451878849
9605,cjobTeacher,0.007918332313461496,0.005483008400070124,1.4441583407678578,0.9923133175506106,1.007746225222859,-0.00892003107918831,0.024756695706111304
9605,cjobUnemployed,-0.09196401360243461,0.005451087699971808,-16.870763903305065,8.201223165572104e-50,12193303118465277e33,-0.10870434826545555,-0.07522367893941367
9605,cvulnerNo surviving family,0.0031521246563831267,0.005039691560464117,0.625459835897743,1,0.5056467932039118,-0.012324809116120279,0.01862905842888653
9605,cvulnerNone,-0.025428034698424737,0.005088386518472308,-4.997268703176076,9.061784603477265e-5,11035.353892833333,-0.04105451108303161,-0.009801558313817862
9605,cvulnerPTSD,-0.02539445607479588,0.005038038977590197,-5.04054378851642,7.597263416836882e-5,13162.634295183485,-0.0408663147518522,-0.009922597397739562
9605,cvulnerVictim of torture,0.07928567962129345,0.005075190829819128,15.622206588854329,7.218300197279613e-43,13853677080053744e26,0.06369972730386758,0.09487163193871931
9605,creasonEthnic persecution,0.15258558910301126,0.00465902627704975,32.75053198447156,2.582105259402374e-178,3872808811177005e162,0.13827768151201347,0.16689349669400905
9605,creasonPolitical persecution,0.1392265566015269,0.004666733537944707,29.833834623187887,1.4001686504860924e-149,7141996784836119e133,0.12489497994963371,0.1535581332534201
9605,creasonReligious persecution,0.14504056319944084,0.004721924285440725,30.716410181893323,4.701203551441518e-158,21271148740057696e141,0.13053949531309356,0.15954163108578812
9605,creligionChristian,0.0413776147588096,0.0038909682431026477,10.634272030402181,3.244467234831937e-20,3082170130319716e4,0.02942841963706136,0.05332680988055784
9605,creligionMuslim,-0.06498309940127976,0.003938076569245749,-16.501228012873764,1.0502008531227372e-47,952198807520041e32,-0.07707696457576892,-0.05288923422679061
9605,clangFluent,0.05945248060657575,0.0038701076614506735,15.361970727266678,1.748749479199472e-41,571837196748028e26,0.04756734850075021,0.0713376127124013
9605,clangNone,-0.06058153992330275,0.003871297514283115,-15.648897998613576,5.1905750676230285e-43,19265688039802108e26,-0.07247032607685439,-0.048692753769751115
9705,cconsistMinor inconsistencies,0.08337295512533072,0.003926181231645594,21.235126502396916,4.216904697190713e-78,23714076361891615e61,0.07132059169176289,0.09542531855889855
9705,cconsistNo inconsistencies,0.10827688881216457,0.004036123607400964,26.826950644826457,1.6583404382617058e-122,6030124918428771e106,0.09588703064995982,0.12066674697436933
9705,cgenderMale,-0.059063560403217856,0.0031409425448941037,-18.804406498689765,1.1281716588655703e-61,8863899320122498e45,-0.06870544365860506,-0.04942167714783065
9705,coriginEritrea,0.011032426404763882,0.005756357439985545,1.9165638200520756,0.5207867138020665,1.9201718736243842,-0.006638105806289809,0.02870295861581757
9705,coriginIraq,0.0032411084264782905,0.00577884762883683,0.5608572218282666,1,0.4881721036753331,-0.014498462861921219,0.020980679714877798
9705,coriginKosovo,-0.018448320947068674,0.005848019783214308,-3.1546269730518475,0.04031754090680948,24.803100028134498,-0.0364002329031176,-4.964089910197526e-4
9705,coriginPakistan,0.0022542514029114512,0.005810684414015023,0.387949377783163,1,0.45657787303527936,-0.015583050602152702,0.020091553407975603
9705,coriginSyria,0.022741174813137602,0.005763408144772474,3.9457859380936435,0.004092752546245533,244.3343419130837,0.0050489987574569885,0.04043335086881822
9705,coriginUkraine,0.011324721572989823,0.005863461912370714,1.931405327132246,0.5088019264581475,1.9654013634758851,-0.006674593735528157,0.029324036881507802
9705,cage38 Years,-0.008523686846449205,0.00383014330368148,-2.2254224373945375,0.30915866551404214,3.2345850579257966,-0.02028123861877715,0.0032338649258787412
9705,cage62 Years,-0.061813737230606146,0.004029510586460349,-15.340259295584904,1.87747717022842e-41,5326296457060709e25,-0.07418329512467053,-0.04944417933654176
9705,cjobCleaner,-0.030666644273354058,0.005427662784866414,-5.650064399516454,5.292224740558008e-6,188956.45007973732,-0.047328168695812474,-0.014005119850895642
9705,cjobDoctor,0.052188527144280565,0.00540011588937702,9.664334657510702,8.263827596653567e-17,12100930087226766,0.03561156458392588,0.06876548970463525
9705,cjobFarmer,-0.021534833530887674,0.005396332052795945,-3.990642777389886,0.003540612331425374,282.43702116843207,-0.03810018068916138,-0.00496948637261397
9705,cjobTeacher,0.008261664833291498,0.005448556524024388,1.5163034093274497,0.9119106073860526,1.096598714721009,-0.00846399797783537,0.02498732764441837
9705,cjobUnemployed,-0.09163663923861882,0.005423813992267871,-16.89524002284278,4.6718934365969815e-50,21404597805390068e33,-0.10828634886078117,-0.07498692961645648
9705,cvulnerNo surviving family,0.004001145697968125,0.0050170192629652235,0.7975145177344439,1,0.5565583827653816,-0.011399809057531988,0.01940210045346824
9705,cvulnerNone,-0.02499540564738019,0.005071086382229113,-4.929004115365292,1.1753699980080896e-4,8507.959210246214,-0.04056233250980246,-0.009428478784957919
9705,cvulnerPTSD,-0.025692306608762563,0.005009227372978187,-5.128995890136138,5.187713086984337e-5,19276.316620303085,-0.041069342272295854,-0.010315270945229271
9705,cvulnerVictim of torture,0.0797474704372772,0.005047445555911035,15.799570209110108,6.504775606039287e-44,15373320473523499e27,0.06425311481236143,0.09524182606219297
9705,creasonEthnic persecution,0.15275062720797206,0.004631335851976587,32.98198016513536,3.709566587912703e-181,2695732712437114e165,0.1385336210185917,0.1669676333973524
9705,creasonPolitical persecution,0.13921360196447027,0.004643222441345085,29.982109132842186,2.2798244933485882e-151,4386302554944516e135,0.12496010701244697,0.15346709691649357
9705,creasonReligious persecution,0.14499901981198526,0.004699069911712134,30.856961597992914,7.940292678493384e-160,12593994207651085e143,0.13057408753448044,0.1594239520894901
9705,creligionChristian,0.04128528205924834,0.003871225066795165,10.664655592713135,2.2920690005454372e-20,4362870401205342e4,0.029401619873181205,0.05316894424531548
9705,creligionMuslim,-0.06458262447652173,0.003919910425034902,-16.47553578368993,1.170660836842096e-47,8542183769447176e31,-0.07661573815165139,-0.05254951080139207
9705,clangFluent,0.060374513868700554,0.0038489525328989052,15.685959583198196,2.6801575571552927e-43,3731123930868436e27,0.048559222615421886,0.07218980512197923
9705,clangNone,-0.059876345880437734,0.0038515546438630064,-15.546020092391409,1.5130483780556167e-42,6609173999347442e26,-0.07169962494303632,-0.04805306681783915
9805,cconsistMinor inconsistencies,0.08388581879342305,0.003900560980536732,21.50609084488151,3.2316887825550943e-80,30943573694288795e63,0.07191688805135509,0.09585474953549102
9805,cconsistNo inconsistencies,0.1086252775952025,0.004013068821450032,27.06788306609534,6.548055529250983e-125,1527170922013222e109,0.09631111483072796,0.12093944035967705
9805,cgenderMale,-0.058790717714666665,0.0031241918158552272,-18.81789633283867,6.879335063673472e-62,14536288620109942e45,-0.06837734785722666,-0.04920408757210668
9805,coriginEritrea,0.009885253626065876,0.005729501222587054,1.7253253367144523,0.6931027361942769,1.442787551944824,-0.007695808088370355,0.027466315340502107
9805,coriginIraq,0.003544624740608147,0.005749967775810566,0.6164599313964791,1,0.4994328175680966,-0.014099238903930802,0.021188488385147097
9805,coriginKosovo,-0.01724205534392147,0.0058225828041034156,-2.9612383239565574,0.06510820707528527,15.359046807166568,-0.03510873930810347,6.246286202605325e-4
9805,coriginPakistan,0.0021439613171425694,0.005778515764053068,0.3710228378158457,1,0.45234311593568327,-0.015587502263868302,0.01987542489815344
9805,coriginSyria,0.022232758202740045,0.005739664192484736,3.8735294360688632,0.005113230780319413,195.57106709303116,0.004620511260474781,0.03984500514500531
9805,coriginUkraine,0.010811524347351525,0.005842538027105776,1.8504842068965088,0.5773064371091398,1.7321823137942078,-0.007116392522366264,0.028739441217069315
9805,cage38 Years,-0.008543085339528031,0.0038114296025024276,-2.2414385756774817,0.30036969498070665,3.3292306671091834,-0.02023851509136385,0.0031523444123077865
9805,cage62 Years,-0.06182093541684144,0.004004695454804555,-15.437112787858307,4.754385200812901e-42,21033213712448476e25,-0.0741094043783072,-0.04953246645537568
9805,cjobCleaner,-0.03137089175919643,0.005399814924438381,-5.809623514542811,2.4631800665334142e-6,405979.25161328615,-0.047940306049367234,-0.014801477469025635
9805,cjobDoctor,0.051090817502072325,0.0053700027116458885,9.51411391120381,2.4694552145272953e-16,4049476152137550,0.03461288244064878,0.06756875256349587
9805,cjobFarmer,-0.022503726976667745,0.005370314014554103,-4.190393134494618,0.0018036047284454527,554.4452086582803,-0.03898261727580371,-0.006024836677531779
9805,cjobTeacher,0.007690993106587268,0.005421157686509127,1.4186993906719891,1,0.973136985465162,-0.0089439117738714,0.024325897987045934
9805,cjobUnemployed,-0.09208728380886609,0.0053958742798835835,-17.066239692088022,3.7341132643956255e-51,26780119648080683e34,-0.10864460617123706,-0.07552996144649513
9805,cvulnerNo surviving family,0.004739858591747078,0.004990104440272962,0.9498515809596572,1,0.61821485762145,-0.010572352841259246,0.020052070024753402
9805,cvulnerNone,-0.024580293985243983,0.005045077863364372,-4.8721337214114495,1.4536434950870262e-4,6879.265812971098,-0.040061192203796975,-0.009099395766690993
9805,cvulnerPTSD,-0.02492137941792799,0.004983986712367826,-5.000290100309712,8.681397177243423e-5,11518.883188771773,-0.040214818509735,-0.009627940326120986
9805,cvulnerVictim of torture,0.08081059461917887,0.005021153276930101,16.09403062648307,1.284518276725147e-45,7785019630467847e29,0.06540310935827306,0.09621807988008468
9805,creasonEthnic persecution,0.15260363205333302,0.004610121745184417,33.101865956737,7.294368331792695e-183,1370920626041701e167,0.13845740330420037,0.16674986080246568
9805,creasonPolitical persecution,0.13975707465135928,0.004618464799828744,30.26050445519073,2.028364071684817e-154,4930081408755044e138,0.12558524511205477,0.1539289041906638
9805,creasonReligious persecution,0.14516439656191402,0.004673155524149104,31.06346360863857,2.957946292570293e-162,33807239925612535e145,0.13082474770254499,0.15950404542128305
9805,creligionChristian,0.04180323617668705,0.003852551471706883,10.850792386212044,4.186901256544761e-21,2388401203483957e5,0.029981623343251315,0.05362484901012278
9805,creligionMuslim,-0.0642105081701873,0.003897920364793913,-16.473016932346223,9.6963637013261e-48,10313144502441027e31,-0.07617133614265367,-0.052249680197720916
9805,clangFluent,0.06063710870724655,0.0038274345447103426,15.842755244775981,3.091600908635297e-44,32345701452178145e27,0.048892567546622814,0.07238164986787028
9805,clangNone,-0.05963499132663202,0.0038312689514838493,-15.565336728327413,9.808177129252216e-43,10195574435718219e26,-0.07139129842280657,-0.04787868423045747
9905,cconsistMinor inconsistencies,0.08354801130909432,0.0038831161634865293,21.515712585347735,1.8593938986236806e-80,53780965977149746e63,0.07163722614075788,0.09545879647743077
9905,cconsistNo inconsistencies,0.10914290707317532,0.003991401615569201,27.344506412845856,1.1791131659831622e-127,848095016534045e112,0.09689997506649788,0.12138583907985277
9905,cgenderMale,-0.059135404753779625,0.003106537139273532,-19.035795196579727,2.018321875096405e-63,4954611116981701e47,-0.06866416849030488,-0.04960664101725437
9905,coriginEritrea,0.00937731519419314,0.005699340347740575,1.645333428439775,0.7754304489884755,1.289606310023637,-0.008104422571338787,0.026859052959725065
9905,coriginIraq,0.0027192401355670766,0.005722605941641651,0.4751751498001983,1,0.46706764438615284,-0.014833860803020345,0.020272341074154498
9905,coriginKosovo,-0.01698854018728591,0.0057953698431523724,-2.931398797155118,0.06978833315939002,14.3290426168525,-0.034764831770297946,7.877513957261252e-4
9905,coriginPakistan,0.0014531445275352654,0.005740938686357004,0.25311967378933625,1,0.43714733384882837,-0.01615618892500674,0.01906247798007727
9905,coriginSyria,0.02178454719965807,0.005710055074800504,3.815120329714013,0.006098957122043963,163.9624578414591,0.004269943867716307,0.03929915053159983
9905,coriginUkraine,0.010295842159219065,0.005816347596153986,1.7701559250047416,0.651286786511169,1.5354219073855737,-0.007544795041795883,0.02813647936023401
9905,cage38 Years,-0.00835604654167633,0.003791423688655836,-2.203933727237638,0.32168585297689134,3.108622871493936,-0.019985580950756344,0.0032734878674036873
9905,cage62 Years,-0.06095112939033516,0.003985737688303667,-15.292308264339393,2.3147636206233735e-41,43200955427608485e24,-0.07317668828273309,-0.04872557049793722
9905,cjobCleaner,-0.031243054527753607,0.005368300371164836,-5.819915497942668,2.295712341555308e-6,435594.64393632003,-0.0477093845956738,-0.014776724459833412
9905,cjobDoctor,0.051922020078327205,0.005334138165190172,9.73390985954637,4.168269080426797e-17,23990773645006816,0.03556047665059738,0.06828356350605702
9905,cjobFarmer,-0.02140139186572084,0.005339293532149234,-4.0082815707467025,0.0032890758408047824,304.0367715434973,-0.03777874848721775,-0.005024035244223932
9905,cjobTeacher,0.008238969505518839,0.005392934135767617,1.5277341235961757,0.9033689403821227,1.1069674363355935,-0.008302920361726971,0.024780859372764648
9905,cjobUnemployed,-0.09152903910077495,0.005368188111170816,-17.050266720406007,3.662467231367563e-51,27303998556912698e34,-0.10799502483063894,-0.07506305337091096
9905,cvulnerNo surviving family,0.004976529091933649,0.004967429837614409,1.0018317831588357,1,0.6421962014434928,-0.010260200159422639,0.020213258343289936
9905,cvulnerNone,-0.024554206992872432,0.0050235625347977405,-4.887807571377438,1.3467784760137183e-4,7425.12609022283,-0.03996311355464677,-0.0091453004310981
9905,cvulnerPTSD,-0.02479762031500072,0.004954028843482341,-5.005546212680041,8.371525936691483e-5,11945.253560251296,-0.039993244341730946,-0.00960199628827049
9905,cvulnerVictim of torture,0.08135340410852392,0.004991824619140747,16.297328194700768,7.653964633407938e-47,13065124388414486e30,0.06604184809696897,0.09666496012007886
9905,creasonEthnic persecution,0.1526880175717745,0.004589346676020671,33.27009885079485,4.456929753087311e-185,22436970187993225e168,0.1386109928267766,0.1667650423167724
9905,creasonPolitical persecution,0.13958744156102074,0.00460079647476907,30.339842748211787,1.4588711043957914e-155,6854615167761252e139,0.1254752965447327,0.15369958657730878
9905,creasonReligious persecution,0.14446421730500453,0.004648805195915649,31.075558389051885,8.988133517695662e-163,11125780430733696e146,0.13020481386540161,0.15872362074460744
9905,creligionChristian,0.04185835969752591,0.003836267378066807,10.911220614299154,2.254995010568771e-21,44345996124744096e4,0.030091275050893866,0.05362544434415795
9905,creligionMuslim,-0.06404634547944932,0.003873298068807314,-16.5353516155215,3.450802500855635e-48,28978766526106537e31,-0.07592701534565133,-0.052165675613247316
9905,clangFluent,0.06117321723178709,0.0038065535358817043,16.07049964098762,1.4109306155743436e-45,7087520739585999e29,0.04949727464114619,0.07284915982242798
9905,clangNone,-0.06007128045364268,0.0038106285021754158,-15.764139805113283,6.798274117786202e-44,1470961574473318e28,-0.07175972229644322,-0.04838283861084214
10005,cconsistMinor inconsistencies,0.08328046128561017,0.0038597830963981385,21.57646147611911,4.568823667117289e-81,21887471980965128e64,0.07144569218465609,0.09511523038656426
10005,cconsistNo inconsistencies,0.10873659656092748,0.003968330131692724,27.401096418998026,1.8842814574049944e-128,5307062785499072e112,0.09656900329156265,0.1209041898302923
10005,cgenderMale,-0.059755651414093294,0.0030889087385657698,-19.34523045890919,1.414389181001136e-65,7070189827754323e49,-0.06922678509747539,-0.0502845177307112
10005,coriginEritrea,0.008736676259310372,0.005676240064353886,1.5391660959119158,0.8925981333639259,1.1203249957865247,-0.008667667157266851,0.026141019675887597
10005,coriginIraq,0.002016620646429137,0.005686224746754205,0.3546501828968788,1,0.4465311806894856,-0.015418337550254357,0.01945157884311263
10005,coriginKosovo,-0.01768210610774783,0.005772421735740172,-3.0632041311653286,0.05037434185535687,19.851375981672675,-0.035381359327329984,1.714711183432166e-5
10005,coriginPakistan,0.0010873034431665327,0.005709233460866682,0.19044648473728315,1,0.4304370841497365,-0.01641820348955478,0.018592810375887846
10005,coriginSyria,0.021767023109293113,0.005682037221821995,3.8308483840437297,0.005766915614716059,173.40291878871824,0.004344904595420664,0.03918914162316556
10005,coriginUkraine,0.01016040626233674,0.005786573285246528,1.7558589101846778,0.6660752930869538,1.5013317719164423,-0.007582238079659711,0.02790305060433319
10005,cage38 Years,-0.008258210692206091,0.0037731042748002782,-2.1887046025631567,0.33079434460716856,3.023026289000012,-0.019827207387319353,0.0033107860029071706
10005,cage62 Years,-0.06172334133229527,0.00396442254151912,-15.569314493061986,6.377233683052446e-43,15680780252063032e26,-0.07387895324771071,-0.04956772941687982
10005,cjobCleaner,-0.03051768411142538,0.005342878576536479,-5.711843096237547,3.73912414378337e-6,267442.3104305295,-0.046899882983364546,-0.014135485239486208
10005,cjobDoctor,0.05224831123303984,0.00530059801568135,9.857059727688807,1.4634725477858816e-17,68330629195123680,0.035995751945160775,0.06850087052091891
10005,cjobFarmer,-0.020718371224259936,0.0053082120904003995,-3.903079016327915,0.004587971037137328,217.9612713126349,-0.03699427659505787,-0.0044424658534620055
10005,cjobTeacher,0.008847497666850196,0.005364718354552428,1.6492007747885455,0.7730142138444459,1.2936372735330202,-0.00760166577889522,0.02529666111259561
10005,cjobUnemployed,-0.09098760749416195,0.0053371574762357986,-17.04795256637881,3.0007737075426135e-51,33324738799411754e34,-0.10735226447336493,-0.07462295051495896
10005,cvulnerNo surviving family,0.0050777971969091585,0.0049408213096077385,1.027723303215816,1,0.6539771988639725,-0.010071623873629046,0.020227218267447365
10005,cvulnerNone,-0.02427949827010204,0.004993913413802007,-4.861818028922807,1.4734113446426345e-4,6786.970954418319,-0.0395917090048598,-0.008967287535344282
10005,cvulnerPTSD,-0.025206192464676983,0.0049204859656320436,-5.1227038631415365,5.078495411746168e-5,19690.87138854309,-0.04029326181893211,-0.010119123110421855
10005,cvulnerVictim of torture,0.08147323999387432,0.004968209319482822,16.398914529300768,1.6585529598833812e-47,6029352237689857e31,0.06623984250162766,0.09670663748612097
10005,creasonEthnic persecution,0.1522034269966707,0.0045628276401252325,33.35725979614108,1.8860112955597117e-186,53021951796064405e169,0.1382130005349545,0.1661938534583869
10005,creasonPolitical persecution,0.13960772334505892,0.004574352479050489,30.519668955208648,1.094535137620571e-157,9136298741161636e141,0.12558195971433617,0.15363348697578166
10005,creasonReligious persecution,0.14490144193252774,0.004626535294153806,31.319644770813373,1.3571561854792275e-165,7368348688967501e149,0.13071567667674946,0.15908720718830602
10005,creligionChristian,0.041758342615195586,0.0038199050311954795,10.93177507665076,1.7229408900986917e-21,58040296434239196e4,0.030045846627025138,0.05347083860336603
10005,creligionMuslim,-0.06417200585445294,0.0038557419441267514,-16.64323151921585,6.7127137487982194e-49,14897104768977085e32,-0.07599438407673867,-0.05234962763216722
10005,clangFluent,0.061655677186059,0.0037887238366899646,16.273468282112837,8.460208698307781e-47,11820039382716657e30,0.050038788186169594,0.0732725661859484
10005,clangNone,-0.059918802459617594,0.0037936013000456595,-15.794702110339433,3.812121711930361e-44,2623211102810318e28,-0.0715506466140251,-0.048286958305210084
10105,cconsistMinor inconsistencies,0.08331571674419248,0.0038442592212788156,21.672762409730794,6.15738950566527e-82,16240648721019246e65,0.0715328374872261,0.09509859600115887
10105,cconsistNo inconsistencies,0.10885302594140962,0.003949591968147848,27.56057507187407,3.569537215664968e-130,2801483608607538e114,0.09674729565730841,0.12095875622551083
10105,cgenderMale,-0.05979386022858674,0.0030693135709974942,-19.48118328266941,1.31376394154484e-66,7611717511626263e50,-0.06920148576243437,-0.0503862346947391
10105,coriginEritrea,0.009191521847128277,0.00565497441097151,1.6253869919013826,0.7998452001113435,1.250241921637829,-0.0081413053245905,0.02652434901884705
10105,coriginIraq,0.0023801855149824876,0.0056561416152835255,0.42081434251061905,1,0.4542276918470704,-0.014956219206189916,0.01971659023615489
10105,coriginKosovo,-0.016817189082068456,0.005743876191263569,-2.927846722679605,0.07007102431812558,14.271234218868493,-0.03442250540777363,7.881272436367215e-4
10105,coriginPakistan,8.026947883380272e-4,0.005680887909581314,0.1412974170788007,1,0.4258328186348871,-0.01660955877157923,0.018214948348255284
10105,coriginSyria,0.022331642496461763,0.005657983098407725,3.9469263354191275,0.003955761104898183,252.79585229799636,0.004989593521856586,0.03967369147106694
10105,coriginUkraine,0.011321539116200147,0.0057550054539889295,1.9672508057056526,0.4829957176151959,2.070411731469435,-0.006317889050399138,0.028960967282799434
10105,cage38 Years,-0.0077551590197758565,0.0037587181740493646,-2.0632456759643203,0.41204093022703164,2.426943360818565,-0.019275849966068494,0.00376553192651678
10105,cage62 Years,-0.061671360386742105,0.003948501170895251,-15.618929238599982,2.8538216505709015e-43,3504073212844089e27,-0.07377374731349373,-0.04956897345999048
10105,cjobCleaner,-0.030472237550300783,0.005314050333661443,-5.734277177857488,3.2994416984993496e-6,303081.57906073,-0.046760112493901884,-0.014184362606699679
10105,cjobDoctor,0.052598345313992476,0.005274954803862932,9.971335730777046,5.441114266340324e-18,183785884848288030,0.03643030045483342,0.06876639017315153
10105,cjobFarmer,-0.020546042407865023,0.005280031727933368,-3.891272527619233,0.0047307104051225474,211.3847423247831,-0.03672964833610798,-0.004362436479622072
10105,cjobTeacher,0.009214222027541881,0.005338866095727004,1.7258762183446676,0.6965249309665952,1.4356987891478064,-0.007149714677573539,0.0255781587326573
10105,cjobUnemployed,-0.0904219246814724,0.005306499925070229,-17.039842826394782,2.6698949967776744e-51,3745465650173175e35,-0.10668665718132814,-0.07415719218161665
10105,cvulnerNo surviving family,0.005234411738244718,0.004921426573435463,1.0635964308598376,1,0.6722171861575423,-0.009850048426625648,0.020318871903115085
10105,cvulnerNone,-0.02431291859903319,0.0049740854273626995,-4.887917377793026,1.3099718071222716e-4,7633.752074380795,-0.03955878122974155,-0.009067055968324826
10105,cvulnerPTSD,-0.02469637609078387,0.004899949316292837,-5.04012888636743,7.053408294203573e-5,14177.543086819333,-0.03971500720690497,-0.009677744974662767
10105,cvulnerVictim of torture,0.08180480767371488,0.004940064053056178,16.559462953340905,1.6377885502760354e-48,6105794303125751e32,0.06666322254421947,0.0969463928032103
10105,creasonEthnic persecution,0.15194658607808567,0.0045423973697670825,33.4507471956107,6.845601095022674e-188,14607921000934217e171,0.1380238725813297,0.16586929957484164
10105,creasonPolitical persecution,0.13984046397525035,0.0045535249236344005,30.710376317351205,6.233315453397777e-160,16042826766530813e143,0.12588364387535006,0.15379728407515064
10105,creasonReligious persecution,0.14518554313853688,0.0046027697529954364,31.54308186805381,3.137344116214964e-168,3187409359501329e152,0.13107778475768528,0.15929330151938847
10105,creligionChristian,0.041499575691732446,0.003800264276323338,10.920181512187426,1.751118863351997e-21,57106346172629136e4,0.029851543513094672,0.05314760787037022
10105,creligionMuslim,-0.064820704776928,0.003837780422263858,-16.890154632320286,2.0098766002865608e-50,4975429834137199e34,-0.07658372613614887,-0.05305768341770713
10105,clangFluent,0.06117894615345756,0.0037738289567618858,16.211372283801605,1.5402764477448047e-46,6492341043480537e30,0.049611939774741855,0.07274595253217325
10105,clangNone,-0.06032249387638247,0.003776968006051681,-15.97114240304133,3.361112213486454e-45,2975205635763967e29,-0.07189912162468703,-0.0487458661280779
10205,cconsistMinor inconsistencies,0.08335512942269249,0.0038260985148880415,21.78593392155027,6.18196090792873e-83,1617609711374009e67,0.07163205230969091,0.09507820653569407
10205,cconsistNo inconsistencies,0.10920801454650285,0.003930531359450865,27.784542230890715,1.7103140811214078e-132,5846879301515933e116,0.09716495761981477,0.12125107147319093
10205,cgenderMale,-0.05942862344653715,0.0030539894874828306,-19.459341196200256,1.3620759284024741e-66,7341734621012362e50,-0.06878597640667258,-0.05007127048640172
10205,coriginEritrea,0.010028956527785569,0.005628672139983356,1.7817624260870921,0.6437808333315695,1.5533236595830202,-0.007217164366401423,0.027275077421972563
10205,coriginIraq,0.002630869552960743,0.005633927983346336,0.46696897098036877,1,0.46014456836783163,-0.014631355123394514,0.019893094229316
10205,coriginKosovo,-0.015876206893872428,0.005721638160573,-2.774765975813208,0.1001154578041955,9.98846753471164,-0.033407173519035896,0.0016547597312910403
10205,coriginPakistan,4.713813291806632e-4,0.005647968013111618,0.08346033973392963,1,0.4218551960140319,-0.016833861672752668,0.01777662433111399
10205,coriginSyria,0.02256732229941514,0.005628388094454583,4.009553342927753,0.0032003505952505895,312.46576593327876,0.005322071714140595,0.03981257288468969
10205,coriginUkraine,0.011433756322904852,0.005728223272510541,1.9960388726073022,0.4614316604127867,2.1671681546632966,-0.006117386932510335,0.02898489957832004
10205,cage38 Years,-0.008159151973074343,0.0037363973228459212,-2.183694952136332,0.33418086000227787,2.9923916049326813,-0.01960738671404967,0.003289082767900983
10205,cage62 Years,-0.06202406664046439,0.003928757630371343,-15.787195972840381,2.8647770220781277e-44,34906730691193323e27,-0.07406168890238995,-0.04998644437853884
10205,cjobCleaner,-0.030322410247646002,0.005296529772305981,-5.724957953827258,3.379427001188601e-6,295908.1523726606,-0.04655085463046624,-0.014093965864825767
10205,cjobDoctor,0.05205726128111675,0.005251109295479919,9.913574132979276,8.099151177315759e-18,123469728877368930,0.03596798418587922,0.06814653837635427
10205,cjobFarmer,-0.020844999428687904,0.0052488928779375115,-3.971313553817218,0.003627831726451302,275.6467431244908,-0.03692748547197965,-0.004762513385396155
10205,cjobTeacher,0.00875122022824845,0.00530925535852269,1.6482952198184517,0.7772098068754161,1.2866538625139818,-0.007516215055602208,0.025018655512099107
10205,cjobUnemployed,-0.09159853042552546,0.005279242271631918,-17.35069650387735,3.035505154808064e-53,3294344595053835e37,-0.10777400630721994,-0.07542305454383098
10205,cvulnerNo surviving family,0.005060592525539342,0.004896482980855656,1.0335158000804505,1,0.6528756956207312,-0.009942117766344074,0.02006330281742276
10205,cvulnerNone,-0.02408482596889277,0.00494734743104432,-4.868230158602137,1.3987562994774433e-4,7149.208195692036,-0.039243383756482814,-0.008926268181302727
10205,cvulnerPTSD,-0.02447486329204888,0.004869776658980435,-5.025869768978909,7.374682872716706e-5,13559.905114016343,-0.039395746033091775,-0.009553980551005991
10205,cvulnerVictim of torture,0.08150858308605011,0.004911933108681969,16.593992890901053,8.415723732123269e-49,11882519339162078e32,0.06645853396083326,0.09655863221126695
10205,creasonEthnic persecution,0.1527903122113546,0.004518866700292427,33.8116440127493,3.5732339328615035e-192,27985853117631844e175,0.13894460944526857,0.16663601497744066
10205,creasonPolitical persecution,0.1402480351685317,0.00453050453595601,30.956383346592787,9.687277581093015e-163,10322817650561945e146,0.1263666743438824,0.154129395993181
10205,creasonReligious persecution,0.14548769198188555,0.004578934144019087,31.773265874967578,5.923895610983466e-171,16880783620594273e154,0.13145794396133245,0.15951744000243864
10205,creligionChristian,0.04160374319533569,0.0037845167458970567,10.993145489563481,8.406376824282519e-22,11895731310918836e5,0.03000807165813921,0.053199414732532174
10205,creligionMuslim,-0.06465307822990495,0.0038190577579928736,-16.929065315808085,9.563672606854775e-51,1045623413837116e35,-0.07635458262707216,-0.05295157383273773
10205,clangFluent,0.06116810268020314,0.003756211842917585,16.28451888184551,4.882060526286037e-47,20483154492161463e30,0.04965915670927559,0.07267704865113069
10205,clangNone,-0.060400177632006107,0.0037606406507644857,-16.06114043885783,8.751975969168326e-46,11425991153572913e29,-0.07192269336746164,-0.04887766189655057
10305,cconsistMinor inconsistencies,0.08321200104909593,0.0038102271642812017,21.839118105388305,1.710528582404749e-83,58461460994364014e66,0.07154154728127154,0.09488245481692031
10305,cconsistNo inconsistencies,0.10895196210737038,0.003914230299467443,27.83483693389068,3.068339362656948e-133,3259091911965293e117,0.09696295416191633,0.12094097005282442
10305,cgenderMale,-0.058719537964968795,0.003045005722355013,-19.28388427446205,1.491407560674446e-65,6705075301802674e49,-0.06804617309020256,-0.04939290283973504
10305,coriginEritrea,0.008466775356218634,0.0056021837799608,1.5113348095620451,0.9309094008505151,1.0742183923444764,-0.008692313586243956,0.025625864298681224
10305,coriginIraq,6.792471105788398e-4,0.005617305622104114,0.120920447679756,1,0.4214946320767448,-0.016526158954724163,0.01788465317588184
10305,coriginKosovo,-0.016410468752763082,0.005694974398949094,-2.8815702412624264,0.07794808780426297,12.829051079625202,-0.03385376873627392,0.0010328312307477591
10305,coriginPakistan,-7.762743394228502e-4,0.005625100406615354,-0.13800186366627676,1,0.42226388342953985,-0.0180055552731645,0.016453006594318798
10305,coriginSyria,0.022112604617857388,0.0056048924427840735,3.945232641587243,0.003921247687500263,255.02087082835743,0.004945219234555792,0.03927999000115898
10305,coriginUkraine,0.01059043782671117,0.0057038691892324685,1.8567112034587618,0.5763653095986941,1.7350107359797033,-0.006880106264381958,0.028060981917804297
10305,cage38 Years,-0.008070273315820314,0.0037237451599294513,-2.1672464062962917,0.3444018969338511,2.9035844718127932,-0.019475838878816022,0.0033352922471753966
10305,cage62 Years,-0.06206167710046087,0.0039118004715362285,-15.865246080940379,8.842182073871273e-45,11309425565381751e28,-0.07404324265644249,-0.05008011154447925
10305,cjobCleaner,-0.03078736910740427,0.00527305371763733,-5.838622315647299,1.9318511554970394e-6,517638.2233975543,-0.046938356167660095,-0.014636382047148445
10305,cjobDoctor,0.05228200475144338,0.005220162046639202,10.01539881029232,3.3099447246599825e-18,302119848875339140,0.03629302110318178,0.06827098839970498
10305,cjobFarmer,-0.021578181758829622,0.005224834343527033,-4.129926489547463,0.002122662046681499,471.1065530018628,-0.03758147631887364,-0.005574887198785607
10305,cjobTeacher,0.008803029592001748,0.005277942656500739,1.6678903438178185,0.7582561168873063,1.31881560560971,-0.007362931938940236,0.024968991122943734
10305,cjobUnemployed,-0.09114903646826118,0.005251319540207106,-17.357358616319576,2.2040001151625007e-53,45372048445935316e36,-0.1072334532947895,-0.07506461964173286
10305,cvulnerNo surviving family,0.005234058246582578,0.004868786573242983,1.075023143414622,1,0.6746567420220096,-0.009678687413597922,0.020146803906763076
10305,cvulnerNone,-0.024180461220646213,0.0049211649784545305,-4.913564435760895,1.1507152481388175e-4,8690.24723203602,-0.03925363819636195,-0.009107284244930477
10305,cvulnerPTSD,-0.0246204158855378,0.004852097568483761,-5.074179885717235,5.950524792092538e-5,16805.24046095679,-0.03948204431567507,-0.009758787455400528
10305,cvulnerVictim of torture,0.08100564931786677,0.0048927096884967625,16.556398085159017,1.1262762123450356e-48,8878816661837205e32,0.06601962886368742,0.09599166977204612
10305,creasonEthnic persecution,0.1525141677886825,0.004494822346478179,33.931078034303546,6.587017363088128e-194,15181377926885856e177,0.1387468478553962,0.16628148772196877
10305,creasonPolitical persecution,0.14033517728494435,0.0045105222748921215,31.11284430765853,1.1284341920927429e-164,886183711028328e149,0.12651976959184397,0.15415058497804474
10305,creasonReligious persecution,0.14524800487250017,0.0045596004908340605,31.855423553990104,3.483196181241935e-172,28709264364301456e155,0.13128227410797585,0.15921373563702448
10305,creligionChristian,0.041519004915071954,0.003765032386800333,11.027529287830742,5.677318787282984e-22,1761394837013501e6,0.029986979523928647,0.05305103030621526
10305,creligionMuslim,-0.06439520468863966,0.0038030946402974742,-16.932317173049032,7.374551036213149e-51,13560147527482603e34,-0.07604381204473817,-0.05274659733254115
10305,clangFluent,0.06128441690379113,0.0037417509080798768,16.37853999619658,1.1718548509126964e-47,8533480057032254e31,0.049823701019755626,0.07274513278782663
10305,clangNone,-0.06072033453514568,0.003742872766550755,-16.222922424131053,8.921284217201854e-47,11209148544688427e30,-0.07218448659158086,-0.0492561824787105
10405,cconsistMinor inconsistencies,0.08347143589579395,0.0037913448219923955,22.01631342303725,5.61376976353758e-85,17813341874032232e68,0.07186266863319021,0.09508020315839769
10405,cconsistNo inconsistencies,0.10899366958707035,0.0038910530062693425,28.011355643692742,3.8054879641809404e-135,26277838989703153e118,0.0970796045581612,0.1209077346159795
10405,cgenderMale,-0.05891611036081409,0.0030266510452249674,-19.465775697454056,6.889221411033468e-67,14515428382058455e50,-0.06818345195562814,-0.04964876876600004
10405,coriginEritrea,0.0094131445147151,0.0055752695289166265,1.68837478903809,0.7385462378098527,1.3540113655787946,-0.0076578446530460535,0.026484133682476256
10405,coriginIraq,6.632753616669639e-4,0.005590352837886076,0.11864642195246006,1,0.4197283917933415,-0.01645389758298533,0.01778044830631926
10405,coriginKosovo,-0.016716045411428133,0.005665297325158762,-2.950603375606538,0.06589895920822404,15.174746490915783,-0.0340626918414034,6.306010185471271e-4
10405,coriginPakistan,-1.729609724446698e-4,0.005592797196105098,-0.0309256649901631,1,0.4174602750933424,-0.01729761832883036,0.01695169638394102
10405,coriginSyria,0.022602611054055352,0.005574236739138198,4.05483514816592,0.0027129937072061837,368.59650552960215,0.005534784198542725,0.03967043790956798
10405,coriginUkraine,0.010458414162518739,0.0056716918874425435,1.8439672623391756,0.588626552651294,1.6988700144358015,-0.0069078118596023075,0.027824640184639787
10405,cage38 Years,-0.008392363600315322,0.003707117496613316,-2.2638515256077727,0.2888296109373326,3.4622488904607844,-0.019743234136721653,0.0029585069360910116
10405,cage62 Years,-0.06217435384111984,0.0038931340782421358,-15.970257533281101,1.9213936880002548e-45,5204555454956128e29,-0.07409479093095281,-0.05025391675128688
10405,cjobCleaner,-0.031189829300496928,0.005243679797034465,-5.948080452611956,1.1137855387329942e-6,897838.9153243694,-0.04724551962185394,-0.015134138979139917
10405,cjobDoctor,0.052472637671543705,0.005197583856532331,10.095582701488505,1.600827970124565e-18,624676741450355300,0.03655808910071702,0.06838718624237039
10405,cjobFarmer,-0.021752317310740964,0.005205288645505097,-4.178887818166368,0.0017807639979773716,561.556725728856,-0.03769045727359126,-0.005814177347890668
10405,cjobTeacher,0.008707238569748046,0.005257804069438225,1.6560599167930539,0.7722447735973165,1.2949262127624905,-0.0073916990421581535,0.024806176181654246
10405,cjobUnemployed,-0.0911538919902847,0.005227354892940276,-17.437861759374936,5.754485769961124e-54,17377747377881791e37,-0.1071595968787382,-0.0751481871018312
10405,cvulnerNo surviving family,0.005542044970259159,0.004848777033335187,1.142977895695714,1,0.7156996436261583,-0.009304487521783138,0.020388577462301456
10405,cvulnerNone,-0.024174531540143287,0.004899713731854554,-4.933866112009194,1.0461297318615496e-4,9559.043869449504,-0.03917702776167986,-0.009172035318606716
10405,cvulnerPTSD,-0.024128086751360665,0.00482963967068804,-4.9958357965705815,8.119506187989158e-5,12316.019925931676,-0.03891602230763967,-0.00934015119508166
10405,cvulnerVictim of torture,0.0811508008914465,0.004866595849021037,16.675064749371117,1.8964171787765812e-49,52731013576090945e32,0.06624970873946708,0.09605189304342591
10405,creasonEthnic persecution,0.15287435893790724,0.004474912995264645,34.16253212066446,7.437379914870617e-197,13445595242493354e180,0.1391725655317541,0.16657615234406037
10405,creasonPolitical persecution,0.1402405910698026,0.004495806224861071,31.193646713306975,7.449296705497488e-166,13424086051801542e149,0.12647482441638846,0.15400635772321675
10405,creasonReligious persecution,0.14502148371263826,0.004538035358603761,31.95688712246123,1.2974232293177859e-173,7707585138010997e157,0.13112641513382903,0.1589165522914475
10405,creligionChristian,0.04137474456264603,0.003744947825238566,11.048149798992277,4.337239049176741e-22,23056142137007916e5,0.02990804085856503,0.052841448266727035
10405,creligionMuslim,-0.06382187922380943,0.0037826376348528558,-16.872321746011522,1.3419987545076383e-50,7451571744318696e34,-0.07540398583860596,-0.0522397726090129
10405,clangFluent,0.06155849373021625,0.0037219721082524136,16.539214142343468,1.1552563431751003e-48,8656087507397755e32,0.050162139668203286,0.07295484779222922
10405,clangNone,-0.060596890144051424,0.0037266757330741635,-16.260306633672307,4.517264535420779e-47,2213729110081553e31,-0.07200764629514095,-0.0491861339929619
10505,cconsistMinor inconsistencies,0.0829196534303312,0.003776678339539117,21.955709746901615,1.098106700286951e-84,9106583173918215e68,0.07135951140273716,0.09447979545792523
10505,cconsistNo inconsistencies,0.10880212500013928,0.0038753681218403856,28.075300611305515,5.082802141491051e-136,19674187036260433e119,0.09693990061405289,0.12066434938622567
10505,cgenderMale,-0.05851072124523692,0.003011935132058507,-19.426288641630798,9.534449979110653e-67,10488281989951529e50,-0.06773003906215896,-0.04929140342831488
10505,coriginEritrea,0.009992828207771072,0.005544687108734989,1.8022348262048131,0.6278698958595131,1.5926866482921034,-0.006979062091832319,0.02696471850737446
10505,coriginIraq,0.0012612473100032861,0.005564160117360785,0.22667343918951172,1,0.4245778996435376,-0.01577024847494473,0.018292743094951304
10505,coriginKosovo,-0.015976706098288985,0.00563350921975697,-2.8360131269969275,0.08649865664911888,11.560873182765048,-0.03322047452101846,0.0012670623244404877
10505,coriginPakistan,9.014252911753279e-4,0.005562612216192073,0.16205071576828434,1,0.4201888702972522,-0.016125332479108412,0.017928183061459067
10505,coriginSyria,0.02362309375747093,0.005545678049477497,4.259730468792117,0.0013328592571138394,750.2667627228627,0.0066481702591954725,0.04059801725574639
10505,coriginUkraine,0.010618144580520912,0.005638299464740941,1.8832175635440067,0.5549735496155304,1.8018876767960763,-0.006640286439174241,0.027876575600216065
10505,cage38 Years,-0.008967336685765827,0.003684316936593926,-2.4339210877053215,0.20767722976543934,4.815164383353188,-0.02024476707103224,0.002310093699500585
10505,cage62 Years,-0.06238027430736912,0.003870936932977028,-16.115032455306427,2.4692915145315436e-46,40497446093954315e29,-0.07422893514157046,-0.050531613473167786
10505,cjobCleaner,-0.03099719480171496,0.00521992478405427,-5.938245488978044,1.1449672933641993e-6,873387.3935051461,-0.046975010874976145,-0.015019378728453776
10505,cjobDoctor,0.052427625491419674,0.005170469813699241,10.139818504019084,1.037052149629751e-18,964271662092422800,0.03660118754196883,0.06825406344087051
10505,cjobFarmer,-0.021087425542190487,0.005182324334997297,-4.069105709919155,0.002567191888333338,389.53067923925863,-0.03695014933267787,-0.005224701751703104
10505,cjobTeacher,0.0089583347677854,0.005239987917239705,1.70960981385324,0.71826817107777,1.3922376631272524,-0.007080893119850863,0.024997562655421662
10505,cjobUnemployed,-0.09094442802370321,0.0052062194489398295,-17.46842001487715,3.0047474234825916e-54,33280667525823857e37,-0.10688029304733436,-0.07500856300007207
10505,cvulnerNo surviving family,0.006000116199280344,0.004820623096147334,1.2446764826056753,1,0.7888940370455934,-0.008755465993023554,0.02075569839158424
10505,cvulnerNone,-0.024128227075158774,0.004873890203425834,-4.95050689861646,9.650150716637917e-5,10362.532455331402,-0.03904685606948757,-0.009209598080829978
10505,cvulnerPTSD,-0.023394282410059617,0.004807085678994274,-4.866624806020538,1.3554226303316014e-4,7377.7726416988635,-0.03810842753759214,-0.0086801372825271
10505,cvulnerVictim of torture,0.08109151819581141,0.0048384984754362885,16.759645292334078,4.982881159554738e-50,20068710610978294e33,0.0662812207471898,0.09590181564443302
10505,creasonEthnic persecution,0.1523976956389306,0.004455925722755028,34.20113016262433,1.0007874847975453e-197,9992131348468006e181,0.13875842599815313,0.16603696527970807
10505,creasonPolitical persecution,0.14016310710725677,0.004481778473715379,31.273992663689608,4.966731043940744e-167,20133967214108936e150,0.12644470404656985,0.15388151016794369
10505,creasonReligious persecution,0.14493975744620893,0.0045193614442464065,32.07084877681814,3.572436850054976e-175,27992097326636045e158,0.13110631560326486,0.158773199289153
10505,creligionChristian,0.04130502571074654,0.003726373685114262,11.084509821370746,2.875033292955506e-22,34782205912196925e5,0.029898862629072306,0.052711188792420774
10505,creligionMuslim,-0.06388232086169071,0.0037670263339931423,-16.958288898918806,3.3991561329626335e-51,29419066406002977e34,-0.07541291879128878,-0.05235172293209265
10505,clangFluent,0.06184751197644475,0.0037056911171169096,16.689872421035233,1.2706091030527458e-49,7870241111899919e33,0.05050465675475998,0.07319036719812953
10505,clangNone,-0.06061389389193968,0.00370895347462804,-16.342586744908807,1.2698370271934056e-47,7875026311133804e31,-0.07196673495641615,-0.0492610528274632
10605,cconsistMinor inconsistencies,0.082458668019443293,0.003757947338709396,21.942475662195505,9.56667509276447e-85,10452952465756118e68,0.07095944517119679,0.0939578908676898
10605,cconsistNo inconsistencies,0.10839817477046397,0.0038545423438696353,28.12219067793178,9.790668024123924e-137,10213807653737504e120,0.09660337367424059,0.12019297586668735
10605,cgenderMale,-0.058243440304389445,0.0029975968907965085,-19.43004427420301,6.808751545963669e-67,14686980325972025e50,-0.06741601020748927,-0.049070870401289615
10605,coriginEritrea,0.009580992139835725,0.0055248774245920075,1.73415469765707,0.6949088919284238,1.4390375653777083,-0.007324991629603856,0.026486975909275304
10605,coriginIraq,0.0016093622996902078,0.0055436396987307655,0.29030788203257085,1,0.4287348883918708,-0.015354033549274565,0.01857275814865498
10605,coriginKosovo,-0.015814778060499923,0.005607261646183456,-2.820410221317948,0.08958132105508372,11.16304144906613,-0.03297285544325361,0.001343299322253768
10605,coriginPakistan,6.6172600887056e-4,0.00554185614814898,0.1194051218907191,1,0.41647521117386305,-0.01629621222088018,0.017619664238621296
10605,coriginSyria,0.02425119867187658,0.005516607283694878,4.396034994833594,8.114863590589493e-4,1232.306604832721,0.007370521322296292,0.04113187602145687
10605,coriginUkraine,0.0107789189619255,0.005611180257837426,1.9209717860819076,0.5237230191312237,1.9094062385473278,-0.006391149272376474,0.027948987196227473
10605,cage38 Years,-0.00951002380696271,0.003670161789069702,-2.591172911037601,0.14971366972286806,6.6794167950801,-0.02074062511606084,0.0017205775021354227
10605,cage62 Years,-0.06290088008000787,0.003858906322453335,-16.300183218756672,1.832082037572168e-47,5458270860649758e31,-0.07470903483920625,-0.051092725320809475
10605,cjobCleaner,-0.030805894526395233,0.0051964003053074645,-5.928314355406937,1.1780877008606889e-6,848833.2398932767,-0.046706746702772035,-0.014905042350018431
10605,cjobDoctor,0.05212772518302955,0.00514784259564782,10.12613035742396,1.0859262826090073e-18,920872821677578400,0.03637545835765675,0.06787999200840235
10605,cjobFarmer,-0.021362699846191352,0.005153634641132012,-4.14517157962501,0.0019681703412333463,508.08610365165543,-0.037132690182770337,-0.005592709509612364
10605,cjobTeacher,0.009569895498279992,0.005210472035106752,1.8366657442551504,0.5971501568364321,1.6746206771472292,-0.006374015811777458,0.025513806808337442
10605,cjobUnemployed,-0.09070621574051413,0.005185262302300468,-17.49308143973196,1.706166443022321e-54,5861092885103224e38,-0.1065729859122437,-0.07483944556878455
10605,cvulnerNo surviving family,0.005766771256297824,0.004797665889289567,1.2019951762734693,1,0.7533239625771709,-0.008913963793948647,0.020447506306544294
10605,cvulnerNone,-0.023619590017551928,0.004850491006865459,-4.869525576713863,1.3234883856728954e-4,7555.789766085287,-0.038461968578002194,-0.00877721145710166
10605,cvulnerPTSD,-0.023559318644585475,0.004788652376856831,-4.9198222778595815,1.0798307081354241e-4,9260.71089167977,-0.038212472577065386,-0.008906164712105563
10605,cvulnerVictim of torture,0.08140698389278406,0.004815683535156325,16.904554316844546,5.741223217886896e-51,1741789096240815e35,0.06667111530650091,0.0961428524790672
10605,creasonEthnic persecution,0.15115783624682944,0.00443556842046054,34.07857165488948,7.679355525655785e-197,13021926080373839e180,0.1375851102003177,0.16473056229334118
10605,creasonPolitical persecution,0.14006484515319875,0.004462431696281465,31.38756056925521,1.520083687147178e-168,6578585169062326e152,0.12640991816897915,0.15371977213741836
10605,creasonReligious persecution,0.14475818320578232,0.004497120428895478,32.18908310208092,8.806576493706407e-177,11355150332420855e160,0.1309971095859931,0.15851925682557155
10605,creligionChristian,0.0417415768105205,0.003712997269324277,11.242016565801835,6.292781014803925e-23,15891225161776247e6,0.030379900026206108,0.05310325359483489
10605,creligionMuslim,-0.06335013764257572,0.003750359341590537,-16.89175139566993,6.830835325308058e-51,14639497987823354e34,-0.074826141413497,-0.05187413387165443
10605,clangFluent,0.06197878993139371,0.003690426219014494,16.794480163850768,2.547448943771667e-50,39254957491687103e33,0.05068617998438106,0.07327139987840636
10605,clangNone,-0.060639199272502005,0.003696144665831387,-16.40606760689715,4.547118749593221e-48,2199194819993339e32,-0.07194930752067921,-0.0493290910243248
10705,cconsistMinor inconsistencies,0.0821935871236069,0.0037402249139706916,21.975573398431987,3.7635038734593404e-85,2657098367965327e69,0.0707520520975643,0.0936351221496495
10705,cconsistNo inconsistencies,0.10852955326068915,0.0038356142758764243,28.29522090979561,1.2513644953407132e-138,7991276752084346e122,0.09679621740703331,0.12026288911434499
10705,cgenderMale,-0.05844746405668336,0.002982316656594351,-19.59800745083431,3.8009058036123016e-68,26309518090388373e51,-0.06757051982739895,-0.04932440828596777
10705,coriginEritrea,0.01035522050646877,0.005492887404478061,1.8852053107854905,0.5549473834135581,1.801972637205462,-0.006447796712547712,0.02715823772548525
10705,coriginIraq,0.002388780905252941,0.005511851022268,0.4333899620294912,1,0.44584652546894515,-0.014472246968778862,0.019249808779284745
10705,coriginKosovo,-0.014432638514459592,0.005573511034004336,-2.589505686165358,0.15016421610046346,6.6593761547756225,-0.03148228744744224,0.0026170104185230577
10705,coriginPakistan,5.49883955681135e-4,0.005504033684434479,0.09990563052624808,1,0.414126013404061,-0.016287230291044848,0.01738699820240712
10705,coriginSyria,0.02461406300283468,0.005485085981960957,4.487452536529788,5.745304112739646e-4,1740.5519018263951,0.007834910725375323,0.041393215280294035
10705,coriginUkraine,0.010790573197954838,0.005581848383551312,1.9331541196555404,0.5143601482224246,1.9441630605634912,-0.006284580104166087,0.027865726500075762
10705,cage38 Years,-0.009460111044930003,0.0036494121518405908,-2.5922287347453397,0.14928811875148612,6.698456704814262,-0.020623845290906634,0.0017036232010466303
10705,cage62 Years,-0.06271974419394283,0.0038380081106400366,-16.341743525779968,8.798811852138291e-48,1136517085266438e32,-0.07446040290783419,-0.050979085480051464
10705,cjobCleaner,-0.030667357990608116,0.005177282193154787,-5.9234472540738405,1.1829833973502729e-6,845320.4011483748,-0.04650492308767632,-0.01482979289353991
10705,cjobDoctor,0.051870937636462,0.005128280526776104,10.114684125727944,1.1176149318271717e-18,89476256224057e4,0.0361832710869683,0.0675586041859557
10705,cjobFarmer,-0.021981498921718436,0.005128223782552765,-4.286376697620696,0.0011929123430398365,838.2845611704812,-0.0376689918877957,-0.006294005955641179
10705,cjobTeacher,0.009877983683983137,0.005186462870258846,1.9045704039697766,0.538306963604969,1.8576761357555827,-0.0059876655633875064,0.02574363293135378
10705,cjobUnemployed,-0.09020457049652163,0.005167959747182952,-17.45458070676576,2.3558602446036596e-54,4244733966246949e38,-0.10601361776523231,-0.07439552322781094
10705,cvulnerNo surviving family,0.006107575989899316,0.004776828861497384,1.2785837983705333,1,0.8127254386143028,-0.008504982342645333,0.020720134322443965
10705,cvulnerNone,-0.02385869803706531,0.004828966243405021,-4.94074649406577,9.79321355330848e-5,10211.15280042235,-0.038630747227775784,-0.009086648846354838
10705,cvulnerPTSD,-0.023874450510370175,0.004769478907777919,-5.005672731131373,7.496340088261953e-5,13339.843019740221,-0.03846452496698348,-0.009284376053756873
10705,cvulnerVictim of torture,0.0816080467020893,0.004795306476810355,17.018317201775954,9.932960091687615e-52,10067492376586197e35,0.0669389644204069,0.09627712898377172
10705,creasonEthnic persecution,0.15055156119688237,0.004419461002073451,34.06559332150437,3.896604561536242e-197,2566336881784454e181,0.13703220901499139,0.16407091337877336
10705,creasonPolitical persecution,0.13954150511117183,0.0044453345578685235,31.390551890897513,6.215247493383919e-169,16089463871945437e152,0.12594300442840545,0.15314000579393822
10705,creasonReligious persecution,0.14382551210557887,0.004477128449839158,32.12449982549548,1.723281417035373e-176,58028827451777334e159,0.13012975231755455,0.15752127189360318
10705,creligionChristian,0.041713035012532325,0.0036926657596589325,11.296184850584767,3.5129782442041e-23,2846587512034422e7,0.030416985817524757,0.05300908420753989
10705,creligionMuslim,-0.06335062438810653,0.003729806324201078,-16.98496352935328,1.567471146853682e-51,6379702758849868e35,-0.07476028842710615,-0.05194096034910691
10705,clangFluent,0.0618003796989424,0.003675518484729967,16.81405765083038,1.6019721138316292e-50,6242305913853768e34,0.05055678487531985,0.07304397452256495
10705,clangNone,-0.06070688504209209,0.0036801947943700198,-16.495562988937916,1.148756516570511e-48,8705064872975801e32,-0.07196478493072274,-0.04944898515346144
10805,cconsistMinor inconsistencies,0.08246058988059803,0.003721463912186623,22.158105473108456,1.096873098120022e-86,91168249245418e72,0.07107977952446234,0.09384140023673371
10805,cconsistNo inconsistencies,0.10966988223087203,0.003815631017176028,28.742266151311295,3.932637214015604e-143,25428229088512924e126,0.09800109435057947,0.12133867011116459
10805,cgenderMale,-0.05872517325584773,0.0029725262612741873,-19.755981308193693,2.417786999382352e-69,4136013636666341e53,-0.06781561681689174,-0.049634729694803724
10805,coriginEritrea,0.010662059318562856,0.005464871418801026,1.9510174167834449,0.5004515145495267,1.9981955712535584,-0.006050359962025251,0.027374478599150966
10805,coriginIraq,0.002722693972890319,0.005482284420342744,0.49663493612031545,1,0.45517591653726003,-0.014042976950855858,0.019488364896636495
10805,coriginKosovo,-0.014549792874073656,0.005548652214239324,-2.6222210930313854,0.13982323671296149,7.151887079061595,-0.03151842674302498,0.0024188409948776683
10805,coriginPakistan,5.561937863757193e-4,0.005478889486655122,0.10151578850612612,1,0.4125883203522554,-0.016199094906779978,0.017311482479531414
10805,coriginSyria,0.024781703890956065,0.005463731485842439,4.53567382569406,4.75188039760565e-4,2104.430070470364,0.008072770701090994,0.04149063708082114
10805,coriginUkraine,0.011387640256116539,0.005554282578686324,2.0502450307110403,0.42434818466098034,2.3565553857592643,-0.00559821213530854,0.028373492647541618
10805,cage38 Years,-0.009112173866633759,0.003630798366565925,-2.5096887644719907,0.17772694061001362,5.626608979863671,-0.02021571500697353,0.0019913672737060135
10805,cage62 Years,-0.062314351923313145,0.0038168564529280705,-16.326092608358167,8.994605649256322e-48,11117774797416277e31,-0.07398688737505252,-0.05064181647157377
10805,cjobCleaner,-0.03059035697019997,0.0051568061640208974,-5.932035449311491,1.1124352988701136e-6,898928.6846755827,-0.0463606652093546,-0.014820048731045345
10805,cjobDoctor,0.05125868851381546,0.005109653253280809,10.031735222131413,2.081616552543567e-18,480395872514599800,0.035632581144946156,0.06688479588268476
10805,cjobFarmer,-0.02242579494554705,0.005107415957086676,-4.390829948837564,8.12380413016013e-4,1230.9504069496672,-0.03804506031774602,-0.006806529573348076
10805,cjobTeacher,0.009699437278987467,0.005162348428642722,1.8788807871183602,0.5613245465878264,1.7815005705323048,-0.006087820059793775,0.02548669461776871
10805,cjobUnemployed,-0.0904970107644548,0.005150651319351416,-17.570013024265528,3.7435358610592904e-55,26712713250649473e38,-0.10624849653975979,-0.0747455249891498
10805,cvulnerNo surviving family,0.0067186292750654,0.004755760769868271,1.4127349124946624,1,0.9416557575013298,-0.00782522032234173,0.021262478872472533
10805,cvulnerNone,-0.0237238050381678,0.0048023747516822,-4.94001536007945,9.703281209614137e-5,10305.792220153191,-0.03841020737812107,-0.00903740269821453
10805,cvulnerPTSD,-0.022862458408934205,0.004746988943131691,-4.816202161585687,1.6010712996734355e-4,6245.818035736236,-0.03737948240788827,-0.008345434409980139
10805,cvulnerVictim of torture,0.08198213045704551,0.004776934799339778,17.162078592401198,1.1213861469072386e-52,8917534809556734e36,0.06737352741325904,0.09659073350083199
10805,creasonEthnic persecution,0.15017847299564144,0.004400108440040204,34.13062997017166,2.831858077507874e-198,3531250410967036e182,0.13672226305133867,0.1636346829399442
10805,creasonPolitical persecution,0.13924088231476062,0.004422948131973374,31.481463982856138,3.2367226499777608e-170,3089544913608433e154,0.12571482507148693,0.1527669395580343
10805,creasonReligious persecution,0.14344597649120638,0.004453179383173326,32.21203642351077,8.932810402234169e-178,11194685154740235e161,0.12982746742121776,0.157064485561195
10805,creligionChristian,0.04199976507809282,0.0036793531910305037,11.414985976469858,1.0700114168276492e-23,934569467459312e8,0.030747735799174766,0.05325179435701087
10805,creligionMuslim,-0.06294881900228162,0.0037094779664263097,-16.96972446581915,1.5796696372431348e-51,6330437557470664e35,-0.07429297448849088,-0.05160466351607236
10805,clangFluent,0.06198284568064253,0.003658349549491783,16.94284399074254,2.2810689861516378e-51,4383909500637625e35,0.050795048775537824,0.07317064258574724
10805,clangNone,-0.06005286302645366,0.0036582394644931624,-16.415782402799536,2.7470680814845414e-48,36402446912039788e31,-0.07124032327466154,-0.04886540277824578
10905,cconsistMinor inconsistencies,0.08245256400419686,0.003707592062092873,22.238844679598806,1.861373310434612e-87,5372377450531457e71,0.07111739440833052,0.09378773360006319
10905,cconsistNo inconsistencies,0.10973499148129755,0.0037979561045955305,28.893170025982688,7.416501761679815e-145,13483445863478135e128,0.09812355315629884,0.12134642980629626
10905,cgenderMale,-0.05855333145071104,0.002958050274476617,-19.794569401316608,9.972511407870608e-70,10027564362681698e53,-0.06759693737411036,-0.04950972552731171
10905,coriginEritrea,0.010009471683057908,0.005438168063001989,1.840596238861448,0.5965201289551376,1.6763893646834618,-0.006616563828021296,0.026635507194137112
10905,coriginIraq,0.0020495950358399135,0.0054545163167287565,0.37576109719461237,1,0.4340300785302254,-0.014626421763764478,0.018725611835444304
10905,coriginKosovo,-0.014506425817255387,0.005522816556821013,-2.6266354618168646,0.13839821216923182,7.225526864300899,-0.03139125599004601,0.002378404355535239
10905,coriginPakistan,-8.914806147579222e-5,0.00545652676801507,-0.01633787668711864,1,0.4092991058636814,-0.016771311385809156,0.016593015262857568
10905,coriginSyria,0.02410485564475599,0.005434715661236442,4.4353480747274165,6.84084218206909e-4,1461.808317433715,0.007489375113531677,0.0407203361759803
10905,coriginUkraine,0.010665985212382881,0.005526199303965684,1.9300761021646125,0.518380330961409,1.929085538691948,-0.006229186986159936,0.0275611574109257
10905,cage38 Years,-0.009170285525501094,0.0036140581885522865,-2.5373928827566865,0.16764485378877958,5.964990737263715,-0.020219495311931873,0.0018789242609296864
10905,cage62 Years,-0.06255980758632287,0.003798391449203844,-16.470079090830836,1.1104088448944974e-48,9005691953894805e32,-0.0741725768843319,-0.050947038288313845
10905,cjobCleaner,-0.03078218025694843,0.005137740192558218,-5.991385142739412,8.138395511125281e-7,1228743.4281523777,-0.04648972182215301,-0.015074638691743848
10905,cjobDoctor,0.051499307325353474,0.005086148758482754,10.12540328071651,8.982403206313795e-19,1113287810657500900,0.0359494955333131,0.06704911911739385
10905,cjobFarmer,-0.022346017085829034,0.005089597047610049,-4.390527752353632,8.062672403942288e-4,1240.2835559969478,-0.03790637128421262,-0.006785662887445445
10905,cjobTeacher,0.010276345494432865,0.005138299305668308,1.9999507391670486,0.46240370299340866,2.1626124391444472,-0.005432905439499456,0.025985596428365187
10905,cjobUnemployed,-0.0904725768561701,0.005126005174976003,-17.649724057602743,9.763884093882882e-56,10241825797855431e39,-0.10614424111549067,-0.07480091259684954
10905,cvulnerNo surviving family,0.005747283363117287,0.004733837687030535,1.214085429853948,1,0.7558971429959996,-0.0087254126949019,0.020219979421136472
10905,cvulnerNone,-0.024182220991559707,0.004780527616403105,-5.058483693010133,5.8631019233664745e-5,17055.818115913295,-0.03879766152065168,-0.009566780462467735
10905,cvulnerPTSD,-0.023478847747189613,0.004723542489081382,-4.97060157740969,8.453708122770527e-5,11829.128537173468,-0.03792006843984436,-0.009037627054534866
10905,cvulnerVictim of torture,0.08137307194910182,0.004753688811562559,17.117879435266214,1.6884018961310737e-52,59227604653339497e35,0.06683968532441005,0.09590645857379358
10905,creasonEthnic persecution,0.15042211697351615,0.004376083157560884,34.37368796651423,2.281859607533144e-201,43823905585544444e184,0.13704317885793327,0.16380105508909903
10905,creasonPolitical persecution,0.13932221941386913,0.004403521859784158,31.638816349761036,3.468763001311448e-172,2882872077515605e156,0.12585939333596935,0.1527850454917689
10905,creasonReligious persecution,0.1432366262411463,0.004433630310398487,32.306849288990996,3.8749266119293715e-179,258069403668548e164,0.12968175001634077,0.15679150246595183
10905,creligionChristian,0.041868487543323694,0.0036606982555688248,11.437295461222842,7.985260438865045e-24,12523073075148581e7,0.03067668572930706,0.05306028935734033
10905,creligionMuslim,-0.06301882355707414,0.0036940073032587905,-17.059745253205104,3.7649721128644355e-52,26560621699776368e35,-0.07431246065887845,-0.05172518645526982
10905,clangFluent,0.06258316340495508,0.0036403273085385446,17.191630889388318,6.08170692460788e-53,1644275221408298e37,0.05145364140369819,0.07371268540621198
10905,clangNone,-0.05977817411736583,0.003639468158971346,-16.4249751629264,2.0237156799951824e-48,4941405602996468e32,-0.07090506945261166,-0.04865127878212001
11005,cconsistMinor inconsistencies,0.08243991622839175,0.0036923752249982318,22.327068947450005,2.753654696661422e-88,3631537393604278e72,0.07115437473767944,0.09372545771910407
11005,cconsistNo inconsistencies,0.11036194410619084,0.003779856413678175,29.19739059579719,4.515436153527389e-148,22146254890988006e131,0.09880902118094276,0.12191486703143892
11005,cgenderMale,-0.05877854421213033,0.0029456128634905102,-19.954606031452,5.956232370632447e-71,16789136786042106e54,-0.06778164767827766,-0.04977544074598301
11005,coriginEritrea,0.0100259807446892,0.005411646864808012,1.8526672185297681,0.586506880026261,1.7050098371484148,-0.006514419811677146,0.026566381301055545
11005,coriginIraq,0.0019831570125356784,0.00542348244386687,0.3656611841305628,1,0.43107355477938114,-0.014593418339293231,0.01855973236436459
11005,coriginKosovo,-0.014940603013516338,0.00549644370855327,-2.718230879043949,0.11279748939779842,8.865445546162288,-0.031740180451985456,0.0018589744249527806
11005,coriginPakistan,-9.54820687088211e-5,0.0054327185171372154,-0.0175753756443718,1,0.40775285907608166,-0.016700286969744446,0.016509322832326805
11005,coriginSyria,0.02468545024066566,0.0054129949382149,4.560405195724502,4.2466480112274556e-4,2354.798413610359,0.008140929372186134,0.04122997110914518
11005,coriginUkraine,0.010445522772637739,0.005504652157673712,1.8975808958384863,0.54674595659989,1.829003009402779,-0.006379143338427809,0.027270188883703285
11005,cage38 Years,-0.008839789496792639,0.0035979119113552097,-2.456922157792072,0.1981472329750163,5.046752281047934,-0.019836609072611002,0.0021570300790257242
11005,cage62 Years,-0.06323423344014681,0.003780243256800727,-16.727556705877927,2.902786115027498e-50,34449661820520563e33,-0.07478833873009076,-0.051680128150202856
11005,cjobCleaner,-0.030552016341415883,0.005112261479247059,-5.976223333927675,8.608487651015793e-7,1161644.2289744134,-0.046177361957648766,-0.014926670725183
11005,cjobDoctor,0.05124316535287729,0.00506113281235072,10.124841068748129,8.471818036442098e-19,1180384181646055700,0.03577409169072884,0.06671223901502574
11005,cjobFarmer,-0.0225813613615083,0.005066534109687956,-4.45696424274129,6.260059276151278e-4,1597.428963348101,-0.03806694379145216,-0.007095778931564437
11005,cjobTeacher,0.010500077703986145,0.005114112174917212,2.0531574875273675,0.42319314170870564,2.3629872543830706,-0.005130924461622001,0.026131079869594294
11005,cjobUnemployed,-0.09037803511569097,0.005100160940969781,-17.720624145344292,2.8721748892924954e-56,34816821347753326e39,-0.10596639610320474,-0.07478967412817719
11005,cvulnerNo surviving family,0.006337146584942144,0.004712230737087815,1.3448294318581133,1,0.8665348049375381,-0.00806552710249164,0.02073982027237593
11005,cvulnerNone,-0.024251202580128133,0.004759902007533813,-5.094895344850407,4.964978073552025e-5,20141.07585543845,-0.03879958087983722,-0.00970282428041905
11005,cvulnerPTSD,-0.023516901840378038,0.0046979859597504154,-5.005741192472059,7.219933738672026e-5,13850.542625394392,-0.03787603715051506,-0.009157766530241012
11005,cvulnerVictim of torture,0.08214582828813824,0.0047380561531967964,17.33745351091163,6.509455364485227e-54,15362268331324226e37,0.0676642206388905,0.09662743593738599
11005,creasonEthnic persecution,0.15038966509361065,0.004354999644815367,34.532646925161004,1.4958531444209377e-203,6685148229488208e187,0.13707884856259983,0.16370048162462147
11005,creasonPolitical persecution,0.13924794816832045,0.0043840606627865075,31.762322394465798,8.171278212486342e-174,12237987423704691e157,0.12584830823662835,0.15264758810001255
11005,creasonReligious persecution,0.1432831759578747,0.004413599514363864,32.464018425678624,3.6788285132604297e-181,2718256630868971e165,0.12979325215340412,0.1567730997623453
11005,creligionChristian,0.04189344490440087,0.0036412221681741885,11.505325126977194,3.870670715517602e-24,2583531572424848e8,0.030764249914243563,0.053022639894558174
11005,creligionMuslim,-0.06336043481228273,0.0036741751779344454,-17.244805090622496,2.3757721307968297e-53,42091578861336415e36,-0.07459034886164492,-0.052130520762920546
11005,clangFluent,0.0619148989170948,0.003620651505852627,17.100485594101514,1.7620157686559366e-52,56753181088884286e35,0.05084857702324409,0.0729812208109455
11005,clangNone,-0.05974427385016411,0.0036214461907877814,-16.49735235667489,6.430363978312627e-49,15551219236930457e32,-0.07081302465474605,-0.048675523045582175
11105,cconsistMinor inconsistencies,0.08220356919892566,0.0036754160540320695,22.36578607440789,9.750410995522486e-89,1025597793220422e73,0.07097285807296662,0.0934342803248847
11105,cconsistNo inconsistencies,0.11019041823117884,0.0037626223815302303,29.28553733483221,3.2670453266425417e-149,30608696850486435e132,0.09869323684495819,0.12168759961739949
11105,cgenderMale,-0.05890212877232719,0.002932315049669938,-20.087244301718954,5.396546802236161e-72,18530368338242355e55,-0.06786219826351246,-0.049942059281141926
11105,coriginEritrea,0.010247002136418782,0.005387880028652002,1.9018616008386675,0.5438741259435601,1.8386607347152488,-0.006216365083391089,0.026710369356228655
11105,coriginIraq,0.002436736375281284,0.005395310478006769,0.45163969436315116,1,0.4422739082351693,-0.014049335547618707,0.018922808298181274
11105,coriginKosovo,-0.014362698930731338,0.0054729248460814684,-2.624318684188549,0.1389458688162371,7.197047371898119,-0.031085931636045214,0.0023605337745825367
11105,coriginPakistan,4.974854931214345e-4,0.005407790994854281,0.0919942160477006,1,0.40760243548682035,-0.016026722270009026,0.017021693256251896
11105,coriginSyria,0.025019622660896485,0.00539014586066247,4.641733880244472,3.0803036393517105e-4,3246.43319971684,0.008549331897086312,0.04148991342470666
11105,coriginUkraine,0.011176015926769678,0.005483727767030617,2.038032594171132,0.43475921804783346,2.3001237431841575,-0.0055802265066165774,0.027932258360155934
11105,cage38 Years,-0.009010028895185361,0.003584213224702482,-2.513809399811381,0.17609282322236303,5.6788231439576595,-0.01996205793046052,0.001942000140089795
11105,cage62 Years,-0.06362491986610641,0.0037645827778533805,-16.90092199337592,2.2681212812649775e-51,4408935308090225e35,-0.07512809149791395,-0.05212174823429887
11105,cjobCleaner,-0.03045860646115927,0.005086383672516438,-5.988263650997876,7.956953411350935e-7,1256762.4168484602,-0.04600071240564408,-0.01491650051667446
11105,cjobDoctor,0.05187708201372332,0.005038494538199101,10.296147315516519,1.876939075982517e-19,5327823437617614e3,0.03648130753911394,0.0672728564883327
11105,cjobFarmer,-0.023019394312711165,0.0050462632949299525,-4.56167127383921,4.187144844426999e-4,2388.262257827022,-0.03843890723253855,-0.007599881392883773
11105,cjobTeacher,0.010203747182216623,0.0050913005136965376,2.00415338964311,0.4603329609167932,2.172340642322055,-0.005353382809106459,0.025760877173539705
11105,cjobUnemployed,-0.08937842117735137,0.005079361191189454,-17.5963901390563,1.3715185657072597e-55,7291188212857503e39,-0.10489906901804293,-0.07385777333665981
11105,cvulnerNo surviving family,0.00673188357892137,0.004692218700949996,1.4346909229866929,1,0.9592296141135997,-0.007605800099741791,0.02106956725758453
11105,cvulnerNone,-0.02369890350483812,0.004734489894793498,-5.005587514485926,7.138406280551167e-5,14008.72912942115,-0.038165752306585775,-0.009232054703090463
11105,cvulnerPTSD,-0.02302429598735197,0.004678635349945353,-4.921156334105179,1.0120358933897604e-4,9881.072465231971,-0.037320473972778496,-0.008728118001925444
11105,cvulnerVictim of torture,0.08275054004800814,0.004715382488991173,17.549062083765786,2.6874236168643944e-55,3721035990473173e39,0.06834207640641043,0.09715900368960584
11105,creasonEthnic persecution,0.14988216374244945,0.004331350041553671,34.60402929906957,9.078398418023401e-205,11015158775304395e188,0.13664716112315808,0.1631171663617408
11105,creasonPolitical persecution,0.13894723429337938,0.004363911041909769,31.840070285340236,5.709213029791655e-175,17515548899328647e158,0.12561273730839018,0.15228173127836858
11105,creasonReligious persecution,0.14266677516918,0.004391740076955396,32.48525018996223,9.468828808189605e-182,1056096820691381e166,0.12924724295309942,0.15608630738526058
11105,creligionChristian,0.04201209875663201,0.003623984407751527,11.59279236046661,1.5516447672166048e-24,6444774094742287e8,0.03093854370596291,0.05308565380730111
11105,creligionMuslim,-0.06338759955705697,0.0036535308041016202,-17.349682527897443,4.486583731350062e-54,2228867351817123e38,-0.07455143745933875,-0.0522237616547752
11105,clangFluent,0.0622909543323381,0.0036037517436044394,17.285029259544736,1.110581701306093e-53,9004290263597499e37,0.051279222814842935,0.07330268584983327
11105,clangNone,-0.05964049814415465,0.003604212505813075,-16.547442207684238,2.7439541276078142e-49,3644375793088795e33,-0.07065363758042333,-0.04862735870788597
11205,cconsistMinor inconsistencies,0.08227209883032455,0.003656837379225857,22.498156275065572,6.506099744644608e-90,15370191654733451e73,0.07110104498471903,0.09344315267593006
11205,cconsistNo inconsistencies,0.11039464498321794,0.0037438228546390296,29.487144362727044,1.8198202880194552e-151,5495048091195416e135,0.09895786441015487,0.121831425556281
11205,cgenderMale,-0.059130823051397774,0.0029195603032828006,-20.253331635215797,2.7936510082928802e-73,3579545179521444e57,-0.06804961324391351,-0.05021203285888204
11205,coriginEritrea,0.009048886991350216,0.005368776324998768,1.6854654475388846,0.7535109881690845,1.3271206600846601,-0.007351866772622149,0.02544964075532258
11205,coriginIraq,0.00148950245056019,0.005371638760759567,0.2772901374979224,1,0.4178680265206828,-0.014919995597255677,0.017899000498376057
11205,coriginKosovo,-0.014180126929635625,0.005455404207957984,-2.5992807112167036,0.1466774878167938,6.8176788059599245,-0.030845515033260544,0.002485261173989296
11205,coriginPakistan,-2.884419808553485e-4,0.005382481860818816,-0.05358902980333852,1,0.4051323504589839,-0.01673106396666837,0.016154180004957674
11205,coriginSyria,0.023914406909567837,0.00536899930828453,4.454164647156348,6.217328727731499e-4,1608.407796646885,0.007512971967289301,0.040315841851846376
11205,coriginUkraine,0.010812494970280237,0.005466564845025874,1.9779322621808322,0.4814806757648313,2.076926552475863,-0.005886987096162099,0.027511977036722573
11205,cage38 Years,-0.008365778717481686,0.0035659692659969007,-2.346004155799406,0.24756390923791646,4.039361000067944,-0.019259244997532357,0.002527687562568985
11205,cage62 Years,-0.0634853591258695,0.0037485805370929223,-16.935839712571124,1.164749019819073e-51,8585540601316288e35,-0.07493667365857065,-0.05203404459316834
11205,cjobCleaner,-0.02994356090847932,0.005062002282219086,-5.915359029698546,1.1212792655439318e-6,891838.4837116388,-0.04540716899301997,-0.014479952823938672
11205,cjobDoctor,0.051834958361127455,0.005022530423814845,10.320486684430355,1.4312492268298746e-19,6986903337687288e3,0.036491930496567286,0.06717798622568763
11205,cjobFarmer,-0.023036641465617517,0.005025231518241549,-4.584195052903473,3.8073152235085385e-4,2626.52273661353,-0.03838792074202722,-0.00768536218920781
11205,cjobTeacher,0.010559398287358267,0.005067546984696048,2.083729725495899,0.4023211355378828,2.485576599556598,-0.004921147977228308,0.02603994455194484
11205,cjobUnemployed,-0.08913980179982961,0.0050639949587712235,-17.60266400846879,1.0227423453343022e-55,9777633678335e42,-0.10460949719281533,-0.07367010640684389
11205,cvulnerNo surviving family,0.006972705272655516,0.004672709079325936,1.4922190006447753,0.9740504626555186,1.026640855211686,-0.007301674284537208,0.02124708482984824
11205,cvulnerNone,-0.023864770763669555,0.004713470734878855,-5.063099381751635,5.54107612111314e-5,18047.03595732432,-0.03826367066502756,-0.009465870862311548
11205,cvulnerPTSD,-0.02274307726134439,0.0046541717980428474,-4.886600290712993,1.1526572412398609e-4,8675.605932292116,-0.03696082838640039,-0.008525326136288388
11205,cvulnerVictim of torture,0.08306832206153826,0.0046963561729310155,17.68782413487497,3.027851286572005e-56,3302672110862335e40,0.06872170441209263,0.09741493971098389
11205,creasonEthnic persecution,0.14950469622878018,0.004311570862881224,34.675226497117826,5.547909317674188e-206,18024807954489477e189,0.13633353621438918,0.16267585624317119
11205,creasonPolitical persecution,0.1390884474741923,0.004338040957886546,32.06250213505474,1.2099660009494854e-177,8264695034532204e161,0.12583642554937494,0.15234046939900966
11205,creasonReligious persecution,0.14218395270061707,0.004373221673083547,32.5124046594152,2.129161366568632e-182,4696684881200927e166,0.12882445931260988,0.15554344608862425
11205,creligionChristian,0.04176185923463155,0.0036081213679442087,11.574405341698943,1.703578777695973e-24,58699956414839986e7,0.030739625018868483,0.052784093450394615
11205,creligionMuslim,-0.06313617778570745,0.0036376465032672573,-17.356325780693606,3.3530506882378803e-54,29823587323266123e37,-0.07424860657188435,-0.052023748999530536
11205,clangFluent,0.06233775425116166,0.0035872019232559295,17.377821372982734,2.4773073582799805e-54,4036640817529844e38,0.051379425596078034,0.0732960829062453
11205,clangNone,-0.059494500400507314,0.003588990883007983,-16.5769438652472,1.5432111547683916e-49,6479994632685778e33,-0.07045829404176489,-0.04853070675924974
11305,cconsistMinor inconsistencies,0.08247078491825274,0.003640445604562449,22.654035762790922,2.796293394937908e-91,35761626509231346e74,0.07135259049798182,0.09358897933852367
11305,cconsistNo inconsistencies,0.11025583003096702,0.0037331188196462455,29.534508639458462,3.2536889096596275e-152,3073434577691729e136,0.09885460464834304,0.121657055413591
11305,cgenderMale,-0.059222953064034876,0.002905280128534958,-20.384593031963206,2.4924662217503936e-74,4012090479997463e58,-0.06809589688001141,-0.05035000924805834
11305,coriginEritrea,0.00869822966469534,0.005338734446424875,1.6292680881552701,0.8162532979124567,1.2251099046796747,-0.0076066664884456275,0.025003125817836307
11305,coriginIraq,5.818883278701165e-4,0.005352267739710862,0.10871809038117197,1,0.40514494008579,-0.01576433951986109,0.01692811617560132
11305,coriginKosovo,-0.014748897850515254,0.0054297926949561474,-2.7162911512654664,0.11302069771228478,8.847936884496026,-0.0313318927368089,0.0018340970357783887
11305,coriginPakistan,-0.0011048909595584285,0.005359335669891053,-0.20616192521131807,1,0.41038434363783194,-0.017472704797145872,0.015262922878029014
11305,coriginSyria,0.023217385073052956,0.00534270497413283,4.345623646722389,9.190324588368148e-4,1088.1008503939706,0.006900362629945509,0.0395344075161604
11305,coriginUkraine,0.010493946922091494,0.005438021359444471,1.9297362456780638,0.5216766513177538,1.9168962181343612,-0.0061141789238532696,0.027102072768036257
11305,cage38 Years,-0.008777383457652128,0.003550137270650639,-2.472406779933747,0.19193144997855202,5.210193535826193,-0.019619769440366974,0.0020650025250627205
11305,cage62 Years,-0.06395203598356088,0.003729432904171393,-17.14792506711413,5.1237474826052735e-53,1951696494401652e37,-0.07534200430336409,-0.05256206766375766
11305,cjobCleaner,-0.03051776410222848,0.005036032936626343,-6.059881753408953,5.350719532743762e-7,1868907.5252038417,-0.04589818709938223,-0.015137341105074724
11305,cjobDoctor,0.051941333565403265,0.004999028003610089,10.390286577289306,7.385042987200546e-20,13540882588404142e3,0.0366739264142405,0.06720874071656603
11305,cjobFarmer,-0.0223025291761224,0.005007413607240235,-4.453901939291594,6.171470825805735e-4,1620.359276136482,-0.037595546590867855,-0.007009511761376945
11305,cjobTeacher,0.010888812385219906,0.0050503859541533485,2.1560356939186276,0.35425342871115145,2.822837886532843,-0.0045354458059504305,0.026313070576390242
11305,cjobUnemployed,-0.08903099096518716,0.005039002269006836,-17.66837683578475,3.2660862317320255e-56,30617685175743014e39,-0.10442048252654727,-0.07364149940382704
11305,cvulnerNo surviving family,0.006982463291223046,0.004649981920359881,1.5016108472702716,0.9649322769416803,1.0363421598554727,-0.00721893089428896,0.02118385747673505
11305,cvulnerNone,-0.023529810100857494,0.004688491691945816,-5.018631075166129,6.602844367705152e-5,15144.988194649126,-0.03784881602242622,-0.009210804179288767
11305,cvulnerPTSD,-0.022648518055228484,0.004637715810768352,-4.8835502172514955,1.1544876002996118e-4,8661.851368004998,-0.036812450620369606,-0.00848458549008736
11305,cvulnerVictim of torture,0.08351318239908492,0.004671762154576862,17.87616313413306,1.6338308548255188e-57,6120584618943267e41,0.06924526974170235,0.0977810950564675
11305,creasonEthnic persecution,0.14927577007204898,0.004285833572056444,34.83004357549585,3.905540663844636e-208,25604649549739793e191,0.13618651230444803,0.16236502783964993
11305,creasonPolitical persecution,0.13879407962300716,0.004317216465964305,32.14897393198137,6.722619515471083e-179,14875153914313499e162,0.1256089761392936,0.15197918310672073
11305,creasonReligious persecution,0.1426749312476981,0.004348763273585038,32.8081622916392,6.473731177192177e-186,15447042403044694e169,0.12939348144307627,0.1559563810523199
11305,creligionChristian,0.041691114382219244,0.0035942255620481736,11.599470779586108,1.2362322426581638e-24,8089094957188513e8,0.03071407944477176,0.05266814931966673
11305,creligionMuslim,-0.06402461440273356,0.0036230633800639453,-17.671403364079033,3.127394761479861e-56,3197549642011957e40,-0.07508972220328163,-0.0529595066021855
11305,clangFluent,0.062203785594314186,0.0035698843484801104,17.424594054649877,1.0520032406478175e-54,9505674140169052e38,0.05130109055210807,0.07310648063652031
11305,clangNone,-0.059787826779863024,0.003573801427948527,-16.729476437134643,1.6354101758632093e-50,6114673950051555e34,-0.07070248487709596,-0.04887316868263009
11405,cconsistMinor inconsistencies,0.08249216974691928,0.0036240512958331445,22.76241780621786,2.7808485222023914e-92,3596024709781799e76,0.07142673079305642,0.09355760870078214
11405,cconsistNo inconsistencies,0.11057003611439345,0.003715040705648675,29.762806083463104,9.39884971823248e-155,1063959984443774e139,0.09922677610404626,0.12191329612474064
11405,cgenderMale,-0.059441932224052335,0.002890654564578515,-20.5634851539999,9.961422420256648e-76,10038726979055626e59,-0.06826806602017874,-0.050615798427925934
11405,coriginEritrea,0.008861532236879154,0.0053137399905805426,1.6676638775302597,0.775691912065144,1.2891716214207714,-0.007363090618231774,0.02508615509199008
11405,coriginIraq,3.6062548407994046e-4,0.005324697124501116,0.06772694777709604,1,0.40243291494405253,-0.01589745316031488,0.016618704128474757
11405,coriginKosovo,-0.014229455052838196,0.005409792942525403,-2.630314173576409,0.1369318129834513,7.302904841556823,-0.030747359649657982,0.0022884495439815886
11405,coriginPakistan,-4.1999498625292127e-4,0.005340823645787966,-0.07863861720731966,1,0.40270254469971917,-0.016727313286014373,0.015887323313508527
11405,coriginSyria,0.02357717719484494,0.005322182715872191,4.429982669428354,6.690202249875231e-4,1494.72312293496,0.007326775879747425,0.03982757850994245
11405,coriginUkraine,0.010645705066170642,0.00541893986219773,1.9645364844209807,0.49358721251904175,2.025984414986078,-0.005900128131264259,0.02719153826360554
11405,cage38 Years,-0.008429864837705716,0.003535870815305385,-2.3840986501023083,0.22973310137391426,4.352877291167532,-0.019226059334315967,0.0023663296589045354
11405,cage62 Years,-0.06338000940940391,0.0037131842056794787,-17.068910643447584,1.2778892318039768e-52,7825404386484384e36,-0.07471760090531793,-0.052042417913489895
11405,cjobCleaner,-0.029764937286814737,0.005009634821290285,-5.94153832537208,9.508602558510839e-7,1051679.2492340873,-0.045061025496126214,-0.014468849077503261
11405,cjobDoctor,0.052283259892325434,0.004971584886497442,10.516417015089889,2.3231086581367748e-20,43045769576789385e3,0.03710335084171758,0.06746316894293329
11405,cjobFarmer,-0.021865767243489185,0.004986104405877625,-4.385340831955664,7.888092898854414e-4,1267.7335483019347,-0.03709000923594186,-0.006641525251036505
11405,cjobTeacher,0.011471987109890038,0.005030731868123614,2.2803813462173075,0.2813761720384546,3.553961207004173,-0.003888517429319803,0.026832491649099878
11405,cjobUnemployed,-0.08855683291165327,0.005013119816015898,-17.665014234994384,2.8072334681476933e-56,35622259827923524e39,-0.10386356197376811,-0.07325010384953842
11405,cvulnerNo surviving family,0.006794401391916584,0.004626804550960046,1.468486796250507,1,0.9921366004580083,-0.007332778145792823,0.02092158092962599
11405,cvulnerNone,-0.023616662527913106,0.004671844255789081,-5.055104844012874,5.597620802585377e-5,17864.732808233977,-0.037881363326665016,-0.009351961729161196
11405,cvulnerPTSD,-0.022224641909559934,0.004618438971051652,-4.812154506937053,1.5259370843612535e-4,6553.350136441523,-0.03632627853790257,-0.008123005281217297
11405,cvulnerVictim of torture,0.08419242562276398,0.004652537074652481,18.096024657482754,5.3689633445090115e-59,18625569515625913e42,0.06998667609616538,0.09839817514936258
11405,creasonEthnic persecution,0.1494888145603692,0.004270058536230452,35.008610137774795,1.4513801740382932e-210,6889993524009762e194,0.13645089975038674,0.16252672937035165
11405,creasonPolitical persecution,0.13871744411527956,0.004298775572015006,32.2690593615375,1.6383914789552152e-180,6103547368530562e164,0.125591846604234,0.15184304162632511
11405,creasonReligious persecution,0.14290785518737914,0.004332393704459325,32.985888387817646,3.451639275160373e-188,2897174125918871e172,0.1296796102903175,0.1561361000844408
11405,creligionChristian,0.04166209656905535,0.003573323647983458,11.659200417674626,6.424324323341638e-25,1556583929560776e9,0.030751546065915895,0.0525726470721948
11405,creligionMuslim,-0.06476597640006637,0.0036102005390730705,-17.939717115186966,5.282191163341307e-58,18931537482779005e41,-0.07578912436771454,-0.0537428284324182
11405,clangFluent,0.06239871521133461,0.003554218398525057,17.556241123851326,1.3323040396480993e-55,750579424996812e40,0.05154649941549451,0.07325093100717471
11405,clangNone,-0.059678959399460066,0.0035569362365081795,-16.77819208197179,7.041923669326644e-51,14200665144324422e34,-0.07053947366235644,-0.048818445136563686
11505,cconsistMinor inconsistencies,0.08242633881291955,0.0036082210038986384,22.84403830138423,4.456728748301231e-93,22437982127163772e76,0.07141182556153215,0.09344085206430695
11505,cconsistNo inconsistencies,0.11098996111764485,0.0036978794971302045,30.014488358471468,1.5097377290332473e-157,6623667016921838e141,0.09970175491321176,0.12227816732207794
11505,cgenderMale,-0.05974563115040167,0.0028784502956492007,-20.75617954588538,3.06754846248118e-77,3259932197423711e61,-0.06853243464459771,-0.05095882765620563
11505,coriginEritrea,0.008041484400353904,0.005289534189192363,1.5202632429873233,0.9467831981334033,1.0562080125328739,-0.008105432420310633,0.02418840122101844
11505,coriginIraq,-2.191139036944457e-5,0.005302468749042849,-0.004132299765727013,1,0.4001936845740554,-0.016208312455685322,0.016164489674946433
11505,coriginKosovo,-0.01452299018137532,0.0053847438577868095,-2.6970623979400266,0.11790011318123754,8.481756064667957,-0.030960545561945316,0.0019145651991946747
11505,coriginPakistan,-0.0012390137840874074,0.005317475066346958,-0.23300791609326627,1,0.40942026611129995,-0.01747122337405353,0.014993195805878715
11505,coriginSyria,0.022887882146621515,0.005301739228921853,4.317051661417896,0.0010041545726065416,995.8626164538023,0.0067037080261161675,0.03907205626712686
11505,coriginUkraine,0.010028456213994391,0.005391470026837859,1.8600597173079645,0.5845457570924693,1.7107300632443219,-0.006429631577994916,0.0264865440059837
11505,cage38 Years,-0.008672352147734073,0.003518469134080297,-2.464808363311382,0.194995158493565,5.1283324556645375,-0.01941288740321081,0.0020681831077426632
11505,cage62 Years,-0.06369706947636397,0.0037017347680938653,-17.207356406348776,1.5374053592741673e-53,6504465422652848e37,-0.07499704434271413,-0.05239709461001381
11505,cjobCleaner,-0.030144724819664452,0.004985250632888703,-6.046782206052716,5.511923453576688e-7,1814248.707229597,-0.04536278078079055,-0.014926668858538357
11505,cjobDoctor,0.05246466767019742,0.0049513960510368955,10.595934384851024,1.08562124444571e-20,9211315687826042e4,0.037349956748087505,0.06757937859230732
11505,cjobFarmer,-0.021641908772356288,0.004964030915902036,-4.359744961101565,8.597361654122727e-4,1163.1475331975432,-0.03679518908540323,-0.006488628459309344
11505,cjobTeacher,0.011728506229934767,0.005007187392412943,2.342334190988376,0.24965564288881473,4.005517313483495,-0.0035565142348099165,0.02701352669467945
11505,cjobUnemployed,-0.08804041146809985,0.004991542984840617,-17.63791511672438,3.404342407211566e-56,293742485444959e41,-0.10327767556361735,-0.07280314737258235
11505,cvulnerNo surviving family,0.006621430268164585,0.004603719650584486,1.438278342453788,1,0.9539384700563983,-0.007431958103070523,0.020674818639399694
11505,cvulnerNone,-0.023332601851983003,0.004649836910897122,-5.017939832965303,6.473170376440473e-5,15448.380651922362,-0.03752676851098995,-0.00913843519297606
11505,cvulnerPTSD,-0.02144612398625281,0.004597420809594232,-4.664816399120454,2.711821263005612e-4,3687.558666354224,-0.035480284414554114,-0.007411963557951507
11505,cvulnerVictim of torture,0.08433117582537394,0.00462808501571117,18.221613375530286,6.836513172027069e-60,14627339622363277e43,0.07020340935014444,0.09845894230060345
11505,creasonEthnic persecution,0.14978546978418655,0.004252102494650237,35.22621337859058,1.8833408750600452e-213,530971325075774e198,0.13680543357715322,0.1627655059912199
11505,creasonPolitical persecution,0.1385214788195202,0.004282864530247118,32.34318476366275,1.22086373115642e-181,819092233211634e166,0.12544753792972066,0.15159541970931975
11505,creasonReligious persecution,0.14306101356471151,0.004308598466933112,33.20360777701879,6.570113611851924e-191,15220436952506962e174,0.12990851684744686,0.15621351028197616
11505,creligionChristian,0.042169337327594286,0.003556136634939384,11.858188156573203,8.541221985136033e-26,11707926591069314e9,0.03131381765544496,0.05302485699974361
11505,creligionMuslim,-0.06446826390897867,0.0035975935830816846,-17.919829580570745,5.760210472422909e-58,1736047675319356e42,-0.07545033572529601,-0.053486192092661325
11505,clangFluent,0.0623845413679911,0.00353817273998562,17.631852923112127,3.7139797702220948e-56,26925294747639416e39,0.05158385856941492,0.07318522416656728
11505,clangNone,-0.05926600109525669,0.0035392861616917893,-16.74518487279575,9.282401827884184e-51,10773073807212443e34,-0.07007008274277358,-0.048461919447739796
11605,cconsistMinor inconsistencies,0.08246204673425085,0.003590180517422675,22.96877450425497,3.2236081227070625e-94,31021140347550627e77,0.07150510080107483,0.09341899266742687
11605,cconsistNo inconsistencies,0.11076974787086442,0.0036823853797224764,30.08097644554862,1.696189817571129e-158,5895566578933702e142,0.09953140001762001,0.12200809572410884
11605,cgenderMale,-0.05963714459720134,0.0028664068645603137,-20.805540669938793,1.0171123766727557e-77,9831755299952845e61,-0.06838519079851561,-0.05088909839588707
11605,coriginEritrea,0.00860224594536495,0.005268832951596579,1.632666289554363,0.8175919074769685,1.2231040826785213,-0.007477813957311891,0.02468230584804179
11605,coriginIraq,-6.635861197255132e-4,0.0052799484491587055,-0.12568041641225636,1,0.40139559821471277,-0.016777569638559683,0.015450397399108655
11605,coriginKosovo,-0.01425299675868882,0.005357259093094303,-2.660501669045919,0.12793992232963672,7.81616857186691,-0.030602926225519352,0.002096932708141711
11605,coriginPakistan,-9.808300426700095e-4,0.005294901384274308,-0.18524047408759003,1,0.40453376654007245,-0.01714044873244025,0.015178788647100231
11605,coriginSyria,0.022736994396627474,0.005281196632428114,4.305273213463703,0.0010403339904276948,961.2297677488044,0.006619201521541929,0.038854787271713015
11605,coriginUkraine,0.01047621009756992,0.005368205863216992,1.951529126211987,0.505676565266999,1.9775486322408407,-0.005907128042667183,0.026859548237807025
11605,cage38 Years,-0.008077296403842199,0.003506182528662416,-2.3037295799097004,0.26932498177186803,3.7129864204244183,-0.018777887143490962,0.002623294335806563
11605,cage62 Years,-0.06349793945668217,0.003682922688185062,-17.241181755019095,7.956053631215352e-54,12569045488538795e37,-0.07473792713270022,-0.05225795178066411
11605,cjobCleaner,-0.0304532839587031,0.004966275735386422,-6.132016340074109,3.5049618703797064e-7,2853098.0848920504,-0.0456099632559705,-0.015296604661435705
11605,cjobDoctor,0.0524959613097292,0.004929901582766336,10.648480588992191,6.403624880480004e-21,1561615520372333e5,0.037450293038701093,0.06754162958075731
11605,cjobFarmer,-0.021299496410765742,0.004944818807281185,-4.307437186455143,0.0010322267990305035,968.7793428142228,-0.03639069086681131,-0.006208301954720176
11605,cjobTeacher,0.0119156134082668,0.004985583611583269,2.3900137549759726,0.2271692732987486,4.402003781052324,-0.0032999919944002153,0.02713121881093382
11605,cjobUnemployed,-0.08777532517653631,0.004973652477932318,-17.648061573660026,2.4253240918821543e-56,4123160295760545e40,-0.10295451770645207,-0.07259613264662056
11605,cvulnerNo surviving family,0.006054588066649176,0.004588395222716869,1.3195437125104819,1,0.8292186681021253,-0.007948829903944469,0.02005800603724282
11605,cvulnerNone,-0.024245864731330762,0.004631539570623345,-5.234947118905342,2.517728320631639e-5,39718.34418374114,-0.03838095582672671,-0.010110773635934813
11605,cvulnerPTSD,-0.022029071231845488,0.004582115544311205,-4.807620196132997,1.523423709145314e-4,6564.161985906269,-0.036013324122456475,-0.008044818341234503
11605,cvulnerVictim of torture,0.08409662588624328,0.004607886130569097,18.250586820785202,3.6139029258180157e-60,27670914812235793e43,0.07003372321216773,0.09815952856031883
11605,creasonEthnic persecution,0.14941971142027957,0.004238870554666484,35.24988779281937,3.911753815529927e-214,25563980944555672e197,0.13648301498960688,0.16235640785095226
11605,creasonPolitical persecution,0.13820109113924645,0.004265435736216463,32.4002281796968,1.3853066759944618e-182,7218618211611057e166,0.1251833198833566,0.1512188623951363
11605,creasonReligious persecution,0.14231916263477482,0.004295014847034767,33.13589538183564,1.5804253885002435e-190,6327410374930496e174,0.12921111828080123,0.1554272069887484
11605,creligionChristian,0.04203288683062537,0.003542752378776276,11.864472121290117,7.402101778460045e-26,13509676439602305e9,0.03122068781152175,0.052845085849728995
11605,creligionMuslim,-0.06444389566269354,0.003582496751544571,-17.988542665086566,1.7261481647974525e-58,57932454489927336e41,-0.0753773913523843,-0.05351039997300277
11605,clangFluent,0.062173141915047116,0.003525045767711844,17.637541754643532,2.8217163179567e-56,3543942364568149e40,0.0514149820672752,0.07293130176281903
11605,clangNone,-0.05935993682085198,0.0035245741127912815,-16.841733191373287,2.0742925050000956e-51,4820920856578778e35,-0.0701166572152486,-0.048603216426455355
11705,cconsistMinor inconsistencies,0.08208915379375194,0.003575505760890302,22.958753050173165,2.750500443854079e-94,3635702012826334e78,0.0711794021715759,0.09299890541592798
11705,cconsistNo inconsistencies,0.11005466559842844,0.0036708391775295847,29.9807919322942,9.14020420962783e-158,10940674596161107e141,0.09885402816417947,0.12125530303267741
11705,cgenderMale,-0.0597591742038535,0.0028570407806635246,-20.916458248795074,1.1938545735236362e-78,837622958589103e63,-0.06847671163097982,-0.05104163677672718
11705,coriginEritrea,0.008169582453587149,0.005253964132429737,1.5549368529489866,0.9093785987285005,1.099652005664315,-0.007861560425163942,0.02420072533233824
11705,coriginIraq,-0.0015316717235450165,0.005260717648345612,-0.29115261945804977,1,0.4117399005423108,-0.017583421248221428,0.014520077801131393
11705,coriginKosovo,-0.014212573629934649,0.005332665043005208,-2.665191515933878,0.12654593580452725,7.90226879782752,-0.030483852434687906,0.0020587051748186085
11705,coriginPakistan,-0.0016728896436337562,0.00527560421726382,-0.317099155800849,1,0.4144854116896226,-0.017770061768709957,0.014424282481442443
11705,coriginSyria,0.022997902409504112,0.005260102084370683,4.372139939610236,8.094576524575342e-4,1235.395078376212,0.006948031122627648,0.03904777369638057
11705,coriginUkraine,0.010336143003474926,0.00534887844890237,1.9323944453432065,0.5224933522054627,1.9138999487342092,-0.00598460690917651,0.026656892916126364
11705,cage38 Years,-0.009029069911435527,0.003493522358025194,-2.5845175688354396,0.15123440090595372,6.6122521992986085,-0.01968866991249478,0.0016305300896237267
11705,cage62 Years,-0.06472002231068405,0.0036698654419425533,-17.63553005813371,2.4014907585558663e-56,4164080150786626e40,-0.07591768863703652,-0.05352235598433159
11705,cjobCleaner,-0.030696411999108372,0.004943885182945711,-6.208965391226694,2.310938699705567e-7,4327245.894178882,-0.04578142737916019,-0.015611396619056559
11705,cjobDoctor,0.05234693508494495,0.00491056658715509,10.660060128676895,5.4233896805464456e-21,18438652925622757e4,0.037363582974031556,0.06733028719585835
11705,cjobFarmer,-0.021579492247388005,0.004928971463087783,-4.378092348270445,7.919294643623685e-4,1262.7387223244207,-0.03661900218281366,-0.00653998231196235
11705,cjobTeacher,0.011711398710642544,0.004961800993788609,2.360312057114617,0.24114955482759348,4.146804254790916,-0.0034282822354793525,0.02685107965676444
11705,cjobUnemployed,-0.08828477118376542,0.004951900617980158,-17.82846183608913,1.4690308098251822e-57,6807209170235185e41,-0.10339424363680702,-0.07317529873072381
11705,cvulnerNo surviving family,0.006628787549560292,0.004566714243678795,1.451544194764496,1,0.9647572563015577,-0.007305386091816685,0.02056296119093727
11705,cvulnerNone,-0.02461567220767509,0.00460668297815727,-5.343469981414189,1.535828606376527e-5,65111.43208611638,-0.038671800334647496,-0.010559544080702686
11705,cvulnerPTSD,-0.021745843897318217,0.004559274331555352,-4.769584437332998,1.7582503027670454e-4,5687.472360597638,-0.03565731652832474,-0.007834371266311693
11705,cvulnerVictim of torture,0.08397255406045996,0.004587398797825443,18.305047753917826,1.3076377038726493e-60,7647378146396656e44,0.0699752667330071,0.09796984138791283
11705,creasonEthnic persecution,0.14907187922901338,0.004220375632172604,35.32194577482971,2.2860208887905924e-215,437441322125908e200,0.13619447027531545,0.16194928818271132
11705,creasonPolitical persecution,0.13794507864853095,0.004247739014780348,32.47494212062935,1.0182027026950966e-183,9821227122586538e167,0.12498417725271241,0.1509059800443495
11705,creasonReligious persecution,0.1422336462968582,0.004275470029044154,33.26737068220232,2.5751615804051055e-192,3883251472875296e176,0.12918813072389068,0.1552791618698257
11705,creligionChristian,0.04156622682846549,0.0035288142193517715,11.779091854855718,1.5800449236624673e-25,6328933975383742e9,0.030798942637502602,0.052333511019428375
11705,creligionMuslim,-0.06435467262420155,0.003568630521043342,-18.033436704841755,7.315839796046129e-59,13668970724870896e42,-0.07524344619065924,-0.053465899057743856
11705,clangFluent,0.06186132416637028,0.0035071230449059583,17.638766411752474,2.29207104902674e-56,43628665019987945e39,0.05116022510876268,0.07256242322397788
11705,clangNone,-0.05937787933803072,0.003509454573126336,-16.919403884785147,5.9680361056266535e-52,16755930800371698e35,-0.07008609246438424,-0.048669666211677204
11805,cconsistMinor inconsistencies,0.08187952683045258,0.003560635739334902,22.99576053959033,9.925987873607033e-95,10074563990340713e78,0.07101746963798355,0.0927415840229216
11805,cconsistNo inconsistencies,0.10988633076458443,0.0036544532652712748,30.069157487618718,6.266385380359193e-159,15958163108421515e142,0.09873807430687769,0.12103458722229117
11805,cgenderMale,-0.05961157165417121,0.0028446542898425565,-20.955647182515996,4.6776902533218767e-79,21378072207535477e62,-0.0682894594953026,-0.05093368381303983
11805,coriginEritrea,0.008012765500096272,0.005228475202260748,1.532524338382942,0.9383797425871109,1.0656666535053305,-0.00793719423573747,0.023962725235930012
11805,coriginIraq,-0.0016639959439462362,0.005233781318902391,-0.3179337925213893,1,0.4131180622268966,-0.01763014249209406,0.01430215060420159
11805,coriginKosovo,-0.013989105224674721,0.005308122639820251,-2.635414848883076,0.13519086355559656,7.396949569663448,-0.030182037026549265,0.0022038265771998217
11805,coriginPakistan,-0.0018165568378406805,0.005254511760811074,-0.3457137257525676,1,0.4163421410108079,-0.01784594356614783,0.01421282989046647
11805,coriginSyria,0.02234470076945553,0.0052388515623326415,4.265190663181602,0.0011855114882494766,843.5177641986393,0.00636308696260704,0.03832631457630402
11805,coriginUkraine,0.01049489360497685,0.005327904519984844,1.9697976128533745,0.4920437902190389,2.0323394378269435,-0.00575838469944741,0.02674817190940111
11805,cage38 Years,-0.009221218560791338,0.003480055815986431,-2.6497329492336203,0.13094794079092223,7.63662256893866,-0.019837459050836496,0.0013950219292538212
11805,cage62 Years,-0.06437779796721514,0.0036586364053284417,-17.596118016388633,3.5142942254584785e-56,28455215637772583e39,-0.0755388154906055,-0.05321678044382479
11805,cjobCleaner,-0.030942044033931988,0.004920933421394495,-6.287840412432083,1.4996159070693073e-7,6668374.183588753,-0.04595381838451568,-0.0159302696833483
11805,cjobDoctor,0.052281792279018996,0.004887919495691806,10.696123846781841,3.694854930128137e-21,27064662047917536e4,0.037370730041491135,0.06719285451654686
11805,cjobFarmer,-0.02175167926848441,0.004902734833648656,-4.436641998094078,6.326898931599763e-4,1580.5531442986858,-0.036707937100280814,-0.006795421436688008
11805,cjobTeacher,0.011668054775638275,0.004939159075367288,2.362356546447253,0.24027590698461346,4.161882115230292,-0.0033993186618263456,0.026735428213102895
11805,cjobUnemployed,-0.08767711386568053,0.004923186417601435,-17.809017662263663,1.6095883799727386e-57,6212768509281465e41,-0.10269576119498086,-0.0726584665363802
11805,cvulnerNo surviving family,0.0070189926591533855,0.004545267445521783,1.54424194907801,0.9242252739474872,1.0819872905323926,-0.006846776984990917,0.020884762303297687
11805,cvulnerNone,-0.024777074121647803,0.004584472716774228,-5.404563545768398,1.150643733650071e-5,86907.87345860746,-0.03876244316594581,-0.01079170507734979
11805,cvulnerPTSD,-0.022400519122350415,0.004536701761202619,-4.937622154032082,8.770025966293418e-5,11402.474791333394,-0.03624015833367915,-0.00856087991102168
11805,cvulnerVictim of torture,0.08372988809852513,0.004569295691360603,18.324462620538533,7.98080679281753e-61,12530061508317278e44,0.06979081801040318,0.09766895818664709
11805,creasonEthnic persecution,0.1488928716111332,0.0042031953921980265,35.42373306925208,6.074622527943113e-217,16461928216938994e200,0.1360706252249569,0.16171511799730953
11805,creasonPolitical persecution,0.13771107054900025,0.004228048711323837,32.57083348641974,4.418541480241153e-185,22631902506105306e168,0.12481300675449289,0.15060913434350762
11805,creasonReligious persecution,0.14166128713101556,0.004258151529642247,33.268258807811236,1.1290003615042573e-192,885739308947271e177,0.12867139183276383,0.1546511824292673
11805,creligionChristian,0.04155174182256821,0.003512162443444096,11.830814346338078,8.795581346309778e-26,11369345136232004e9,0.030837557018857424,0.052265926626279
11805,creligionMuslim,-0.06511570751816997,0.003554180624730825,-18.3208774098535,8.420495209764694e-61,11875786103890491e44,-0.0759580727710118,-0.05427334226532815
11805,clangFluent,0.062323297245907947,0.0034897571947710097,17.858920769414006,7.77390139062002e-58,12863553957689747e41,0.051677461779314135,0.07296913271250176
11805,clangNone,-0.059597352612246676,0.003494029268223879,-17.05691281817505,7.40501326184772e-53,13504364741008946e36,-0.07025622044428659,-0.04893848478020676
11905,cconsistMinor inconsistencies,0.082155547662818,0.0035469314063726145,23.162429224092907,3.241927031305268e-96,3084585156740493e80,0.0713375368482542,0.09297355847738181
11905,cconsistNo inconsistencies,0.10968491880567029,0.0036408787845108857,30.125946316118657,8.944313337323665e-160,11180288103583164e143,0.09858037193042209,0.12078946568091849
11905,cgenderMale,-0.059617738496743754,0.002830260519986542,-21.064399575847965,5.610833020473723e-80,17822665482131384e63,-0.06824992936974394,-0.05098554762374356
11905,coriginEritrea,0.0074546141285078,0.005208496736559005,1.431241009749138,1,0.9367198508937924,-0.008431110056200716,0.023340338313216316
11905,coriginIraq,-0.0020992938281381777,0.005210831424058613,-0.4028711845187806,1,0.42245401729239335,-0.017992138724167474,0.013793551067891117
11905,coriginKosovo,-0.014252828016951612,0.005282265036361676,-2.6982417426689156,0.11732987688780126,8.522978345543372,-0.030363542812869442,0.0018578867789662175
11905,coriginPakistan,-0.0020722623798080913,0.005228732328859243,-0.3963221388041867,1,0.4215214656835536,-0.01801970437951291,0.013875179619896727
11905,coriginSyria,0.02185629566074556,0.005214422522174676,4.191508372748895,0.001531445569404405,652.9778269487634,0.005952498047055603,0.03776009327443552
11905,coriginUkraine,0.009805356920723913,0.005310373806906931,1.8464532398774993,0.6010319049638785,1.6638051852839646,-0.006391088595330297,0.026001802436778125
11905,cage38 Years,-0.008586205305190737,0.003465866064818648,-2.477362120927778,0.1900645075981575,5.261371587136314,-0.019156969798598884,0.001984559188217409
11905,cage62 Years,-0.06387184826879184,0.0036467433447584163,-17.51476378522688,9.43037326412553e-56,10604034135150738e39,-0.07499428183789221,-0.05274941469969147
11905,cjobCleaner,-0.03173510678071152,0.004898519458754986,-6.478509894248202,5.2878264518322685e-8,18911361.957680985,-0.04667541162702287,-0.016794801934400173
11905,cjobDoctor,0.05180747955811148,0.004866329267263863,10.64611059235634,5.422457197041756e-21,18441823764797152e4,0.03696535361626053,0.06664960549996243
11905,cjobFarmer,-0.021820873012543936,0.00487776706138054,-4.473537325164527,5.467552096016664e-4,1828.9720563038459,-0.03669788380732062,-0.0069438622177672524
11905,cjobTeacher,0.011450199382037674,0.00491555620167227,2.3293802190975503,0.2566036095487732,3.8970613147588162,-0.003542066905871614,0.02644246566994696
11905,cjobUnemployed,-0.08848804980340343,0.004900867335713066,-18.05558970319049,3.567836395745252e-59,2802819101213634e43,-0.10343551558840058,-0.07354058401840627
11905,cvulnerNo surviving family,0.006534660130200382,0.004527941842106281,1.4431855262435587,1,0.9503953632616834,-0.007275396564895432,0.020344716825296195
11905,cvulnerNone,-0.02544119845844987,0.004563366733243071,-5.575093992143262,5.1646337279706385e-6,193624.5729458407,-0.03935929977339202,-0.011523097143507724
11905,cvulnerPTSD,-0.02289451979273628,0.004518272382844233,-5.067095972271658,5.0311355684662936e-5,19876.228465551823,-0.03667508499141356,-0.009113954594059
11905,cvulnerVictim of torture,0.08355752999360935,0.004550998912932302,18.360261470546366,3.815741455331434e-61,26207226346606347e44,0.06967715007740474,0.09743790990981396
11905,creasonEthnic persecution,0.14853747686835783,0.004184248309232357,35.49920222005384,3.2391119260725934e-218,3087265963089132e202,0.13577567285411332,0.16129928088260234
11905,creasonPolitical persecution,0.13742147727688103,0.004207140406428112,32.663867615854706,2.048115888558694e-186,4882536215778897e170,0.1245898532050547,0.15025310134870737
11905,creasonReligious persecution,0.14124980741732243,0.004239126666258328,33.32049701218218,1.3618345164152582e-193,7343036088057812e177,0.1283206264251285,0.15417898840951635
11905,creligionChristian,0.04139300425925014,0.0034988321338062884,11.830520206815343,8.164098272314773e-26,12248750157639507e9,0.030721694463448714,0.05206431405505156
11905,creligionMuslim,-0.06532946862825668,0.003537707849519769,-18.466609286893185,7.69800551154538e-62,12990377812801142e45,-0.07611934793241024,-0.054539589324103126
11905,clangFluent,0.062321468832906256,0.0034718656067132237,17.950426627229184,1.680700520291483e-58,5949899984719292e42,0.05173240595656876,0.07291053170924375
11905,clangNone,-0.05965400493403782,0.0034795831227412495,-17.14400916137385,1.8360000015134317e-53,5446623089192216e37,-0.07026660595145771,-0.04904140391661794
12005,cconsistMinor inconsistencies,0.0821704579250027,0.003532539483365682,23.261016136389653,3.68805078388083e-97,27114594093190027e80,0.07139850183594451,0.09294241401406089
12005,cconsistNo inconsistencies,0.10981977820329694,0.0036238867338937086,30.304417954393504,7.336949133450094e-162,13629643354631851e145,0.09876927219960153,0.12087028420699235
12005,cgenderMale,-0.059356468763730845,0.0028184307572068127,-21.060112479951673,4.6081201150489094e-80,21700823221475124e63,-0.06795085603092052,-0.05076208149654117
12005,coriginEritrea,0.00770206944966434,0.005186723211071454,1.4849586407895623,1,0.9984342926860399,-0.008114074980950337,0.023518213880279016
12005,coriginIraq,-0.0021034710040104105,0.005189108369871619,-0.40536270474198083,1,0.4213597585797804,-0.017926888623214142,0.013719946615193322
12005,coriginKosovo,-0.013972557285433609,0.00525697990174128,-2.657905783662108,0.1284838731420925,7.783077950133734,-0.030002939091291113,0.002057824520423893
12005,coriginPakistan,-0.0019209322399548836,0.005205167653407113,-0.36904329848002326,1,0.41637908830000053,-0.017793320266391337,0.01395145578648157
12005,coriginSyria,0.02182463353754159,0.005194050021328827,4.201852783073131,0.0014673052381042207,681.5214544534812,0.005986147083932712,0.03766311999115047
12005,coriginUkraine,0.0105098924013796,0.005292625523757416,1.9857615760274432,0.4804331008526978,2.0814552499091916,-0.005629185450745203,0.026648970253504402
12005,cage38 Years,-0.008792396830714517,0.00345297036097941,-2.5463284973638225,0.16420904338150485,6.089798584824055,-0.01932171866290852,0.001736925001479487
12005,cage62 Years,-0.06410173509472127,0.003629329723551292,-17.662141490963197,9.38309209503704e-57,10657467600993981e40,-0.07516883868943038,-0.053034631500012155
12005,cjobCleaner,-0.031163577685982456,0.004879129651950762,-6.38711817660404,8.506263626875944e-8,11756042.88633205,-0.046041761103641,-0.016285394268323913
12005,cjobDoctor,0.05211728338685715,0.0048470757207716,10.752314671610014,1.9730895746875495e-21,50681936229801224e4,0.0373368436860826,0.0668977230876317
12005,cjobFarmer,-0.021892512196191895,0.004853912186088377,-4.510281883330571,4.721123377761108e-4,2118.139942519843,-0.03669379868567,-0.007091225706713793
12005,cjobTeacher,0.011537346009887295,0.004889868642148338,2.3594388426799173,0.24190255083565465,4.1338960525446735,-0.003373584368249352,0.02644827638802394
12005,cjobUnemployed,-0.08766110328684407,0.004882032619486112,-17.95586185494831,1.2838693193744693e-58,7788954723890614e42,-0.10254813887415733,-0.0727740676995308
12005,cvulnerNo surviving family,0.006114991154823215,0.004506190345794619,1.3570201623928297,1,0.856193655906997,-0.0076259690700827085,0.01985595137972914
12005,cvulnerNone,-0.02596905971463953,0.004550912369184663,-5.7063414119951785,2.7294667711062795e-6,366371.9267755329,-0.039846393127853715,-0.012091726301425349
12005,cvulnerPTSD,-0.02292352035169029,0.004496671845893373,-5.097885978187491,4.362372625230971e-5,22923.305409909906,-0.036635455320557966,-0.009211585382822617
12005,cvulnerVictim of torture,0.08343038716755238,0.004530956874980107,18.413414532425602,1.4048032494393056e-61,711843455942408e46,0.06961390507909172,0.09724686925601304
12005,creasonEthnic persecution,0.1489032655127604,0.004169323891212134,35.714007689978295,4.1186046788449984e-221,2428006759513601e205,0.1361895296610643,0.1616170013644565
12005,creasonPolitical persecution,0.13718058247620102,0.004192247032633251,32.72244727191914,2.2409625882300966e-187,446236811472072e172,0.12439694589898598,0.14996421905341606
12005,creasonReligious persecution,0.1412066249026037,0.004224654329624346,33.42442100231185,4.419326431934399e-195,22627882674018413e178,0.12832416707178426,0.15408908273342312
12005,creligionChristian,0.04111303688410545,0.0034824754735264256,11.805693161845458,9.662655363253444e-26,10349122082972615e9,0.030493743580040915,0.05173233018816998
12005,creligionMuslim,-0.06536061524450743,0.003522096407490821,-18.557304424006674,1.5924104088770427e-62,627978814020183e47,-0.0761007267199984,-0.05462050376901645
12005,clangFluent,0.06187888611230913,0.0034562747040040253,17.90334721965927,2.77893212680656e-58,3598504585101763e42,0.05133948817533782,0.07241828404928043
12005,clangNone,-0.05994513881994825,0.003463615194763771,-17.30710123646882,1.5368287584281384e-54,650690582484151e39,-0.07050692049658006,-0.049383357143316445
12105,cconsistMinor inconsistencies,0.08189178961764558,0.003520338547246685,23.26247561664048,2.5721763436950273e-97,3887758327500449e81,0.07115912208105091,0.09262445715424025
12105,cconsistNo inconsistencies,0.10951343358663172,0.003608350946215187,30.349995113834694,1.3538905266891415e-162,7386121553309339e146,0.09851243736387537,0.12051442980938808
12105,cgenderMale,-0.05936647762000956,0.002804996100913872,-21.164549070377628,5.894040311470148e-81,1696629047571903e65,-0.06791823768186458,-0.05081471755815453
12105,coriginEritrea,0.00788816870591168,0.005162184054339071,1.5280680856935516,0.9501944786506361,1.0524161342424263,-0.00785009182623628,0.023626429238059642
12105,coriginIraq,-0.0019821921340995494,0.005167893943381389,-0.3835589808568299,1,0.4168744572605661,-0.017737860747867946,0.013773476479668848
12105,coriginKosovo,-0.01290057082934328,0.005231103857288571,-2.4661278348294946,0.1946521780736818,5.137368663922525,-0.028848951303598262,0.003047809644911704
12105,coriginPakistan,-0.0020575240439996566,0.005182572237573198,-0.3970082711211985,1,0.4187311562798787,-0.017857943254749195,0.013742895166749883
12105,coriginSyria,0.02131906196413209,0.005171997344437464,4.122017190720517,0.0019313139382167732,517.7822104485629,0.005550883065141662,0.03708724086312252
12105,coriginUkraine,0.010276443163469807,0.005272756654808985,1.9489697394051442,0.5114882149554643,1.9550792584479604,-0.005798926695969549,0.026351813022909162
12105,cage38 Years,-0.008416089160891841,0.003437022909892823,-2.448656695498803,0.20185354654992765,4.954086847082739,-0.018894747310514947,0.0020625689887312643
12105,cage62 Years,-0.06416559408568252,0.003613510234731616,-17.757136390246934,1.965958806068979e-57,5086576569727542e41,-0.07518231974117072,-0.053148868430194326
12105,cjobCleaner,-0.0312190900183318,0.004859879171079499,-6.423840782732315,6.845821236045527e-8,14607451.254126638,-0.04603569549850993,-0.016402484538153673
12105,cjobDoctor,0.05249997352614971,0.004827182946062522,10.875903008601185,6.062316035054671e-22,1649534590769618e6,0.037783050990693866,0.06721689606160555
12105,cjobFarmer,-0.021926801286778246,0.004832010015262791,-4.537821986609799,4.217420450748983e-4,2371.11763381905,-0.03665844039798592,-0.0071951621755705734
12105,cjobTeacher,0.011303932409171293,0.004868196527809532,2.3219959064096267,0.26065455687326095,3.8364953676456683,-0.0035380306959535944,0.02614589551429618
12105,cjobUnemployed,-0.08814233054359118,0.004861777909916032,-18.129649724191843,8.115163941223949e-60,1232260995887136e44,-0.10296472482288559,-0.07331993626429677
12105,cvulnerNo surviving family,0.006998969845470192,0.004489942722436882,1.5588104967342555,0.9127880051557081,1.0955446328738891,-0.0066897881678627215,0.020687727858803105
12105,cvulnerNone,-0.025856962008608236,0.0045329632345449955,-5.704207307828226,2.7186524388660704e-6,367829.291344462,-0.03967687924072468,-0.012037044776491791
12105,cvulnerPTSD,-0.022101263165585836,0.004478196127466153,-4.935304871984502,8.59558988490718e-5,11633.87287422681,-0.03575420862941084,-0.00844831770176083
12105,cvulnerVictim of torture,0.08334106474468117,0.004510805407066607,18.47587231630951,4.483838208880786e-62,22302321212647202e45,0.06958870141184659,0.09709342807751575
12105,creasonEthnic persecution,0.14849671609306703,0.004146624961661433,35.81146534013259,1.1964765646925487e-222,8357873689376974e206,0.13585465155434123,0.16113878063179282
12105,creasonPolitical persecution,0.13697842440016347,0.0041754749759015716,32.80547127948887,1.3285095646793036e-188,7527232220126286e172,0.12424840309048803,0.14970844570983893
12105,creasonReligious persecution,0.1411449481415011,0.004201530739182644,33.59369641764399,2.6672892684017817e-197,3749124670678078e181,0.12833548906157863,0.1539544072214236
12105,creligionChristian,0.040912117661680215,0.0034685321725978603,11.795225076732637,9.940737346766535e-26,1005961595318957e10,0.030337395330616128,0.0514868399927443
12105,creligionMuslim,-0.06519492058811281,0.003508097790783909,-18.58412292821078,8.66084108969512e-63,11546222701047181e46,-0.07589026899538279,-0.05449957218084284
12105,clangFluent,0.061372359979386816,0.003445638551223313,17.811607069928343,8.868290031620444e-58,11276130983926295e41,0.05086743480664259,0.07187728515213104
12105,clangNone,-0.060363102123070785,0.003449561134271401,-17.49877731499325,8.31451159197136e-56,12027164661910121e39,-0.07087998631031739,-0.04984621793582418
12205,cconsistMinor inconsistencies,0.0818063809180663,0.0035055821885163307,23.33603279536551,4.6524241449852634e-98,2149417097058694e82,0.0711207102041536,0.092492051631979
12205,cconsistNo inconsistencies,0.10939603043117375,0.0035918463474499977,30.456767870607433,5.875893080147586e-164,17018689522765837e147,0.09844741041320611,0.1203446504491414
12205,cgenderMale,-0.05907616046436745,0.0027945944791523156,-21.139439337290547,6.962505850868757e-81,1436264502205371e65,-0.06759460755169093,-0.05055771337704397
12205,coriginEritrea,0.008036690676385051,0.005139917137865809,1.5635837039431413,0.9090296645647878,1.1000741108693803,-0.0076307388912200715,0.023704120243990174
12205,coriginIraq,-6.367059985770345e-4,0.00514644003296295,-0.12371775333996558,1,0.39288260906424266,-0.016324018571446667,0.015050606574292597
12205,coriginKosovo,-0.01281856984793393,0.005212133587826372,-2.459370933598747,0.197463215436994,5.064234357710422,-0.028706128673079846,0.0030689889772119866
12205,coriginPakistan,-0.0015912053480973156,0.005166571339588344,-0.30798091103569236,1,0.40635470192281203,-0.01733988191190245,0.01415747121570782
12205,coriginSyria,0.021172670311611658,0.005151033483047156,4.110373264179737,0.002000016171666982,499.9959571159446,0.0054713560430461085,0.03687398458017721
12205,coriginUkraine,0.010939915038634349,0.005252501771818094,2.082800827851529,0.40755330038144716,2.4536667941691452,-0.005070693567762527,0.026950523645031227
12205,cage38 Years,-0.00877670473916023,0.0034251764079377993,-2.562409550299464,0.15859700066827787,6.305289480799225,-0.019217283582863218,0.001663874104542759
12205,cage62 Years,-0.06425083696132539,0.003599831672266394,-17.8482892565013,4.3206268393085814e-58,23144789799991786e41,-0.0752237977440913,-0.05327787617855948
12205,cjobCleaner,-0.030908337940345646,0.004849547111790277,-6.373448329886502,8.821228632734596e-8,11336289.326966444,-0.045690665314655286,-0.016126010566036006
12205,cjobDoctor,0.053007557925017754,0.004808005395263469,11.024854085487782,1.4524222897466421e-22,6885049940774719e6,0.03835185747879735,0.06766325837123816
12205,cjobFarmer,-0.021774825193562185,0.00481615969364901,-4.521200827762478,4.460993514512451e-4,2241.6531132511445,-0.03645538146764944,-0.007094268919474924
12205,cjobTeacher,0.012107715866238798,0.004848826576436621,2.4970404025331625,0.18244757510010182,5.481026532971673,-0.002672415181437248,0.026887846913914843
12205,cjobUnemployed,-0.08798649303799726,0.004841572173325222,-18.17312432576371,3.514820744288491e-60,2845095305713609e44,-0.10274451130705173,-0.07322847476894279
12205,cvulnerNo surviving family,0.007321848056159992,0.004468780547968214,1.6384443088146186,0.8212296064477135,1.2176862501652497,-0.006299831556645416,0.0209435276689654
12205,cvulnerNone,-0.025448043788780447,0.0045174890462449414,-5.633227558112963,3.766621573243878e-6,265489.9040305722,-0.0392181960219852,-0.01167789155557569
12205,cvulnerPTSD,-0.02170123486123643,0.0044614312416579585,-4.864186779032777,1.1431711645401678e-4,8747.596431915274,-0.035300512412705404,-0.008101957309767458
12205,cvulnerVictim of torture,0.08376960453514744,0.004487628494220912,18.666786843657945,2.0068503950528217e-63,4982932472022556e47,0.07009047285405232,0.09744873621624256
12205,creasonEthnic persecution,0.14816367335040231,0.0041301053407562785,35.87406642835689,8.891780576550055e-224,1124634139800144e208,0.13557433916515185,0.16075300753565278
12205,creasonPolitical persecution,0.13670524445644114,0.004161257402878722,32.851907781977054,1.978810430737729e-189,5053541180431243e173,0.12402095295454574,0.14938953595833654
12205,creasonReligious persecution,0.14123405219321308,0.004182702712796477,33.76621813477789,1.4432281432049477e-199,6928911445555102e183,0.12848439137238127,0.1539837130140449
12205,creligionChristian,0.04093296610446418,0.00345310576341975,11.853956672304939,5.165414301204607e-26,19359531330658097e9,0.030407253357208855,0.05145867885171951
12205,creligionMuslim,-0.06500388172970124,0.0034981294060468858,-18.5824691383158,7.282054067293012e-63,137323891138278e48,-0.07566683496757479,-0.0543409284918277
12205,clangFluent,0.06078697457696649,0.0034297964382021704,17.72320184950387,2.696296879205406e-57,37087904069921943e40,0.050332313016202945,0.07124163613773003
12205,clangNone,-0.06053084078659685,0.003437820960850482,-17.607327861431777,1.4545026740861643e-56,687520221046194e41,-0.07100996259448769,-0.05005171897870601
12305,cconsistMinor inconsistencies,0.082220703856024,0.0034931712343281227,23.53755322614133,7.425101060362784e-100,13467830159757326e83,0.07157480058096939,0.0928666071310786
12305,cconsistNo inconsistencies,0.10991616709181457,0.0035769456460901104,30.729057125025587,4.845598039950779e-167,20637287528912695e150,0.09901495017058703,0.1208173840130421
12305,cgenderMale,-0.059409800284344505,0.0027820811848514467,-21.35444522892914,1.3006000846105905e-82,7688758534099339e66,-0.06788856219163888,-0.05093103837705012
12305,coriginEritrea,0.007450149374431692,0.005118440677768365,1.4555505950847416,1,0.9558198625237673,-0.008148978386365763,0.023049277135229147
12305,coriginIraq,-6.092034175567716e-4,0.0051259611840069295,-0.1188466700562413,1,0.3913322717756411,-0.016231250919937008,0.015012844084823465
12305,coriginKosovo,-0.01332538658327416,0.00518818434809804,-2.56841038968848,0.1565403052050781,6.388131150568118,-0.02913706744226516,0.0024862942757168417
12305,coriginPakistan,-0.0018152152193142122,0.005143357764531969,-0.35292416013362654,1,0.41010818263059956,-0.017490281111336,0.013859850672707575
12305,coriginSyria,0.020557097606077105,0.005130767604169555,4.006631988042341,0.0028419823105419913,351.86707401049625,0.004920401899896339,0.036193793312257874
12305,coriginUkraine,0.011202507880894878,0.005225691586952872,2.1437368996028177,0.3658044864927951,2.733700752518507,-0.004723481269953939,0.027128497031743696
12305,cage38 Years,-0.008838960695128155,0.0034133031869526087,-2.5895621370276114,0.14946209092210255,6.690659777543091,-0.019241455488293452,0.001563534098037141
12305,cage62 Years,-0.0641117518293026,0.0035850349507661108,-17.88315949767857,2.1617004125911998e-58,46259879221714825e41,-0.07503762198089481,-0.053185881677710385
12305,cjobCleaner,-0.030863117791280682,0.004832201817540981,-6.386967878544932,8.053425827131618e-8,12417075.93097892,-0.04558989460930257,-0.01613634097325879
12305,cjobDoctor,0.05306670800641343,0.004785757993826272,11.088464580714401,7.560834171452153e-23,13226053862889278e6,0.03848147490950418,0.06765194110332268
12305,cjobFarmer,-0.021439330065610742,0.004795318467361041,-4.470887640004696,5.363759806705946e-4,1864.3638716815165,-0.03605369997537206,-0.006824960155849423
12305,cjobTeacher,0.011889950045413787,0.004828860512765607,2.462268275089214,0.19632714095361622,5.09353925872255,-0.0028266437025365517,0.026606543793364128
12305,cjobUnemployed,-0.08826320990604695,0.004826571217459258,-18.286938269297796,5.288047066233755e-61,18910572986110326e44,-0.10297282672250309,-0.07355359308959082
12305,cvulnerNo surviving family,0.0074412693868326895,0.004450279804517494,1.6720902311083972,0.784930131967941,1.2739987411272462,-0.006121549372304004,0.021004088145969383
12305,cvulnerNone,-0.0250573889367067,0.004500773387247698,-5.567351826177975,5.078540518526213e-6,196906.96497390533,-0.03877409359541628,-0.01134068427799712
12305,cvulnerPTSD,-0.02103753738441429,0.004440993492160222,-4.737124119085581,1.8990697904740103e-4,5265.735914583733,-0.03457205487329949,-0.00750301989552909
12305,cvulnerVictim of torture,0.08413561637488418,0.0044668045257261505,18.83575067821142,1.2192763508338412e-64,8201586123737395e48,0.07052243633316684,0.09774879641660152
12305,creasonEthnic persecution,0.1484393993033492,0.004112410933069406,36.095468502355516,8.790761479454471e-227,11375578808925401e210,0.1359062808033182,0.1609725178033802
12305,creasonPolitical persecution,0.13707244397263305,0.004141463095451518,33.09758914021879,1.879898363596597e-192,53194365151040026e175,0.12445078514923864,0.14969410279602746
12305,creasonReligious persecution,0.14148515884620844,0.004166336166511994,33.959131762682055,4.477338216368162e-202,22334698690936954e185,0.12878769603529083,0.15418262165712604
12305,creligionChristian,0.041214061668995494,0.0034413625567154445,11.976088246956351,1.4186749685348537e-26,7048830931532942e10,0.030726052219829776,0.05170207111816121
12305,creligionMuslim,-0.06439342980073345,0.0034861478224911453,-18.47122757827261,3.2597212717113667e-62,3067746953330755e46,-0.07501792829541469,-0.05376893130605222
12305,clangFluent,0.06083671266970132,0.0034151235667065727,17.813912580729884,5.9861625139474706e-58,16705192979142283e41,0.05042867002746578,0.07124475531193686
12305,clangNone,-0.060673296995410644,0.0034253123173325502,-17.713216014900432,2.615280981592633e-57,3823680923917506e41,-0.07111239120837706,-0.050234202782444226
12405,cconsistMinor inconsistencies,0.0813979651736898,0.0034813385306128462,23.381226633929423,1.036734766440427e-98,9645668616221351e82,0.0707899909863044,0.0920059393610752
12405,cconsistNo inconsistencies,0.109407965504281,0.003565648733401149,30.68388775355348,7.782272419573149e-167,12849717230212935e150,0.09854308999947213,0.12027284100908987
12405,cgenderMale,-0.059216692337057605,0.0027725457890398464,-21.358237822851176,9.357933296229754e-83,1068612019710477e67,-0.06766490669623437,-0.050768477977880845
12405,coriginEritrea,0.0077745358738086235,0.005101410800296256,1.5239972192314193,0.9616441679575202,1.0398856805048229,-0.0077699547331607,0.023319026480777945
12405,coriginIraq,-9.810167440461267e-4,0.005105067556061451,-0.19216528151156909,1,0.39378947991321217,-0.01653664983843104,0.014574616350338786
12405,coriginKosovo,-0.013285094360646439,0.005165308531750769,-2.571984670225205,0.15532574165269109,6.43808289186221,-0.029024287516632913,0.002454098795340037
12405,coriginPakistan,-0.0014760013111722067,0.005122455362052632,-0.28814332324035213,1,0.4015787233405654,-0.01708461672701416,0.014132614104669747
12405,coriginSyria,0.02083913888326572,0.005111430744566712,4.076967863727208,0.002221911393090059,450.06295170451375,0.00526411653994115,0.03641416122659029
12405,coriginUkraine,0.011102609593945123,0.005203435554169077,2.1337075242624137,0.3729230785294182,2.6815181402647212,-0.004752760275710184,0.02695797946360043
12405,cage38 Years,-0.009008426405148057,0.0033987343607928995,-2.650523827065572,0.13049762963456052,7.662974437162984,-0.019364697722067094,0.0013478449117709807
12405,cage62 Years,-0.06445317642430262,0.0035721756078089533,-18.04311531700871,1.6913950379162027e-59,5912279376389795e43,-0.07533793994477946,-0.05356841290382579
12405,cjobCleaner,-0.02980081401845177,0.00481182956554454,-6.1932397256633305,2.2195460251800892e-7,4505425.833279858,-0.04446292268054984,-0.0151387053563537
12405,cjobDoctor,0.053585142934931676,0.004760589160606984,11.255989779235533,1.474277824338104e-23,6782982036977751e7,0.03907916872748346,0.06809111714237989
12405,cjobFarmer,-0.021345437225697535,0.004768682487394465,-4.476170783465258,5.220740518300736e-4,1915.437085016214,-0.0358760725802582,-0.006814801871136877
12405,cjobTeacher,0.012633522059803568,0.004807136853101786,2.6280762220555127,0.13723147866355223,7.286957844793618,-0.0020142874549912964,0.02728133157459843
12405,cjobUnemployed,-0.08725639829451258,0.004809578683626732,-18.14221245440061,3.8557459184947777e-60,25935318901676594e43,-0.10191164830236804,-0.07260114828665712
12405,cvulnerNo surviving family,0.0073263854379162574,0.004433877697977218,1.652365251585228,0.8087073860198825,1.2365411980736065,-0.006184067440070959,0.020836838315903473
12405,cvulnerNone,-0.024667937783790558,0.0044788963880414345,-5.507592863646828,6.63704360318673e-6,150669.49379688525,-0.03831556695128589,-0.011020308616295223
12405,cvulnerPTSD,-0.020685253242114048,0.004422789143280985,-4.6769702493139835,2.3946118445794732e-4,4176.042151731751,-0.03416191822473898,-0.00720858825948912
12405,cvulnerVictim of torture,0.08442710180109764,0.00444651842825316,18.987237580001505,9.472656010430301e-66,10556701297913746e49,0.07087813139908977,0.0979760722031055
12405,creasonEthnic persecution,0.1495798401096993,0.004095711074140478,36.52109179627374,3.0182571389237707e-232,3313170329671027e216,0.13709981354192327,0.16205986667747532
12405,creasonPolitical persecution,0.13817162424980295,0.004122909040308152,33.5131391206913,2.146923412159695e-197,4657828007912268e181,0.12560872285657715,0.15073452564302875
12405,creasonReligious persecution,0.14246806645772317,0.004148000827830785,34.34620010243042,8.271156480196515e-207,12090207728438972e190,0.12982870796846524,0.1551074249469811
12405,creligionChristian,0.04104978215206181,0.0034258715788801288,11.982288654696282,1.2379575285913696e-26,8077821548028926e10,0.030610821114951697,0.05148874318917192
12405,creligionMuslim,-0.0641027098962301,0.003475800088385862,-18.44257674957335,4.164846858532389e-62,2401048667495017e46,-0.07469380791611109,-0.053511611876349105
12405,clangFluent,0.06054955839185044,0.00340341657737655,17.790816085912045,7.04955941977351e-58,1418528365326025e42,0.050179019909522934,0.07092009687417794
12405,clangNone,-0.060451743832313644,0.003413209710556682,-17.711113280072727,2.2669128962586527e-57,441128550483971e42,-0.07085212293573415,-0.05005136472889314
12505,cconsistMinor inconsistencies,0.08137778297451381,0.0034669757093579922,23.47226799278129,1.3406357981356982e-99,7459147379106317e83,0.07081537266707677,0.09194019328195085
12505,cconsistNo inconsistencies,0.10907674732361264,0.003551956660011432,30.70891842561547,2.3442304407534058e-167,42657922302152715e150,0.09825543596108746,0.11989805868613782
12505,cgenderMale,-0.059330002924159,0.0027621406368166807,-21.47971835081352,8.63101568115732e-84,11586121922859392e67,-0.0677450785343385,-0.050914927313979494
12505,coriginEritrea,0.007985857465517996,0.005082674680571173,1.5711919348378547,0.905730757859985,1.1040808665510593,-0.007498905029502657,0.02347061996053865
12505,coriginIraq,-8.08355505762055e-4,0.005084497572371165,-0.15898434294759176,1,0.3905146557746538,-0.016298671581987677,0.014681960570463568
12505,coriginKosovo,-0.013126568741406795,0.0051429200077591,-2.5523571670573917,0.16211592633648148,6.168425413826641,-0.028794873296773327,0.0025417358139597362
12505,coriginPakistan,-8.666262264583608e-4,0.005105630777121348,-0.1697393063246499,1,0.391102423607031,-0.01642132624949965,0.01468807379658293
12505,coriginSyria,0.0206333099062051,0.0050892955512924195,4.054256566208912,0.0023909409708087674,418.2453737708701,0.005128376415188846,0.036138243397221353
12505,coriginUkraine,0.011158888236950522,0.005180700264620463,2.153934346126087,0.35981073522497364,2.7792389223038176,-0.004624516800202762,0.026942293274103808
12505,cage38 Years,-0.009110256182741949,0.003385047555404167,-2.6913229529663742,0.11892796259828364,8.408451453741055,-0.019423066016932125,0.0012025536514482255
12505,cage62 Years,-0.06500539752638747,0.003557858418330908,-18.2709343327055,4.6495716867463985e-61,2150735739488649e45,-0.0758446890532205,-0.05416610599955443
12505,cjobCleaner,-0.02938056565859727,0.004789374497733115,-6.134530860450263,2.967472824300756e-7,3369870.793123897,-0.04397176640583298,-0.014789364911361562
12505,cjobDoctor,0.05370917206849604,0.004738512063225353,11.334607014155818,6.5553189339061884e-24,15254787907079285e7,0.03927292767156185,0.06814541646543024
12505,cjobFarmer,-0.020756783014384026,0.004749955610144613,-4.3698898932977785,7.729068386618982e-4,1293.8169905848663,-0.03522789106427297,-0.006285674964495076
12505,cjobTeacher,0.012403473454238964,0.0047878110127034905,2.590635557946805,0.14909965367475572,6.706923694010642,-0.0021829640146305736,0.026989910923108502
12505,cjobUnemployed,-0.08713752741086044,0.004788148376383385,-18.198585457512014,1.3815927620544025e-60,7238022863647742e44,-0.10172499268433796,-0.07255006213738291
12505,cvulnerNo surviving family,0.007554793800112105,0.004413207253139219,1.7118601884691003,0.7442146959077515,1.3436982708064584,-0.005890384270675575,0.020999971870899786
12505,cvulnerNone,-0.024910621925769545,0.0044607152967905545,-5.58444560308355,4.56686078720192e-6,218968.79423221748,-0.038500536935034926,-0.011320706916504166
12505,cvulnerPTSD,-0.02057092149927619,0.004405708437406051,-4.6691518041960425,2.4507849280001404e-4,4080.325403404565,-0.03399325384651876,-0.007148589152033615
12505,cvulnerVictim of torture,0.08450132436969104,0.0044306957792502495,19.07179562303195,2.0625171332106948e-66,4848444572401261e50,0.0710028661481488,0.09799978259123329
12505,creasonEthnic persecution,0.1498204926872561,0.004077344672793299,36.74462296183987,2.480931330474832e-235,40307443729553255e218,0.1373985460082987,0.16224243936621352
12505,creasonPolitical persecution,0.13860815189577289,0.004105226420737406,33.763826325290786,1.5538100647121048e-200,6435793040028243e184,0.12610126130991725,0.15111504248162852
12505,creasonReligious persecution,0.14274170118714488,0.004128379861678938,34.57571879761432,8.810710122527007e-210,11349822955169353e193,0.13016427184827942,0.15531913052601035
12505,creligionChristian,0.04102371068246419,0.0034138723726607418,12.016767530911142,8.13053260865213e-27,12299317254269999e10,0.03062308380759529,0.05142433755733308
12505,creligionMuslim,-0.06342385096580755,0.0034618917386368847,-18.320576076356623,2.1971970729613612e-61,4551253104721323e45,-0.07397077256226159,-0.0528769293693535
12505,clangFluent,0.06045620543524787,0.003390838227950937,17.829280364041782,3.365996266210037e-58,29708886193327716e41,0.050125753868169316,0.07078665700232642
12505,clangNone,-0.06043433199559279,0.0033963140433713973,-17.794094192656527,5.6507719752108466e-58,1769669709531479e42,-0.07078146605891225,-0.05008719793227333
12605,cconsistMinor inconsistencies,0.08108294445900738,0.0034504296821085195,23.49937599929829,5.827397123503582e-100,1716032010186349e84,0.07057267454589025,0.0915932143721245
12605,cconsistNo inconsistencies,0.10890596734187394,0.003538183454161069,30.78019236503846,2.3293391501832167e-168,4293063120161544e152,0.09812839279856861,0.11968354188517927
12605,cgenderMale,-0.05934131626088699,0.0027514932152043316,-21.566949877606795,1.435871894411776e-84,6964409595952592e68,-0.06772257280579241,-0.05096005971598156
12605,coriginEritrea,0.007540956612384199,0.005063057124368347,1.4894077683006564,1,0.9903293525299829,-0.0078814985208337,0.022963411745602097
12605,coriginIraq,-2.738081750001579e-4,0.005063968793723575,-0.054069878025220744,1,0.38551034618603475,-0.015699040322062055,0.01515142397206174
12605,coriginKosovo,-0.01243607449456309,0.005130301429926174,-2.4240436287078064,0.21277141665542984,4.699879409175709,-0.028063360871030958,0.0031912118819047777
12605,coriginPakistan,-3.5564470977177906e-5,0.005090892801181627,-0.00698590058092034,1,0.38503862283064694,-0.015542809182153693,0.015471680240199338
12605,coriginSyria,0.020623343849681702,0.0050633851038323924,4.073034822903799,0.002229658929111725,448.4990896784338,0.005199889666197412,0.03604679803316599
12605,coriginUkraine,0.011611080042436796,0.005158231549257468,2.250980773460668,0.3002569614949719,3.3304806490448216,-0.0041012835910462266,0.02732344367591982
12605,cage38 Years,-0.008996704963199688,0.003371297896060069,-2.668617618666644,0.12521699838813824,7.986136170588238,-0.019265933467941258,0.0012725235415418819
12605,cage62 Years,-0.06498157852247856,0.0035409477784806367,-18.351464801991828,1.1469828811695245e-61,8718525938071082e45,-0.07576757340684365,-0.05419558363811347
12605,cjobCleaner,-0.02921740597042761,0.004768884939759188,-6.126674545413333,3.0428924684422953e-7,3286346.8241844107,-0.04374379036868586,-0.014691021572169366
12605,cjobDoctor,0.053777927909442295,0.004719238613349775,11.395467005485878,3.4354945551888595e-24,29107890696250196e7,0.03940276997827112,0.06815308584061347
12605,cjobFarmer,-0.020540682796569534,0.0047309024643720525,-4.341810669583517,8.522451151831847e-4,1173.371348435428,-0.034951369700583185,-0.006129995892555881
12605,cjobTeacher,0.012431136675653983,0.004765219681837046,2.608722683454887,0.14324935815821083,6.980834070443488,-0.002084083069615491,0.026946356420923457
12605,cjobUnemployed,-0.08681569621529872,0.004770184173566323,-18.199652897341462,1.1363903793861926e-60,8799792906907025e44,-0.10134603817804931,-0.07228535425254813
12605,cvulnerNo surviving family,0.008047989498923288,0.004393548543453639,1.8317743435234703,0.622230447272654,1.6071216128737782,-0.00533509183367812,0.021431070831524696
12605,cvulnerNone,-0.02498724733295175,0.0044418712837415745,-5.625387530793991,3.7115072477922266e-6,269432.31771804986,-0.03851752338915561,-0.011456971276747888
12605,cvulnerPTSD,-0.020898975588360225,0.00438988018087884,-4.760716631718252,1.6849455448281645e-4,5934.9099029902645,-0.034270882810965936,-0.007527068365754518
12605,cvulnerVictim of torture,0.08491923254849507,0.004413916138864923,19.23897733370457,1.2071649926141049e-67,8283871766646488e51,0.07147410997901125,0.09836435511797888
12605,creasonEthnic persecution,0.14951025278803515,0.004062014492861124,36.806922538261546,1.7575098065448823e-236,5689868678263119e220,0.13713704926143122,0.16188345631463907
12605,creasonPolitical persecution,0.1385734699544853,0.00408943979024969,33.8856853412737,3.0867219278920935e-202,32396828200293857e185,0.12611672689670472,0.15103021301226588
12605,creasonReligious persecution,0.14259733837664004,0.004109183945624781,34.70210637040704,1.3969343222149263e-211,715853268186895e196,0.13008045312750435,0.15511422362577573
12605,creligionChristian,0.04080182479356599,0.003399652608175565,12.001762972912232,8.799262854634744e-27,11364588335638597e10,0.03044622569005874,0.05115742389707324
12605,creligionMuslim,-0.06387141704204487,0.003449208769505339,-18.51770110488408,9.120861568729212e-63,10963876520486734e46,-0.07437796796298363,-0.05336486612110611
12605,clangFluent,0.0606283084020329,0.0033806726999194917,17.933800099452608,6.038144440850353e-59,1656137924152026e43,0.05033052353532401,0.07092609326874179
12605,clangNone,-0.06021806894871516,0.0033818150238771045,-17.806434865168278,3.972098866400733e-58,25175606993542368e41,-0.07051933342064104,-0.049916804476789284
12705,cconsistMinor inconsistencies,0.08131585614325802,0.003434456705013729,23.67648310271332,1.4338707915314386e-101,6974129091031661e85,0.0708559078339627,0.09177580445255334
12705,cconsistNo inconsistencies,0.10903955944822732,0.003523306648477522,30.948075296070265,2.2213433091355737e-170,450178050320887e155,0.09830901060564871,0.11977010829080594
12705,cgenderMale,-0.059379071878145936,0.0027426985657343556,-21.649871633723347,2.560585818299028e-85,3905356316720875e69,-0.06773220825155819,-0.05102593550473369
12705,coriginEritrea,0.007894842150537628,0.0050400031921029095,1.5664359425224006,0.9154239888068388,1.092389987838747,-0.007454943098209335,0.023244627399284592
12705,coriginIraq,8.063787123206331e-4,0.005046590136906514,0.15978684427400944,1,0.38793683767625925,-0.014563467672169081,0.016176225096810347
12705,coriginKosovo,-0.012019823185525278,0.0051102615532092575,-2.3520954965557093,0.2464381651394686,4.0578130397702905,-0.027583586623135526,0.00354394025208497
12705,coriginPakistan,6.374339956571823e-4,0.0050709254563701955,0.12570368094376644,1,0.38633057984129493,-0.014806527803741885,0.01608139579505625
12705,coriginSyria,0.021509642217556215,0.005046627016018619,4.2621818789623145,0.0011339579405836302,881.866923111201,0.006139683514397363,0.036879600920715065
12705,coriginUkraine,0.012228908977633877,0.0051380114404716995,2.3800859767083726,0.232911721151041,4.2934722007893695,-0.00341936924973342,0.027877187205001173
12705,cage38 Years,-0.008515283044478983,0.0033626971428366986,-2.5322777171945003,0.16936269125493464,5.904488128939457,-0.01875668112136821,0.0017261150324102466
12705,cage62 Years,-0.06475702754929832,0.0035268829891792366,-18.3609798646505,8.2896929271963e-62,12063173012347216e45,-0.07549846846072199,-0.05401558663787466
12705,cjobCleaner,-0.029545424674839484,0.004747955628864489,-6.222767646610359,1.8094539570208402e-7,5526529.128414195,-0.04400575267380658,-0.015085096675872387
12705,cjobDoctor,0.053138545145100316,0.004704868435868432,11.294374299606089,8.476854797550461e-24,11796828232671484e7,0.038809443086723315,0.06746764720347731
12705,cjobFarmer,-0.021228245056700464,0.004712814981717034,-4.504366315896898,4.593100693106798e-4,2177.1784831557757,-0.035581549038686655,-0.00687494107471427
12705,cjobTeacher,0.0111763827601736,0.0047468173884446215,2.3545002568206526,0.24525226925970686,4.07743423952201,-0.003280478624717977,0.025633244145065175
12705,cjobUnemployed,-0.08669232706811474,0.00474939100264959,-18.253356487126627,4.2341560251886234e-61,23617457506315016e44,-0.10115702662767677,-0.0722276275085527
12705,cvulnerNo surviving family,0.008716847962531592,0.0043809108337292775,1.9897341656486813,0.4818795911580456,2.0752072060093174,-0.0046256119384899055,0.02205930786355309
12705,cvulnerNone,-0.02406811060176365,0.004424428475903785,-5.439823636621726,8.776254146351074e-6,113943.82880488626,-0.03754310741525321,-0.010593113788274086
12705,cvulnerPTSD,-0.02025790293613844,0.004372290259004383,-4.633247505565054,2.782460301553541e-4,3593.941661779205,-0.0335741080976877,-0.006941697774589178
12705,cvulnerVictim of torture,0.08571258348400965,0.004392298035335046,19.514291333254544,1.213729750495649e-69,8239066395065552e53,0.07233544283129605,0.09908972413672325
12705,creasonEthnic persecution,0.14969049320763472,0.004043272007137777,37.02211796371333,1.7239867932433144e-239,5800508472102114e223,0.1373763428695792,0.16200464354569025
12705,creasonPolitical persecution,0.13865648020789392,0.004077021224205144,34.00926131674146,5.792001810963679e-204,17265187971921903e187,0.12623954357892708,0.15107341683686076
12705,creasonReligious persecution,0.1429819644701822,0.004093616492060008,34.92803117915674,1.5226008800111469e-214,6567709326377632e198,0.1305144854530445,0.15544944348731987
12705,creligionChristian,0.040870698826896486,0.0033849127988024768,12.074372740519587,3.925992018642873e-27,25471269305984925e10,0.03056164096186088,0.05117975669193209
12705,creligionMuslim,-0.06381337502812824,0.0034371584481620097,-18.565735618691622,3.63339371725029e-63,27522478372005013e46,-0.07428155174037147,-0.05334519831588501
12705,clangFluent,0.060780259182486716,0.0033676277415780067,18.048390097299244,9.219961422515207e-60,10846032365797034e43,0.05052384452149186,0.07103667384348157
12705,clangNone,-0.06056081090118723,0.0033662362105099128,-17.99065992817348,2.1827572612563255e-59,4581361463090183e43,-0.0708129875285444,-0.05030863427383007
12805,cconsistMinor inconsistencies,0.08111647413402798,0.0034205186422712193,23.714670965852932,5.018008762389546e-102,19928223471730367e85,0.07070058022070608,0.09153236804734988
12805,cconsistNo inconsistencies,0.10898289347745323,0.0035074049543536976,31.072230009304782,6.004467481855088e-172,16654266227969456e155,0.09830242021116808,0.11966336674373837
12805,cgenderMale,-0.0599812508190669,0.002733144318477868,-21.94587765218026,1.005423318205897e-87,9946059355221894e71,-0.06830400659044347,-0.05165849504769032
12805,coriginEritrea,0.007406118449134583,0.005024782203812859,1.4739183010787493,1,0.9667381850314205,-0.007894952483696364,0.02270718938196553
12805,coriginIraq,8.235956084896312e-4,0.005028702114520965,0.16377896119784122,1,0.3868595687849487,-0.014489411927633212,0.016136603144612474
12805,coriginKosovo,-0.01202423329644124,0.005090910815200597,-2.3619021689672737,0.24177604376820888,4.13605907522708,-0.027526673867296618,0.0034782072744141378
12805,coriginPakistan,3.0789468049466373e-4,0.0050487385589241835,0.060984476993847715,1,0.38306264592478256,-0.015066126257726034,0.01568191561871536
12805,coriginSyria,0.0211787055650991,0.005027449653743512,4.2126141530485794,0.0013486977170587093,741.455989249272,0.005869511923871411,0.036487899206326786
12805,coriginUkraine,0.01209710201969506,0.005120716969808906,2.3623844260516704,0.2415411217629759,4.140081791047154,-0.003496101905152177,0.027690305944542297
12805,cage38 Years,-0.008272766809774375,0.003349357447030146,-2.4699563843535977,0.19349352017185253,5.168131724058994,-0.01847196625717047,0.001926432637621718
12805,cage62 Years,-0.06472572959761816,0.0035081454681669924,-18.450127050015798,1.7816639504134768e-62,5612730727183017e46,-0.07540845781823255,-0.05404300137700377
12805,cjobCleaner,-0.02954064959956386,0.0047284713574342364,-6.247399501134593,1.5628042749044148e-7,6398753.932645612,-0.04393941808530245,-0.01514188111382527
12805,cjobDoctor,0.053108506743076475,0.004684492209717065,11.337089350455795,5.3003418415548165e-24,18866707655720886e7,0.03884366009344757,0.06737335339270538
12805,cjobFarmer,-0.021099554326918967,0.004696938214009963,-4.492193289659103,4.7805365465466645e-4,2091.8154066249613,-0.03540230056836927,-0.006796808085468661
12805,cjobTeacher,0.011422726050777833,0.004725051326239111,2.4174818985235684,0.21586864812554787,4.632446669228253,-0.002965628025383084,0.02581108012693875
12805,cjobUnemployed,-0.08659751017666394,0.0047293728202900944,-18.31056959712306,1.4926298455432592e-61,6699584649106616e45,-0.10099902372607719,-0.07219599662725068
12805,cvulnerNo surviving family,0.009551879194360733,0.004366594478587422,2.1874894133633247,0.3391986490843385,2.9481249489037897,-0.003744930327268931,0.022848688715990398
12805,cvulnerNone,-0.023349682293005023,0.004406209420503738,-5.2992674801951605,1.650176518638207e-5,60599.57760308217,-0.036767124115036,-0.009932240470974045
12805,cvulnerPTSD,-0.019433654603188962,0.004355400458179634,-4.461967341416724,5.364937491856291e-4,1863.9546155345713,-0.03269637697569738,-0.006170932230680538
12805,cvulnerVictim of torture,0.08672035114304606,0.004377037791977445,19.812566229607032,7.833302452614699e-72,12766007773212017e55,0.07339174046616767,0.10004896181992445
12805,creasonEthnic persecution,0.1500407524261307,0.004027611596015722,37.25303417403931,1.0413750624240129e-242,9602688177228827e226,0.13777618687465945,0.16230531797760198
12805,creasonPolitical persecution,0.13871767501763455,0.004063905318770325,34.13408141595394,1.0387247436039992e-205,9627189552935473e189,0.12634259068071954,0.15109275935454955
12805,creasonReligious persecution,0.14346141020213135,0.004075849095217782,35.197919954999186,4.838354689075659e-218,20668182972568399e201,0.1310499556180662,0.1558728647861965
12805,creligionChristian,0.040800334026936676,0.0033682121287776255,12.113350485957584,2.4574898851109874e-27,4069192740359284e11,0.030543719787986985,0.051056948265886366
12805,creligionMuslim,-0.06375672741430043,0.003419317162134014,-18.646040829540805,8.786250621994806e-64,1138141902641246e48,-0.07416896267495678,-0.05334449215364408
12805,clangFluent,0.06057959363466294,0.003354516158445688,18.059115166919465,6.615704483090821e-60,15115548201342958e43,0.05036468528564892,0.07079450198367697
12805,clangNone,-0.06055095500725992,0.003354847836624018,-18.048793255610757,7.721639904550657e-60,12950616868453836e43,-0.07076687335653419,-0.05033503665798565
12905,cconsistMinor inconsistencies,0.08131532706304404,0.00340843575194681,23.85708077865303,2.334945769679903e-103,4282754713130188e87,0.07093777258594347,0.0916928815401446
12905,cconsistNo inconsistencies,0.10884632583864169,0.0034933784069348514,31.157897358776335,4.114013774782621e-173,2430716217163951e157,0.09821014919767476,0.11948250247960862
12905,cgenderMale,-0.060099279554709006,0.002721911332843148,-22.079807975204265,6.914997331611787e-89,14461321560147504e72,-0.06838659526024442,-0.051811963849173595
12905,coriginEritrea,0.007586656952957339,0.005005763056415932,1.515584510783716,0.9830188098753506,1.0172745322409473,-0.007654228484810611,0.022827542390725288
12905,coriginIraq,0.0012353073185968038,0.005007360014874399,0.24669832305392753,1,0.391231226036676,-0.014010440327118281,0.01648105496431189
12905,coriginKosovo,-0.011972485006153525,0.0050760530048400854,-2.358620958988726,0.2435312994982147,4.106248363394993,-0.027427379984382258,0.0034824099720752073
12905,coriginPakistan,4.919296329825449e-4,0.005029105657428092,0.0978165237502924,1,0.3827482918428168,-0.014820026269734774,0.015803885535699863
12905,coriginSyria,0.020949294249154714,0.005010880286498615,4.1807612737428155,0.00150366986805196,665.0395949581165,0.0056928285458868,0.03620575995242263
12905,coriginUkraine,0.011810378822345903,0.005103501647998604,2.3141716485929766,0.2661262098851366,3.7576156081417635,-0.0037280881550139054,0.02734884579970571
12905,cage38 Years,-0.008093133174542676,0.0033356565096113646,-2.426248971146493,0.21209170887690215,4.714941500048921,-0.01824909903824286,0.0020628326891575094
12905,cage62 Years,-0.06460271020491101,0.0034948021478749757,-18.485369835369042,8.695335815714847e-63,11500418398938968e46,-0.07524322166402993,-0.05396219874579209
12905,cjobCleaner,-0.030179224159120905,0.004709462220729426,-6.408210267890542,6.466073665962599e-8,15465335.71468569,-0.044517971992508065,-0.015840476325733745
12905,cjobDoctor,0.05303071294767218,0.004666471842341634,11.364198636428798,3.843955213415304e-24,26014871258385788e7,0.038822856533745,0.06723856936159935
12905,cjobFarmer,-0.021440299145209396,0.0046753446600002226,-4.585822159517193,3.3050489186841963e-4,3025.6738239085407,-0.035675170341083036,-0.007205427949335758
12905,cjobTeacher,0.01094134861883645,0.004707900409938281,2.324039946924002,0.2609733280732368,3.8318092020475385,-0.0033926440195734316,0.025275341257246328
12905,cjobUnemployed,-0.08699037586821017,0.004710273461280916,-18.468221979739138,1.1309206500207397e-62,8842353351507565e46,-0.10133159365955746,-0.07264915807686287
12905,cvulnerNo surviving family,0.009535426663861408,0.004348248851363256,2.1929349008789774,0.336096456771972,2.9753363353022793,-0.0037035464660379602,0.022774399793760777
12905,cvulnerNone,-0.023216512591230656,0.00439322715211999,-5.284614655089557,1.744751237195808e-5,57314.760905813484,-0.03659242970375426,-0.009840595478707054
12905,cvulnerPTSD,-0.01939174938352078,0.004337892539909025,-4.470315759349693,5.163930224737328e-4,1936.5095120952506,-0.03259919098572839,-0.006184307781313174
12905,cvulnerVictim of torture,0.08665601393091345,0.0043575543861537145,19.88638723736095,1.897577112760168e-72,5269878063323735e56,0.07338870853916306,0.09992331932266384
12905,creasonEthnic persecution,0.15053615794147035,0.0040107730558951605,37.532953334322315,1.488384602698424e-246,6718693529797417e230,0.13832468648889398,0.16274762939404672
12905,creasonPolitical persecution,0.13956863996245075,0.00404841224044048,34.474908105520704,5.930384692947302e-210,1686231251050624e194,0.12724256969783293,0.15189471022706857
12905,creasonReligious persecution,0.14392016998086396,0.004061426451699351,35.43586759293548,3.4432092350741015e-221,29042673033446336e204,0.1315544757666856,0.1562858641950423
12905,creligionChristian,0.04049194536436189,0.003354107642844037,12.072345218481924,3.4792336402971345e-27,287419616900059e12,0.030279801930004274,0.0507040887987195
12905,creligionMuslim,-0.06404591306249094,0.003405969022329044,-18.804021012115825,6.310312984734356e-65,15847074501996304e48,-0.07441595716742914,-0.05367586895755274
12905,clangFluent,0.060222108875222544,0.003343513134377233,18.011626231113816,1.1378293131406542e-59,8788664419620061e43,0.050042222199323576,0.07040199555112152
12905,clangNone,-0.060087915699406115,0.0033441541168547427,-17.968046208324946,2.182530508856334e-59,4581837440265653e43,-0.07026975395399493,-0.049906077444817294
13005,cconsistMinor inconsistencies,0.08157980101706676,0.003393745940788977,24.0382758286559,4.992168255372331e-105,20031376124469526e88,0.07124845915006127,0.09191114288407225
13005,cconsistNo inconsistencies,0.1086360793360129,0.0034802706746256077,31.2148362850253,5.686834065047051e-174,17584476504181703e157,0.09804133631264092,0.11923082235938487
13005,cgenderMale,-0.05954040316277287,0.0027096834392916513,-21.973195207753697,3.656864081730438e-88,27345834508752027e71,-0.06778930171060496,-0.051291504614940774
13005,coriginEritrea,0.007353433073517095,0.004988835853230983,1.473977755502759,1,0.9624390055820556,-0.007833728728618568,0.022540594875652756
13005,coriginIraq,0.001437207425508973,0.004988336195370477,0.2881135852156078,1,0.3936664650560724,-0.013748433303375041,0.016622848154392987
13005,coriginKosovo,-0.01191158347399147,0.005056730308165326,-2.3555900251902515,0.24518038346863882,4.0786297249914805,-0.027305431585897752,0.0034822646379148153
13005,coriginPakistan,3.260667596326113e-4,0.005012994756012581,0.06504430495195054,1,0.38061864742428547,-0.01493464028959082,0.015586773808856045
13005,coriginSyria,0.0210953729948629,0.004989540223076286,4.227919217345564,0.0012629082225135593,791.8231762001719,0.005906066929190839,0.036284679060534966
13005,coriginUkraine,0.012578951189279201,0.005083793453936484,2.474323810212837,0.19185769567500846,5.212196448423522,-0.002897283352205673,0.028055185730764078
13005,cage38 Years,-0.007870950734854984,0.0033230097581090972,-2.3686210116138255,0.23880984756828988,4.1874320099552875,-0.017986955420355694,0.002245053950645724
13005,cage62 Years,-0.06393585478869793,0.00348033745292421,-18.370590683664442,4.2278878611899595e-62,23652472175989672e45,-0.07453080110054353,-0.05334090847685233
13005,cjobCleaner,-0.029455788934225378,0.004688888324758758,-6.282041049834744,1.2586785040651984e-7,7944840.535293682,-0.04372984159004424,-0.015181736278406514
13005,cjobDoctor,0.05412802158227731,0.004646986659449694,11.647982993927352,2.285216878255123e-25,4375952276195115e9,0.03998152721651835,0.06827451594803627
13005,cjobFarmer,-0.020238421410726806,0.004659186226166032,-4.343767436696917,8.263246418346485e-4,1210.178118105916,-0.03442205405865975,-0.006054788762793863
13005,cjobTeacher,0.011330684712868105,0.004690003759256548,2.4159223093382396,0.21678050056075227,4.612961024692127,-0.0029467635816720957,0.02560813300740831
13005,cjobUnemployed,-0.0869584119594012,0.004692234817105829,-18.53240840428296,3.5390586094394444e-63,28256101702661294e46,-0.1012426521062981,-0.0726741718125043
13005,cvulnerNo surviving family,0.00939592472287433,0.004332300006873294,2.168807494395004,0.3519207084604761,2.841549178434634,-0.0037925912186085493,0.02258444066435721
13005,cvulnerNone,-0.022640193541918048,0.004376501526370287,-5.173125933008644,2.8408750999207178e-5,35200.42116698153,-0.035963269057668404,-0.00931711802616769
13005,cvulnerPTSD,-0.019091864839901346,0.0043217785859481425,-4.417594390878041,6.268482051911689e-4,1595.28254483082,-0.03224835116031037,-0.005935378519492322
13005,cvulnerVictim of torture,0.08660269966566982,0.0043437998903858395,19.937083164753545,6.698443480595525e-73,14928841347946926e56,0.07337917543833651,0.09982622389300312
13005,creasonEthnic persecution,0.15049162404627647,0.003995034171062561,37.66967129751737,1.2040821752993899e-248,8305081002892135e232,0.13832982274714303,0.1626534253454099
13005,creasonPolitical persecution,0.13994357955586578,0.004033259531580065,34.69739015308089,7.367163561843749e-213,13573745059485744e196,0.1276654114825583,0.15222174762917326
13005,creasonReligious persecution,0.14445555962622272,0.004044110997850378,35.71997892812714,6.569628299144815e-225,15221561319232818e208,0.13214435719803044,0.156766762054415
13005,creligionChristian,0.04051201073255208,0.003342050136237938,12.121903945509159,1.9562974707498733e-27,5111697044809282e11,0.030338042764248778,0.05068597870085539
13005,creligionMuslim,-0.06411295854783576,0.0033934493764378824,-18.89315308281846,1.304390881671364e-65,7666413603862848e49,-0.07444339760486367,-0.053782519490807854
13005,clangFluent,0.0601347158138669,0.0033309282075364532,18.05344098314938,5.147392759907756e-60,19427311002743854e43,0.049994605550188594,0.07027482607754522
13005,clangNone,-0.06015448142618519,0.0033332945825847167,-18.046554223101385,5.708107261278079e-60,1751894199297324e44,-0.07030179547884349,-0.05000716737352688
13105,cconsistMinor inconsistencies,0.08130766196290144,0.003378385120960198,24.067019907958965,2.078208391095895e-105,48118369855713716e88,0.07102451193630784,0.09159081198949505
13105,cconsistNo inconsistencies,0.10877043507060324,0.003468732041191622,31.35740489001193,9.492965770611417e-176,1053411572488576e160,0.09821228651603946,0.11932858362516703
13105,cgenderMale,-0.059743601268844114,0.002701875027187353,-22.111904017646996,2.297648618140532e-89,4352275592119441e73,-0.06796758558765309,-0.05151961695003514
13105,coriginEritrea,0.006913615964402533,0.004973798952093593,1.390007121516728,1,0.8662952268116951,-0.00822566478519886,0.022052896714003928
13105,coriginIraq,0.0012028966564977958,0.0049726236789546996,0.24190381861968246,1,0.38829820650530106,-0.013932806789280393,0.016338600102275985
13105,coriginKosovo,-0.012235673540800435,0.0050393114305299575,-2.4280447258473314,0.2115091657241458,4.727927494661006,-0.027574361587158938,0.003103014505558067
13105,coriginPakistan,9.414311376640528e-5,0.00499229648971355,0.018857676814745244,1,0.37874424597387596,-0.015101440557988077,0.015289726785520888
13105,coriginSyria,0.02092405641353127,0.004973393671880481,4.207198905615632,0.0013538737350159726,738.6213161068541,0.0057860092584092,0.036062103568653345
13105,coriginUkraine,0.011868644302989811,0.0050581171270462745,2.3464550157462636,0.2498952197747257,4.001677186548326,-0.0035272846415221014,0.027264573247501724
13105,cage38 Years,-0.00779338716725775,0.0033091975258582517,-2.3550685948359966,0.24559994572404983,4.071662137594997,-0.017865943553712925,0.002279169219197427
13105,cage62 Years,-0.06404569278719062,0.003469141623173158,-18.461538831213595,8.844147340123868e-63,11306912487348886e46,-0.07460508802998371,-0.053486297544397536
13105,cjobCleaner,-0.02983733001416581,0.004673094919831969,-6.384918458972511,7.10553157169006e-8,14073542.421290638,-0.04406132592600156,-0.01561333410233006
13105,cjobDoctor,0.052942479367061986,0.004631578121114862,11.430764629814396,1.791848775730899e-24,5580828100809444e8,0.03884485255008851,0.06704010618403547
13105,cjobFarmer,-0.021714897512679323,0.004642203682352705,-4.677713215218951,2.265995701482865e-4,4413.071036920331,-0.035844866480240545,-0.007584928545118099
13105,cjobTeacher,0.010844682925743797,0.004669711945294054,2.3223451580718226,0.2622330156399678,3.8134023572872593,-0.003369015866768965,0.02505838171825656
13105,cjobUnemployed,-0.08759516182498318,0.004670622515931343,-18.754493972955192,9.510507484590767e-65,10514686010396737e48,-0.1018116322181684,-0.07337869143179797
13105,cvulnerNo surviving family,0.009480020830936648,0.004315276761497836,2.196851176619811,0.3343021980378937,2.991305489073238,-0.003654845904488467,0.022614887566361763
13105,cvulnerNone,-0.022550774122217843,0.004359750490143298,-5.172491905947727,2.822085674989544e-5,35434.78530302611,-0.03582101027454748,-0.009280537969888203
13105,cvulnerPTSD,-0.019209855098511336,0.004303081302238764,-4.464209190869116,5.220138787773815e-4,1915.657879330946,-0.03230760121780948,-0.006112108979213196
13105,cvulnerVictim of torture,0.08643447208043922,0.004329734893008829,19.96299409000859,3.556699027450723e-73,2811595786660514e57,0.07325559759275717,0.09961334656812128
13105,creasonEthnic persecution,0.15055167169670874,0.0039785641827327555,37.84070453107517,3.575674712782062e-251,2796674978362189e235,0.1384416928409397,0.16266165055247778
13105,creasonPolitical persecution,0.14019624401805206,0.004017350957969506,34.89768394268237,1.5942335440102155e-215,6272606694026458e199,0.12796820573017959,0.15242428230592453
13105,creasonReligious persecution,0.1444982828689516,0.004029261055135391,35.862229051846874,5.891033690629594e-227,1697494960163989e211,0.1322339925518986,0.15676257318600462
13105,creligionChristian,0.040303914471981256,0.003328763187041155,12.107774631996662,2.110410009588037e-27,47384157365478245e10,0.030171804002107637,0.050436024941854875
13105,creligionMuslim,-0.06451978569951851,0.0033824234914383465,-19.075017029308185,6.182433058375595e-67,16174861750346961e50,-0.07481522774374863,-0.05422434365528839
13105,clangFluent,0.06002513793601077,0.003317710108943842,18.092339585124012,2.4311585906964554e-60,4113265188979422e44,0.04992667089524923,0.07012360497677231
13105,clangNone,-0.06029937757348435,0.003321092214560615,-18.156489997210766,9.232785006625711e-61,10830968112897369e44,-0.0704081390887412,-0.0501906160582275
13205,cconsistMinor inconsistencies,0.08161819691867027,0.0033635692964597507,24.265353178415463,3.051396788644802e-107,3277187692276899e91,0.07138151831638186,0.09185487552095868
13205,cconsistNo inconsistencies,0.10908130002300988,0.0034523053212326313,31.596654951730297,1.4022017653671136e-178,7131641285148346e162,0.09857456241911244,0.11958803762690731
13205,cgenderMale,-0.05956574091841282,0.0026919829607119587,-22.12708690498518,1.3502953827370032e-89,7405787006195887e73,-0.0677585153026509,-0.05137296653417474
13205,coriginEritrea,0.007321945591851449,0.004953942570927187,1.4780037287515553,1,0.9630123559197404,-0.007754871159375201,0.0223987623430781
13205,coriginIraq,0.0016637532392430523,0.0049541523778634956,0.33583004969268926,1,0.396157346591203,-0.013413702037902413,0.01674120851638852
13205,coriginKosovo,-0.011968110563018903,0.005021947072856753,-2.383161429101004,0.23213671373055103,4.307806309176643,-0.027251892049740784,0.0033156709237029784
13205,coriginPakistan,7.66184812704942e-4,0.004973429903643717,0.15405561705888465,1,0.38131581604344417,-0.014369939639434826,0.01590230926484471
13205,coriginSyria,0.020964591002548185,0.004948802997702108,4.236295324805359,0.001212596820631866,824.6764159243919,0.00590341601595336,0.03602576598914301
13205,coriginUkraine,0.011976572776003058,0.005035268630386947,2.378537006690483,0.23433787706276857,4.267342576173228,-0.0033477515064513283,0.027300897058457445
13205,cage38 Years,-0.007281986026379954,0.0032950503748388677,-2.2099771469308878,0.3264447624277985,3.063305389135092,-0.01731013430953785,0.002746162256777945
13205,cage62 Years,-0.06390003305406529,0.0034565024584256566,-18.48690513680989,5.046859778515473e-63,1981430124643068e47,-0.07441954421507063,-0.053380521893059946
13205,cjobCleaner,-0.029972168242455365,0.004652723770160671,-6.4418542176683635,5.118654913057905e-8,19536382.44783718,-0.04413225642927901,-0.01581208005563172
13205,cjobDoctor,0.053092099794949145,0.004613391310695112,11.508258506462921,7.943278529059284e-25,12589260169357667e8,0.03905171591943856,0.06713248367045974
13205,cjobFarmer,-0.02170969450829507,0.0046218946106723596,-4.6971418297088565,2.0814607588193185e-4,4804.318293116595,-0.03577595730624009,-0.007643431710350049
13205,cjobTeacher,0.010854416124387478,0.00465120360565793,2.33367898820505,0.2565592755168853,3.8977347359019405,-0.003301045597492053,0.025009877846267008
13205,cjobUnemployed,-0.08792437211864498,0.004652489031417165,-18.898351296459243,8.372620808126892e-66,1194369150253824e50,-0.10208374590214853,-0.07376499833514144
13205,cvulnerNo surviving family,0.009673007967485563,0.004298406022242281,2.250370932255394,0.30218445404284316,3.309237078947224,-0.0034087504485363455,0.02275476638350747
13205,cvulnerNone,-0.022647868544063896,0.0043432417385084795,-5.214507943055788,2.31980837245113e-5,43107.008832086896,-0.03586607986973852,-0.009429657218389273
13205,cvulnerPTSD,-0.018792539033173305,0.004287916926463356,-4.382673301619502,7.065589631839249e-4,1415.3100478603499,-0.03184237496065588,-0.005742703105690727
13205,cvulnerVictim of torture,0.08667105029310802,0.004313780189126449,20.091670528687537,3.4306584909081993e-74,2914892294438989e58,0.07354250217504643,0.09979959841116962
13205,creasonEthnic persecution,0.1506434152173963,0.003962393514558123,38.0182873467568,8.564270219677404e-254,11676418122613459e237,0.13858427644864374,0.16270255398614886
13205,creasonPolitical persecution,0.1400725240637916,0.004001823940193571,35.00217054951602,4.481975596576383e-217,22311589575897365e200,0.1278933828337232,0.15225166529385997
13205,creasonReligious persecution,0.14472893547736937,0.004014083820605991,36.05528482848676,1.2681256085549213e-229,788565417537415e214,0.1325124825571222,0.15694538839761654
13205,creligionChristian,0.04043744973104884,0.0033158858839556727,12.195066762312443,8.031972554844619e-28,1245024174537092e12,0.03034589071020575,0.05052900875189193
13205,creligionMuslim,-0.06438472146442424,0.0033655862345346415,-19.130314001099038,2.1386210392534128e-67,4675910232086267e51,-0.07462753841113598,-0.0541419045177125
13205,clangFluent,0.0600123891301166,0.003305717630939523,18.154118357973722,8.118636777821458e-61,12317338826289237e44,0.049951776145730264,0.07007300211450293
13205,clangNone,-0.06039820565832167,0.0033085360617091867,-18.25526593387651,1.7492358843213615e-61,57167818758072346e44,-0.07046739624804595,-0.050329015068597396
13305,cconsistMinor inconsistencies,0.08132286715444928,0.003350185425950141,24.274139134070595,1.8780643532577524e-107,53246311728635226e90,0.0711282431128967,0.09151749119600186
13305,cconsistNo inconsistencies,0.10949933587041283,0.0034436432675981512,31.797525864746635,5.158958961149685e-181,19383755667192745e164,0.09902031934360962,0.11997835239721603
13305,cgenderMale,-0.05982809786394895,0.002683739461230618,-22.292811477502745,5.063621716772667e-91,19748710625195688e74,-0.06799472488727723,-0.051661470840620664
13305,coriginEritrea,0.00731728824572489,0.004935066562308882,1.4827131819477386,1,0.9666322484252773,-0.007700133725331435,0.022334710216781215
13305,coriginIraq,0.0013661706451487305,0.004934230695149224,0.2768761190050953,1,0.3888219763698073,-0.013648707779698066,0.01638104906999553
13305,coriginKosovo,-0.012576967820228994,0.005000808085512988,-2.514987099117769,0.17607691824692437,5.679336110356234,-0.027794441438514603,0.002640505798056615
13305,coriginPakistan,4.135536925729017e-4,0.004951496086298142,0.08352095717439705,1,0.3773635971152484,-0.014653863367995422,0.015480970753141227
13305,coriginSyria,0.020771455249111,0.004931353212448781,4.212120761635007,0.001316857893407307,759.3833814615697,0.005765333012530639,0.03577757748569136
13305,coriginUkraine,0.011834091187716098,0.005017790579157218,2.3584266822278854,0.24426876645263923,4.093851270968316,-0.003435060208357552,0.027103242583789745
13305,cage38 Years,-0.007290151237521337,0.003281702623891488,-2.221453944195765,0.31971440094981063,3.127791544669838,-0.017276381912279287,0.002696079437236613
13305,cage62 Years,-0.06417237644716378,0.0034430085571665737,-18.63845976031337,4.0827590581480086e-64,244932406188479e49,-0.07464946154826886,-0.0536952913460587
13305,cjobCleaner,-0.029769293914088526,0.00463706799734676,-6.419852788684992,5.68523516202859e-8,17589421.923633896,-0.04387990538111151,-0.015658682447065544
13305,cjobDoctor,0.053374147892417095,0.004594058103437128,11.618082899840614,2.546024996637892e-25,3927691210104112e9,0.039394415658250734,0.06735388012658346
13305,cjobFarmer,-0.021399351121405192,0.0046007903872623285,-4.651233662079255,2.484279223623094e-4,4025.3124145263805,-0.03539956971492568,-0.007399132527884707
13305,cjobTeacher,0.011336014823090526,0.004636508115925364,2.444946614922092,0.2043765370216281,4.892929563114063,-0.0027728929231309804,0.025444922569312033
13305,cjobUnemployed,-0.08768029351397232,0.004635912228256006,-18.91327730054047,5.543155335914014e-66,18040266588255538e49,-0.10178738797227457,-0.07357319905567006
13305,cvulnerNo surviving family,0.009476025299490178,0.004278783315997744,2.214654166772294,0.32387930858626807,3.0875698863412926,-0.0035443248351575106,0.022496375434137867
13305,cvulnerNone,-0.023268479143552616,0.004326432534872759,-5.3782137953150695,1.0936819242748832e-5,91434.26235767819,-0.03643382599048427,-0.010103132296620961
13305,cvulnerPTSD,-0.018931553321476675,0.004270459373544845,-4.433142120202837,5.806227148430458e-4,1722.28880206714,-0.03192657367491479,-0.005936532968038562
13305,cvulnerVictim of torture,0.0860449650911527,0.004299531063867334,20.012639474630785,1.0428034785586804e-73,9589534562947167e57,0.07296147949910584,0.09912845068319956
13305,creasonEthnic persecution,0.1509481527469283,0.003947590452215341,38.23804788620309,5.844920989116353e-257,1710887113550498e241,0.13893562346462915,0.16296068202922745
13305,creasonPolitical persecution,0.14055189854853892,0.003985045970885007,35.269831157637775,1.458534289511862e-220,6856198083177579e204,0.12842539201347014,0.1526784050836077
13305,creasonReligious persecution,0.14531973100452783,0.00400087915927625,36.32194955641096,3.373391089051423e-233,2964376123615107e217,0.13314504403091454,0.15749441797814112
13305,creligionChristian,0.04033682952330356,0.003302634798144532,12.213530102076492,6.199124248660669e-28,1613131080920102e12,0.030286902181122632,0.05038675686548448
13305,creligionMuslim,-0.0645406293901827,0.003353094366798631,-19.24808022978575,2.718365334290056e-68,36786814023331626e51,-0.07474410534723815,-0.05433715343312725
13305,clangFluent,0.059427611337771157,0.0032937710175283677,18.042423417267603,3.732846801972508e-60,2678920547908853e44,0.04940465650590821,0.0694505661696341
13305,clangNone,-0.06082798876136849,0.0032942047027148865,-18.46515145559646,5.959779504446993e-63,16779144249444677e46,-0.07085226329852139,-0.05080371422421559
13405,cconsistMinor inconsistencies,0.08178629066497115,0.003336413115229751,24.513238570979304,1.1715651232018418e-109,8535590384143897e93,0.07163484656895866,0.09193773476098363
13405,cconsistNo inconsistencies,0.10950391009959472,0.0034302904847547297,31.922634711626877,1.2395350343783322e-182,806754123332652e167,0.09906683264952802,0.11994098754966141
13405,cgenderMale,-0.05963498614573556,0.0026721539659789015,-22.317196877497,2.51032504246634e-91,39835478795906115e74,-0.06776534071056735,-0.05150463158090378
13405,coriginEritrea,0.007968244422336297,0.004916713725124741,1.6206443709785312,0.8626518695121385,1.1592161743827634,-0.006991457147253077,0.022927945991925672
13405,coriginIraq,0.002154345574922218,0.004918642182867248,0.4379959945910062,1,0.40725278586048913,-0.012811223562707584,0.01711991471255202
13405,coriginKosovo,-0.012607186321466204,0.0049792709860565585,-2.5319341640111737,0.16978439547409055,5.889822779105764,-0.027757225992248807,0.002542853349316398
13405,coriginPakistan,5.003972998956959e-4,0.004931595667170724,0.10146762501776142,1,0.3766902641248153,-0.014504584394636925,0.015505378994428318
13405,coriginSyria,0.02079797705580542,0.004912100399778065,4.234029307858834,0.0012104377278575643,826.1474150925283,0.005852312091617138,0.03574364201999371
13405,coriginUkraine,0.012707916943337902,0.0050014523174029745,2.540845365878954,0.16651995956016016,6.005286108892676,-0.00250961213518933,0.027925446021865134
13405,cage38 Years,-0.007462074618359736,0.003268324789859919,-2.2831496556006483,0.28401626048900136,3.5209251691373686,-0.01740635167458693,0.002482202437867457
13405,cage62 Years,-0.06442471989715709,0.0034290805243819217,-18.787753579735313,3.347721950680188e-65,2987105902856779e49,-0.07485811589511976,-0.05399132389919442
13405,cjobCleaner,-0.03038682376724073,0.004624086480431232,-6.571422030239998,2.4086587865113997e-8,41516880.913147435,-0.04445617123112405,-0.016317476303357406
13405,cjobDoctor,0.05270887840658633,0.004574731255347662,11.521743128620276,6.179839295973199e-25,1618165055928886e9,0.03878970023858394,0.06662805657458871
13405,cjobFarmer,-0.021937951359236957,0.0045839540779547645,-4.785813947120752,1.431337205943012e-4,6986.473878048654,-0.03588519109062191,-0.007990711627852004
13405,cjobTeacher,0.01122248108709004,0.004616211334900688,2.43110210363267,0.21049406672396284,4.750727731016653,-0.002822905285393555,0.025267867459573636
13405,cjobUnemployed,-0.0882768865624309,0.004620531825928079,-19.10535191361865,2.216179376943487e-67,4512270127606644e51,-0.10233541855616017,-0.07421835456870164
13405,cvulnerNo surviving family,0.00922680272666975,0.00425959517427751,2.1661219785363177,0.35520023171040316,2.8153134787797827,-0.0037335354538571026,0.022187140907196604
13405,cvulnerNone,-0.023081654935085256,0.004310296664916223,-5.355003780356702,1.2048118212245606e-5,83000.51363901861,-0.036196258588749704,-0.00996705128142081
13405,cvulnerPTSD,-0.018712684780323077,0.004251934576249995,-4.400981352075925,6.521248632212498e-4,1533.4486635893297,-0.03164971465641264,-0.005775654904233513
13405,cvulnerVictim of torture,0.08596813584196021,0.00428146606811096,20.079135154722948,2.823860772501468e-74,3541251076320478e58,0.07294125279770931,0.09899501888621111
13405,creasonEthnic persecution,0.15199103252135182,0.003931377479956709,38.66101215063823,9.781366466828118e-263,10223520439514601e246,0.14002933673316262,0.16395272830954102
13405,creasonPolitical persecution,0.14130599920793321,0.00396797004020963,35.61165980992838,5.770254843260487e-225,17330257105853392e208,0.12923296608923124,0.1533790323266352
13405,creasonReligious persecution,0.1460590895203633,0.003985783861952384,36.6450100103567,1.7186611792762147e-237,5818482502881302e221,0.13393185567491905,0.15818632336580757
13405,creligionChristian,0.04001617715921473,0.0032899248473739263,12.163249622907442,9.749019914682922e-28,1025744135052907e12,0.030006179291819646,0.05002617502660982
13405,creligionMuslim,-0.06500352187369272,0.003341847583536104,-19.45137240667052,8.558811500114039e-70,11683865218747671e53,-0.0751715010027776,-0.05483554274460785
13405,clangFluent,0.05949230513970659,0.003281756119961829,18.128192030429904,8.713447377491489e-61,11476513906346555e44,0.04950716162241609,0.06947744865699708
13405,clangNone,-0.06073205892059005,0.0032819939522933943,-18.50462243483162,2.7441159047457943e-63,36441609418558313e46,-0.0707179260717756,-0.050746191769404494
13505,cconsistMinor inconsistencies,0.08196644462141124,0.0033242161204408917,24.657375348549845,4.7273145455915285e-111,21153659024711037e94,0.07185333290560399,0.0920795563372185
13505,cconsistNo inconsistencies,0.11014066810891084,0.0034198104628686238,32.206658615963775,5.183410085869551e-186,1929231882937627e170,0.09973673406707426,0.12054460215074742
13505,cgenderMale,-0.05997477113156713,0.0026614425872588934,-22.534685293864296,3.492036160827655e-93,28636587765545583e76,-0.0680715570308505,-0.051877985232283756
13505,coriginEritrea,0.008697910587958982,0.004894557851441221,1.7770574691231504,0.6877878315066386,1.45393674355861,-0.006192580450434002,0.023588401626351965
13505,coriginIraq,0.0022119168827733327,0.004899418391739556,0.4514651956449843,1,0.40808610994307803,-0.012693361156601319,0.017117194922147985
13505,coriginKosovo,-0.01267905382038863,0.004959104730466372,-2.556722333870986,0.16087361569534203,6.216059704244928,-0.02776591289709119,0.002407805256313931
13505,coriginPakistan,1.406269803980992e-4,0.004914699059914444,0.028613548598547815,1,0.3739627476494789,-0.014811138741710108,0.015092392702506306
13505,coriginSyria,0.02081620952583119,0.004892937804548078,4.254337650987946,0.001118589657618297,893.9828767317603,0.005930647082517946,0.03570177196914443
13505,coriginUkraine,0.012193371256780916,0.00498116804301237,2.447893978177647,0.2033193218163341,4.918371707453053,-0.0029606100335546302,0.02734735254711646
13505,cage38 Years,-0.007761825643361643,0.003258099234866921,-2.382317137641966,0.23298240309816703,4.292169651879891,-0.017673792961246257,0.0021501416745229726
13505,cage62 Years,-0.06501674349769401,0.0034141947245119987,-19.04306834959071,5.004224564947533e-67,1998311600571595e51,-0.07540359303379762,-0.0546298939615904
13505,cjobCleaner,-0.030452122570320917,0.004608850233894514,-6.607314411383821,1.9347136007788135e-8,51687236.787783615,-0.04447341830082166,-0.016430826839820174
13505,cjobDoctor,0.05282948422607417,0.00455878445026093,11.588502330495222,3.0238340097068756e-25,3307059834600306e9,0.03896050135511119,0.06669846709703715
13505,cjobFarmer,-0.02248400451527685,0.004567811872886054,-4.922270255642317,8.047452646485197e-5,12426.292442202313,-0.0363804511040626,-0.008587557926491103
13505,cjobTeacher,0.011145855811899905,0.004600896020185745,2.422540253680832,0.21440538372301923,4.664061986856894,-0.0028512411755186543,0.025142952799318462
13505,cjobUnemployed,-0.08907934299690988,0.004604585037178573,-19.345791700589945,3.926563691709903e-69,25467560913663147e52,-0.10308766291316888,-0.07507102308065088
13505,cvulnerNo surviving family,0.009249142200866539,0.004241252495945231,2.1807572668000796,0.34599291956395095,2.8902325552218904,-0.003653827627927762,0.022152112029660838
13505,cvulnerNone,-0.02298999403210577,0.004296111825577981,-5.351349072253908,1.2133227081988737e-5,82418.304152937,-0.03605985990770605,-0.009920128156505488
13505,cvulnerPTSD,-0.018939191994806006,0.004232651594815588,-4.474545464125583,4.899571826891032e-4,2040.9946732723763,-0.03181599569275044,-0.006062388296861572
13505,cvulnerVictim of torture,0.08527680141953807,0.004267683348791789,19.981988927008963,1.169830811507352e-73,8548244670624453e57,0.07229342220763006,0.09826018063144608
13505,creasonEthnic persecution,0.1514883952877096,0.003915383149645113,38.69056730793777,1.633659311339565e-263,6121227315014793e247,0.13957680297003003,0.16339998760538918
13505,creasonPolitical persecution,0.14128752787554233,0.003954027859583476,35.73255750667012,9.5961018502874e-227,10420898148033416e210,0.12925836851207761,0.15331668723900704
13505,creasonReligious persecution,0.14585319117242496,0.003970639057530101,36.73292612578882,6.383234631993877e-239,15666038578432116e222,0.13377349631593538,0.15793288602891453
13505,creligionChristian,0.03981483685481232,0.0032760591212778974,12.153271775901798,1.0118669013018653e-27,9882722705065287e11,0.02984823099024581,0.04978144271937883
13505,creligionMuslim,-0.0649955495153051,0.003327955849015436,-19.530171812385614,1.9790375551855963e-70,5052961210259695e54,-0.07512003843749451,-0.05487106059311569
13505,clangFluent,0.059798299789795534,0.0032695162663815445,18.289647433372707,6.357583401544867e-62,15729247055681628e45,0.04985159895550075,0.06974500062409032
13505,clangNone,-0.06027580737012058,0.0032718275502985543,-18.42267247997848,8.246241954700443e-63,12126736099830175e46,-0.07022953971849652,-0.05032207502174465
13605,cconsistMinor inconsistencies,0.08244448145934652,0.0033144987823967445,24.873891007958118,4.2928808032611727e-113,23294380762688076e96,0.07236210700353142,0.09252685591516162
13605,cconsistNo inconsistencies,0.11056709088942164,0.003404861458072864,32.47330097007886,3.156719752963075e-189,31678453529533105e172,0.10020984219384677,0.12092433958499652
13605,cgenderMale,-0.06000590313685918,0.002650023065718,-22.643539942397112,3.5597471640797056e-94,28091882763211024e77,-0.06806700878789085,-0.05194479748582752
13605,coriginEritrea,0.008686219459020424,0.004878475632286652,1.780519185446663,0.6853682939739123,1.459069537929433,-0.006153616464140197,0.023526055382181048
13605,coriginIraq,0.0023464938864087787,0.004879955938370445,0.4808432526938633,1,0.41165561921130117,-0.012497844980100408,0.017190832752917967
13605,coriginKosovo,-0.012802967810800297,0.004941642436595279,-2.590832496497128,0.14920694726664546,6.702100795701658,-0.027834950847605726,0.002229015226005134
13605,coriginPakistan,3.462347620250485e-4,0.004893727457449826,0.07075072427622996,1,0.373450178622955,-0.014539995690904731,0.015232465214954827
13605,coriginSyria,0.021014184018867954,0.004874256711898725,4.311259184927512,9.026468769890255e-4,1107.8529439283245,0.00618718163041136,0.035841186407324546
13605,coriginUkraine,0.012607567030095414,0.004959640099703287,2.542032642822141,0.16619014475775065,6.01720397715318,-0.0024791631014286133,0.02769429716161944
13605,cage38 Years,-0.007886587624355307,0.003246508192380899,-2.429252340364958,0.21154308645393072,4.727169376049438,-0.01776214149189556,0.0019889662431849444
13605,cage62 Years,-0.06535571429036996,0.003404501950921226,-19.19685029779035,3.6061500218033297e-68,2773040483490283e52,-0.07571186940107415,-0.05499955917966577
13605,cjobCleaner,-0.03081163164382423,0.004591941336409113,-6.709935817237346,1.0589686421480192e-8,94431502.52037618,-0.04477985883965213,-0.016843404447996323
13605,cjobDoctor,0.052382130356051146,0.004542877614263133,11.530605665358138,5.043100615645176e-25,1982907096673239e9,0.038563150105643484,0.06620111060645881
13605,cjobFarmer,-0.022699206642956812,0.004549755927188658,-4.989104252232469,6.008008668479312e-5,16644.45001962872,-0.03653911003471777,-0.008859303251195855
13605,cjobTeacher,0.011067865903840946,0.004582188275436356,2.4154105502762144,0.21773745008703843,4.592687200113071,-0.0028706934540200305,0.025006425261701923
13605,cjobUnemployed,-0.08913783429501543,0.00458434662795589,-19.443956037582833,6.694529132130467e-70,14937570369221175e53,-0.10308295914580257,-0.07519270944422829
13605,cvulnerNo surviving family,0.008830667336375197,0.004223517213715564,2.090832566681213,0.40863691597304486,2.4471602072925873,-0.0040168504528662104,0.021678185125616603
13605,cvulnerNone,-0.02299329105774761,0.0042814163203127665,-5.370487085934195,1.1003495436771084e-5,90880.21217859881,-0.036016932149996544,-0.009969649965498675
13605,cvulnerPTSD,-0.01868589182247083,0.004217012010140224,-4.4310738924951485,5.753719058827725e-4,1738.0063047495094,-0.0315136214317599,-0.005858162213181766
13605,cvulnerVictim of torture,0.08523634076194349,0.004251517995156311,20.04844877971866,3.183888617580229e-74,3140813389257332e58,0.07230364739048722,0.09816903413339975
13605,creasonEthnic persecution,0.15142466053755071,0.0038997905025843025,38.82892181957083,1.0963732126821801e-265,9120981691568225e249,0.1395618870904432,0.16328743398465823
13605,creasonPolitical persecution,0.14138290422808805,0.003941053940004617,35.8743895365011,8.802960881983505e-229,1135981419668285e213,0.12939461152310203,0.15337119693307408
13605,creasonReligious persecution,0.1457254281597917,0.003955469652019346,36.8414982239583,1.3122586193296811e-240,7620449088845101e224,0.13369328429777655,0.15775757202180685
13605,creligionChristian,0.03974534477847727,0.003263696191633256,12.178016103449705,7.3406064231336645e-28,13622852695773675e11,0.02981750673284985,0.04967318282410469
13605,creligionMuslim,-0.06523552250212981,0.0033157623688563234,-19.674366026607306,1.558340340249424e-71,6417083445583797e55,-0.07532174066182871,-0.055149304342430906
13605,clangFluent,0.059974956771230284,0.0032560054161098126,18.41979637825257,7.336881381647814e-63,13629769216405225e46,0.0500705132970822,0.06987940024537836
13605,clangNone,-0.06010124255218646,0.0032587125749846827,-18.443247500117117,5.108950459316151e-63,1957349181526127e47,-0.07001392093341394,-0.05018856417095899
13705,cconsistMinor inconsistencies,0.08242597131580717,0.003303234943863924,24.953105884557598,6.2301768664014806e-114,16050908689171695e97,0.0723789889056108,0.09247295372600355
13705,cconsistNo inconsistencies,0.11090745217087042,0.0033917418139694272,32.69926139840022,5.1758534457692116e-192,19320485220025093e175,0.10059127093520649,0.12122363340653435
13705,cgenderMale,-0.0600785688287544,0.002639317349981783,-22.762919672834744,2.9438706171182233e-95,3396888416852054e79,-0.06810620702005268,-0.05205093063745611
13705,coriginEritrea,0.009046896491006094,0.004858423282780104,1.862105453650232,0.60405341924519,1.6554827241100214,-0.0057302822725130206,0.023824075254525207
13705,coriginIraq,0.002631214446312573,0.004863596159104562,0.5410018349050194,1,0.4214198587325742,-0.012161697923300319,0.017424126815925464
13705,coriginKosovo,-0.012607333444989266,0.004925898384650417,-2.559397791126783,0.16001983675334153,6.249225222879238,-0.027589741679962282,0.00237507478998375
13705,coriginPakistan,9.090270317035799e-4,0.0048802839853353455,0.18626519162308885,1,0.3770693073755864,-0.01393464233807866,0.01575269640148582
13705,coriginSyria,0.02143534239022718,0.004855431700207255,4.414714017975417,6.090061639584354e-4,1642.0195051888666,0.006667262700191738,0.03620342208026262
13705,coriginUkraine,0.012744617240137783,0.004939849713924502,2.579960520704328,0.15289803172985877,6.540306560432422,-0.00228022477935182,0.027769459259627385
13705,cage38 Years,-0.008547611603062524,0.003234749785820751,-2.6424336251694793,0.13285011187181578,7.527280074591721,-0.018386292396839688,0.0012910691907146409
13705,cage62 Years,-0.0660540562151179,0.003391013824772164,-19.47914683584516,3.156876227718034e-70,3167688334499119e54,-0.07636802322903131,-0.055740089201204476
13705,cjobCleaner,-0.03092437182322175,0.004574705090573709,-6.75986128306766,7.801752641146156e-9,128176327.29420783,-0.04483860509997025,-0.01701013854647325
13705,cjobDoctor,0.05306768588746746,0.004525705438470562,11.725837354850341,6.87707767099416e-26,14541060139799738e9,0.039302487920393356,0.06683288385454156
13705,cjobFarmer,-0.02244977318070911,0.0045315607102684174,-4.954092997107688,6.924394467606662e-5,14441.696016570797,-0.03623278029964788,-0.008666766061770336
13705,cjobTeacher,0.011323843057701165,0.0045636523491304586,2.4813115003948027,0.18959085666266476,5.274515963495434,-0.0025567726590638804,0.025204458774466212
13705,cjobUnemployed,-0.08877879018708101,0.004562650742452087,-19.457722100238815,4.473407734227376e-70,22354322686678033e53,-0.10265635945851276,-0.07490122091564927
13705,cvulnerNo surviving family,0.009115222262121558,0.004208499505649389,2.165907884718889,0.3565142685764891,2.8049368234064183,-0.0036851752951650545,0.02191561981940817
13705,cvulnerNone,-0.022714717206545762,0.004266038257747514,-5.32454606221446,1.346314413467812e-5,74276.85464825548,-0.035690122245909416,-0.00973931216718211
13705,cvulnerPTSD,-0.017970716660537164,0.004200057796514854,-4.278683182752627,0.0010130890242981024,987.0800847860622,-0.03074543826542317,-0.005195995055651157
13705,cvulnerVictim of torture,0.0857272057822225,0.004232536455261384,20.2543337047119,8.262432118028987e-76,12102973866713609e59,0.07285369843588044,0.09860071312856455
13705,creasonEthnic persecution,0.15187246004789703,0.0038843068443174074,39.09898628891295,1.4252888025105042e-269,7016121913247334e253,0.1400581134440758,0.16368680665171828
13705,creasonPolitical persecution,0.14186812484513206,0.003926312240783894,36.13266499070076,3.0330603004892946e-232,3297000062407858e216,0.12992601636950812,0.153810233320756
13705,creasonReligious persecution,0.14626701118568938,0.003939680499622402,37.12661755178074,1.706910738820596e-244,5858537164579316e228,0.13428424236840403,0.15824978000297474
13705,creligionChristian,0.03969311112411683,0.0032491676929244733,12.21639351226908,4.620409854973013e-28,21643101616270808e11,0.029810577422046833,0.04957564482618683
13705,creligionMuslim,-0.06532702697586287,0.0033006404383514425,-19.792227658851413,1.859095213773589e-72,5378960650273534e56,-0.0753661180456944,-0.05528793590603134
13705,clangFluent,0.06011489868453709,0.0032412660389303932,18.546733888087385,8.756214638382369e-64,1142046011088578e48,0.05025639832555019,0.06997339904352398
13705,clangNone,-0.06001050158943263,0.0032441865372588043,-18.497857906820265,1.8699765236827004e-63,5347660718384939e47,-0.06987788481501339,-0.050143118363851866
13805,cconsistMinor inconsistencies,0.08266845962191717,0.003290299182173181,25.12490659506416,1.339372594257879e-115,7466182332587453e99,0.07266190538441827,0.09267501385941607
13805,cconsistNo inconsistencies,0.11084605502183283,0.0033782602058263574,32.811580005193456,1.5605924682556356e-193,6407822800258403e177,0.10057199114304043,0.12112011890062523
13805,cgenderMale,-0.06020430852186645,0.002631623766139935,-22.877247612858472,2.6426368245714533e-96,3.7840992402055336e+95,-0.06820767979316149,-0.052200937250571414
13805,coriginEritrea,0.0084338257954649,0.0048394086639445555,1.7427389131858455,0.7284441184727808,1.3727888998493798,-0.006283925567558253,0.023151577158488052
13805,coriginIraq,0.0022824189060629357,0.004842532441265877,0.47132754065067095,1,0.40756019649252356,-0.012444832580037483,0.017009670392163355
13805,coriginKosovo,-0.01298970095276605,0.004904979106694319,-2.648268355524226,0.1311089908569451,7.627241987478298,-0.02790686706667485,0.0019274651611427517
13805,coriginPakistan,3.5290834362742554e-4,0.00485782254802957,0.0726474341411611,1,0.3711537811891869,-0.014420843862971907,0.015126660550226758
13805,coriginSyria,0.02068153520380342,0.0048345271003831436,4.27788173990469,0.0010112226530833198,988.9018970756828,0.005978629794852081,0.03538444061275476
13805,coriginUkraine,0.012361022087293005,0.0049175004743069765,2.5136798973130845,0.17690644203662093,5.652705398896625,-0.002594224376519105,0.027316268551105118
13805,cage38 Years,-0.008215726401222784,0.0032223137623888717,-2.5496357608366575,0.16354880159668783,6.11438292569092,-0.018015521388949907,0.0015840685865043409
13805,cage62 Years,-0.06609833054843416,0.0033768354338313492,-19.57404553571601,5.607843740810117e-71,17832165912945687e54,-0.07636806136890731,-0.055828599727961004
13805,cjobCleaner,-0.031101068848187637,0.004557079518331251,-6.824780810402994,5.251178737391252e-9,190433434.09346467,-0.04496019254485362,-0.017241945151521654
13805,cjobDoctor,0.053322142081800104,0.004509535771865296,11.824308483031341,2.4120116233951105e-26,4145917002640374e10,0.03960760981932439,0.06703667434427582
13805,cjobFarmer,-0.022788821819253856,0.004512207163520517,-5.050482168348305,4.5371978679121274e-05,22040.035041719875,-0.03651147839626985,-0.009066165242237864
13805,cjobTeacher,0.011335787945189189,0.0045477011341762755,2.4926413611483813,0.18512700190725156,5.401697157613987,-0.002494813934915154,0.025166389825293532
13805,cjobUnemployed,-0.08927451305893809,0.0045427180129382965,-19.652224242110513,1.5554712415618754e-71,6428919887942659e55,-0.10308996012479027,-0.07545906599308591
13805,cvulnerNo surviving family,0.008801203982205427,0.004192511719415276,2.099267592132794,0.40345917114867585,2.4785655439506593,-0.003949185447113836,0.02155159341152469
13805,cvulnerNone,-0.022949738284712293,0.004248617779469469,-5.401695204405528,9.342430653903978e-6,107038.52530948399,-0.035870759107075226,-0.010028717462349361
13805,cvulnerPTSD,-0.017834063173615845,0.0041843486711005,-4.262088218600917,0.0010717227926702881,933.0771043027042,-0.03055962690132484,-0.005108499445906847
13805,cvulnerVictim of torture,0.08609154063103933,0.004212573443906524,20.436804669974478,3.0732861928185192e-77,32538460047643565e60,0.0732801388976393,0.09890294236443935
13805,creasonEthnic persecution,0.1520911829810348,0.003872166725561464,39.27805638559677,2.681129851814739e-272,37297708625456685e255,0.14031503612913132,0.16386732983293828
13805,creasonPolitical persecution,0.14201539995674478,0.003910783998261828,36.31379284048017,8.721902560874419e-235,11465388348706162e218,0.13012180912410115,0.1539089907893884
13805,creasonReligious persecution,0.14641359945107865,0.003925078687810078,37.30208005913056,4.912219152744832e-247,2035739792759905e231,0.134476535189925,0.1583506637122323
13805,creligionChristian,0.03954281769670317,0.0032384303029030417,12.210489032682164,4.608997437141764e-28,21696692472455413e11,0.029694008613950988,0.04939162677945535
13805,creligionMuslim,-0.06559696663677715,0.0032891476123759777,-19.943454769240944,1.2556456453881384e-73,7964030327130114e57,-0.07560001868648218,-0.055593914587072114
13805,clangFluent,0.06020938457982713,0.003228247236477296,18.65079721884262,1.4718792419637592e-64,6794035621195493e48,0.0503915445369256,0.07002722462272866
13805,clangNone,-0.0602095237453183,0.003231060098998891,-18.634603473941436,1.8960693325249882e-64,5274068742350807e48,-0.07003591834810224,-0.05038312914253436
13905,cconsistMinor inconsistencies,0.08274057490544534,0.0032766208748136426,25.25179996912252,7.109371108665796e-117,14065941764962505e100,0.07277665866352581,0.09270449114736487
13905,cconsistNo inconsistencies,0.11134195119562362,0.0033647355306464966,33.090847759505934,5.905487415299675e-197,16933403285379023e180,0.10111008602584588,0.12157381636540136
13905,cgenderMale,-0.06040292373805223,0.0026224837667331003,-23.03271597112603,1.0700406389563792e-97,9345439449620433e81,-0.06837766649769737,-0.052428180978407075
13905,coriginEritrea,0.008697724015855854,0.004823182966460213,1.8033162076451785,0.665129127682716,1.5034674597456903,-0.005969151687301543,0.02336459971901325
13905,coriginIraq,0.002576255712221815,0.0048253020993019565,0.5339055792163778,1,0.41752130935421655,-0.012097064087749753,0.017249575512193385
13905,coriginKosovo,-0.01213405466626215,0.004888124585369068,-2.482353805502687,0.18935075059667894,5.28120430919242,-0.026998412127652957,0.0027303027951286578
13905,coriginPakistan,3.4295285884560395e-4,0.004841953357594447,0.07082944289574651,1,0.3699584080248315,-0.014381001954845206,0.015066907672536415
13905,coriginSyria,0.02138712801061885,0.004820492334466604,4.436710303987108,5.540927943404753e-4,1804.751857836878,0.006728434282992473,0.03604582173824523
13905,coriginUkraine,0.012700663453214885,0.004900079832000285,2.5919299049522393,0.14894640751228053,6.713824231830168,-0.0022000488629595766,0.02760137576938935
13905,cage38 Years,-0.007982544057059978,0.0032084884371026685,-2.4879454028104213,0.18709267071935498,5.34494481347178,-0.017739275541069868,0.001774187426949913
13905,cage62 Years,-0.06578107300162161,0.003363900394001235,-19.555000236905787,6.415840070772001e-71,15586423429654985e54,-0.07601039859422462,-0.055551747409018616
13905,cjobCleaner,-0.03106928399402914,0.004541179001568032,-6.841677895388217,4.67448119766414e-9,213927483.653096,-0.04487861041289996,-0.017259957575158323
13905,cjobDoctor,0.05374311668897347,0.004493175534112671,11.961054332498243,5.672212603666092e-27,17629804626040904e10,0.04007976459771666,0.06740646878023028
13905,cjobFarmer,-0.02257938000482077,0.004498160521086533,-5.019691916056101,5.1455040136039784e-5,19434.442133484743,-0.036257891003553394,-0.008900869006088141
13905,cjobTeacher,0.011305129745654473,0.0045331706077614085,2.4938681386265373,0.18472479390780971,5.413458468921439,-0.0024798438511566233,0.02509010334246557
13905,cjobUnemployed,-0.0893622224631917,0.004530678224939313,-19.72380690628028,3.9967181735496545e-72,25020528257859566e55,-0.10313961694278694,-0.07558482798359646
13905,cvulnerNo surviving family,0.008796287671740741,0.0041757067015654944,2.10653867725982,0.3986602357123692,2.5084016674326497,-0.003901669588141218,0.0214942449316227
13905,cvulnerNone,-0.022890024764584474,0.004232310225060421,-5.408399561319419,8.970388900278755e-6,111477.88698090057,-0.03576010836701531,-0.010019941162153637
13905,cvulnerPTSD,-0.017857564797678898,0.004166925014290079,-4.285549832655508,9.78363490365997e-4,1022.1150010676594,-0.03052881771799336,-0.005186311877364435
13905,cvulnerVictim of torture,0.08661938625701605,0.004195625910625015,20.645164297813317,7.094249740113575e-79,14095923270724756e62,0.07386085643220906,0.09937791608182305
13905,creasonEthnic persecution,0.1525953000804045,0.0038609812539729623,39.52241413329408,6.823436073631318e-276,14655372882651144e259,0.140854395259246,0.164336204901563
13905,creasonPolitical persecution,0.14223430063856438,0.003896130647307054,36.5065531713816,1.7503920275401589e-237,5713005911054729e221,0.1303865096000143,0.15408209167711445
13905,creasonReligious persecution,0.14682616648552302,0.003913670724011671,37.51622883976817,4.477214069521685e-250,2233531800070559e234,0.13492503761454167,0.15872729535650437
13905,creligionChristian,0.039198422151075975,0.003228829627082208,12.140133323323832,8.988989374218202e-28,11124721126806013e11,0.02937983489523266,0.04901700940691929
13905,creligionMuslim,-0.06547408033120163,0.0032767299638848096,-19.981530688472475,5.5259428117473865e-74,18096459447139753e57,-0.07543832830340352,-0.05550983235899973
13905,clangFluent,0.06007710474979139,0.003219010194498145,18.66322289145705,1.0329630968571327e-64,9680887952750438e48,0.050288377525837286,0.06986583197374549
13905,clangNone,-0.06026211457919294,0.0032201195352044047,-18.71424769185398,4.637829556863988e-65,2156181006091524e49,-0.07005421521078352,-0.050470013947602366
14005,cconsistMinor inconsistencies,0.08284682022325594,0.003263875856692904,25.382956907925973,3.4006231339517265e-118,2940637526152275e102,0.07292265702103545,0.09277098342547643
14005,cconsistNo inconsistencies,0.11211958077263896,0.003351658296374161,33.45197238451498,2.3913758246627703e-201,4181693189697688e185,0.10192850568530512,0.1223106558599728
14005,cgenderMale,-0.06062966500787606,0.00261279408216341,-23.20491516027712,3.0704503724928454e-99,3256851206450594e83,-0.06857414452354574,-0.05268518549220638
14005,coriginEritrea,0.009037228150564597,0.004801960907943474,1.8819870306763808,0.5878105443824099,1.7012284137411346,-0.005563646954225827,0.023638103255355022
14005,coriginIraq,0.0027986416853126423,0.004810815824669423,0.5817395193059488,1,0.4259957390373248,-0.011829157739699761,0.017426441110325045
14005,coriginKosovo,-0.011562082087424014,0.0048698318947926825,-2.3742261205745856,0.23770111549146,4.20696385009572,-0.02636932617797292,0.0032451620031248903
14005,coriginPakistan,5.408271032276767e-5,0.004819747733509213,0.011221066602046111,1,0.3680364963715924,-0.014600875137658346,0.014709040558303882
14005,coriginSyria,0.021494039917436925,0.0048016663063713,4.476371023308434,4.7320490036037904e-4,2113.249459670492,0.006894060580197184,0.03609401925467667
14005,coriginUkraine,0.013144181856336644,0.004879286927431877,2.693873521239064,0.1180408933069219,8.471640394993184,-0.0016918112709751847,0.02798017498364847
14005,cage38 Years,-0.007688727575509535,0.0031980873718778255,-2.404164327441415,0.2234522059314469,4.475229930407538,-0.01741285386186731,0.0020353987108482387
14005,cage62 Years,-0.06576498637042345,0.0033517433467065115,-19.621128340582942,1.8182009001239913e-71,54999422777307253e54,-0.07595632006237822,-0.055573652678468685
14005,cjobCleaner,-0.03125878174973206,0.00452781281192361,-6.903726600051733,3.1834398765663875e-9,314125612.15969485,-0.0450260802830055,-0.017491483216458624
14005,cjobDoctor,0.05364546584525233,0.004475135419879568,11.987450839352702,4.079268958972671e-27,24514196294912643e10,0.04003833854969323,0.06725259314081143
14005,cjobFarmer,-0.022586840882162118,0.0044816700026077535,-5.0398268656593395,4.679369699215997e-5,21370.399525550303,-0.03621383727455588,-0.00895984448976836
14005,cjobTeacher,0.011539568404969324,0.004518720527028029,2.5537247404319823,0.1621944120076652,6.165440520557149,-0.0022000840648057716,0.02527922087474442
14005,cjobUnemployed,-0.08943743661505209,0.004515953072085437,-19.804775467640205,8.74774427275704e-73,11431518444295224e56,-0.10316867434244391,-0.07570619888766027
14005,cvulnerNo surviving family,0.009072010197548266,0.004162264509462366,2.179585217836164,0.3486388812008965,2.868297410075066,-0.0035837996727967197,0.021727820067893252
14005,cvulnerNone,-0.023136522923801566,0.004218638107574145,-5.484358300908116,6.2200976917712355e-6,160769.17912767376,-0.03596374274125298,-0.010309303106350151
14005,cvulnerPTSD,-0.018312482621027998,0.004151513211133384,-4.411038021490144,6.079822830973603e-4,1644.7847705454653,-0.030935602020308102,-0.005689363221747892
14005,cvulnerVictim of torture,0.08642433323177694,0.004178049433745972,20.685330463955346,2.9106079040924543e-79,34357083913431008e62,0.07372052761294048,0.09912813885061339
14005,creasonEthnic persecution,0.15319295223452867,0.0038440846037809456,39.851607866239966,1.244932700541387e-280,8032562720580217e264,0.14150460235662624,0.1648813021124311
14005,creasonPolitical persecution,0.14351166921014985,0.0038809627610125646,36.97836801008285,1.1420898329315424e-243,8755878663530146e227,0.13171118735571613,0.15531215106458357
14005,creasonReligious persecution,0.14762400103187898,0.003899993907859264,37.852367085596526,1.1056250445203218e-254,9044657634667208e238,0.13576565294247656,0.1594823491212814
14005,creligionChristian,0.03912774449290308,0.003215415105202476,12.168800360984553,6.2765870920659015e-28,15932225353235016e11,0.029350931382355665,0.04890455760345049
14005,creligionMuslim,-0.06568972946758228,0.0032640900124066984,-20.124974868308712,4.138185653140626e-75,2416517971447371e59,-0.07561454383312752,-0.055764915102037044
14005,clangFluent,0.05975305852633355,0.0032065555394528316,18.63465572048998,1.3809119352316387e-64,7241591404105409e48,0.05000318387186129,0.0695029331808058
14005,clangNone,-0.06041535121422269,0.0032069046476558686,-18.839147979776737,5.512484513731579e-66,18140640531669588e49,-0.07016628736947939,-0.050664415058965996
14105,cconsistMinor inconsistencies,0.08266467902401713,0.003251782322909164,25.421344608965786,1.116834464019004e-118,8953878414545274e102,0.07277824294061869,0.09255111510741557
14105,cconsistNo inconsistencies,0.11169947756064039,0.0033404789980075915,33.43816190051273,1.899135871823941e-201,52655526907592675e184,0.10154337582250463,0.12185557929877615
14105,cgenderMale,-0.060560011134945156,0.002603877360247103,-23.257628050960943,8.629961996927042e-100,1158753654252568e84,-0.06847661333483059,-0.05264340893505973
14105,coriginEritrea,0.009548531803644766,0.004786382936224156,1.994936872137802,0.48715190796854513,2.05274778491593,-0.005003570480777096,0.024100634088066626
14105,coriginIraq,0.0028921597822419037,0.004797159730885702,0.6028900317038063,1,0.429376726529052,-0.011692707331133813,0.01747702689561762
14105,coriginKosovo,-0.01114134617551471,0.0048523711347092414,-2.2960622479637083,0.27856282030199747,3.5898545215613233,-0.025894073237919174,0.003611380886889755
14105,coriginPakistan,1.721207817972694e-5,0.004802194505019666,0.0035842109605796683,1,0.3668878062123898,-0.014582962324469043,0.014617386480828498
14105,coriginSyria,0.02184390351912009,0.004782728594554106,4.567247145069623,3.3002981384584165e-4,3030.0292823456984,0.0073029115771997295,0.03638489546104045
14105,coriginUkraine,0.013141585417427867,0.004862195128718324,2.7028091365169034,0.11561123248662983,8.649678569213831,-0.0016410096617162882,0.027924180496572023
14105,cage38 Years,-0.007458070561399357,0.0031871030045054543,-2.340078293941627,0.2550290054348333,3.921122612288611,-0.01714786127194763,0.0022317201491489176
14105,cage62 Years,-0.06585604447388466,0.003340993082979131,-19.711517754823205,3.4369046951296086e-72,2909594791549171e56,-0.0760137091912447,-0.05569837975652462
14105,cjobCleaner,-0.03158181266625721,0.00451348629417088,-6.997210273363361,1.7874990799195585e-9,559440847.4017241,-0.04530422374102268,-0.01785940159149174
14105,cjobDoctor,0.05376706026255858,0.004456038021931244,12.066113439322937,1.7117685445970016e-27,5841911297858485e11,0.04021930991695616,0.067314810608161
14105,cjobFarmer,-0.022153672250566355,0.004464158202789843,-4.962564327743039,6.484144432639645e-5,15422.23512120176,-0.035726110487630205,-0.008581234013502506
14105,cjobTeacher,0.011393091065325904,0.004499612390184127,2.5320161110276636,0.17018901856396818,5.875819770499085,-0.0022871389987286373,0.025073321129380446
14105,cjobUnemployed,-0.0895302511600234,0.004499713458150182,-19.89687832185408,1.5803146650517034e-73,6327853699739494e57,-0.10321078850232945,-0.07584971381771735
14105,cvulnerNo surviving family,0.009316336762385035,0.004148844640308639,2.245525578825236,0.3076370704727742,3.250583547890402,-0.0032974495502442747,0.021930123075014345
14105,cvulnerNone,-0.0231938234999519,0.004203440995571249,-5.5178182647000265,5.255887673820462e-6,190262.81801663927,-0.035973599821471906,-0.010414047178431895
14105,cvulnerPTSD,-0.0179327878761096,0.004135730157817245,-4.336063329038412,8.030756566587955e-4,1245.2126916167654,-0.030506702057076042,-0.005358873695143157
14105,cvulnerVictim of torture,0.0868502741490834,0.004164545486065989,20.85468256732284,1.2629851852924958e-80,7917749247141083e64,0.07418875235091997,0.09951179594724684
14105,creasonEthnic persecution,0.15355336077589632,0.003826506705441679,40.12886232696991,1.0232899945891717e-284,9772400837374335e268,0.14191958267841281,0.16518713887337982
14105,creasonPolitical persecution,0.14344952005599407,0.003867468277151335,37.09132429178057,2.0520676406854734e-245,4873133712424605e229,0.13169120595936631,0.15520783415262182
14105,creasonReligious persecution,0.147234565697415,0.003884307218033123,37.904974409302625,1.052713982178962e-255,9499256369048581e239,0.1354250559498462,0.1590440754449838
14105,creligionChristian,0.038920733596217984,0.0032047288326371892,12.144782173095717,7.58016833491646e-28,13192319165178813e11,0.029177354851189753,0.048664112341246214
14105,creligionMuslim,-0.06555208043878558,0.003254191866006049,-20.143889216722577,2.5018380361881296e-75,3997061302671807e59,-0.07544584228739583,-0.055658318590175324
14105,clangFluent,0.05975275304258853,0.0031968414281082617,18.69118452895781,4.865094951883809e-65,20554583412864138e48,0.05003335447611954,0.06947215160905751
14105,clangNone,-0.06074956354050799,0.003199882580192271,-18.984935233735275,4.6246780803947567e-67,2162312668289857e51,-0.07047820816120595,-0.051020918919810025
14205,cconsistMinor inconsistencies,0.08300860431577634,0.00324517140176801,25.57911248402849,2.9885378248213126e-120,3346117929960585e104,0.07314318456739313,0.09287402406415954
14205,cconsistNo inconsistencies,0.11186868672650173,0.00333033328060347,33.590838303796026,1.809055722231591e-203,55277457057344434e186,0.10174437227665066,0.1219930011763528
14205,cgenderMale,-0.06045997485685435,0.0025950298093497977,-23.298373929663263,3.0526732583369554e-100,3275817342288323e84,-0.06834894439321068,-0.05257100532049802
14205,coriginEritrea,0.009581843218813226,0.004768715098679606,2.009313414732264,0.47583598811178734,2.1015644570479015,-0.004915195699777034,0.024078882137403487
14205,coriginIraq,0.0028184082643941625,0.004781931265097356,0.5893870296642129,1,0.4251544247897544,-0.01171880820201516,0.017355624730803487
14205,coriginKosovo,-0.0112854157178064,0.004836862241308339,-2.3332100760334598,0.25880687823608695,3.8638849431497224,-0.02598962402237088,0.0034187925867580817
14205,coriginPakistan,4.784260857894495e-4,0.004785398529107912,0.09997622619711824,1,0.3673523773065863,-0.014069330968652899,0.015026183140231797
14205,coriginSyria,0.022041084672187475,0.004766665365309062,4.6240050397912436,2.619241887543484e-4,3817.8986246202444,0.00755027700537691,0.03653189233899804
14205,coriginUkraine,0.013385664516858102,0.0048448428184399255,2.762868687072986,0.10030228153509219,9.969862945242534,-0.001342804984879065,0.02811413401859527
14205,cage38 Years,-0.007544933191873776,0.0031770692578126304,-2.3748091651827448,0.23776666844048266,4.205803978156502,-0.01720332035161818,0.0021134539678706286
14205,cage62 Years,-0.06580886614536163,0.0033290056753180804,-19.768325008660046,1.1263341575816855e-72,887835988342098e57,-0.07592914463477209,-0.05568858765595118
14205,cjobCleaner,-0.03181794403863833,0.0044973276850131345,-7.07485561807476,1.0964869182292217e-9,912003584.698444,-0.045489956966678693,-0.018145931110597965
14205,cjobDoctor,0.05337187933034072,0.004443921332315046,12.010086439252248,2.874732431424418e-27,3478584612149466e11,0.039862223338611884,0.06688153532206956
14205,cjobFarmer,-0.022421383493205778,0.004450151802543898,-5.038341271951387,4.639697478161742e-5,21553.12937334445,-0.03594998030390151,-0.00889278668251005
14205,cjobTeacher,0.011029230839918682,0.004481595734467195,2.461005296639037,0.19850805075941813,5.0375790612741955,-0.0025949564800468814,0.024653418159884248
14205,cjobUnemployed,-0.0895220433095816,0.004482331975476042,-19.97220281750193,3.752135025624629e-74,26651492901258987e57,-0.10314846882460346,-0.07589561779455975
14205,cvulnerNo surviving family,0.009038361410556865,0.00413701978982758,2.1847517947052317,0.34601498607183806,2.8900482356344663,-0.003538304559006859,0.02161502738012059
14205,cvulnerNone,-0.023561635780212857,0.004187229611007725,-5.6270226304934745,3.0769967804040535e-6,324992.21525629476,-0.03629094113306571,-0.010832330427360001
14205,cvulnerPTSD,-0.017964202957851175,0.004119370539452678,-4.3609097035097015,7.279974851398439e-4,1373.6311188051784,-0.030487214669554175,-0.005441191246148178
14205,cvulnerVictim of torture,0.08637394986692341,0.004148621205201648,20.81991717118582,1.902288467251851e-80,52568262764303774e63,0.07376201524181866,0.09898588449202816
14205,creasonEthnic persecution,0.15365979298526208,0.003813265988814094,40.29611189883176,2.3549853725745175e-287,4246310875836906e271,0.14206734841626675,0.16525223755425741
14205,creasonPolitical persecution,0.14345884591583238,0.003851419325549367,37.24830608917646,1.0182189872903997e-247,9821070049588423e231,0.13175041404290302,0.15516727778876174
14205,creasonReligious persecution,0.1468124107826447,0.0038700248841405144,37.9357795305882,1.909985062351374e-256,5235643040940355e240,0.1350474174457955,0.15857740411949392
14205,creligionChristian,0.03907875731652177,0.003193501267554245,12.236963145610519,2.7277514655937105e-28,3666023142553217e12,0.029370416347458628,0.04878709828558492
14205,creligionMuslim,-0.0659547093101537,0.00324257333666548,-20.3402367386326,7.436627051500736e-77,13446956437034134e60,-0.07581223086161697,-0.056097187758690416
14205,clangFluent,0.05989064635102658,0.0031853438305137053,18.801940869713874,7.249868246219096e-66,13793354114007706e49,0.05020710423863772,0.06957418846341544
14205,clangNone,-0.06062556299432713,0.0031887293243186257,-19.012451929353308,2.5384965656455646e-67,3939339582071446e51,-0.07031939711083722,-0.05093172887781704
14305,cconsistMinor inconsistencies,0.08314337568227513,0.0032321574176550584,25.723801454755858,1.030702338465785e-121,9702122161559408e105,0.07331839683854502,0.09296835452600524
14305,cconsistNo inconsistencies,0.11193845154162786,0.0033187241724789134,33.729362768348324,2.465904319372033e-205,4055307386195179e189,0.10185033064606916,0.12202657243718656
14305,cgenderMale,-0.060736703394202986,0.002585656352998131,-23.48985909275117,5.750929241485813e-102,17388494241699962e85,-0.06859647495934962,-0.05287693182905635
14305,coriginEritrea,0.009130656094935283,0.004749999054274641,1.922243771126308,0.5527135130198064,1.8092555662994347,-0.0053081951692598404,0.023569507359130406
14305,coriginIraq,0.0021735056785795862,0.004767567125035789,0.4558940905448227,1,0.3990390177629047,-0.012318748282715192,0.016665759639874364
14305,coriginKosovo,-0.011818989232360841,0.004819272781506776,-2.4524424676093055,0.20227789041839064,4.9436940336465085,-0.026468415916170225,0.0028304374514485434
14305,coriginPakistan,4.7275513511388106e-5,0.004772094435767401,0.00990665925574579,1,0.3646708067283115,-0.014458740380266661,0.014553291407289436
14305,coriginSyria,0.021969877002399326,0.004754528886917792,4.620831532404821,2.6376924972988577e-4,3791.1924950465414,0.007517256139718221,0.03642249786508043
14305,coriginUkraine,0.012919761426735739,0.004828261203563339,2.675862154516565,0.12312040785806011,8.122130338886258,-0.001756987891813484,0.027596510745284963
14305,cage38 Years,-0.007605437280730373,0.003166573438055416,-2.4017877461262516,0.22502164779288464,4.444016874858298,-0.017231056647556788,0.0020201820860960423
14305,cage62 Years,-0.06555325392349964,0.003318830301801112,-19.751914970742625,1.2449921541675422e-72,8032179131832722e56,-0.07564169742659584,-0.05546481042040345
14305,cjobCleaner,-0.031569421913217155,0.004477717042364705,-7.050338736130853,1.251224356933335e-9,799217178.3251818,-0.04518060154485787,-0.01795824228157644
14305,cjobDoctor,0.053221722095121424,0.00442536651669264,12.026511678607228,2.290833504901712e-27,43652233907889564e10,0.03976967543280228,0.06667376875744058
14305,cjobFarmer,-0.02280021369664353,0.004430608966219092,-5.14606770095993,2.8652282711288698e-5,34901.23317839561,-0.03626819614086654,-0.009332231252420518
14305,cjobTeacher,0.010920789790582875,0.004461539759495768,2.44776251681709,0.2042980698647734,4.894808847983285,-0.0026412148036453215,0.024482794384811074
14305,cjobUnemployed,-0.08938869527320328,0.004462549990561679,-20.030855780273818,1.1734065320073382e-74,8522195613563759e58,-0.10295377072616987,-0.07582361982023669
14305,cvulnerNo surviving family,0.0090711588248985,0.004120068820739937,2.201700801509762,0.33541375978340227,2.9813922978167704,-0.0034528564898784753,0.021595174139675474
14305,cvulnerNone,-0.023857745748948753,0.004170538396093892,-5.720543364687354,1.925383443035694e-6,519377.0641464176,-0.036535176397829223,-0.011180315100068281
14305,cvulnerPTSD,-0.01777615249184176,0.0041057722532345286,-4.329551518070128,8.153029757328674e-4,1226.537900344483,-0.03025670969021904,-0.005295595293464484
14305,cvulnerVictim of torture,0.08651489700134984,0.004131651991359052,20.939541176819183,1.9323246099621339e-81,5175113926741306e65,0.07395567164214419,0.0990741223605555
14305,creasonEthnic persecution,0.1536938845089785,0.0038002033336057097,40.4435949913108,9.76355470952473e-290,1.0242171317219751e+289,0.14214218311269045,0.16524558590526656
14305,creasonPolitical persecution,0.1436089918110576,0.0038360578598748145,37.43660733410943,1.9825645096381923e-250,50439720631461055e233,0.13194830130423868,0.15526968231787652
14305,creasonReligious persecution,0.14670838806852163,0.0038544997568052534,38.06158965492289,2.106339170303872e-258,47475734872068805e241,0.13499163864384492,0.15842513749319834
14305,creligionChristian,0.039127571251656466,0.003184852960632635,12.28551890316601,1.5420385172736896e-28,6484922320669338e12,0.02944638654583584,0.04880875595747709
14305,creligionMuslim,-0.06611872618400169,0.003233877981269883,-20.445646547875658,1.0184388455442137e-77,9818949899398615e61,-0.0759489351260626,-0.05628851724194078
14305,clangFluent,0.060195430349792405,0.0031708511968154963,18.983997234006758,3.417893988642811e-67,2925778281371106e51,0.050556807628275774,0.06983405307130904
14305,clangNone,-0.06081414819950109,0.0031757294937230524,-19.149662564051038,2.3859877119186437e-68,41911364212176526e51,-0.0704675997668061,-0.05116069663219608
14405,cconsistMinor inconsistencies,0.08321500316751704,0.0032193836743778102,25.848116156456395,5.380687948735796e-123,18584984104773297e106,0.07342969356172183,0.09300031277331225
14405,cconsistNo inconsistencies,0.11246600019187476,0.0033066556479663003,34.012008556453395,6.756673150988026e-209,14800183132341847e192,0.10241542761408004,0.12251657276966949
14405,cgenderMale,-0.06067891643032129,0.002577161448579399,-23.544864239595526,1.5256163876355158e-102,6554727702878539e86,-0.06851219299166277,-0.05284563986897982
14405,coriginEritrea,0.009811828666477469,0.0047347336343358335,2.072308481162072,0.4268095744310036,2.3429652470499023,-0.00457938381362624,0.02420304114658118
14405,coriginIraq,0.0027185465999797938,0.004751355429558861,0.5721623314196465,1,0.4190496568654328,-0.011723187790188857,0.017160280990148442
14405,coriginKosovo,-0.01149481521694923,0.00480227740765871,-2.393617494611454,0.22904046167818612,4.366040797651956,-0.02609132684768485,0.00310169641378639
14405,coriginPakistan,7.111774467425246e-4,0.00476039771705547,0.14939454411435632,1,0.3670933637038506,-0.013758040956407595,0.015180395849892645
14405,coriginSyria,0.022099649459850084,0.004738969294803691,4.663387349667466,2.2103799443028667e-4,4524.109090735487,0.007695562699059397,0.03650373622064077
14405,coriginUkraine,0.01328243302386864,0.004813209772128015,2.7595790860360143,0.1010853233402484,9.892632945675482,-0.001347307504654758,0.027912173552392037
14405,cage38 Years,-0.007394568696591092,0.0031525617071229656,-2.3455746099699315,0.25281484255221,3.9554639668495146,-0.01697677307971248,0.0021876356865302956
14405,cage62 Years,-0.06534538903281809,0.0033084500890197687,-19.751057829069048,1.0653140544446266e-72,9386903287606803e56,-0.07540141581025271,-0.05528936225538346
14405,cjobCleaner,-0.03104653971235176,0.004459777400537734,-6.961455006388514,2.1071230051870922e-9,474580742.33839506,-0.04460202332386145,-0.01749105610084207
14405,cjobDoctor,0.053487538586122846,0.004412020454634535,12.123139304564587,7.949426592974789e-28,1257952367135182e12,0.04007721210677148,0.06689786506547421
14405,cjobFarmer,-0.023125634327069333,0.0044165471236808545,-5.2361344008022,1.8966080585698878e-5,52725.70658346969,-0.03654971960704261,-0.009701549047096051
14405,cjobTeacher,0.011170092419899306,0.004445096019560636,2.512902391927044,0.1776904270586538,5.6277651900173,-0.0023407671663831665,0.024680952006181776
14405,cjobUnemployed,-0.08933514395678217,0.004446274712996013,-20.092133240365143,3.5004455620479595e-75,2856779179319513e59,-0.10284958617917207,-0.07582070173439227
14405,cvulnerNo surviving family,0.009550073277711853,0.0041060686451533605,2.325843550858405,0.263127240748655,3.8004426951568355,-0.0029303133488491635,0.022030459904272867
14405,cvulnerNone,-0.023774989928624052,0.004156293514511775,-5.720238439757259,1.9087170420505584e-6,523912.1242013366,-0.036408034935263886,-0.011141944921984219
14405,cvulnerPTSD,-0.017725089713905365,0.004089982379644952,-4.33378143683936,7.988372428372158e-4,1251.8194525436973,-0.03015658217179255,-0.0052935972560181795
14405,cvulnerVictim of torture,0.08623194549167275,0.004117314056130852,20.943737668801287,1.478727599659041e-81,676257074143051e66,0.07371737846315003,0.09874651252019546
14405,creasonEthnic persecution,0.15406285627452437,0.003786316444383132,40.68937674321206,1.8560130958922063e-293,5387893017636757e277,0.14255435575975953,0.16557135678928922
14405,creasonPolitical persecution,0.14365497114388065,0.00382311489332762,37.5753737860711,1.5994799638151269e-252,6252032051809955e236,0.13203462182438938,0.15527532046337192
14405,creasonReligious persecution,0.14639368472416203,0.003837733523965134,38.145870162686165,7.866677996616064e-260,12711846098571224e243,0.13472890210896285,0.15805846733936121
14405,creligionChristian,0.03899525957908298,0.0031724580646343924,12.291812463587902,1.3590290066937488e-28,7358194674834822e12,0.029352580261014758,0.048637938897151206
14405,creligionMuslim,-0.06651721227927225,0.0032219884690942555,-20.644770432083867,2.7279159632005567e-79,3665802075613573e63,-0.07631043915288577,-0.05672398540565873
14405,clangFluent,0.05944812903259836,0.0031606319418394802,18.808937619607708,4.773391332169537e-66,20949466121929994e49,0.04984139518878515,0.06905486287641156
14405,clangNone,-0.06131937567506572,0.003163386269736029,-19.38409364095222,4.5150494100584124e-70,2214815186235277e54,-0.07093448129246967,-0.051704270057661775
14505,cconsistMinor inconsistencies,0.08381183693459199,0.0032084634111673024,26.122110865555914,1.110903844946144e-125,9001679169167692e109,0.07406052329951232,0.09356315056967165
14505,cconsistNo inconsistencies,0.1128314189977694,0.0032939072019863573,34.25458341076748,5.147458995820152e-212,19427061018106633e195,0.1028204205554556,0.1228424174400832
14505,cgenderMale,-0.06054532166646558,0.002567972415258596,-23.577091913726278,6.317667229754308e-103,1582862730234194e87,-0.06835002479640066,-0.052740618536530504
14505,coriginEritrea,0.009609031911561296,0.004719016358499772,2.036236194488657,0.45577087728471366,2.1940849006359704,-0.004733225631609838,0.02395128945473243
14505,coriginIraq,0.002446212501627246,0.0047362452628546175,0.5164877167177933,1,0.40699094897041377,-0.011948407941917984,0.016840832945172475
14505,coriginKosovo,-0.011542126273270387,0.004787657515806215,-2.410808675258125,0.22113517532582339,4.522120908745465,-0.02609300126579135,0.0030087487192505744
14505,coriginPakistan,4.383562974828275e-4,0.004743096118635106,0.09241986384390853,1,0.3638122058501296,-0.01397708559073019,0.014853798185695846
14505,coriginSyria,0.022141371930487905,0.00471899620489047,4.69196646260109,1.957329064928826e-4,5109.002966940374,0.007799175639118647,0.036483568221857166
14505,coriginUkraine,0.013512712365297011,0.004795794527422908,2.8176170367662245,0.08783354366829131,11.38517197685386,-0.001062893017494411,0.028088317748088433
14505,cage38 Years,-0.0073773714309901504,0.003140138821941798,-2.3493774795689237,0.25106938106857407,3.9829627800248253,-0.01692102974539297,0.0021662868834126693
14505,cage62 Years,-0.06529323975319905,0.003294509918890918,-19.81880199504141,2.90993098324532e-73,34365076208259182e56,-0.07530607000121432,-0.05528040950518378
14505,cjobCleaner,-0.030845871463692158,0.004445598015902501,-6.938520161596333,2.379368025309639e-9,420279666.4336384,-0.04435714305796022,-0.017334599869424098
14505,cjobDoctor,0.053148118193457945,0.004393937275561884,12.09578445487971,9.974501184355932e-28,10025564000818468e11,0.03979385636278214,0.06650238002413375
14505,cjobFarmer,-0.023463539898151038,0.004406163961222308,-5.325162682244365,1.2518676228262574e-5,79880.6504590611,-0.03685496164973395,-0.010072118146568122
14505,cjobTeacher,0.011130616715838006,0.004430952121174826,2.5120146667003085,0.17812403757801817,5.614065420912104,-0.0023361423829910133,0.024597375814667026
14505,cjobUnemployed,-0.08941133778096447,0.004433275690940048,-20.168233156283897,8.09365945261424e-76,1235535057849514e60,-0.10288515878283866,-0.07593751677909027
14505,cvulnerNo surviving family,0.00923324963906633,0.004092559390022073,2.256106450544761,0.3025438574623429,3.305305909654663,-0.0032050502783936338,0.021671549556526296
14505,cvulnerNone,-0.024309909657514648,0.004144727956850339,-5.8652606179702635,9.125776624794277e-7,1095797.1481386584,-0.03690676274882862,-0.011713056566200674
14505,cvulnerPTSD,-0.018200617016409012,0.0040754086252717545,-4.465961254423995,4.8022346914929374e-4,2082.363866496321,-0.030586791519073932,-0.005814442513744094
14505,cvulnerVictim of torture,0.08606063435838365,0.00410396849909042,20.970101105176035,7.677004915071972e-82,1302591324432707e66,0.07358765933743489,0.09853360937933242
14505,creasonEthnic persecution,0.1542081517960737,0.00377425354903894,40.85792059077234,3.7793664227506937e-296,26459461405496144e279,0.14273726203404857,0.16567904155809882
14505,creasonPolitical persecution,0.14360791867793057,0.0038060054468515986,37.731926736133765,7.515385515389615e-255,1330603730111053e239,0.13204052704744013,0.15517531030842102
14505,creasonReligious persecution,0.14621970343146645,0.0038245818191476964,38.231553237904414,2.8082433689435146e-261,3560944934684235e245,0.13459585361235188,0.15784355325058103
14505,creligionChristian,0.03868602345723275,0.0031612006115578173,12.237762866358725,2.262814132137579e-28,44192759175290504e11,0.029078353156423285,0.04829369375804222
14505,creligionMuslim,-0.06649595963045571,0.003208659782927981,-20.723904723166537,5.724934914193271e-80,17467447490464876e63,-0.0762478700878712,-0.05674404917304022
14505,clangFluent,0.0593506005669839,0.0031494371671737377,18.844827636375527,2.3191353187592673e-66,4311951924111949e50,0.04977868228230113,0.06892251885166667
14505,clangNone,-0.061051988090550964,0.0031517321076359513,-19.370931921096805,4.7658896519414154e-70,20982441328507127e53,-0.07063088126674816,-0.05147309491435377
14605,cconsistMinor inconsistencies,0.08353097270701212,0.003196051701972536,26.13567629568025,6.063387561173368e-126,16492430838553936e109,0.0738181495722865,0.09324379584173775
14605,cconsistNo inconsistencies,0.11264361520294386,0.0032817367901217913,34.324390530650525,4.222416874276366e-213,23683118691860074e196,0.10267039449518665,0.12261683591070106
14605,cgenderMale,-0.060531649866019194,0.0025588903046748043,-23.65542976009354,1.0558959304982191e-103,9470630306607537e87,-0.06830813512598265,-0.05275516460605574
14605,coriginEritrea,0.009125199147024738,0.0046988701695733935,1.9419985693823092,0.5371531057078507,1.8616666074791062,-0.005154699661225755,0.023405097955275234
14605,coriginIraq,0.001981580020734125,0.004718486153289275,0.41996096975992137,1,0.39018239970064017,-0.012357931897131719,0.016321091938599968
14605,coriginKosovo,-0.011904168154593912,0.004771108792791471,-2.4950527585075344,0.18491532468074684,5.407880616311726,-0.026403600636339182,0.0025952643271513597
14605,coriginPakistan,3.262178469323075e-4,0.004728092838743361,0.06899565174761038,1,0.362133218327584,-0.014042488854193421,0.014694924548058036
14605,coriginSyria,0.022002297927648688,0.0046979555699277606,4.683377184000702,2.0154758320523405e-4,4961.607497826998,0.007725178594020471,0.036279417261276904
14605,coriginUkraine,0.01341722126413356,0.0047748713115062635,2.8099649998527423,0.08948112620438735,11.175541060087474,-0.0010936455378998712,0.027928088066166992
14605,cage38 Years,-0.007334573406151878,0.0031292497494387907,-2.343876006530729,0.25411162841437646,3.935278390209335,-0.016844384947036842,0.0021752381347330853
14605,cage62 Years,-0.06506089767478102,0.003283066480959198,-19.817112462423385,2.532272675083188e-73,3949021801007859e57,-0.07503815932215119,-0.05508363602741084
14605,cjobCleaner,-0.03106460136449414,0.0044308066458115134,-7.01104874297772,1.5106789239845916e-9,661954028.8298876,-0.04452985327777621,-0.017599349451212068
14605,cjobDoctor,0.05302066455588366,0.004377810723411495,12.111228169902756,8.026580364219824e-28,12458605715302012e11,0.03971646761577844,0.06632486149598887
14605,cjobFarmer,-0.02370688809715144,0.004388731273361074,-5.401763430139506,8.693825228611926e-6,115024.16642894282,-0.03704427266376743,-0.010369503530535442
14605,cjobTeacher,0.010555882583944985,0.004415021065591681,2.3909019746727602,0.23067727467635296,4.335060752746579,-0.0028613968423276855,0.023973162010217656
14605,cjobUnemployed,-0.08967104496315838,0.004417724175104091,-20.298018031206198,7.4405802067945e-77,13439812114206254e60,-0.10309653915785662,-0.07624555076846014
14605,cvulnerNo surviving family,0.009302442955944575,0.004080654681070729,2.2796447342375203,0.28911488409557473,3.4588326475416706,-0.0030986947248596818,0.02170358063674883
14605,cvulnerNone,-0.024686912561487542,0.004131631102057922,-5.975100862511963,5.137939663240906e-7,1946305.4561625987,-0.037242967936766,-0.012130857186209086
14605,cvulnerPTSD,-0.018337417647495878,0.004062072019722876,-4.514301459565678,3.958244670240072e-4,2526.3723779342545,-0.03068208249247811,-0.005992752802513646
14605,cvulnerVictim of torture,0.08589492730697226,0.004089879955573352,21.00182113900965,3.6285539799914325e-82,27559187640977607e65,0.07346575395341653,0.09832410066052799
14605,creasonEthnic persecution,0.15400031984012574,0.003764492895072977,40.908649353989645,3.0623606566936795e-297,3265454700164754e281,0.14256000000449587,0.16544063967575562
14605,creasonPolitical persecution,0.14347333293332576,0.003795933355111841,37.796589010214205,5.2386252858200916e-256,1908897745954076e240,0.13193746532309528,0.15500920054355624
14605,creasonReligious persecution,0.14604591296546565,0.0038114538435627247,38.317639137130534,9.867736871470164e-263,10134035929669182e246,0.1344628784839374,0.1576289474469939
14605,creligionChristian,0.038698231058221025,0.0031533734658381637,12.272010111537826,1.4886357216743733e-28,6717560148800069e12,0.0291151073770491,0.04828135473939295
14605,creligionMuslim,-0.0665553534970273,0.0031978955232954552,-20.812235112809912,1.016888112357325e-80,9833923593440624e64,-0.07627378001745239,-0.056836926976602226
14605,clangFluent,0.059168465985554704,0.0031381818391056147,18.854377795525636,1.714873359028414e-66,5831334394083563e50,0.04963150976265354,0.06870542220845587
14605,clangNone,-0.06129829579137649,0.0031404903677567605,-19.518702053896636,3.589749863737811e-71,27857094169752384e54,-0.07084226764874821,-0.051754323934004774
14705,cconsistMinor inconsistencies,0.08359854891334037,0.003184152799457653,26.254565712920392,3.392687943558036e-127,29475154114859836e110,0.07392262041752111,0.09327447740915963
14705,cconsistNo inconsistencies,0.11264713000252786,0.00326798666522054,34.4698866740712,4.331794625430609e-215,23085120290082854e198,0.10271644913088418,0.12257781087417155
14705,cgenderMale,-0.06066011884704231,0.002551206574524577,-23.777031406540043,7.449281500949842e-105,13424113451377721e88,-0.06841266526923925,-0.05290757242484537
14705,coriginEritrea,0.009306080745976334,0.004685876269959869,1.9859851626120792,0.49901489527388604,2.0039481976808458,-0.004933249645489371,0.02354541113744204
14705,coriginIraq,0.0018908631978063859,0.00470596811965006,0.4018011065376686,1,0.3865347167062648,-0.012409521833054814,0.016191248228667587
14705,coriginKosovo,-0.011616591713610618,0.0047555066497770625,-2.4427663694162223,0.20700500445055744,4.830801084516037,-0.026067513262499002,0.0028343298352777654
14705,coriginPakistan,5.750783878726948e-4,0.00471272255924817,0.1220267861396106,1,0.36265581566301464,-0.013745831874878059,0.01489598865062345
14705,coriginSyria,0.022187333037861644,0.0046818702289417305,4.738989325399729,1.5962959371826493e-4,6264.502569397815,0.007960176109443764,0.03641448996627952
14705,coriginUkraine,0.01368990003189846,0.00475934241521965,2.8764267912559203,0.07591377305402547,13.172840181297946,-7.726775506311269e-4,0.028152477614428045
14705,cage38 Years,-0.00764798141846207,0.0031171036509663385,-2.4535537713322775,0.20230395833647558,4.94305701293685,-0.01712016254178777,0.001824199704863626
14705,cage62 Years,-0.0653439319160938,0.0032690762495522527,-19.98850039825275,1.2043961456311414e-74,8302915976835583e58,-0.07527792379092979,-0.055409940041257814
14705,cjobCleaner,-0.030808719938237108,0.004418702199225419,-6.9723458493395984,1.879257949292214e-9,532124927.488869,-0.04423616805922766,-0.017381271817246555
14705,cjobDoctor,0.053424073193912666,0.004362119414129424,12.247274345783781,1.8240517849642331e-28,5482300493018122e12,0.0401685675069587,0.06667957888086663
14705,cjobFarmer,-0.023422450699667578,0.004375126512396643,-5.353548207875029,1.0797927676443969e-5,92610.36283670733,-0.03671748205033754,-0.010127419348997616
14705,cjobTeacher,0.010927043341832485,0.004401609098571431,2.482511076546739,0.19011078049016608,5.260090971283595,-0.0024484626676714583,0.02430254935133643
14705,cjobUnemployed,-0.08941591539006212,0.0044010502035302336,-20.31694964950378,4.519468732451997e-77,2212649448860019e61,-0.10278972304248464,-0.0760421077376396
14705,cvulnerNo surviving family,0.009793307212126562,0.004069389702561059,2.4065788552920284,0.22342264587856545,4.475822028101482,-0.002572658325177635,0.02215927274943076
14705,cvulnerNone,-0.024560335536658155,0.004117130504969654,-5.965401268434939,5.343848138271781e-7,1871310.6625133317,-0.03707137469936038,-0.012049296373955931
14705,cvulnerPTSD,-0.017969233743645233,0.0040495672275547845,-4.437321998601673,5.31336425994383e-4,1882.0467618581292,-0.030274963210995896,-0.005663504276294572
14705,cvulnerVictim of torture,0.08642889779124387,0.00407419359481588,21.213743475817758,6.975757373868964e-84,14335360970924508e67,0.07404833429935433,0.0988094612831334
14705,creasonEthnic persecution,0.15362762731929158,0.0037508971911144762,40.95756814748776,2.6369817222713463e-298,3792214377347511e282,0.14222948932083412,0.16502576531774904
14705,creasonPolitical persecution,0.1432190470148348,0.003783092997713004,37.85765961910403,4.062126246702677e-257,24617649459115738e240,0.13172307315794565,0.15471502087172392
14705,creasonReligious persecution,0.1451913322785363,0.003800972680334532,38.19846773162224,1.6047591950194474e-261,6231464528158578e245,0.13364102606341255,0.15674163849366007
14705,creligionChristian,0.03882500099659222,0.00314157668329393,12.358444472501102,5.624421406831805e-29,17779606606029413e12,0.0292784517993104,0.048371550193874034
14705,creligionMuslim,-0.0669230507295895,0.003185745450371536,-21.00703015107018,2.741854607723275e-82,36471664003743784e65,-0.07660381893547674,-0.057242282523702254
14705,clangFluent,0.059492401039088115,0.003128517333522509,19.01616475050931,1.1048959933495245e-67,9050625633716624e51,0.049985536286162015,0.06899926579201422
14705,clangNone,-0.06127918811658837,0.0031303202888282203,-19.576012184851265,1.1869072042411718e-71,8425258490526497e55,-0.07079153164761275,-0.05176684458556399
14805,cconsistMinor inconsistencies,0.08343258307493984,0.0031767029133962167,26.26389226487093,2.0340159505613258e-127,4916382291515614e111,0.07377999442984559,0.09308517172003408
14805,cconsistNo inconsistencies,0.11253275661842728,0.003256859721616695,34.55253410870468,2.4681471222363975e-216,40516223323587625e199,0.10263660704933439,0.12242890618752017
14805,cgenderMale,-0.06067959713354452,0.0025411003253889555,-23.879260699498964,7.624516310942864e-106,13115586080716744e89,-0.06840087193184524,-0.052958322335243786
14805,coriginEritrea,0.010104552765646469,0.004671453390153547,2.163042616874818,0.36294810866726424,2.7552147982585535,-0.004089918413805318,0.024299023945098256
14805,coriginIraq,0.002436713807600602,0.0046900779257549145,0.5195465504357027,1,0.40406562186804595,-0.011814349060078558,0.01668777667527976
14805,coriginKosovo,-0.011431151420495672,0.0047394649214127895,-2.411907590844275,0.22110195206741726,4.522800412431841,-0.025832279423788306,0.0029699765827969626
14805,coriginPakistan,0.0011864887009348443,0.004697579989863372,0.25257445397313033,1,0.36937304678893773,-0.013087369606167592,0.01546034700803728
14805,coriginSyria,0.02307936137656164,0.0046702262620901625,4.941807972753863,6.760132884159288e-5,14792.608623763217,0.008888618894043002,0.03727010385908028
14805,coriginUkraine,0.01422925343794863,0.004742796152867544,3.0001823775085663,0.055305328871231754,18.081440259189407,-1.81996697564411e-4,0.02864050357346167
14805,cage38 Years,-0.007022910662516271,0.00310909618224134,-2.2588270837775983,0.30183330686463333,3.31308698296998,-0.016470072491421447,0.0024242511663889067
14805,cage62 Years,-0.06496201826160335,0.0032606344576703718,-19.923122050306986,3.0720521572526386e-74,32551530664580523e57,-0.07486963757632976,-0.05505439894687693
14805,cjobCleaner,-0.030907010888052904,0.0044041029626856855,-7.017776639174068,1.4038919424609313e-9,712305534.1759887,-0.04428912291060814,-0.01752489886549767
14805,cjobDoctor,0.0540162087352528,0.0043467585002068595,12.42677934205045,2.5604939695845447e-29,3905496407641436e13,0.04080834105422788,0.06722407641627771
14805,cjobFarmer,-0.023594340790507394,0.004359687761465573,-5.411933624938271,8.151056430697856e-6,122683.48385294943,-0.036841494751621344,-0.010347186829393446
14805,cjobTeacher,0.011025258699263438,0.004384511126069485,2.5145924784428773,0.1774018065099842,5.636921177258248,-0.0022973224370825152,0.02434783983560939
14805,cjobUnemployed,-0.08909884816578773,0.004387203637477395,-20.308801580274675,4.3735270671757565e-77,22864840771312722e60,-0.10242961064793507,-0.07576808568364038
14805,cvulnerNo surviving family,0.009659639757879921,0.004054627202156786,2.3823743284565473,0.23515842780279328,4.252452312015848,-0.0026605707114669627,0.021979850227226806
14805,cvulnerNone,-0.024460439648841363,0.004106663991523032,-5.956279768525635,5.54227194512674e-7,1804314.2052588908,-0.036938766799495024,-0.011982112498187699
14805,cvulnerPTSD,-0.01824052373924534,0.004037288663502949,-4.5180132657195164,3.862827316614848e-4,2588.777385152025,-0.030508050093679625,-0.005972997384811055
14805,cvulnerVictim of torture,0.08630610270294363,0.004060278671799589,21.25620177313869,2.69997515826331e-84,3703737780473597e68,0.07396871992847745,0.09864348547740981
14805,creasonEthnic persecution,0.15419509465417425,0.003739016240513634,41.23948245621748,1.4201673077890122e-302,7041423883759513e286,0.14283388566141397,0.16555630364693452
14805,creasonPolitical persecution,0.1431058751596048,0.0037683709726370205,37.97552740925147,5.817893104644458e-259,17188352931436538e242,0.13165547017914953,0.15455628014006006
14805,creasonReligious persecution,0.14554479211555651,0.0037882499766220836,38.4200601897281,9.804092804695574e-265,10199821849106322e248,0.13403398367485544,0.15705560055625759
14805,creligionChristian,0.03922711063623883,0.0031305702955283813,12.530340140347505,8.418501128996764e-30,11878599107810186e13,0.02971469851867623,0.048739522753801424
14805,creligionMuslim,-0.06624600786814593,0.0031737437977182223,-20.8731429158755,2.417495527963704e-81,4136512305535954e65,-0.07588960507552263,-0.05660241066076922
14805,clangFluent,0.059632713152806265,0.0031186075810754207,19.12158282262705,1.7330809741555399e-68,5770070844423525e52,0.05015665040905707,0.06910877589655547
14805,clangNone,-0.06102170173396559,0.003121039032759875,-19.551726554347276,1.5137005875194722e-71,6606326298906427e55,-0.07050515257901362,-0.05153825088891756
14905,cconsistMinor inconsistencies,0.08366894621330523,0.0031659193730859637,26.42800916681253,4.1763070429866074e-129,2.3944599611739006e+128,0.07404979296316823,0.09328809946344223
14905,cconsistNo inconsistencies,0.11284879708149408,0.0032460533352412176,34.76492387119331,3.8485806243442745e-219,25983605323855755e202,0.10298616925993717,0.12271142490305098
14905,cgenderMale,-0.060589116389278705,0.002531036904721664,-23.938456320510127,1.8283753503431729e-106,5469336478487895e90,-0.06827927807666828,-0.052898954701889135
14905,coriginEritrea,0.010458446441681903,0.004655609853410081,2.2464181430541124,0.30958680168421326,3.2301118605825656,-0.00368689946747415,0.024603792350837955
14905,coriginIraq,0.0024295742917597287,0.004677658275495997,0.5193996971705053,1,0.40289657056199984,-0.011782762316139672,0.016641910899659128
14905,coriginKosovo,-0.011220441607389423,0.0047256583464436236,-2.3743658099687974,0.23928253490054424,4.1791600060390595,-0.025578618959809302,0.0031377357450304566
14905,coriginPakistan,0.0017353485972818028,0.00468282740324136,0.37057709965578256,1,0.3802959031205706,-0.012492693600714073,0.015963390795277678
14905,coriginSyria,0.02342172978089202,0.004655804910122532,5.030651033072518,4.56877699510371e-5,21887.695570864696,0.009275791222275124,0.03756766833950892
14905,coriginUkraine,0.01456720387863173,0.004726462058238389,3.08205243142502,0.04450066899610298,22.471572283274487,2.0658457301856586e-4,0.028927823184244895
14905,cage38 Years,-0.007092414087739406,0.0030990813993595034,-2.2885536627741425,0.2848555892777185,3.51055074094072,-0.016508490557820332,0.0023236623823415185
14905,cage62 Years,-0.06476581166867987,0.0032483533646108565,-19.938043802213812,2.0288100871093317e-74,4928997575247714e58,-0.07463542777148438,-0.054896195565875355
14905,cjobCleaner,-0.031073840400160965,0.00439202970305093,-7.075052424753747,9.731965487111722e-10,1027541662.909023,-0.04441833904783814,-0.017729341752483793
14905,cjobDoctor,0.05415492061658205,0.004334968696850943,12.492574780510383,1.1924327167878515e-29,8386217401798381e13,0.04098379295488475,0.06732604827827934
14905,cjobFarmer,-0.023687739452614914,0.004346173990577545,-5.45025107231548,6.7458477943626294e-6,148239.33632710777,-0.036892912655233215,-0.010482566249996614
14905,cjobTeacher,0.011231751053910444,0.004372016708766219,2.569009178622293,0.15734516329314227,6.35545433409318,-0.0020519412255896666,0.024515443333410554
14905,cjobUnemployed,-0.08911685535532514,0.004373916503900816,-20.374612838596146,1.1897388965533838e-77,8405205569868748e61,-0.10240631986664483,-0.07582739084400544
14905,cvulnerNo surviving family,0.009728884065942193,0.004037757179143717,2.4094772504386675,0.22239692467818678,4.496465054303345,-0.0025392126592013124,0.021996980791085696
14905,cvulnerNone,-0.024790383041661822,0.004090301070504084,-6.060772205848086,3.177154382592364e-7,3147470.5965785054,-0.03721812620241915,-0.012362639880904495
14905,cvulnerPTSD,-0.01832770416629951,0.0040258778009608955,-4.552474037320521,3.355345186539784e-4,2980.3192947526654,-0.03055970724982083,-0.006095701082778187
14905,cvulnerVictim of torture,0.08595664540353615,0.004045748032949792,21.246168743945322,2.6758237923688743e-84,3737166859984873e68,0.07366426971285311,0.09824902109421918
14905,creasonEthnic persecution,0.1542162322045652,0.0037281075268850946,41.36582195991966,1.0261730584109877e-304,9744944985677989e288,0.142888957751855,0.1655435066572754
14905,creasonPolitical persecution,0.1433146704419993,0.0037522336192715934,38.19449559481865,4.001065613918656e-262,249933416868062e247,0.13191409261272,0.1547152482712786
14905,creasonReligious persecution,0.14601418317803116,0.003775504446668821,38.67408587132283,2.151122014399699e-268,4648736767630841e252,0.13454290056173349,0.15748546579432884
14905,creligionChristian,0.03949853137325906,0.0031191162983646497,12.663372441087915,1.8738590650871777e-30,53365806352863415e13,0.03002158198091743,0.04897548076560069
14905,creligionMuslim,-0.06605448338942838,0.0031641385789556273,-20.875976744112982,1.9187446502151399e-81,521174091554014e66,-0.07566822597377512,-0.05644074080508163
14905,clangFluent,0.05946025902962301,0.0031070809500102505,19.137016378484393,1.1624296214589107e-68,8602671349212067e52,0.050019877169993655,0.06890064088925235
14905,clangNone,-0.06098922788172209,0.003109713374939819,-19.612491740626222,4.723996151122157e-72,21168518517155358e55,-0.07043760795477161,-0.05154084780867257
15005,cconsistMinor inconsistencies,0.08353344388788048,0.003155890254403192,26.469058539450835,1.2502383602398606e-129,7998474785305326e113,0.07394540032337875,0.0931214874523822
15005,cconsistNo inconsistencies,0.11295738824317325,0.003235941868739381,34.90711292881717,4.086605424348786e-221,24470187262068574e204,0.10312613648580322,0.12278864000054328
15005,cgenderMale,-0.060496571130496446,0.00252436885152863,-23.965028364956563,8.412694864260499e-107,11886797466627276e90,-0.06816596282989343,-0.05282717943109946
15005,coriginEritrea,0.009889542017185901,0.004638177283839451,2.1322044009924963,0.38542963014010584,2.59450732844928,-0.004201900419789722,0.023980984454161525
15005,coriginIraq,0.002156537504208273,0.004660398887508734,0.4627366790401654,1,0.39212775556022456,-0.012002417326063317,0.01631549233447986
15005,coriginKosovo,-0.01182042953923076,0.004710553612939719,-2.509350388616843,0.17964771985049538,5.566449720776918,-0.026131761560606176,0.002490902482144659
15005,coriginPakistan,0.001170233482287877,0.004667667850647618,0.25071053034022384,1,0.3670864302450266,-0.013010805492116143,0.015351272456691899
15005,coriginSyria,0.022936299608239237,0.004639549167172948,4.943648355000662,6.622832563329151e-5,15099.279506733026,0.008840689194525948,0.037031910021952524
15005,coriginUkraine,0.013603294316802156,0.004714445021219503,2.88544977310677,0.07416885222848525,13.482748754415004,-7.198603565370856e-4,0.0279264489901414
15005,cage38 Years,-0.007385008905122998,0.0030904685932891577,-2.3896081394126707,0.2320124580446768,4.310113381098863,-0.016774292155970517,0.0020042743457245205
15005,cage62 Years,-0.06529295463806585,0.003239294759429519,-20.15653390232532,4.2281775122651306e-76,23650851864643625e59,-0.07513439295435033,-0.055451516321781365
15005,cjobCleaner,-0.030723427509013784,0.0043750157578299875,-7.022472422877086,1.3217833539885175e-9,756553634.135634,-0.04401534779139007,-0.0174315072266375
15005,cjobDoctor,0.05389256432566014,0.004318123599824308,12.480551582139258,1.280983497348154e-29,7806501817315868e13,0.0407734905130481,0.06701163813827218
15005,cjobFarmer,-0.023627603532485504,0.004332488970120092,-5.453586540078502,6.5853192717110905e-6,151852.9259918731,-0.036790321383740526,-0.010464885681230482
15005,cjobTeacher,0.011609314432319122,0.004357329080997552,2.6643189478039897,0.12664767469955834,7.895920729474611,-0.001628871209651321,0.024847500074289566
15005,cjobUnemployed,-0.08876039647174455,0.00436146807372142,-20.351036616899915,1.5073151772706195e-77,6634312551743533e61,-0.10201115696244246,-0.07550963598104664
15005,cvulnerNo surviving family,0.010159045295687008,0.004022684449006049,2.5254392743127467,0.17341311817032898,5.7665764306122735,-0.0020624423461915557,0.022380532937565572
15005,cvulnerNone,-0.024675665801670726,0.0040742846274076615,-6.0564413285409255,3.2152109913761384e-7,3110215.792003097,-0.03705392212641475,-0.012297409476926703
15005,cvulnerPTSD,-0.018240381152433392,0.004009548601530802,-4.5492355786557654,3.3822326980420645e-4,2956.626847640875,-0.030421960220915402,-0.006058802083951383
15005,cvulnerVictim of torture,0.08579680050574287,0.004032342309677875,21.277161985931887,1.273795617609729e-84,7850552994337467e68,0.07354597090917112,0.09804763010231463
15005,creasonEthnic persecution,0.15439831079439864,0.003717837371308982,41.529065253340505,2.2461542576702562e-307,4452053978862585e291,0.1431029919435268,0.16569362964527048
15005,creasonPolitical persecution,0.14326182639119084,0.003738043287416267,38.32535243063312,3.744152218603547e-264,26708315837996805e247,0.13190511909259747,0.1546185336897842
15005,creasonReligious persecution,0.14654008231577015,0.003762339736629115,38.949189221030686,2.3482530026116657e-272,4258484920014267e256,0.1351095589479423,0.157970605683598
15005,creligionChristian,0.039425074487117705,0.0031083209747141028,12.683720506291646,1.4135527664329833e-30,70743733360831e16,0.029981553161738395,0.048868595812497015
15005,creligionMuslim,-0.06568154123286515,0.003155324497122399,-20.8160971376369,4.60507016881252e-81,2171519571563583e65,-0.07526786594626056,-0.05609521651946974
15005,clangFluent,0.05941170180571344,0.0030961516440017565,19.188886281075106,4.313412540530694e-69,23183500084992254e52,0.050005152638303824,0.06881825097312305
15005,clangNone,-0.060229950838712056,0.003099062924334432,-19.434891226562396,7.653371805392947e-71,13066136409253636e54,-0.06964534488994462,-0.05081455678747949
15105,cconsistMinor inconsistencies,0.08361938192300722,0.0031443733197479076,26.593337819604447,5.987743643984401e-131,16700781787888533e114,0.07406693556277749,0.09317182828323695
15105,cconsistNo inconsistencies,0.11283891540839913,0.003224269454215339,34.996738644431844,1.8563728665445577e-222,5386848827743289e206,0.10304374865167684,0.12263408216512142
15105,cgenderMale,-0.0600795226048155,0.002515943491697413,-23.879519871204298,3.662703375413241e-106,2730223819686671e90,-0.06772283108185584,-0.05243621412777517
15105,coriginEritrea,0.0094493994002113,0.004623889271579605,2.043604170690535,0.4535319306950538,2.2049164178307454,-0.004597741238275957,0.023496540038698558
15105,coriginIraq,0.0022174537642342725,0.004640584381744028,0.47783933699335235,1,0.3934562958182915,-0.011880405770550122,0.01631531329901867
15105,coriginKosovo,-0.012119767834208907,0.004691542000061405,-2.5833228891588904,0.1525008262320239,6.55734152206192,-0.02637243402396798,0.002132898355550165
15105,coriginPakistan,0.0012476751987328645,0.0046487892962288405,0.26838712602978054,1,0.36750174719288453,-0.012875110449313654,0.015370460846779385
15105,coriginSyria,0.022900981003544638,0.00462551371165569,4.9510135373368716,6.376322035586903e-5,15683.02219396853,0.00884890539865414,0.036953056608435134
15105,coriginUkraine,0.01379346479163882,0.004700615846937595,2.9343952453857995,0.06548842475755799,15.269874083886716,-4.867672838315233e-4,0.028073696867109164
15105,cage38 Years,-0.007022069813138074,0.0030800442804011937,-2.2798600194875798,0.29039498213174736,3.4435856730689536,-0.016379087820791068,0.002334948194514919
15105,cage62 Years,-0.06506486607754791,0.0032301916450267524,-20.142726261372967,4.544681133549133e-76,22003743950657717e59,-0.07487802414901193,-0.055251708006083894
15105,cjobCleaner,-0.030745203421068595,0.004359390092568494,-7.052638733450425,1.0819327199642978e-9,924271890.060778,-0.043988808994568404,-0.017501597847568787
15105,cjobDoctor,0.053496681359520806,0.00430119084241954,12.437644205860773,1.919511490373949e-29,5209658837755565e13,0.04042988215050766,0.06656348056853395
15105,cjobFarmer,-0.024204710930481817,0.004319374188762873,-5.603754125644384,3.1688086966985348e-6,315576.00843555597,-0.03732675022167709,-0.011082671639286541
15105,cjobTeacher,0.01197250201386965,0.004344626852524482,2.7557031755012344,0.10205853733822091,9.798298369552471,-0.0012262535865884931,0.025171257614327792
15105,cjobUnemployed,-0.08890646925963519,0.004348719465867771,-20.44428709587829,2.5470905633942825e-78,3926048073718228e62,-0.10211765801145911,-0.07569528050781127
15105,cvulnerNo surviving family,0.010720033382839703,0.004011293308275721,2.672463108275614,0.12430267699652557,8.04487903368285,-0.0014660718489412118,0.022906138614620618
15105,cvulnerNone,-0.024417644252494004,0.0040603526764378525,-6.0136757070855245,3.982449742930972e-7,2511017.249558629,-0.03675278935173986,-0.012082499153248147
15105,cvulnerPTSD,-0.018180307469560376,0.003996314917161688,-4.54926797472523,3.3656944120306323e-4,2971.15506513459,-0.030320909110282068,-0.0060397058288386846
15105,cvulnerVictim of torture,0.08600582047512352,0.004019549691737232,21.396879519096625,1.2248545127450164e-85,816423493235049e70,0.07379463276994473,0.09821700818030231
15105,creasonEthnic persecution,0.15405874468422578,0.0037055548339795024,41.575081623816544,2.080611909776656e-308,4806278361193008e292,0.1428014574008834,0.16531603196756817
15105,creasonPolitical persecution,0.14259550990963465,0.0037269478764072658,38.260666539585486,1.2549601114667423e-263,79683807545982e249,0.13127323165051027,0.15391778816875903
15105,creasonReligious persecution,0.145945705654966,0.0037508450696589063,38.91008637907777,3.590221453413709e-272,2785343503112224e256,0.13455082893710815,0.15734058237282386
15105,creligionChristian,0.039373016948268426,0.0030990134583073602,12.705016444095548,1.055239161251305e-30,947652472273866e15,0.029958371542078404,0.048787662354458444
15105,creligionMuslim,-0.0658589194197216,0.003147855523579392,-20.921836763599035,5.976349077845234e-82,16732623663284221e65,-0.07542194453823896,-0.056295894301204255
15105,clangFluent,0.059274912362595515,0.0030847508933693744,19.215461608263425,2.4144118367863843e-69,41417954665555895e52,0.049903595903917464,0.06864622882127357
15105,clangNone,-0.06017035029056451,0.003087365529695494,-19.48922138043664,2.6816204281118254e-71,37290885373517125e54,-0.06954960988153537,-0.050791090699593644
15205,cconsistMinor inconsistencies,0.08361702070622977,0.003132952047671051,26.689530970762327,5.266593305143421e-132,18987606258174283e115,0.07409984894939547,0.09313419246306406
15205,cconsistNo inconsistencies,0.11275891386108972,0.0032129332801275564,35.09531758985455,6.520044154292288e-224,15337319446551263e207,0.10299877792381809,0.12251904979836134
15205,cgenderMale,-0.06026969272793584,0.002509661102483079,-24.015072261471687,1.9019177089439438e-107,5257851037915087e91,-0.06789345313037576,-0.052645932325495935
15205,coriginEritrea,0.009467067303569755,0.0046077461836527365,2.054598262629312,0.4452972245121996,2.24569106869114,-0.0045301823109973535,0.023464316918136864
15205,coriginIraq,0.002039585630444662,0.004622823444631989,0.4411991188659874,1,0.3866255200240964,-0.012003465158279847,0.016082636419169172
15205,coriginKosovo,-0.011749067891738518,0.004675706736712225,-2.5127897349695645,0.17850407363192586,5.602113047918408,-0.025952765688823265,0.00245462990534623
15205,coriginPakistan,8.944298014269866e-4,0.004631170516564533,0.19313255649469957,1,0.36093408330029275,-0.013173977429413425,0.014962837032267397
15205,coriginSyria,0.022931364818112376,0.004606463799493538,4.978084234729812,5.6363700786798385e-5,17741.9152050112,0.008938010785129544,0.036924718851095203
15205,coriginUkraine,0.014828815270934902,0.004683192288546597,3.1663904356865396,0.03528842152579798,28.337906791011868,6.023781272472065e-4,0.029055252414622597
15205,cage38 Years,-0.007257079321833142,0.0030706245660369206,-2.3633886741157157,0.24538163746060426,4.075284566313765,-0.01658491484279243,0.0020707561991261435
15205,cage62 Years,-0.06504286562078934,0.003221824637668804,-20.18820790564567,1.7761696615939392e-76,56300927868714836e59,-0.07483001141189335,-0.05525571982968532
15205,cjobCleaner,-0.03050501095228235,0.004347029124035698,-7.0174388258899185,1.3216563537470565e-9,756626332.6808654,-0.043710263434893135,-0.017299758469671564
15205,cjobDoctor,0.05375745362001028,0.0042875208724570185,12.53812056411142,6.1390513461677716e-30,16289161689847047e13,0.0407329732151733,0.06678193402484726
15205,cjobFarmer,-0.02397584806575717,0.004306702328024909,-5.567101285301207,3.755428542419899e-6,266281.19499662385,-0.03705859722300656,-0.010893098908507782
15205,cjobTeacher,0.011883544939107295,0.004328858013305843,2.7451916654647035,0.10468014430108136,9.5529100258383,-0.0012665079811747144,0.025033597859389304
15205,cjobUnemployed,-0.08898824732835715,0.004333946155545127,-20.53284561795949,4.631382825970049e-79,2159182338356037e63,-0.10215375682852856,-0.07582273782818574
15205,cvulnerNo surviving family,0.010765425881042111,0.0039982764630145115,2.6925166332608947,0.11862960934476731,8.429598693979932,-0.0013803980099121264,0.02291124977199635
15205,cvulnerNone,-0.024200457164557144,0.00404592356759383,-5.981442002116097,4.6644853472606534e-7,2143859.237519692,-0.03649102175728315,-0.011909892571831133
15205,cvulnerPTSD,-0.017869109306227406,0.0039806353812983425,-4.489009314990095,4.2485084706758307e-4,2353.767226550746,-0.029961343738385444,-0.005776874874069367
15205,cvulnerVictim of torture,0.08563008435371956,0.004005685611895792,21.377135564364213,1.4548419038946765e-85,6873599099138921e69,0.07346175321037136,0.09779841549706776
15205,creasonEthnic persecution,0.15361235260194886,0.003692002132793599,41.60678869535652,3.06754993884533e-309,Inf,0.14239691812042993,0.1648277870834678
15205,creasonPolitical persecution,0.14205239327417454,0.003712712109988528,38.2610849066381,5.992812024957197e-264,1668665721259866e248,0.1307740467508991,0.15333073979745
15205,creasonReligious persecution,0.1458024939436748,0.003737254516286996,39.01326316103598,7.17933525770089e-274,13928866170824846e257,0.1344495933600389,0.15715539452731073
15205,creligionChristian,0.03994268291413908,0.003090399412141875,12.924763950319239,8.748158582971667e-32,11430977050947668e15,0.030554776059823215,0.04933058976845494
15205,creligionMuslim,-0.06590015430235098,0.003138595844275505,-20.99669966190342,1.3285643962669864e-82,7526921561422314e66,-0.07543447058640049,-0.05636583801830147
15205,clangFluent,0.059024721552291465,0.0030754324390473275,19.1923323702001,3.0463494695813425e-69,32826174737510635e52,0.04968228084346819,0.06836716226111474
15205,clangNone,-0.06038400537653057,0.0030759731305046983,-19.630862434296656,2.1915258447103025e-72,4563030832667136e56,-0.06972808857888357,-0.05103992217417757
15305,cconsistMinor inconsistencies,0.0832370471479615,0.003121129668867666,26.668884660008242,6.150224409180275e-132,16259569301362839e115,0.07375633737508715,0.09271775692083585
15305,cconsistNo inconsistencies,0.11251421965843486,0.0032019351409001196,35.139443713655346,1.0538709517218751e-224,9488827814887035e208,0.10278805605644173,0.12224038326042799
15305,cgenderMale,-0.06040689673204359,0.0025015438630479185,-24.147846305778113,1.0266428821447567e-108,9740485395573026e92,-0.06800555935290051,-0.05280823411118667
15305,coriginEritrea,0.009718687819022211,0.004597179474530665,2.1140544703259407,0.4001037963705008,2.499351440979551,-0.004245654901686522,0.023683030539730945
15305,coriginIraq,0.002290261269865034,0.004608602595299938,0.49695351736353804,1,0.3944673718772297,-0.011708780199118796,0.016289302738848863
15305,coriginKosovo,-0.011365883363933746,0.004658115800997463,-2.4400173481088467,0.20908852931701047,4.782663129663348,-0.025515325611784663,0.002783558883917169
15305,coriginPakistan,0.0011003188040487268,0.004612291163835408,0.23856230341142276,1,0.36300633304801483,-0.012909927020880634,0.015110564628978087
15305,coriginSyria,0.023347301423983526,0.004590192375368918,5.086344866342793,3.481576722908035e-5,28722.618502709207,0.00940418264022543,0.03729042020774162
15305,coriginUkraine,0.014897466943760216,0.004665697526646314,3.192977439853127,0.032750237429152146,30.534129780380294,7.249945279636048e-4,0.029069939359556825
15305,cage38 Years,-0.006768108853276279,0.0030608967430473524,-2.211152293408669,0.33299176371429084,3.003077279887339,-0.016065855741215242,0.0025296380346626858
15305,cage62 Years,-0.06482930781869052,0.003212351798917156,-20.1812602967532,1.704331034211692e-76,58674047466520044e59,-0.0745871129485727,-0.05507150268880834
15305,cjobCleaner,-0.030516867812221293,0.004332448480142368,-7.043792431022396,1.107707843696678e-9,902765115.991928,-0.04367706652356228,-0.017356669100880306
15305,cjobDoctor,0.05385483509099506,0.004273868155671828,12.600958459498708,2.931453644328114e-30,3411276865778988e14,0.04087257934057806,0.06683709084141207
15305,cjobFarmer,-0.023913821819521838,0.004292472832521234,-5.571106155487483,3.6522520799407305e-6,273803.6636332693,-0.03695259093539967,-0.010875052703644009
15305,cjobTeacher,0.011985973963258512,0.004314372462852673,2.7781500244727035,0.09668768743503167,10.34257852812893,-0.0011193172331905275,0.02509126515970755
15305,cjobUnemployed,-0.08903907062027741,0.004317278852446449,-20.623886865640408,8.003034132911615e-80,1249526096468348e64,-0.10215319023436649,-0.07592495100618833
15305,cvulnerNo surviving family,0.010323365980705422,0.003987637788832461,2.5888424494362106,0.15074576714517843,6.633685435670853,-0.0017894394987871126,0.022436171460197957
15305,cvulnerNone,-0.024255279824065355,0.004033621769280816,-6.013275713848104,3.908974597334341e-7,2558215.6524678697,-0.03650776574592495,-0.012002793902205761
15305,cvulnerPTSD,-0.01832677385906494,0.003966987567819032,-4.619821349513485,2.513853902810389e-4,3977.9559141525274,-0.0303768524502366,-0.0062766952678932775
15305,cvulnerVictim of torture,0.0853677688937937,0.0039957426700033116,21.36468134814171,1.518620410831083e-85,6584924006472019e69,0.07323034411479211,0.0975051936727953
15305,creasonEthnic persecution,0.1539545232259701,0.003678921312416299,41.84773474397947,5.26387489996e-313,Inf,0.14277947158099477,0.16512957487094546
15305,creasonPolitical persecution,0.1421778145649633,0.0037029864984470563,38.395445034592825,5.035576718146549e-266,19858698535886296e249,0.13092966277081325,0.15342596635911337
15305,creasonReligious persecution,0.14593164578043372,0.0037239763155160394,39.18704992091542,1.6253390403518887e-276,6152562481877617e260,0.1346197355446522,0.15724355601621523
15305,creligionChristian,0.040199875860818274,0.0030814411284241926,13.045803630646011,2.1187220079924338e-32,4719826368101667e16,0.030839723569745077,0.04956002815189147
15305,creligionMuslim,-0.06586501933764222,0.0031265641172481796,-21.066262154768406,3.2295882344744614e-83,30963699623544304e66,-0.0753622367322233,-0.05636780194306114
15305,clangFluent,0.05929584326860757,0.0030638604249923116,19.353310870470334,1.881147161088497e-70,5.3159052129731594e+69,0.049989093932401384,0.06860259260481374
15305,clangNone,-0.05978496901971097,0.0030669525086882703,-19.493281637178296,1.8604802761485724e-71,53749562025463954e54,-0.06910111083595642,-0.050468827203465516
15405,cconsistMinor inconsistencies,0.08329551558035414,0.0031096854535815556,26.785833108753554,3.3890354590892595e-133,29506920540416285e116,0.0738500889184343,0.09274094224227399
15405,cconsistNo inconsistencies,0.11237792145418281,0.0031918888739768054,35.207341449256056,8.722571246185174e-226,11464509394948778e209,0.10268280832387497,0.12207303458449065
15405,cgenderMale,-0.06060481184346989,0.002492568294654702,-24.31420313474923,2.7479561604114656e-110,3639068244270188e94,-0.06817579333932237,-0.053033830347617404
15405,coriginEritrea,0.009388411706504065,0.004582714727112452,2.0486572404256247,0.4512838569195298,2.2159002248075406,-0.004531226312700332,0.023308049725708463
15405,coriginIraq,0.0027664939668520646,0.00459540159561271,0.6020135366391639,1,0.41376968174982937,-0.011191679424426889,0.01672466735813102
15405,coriginKosovo,-0.011520962121166234,0.004642154207187674,-2.481813745723433,0.19123108728846544,5.229275292941962,-0.0256211429181704,0.0025792186758379337
15405,coriginPakistan,0.0010831172098692042,0.004600130459523901,0.23545358537099045,1,0.36174747203730906,-0.012889419736159608,0.015055654155898015
15405,coriginSyria,0.023293568552062424,0.004578636840723639,5.087446190290329,3.442371716918979e-5,29049.73902397236,0.009386316794232732,0.037200820309892114
15405,coriginUkraine,0.015034198599736691,0.004653292578016844,3.2308732682663197,0.02941919738696378,33.99140999146086,9.001858713778513e-4,0.02916821132809553
15405,cage38 Years,-0.006996845001847383,0.0030494017533436286,-2.2944975991357763,0.2828505009174578,3.5354365530779903,-0.016259164633166855,0.002265474629472089
15405,cage62 Years,-0.06527864624727366,0.003200930193369971,-20.39364881573617,3.737385641518877e-78,26756671532392336e61,-0.0750012216790039,-0.0555560708155434
15405,cjobCleaner,-0.03082765657983817,0.004319665259441556,-7.1365846028133095,6.147135376860457e-10,1626773999.0960355,-0.043948302388277044,-0.01770701077139929
15405,cjobDoctor,0.05346084864981561,0.004259527734723527,12.550886384423459,4.7789954594940756e-30,20924899562592685e13,0.04052286587525346,0.06639883142437776
15405,cjobFarmer,-0.024323362027637647,0.004278284336488099,-5.685307500530431,2.0661461196132435e-6,483992.8747087779,-0.03731831651494651,-0.011328407540328779
15405,cjobTeacher,0.011457640492478847,0.004301562436079247,2.6635997181810445,0.12701106948839683,7.873329498192718,-0.0016080194040423313,0.024523300389000025
15405,cjobUnemployed,-0.08958250581516045,0.004305871216646608,-20.804734119504595,2.819928459300567e-81,35461892542055204e64,-0.10266125329608809,-0.0765037583342328
15405,cvulnerNo surviving family,0.010082454864093798,0.0039727045076893555,2.5379322435330227,0.16905763004572802,5.915142663064142,-0.0019843247626495936,0.022149234490837187
15405,cvulnerNone,-0.02459910612284281,0.004019582895562186,-6.119815603256103,2.2008453635213347e-7,4543708.597500045,-0.036808275190991564,-0.01238993705469406
15405,cvulnerPTSD,-0.018459069890041098,0.00395362660969899,-4.668895602017026,2.0499520888544082e-4,4878.162789447622,-0.03046790189184897,-0.006450237888233226
15405,cvulnerVictim of torture,0.08515865367798747,0.0039825989765097745,21.382683564243234,9.156801990879691e-86,10920843335872225e69,0.07306182037507748,0.09725548698089746
15405,creasonEthnic persecution,0.15411131962970798,0.003664097168983389,42.059834257197515,2.19822884e-316,Inf,0.1429819106883888,0.16524072857102715
15405,creasonPolitical persecution,0.14213511015126087,0.0036907416407452602,38.511259791828714,7.319472062469797e-268,13662187538462598e251,0.13092477070821443,0.15334544959430732
15405,creasonReligious persecution,0.14584699242595792,0.0037123879462391653,39.28657094518051,3.553637508664288e-278,28140180239595454e261,0.13457090402080707,0.15712308083110876
15405,creligionChristian,0.04020434696202921,0.0030707928418039375,13.092497290833583,1.1765106873509861e-32,8499710293763544e16,0.030877053570409388,0.04953164035364903
15405,creligionMuslim,-0.06597846018247479,0.003114579159913333,-21.183748042644297,3.3091965005224795e-84,30218815952516357e67,-0.07543875109512088,-0.0565181692698287
15405,clangFluent,0.059409225478637535,0.0030577429440928673,19.42911047948222,4.655115920795992e-71,2148174217386636e55,0.05012157013196323,0.06869688082531185
15405,clangNone,-0.05948950899111339,0.003057413377476009,-19.457463432773967,2.91066145310511e-71,34356451827580097e54,-0.06877616330493205,-0.050202854677294725
15505,cconsistMinor inconsistencies,0.0828660312125864,0.0030987466469269854,26.74178971513025,6.711746927153507e-133,14899250684711173e116,0.07345432339610447,0.09227773902906833
15505,cconsistNo inconsistencies,0.112241309464866,0.003179865111943377,35.297506502176645,3.8342137744148e-227,26080966238055567e210,0.10258322355483683,0.12189939537489518
15505,cgenderMale,-0.060804771608267624,0.0024832718058678442,-24.485749592368045,6.441324908637251e-112,15524756384499217e95,-0.06834712060569642,-0.05326242261083883
15505,coriginEritrea,0.00912204446897289,0.004567597839629312,1.997120760025843,0.4950995591343132,2.0197957795569654,-0.004750950386033112,0.02299503932397889
15505,coriginIraq,0.0029811549644020857,0.004579560621301784,0.6509696477289264,1,0.42388989647111647,-0.010928174001972888,0.016890483930777057
15505,coriginKosovo,-0.011327531143198104,0.004626225150005033,-2.448547309286445,0.20560541842809668,4.863685050935149,-0.02537859254516421,0.002723530258768
15505,coriginPakistan,0.0014928630325889809,0.0045841553290293865,0.3256571659200449,1,0.3688183469553247,-0.01243042126849437,0.015416147333672331
15505,coriginSyria,0.02341429854562786,0.004563473105980251,5.1308067346653905,2.818194504048062e-5,35483.71124007223,0.009553831590559812,0.0372747655006959
15505,coriginUkraine,0.015314053843047485,0.0046371909419347206,3.30244193840726,0.02395387224892441,41.74690378274446,0.0012296864495377011,0.029398421236557268
15505,cage38 Years,-0.006870947489715099,0.0030417083795234324,-2.2589106621692716,0.30394633876874383,3.290054435433899,-0.016109415100292172,0.0023675201208619764
15505,cage62 Years,-0.06549495668414147,0.0031907709622524183,-20.52637355014272,3.164122882795221e-79,316043351362065e64,-0.07518616652726172,-0.055803746841021226
15505,cjobCleaner,-0.03134410355653917,0.0043086784830160445,-7.274644343988859,2.540482659814281e-10,3936259891.9415727,-0.04443069228993074,-0.018257514823147594
15505,cjobDoctor,0.053574400025461856,0.004247560013647691,12.612982477781072,2.298940785387871e-30,4349829305548133e14,0.04067344414348652,0.0664753559074372
15505,cjobFarmer,-0.024187933729825768,0.004266567409499633,-5.6691788522948565,2.2190289637663776e-6,450647.56536692113,-0.03714662006752846,-0.011229247392123077
15505,cjobTeacher,0.010990142766846964,0.004291322587745589,2.561015291236948,0.16065631529345994,6.224467417750545,-0.0020437315520438395,0.024024017085737766
15505,cjobUnemployed,-0.08963902021992193,0.004291877038079444,-20.885738203728728,5.684074262873794e-82,17593014337121152e65,-0.10267457855016815,-0.0766034618896757
15505,cvulnerNo surviving family,0.009797161739405567,0.003956374935507755,2.4762975954270154,0.19366285815969664,5.163612731437581,-0.0022193885462973833,0.02181371202510852
15505,cvulnerNone,-0.024279451475206607,0.0040054048972109025,-6.061672190023336,2.9676697261397263e-7,3369647.205657134,-0.036444918638080186,-0.012113984312333029
15505,cvulnerPTSD,-0.018323891482444805,0.003940761442221765,-4.6498352542025385,2.2047448781664395e-4,4535.672176418176,-0.030293019486320336,-0.006354763478569272
15505,cvulnerVictim of torture,0.08501345468690562,0.00396837152663881,21.422755938104306,3.702810868465143e-86,27006510338307157e69,0.07296046760162396,0.09706644177218728
15505,creasonEthnic persecution,0.15425229242693655,0.0036517563453993553,42.24057626990104,2.4634e-319,Inf,0.14316094884324396,0.16534363601062915
15505,creasonPolitical persecution,0.1425320001174419,0.003679150343496123,38.74046636050227,3.296713287297445e-271,30333241409045085e254,0.13135745376327831,0.1537065464716055
15505,creasonReligious persecution,0.14612190291678073,0.003698817563673082,39.50503110828627,1.927465142854356e-281,518816126821943e266,0.13488762204703436,0.1573561837865271
15505,creligionChristian,0.04049983959928485,0.003064422010716552,13.2161430304486,2.711366160228375e-33,36881776230318196e16,0.031192384722371243,0.04980729447619845
15505,creligionMuslim,-0.06616650643255473,0.0031034967865723423,-21.319985481806263,2.38418618469494e-85,419430330743214e70,-0.07559264167132171,-0.056740371193787754
15505,clangFluent,0.059165847887862166,0.0030472748613292657,19.415986604520853,5.01012537351802e-71,19959580358721e57,0.04991047340935053,0.06842122236637381
15505,clangNone,-0.05945266422765515,0.00304613057046409,-19.517437894527713,9.301746114450952e-72,10750669688204303e55,-0.06870456319412685,-0.050200765261183444
15605,cconsistMinor inconsistencies,0.08267984864413523,0.003089232986115946,26.76387602221209,3.05762705470837e-133,3270510046214181e117,0.07329750316111744,0.09206219412715302
15605,cconsistNo inconsistencies,0.11203124406715909,0.0031692789196848237,35.349127327139854,5.0114680953702683e-228,19954232591519986e211,0.10240579014698901,0.12165669798732916
15605,cgenderMale,-0.060845484158854345,0.0024742335708272667,-24.591649259091774,5.710234400447048e-113,1751241595129109e97,-0.06836000775468355,-0.05333096056302514
15605,coriginEritrea,0.008640559146037232,0.004555196322404281,1.8968576839464633,0.5883367775754109,1.6997067633967922,-0.005194080659976095,0.022475198952050558
15605,coriginIraq,0.002147116348310164,0.004563015276671596,0.47054770105357535,1,0.386873636590479,-0.011711270494777274,0.016005503191397603
15605,coriginKosovo,-0.011695015991447242,0.0046118836109193964,-2.535843698170821,0.17003694753799747,5.881074757452547,-0.025701821421657473,0.0023117894387629893
15605,coriginPakistan,0.0011582151247727457,0.004570783944027539,0.2533952903825479,1,0.36110910327340456,-0.012723766028424573,0.015040196277970066
15605,coriginSyria,0.02315294732219454,0.004550910902751221,5.087541333361984,3.3978221548566194e-5,29430.616271974886,0.00933132281412262,0.03697457183026646
15605,coriginUkraine,0.014906202569763138,0.004624351937617323,3.2234143877560264,0.029995805159560827,33.3379949189749,8.615294393176584e-4,0.028950875700208618
15605,cage38 Years,-0.006963064880788988,0.0030342033932536498,-2.294857653996071,0.28319997384929635,3.531073772387231,-0.016178279346384553,0.0022521495848065766
15605,cage62 Years,-0.06569911521434445,0.0031798251985823336,-20.661234851411074,2.536832019228683e-80,39419243860854736e63,-0.07535659936098867,-0.05604163106770023
15605,cjobCleaner,-0.030997799359644487,0.004294877685314884,-7.217388161165258,3.592576158563894e-10,2783517887.6200714,-0.044041822400972847,-0.017953776318316125
15605,cjobDoctor,0.05381290933028106,0.004232449695338082,12.714364777815168,7.150463564828838e-31,13985107272187567e14,0.04095848706442193,0.06666733159614019
15605,cjobFarmer,-0.02410467230742453,0.004255150794642385,-5.664822111069358,2.248348997406949e-6,444770.8078920637,-0.03702804034638479,-0.011181304268464276
15605,cjobTeacher,0.011132248001403272,0.004272003612432963,2.605861092674336,0.14522204351667287,6.886006943465098,-0.0018423039267567252,0.024106799929563272
15605,cjobUnemployed,-0.0894817176679572,0.004275655383703775,-20.928187526293083,2.2618718529081668e-82,4421116955473253e66,-0.10246736043317667,-0.07649607490273774
15605,cvulnerNo surviving family,0.00969595574329006,0.003943623914509285,2.4586410756910504,0.2013370495426354,4.966795740136436,-0.002281270379605042,0.021673181866185165
15605,cvulnerNone,-0.0243775073336121,0.003989936238890805,-6.10974859597982,2.2746412335516936e-7,4396297.689717731,-0.03649538915629478,-0.01225962551092942
15605,cvulnerPTSD,-0.018176382600485035,0.003928115813805832,-4.627252215070128,2.4050282445682136e-4,4157.955326547672,-0.030106508890107873,-0.006246256310862194
15605,cvulnerVictim of torture,0.08494764259730403,0.003954165380682665,21.48307782276883,1.0345866008494799e-86,9665696416123296e70,0.07293840086471529,0.09695688432989277
15605,creasonEthnic persecution,0.15391295156949272,0.0036398149138360627,42.285928052116596,2.289e-320,Inf,0.14285842730106357,0.16496747583792187
15605,creasonPolitical persecution,0.14268630621295628,0.003666467655425298,38.91655937611296,7.260976918196082e-274,13772251465143621e257,0.1315508345926169,0.15382177783329565
15605,creasonReligious persecution,0.14623093060498257,0.0036873820065359986,39.65711454516612,7.962672843121608e-284,12558597090471065e267,0.13503193976529146,0.1574299214446737
15605,creligionChristian,0.04059457686947061,0.003054776146762736,13.288887603921566,1.1071562694991434e-33,9032148645578109e17,0.031316880654577814,0.0498722730843634
15605,creligionMuslim,-0.06636780207712602,0.0030935879314425933,-21.453342703653995,1.778344570115315e-86,5623207205199586e70,-0.075763374015318255,-0.05697223013893378
15605,clangFluent,0.05892538819721706,0.0030387988957370268,19.391012771486928,6.573810229431652e-71,1521187812089392e55,0.04969621667750453,0.06815455971692957
15605,clangNone,-0.059159060225385605,0.003036281407886549,-19.48405048086903,1.4043420313774291e-71,7120772416240821e55,-0.06838058585342578,-0.04993753459734543
15705,cconsistMinor inconsistencies,0.08245822437997544,0.0030796786045705245,26.774944715854406,1.7851242011789118e-133,56018511167995543e116,0.07310533795409487,0.09181111080585601
15705,cconsistNo inconsistencies,0.11180123285361772,0.003160886157998652,35.37021811769578,1.563589069693162e-228,639554227758985e213,0.10220172165883766,0.12140074404839778
15705,cgenderMale,-0.06094023939678954,0.0024673504055604855,-24.69865620199426,4.894743203084244e-114,20430080976870995e97,-0.06843350446731003,-0.05344697432626905
15705,coriginEritrea,0.007835067371227663,0.004544033336317966,1.7242539372689603,0.7751200913739063,1.2901226676081798,-0.005965018016553874,0.0216351527590092
15705,coriginIraq,0.0019740150761035948,0.004546136369181689,0.4342181834855342,1,0.38029677478228724,-0.011832457155907434,0.015780487308114623
15705,coriginKosovo,-0.012050212672487882,0.004594392697981016,-2.6228085983558374,0.13975130204674438,7.155568394386175,-0.026003237847367765,0.0019028125023919998
15705,coriginPakistan,5.201764643509378e-4,0.004556729936736933,0.11415564924249941,1,0.35211126985794156,-0.013318468096955116,0.014358821025656993
15705,coriginSyria,0.0225399634524559,0.004540688013619359,4.963997390890859,5.817161608073427e-5,17190.51433283436,0.008750037703804094,0.036329889201107704
15705,coriginUkraine,0.014519572194131792,0.004612086061123321,3.14815725502646,0.036984503628482227,27.038351252330656,5.12812835523695e-4,0.02852633155273989
15705,cage38 Years,-0.0069212128066923565,0.0030260466848266968,-2.2872128316449745,0.2878680737361851,3.4738134973468564,-0.016111220790185624,0.0022687951768009113
15705,cage62 Years,-0.06607959612500895,0.0031709415104466615,-20.839109112328256,9.328427184654593e-82,10719920734815999e65,-0.07570964510684214,-0.056449547143175766
15705,cjobCleaner,-0.030971860496445524,0.004280704474126323,-7.235225109242509,3.1607079925010646e-10,3163848107.3624935,-0.04397222446619349,-0.01797149652669756
15705,cjobDoctor,0.05394700560081516,0.00421889268535936,12.787005886171297,3.0295801732566008e-31,3300787379147208e15,0.04113436207672018,0.06675964912491014
15705,cjobFarmer,-0.0240855198588158,0.00424115064294341,-5.679005978929378,2.0780321181397868e-6,481224.5158632005,-0.036965760095453035,-0.01120527962217856
15705,cjobTeacher,0.012064816848417904,0.004257140596516942,2.8340188854201704,0.08430720991250272,11.861381737550543,-8.639843710135774e-4,0.024993618067849388
15705,cjobUnemployed,-0.08915488691765312,0.004260418333894919,-20.92632223656469,1.9806143593608524e-82,5048938453231763e66,-0.1020936425217352,-0.07621613131357105
15705,cvulnerNo surviving family,0.009881749694828171,0.003930630169735316,2.514037003764614,0.17855426654912465,5.600538252749482,-0.0020554496951064923,0.021818949084762833
15705,cvulnerNone,-0.02475848626008288,0.003978871998588901,-6.222488752808189,1.225433947400234e-7,8160374.5523902485,-0.03684219455701021,-0.012674777963155543
15705,cvulnerPTSD,-0.01826295290327791,0.0039161489196129174,-4.663498063572891,2.0656189234298977e-4,4841.164014606964,-0.030156173195037016,-0.006369732611518802
15705,cvulnerVictim of torture,0.08458448175858667,0.00394120844281607,21.46156007372942,1.2845492572603233e-86,7784831872720803e70,0.07261515648819182,0.09655380702898152
15705,creasonEthnic persecution,0.15402847714911078,0.0036280074985462446,42.455391068191155,3.5e-323,Inf,0.14301033323117485,0.1650466210670467
15705,creasonPolitical persecution,0.14255423498318462,0.003656117743941459,38.99060286540574,3.627567902345114e-275,2756667902352785e259,0.13145072113989517,0.15365774882647407
15705,creasonReligious persecution,0.14621762124812912,0.003676195327421788,39.774170909105464,9.658555824080568e-286,10353514730502617e269,0.13505313241942432,0.15738211007683392
15705,creligionChristian,0.04046929344484208,0.0030443304338274215,13.29333143181928,9.896885948617158e-34,10104188379979514e17,0.03122375829445897,0.0497148285952252
15705,creligionMuslim,-0.06600283222225667,0.003082268047033182,-21.413722367782803,3.069700775104866e-86,32576465045386656e69,-0.07536358270291998,-0.05664208174159335
15705,clangFluent,0.05900399468730453,0.0030276273572251394,19.48852607190816,1.131541994900763e-71,883749789673251e56,0.04980918625177798,0.06819880312283108
15705,clangNone,-0.05939388551022928,0.0030267566822536848,-19.622946852141858,1.1984955907153434e-72,8343793733968868e56,-0.06858604973343127,-0.05020172128702729
15805,cconsistMinor inconsistencies,0.08209642649938217,0.0030691487706895663,26.748923767855352,2.395072339668544e-133,41752392336441526e116,0.07277593523769492,0.09141691776106943
15805,cconsistNo inconsistencies,0.11151868141341541,0.0031523383124965835,35.37649527378774,7.47579882439431e-229,1337649692681531e213,0.10194555743320996,0.12109180539362085
15805,cgenderMale,-0.06071162491492262,0.0024599907598943814,-24.679615023240675,5.725165412265771e-114,17466744242141358e97,-0.06818220522709026,-0.053241044602754986
15805,coriginEritrea,0.008368174918785333,0.004533534567255923,1.8458390014770434,0.6417775917228786,1.558172196875024,-0.00539941097415015,0.022135760811720816
15805,coriginIraq,0.0020051226532257446,0.004530326886774055,0.44259999407096823,1,0.38048902340712687,-0.011752722050821451,0.01576296735727294
15805,coriginKosovo,-0.011837520996514628,0.004579699460142776,-2.5847811847779165,0.15250758810906273,6.557050782842819,-0.025745301944462697,0.0020702599514334404
15805,coriginPakistan,5.223520627823847e-4,0.004541851026413636,0.11500862968525136,1,0.3511634576968327,-0.013270489525037588,0.014315193650602359
15805,coriginSyria,0.022936405018628595,0.004530062795022303,5.063153880301933,3.741065773084829e-5,26730.350671579195,0.009179362317041494,0.0366934477202157
15805,coriginUkraine,0.014848013686024217,0.004594840559515565,3.2314535169833283,0.02927527774953784,34.15851451710947,8.942517528126945e-4,0.02880177561923574
15805,cage38 Years,-0.007131024993509121,0.003014537819537746,-2.365545042192439,0.24555923582203282,4.072337155849199,-0.016285671934496145,0.0020236219474779023
15805,cage62 Years,-0.06645002333584686,0.0031600940490320592,-21.027862558774345,2.7407278048027232e-83,3648665869874589e67,-0.07604670019015773,-0.05685334648153599
15805,cjobCleaner,-0.03103938947812087,0.004265892167364007,-7.276177704534155,2.40016181778462e-10,4166385751.9532275,-0.04399419018668448,-0.018084588769557257
15805,cjobDoctor,0.05357622536546822,0.004206748952766153,12.735779093791445,5.055742515769671e-31,19779488312168584e14,0.040801032703315324,0.06635141802762112
15805,cjobFarmer,-0.024319630922092623,0.004226155131429799,-5.7545523450448375,1.4116304180411529e-6,708400.7168020994,-0.03715375690164761,-0.01148550494253764
15805,cjobTeacher,0.012344481727279005,0.004242791303412825,2.9095189568596798,0.06970153532832134,14.3468862671333,-5.401655228890294e-4,0.02522912897744704
15805,cjobUnemployed,-0.08901932820823737,0.004249310931304254,-20.949120845085908,1.1194255005629808e-82,893315365334344e67,-0.10192377447739459,-0.07611488193908014
15805,cvulnerNo surviving family,0.009584810286914266,0.003919867765105615,2.44518714948437,0.20755135923916723,4.818084563096848,-0.0023191722116036716,0.021488792785432205
15805,cvulnerNone,-0.024077086934260476,0.003964973138591083,-6.0724464183422056,2.719890169225899e-7,3676619.046292621,-0.036118046904656385,-0.012036126963864564
15805,cvulnerPTSD,-0.018007281850356074,0.003904439153264443,-4.612002170734421,2.5349549431418394e-4,3944.8432908262803,-0.029864410236353,-0.006150153464359147
15805,cvulnerVictim of torture,0.08459057150796923,0.00392796443414363,21.535472870545878,2.7965190515053617e-87,35758740833955755e70,0.07266200078038325,0.0965191422355552
15805,creasonEthnic persecution,0.1538381565283454,0.003616129517265475,42.54221420826712,0,Inf,0.14285657626456766,0.16481973679212314
15805,creasonPolitical persecution,0.1421080338184151,0.00364336175932584,39.00464549112205,1.1548335419349862e-275,8659256626062712e259,0.13104375379221994,0.15317231384461027
15805,creasonReligious persecution,0.14601532356605493,0.003663621260579614,39.855463537449324,3.565188400344549e-287,28049008571422406e270,0.13488951882453634,0.1571411283075735
15805,creligionChristian,0.04014111606041439,0.003032465782386671,13.237120858399841,1.778941424862976e-33,5621320556279842e17,0.030932024896107524,0.04935020722472126
15805,creligionMuslim,-0.06591056347607821,0.00307147214647518,-21.458948781846235,1.1324573644166078e-86,8830354514186553e70,-0.07523811044126028,-0.056583016510896145
15805,clangFluent,0.0595029137051099,0.0030187785117055227,19.71092396291521,2.3698090126744036e-73,4219749332759389e57,0.05033538849159639,0.0686704389186234
15805,clangNone,-0.05926050797738643,0.00301774729206067,-19.63733283210748,8.16748953157436e-73,12243664300200708e56,-0.06842490154939057,-0.050096114405382294
15905,cconsistMinor inconsistencies,0.08205187463005041,0.0030588124252100067,26.824748701096645,3.2980279021093746e-134,30321150386884643e117,0.0727631652926134,0.09134058396748743
15905,cconsistNo inconsistencies,0.1115366857148837,0.003141256603934981,35.50702784839807,1.0293247232967009e-230,9715107170429364e214,0.10199761777211723,0.12107575365765018
15905,cgenderMale,-0.06078229214422284,0.002453856348065324,-24.770110194977377,6.8675655002720975e-115,14561200762633853e98,-0.0682339286633986,-0.05333065562504707
15905,coriginEritrea,0.0077198918074158135,0.004520675358960282,1.7076855103329793,0.797546896750502,1.2538447633291108,-0.006008063222521293,0.02144784683735292
15905,coriginIraq,0.0012371846887827085,0.0045147278788840945,0.27403305846386994,1,0.35984431564144176,-0.012472709601874478,0.014947078979439895
15905,coriginKosovo,-0.012240469163362591,0.004562243849688914,-2.682993186389463,0.12157189295285839,8.225585500982264,-0.02609465541453835,0.0016137170878131653
15905,coriginPakistan,2.0296984591833766e-4,0.004528543655886288,0.04482011466412906,1,0.34847153406811,-0.013548878876395576,0.013954818568232252
15905,coriginSyria,0.022280956102543843,0.004515345699179684,4.934496179681588,6.538242084358302e-5,15294.630989457242,0.008569185674238854,0.03599272653084883
15905,coriginUkraine,0.014229927225568586,0.004578157624779755,3.108221339638378,0.041224881844775144,24.257195054319855,3.274155425808372e-4,0.028132438908556337
15905,cage38 Years,-0.006882541398194912,0.0030036889690482835,-2.2913628771542345,0.2860496240812215,3.4958969207246997,-0.016003857090391968,0.002238774294002146
15905,cage62 Years,-0.06620415682370899,0.0031485488671702216,-21.02687924396435,2.3674837241182624e-83,42238938743810653e66,-0.07576536921477375,-0.05664294443264422
15905,cjobCleaner,-0.030128320018090553,0.0042517022616856345,-7.086178232561808,7.806661545924677e-10,1280957287.7179892,-0.0430394832436061,-0.01721715679257501
15905,cjobDoctor,0.05455563666679122,0.004194655805140671,13.005986474487779,2.3342981429263307e-32,4283942918903995e16,0.0418177066703582,0.06729356666322424
15905,cjobFarmer,-0.023923268769178864,0.004212433582667611,-5.679203790325154,2.042064659395227e-6,489700.4585036782,-0.03671518462193716,-0.01113135291642057
15905,cjobTeacher,0.013073971891291466,0.004230004863667705,3.0907699429819173,0.04323051387365988,23.13180923369256,2.2869725113217748e-4,0.025919246531450755
15905,cjobUnemployed,-0.08848947942144517,0.004236090370923098,-20.889422007812872,2.758737602783217e-82,36248463753534457e65,-0.10135323394863523,-0.0756257248942551
15905,cvulnerNo surviving family,0.00930917663054324,0.003908437540777972,2.3818153759443867,0.2375776000094783,4.20915103090571,-0.002559593085638757,0.021177946346725235
15905,cvulnerNone,-0.024114205848191177,0.00395108877403474,-6.103179965649426,2.286035605270651e-7,4374385.06073315,-0.03611249475467729,-0.012115916941705069
15905,cvulnerPTSD,-0.01777530393392061,0.0038924671961157423,-4.566590555126174,3.030198732881048e-4,3300.1135838018836,-0.029595576433220812,-0.005955031434620407
15905,cvulnerVictim of torture,0.0841573371408922,0.00391662524321444,21.48720694855729,5.690946257057351e-87,17571770226434638e70,0.07226370379219486,0.09605097048958953
15905,creasonEthnic persecution,0.1539297657941138,0.0036049890931283243,42.69909334470058,0,Inf,0.1429824793326366,0.164877052255591
15905,creasonPolitical persecution,0.14221160465901234,0.003629970085524009,39.17707344921086,2.7341460582751437e-278,3657449085331079e262,0.13118845830648337,0.1532347510115413
15905,creasonReligious persecution,0.1458152658309755,0.003654030609536864,39.90532138685535,3.530988694408331e-288,2832067974569272e272,0.13471905477783927,0.15691147688411175
15905,creligionChristian,0.04026149862963098,0.003022468130162971,13.320735536576224,6.396318494007584e-34,15633993224959857e17,0.031083156175100414,0.049439841084161544
15905,creligionMuslim,-0.06635801188737653,0.0030619162033235117,-21.672053538026027,1.9109961544735755e-88,5232872905887512e72,-0.07565614648165724,-0.05705987729309582
15905,clangFluent,0.059275767845843055,0.0030092354299040332,19.697949604339666,2.5588460729524485e-73,39080115469633534e56,0.05013760919122178,0.06841392650046432
15905,clangNone,-0.059319625095252924,0.0030080569935064137,-19.720246399356146,1.757113816350396e-73,5691150969816199e57,-0.06845420518680836,-0.05018504500369748
16005,cconsistMinor inconsistencies,0.08213516228751157,0.0030479928831375716,26.947294641633974,1.5772741996418078e-135,63400517185096654e118,0.07287967727116684,0.09139064730385629
16005,cconsistNo inconsistencies,0.11181236340129422,0.00313267205014643,35.692329618757185,2.885446454189138e-233,3465668193385408e217,0.1022997430203025,0.12132498378228594
16005,cgenderMale,-0.060510301604934376,0.0024457913647569847,-24.74058191424955,1.0054156294692057e-114,9946135415936742e98,-0.06793715140332082,-0.053083451806547936
16005,coriginEritrea,0.007575847596086881,0.004510521992930153,1.6795944256477093,0.8331044768004482,1.2003296439367568,-0.006120729240563859,0.02127242443273762
16005,coriginIraq,8.786397547333989e-4,0.004501125234462319,0.19520446754207152,1,0.3530732141305647,-0.012789403039832664,0.014546682549299464
16005,coriginKosovo,-0.01272696061174639,0.004549740945058483,-2.7972934647123733,0.09234623453220409,10.828811862938148,-0.02654262907285225,0.0010887078493594712
16005,coriginPakistan,-1.71303923560547e-4,0.004513651898702782,-0.03795240027477076,1,0.3474261908687554,-0.013877384980559505,0.013534777133438411
16005,coriginSyria,0.022122262655674425,0.004502595720129704,4.913224288996828,7.129384296349576e-5,14026.456681708478,0.008449754608536243,0.0357947707028126
16005,coriginUkraine,0.013789625039209774,0.0045634513142560305,3.0217535127703816,0.05201370452857132,19.22570232333089,-6.767610331686116e-5,0.02764692618173641
16005,cage38 Years,-0.007260665074173821,0.0029929199230332615,-2.4259469885232643,0.21660850207335233,4.616623957176713,-0.016348916446414202,0.0018275862980665619
16005,cage62 Years,-0.06609547091921673,0.0031377357977961785,-21.06470244105306,1.0208946056312577e-83,9795330433562849e67,-0.07562346779296802,-0.056567474045465437
16005,cjobCleaner,-0.03015945398411174,0.004239484717879452,-7.1139433188468235,6.475401126260365e-10,1544305874.6501377,-0.04303300349285076,-0.01728590447537272
16005,cjobDoctor,0.054549334747486605,0.004180180000902961,13.04951813933931,1.3479424240205297e-32,7418714495366083e16,0.041855868966111626,0.06724280052886158
16005,cjobFarmer,-0.02363109424349897,0.004198299997187335,-5.6287293093229875,2.6020892206105184e-6,384306.5764537366,-0.03637958290732032,-0.010882605579677622
16005,cjobTeacher,0.013183190692016268,0.004214528606891668,3.128034454543479,0.039027776983906186,25.6227763219096,3.854224991036506e-4,0.025980958884928886
16005,cjobUnemployed,-0.08803643555308496,0.00422319541000812,-20.84592991942935,5.1013697438368696e-82,1960257833120472e66,-0.10086052121767794,-0.07521234988849199
16005,cvulnerNo surviving family,0.009594012200946056,0.0038964309158920065,2.4622564618856346,0.20035155183720887,4.991226625549312,-0.0022378257796392444,0.021425850181531356
16005,cvulnerNone,-0.0242152965648087,0.003940802861439509,-6.144762226437091,1.8106153576127511e-7,5522984.193166647,-0.036181873664843066,-0.012248719464774334
16005,cvulnerPTSD,-0.017590751456901938,0.003881425468353783,-4.532033810857291,3.4641468964727296e-4,2886.7136119955594,-0.029377024142495274,-0.005804478771308604
16005,cvulnerVictim of torture,0.0841395570724977,0.0039057332387777382,21.542576496808667,1.7400023650105407e-87,5747118625289583e71,0.07227947181136185,0.09599964233363356
16005,creasonEthnic persecution,0.15392340390400094,0.0035930988538831893,42.83862208178616,0,Inf,0.14301265906980434,0.16483414873819754
16005,creasonPolitical persecution,0.1418317085817701,0.0036165782366801283,39.21709950673315,3.897011362245019e-279,25660689873480702e262,0.1308496666402632,0.152813750523277
16005,creasonReligious persecution,0.14604757395137466,0.003642471148954794,40.095739397492,4.116368442324361e-291,24293257856076096e274,0.13498690601867416,0.15710824188407516
16005,creligionChristian,0.04064767726231165,0.0030133481845212723,13.489206946315536,8.478660357042705e-35,11794316058071146e18,0.03149739376750357,0.04979796075711973
16005,creligionMuslim,-0.0661008721218526,0.0030519990316429674,-21.658221852799493,2.073418945188791e-88,4822951976591238e72,-0.07536852214280415,-0.056833222100901054
16005,clangFluent,0.059480813449734486,0.00300021676718479,19.82550531025378,2.570710395464161e-74,3889975322636226e58,0.05037040460065592,0.06859122229881305
16005,clangNone,-0.058865791326337805,0.0029988216278863753,-19.629640782545476,7.02559100686527e-73,1423367797844793e57,-0.067971963718388,-0.04975961893428761
16105,cconsistMinor inconsistencies,0.08234152477259991,0.0030375012197184767,27.10831002735582,3.1080555239034736e-137,32174457383698174e120,0.07311824423477166,0.09156480531042817
16105,cconsistNo inconsistencies,0.1116670477828821,0.003125524047422082,35.72746396719762,6.025369194016124e-234,16596493389867522e217,0.10217648859233333,0.12115760697343086
16105,cgenderMale,-0.06059019342768712,0.0024381760397470488,-24.850622941062582,7.972140207276645e-116,12543683051224322e99,-0.06799364119232122,-0.053186745663053016
16105,coriginEritrea,0.007214369660904224,0.004497925811955958,1.6039325596984444,0.9310207379364067,1.0740899308177438,-0.006443445958295338,0.020872185280103785
16105,coriginIraq,1.0328495837745272e-4,0.004491599703867334,0.022995138745005,1,0.34633677504208926,-0.01353532162504124,0.013741891541796145
16105,coriginKosovo,-0.01343024154149674,0.0045350180285477605,-2.9614527344663015,0.06094134351335212,16.4092214307829,-0.02720068655395389,3.40203470960412e-4
16105,coriginPakistan,-0.0010018591340920401,0.004503889327116851,-0.2224431066856114,1,0.3538788067200025,-0.014677782786619603,0.012674064518435522
16105,coriginSyria,0.021421788643254447,0.004490490693857972,4.770478351632008,1.301756625564332e-4,7681.927484459579,0.0077865495351701515,0.035057027751338746
16105,coriginUkraine,0.013190501223370276,0.004554036974407071,2.8964413985873843,0.07205340514891244,13.878594605394495,-6.376942426687335e-4,0.027018696689409285
16105,cage38 Years,-0.0070742490312353835,0.0029848832146318754,-2.370025398835528,0.243927806578029,4.0995736157702645,-0.01613775658885737,0.0019892585263866017
16105,cage62 Years,-0.06596712365026268,0.0031277647695636536,-21.09081996580759,5.431882819988745e-84,18409822765691986e67,-0.0754644867257893,-0.056469760574736065
16105,cjobCleaner,-0.03035670408726931,0.004226137675997145,-7.183084512292122,4.138633507725691e-10,2416256472.4160156,-0.04318924325603378,-0.017524164918504843
16105,cjobDoctor,0.054648137853436765,0.004169362120431342,13.107074001953837,6.622317755090971e-33,15100453300224686e16,0.04198799594109973,0.06730827976577379
16105,cjobFarmer,-0.023142266338742966,0.00418416327598442,-5.530918564189688,4.169743813283185e-6,239822.88715541427,-0.03584735151202878,-0.010437181165457148
16105,cjobTeacher,0.013810124740453705,0.004199360955336581,3.288625314026338,0.024794541244124772,40.33145804772478,0.001058892273702131,0.02656135720720528
16105,cjobUnemployed,-0.08772550985221574,0.004207201400419605,-20.851274161362095,3.9631598735535003e-82,2523239111985071e66,-0.10050054959320731,-0.07495047011122416
16105,cvulnerNo surviving family,0.009945499175110735,0.003883304729802136,2.561091613229509,0.1611631262023429,6.204893287714485,-0.001846038126777175,0.021737036476998643
16105,cvulnerNone,-0.024299693187687873,0.003928300778544261,-6.185802604629676,1.435806293886691e-7,6964727.792723525,-0.03622785962998511,-0.012371526745390635
16105,cvulnerPTSD,-0.017494889293541843,0.0038698601345791353,-4.520806614486208,3.6076977851133004e-4,2771.8508022661185,-0.029245602488873257,-0.005744176098210431
16105,cvulnerVictim of torture,0.083992515608174,0.0038950443483033808,21.563943333471876,9.919633469154737e-88,10081017641523917e71,0.07216533130995201,0.095819699906396
16105,creasonEthnic persecution,0.1536339995050385,0.003582095353596134,42.88942206711566,0,Inf,0.14275707535929927,0.16451092365077774
16105,creasonPolitical persecution,0.14163214090963303,0.0036033128690460595,39.30609027218019,1.2097837056813578e-280,8265940393343236e264,0.13069079042027953,0.15257349139898652
16105,creasonReligious persecution,0.1455773178285757,0.0036309661825245088,40.093272839946934,2.1293080314731007e-291,4696361377588843e275,0.1345519988896438,0.15660263676750757
16105,creligionChristian,0.04083576077022249,0.0030025157796257566,13.600514957264402,2.1535279297965556e-35,4643543211879636e19,0.03171871246256415,0.04995280907788083
16105,creligionMuslim,-0.06637417805804141,0.003043093970996513,-21.81141255927304,1.0235973463530592e-89,9769466514961831e73,-0.07561444081588682,-0.05713391530019601
16105,clangFluent,0.059524283837225064,0.002991539175173015,19.897544491886016,6.55710891873027e-75,15250623596376704e58,0.050440565656831596,0.06860800201761853
16105,clangNone,-0.05907640361845532,0.0029891378551178674,-19.76369323927545,6.371754978601179e-74,15694263250209516e57,-0.06815283026316611,-0.04999997697374453
16205,cconsistMinor inconsistencies,0.08278162772024125,0.003027377700310463,27.3443342440396,1.0753577515726833e-139,9299230870261784e123,0.07358941038411473,0.09197384505636777
16205,cconsistNo inconsistencies,0.1119202200889456,0.0031167035535447462,35.90980603902943,1.7724827469761757e-236,5641803857927432e220,0.10245677704597045,0.12138366313192075
16205,cgenderMale,-0.06052795578758467,0.0024297875258121565,-24.91080193003839,1.785490409706268e-116,560070216319174e101,-0.06790567248794352,-0.05315023908722582
16205,coriginEritrea,0.006819123569875294,0.004483674247352844,1.5208784567481228,1,0.9562924830644777,-0.006794938574347473,0.02043318571409806
16205,coriginIraq,-6.184076119974468e-4,0.004477448375514275,-0.138116078653038,1,0.34822721405142537,-0.014213565749944049,0.012976750525949154
16205,coriginKosovo,-0.013681842009036807,0.004520689547069039,-3.0264944908476066,0.05133414552716941,19.48021126543801,-0.027408296036082202,4.4612018008587107e-5
16205,coriginPakistan,-0.00145513476215288,0.00449022156049817,-0.3240674747442616,1,0.36166022166181727,-0.015089076925110457,0.012178807400804698
16205,coriginSyria,0.02073223924995909,0.004476233456395771,4.631625998044466,2.3003386181867479e-4,4347.186071189181,0.007140770047351468,0.034323708452566715
16205,coriginUkraine,0.012814786492656707,0.004540300873642243,2.8224531477749064,0.08680274840758186,11.520372549778093,-9.712146388322976e-4,0.02660078762414571
16205,cage38 Years,-0.007101433814481863,0.002974243232712888,-2.3876439345562375,0.23530046148188621,4.249885417572721,-0.016132315624437933,0.0019294479954742073
16205,cage62 Years,-0.06624796857875723,0.0031182292545584795,-21.245381006515345,2.8296304608912936e-85,35340303754187544e68,-0.07571604420368828,-0.05677989295382617
16205,cjobCleaner,-0.03104557545253282,0.004215104322500198,-7.3653160342465895,1.2746888792917478e-10,7845051574.903733,-0.0438441618406451,-0.018246989064420537
16205,cjobDoctor,0.05437472060288243,0.004152713749324366,13.093780088196311,7.287386652433607e-33,13722340362797302e16,0.0417655746365249,0.06698386656923996
16205,cjobFarmer,-0.023382864301447277,0.004171262318181655,-5.605704584803092,2.8705876319410754e-6,348360.72895771713,-0.0360483304541472,-0.010717398148747349
16205,cjobTeacher,0.013140414167887563,0.004186452853115791,3.13879425588365,0.03785020114046244,26.4199388608,4.288240384693418e-4,0.025852004297305782
16205,cjobUnemployed,-0.08845810534611866,0.004192845078623766,-21.097394176832694,4.1128332867317416e-84,24314138947135613e67,-0.10118910459192325,-0.07572710610031406
16205,cvulnerNo surviving family,0.010316644714611141,0.0038705959577663876,2.665389213232318,0.12685510835158528,7.883009308765478,-0.0014358892557859802,0.02206917868500826
16205,cvulnerNone,-0.024409902552280472,0.003914899345292309,-6.235129028702496,1.0862644978123987e-7,9205861.022005923,-0.03629695768494391,-0.01252284741961703
16205,cvulnerPTSD,-0.01771379535674476,0.0038576667747815883,-4.591841750703745,0.00027031716790574753,3699.3580827565997,-0.029427071635588352,-0.006000519077901169
16205,cvulnerVictim of torture,0.0840152319954408,0.0038806657394416097,21.649695602881216,1.7259981763170963e-88,5793748879467428e72,0.07223212251354523,0.09579834147733636
16205,creasonEthnic persecution,0.15405089916400808,0.0035714036333975804,43.13455295935144,0,Inf,0.14320682166754775,0.1648949766604684
16205,creasonPolitical persecution,0.14216727799609732,0.0035933855156164932,39.56360300843107,1.8924127153888765e-284,528425956911047e269,0.13125645552797632,0.15307810046421833
16205,creasonReligious persecution,0.14656442585857862,0.003619883423130442,40.4887143387151,3.444882576629447e-297,29028565640644363e280,0.13557314612713173,0.15755570559002552
16205,creligionChristian,0.040788839918925866,0.0029918330750001256,13.633394275823411,1.3731827707101836e-35,7282351783971331e19,0.031704548964416775,0.04987313087343496
16205,creligionMuslim,-0.06618962687132035,0.0030335387214062894,-21.819278720344183,7.443690640675552e-90,13434196130284707e73,-0.07540055130333369,-0.05697870243930702
16205,clangFluent,0.059575063489460095,0.0029821742711774336,19.977056359599814,1.4644590370109182e-75,6828460030135651e59,0.050520100168544954,0.06863002681037524
16205,clangNone,-0.05922946150999932,0.0029799946657506236,-19.875693802653217,8.272448994237767e-75,12088318715492316e58,-0.06827780675785797,-0.05018111626214066
16305,cconsistMinor inconsistencies,0.08262729167449157,0.003018914810826084,27.369865283439964,4.498991219429131e-140,22227204971671146e123,0.07346107274114988,0.09179351060783325
16305,cconsistNo inconsistencies,0.11158929568831676,0.0031084299973373926,35.89892511135895,1.404707359151409e-236,7118920488920235e220,0.10215128511829849,0.12102730625833502
16305,cgenderMale,-0.060604348408668525,0.0024233507891759367,-25.008491828488893,1.8058138641786026e-117,55376693015637175e100,-0.06796227841921915,-0.0532464183981179
16305,coriginEritrea,0.00738710218670488,0.004465457822681897,1.654276555739201,0.8693700293844665,1.1502581940948924,-0.006171201576462681,0.02094540594987244
16305,coriginIraq,-7.993975766858874e-4,0.00446389308672846,-0.1790808070790417,1,0.34928139895195454,-0.01435295039018417,0.012754155236812396
16305,coriginKosovo,-0.013216736668254226,0.004505803646200033,-2.9332695576738135,0.065550899499034,15.255320791055455,-0.02689754095713619,4.6406762062773874e-4
16305,coriginPakistan,-0.0012585245966079857,0.004475038038496483,-0.28123215619208974,1,0.3565953167629196,-0.014845916413294063,0.012328867220078091
16305,coriginSyria,0.021094100030096586,0.0044597797064187565,4.729852463281272,1.5282952111269767e-4,6543.238457592183,0.007553036520483142,0.03463516353971003
16305,coriginUkraine,0.013036733056224336,0.004527299859660116,2.879582413435071,0.07521026892790963,13.296056698833475,-7.093393873290922e-4,0.026782805499777764
16305,cage38 Years,-0.0069017572446861295,0.0029634800367714207,-2.3289366417346566,0.2660606042516928,3.758542166783933,-0.01589966163212438,0.0020961471427521196
16305,cage62 Years,-0.06599458225193738,0.0031076063615137683,-21.23646774226266,2.8333766801558713e-85,35293577694900326e68,-0.07543009204708992,-0.05655907245678485
16305,cjobCleaner,-0.030966573334180354,0.004205165368685965,-7.363937115238069,1.2669194628601122e-10,7893161556.950647,-0.04373456078518586,-0.01819858588317485
16305,cjobDoctor,0.054181912267910456,0.004139914869689886,13.087687542707643,7.392551132306441e-33,13527129973168069e16,0.041612042483943124,0.06675178205187779
16305,cjobFarmer,-0.023900149542664253,0.004161796831195543,-5.742747787089489,1.4377684402469375e-6,695522.2913560751,-0.03653645871376915,-0.011263840371559359
16305,cjobTeacher,0.013301371337628714,0.00417605634332437,3.185151311210541,0.0332497986109365,30.075370130845865,6.217665393710593e-4,0.025980976135886368
16305,cjobUnemployed,-0.08898589555216838,0.004179961480726489,-21.28868793707218,1.096676350213506e-85,9118460517593138e69,-0.10167735737410363,-0.07629443373023312
16305,cvulnerNo surviving family,0.009997054938156174,0.0038578711140365616,2.5913397940596496,0.15064682675341745,6.638042244572635,-0.0017164558641567917,0.02171056574046914
16305,cvulnerNone,-0.02481917693184203,0.0039053559783369333,-6.355163798003144,5.5351831689668924e-8,18066249.471318647,-0.03667686426428972,-0.01296148959939434
16305,cvulnerPTSD,-0.018112120637944533,0.003848439346415684,-4.706354708386816,1.684934032171543e-4,5934.950454476844,-0.029796994114476942,-0.006427247161412122
16305,cvulnerVictim of torture,0.08371814129976296,0.0038697876793415305,21.633781550001768,1.958963492987217e-88,5104740356723562e72,0.07196844867273368,0.09546783392679224
16305,creasonEthnic persecution,0.1535008749975314,0.0035613144919537654,43.10230824723362,0,Inf,0.14268778805428034,0.16431396194078246
16305,creasonPolitical persecution,0.14186493391818772,0.00358281988235373,39.595887757826574,3.4102311793326186e-285,29323525221996816e268,0.13098655095666342,0.15274331687971202
16305,creasonReligious persecution,0.14592673167502968,0.0036093228878576866,40.43050073628754,1.0613439255610645e-296,9422016519964196e280,0.13496787862207726,0.15688558472798209
16305,creligionChristian,0.040615212706075515,0.002983016615138652,13.615483232629497,1.59881579233807e-35,6254629237415924e19,0.03155799013122759,0.04967243528092344
16305,creligionMuslim,-0.06594900319434539,0.003023257980463243,-21.813885424438794,6.940192515623012e-90,1440882220124165e74,-0.0751284091323737,-0.05676959725631709
16305,clangFluent,0.059711998971618274,0.002973414366346711,20.081963566007616,2.0997108517682113e-76,4762560517120149e60,0.05068393134819982,0.06874006659503673
16305,clangNone,-0.059383535957217,0.002969650500811888,-19.996809705715144,9.074896208080087e-76,11019409776936315e59,-0.06840017549548243,-0.050366896418951576
16405,cconsistMinor inconsistencies,0.08287455746537198,0.003011098992955495,27.523026529269902,9.96833168732359e-142,1003176891948397e126,0.07373235060399717,0.09201676432674678
16405,cconsistNo inconsistencies,0.1119116252435075,0.0030968193162029226,36.13760242903832,7.732280142346734e-240,12932795780682898e223,0.10250915695293847,0.12131409353407654
16405,cgenderMale,-0.0601857160443092,0.0024140083668636194,-24.93185892412834,7.241836989620452e-117,13808651056814389e100,-0.06751505457040494,-0.05285637751821347
16405,coriginEritrea,0.007071217237995768,0.004451591354586398,1.5884695325213116,0.9568936270468275,1.0450482391508946,-0.006444568566837805,0.020587003042829344
16405,coriginIraq,-8.043683362409503e-4,0.004450362269630508,-0.18074221546636765,1,0.3484365682280398,-0.01431642243084406,0.012707685758362161
16405,coriginKosovo,-0.013540631770879892,0.004490649439226189,-3.0152947706408275,0.05286293673352076,18.91684537014935,-0.02717500454021428,9.374099845449631e-5
16405,coriginPakistan,-9.968258646226207e-4,0.0044596381558325085,-0.2235216916240006,1,0.3511044421727068,-0.014537043121805128,0.012543391392559885
16405,coriginSyria,0.0208876316319314,0.004446752933600182,4.697277304098014,1.741785307244275e-4,5741.235707069585,0.007386536093223877,0.03438872717063892
16405,coriginUkraine,0.013015034489354187,0.004514306846169015,2.883063764351588,0.07455159787936375,13.413528729701515,-6.911661768979165e-4,0.02672123515560629
16405,cage38 Years,-0.007200498184991341,0.002952891580864935,-2.4384566746884198,0.21155731497002184,4.7268514451589745,-0.01616597747831138,0.001764981108328699
16405,cage62 Years,-0.06629030496273468,0.0030984957138055834,-21.394351028911604,1.3583674828268668e-86,7361778109697704e70,-0.07569786308053998,-0.056882746844929374
16405,cjobCleaner,-0.030743302023094235,0.004192266967254382,-7.333335940489682,1.521009819925456e-10,6574579512.241475,-0.04347173503788833,-0.01801486900830014
16405,cjobDoctor,0.05429261569529996,0.004123418121115207,13.166895546507456,2.8276660478705277e-33,35364855080856696e16,0.04177321944583436,0.06681201194476556
16405,cjobFarmer,-0.023516820621364724,0.004151576952635802,-5.664551299340384,2.1121971075173026e-6,473440.66348779824,-0.03612171185566415,-0.010911929387065297
16405,cjobTeacher,0.013564468049487854,0.004161853383132316,3.2592373639262835,0.026925603218452623,37.13937221338392,9.283758305594046e-4,0.026200560268416304
16405,cjobUnemployed,-0.08852504235952435,0.004166347758806372,-21.247636415469582,1.9735366047823096e-85,506704561535257e70,-0.1011747802647026,-0.075875304454346107
16405,cvulnerNo surviving family,0.009752730496780158,0.003842697839118708,2.537990470522363,0.17005579681287764,5.880422889084802,-0.001914351400284675,0.02141981239384499
16405,cvulnerNone,-0.02555616137937597,0.0038918152175580487,-6.566643057480872,1.6470355927893874e-8,60715142.06359193,-0.037372371961758494,-0.013739950796993443
16405,cvulnerPTSD,-0.018484719347866933,0.0038321790296009777,-4.823553180862649,1.0258064498214918e-4,9748.427689980088,-0.03011986435651612,-0.006849574339217748
16405,cvulnerVictim of torture,0.08394467593446328,0.003855643884500756,21.77189555080831,1.2815159677495369e-89,780325821266273e74,0.07223828764953265,0.09565106421939391
16405,creasonEthnic persecution,0.15350440175633517,0.0035523179452131796,43.21246130661966,0,Inf,0.1427189624305306,0.16428984108213976
16405,creasonPolitical persecution,0.1417704045967005,0.0035716292334375447,39.6934830943391,7.851858547177452e-287,12735838196670968e270,0.13092633292698433,0.1526144762664167
16405,creasonReligious persecution,0.1455229608765112,0.003597659403492193,40.44934346349026,2.7994319877178525e-297,35721532238946014e280,0.13459985719893575,0.15644606455408666
16405,creligionChristian,0.04048075024920833,0.0029724457056081992,13.61866767585767,1.450731565982009e-35,6893073973496221e19,0.03145590131914958,0.04950559917926708
16405,creligionMuslim,-0.06570075783338677,0.003014342922028345,-21.79604628035382,8.175494704834442e-90,12231675710200958e73,-0.07485281381320538,-0.05654870185356817
16405,clangFluent,0.059468528385646535,0.0029643616480923194,20.061158335359256,2.6125623583906134e-76,382765983283943e61,0.050468224024285906,0.06846883274700716
16405,clangNone,-0.059455654108628284,0.002958190151459606,-20.098658661037106,1.3687809153496296e-76,7305771060846275e60,-0.06843722076027145,-0.05047408745698512
16505,cconsistMinor inconsistencies,0.0832248812237014,0.0030015468069517883,27.72733079855589,6.582349885137147e-144,15192142888939797e127,0.0741119372095644,0.09233782523783841
16505,cconsistNo inconsistencies,0.11201094347225315,0.0030880057942894055,36.27290586027818,8.467620939063027e-242,11809692559415085e225,0.10263550283160949,0.12138638411289682
16505,cgenderMale,-0.060388491443036506,0.00240571575238189,-25.102089215338964,1.5694771678828516e-118,6371548567023446e102,-0.06769244316373202,-0.05308453972234099
16505,coriginEritrea,0.007531167097970652,0.004440039778244953,1.6961936095418388,0.8201074242731959,1.2193524535962228,-0.005949160387169728,0.02101149458311103
16505,coriginIraq,-2.6265191505840365e-4,0.0044399610282505695,-0.059156355965109354,1,0.343062143793197,-0.013742740308711598,0.013217436478594791
16505,coriginKosovo,-0.013203282292292362,0.004477130806058545,-2.9490499304656033,0.06291535434585123,15.89437126115371,-0.026796221201352305,3.8965661676758183e-4
16505,coriginPakistan,-9.543327500313812e-4,0.004449477703653815,-0.21448197150144246,1,0.3495584623664778,-0.014463314556224282,0.01255464905616152
16505,coriginSyria,0.02137934614967084,0.004432318672494485,4.8235128675074845,1.0211691779768258e-4,9792.696661499645,0.007922460579301963,0.03483623172003972
16505,coriginUkraine,0.013675131376898067,0.004502518369448031,3.0372183420041257,0.0498481059440446,20.0609427592398,5.113728540135504e-6,0.027345149025255998
16505,cage38 Years,-0.007101298131613,0.0029438215769785215,-2.412271921351167,0.22393071343515109,4.4656670121742525,-0.016038983579822863,0.0018363873165968625
16505,cage62 Years,-0.06607639285213492,0.0030896143795128665,-21.38661487669314,1.334310726238954e-86,7494506192112523e70,-0.07545671729037567,-0.05669606841389415
16505,cjobCleaner,-0.030188908583810226,0.004181504627179453,-7.219628166278874,3.103701454473026e-10,3221959375.5024643,-0.04288430199699489,-0.017493515170625563
16505,cjobDoctor,0.05448512871804633,0.004112350392868751,13.249145503877608,1.0377896638849287e-33,9635863940449509e17,0.04199969327191864,0.06697056416417402
16505,cjobFarmer,-0.0230734201007265,0.004140344881780738,-5.572825636400309,3.300812843230193e-6,302955.6801594951,-0.03564384912735357,-0.010502991074099431
16505,cjobTeacher,0.013121236266804977,0.00415187545683372,3.1603154774809696,0.03560494562040267,28.085985881325733,5.15799461966596e-4,0.025726673071643356
16505,cjobUnemployed,-0.08826670814924538,0.0041572115185856155,-21.232190797757593,2.233834663281828e-85,44766070490232905e68,-0.10088834567828649,-0.07564507062020427
16505,cvulnerNo surviving family,0.009862060534981516,0.003831746067579391,2.5737771660875284,0.15697225361784753,6.370552610109826,-0.0017714370034766572,0.02149555807343969
16505,cvulnerNone,-0.025580721944980414,0.0038791822838932385,-6.594359345059444,1.3873173317696079e-8,72081561.80997458,-0.03735823975409017,-0.01380320413587066
16505,cvulnerPTSD,-0.018483074489629076,0.003823244953024329,-4.834394530491245,9.749557073720439e-5,10256.876209232745,-0.030090761942161346,-0.006875387037096805
16505,cvulnerVictim of torture,0.0839962791396416,0.0038453459686652596,21.843620788377894,2.849499019505509e-90,3509388819419689e74,0.07232149117822341,0.09567106710105978
16505,creasonEthnic persecution,0.15363693080199492,0.003541183473170844,43.385758452223165,0,Inf,0.14288560529874034,0.1643882563052495
16505,creasonPolitical persecution,0.14210424062530555,0.0035627998946776212,39.885552045061964,8.963809843030408e-290,11155970703433937e273,0.13128728588098065,0.15292119536963045
16505,creasonReligious persecution,0.14569332463040274,0.00358611231573839,40.627094692767336,4.471481634716982e-300,2236395185515045e284,0.1348055914502831,0.1565810578105224
16505,creligionChristian,0.0404179746144404,0.0029621779440376565,13.644681507333033,1.0041447133459962e-35,9958723943960375e19,0.03142455771972255,0.04941139150915824
16505,creligionMuslim,-0.06595413274412161,0.00300352080430857,-21.958939871336995,3.2891056431893154e-91,304034016684955e76,-0.07507306997727314,-0.056835195510970084
16505,clangFluent,0.05942631696941984,0.0029534377937804374,20.1210660656419,8.090385200492176e-77,12360350900710703e60,0.050459435892762444,0.06839319804607724
16505,clangNone,-0.05913120425567415,0.0029496622245753514,-20.046771377080976,2.915759543255549e-76,3429638093144898e60,-0.06808662239238747,-0.05017578611896083
16605,cconsistMinor inconsistencies,0.08339750468485216,0.0029913200353213452,27.879833551776116,1.4071561275642839e-145,7106531964800164e129,0.07431585088837556,0.09247915848132876
16605,cconsistNo inconsistencies,0.11220743038382788,0.0030781804938354996,36.45251817056844,2.465640674624204e-244,4055741010001034e228,0.10286206805616296,0.1215527927114928
16605,cgenderMale,-0.06042230800847969,0.0023975456847624282,-25.201733753184733,1.4965352109695497e-119,6682101381043598e103,-0.0677012616520706,-0.053143354364888776
16605,coriginEritrea,0.007642313293412138,0.004429384490206906,1.7253668789216239,0.7861326953600625,1.2720498789863746,-0.005805307153933546,0.02108993374075782
16605,coriginIraq,-2.033214248639012e-4,0.004425127275155943,-0.045947023039407626,1,0.3419391086340374,-0.013638016958534862,0.013231374108807061
16605,coriginKosovo,-0.013032424067282567,0.004459978623885846,-2.922082181624406,0.06746628718383688,14.822217758554428,-0.026572928367574265,5.080802330091304e-4
16605,coriginPakistan,-4.968854347887619e-4,0.0044377528994993315,-0.111967801281775,1,0.34351728147203764,-0.013969912390005095,0.012976141520427573
16605,coriginSyria,0.02154785937279537,0.004421206471830317,4.873750979531807,8.199422789267938e-5,12195.980445219635,0.008125067406107201,0.03497065133948354
16605,coriginUkraine,0.014241124402299535,0.004491804513607907,3.1704684295935173,0.034593205585311496,28.90741066287903,6.039966351745543e-4,0.027878252169424515
16605,cage38 Years,-0.006931049230231332,0.0029341227776440914,-2.3622219503017905,0.24905878950719582,4.015116278283799,-0.015839052034437265,0.0019769535739746023
16605,cage62 Years,-0.0658217051874937,0.0030796631582272554,-21.373020946025346,1.4619658430996387e-86,6840105086722234e70,-0.0751715688873098,-0.05647184148767759
16605,cjobCleaner,-0.030442398792015473,0.004167174751599123,-7.305284900839213,1.770385976455401e-10,5648485772.58933,-0.043093949932171596,-0.01779084765185935
16605,cjobDoctor,0.0545645533624094,0.004095803892142657,13.322061993027893,4.217490500818947e-34,23710782509310246e17,0.042129684298757,0.0669994224260618
16605,cjobFarmer,-0.022920970514992603,0.004125510658239537,-5.555911113504086,3.5609622275604027e-6,280822.97314484435,-0.0354460293817818,-0.010395911648203407
16605,cjobTeacher,0.01345235138326467,0.004136199466792293,3.2523459014168967,0.027427576277702176,36.45965614588304,8.948412716649132e-4,0.026009861494864426
16605,cjobUnemployed,-0.08800261644299905,0.004144247607268347,-21.234883815498026,1.8213178381176002e-85,5490529873871642e69,-0.10058456072568243,-0.07542067216031566
16605,cvulnerNo surviving family,0.010044193183988461,0.0038184475864964577,2.6304389300795186,0.1378938396468665,7.251955580908533,-0.0015486215637077628,0.021637007931684688
16605,cvulnerNone,-0.025622291192119215,0.0038669413596491833,-6.625983900217126,1.1413274489050146e-8,87617274.16258991,-0.03736233313511974,-0.01388224924911869
16605,cvulnerPTSD,-0.0181709379714007,0.0038113537137496414,-4.767581110577108,1.2877277150878143e-4,7765.616816997736,-0.029742215706807323,-0.006599660235994079
16605,cvulnerVictim of torture,0.08401892022296045,0.0038335247371917495,21.916884846948594,6.126414090779983e-91,163227621440895e76,0.07238033121465849,0.09565750923126241
16605,creasonEthnic persecution,0.15351626100324203,0.0035304570427533454,43.483395816513664,0,Inf,0.14279778614029606,0.164234735866188
16605,creasonPolitical persecution,0.14204526291432423,0.0035508644028625193,40.00300963332051,1.0697796006278978e-291,9347719842601773e275,0.13126483126399907,0.1528256945646494
16605,creasonReligious persecution,0.14584787103509858,0.0035749492273274702,40.79718669015344,8.89907138884144e-303,1123712751932636e287,0.13499431780802573,0.15670142426217143
16605,creligionChristian,0.04075419587858172,0.002952522271988628,13.8031798321143,1.4203538565749335e-36,7040499065573826e20,0.03179033217159901,0.04971805958556443
16605,creligionMuslim,-0.06613389396831093,0.0029931150622814475,-22.095339668599834,2.1296198813049472e-92,4695673668238105e76,-0.07522099747034043,-0.05704679046628143
16605,clangFluent,0.05934564731319516,0.0029431609385527223,20.16391510767262,3.356971040775664e-77,2978875861166021e61,0.05041020463383049,0.06828108999255983
16605,clangNone,-0.05921082349473614,0.0029394848645642327,-20.143265307649038,4.8011748881068165e-77,20828235240443755e60,-0.06813510560589028,-0.05028654138358199
16705,cconsistMinor inconsistencies,0.08362663879057919,0.0029825869612513656,28.03829020813966,2.5583236370848875e-147,3908809602914282e131,0.07457172028583062,0.09268155729532776
16705,cconsistNo inconsistencies,0.11250999208125964,0.003070804190458004,36.63860835896509,5.752648443577906e-247,1738329762035731e231,0.10318725244285813,0.12183273171966115
16705,cgenderMale,-0.060842175775689816,0.0023910250242581213,-25.44606399281317,6.299447948780431e-122,15874406902490549e105,-0.06810115498358796,-0.053583196567791674
16705,coriginEritrea,0.007381366026024223,0.004418419270114426,1.6705897685968276,0.8549653338096882,1.169638066544808,-0.006032635621026149,0.020795367673074595
16705,coriginIraq,-1.9144617003109235e-4,0.0044124279189662425,-0.043387942771413016,1,0.34099902070628574,-0.01358725850790626,0.013204366167844074
16705,coriginKosovo,-0.012445570587456895,0.004449282828910787,-2.7972082391767508,0.0924924213983227,10.811696622077346,-0.02595327176893771,0.0010621305940239183
16705,coriginPakistan,-3.6559197788242767e-4,0.00442540704156131,-0.08261205680041686,1,0.34174470782078564,-0.013800807994137576,0.01306962403837272
16705,coriginSyria,0.021423592173406638,0.0044057025693733645,4.862695980054272,8.557730689601469e-5,11685.34084877319,0.008048197510949024,0.03479898683586425
16705,coriginUkraine,0.014226899734391632,0.004478786520831918,3.1765076697044803,0.03399688135118302,29.414462746454305,6.296274760551196e-4,0.027824171992728144
16705,cage38 Years,-0.006603258770458993,0.0029236215129799822,-2.2585887883033253,0.3080288244065941,3.2464494253953737,-0.015479162434859257,0.0022726448939412716
16705,cage62 Years,-0.0654734135505492,0.00307132566357296,-21.317639587064214,3.4487885934394274e-86,2899568857024995e70,-0.0747977363436482,-0.056149090757450205
16705,cjobCleaner,-0.030409194184490243,0.004154336033300975,-7.319868672329702,1.5891500807423932e-10,6292671863.521136,-0.04302145820615626,-0.01779693016282423
16705,cjobDoctor,0.05435740743879142,0.004084972209262088,13.306677415220552,4.774899163342983e-34,20942850640219263e17,0.04195572697495949,0.06675908790262336
16705,cjobFarmer,-0.02309623419575138,0.004113844796690385,-5.614269700775404,2.65264118253913e-6,376982.76215511054,-0.03558556974879982,-0.010606898642702945
16705,cjobTeacher,0.013471354854321188,0.004123457189388057,3.2670049028253425,0.02627763847812672,38.055170019649644,9.528367715950451e-4,0.025989872937047333
16705,cjobUnemployed,-0.0881260864655995,0.0041319324067177,-21.328056171084505,2.8504840608769325e-86,35081760804245885e69,-0.10067033469575368,-0.07558183823544531
16705,cvulnerNo surviving family,0.010206260107444149,0.00380352361646259,2.6833697215048,0.12184404585420333,8.207212695453205,-0.0013409627649798288,0.02175348297986813
16705,cvulnerNone,-0.025381201887143375,0.003854329022231586,-6.585115526138483,1.4319947512766944e-8,69832658.19294731,-0.03708266630048991,-0.013679737473796838
16705,cvulnerPTSD,-0.01785202784168152,0.0037991311476741276,-4.698976462713254,1.7076000752647315e-4,5856.172147597081,-0.029385915496245668,-0.006318140187117372
16705,cvulnerVictim of torture,0.0842963539891355,0.0038180699319000882,22.078263492461716,2.486550323722372e-92,4021635880278496e76,0.0727049695541009,0.0958877384241701
16705,creasonEthnic persecution,0.15352827192087967,0.0035212671710780647,43.60029059478487,0,Inf,0.14283795922193965,0.1642185846198197
16705,creasonPolitical persecution,0.14222183123816595,0.003539152032739682,40.18528447563499,1.584783099142758e-294,63100117646441374e277,0.13147722139150866,0.15296644108482324
16705,creasonReligious persecution,0.14559804931217016,0.003566309435973074,40.82597203807792,1.7003538349573934e-303,5881128853542754e287,0.13477099155157987,0.15642510707276044
16705,creligionChristian,0.04098860848874986,0.0029454297067420757,13.916002950240882,3.4196467745771126e-37,29242786343734696e20,0.03204649672385932,0.049930720253640405
16705,creligionMuslim,-0.06621993853758797,0.002984447963293944,-22.188337458730835,3.090504440474786e-93,3235717725894523e77,-0.07528050691006936,-0.057159370165106575
16705,clangFluent,0.05916823464544987,0.0029371198917493343,20.144984483493303,4.066043176899177e-77,24593934606533478e60,0.05025135087844383,0.0680851184124559
16705,clangNone,-0.059498341779367206,0.0029305220340108237,-20.302983935573934,2.6012058666329376e-78,3844370846719731e62,-0.0683951949270135,-0.05060148863172091
16805,cconsistMinor inconsistencies,0.08381484356233383,0.0029735163679967995,28.187113568437585,5.7074224481306705e-149,175210440279837e134,0.07478766564714885,0.09284202147751881
16805,cconsistNo inconsistencies,0.11314502442549103,0.003060797274608964,36.96586682303094,1.907298190697351e-251,52430186578973126e234,0.10385287394076964,0.12243717491021242
16805,cgenderMale,-0.06087939912624951,0.002383871085988086,-25.53804166848046,6.861104154487103e-123,14574913563234697e106,-0.06811649681022058,-0.053642301442278446
16805,coriginEritrea,0.007586192548258138,0.004404494506023825,1.7223753004761047,0.7924652041369531,1.2618850578923095,-0.005785233942028016,0.020957619038544293
16805,coriginIraq,-5.873204353354327e-4,0.0044015099541315494,-0.13343612566049856,1,0.34250419809465926,-0.013949686245405178,0.012775045374734312
16805,coriginKosovo,-0.012300999963006943,0.004435203114244223,-2.7734919114528727,0.09807910433046037,10.19585167326442,-0.025765653473301058,0.0011636535472871728
16805,coriginPakistan,-3.7446436881400833e-4,0.004411563985918703,-0.08488245212112153,1,0.34090218467958205,-0.013767352806801454,0.013018424069173437
16805,coriginSyria,0.020840669196585296,0.004391943490504266,4.745204313681287,1.4023263282989822e-4,7131.007810521515,0.007507345826003049,0.03417399256716754
16805,coriginUkraine,0.014458541979978352,0.004467493713772272,3.236387761533036,0.02867691740919155,34.871251527177016,8.958587463354928e-4,0.02802122521362121
16805,cage38 Years,-0.006351948310271134,0.0029139998443856755,-2.1798039291282945,0.3599193766608111,2.778400010795758,-0.01519844242182437,0.002494545801282103
16805,cage62 Years,-0.06499325701549075,0.003060059950583848,-21.23921036353888,1.240195167951705e-85,8063247026285313e69,-0.07428316908806566,-0.05570334494291584
16805,cjobCleaner,-0.030097475237862808,0.004141243215970076,-7.267739098683328,2.1910552725216765e-10,4564010833.232446,-0.04266970779826382,-0.0175252426774618
16805,cjobDoctor,0.054554003882577924,0.00407174158168229,13.398198974120128,1.5542034351982618e-34,6434164134198011e18,0.0421927685189183,0.06691523924623755
16805,cjobFarmer,-0.023063975102018276,0.004102641391053886,-5.621738022804281,2.5381807903934956e-6,393982.9675588118,-0.0355190179455172,-0.010608932258519353
16805,cjobTeacher,0.014016478411196177,0.004111201647651745,3.409338585764134,0.017255070925898595,57.953977952016025,0.0015354478313793392,0.026497508991013014
16805,cjobUnemployed,-0.08775176943787846,0.004119646805956365,-21.300799211962328,4.0266721703012026e-86,2483440314251354e70,-0.10025843833176622,-0.07524510054399071
16805,cvulnerNo surviving family,0.009794942077892133,0.003791666727023901,2.5832813860147024,0.15388623957280076,6.49830681921965,-0.001716025377447845,0.02130590953323211
16805,cvulnerNone,-0.025390865556884752,0.003842045292832577,-6.608684599385643,1.2351151312881215e-8,80964112.1437063,-0.03705477525984825,-0.013726955853921249
16805,cvulnerPTSD,-0.018076020544842867,0.003788710962779986,-4.771021258264445,1.2581397771276902e-4,7948.242462240416,-0.029578014715222208,-0.006574026374463528
16805,cvulnerVictim of torture,0.08402431324646097,0.0038055137791014855,22.079623967699792,2.053117413021539e-92,48706420473455366e75,0.07247130808651962,0.09557731840640231
16805,creasonEthnic persecution,0.153056068980098,0.003509115726286818,43.61670600760003,0,Inf,0.14240288666467488,0.1637092512955211
16805,creasonPolitical persecution,0.14178729760301448,0.00352792227307821,40.190028755735916,6.844923714407981e-295,14609366615658334e278,0.1310770212538462,0.15249757395218275
16805,creasonReligious persecution,0.1457955030616239,0.0035535642784697567,41.02796281045651,1.1609159645186714e-306,8613887917499791e290,0.13500738118678007,0.1565836249364677
16805,creligionChristian,0.04083638500355217,0.0029344403419774728,13.916243046206615,3.2121981906106157e-37,31131329409344667e20,0.0319278364131933,0.049744933593911037
16805,creligionMuslim,-0.06698060833387735,0.002976279081710617,-22.50481439911886,6.1340897012661515e-96,16302337407840445e79,-0.07601617345973713,-0.05794504320801757
16805,clangFluent,0.05970479829407146,0.002928018925403272,20.390851225747593,4.865465199735392e-79,2055301926842237e63,0.050815744222224984,0.06859385236591793
16805,clangNone,-0.05918096133968186,0.002921235717941239,-20.258879136733977,4.897889689541752e-78,204169563503085e63,-0.06804942254671198,-0.05031250013265175
16905,cconsistMinor inconsistencies,0.08383833174115507,0.0029651387297351256,28.27467426748168,5.356760711094834e-150,18667998328333326e133,0.07483677189816434,0.0928398915841458
16905,cconsistNo inconsistencies,0.11308790969778262,0.0030530171899291504,37.04136028805229,1.1382358750023364e-252,8785525232175162e236,0.10381956867170133,0.12235625072386391
16905,cgenderMale,-0.06061175859491113,0.002376497889719229,-25.504654919795488,1.1248719635270343e-122,8889900650243798e106,-0.06782632422603077,-0.05339719296379149
16905,coriginEritrea,0.00773263169095353,0.004390959656216267,1.7610345565362846,0.7479127133780905,1.3370544210744983,-0.005597431323372774,0.021062694705279834
16905,coriginIraq,-7.247808530703514e-4,0.004389919165008371,-0.16510118428774517,1,0.3430404461882141,-0.01405168514710473,0.012602123440964027
16905,coriginKosovo,-0.012568013013859786,0.004425168881915252,-2.8401205353365495,0.0831473912382419,12.02683553997147,-0.02600192829965782,8.659022719382462e-4
16905,coriginPakistan,-3.993692567983813e-5,0.004398811086181134,-0.009079027241087936,1,0.338939133034815,-0.013393835289082072,0.013313961437722397
16905,coriginSyria,0.02065577863285991,0.004381297150391693,4.7145349707707584,1.5874474437479314e-4,6299.42114895483,0.007355049026627102,0.033956508239092714
16905,coriginUkraine,0.014594829658171883,0.004453450523026853,3.2771958692946908,0.025482237178924217,39.243022226756345,0.0010750570455745744,0.028114602270769194
16905,cage38 Years,-0.006234329915603124,0.0029062839635397727,-2.1451207087176316,0.3850743024648458,2.596901412530097,-0.015057218624376784,0.0025885587931705365
16905,cage62 Years,-0.06470690433797298,0.0030499397873505044,-21.21579731060335,1.6358316150041214e-85,61130986271926315e68,-0.07396590299393348,-0.05544790568201248
16905,cjobCleaner,-0.030244783613272444,0.004127466074321866,-7.327687997591015,1.469482058389677e-10,6805118812.378315,-0.04277493355038556,-0.017714633676159327
16905,cjobDoctor,0.05444165672605303,0.004059081030276398,13.412310894997308,1.247525836492693e-34,8015866050609504e18,0.0421191099139363,0.06676420353816975
16905,cjobFarmer,-0.02274028631984296,0.004089070678432546,-5.5612358181492585,3.398302734566499e-6,294264.5426578112,-0.03515387562175642,-0.010326697017929503
16905,cjobTeacher,0.013995938824232652,0.004098067820084308,3.4152530994337518,0.016934552225336557,59.05086752183825,0.0015550360249161795,0.026436841623549125
16905,cjobUnemployed,-0.08764523232376838,0.004105794171200644,-21.34671848348856,1.4921174293192648e-86,670188539018823e71,-0.10010959075814307,-0.07518087388939368
16905,cvulnerNo surviving family,0.00994580589778053,0.0037787417896365614,2.6320416825138815,0.13759540950839805,7.2676843186324875,-0.0015256878335302652,0.02141729962909133
16905,cvulnerNone,-0.02516666511394823,0.0038292941719190433,-6.572142014708681,1.5113454385929466e-8,66166210.216705576,-0.036791625625669046,-0.013541704602227415
16905,cvulnerPTSD,-0.017804752277893743,0.003778080110749295,-4.712645511998575,1.5999931520191586e-4,6250.026750039651,-0.029274237286293584,-0.0063352672694939015
16905,cvulnerVictim of torture,0.0841000364952117,0.0037939301015717216,22.16699681957012,3.3218116166214374e-93,3010405511848635e77,0.07258243412910843,0.09561763886131495
16905,creasonEthnic persecution,0.15335636289450738,0.0034986535230896883,43.832966563398706,0,Inf,0.1427351603375547,0.16397756545146006
16905,creasonPolitical persecution,0.1419458043331872,0.0035173112894830182,40.35633830807472,1.6448343383847127e-297,6079639612716478e281,0.13126796058132453,0.15262364808504988
16905,creasonReligious persecution,0.14611155009162397,0.003542873318019279,41.24097504375653,5.3270414364474e-310,Inf,0.1353561052051938,0.15686699497805412
16905,creligionChristian,0.04040705650857326,0.002924994545848826,13.81440405279362,1.040374387979048e-36,9611924433688951e20,0.031527366266480714,0.0492867467506658
16905,creligionMuslim,-0.06707062315968489,0.0029669411246918877,-22.605983853707265,7.322969516585131e-97,13655662470466257e80,-0.07607765470823234,-0.05806359161113743
16905,clangFluent,0.05989257784885355,0.002919350363029754,20.515721102655167,4.700459846783127e-80,2127451425171463e64,0.05103002220113974,0.06875513349656737
16905,clangNone,-0.05880242047639235,0.0029141787562087657,-20.178041704240556,1.7501196946301947e-77,5713894901407318e61,-0.06764927617461756,-0.049955564778167136
17005,cconsistMinor inconsistencies,0.08366803547934985,0.0029582952817893953,28.28251662178268,3.336867674653639e-150,29968224619629194e133,0.07468741808589936,0.09264865287280034
17005,cconsistNo inconsistencies,0.11294853152706802,0.0030446623604408873,37.097227263883646,1.2226338391108815e-253,8179063657580553e237,0.10370572607770111,0.12219133697643493
17005,cgenderMale,-0.06065615255260771,0.0023692663541497283,-25.6012383100657,1.1036570813878171e-123,9060785427503701e107,-0.06784863085616769,-0.05346367424904773
17005,coriginEritrea,0.007112837392646089,0.0043793118990217575,1.6241906392268934,0.919746534021818,1.0872560678508392,-0.0061816179829885095,0.020407292768280686
17005,coriginIraq,-0.0011491041559835691,0.004377121310470337,-0.2625250877180038,1,0.34852032934147537,-0.014436909472792775,0.012138701160825636
17005,coriginKosovo,-0.012588050799808832,0.004410912722330794,-2.853842638073581,0.08033637446004661,12.447661557061256,-0.025978438080957886,8.023364813402236e-4
17005,coriginPakistan,-6.299155574330449e-4,0.0043834908882294694,-0.14370180604789015,1,0.34114878311550734,-0.013937057260695869,0.01267722614582978
17005,coriginSyria,0.020056046116431712,0.004370188781365968,4.58928598278148,2.6469718140828644e-4,3777.9019583043228,0.006789286160387724,0.0333228060724757
17005,coriginUkraine,0.014044243408734194,0.004440869660110959,3.162498448194331,0.03531383532587743,28.31751325711188,5.629146322789838e-4,0.027525572185189404
17005,cage38 Years,-0.006163718723201828,0.002896943718321481,-2.127662572185955,0.3984958451271959,2.509436452670692,-0.014958088678343164,0.0026306512319395096
17005,cage62 Years,-0.06482411753918563,0.0030394834961012833,-21.327346446307377,1.8317324721412636e-86,5459312509926831e70,-0.07405120129929019,-0.05559703377908106
17005,cjobCleaner,-0.030151312684805292,0.0041175300787465036,-7.322669685022491,1.497312009541963e-10,6678634737.631646,-0.04265106633376471,-0.017651559035845876
17005,cjobDoctor,0.05478014016547031,0.00404529586763391,13.541689398731462,2.569228069261937e-35,38922196591417063e18,0.042499670851213124,0.0670606094797275
17005,cjobFarmer,-0.02235336532388542,0.004078608733663851,-5.480634888898791,5.002502812906728e-6,199899.9375712385,-0.03473496386142731,-0.009971766786343525
17005,cjobTeacher,0.014729493778155023,0.004088055921013484,3.603055844329884,0.009442162820876163,105.90793856986332,0.002319216029462853,0.02713977152684719
17005,cjobUnemployed,-0.08774648786915593,0.0040948415124076164,-21.428543108024762,2.8503546724481164e-87,35083353298665765e70,-0.10017736491382578,-0.07531561082448607
17005,cvulnerNo surviving family,0.009519171614277521,0.003766255814393363,2.527489390895448,0.1748033472929896,5.720714251105788,-0.0019142044530588848,0.020952547681613927
17005,cvulnerNone,-0.025462234702867983,0.003818791912794591,-6.667615121305399,8.558269664115345e-9,116846049.40563864,-0.03705509674240954,-0.013869372663326426
17005,cvulnerPTSD,-0.018088123723620248,0.0037679220545664394,-4.800556768869143,1.1008474902743244e-4,9083.91043114252,-0.029526558064068235,-0.006649689383172262
17005,cvulnerVictim of torture,0.08429240725925335,0.0037820883187734042,22.287265699440574,2.8459445534325024e-94,3513771899715674e78,0.07281096781396663,0.09577384670454007
17005,creasonEthnic persecution,0.15318882857211755,0.003489172252624899,43.90406018415222,0,Inf,0.14259660635090834,0.16378105079332675
17005,creasonPolitical persecution,0.14191730143571024,0.0035045695902685327,40.49493034174163,9.457612769110434e-300,10573492745083685e283,0.1312783368899243,0.1525562659814962
17005,creasonReligious persecution,0.14592617738969874,0.003530053132556089,41.33823823893396,1.062429873715e-311,Inf,0.13520985141737665,0.15664250336202082
17005,creligionChristian,0.040210491472204624,0.002915709801841167,13.790978596982844,1.3034152078058727e-36,7672152311951062e20,0.03135915255351821,0.049061830390891036
17005,creligionMuslim,-0.06746723343971958,0.00295643998683799,-22.820430565166994,9.507302895219555e-99,10518230154451251e82,-0.07644221863877314,-0.058492248240666025
17005,clangFluent,0.06010300692298298,0.0029127978456173734,20.63411541360984,5.019414284109965e-81,1992264322882682e65,0.0512605079483256,0.06894550589764037
17005,clangNone,-0.05846172576707667,0.002905801306821982,-20.118968778018452,4.2801815023299054e-77,2336349520354809e61,-0.06728298506414453,-0.049640466470008825
17105,cconsistMinor inconsistencies,0.08389591398258991,0.002950555658862709,28.43393708930323,6.7562821213845424e-152,1480103971435511e136,0.07493894200849677,0.09285288595668306
17105,cconsistNo inconsistencies,0.11318136039112503,0.003032600099199755,37.32155796637724,8.032412620472302e-257,1244955964352838e241,0.10397532693923135,0.12238739384301871
17105,cgenderMale,-0.06066157519672616,0.0023622615625538846,-25.679448947704085,1.6029076233320347e-124,6238662699234382e108,-0.06783266873218186,-0.053490481661270455
17105,coriginEritrea,0.007739687958525168,0.004365687864968357,1.7728450127254496,0.7366809621147701,1.3574397214356226,-0.005513186542148537,0.020992562459198873
17105,coriginIraq,-6.476298643731376e-4,0.00436268750204078,-0.14844745677296137,1,0.34047499995326824,-0.013891396193650823,0.012596136464904548
17105,coriginKosovo,-0.012337962442388427,0.0043957013555612065,-2.806824541612477,0.09040489447489922,11.061348014488845,-0.02568194859292285,0.001006023708145995
17105,coriginPakistan,-2.41731437474857e-4,0.004375261929865383,-0.055249592218652506,1,0.33762243602023956,-0.013523669830132168,0.013040206955182454
17105,coriginSyria,0.02052098838007737,0.004356190933722362,4.710764218624871,1.5996073895161155e-4,6251.534011120704,0.007296943617542908,0.03374503314261183
17105,coriginUkraine,0.014206647444517386,0.004426819571847595,3.2092221546287334,0.030940024947269426,32.320594495456405,7.681960395066658e-4,0.027645098849528107
17105,cage38 Years,-0.0062246414073449064,0.002887474164677996,-2.155739255952464,0.37829339511246407,2.643450858301945,-0.01499011752749636,0.002540834712806548
17105,cage62 Years,-0.06467743061781514,0.003029912880629656,-21.34630042708499,1.1147222892777856e-86,8970844214911028e70,-0.0738753065074719,-0.055479554728158374
17105,cjobCleaner,-0.030065242119964898,0.004104955040810271,-7.3241343257270755,1.463293289623763e-10,6833899991.826769,-0.04252661262318129,-0.017603871616748507
17105,cjobDoctor,0.05462273412842362,0.004031323689927745,13.549577838390507,2.215765964775994e-35,4513112015876173e19,0.04238488557243381,0.06686058268441343
17105,cjobFarmer,-0.022116816162234394,0.004063875771718442,-5.442296321199336,5.982300757573304e-6,167159.76687297915,-0.03445348274371098,-0.009780149580757803
17105,cjobTeacher,0.014626661695754703,0.004076966683171314,3.587633363826557,0.009904944916010952,100.95967301984079,0.0022502551667714452,0.027003068224737962
17105,cjobUnemployed,-0.08713783585390322,0.004080231643950873,-21.356100206489256,9.310001457647423e-87,10741136878969873e70,-0.09952415379130583,-0.07475151791650061
17105,cvulnerNo surviving family,0.009869195207835626,0.003755882489326841,2.627663468141268,0.13915630117589306,7.186163986465864,-0.0015324992810779436,0.021270889696749194
17105,cvulnerNone,-0.025403733730975223,0.0038067762467037724,-6.673293118546675,8.188266740086024e-9,122125967.77098815,-0.03695992588445994,-0.013847541577490506
17105,cvulnerPTSD,-0.01799787000020139,0.003755138049083571,-4.79286507312127,1.1325455841893071e-4,8829.66667267362,-0.029397304599397128,-0.006598435401005654
17105,cvulnerVictim of torture,0.084189318703496,0.0037707158479396217,22.327144791220043,1.1254204221194937e-94,8885568276046648e78,0.07274259473785412,0.09563604266913787
17105,creasonEthnic persecution,0.1532770444219408,0.0034786369540661887,44.06238605692233,0,Inf,0.14271698140058248,0.1638371074432991
17105,creasonPolitical persecution,0.14207713807867312,0.003495660317195921,40.643862728813914,3.8210815743835353e-302,26170600667203305e285,0.1314653974060223,0.15268887875132392
17105,creasonReligious persecution,0.14601249530176416,0.003520079444803516,41.47988634668849,4.8606438146e-314,Inf,0.13532662573039014,0.15669836487313818
17105,creligionChristian,0.040195830754051684,0.002907002960531748,13.827241079485889,7.944921332080305e-37,12586657037901209e20,0.03137107126582533,0.04902059024227804
17105,creligionMuslim,-0.0673471008130447,0.0029458659962915677,-22.861562914886573,3.5739778777222158e-99,27980027695004216e82,-0.07628983642589805,-0.058404365200191335
17105,clangFluent,0.06009259984692923,0.002907073896184875,20.67116351111415,2.2604595291479946e-81,4423879247141031e65,0.051267625020058064,0.0689175746738004
17105,clangNone,-0.05854256973162839,0.0028979028295900034,-20.201702118463032,8.899987556157431e-78,11235970766140599e61,-0.0673397040443862,-0.04974543541887058
17205,cconsistMinor inconsistencies,0.08381914465017345,0.0029417906975301986,28.49255887597456,1.2462164159277597e-152,802428845599453e137,0.07488891352176291,0.092749375778584
17205,cconsistNo inconsistencies,0.11319081075793393,0.003024144132161758,37.429039692305075,1.7727643902817672e-258,5640907531096435e242,0.10401058386806568,0.12237103764780217
17205,cgenderMale,-0.06051833234727294,0.0023565047847651224,-25.68139591250816,1.2274308423702993e-124,8147098520588694e108,-0.06767184343860436,-0.05336482125594152
17205,coriginEritrea,0.007510888125397265,0.00435276778695563,1.7255430321612577,0.79408483544094,1.2593112919033635,-0.00570256802511964,0.02072434427591417
17205,coriginIraq,-4.329212421623336e-4,0.004348032873459689,-0.09956715019448835,1,0.3377776133602358,-0.01363200387796003,0.012766161393635364
17205,coriginKosovo,-0.012193499068916862,0.004383593853925923,-2.7816215359450855,0.09625496530363774,10.389074442502627,-0.025500532204042393,0.0011135340662086681
17205,coriginPakistan,-6.233226584042406e-4,0.004362394790071405,-0.14288543068657886,1,0.3393545442328835,-0.013866002969215752,0.012619357652407272
17205,coriginSyria,0.020308402368537266,0.0043442797202430375,4.6747455680411685,1.8505979746160292e-4,5403.658783358848,0.007120712972140718,0.033496091764933816
17205,coriginUkraine,0.013825898908972376,0.004416141978242847,3.130764132378191,0.038554106318466674,25.937574372486992,4.200612351043711e-4,0.02723173658284038
17205,cage38 Years,-0.006294170376320856,0.002878988017623381,-2.1862440335950843,0.35715506284442183,2.799904310570011,-0.015033754886832194,0.0024454141341904816
17205,cage62 Years,-0.06440460308048279,0.003020987256704322,-21.319058177936025,1.5872480434052854e-86,6300212522893384e70,-0.07357524681832661,-0.05523395934263898
17205,cjobCleaner,-0.03041170618227513,0.004094214526018108,-7.427970857172574,7.337320397528818e-11,13628953702.727718,-0.042840286515109016,-0.017983125849441242
17205,cjobDoctor,0.05469488323438283,0.004018257025692309,13.611594003238107,1.0035069221694183e-35,9965053333545154e19,0.0424968828793887,0.06689288358937696
17205,cjobFarmer,-0.022146579977289194,0.004053058396378981,-5.46416503573574,5.34986928338612e-6,186920.45488017326,-0.03445022492626426,-0.009842935028314122
17205,cjobTeacher,0.014612471097108368,0.004063444060888838,3.596080290056223,0.00963061523384842,103.83552615468756,0.0022772989614530843,0.026947643232763652
17205,cjobUnemployed,-0.08745870097596263,0.004070257174884891,-21.48726658246994,7.142900574589601e-88,13999914874321985e71,-0.09981455530452173,-0.07510284664740353
17205,cvulnerNo surviving family,0.009960042505704784,0.003746449700171689,2.6585282875273473,0.12951953889737433,7.720842804979075,-0.0014128474016520953,0.021332932413061664
17205,cvulnerNone,-0.025305892936848623,0.0037994233269385835,-6.660456274357576,8.738786916863397e-9,114432358.8060354,-0.03683959194973965,-0.013772193923957591
17205,cvulnerPTSD,-0.01796133438255421,0.0037447414330173978,-4.796415107379395,1.1109399097904262e-4,9001.38694439959,-0.029329038597900536,-0.006593630167207881
17205,cvulnerVictim of torture,0.0841112718987895,0.0037617061869565107,22.35987281261898,5.10138315174721e-95,19602526809959428e78,0.07269206871927822,0.09553047507830079
17205,creasonEthnic persecution,0.1533112540411297,0.0034718064488051923,44.158928875165586,0,Inf,0.14277208344447023,0.16385042463778915
17205,creasonPolitical persecution,0.14175957430537428,0.0034847283474522188,40.680236784889885,5.936281698859788e-303,16845561762880544e286,0.13118117741650012,0.15233797119424844
17205,creasonReligious persecution,0.14621279793209763,0.0035095028979425435,41.66196814307101,5.713482e-317,Inf,0.13555919431211005,0.1568664015520852
17205,creligionChristian,0.03999728529115668,0.0028989511220879126,13.7971575258397,1.0807294502172641e-36,9253009620483326e20,0.031197099889814277,0.04879747069249909
17205,creligionMuslim,-0.06755828976374498,0.0029383659211975255,-22.991789169747697,2.3245227310507117e-100,43019583617837464e83,-0.07647812448827826,-0.058638455039211695
17205,clangFluent,0.06010980129379045,0.002898969341469152,20.73488685579812,6.313253534766662e-82,1583969334500931e66,0.05130956058488126,0.06891004200269964
17205,clangNone,-0.05885677928075383,0.0028893013172779577,-20.370592339674506,4.0497400549007436e-79,2469294291592524e63,-0.06762767130396118,-0.05008588725754648
17305,cconsistMinor inconsistencies,0.08386593589998305,0.0029334903073674964,28.58913005076333,9.193125018756707e-154,10877693906693348e137,0.07496101863037768,0.09277085316958841
17305,cconsistNo inconsistencies,0.11337089760377825,0.003015138332085749,37.600562600175266,5.476705097182836e-261,18259153674613414e244,0.104218129198099,0.1225236660094575
17305,cgenderMale,-0.06036283425950508,0.0023497370230534873,-25.6891872014952,8.290194547783821e-125,12062443097518445e108,-0.0674957072548815,-0.053229961264128656
17305,coriginEritrea,0.007583186242159138,0.004340053047591829,1.747256579356059,0.7692689763402579,1.2999354331919486,-0.005591499638833702,0.02075787212315198
17305,coriginIraq,-6.518423176647342e-4,0.004334060602236938,-0.15039990842036194,1,0.3388164457297864,-0.013808337502750411,0.012504652867420942
17305,coriginKosovo,-0.012523017673785344,0.004366866096404275,-2.867735670690002,0.07759832559496041,12.886876003223254,-0.0257790973745638,7.330620269931122e-4
17305,coriginPakistan,-7.289632730864987e-4,0.0043485479936179895,-0.16763371915322975,1,0.33964153811585,-0.013929436453046284,0.012471509906873287
17305,coriginSyria,0.019835780004363413,0.004330887929595421,4.580072337779568,2.718265844013577e-4,3678.81604443618,0.006688915799589926,0.0329826442091369
17305,coriginUkraine,0.013576822309861007,0.004400726504520491,3.085132033520987,0.04371007769962956,22.878019272166036,2.1795579153872056e-4,0.026935688828183292
17305,cage38 Years,-0.006172898505903737,0.002869822065294443,-2.1509690724572494,0.38269079797728633,2.613075635174673,-0.014884544154008325,0.002538747142200851
17305,cage62 Years,-0.06435360060864288,0.003013467321866228,-21.355333818184217,7.041906861806957e-87,14200699038263045e70,-0.07350129648767217,-0.05520590472961359
17305,cjobCleaner,-0.03042733894496959,0.0040820630344711745,-7.453912075346335,6.101866729988107e-11,16388427414.932236,-0.042818869102742914,-0.018035808787196267
17305,cjobDoctor,0.054899795242067506,0.00400771678730277,13.698521666002144,3.357497264618819e-36,29784089790272138e19,0.042733950909359816,0.0670656395747752
17305,cjobFarmer,-0.022464141077725635,0.0040429881294228856,-5.556321304592172,3.3909172737506413e-6,294905.4545627164,-0.03473705526601756,-0.010191226889433715
17305,cjobTeacher,0.014706972794026487,0.0040527795103027986,3.628860824192154,0.008660245448791347,115.47016835874592,0.002404335842897466,0.02700960974515551
17305,cjobUnemployed,-0.08740657650246524,0.004061444648850287,-21.52105569805273,3.293598034824835e-88,3036193213095549e72,-0.09973551738979655,-0.07507763561513392
17305,cvulnerNo surviving family,0.009998420042153245,0.0037344900001608726,2.677318734746254,0.12394980054815465,8.06778224392139,-0.0013380157429182006,0.02133485582722469
17305,cvulnerNone,-0.02546378418917667,0.003789485218417532,-6.71958926384471,6.093493477355244e-9,164109472.45881513,-0.03696716372298643,-0.01396040465536691
17305,cvulnerPTSD,-0.017987857851187034,0.0037341802228953937,-4.817083476822573,1.0131070968000257e-4,9870.62476571899,-0.029323353274903215,-0.006652362427470852
17305,cvulnerVictim of torture,0.08421613720970668,0.0037513219112263645,22.449722845079734,7.687656990427119e-96,13007864440950311e79,0.0728286063945439,0.09560366802486946
17305,creasonEthnic persecution,0.15306078697858233,0.0034600842581220714,44.236144428937884,0,Inf,0.1425573385822959,0.16356423537486875
17305,creasonPolitical persecution,0.14180494813505135,0.0034730374396504332,40.830238832474045,2.261287542177206e-305,4422259360422527e289,0.13126217899869,0.1523477172714127
17305,creasonReligious persecution,0.1459885669086563,0.0034977669547361255,41.73764827613274,2.25782e-318,Inf,0.13537072873749964,0.15660640507981297
17305,creligionChristian,0.04009086322862205,0.00289210243459983,13.862186466493286,4.647080872362849e-37,21518885241425577e20,0.03131158318441858,0.04887014327282552
17305,creligionMuslim,-0.06761974734289797,0.002928936449745443,-23.086792254838738,2.9903164059563736e-101,3344127725106656e85,-0.07651084090042899,-0.058728653785366944
17305,clangFluent,0.06003261083617564,0.002888161622151441,20.78575186919641,2.2127493785938838e-82,4519264629216442e66,0.05126529354117226,0.06879992813117902
17305,clangNone,-0.058758463068356075,0.00287962781713988,-20.404881046994635,1.9409450720529824e-79,5152129312666622e63,-0.06749987510386975,-0.0500170510328424
17405,cconsistMinor inconsistencies,0.08385156422350006,0.002925898203732438,28.65840107374014,1.3012512506517433e-154,7684910961654338e138,0.07496979454850523,0.09273333389849488
17405,cconsistNo inconsistencies,0.11362736525209301,0.0030064431772235728,37.79461594781479,8.244119022416924e-264,12129858839748173e247,0.10450109564811425,0.12275363485607177
17405,cgenderMale,-0.06004447956936939,0.0023430196371558433,-25.62696386200864,2.5935207922047525e-124,3855762417658892e108,-0.06715688038176318,-0.052932078756975594
17405,coriginEritrea,0.007520529296865733,0.004332103330610441,1.735999518692461,0.7840950744632854,1.2753555436941137,-0.005629874890701972,0.02067093348443344
17405,coriginIraq,-9.809570097397947e-4,0.004320927445158169,-0.22702464278566162,1,0.34232116291106374,-0.014097436011402335,0.012135521991922745
17405,coriginKosovo,-0.01287054594676852,0.004356268576571063,-2.954488622668732,0.0620270082753071,16.122009231228702,-0.026094305437158467,3.532135436214272e-4
17405,coriginPakistan,-0.0014131955474032836,0.004337331858139654,-0.3258214021025876,1,0.3507252908332963,-0.014579471297828026,0.01175308020302146
17405,coriginSyria,0.019504208233126433,0.00431906398860105,4.515841461159706,3.5099074922379447e-4,2849.0779378415814,0.006393385884835694,0.032615030581417175
17405,coriginUkraine,0.013237963072751343,0.004387638639310493,3.017104224160005,0.05254267138097474,19.032149940554635,-8.102244825932726e-5,0.026556948593762016
17405,cage38 Years,-0.006052090121703363,0.002860188771398182,-2.115975764335598,0.4094195686762101,2.4424821784491964,-0.014734394195768177,0.0026302139523614503
17405,cage62 Years,-0.0643234191055793,0.0030040965387497258,-21.411901473828816,2.146432197466808e-87,4658893959847356e71,-0.07344256532351251,-0.055204272887646094
17405,cjobCleaner,-0.03052175457961224,0.004068476980469896,-7.502009898575627,4.378353739408515e-11,22839634701.034756,-0.04287190244957431,-0.01817160670965017
17405,cjobDoctor,0.05514714770872303,0.003999703160355907,13.78781011934292,1.0836528626688225e-36,9228047416745598e20,0.043005767604209114,0.06728852781323695
17405,cjobFarmer,-0.022284847226448693,0.0040303835023226264,-5.529212595676416,3.8493632557020744e-6,259783.2248018414,-0.03451935966569349,-0.010050334787203895
17405,cjobTeacher,0.014852869909539287,0.004039899149009241,3.6765447259201647,0.007410913327506528,134.93613483352658,0.002589472055869844,0.027116267763208732
17405,cjobUnemployed,-0.08670534621038527,0.00405118697201372,-21.40245483838696,2.5555918396137014e-87,3912987921229073e71,-0.09900300904426831,-0.07440768337650222
17405,cvulnerNo surviving family,0.009832229986744273,0.003723738958994552,2.6404187014760767,0.13529652616673052,7.391172769415128,-0.0014714413854874549,0.021135901358976
17405,cvulnerNone,-0.025388862356392365,0.003779220918009678,-6.718014878517178,6.086230597480771e-9,164305309.17016563,-0.03686095311534822,-0.013916771597436508
17405,cvulnerPTSD,-0.017963056010792147,0.0037240144496995978,-4.82357312341824,9.813148599016934e-5,10190.409224009696,-0.029267563654424806,-0.006658548367159487
17405,cvulnerVictim of torture,0.0845600814666373,0.0037419137948433716,22.598083788880228,3.692359544515279e-97,2708295299913099e81,0.07320123910257675,0.09591892383069783
17405,creasonEthnic persecution,0.15323897875292808,0.0034511461340473674,44.40234426503855,0,Inf,0.14276278206288065,0.1637151754429755
17405,creasonPolitical persecution,0.1417206463030086,0.003461099962629548,40.94670706804355,2.5385582196525274e-307,3939243907263541e291,0.1312142340665903,0.1522270585394269
17405,creasonReligious persecution,0.1460221324328437,0.003487555117214799,41.86948378595336,1.3646e-320,Inf,0.13543541371500276,0.15660885115068465
17405,creligionChristian,0.03985684674657589,0.0028860932098306374,13.809965184358957,8.28693924297019e-37,12067181509123526e20,0.03109590792868313,0.048617785564468656
17405,creligionMuslim,-0.06754392590145847,0.002921472800193874,-23.119820214302916,1.3072416595670297e-101,7649695009958672e85,-0.07641226195292589,-0.05867558984999105
17405,clangFluent,0.05979115851898366,0.0028807647612845346,20.755307521993828,3.3363196332915135e-82,2997314735739003e66,0.05104639458121871,0.06853592245674861
17405,clangNone,-0.058957856950017234,0.002869854649123094,-20.543847740871566,1.454387549530562e-80,6875746428954054e64,-0.06766950247538402,-0.05024621142465045
17505,cconsistMinor inconsistencies,0.08350508943174212,0.0029169853429469807,28.627188557409188,2.0905796535812455e-154,4783362347791726e138,0.0746504608644078,0.09235971799907644
17505,cconsistNo inconsistencies,0.1132606325052486,0.002997749556598806,37.781886167219426,7.0501862153912646e-264,14184022513006813e247,0.10416084085708191,0.1223604241534153
17505,cgenderMale,-0.060301481489095435,0.00233611168726106,-25.81275622134104,3.5499748436539366e-126,28169213699855822e109,-0.06739284426625881,-0.053210118711932056
17505,coriginEritrea,0.007864868849858521,0.004320586056780216,1.8203245454436272,0.6874530468205625,1.4546448002884738,-0.005250447213862893,0.020980184913579933
17505,coriginIraq,-4.563357182581721e-4,0.004305994515927176,-0.10597684613165675,1,0.3353948383022139,-0.013527358561654993,0.012614687125138649
17505,coriginKosovo,-0.012366926388856593,0.004344168708548643,-2.8467877788724962,0.08186776751597234,12.214819462432523,-0.025553828558605968,8.199757808927816e-4
17505,coriginPakistan,-0.0010855863187175022,0.004324677693896653,-0.2510213235658168,1,0.3432010945906449,-0.014213322714610267,0.012042150077175264
17505,coriginSyria,0.01963527574128141,0.004306477304025013,4.559475031467009,2.9346450288578413e-4,3407.5671509381773,0.00656278737482551,0.032707764107737305
17505,coriginUkraine,0.01329530073926662,0.004375337985598892,3.0386911326684105,0.04957693373115058,20.17067060707855,1.3782951492416484e-5,0.026576818527040823
17505,cage38 Years,-0.006283458655433648,0.0028532930802792292,-2.202177791991398,0.34746467544542514,2.877990399219923,-0.014944746748877805,0.0023778294380105104
17505,cage62 Years,-0.06431302405420768,0.002997493902785488,-21.455597956160435,8.281253347417965e-88,12075466817010167e71,-0.07341203965474552,-0.055214008453669826
17505,cjobCleaner,-0.030412724931182477,0.004057550058217512,-7.495341892231106,4.5143487249154635e-11,22151589541.16302,-0.04272958444017962,-0.01809586542218533
17505,cjobDoctor,0.05473246379568274,0.003985230323618082,13.73382699396722,1.970676920758436e-36,507439849457992e21,0.04263513380523956,0.06682979378612591
17505,cjobFarmer,-0.02269829523226623,0.0040196520598490635,-5.646830843642358,2.1356379175518608e-6,468244.1680686804,-0.03490011381388627,-0.010496476650646193
17505,cjobTeacher,0.014831723571339677,0.004026108115127718,3.683886062475791,0.007225783502974326,138.39329666995604,0.0026103073693061925,0.02705313977337316
17505,cjobUnemployed,-0.08655007829164171,0.004040182069177303,-21.422321274067187,1.5332420348469422e-87,6522127474152026e71,-0.09881421655804351,-0.07428594002523992
17505,cvulnerNo surviving family,0.009709969707166852,0.003712596455086143,2.615412104341287,0.14350986553604414,6.968162058160654,-0.0015597690008714252,0.020979708415205127
17505,cvulnerNone,-0.025793278852121706,0.0037691431695954926,-6.843273840109889,2.8377352858530877e-9,352393686.9606135,-0.0372346674297399,-0.01435189027450351
17505,cvulnerPTSD,-0.018519520876383908,0.0037145706352711893,-4.9856424052175425,4.827346048108586e-5,20715.31624279996,-0.029795252289289847,-0.007243789463477968
17505,cvulnerVictim of torture,0.08435035203564296,0.0037308255505291094,22.609031404237143,2.536900957263975e-97,3941817267783647e81,0.0730252781612295,0.09567542591005643
17505,creasonEthnic persecution,0.15346135170921776,0.0034431273390934792,44.570338705399635,0,Inf,0.14300959754753734,0.1639131058708982
17505,creasonPolitical persecution,0.1419734493087815,0.003450585009575394,41.14474760505953,1.9153130734149e-310,Inf,0.1314990570826848,0.1524478415348782
17505,creasonReligious persecution,0.14598676295457544,0.0034790715734638695,41.96141409336588,3.1e-322,Inf,0.13542589859621315,0.15654762731293773
17505,creligionChristian,0.03984746122023052,0.0028794437981912837,13.838596622465984,5.543898238307604e-37,18037849127354684e20,0.031106791550721796,0.04858813088973925
17505,creligionMuslim,-0.06759946353235058,0.002914090152729746,-23.197451001653956,2.350461452270494e-102,4254483727159286e86,-0.07644530363111499,-0.05875362343358617
17505,clangFluent,0.05962904892676349,0.0028729771700638862,20.75514193015238,2.9265552842396914e-82,34169865349384517e65,0.05090800897198392,0.06835008888154306
17505,clangNone,-0.05916928678491717,0.0028618019468687785,-20.675535164009812,1.218694253786146e-81,8205503528824203e65,-0.0678564038916478,-0.05048216967818653
17605,cconsistMinor inconsistencies,0.08363752411742224,0.002908652542352635,28.754731924691445,7.189994166075125e-156,1390821712649428e140,0.07480826055869275,0.09246678767615174
17605,cconsistNo inconsistencies,0.11308307155811742,0.0029895640254340456,37.825940704413995,1.0548637097952867e-264,9479897646626465e248,0.10400819983593378,0.12215794328030107
17605,cgenderMale,-0.06020797039282388,0.002328913932535288,-25.852381039809682,1.1921832785686812e-126,838797203396936e111,-0.06727742768156535,-0.05313851310408241
17605,coriginEritrea,0.007611415679979931,0.004309448464633446,1.766215733276519,0.7505902768954499,1.332284777436959,-0.005469987386553112,0.020692818746512975
17605,coriginIraq,-7.106996004258547e-4,0.004294901010537763,-0.16547519923791407,1,0.33695886406931697,-0.01374794362614909,0.012326544425297379
17605,coriginKosovo,-0.012885107694736733,0.004332809708177501,-2.973845740425227,0.05895102502391122,16.963233456829435,-0.02603742420772196,2.6720881824849295e-4
17605,coriginPakistan,-0.0013551724304610585,0.004313187504630434,-0.314192793382205,1,0.3478174411623572,-0.01444792541559364,0.011737580554671521
17605,coriginSyria,0.01947634551543664,0.004294400283526111,4.535288801593667,3.224941744598099e-4,3100.831206253689,0.0064406214549524565,0.03251206957592082
17605,coriginUkraine,0.012869933024445052,0.00436347330014637,2.9494698693385697,0.06285738494789649,15.90902963635723,-3.7546333606692725e-4,0.02611532938495703
17605,cage38 Years,-0.006156871323779674,0.0028469207131767314,-2.1626423578581293,0.3756028927342668,2.6623863110327117,-0.014798746880050943,0.002485004232491597
17605,cage62 Years,-0.06411447890842534,0.002990676601630226,-21.43811834200875,9.924640522299984e-88,10075931694987529e71,-0.07319272787430592,-0.05503622994254475
17605,cjobCleaner,-0.030236349976668547,0.004044368457198462,-7.476161061154477,5.0580561577203234e-11,19770440833.751087,-0.04251309823630589,-0.017959601717031204
17605,cjobDoctor,0.054906700246692884,0.003975254942629179,13.81212049015864,7.244019304428804e-37,13804491097761517e20,0.042839747219286586,0.06697365327409918
17605,cjobFarmer,-0.02274456025873414,0.004007210192732372,-5.675908965290748,1.8333783128574957e-6,545441.1634450962,-0.03490851398358985,-0.010580606533878429
17605,cjobTeacher,0.014819067165793863,0.004015864168685961,3.6901315740076037,0.00707026947576028,141.43732476228823,0.0026288441518386232,0.027009290179749103
17605,cjobUnemployed,-0.08643190920842501,0.0040288656137545484,-21.453162625565483,7.509980017924458e-88,1331561465693981e72,-0.09866159832686795,-0.07420222008998208
17605,cvulnerNo surviving family,0.009561776141924884,0.0037028144772194506,2.5822995455891964,0.15501155235755193,6.4511320917126564,-0.0016781792849980635,0.020801731568847834
17605,cvulnerNone,-0.0261831322843825,0.0037588491515587285,-6.965731059871029,1.3265727598956075e-9,753822202.7706143,-0.037593181904738704,-0.014773082664026297
17605,cvulnerPTSD,-0.018509499668230723,0.003704067455444824,-4.997074132929878,4.568258544127848e-5,21890.179602146745,-0.029753258531564204,-0.007265740804897242
17605,cvulnerVictim of torture,0.08429560979401687,0.00371941188878417,22.663693162945734,7.440491381124357e-98,13439972560641374e81,0.0730052726460173,0.09558594694201644
17605,creasonEthnic persecution,0.1540907493083888,0.0034329176221130435,44.886235636945536,0,Inf,0.14367007031022735,0.16451142830655027
17605,creasonPolitical persecution,0.14203694252490784,0.0034387345870654927,41.30500302616192,4.88266586454e-313,Inf,0.1315986060321061,0.15247527901770958
17605,creasonReligious persecution,0.1463113066923306,0.0034696642300946854,42.16872209802787,0,Inf,0.1357790827495479,0.15684353063511333
17605,creligionChristian,0.03974211836985239,0.0028710200117016207,13.842508309894257,5.007777540225839e-37,1996893815604481e21,0.031027088988860398,0.048457147750844386
17605,creligionMuslim,-0.06736371332336011,0.002906259469427204,-23.17883658771763,2.8728050013883352e-102,3480918473466636e86,-0.07618571266910225,-0.05854171397761797
17605,clangFluent,0.05932007001412629,0.0028644082017032836,20.70936327400975,5.828880473278916e-82,1715595309569748e66,0.05062511089323774,0.06801502913501484
17605,clangNone,-0.059240835381134976,0.0028546816240560854,-20.75216895709806,2.703646075762328e-82,36987089729118378e65,-0.06790626931249982,-0.05057540144977013
17705,cconsistMinor inconsistencies,0.08292725664076786,0.002901207798469184,28.583701134584103,3.449887878055412e-154,28986449280307245e137,0.07412064755743818,0.09173386572409754
17705,cconsistNo inconsistencies,0.1126803489672701,0.0029821268036436636,37.78523060441073,2.1624783884929003e-264,4624323671030681e248,0.10362811044424307,0.12173258749029713
17705,cgenderMale,-0.05986675784216372,0.0023227914271485677,-25.77362613898376,5.449191026594745e-126,1835134784446913e110,-0.06691758546361173,-0.052815930220715714
17705,coriginEritrea,0.007327617536091563,0.004298867742210675,1.7045459352334869,0.8269288470223155,1.2092938873772463,-0.0057215848431938585,0.020376819915376987
17705,coriginIraq,-0.0010045405125496917,0.004283111658413654,-0.23453521473725614,1,0.34027006552990885,-0.014005915338511369,0.011996834313411985
17705,coriginKosovo,-0.013202072083065178,0.004319675215872778,-3.0562649790321648,0.0472650647899988,21.157275557392193,-0.026314435497092926,-8.97086690374322e-5
17705,coriginPakistan,-0.0018082579900848413,0.0042991718982641,-0.42060611505554624,1,0.35923384997907276,-0.014858383634316763,0.011241867654147081
17705,coriginSyria,0.019075207885267342,0.004280869392877407,4.455919145070167,4.413938347635898e-4,2265.5504477891027,0.006080639450784818,0.03206977631974987
17705,coriginUkraine,0.012422536564895954,0.004351056957860582,2.8550618126139455,0.08020884110834733,12.467453539805977,-7.850860491747293e-4,0.02563015917896664
17705,cage38 Years,-0.006049115014055743,0.002838373523253984,-2.1311906148000155,0.3993401980354838,2.504130575683102,-0.014664990810667185,0.0025667607825556986
17705,cage62 Years,-0.06387020215422784,0.0029815704791212897,-21.421664388443798,1.1690483167939759e-87,8553966381324789e71,-0.07292075195554573,-0.05481965235290995
17705,cjobCleaner,-0.030067037441388965,0.004032172980415201,-7.456782629968643,5.674597592145704e-11,17622394958.615482,-0.042306688532089076,-0.017827386350688854
17705,cjobDoctor,0.0552886715907179,0.0039666859587219145,13.938252779792071,1.4742914657908683e-37,6782919274809478e21,0.043247806192097005,0.0673295369893388
17705,cjobFarmer,-0.02203670214158866,0.003996046461044264,-5.5146261076829255,4.059381471484387e-6,246342.94830988915,-0.03416669127225645,-0.009906713010920864
17705,cjobTeacher,0.015401319838473761,0.0040035253728509124,3.8469394856130195,0.004175643142686561,239.48406648481256,0.0032486284895489343,0.027554011187398586
17705,cjobUnemployed,-0.08581380837018615,0.0040165501777345465,-21.365053235457818,3.332369274058167e-87,30008679043610246e70,-0.098006036482060993,-0.07362158025831131
17705,cvulnerNo surviving family,0.00944555038723838,0.003693035698571308,2.5576656058029705,0.16409870037640886,6.093893478170178,-0.0017646503247752878,0.02065575109925205
17705,cvulnerNone,-0.02668008815995333,0.003748645075233649,-7.117261737106544,5.091362882640023e-10,1964110638.056642,-0.03805909099703066,-0.015301085322875996
17705,cvulnerPTSD,-0.01855459755125466,0.003692224724901351,-5.025316424029526,4.01051851072807e-5,24934.431728092433,-0.029762336554702694,-0.007346858547806626
17705,cvulnerVictim of torture,0.08455888593246294,0.003709413778208236,22.795754528443993,4.771083071616151e-99,20959601520022606e82,0.07329896960029474,0.09581880226463114
17705,creasonEthnic persecution,0.1543062824880927,0.003422282591390275,45.088702749531564,0,Inf,0.143917952162026,0.1646946128141594
17705,creasonPolitical persecution,0.14209438929208096,0.0034269407821884536,41.46391733134621,1.272086574e-315,Inf,0.13169191903938895,0.15249685954477296
17705,creasonReligious persecution,0.14648460131011642,0.003458035941343779,42.36063586233089,0,Inf,0.13598774177885933,0.15698146084137352
17705,creligionChristian,0.03936544821770784,0.0028638679630923133,13.745552771644642,1.5384401872361766e-36,65000902101791176e19,0.030672184112140007,0.048058712323275674
17705,creligionMuslim,-0.0679381774022262,0.002899832276037332,-23.428312721267044,1.632099857975554e-104,6127076080016289e88,-0.07674061109062241,-0.059135743713829986
17705,clangFluent,0.05933657617199574,0.002854005794139074,20.790629189978546,1.1868459093881488e-82,842569361439285e67,0.05067324865584792,0.06799990368814356
17705,clangNone,-0.059517077473663,0.002844644477273837,-20.922501194490618,1.0960711939018578e-83,9123494947806648e67,-0.06815198873566286,-0.05088216621166314
17805,cconsistMinor inconsistencies,0.08269915231558535,0.00289437874561994,28.572332643312105,3.465438363619134e-154,28856378185749894e137,0.07391331440903705,0.09148499022213365
17805,cconsistNo inconsistencies,0.11266858923905752,0.002974559072859914,37.87740854335476,7.362879369907858e-266,135816431284615e251,0.10363936530036313,0.12169781317775191
17805,cgenderMale,-0.059602470305821456,0.0023171690828034273,-25.72210666375343,1.3692164574312731e-125,7303447125343906e109,-0.06663619800796972,-0.052568742603673196
17805,coriginEritrea,0.007329825158031086,0.004286235444974943,1.7100845840431744,0.8213966246741397,1.2174386526079468,-0.005680970303979488,0.02034062062004166
17805,coriginIraq,-0.0017115256218047672,0.0042721283148208005,-0.40062598678676603,1,0.3557440189148751,-0.014679499127964386,0.01125644788435485
17805,coriginKosovo,-0.013090231189048816,0.00430743580220949,-3.0389846280086656,0.04952906952867078,20.190163262023976,-0.026165379978178555,-1.5082399919074882e-5
17805,coriginPakistan,-0.001933804271496371,0.004286927668189332,-0.4510932819897918,1,0.36261677308857987,-0.014946700965408946,0.011079092422416203
17805,coriginSyria,0.019170165172286837,0.0042689968193827645,4.490555037485028,3.834347117716846e-4,2608.0059246056153,0.006211697267757728,0.032128633076815946
17805,coriginUkraine,0.012198297507072521,0.0043419935110086865,2.809377184960081,0.09002008073284352,11.108632561303107,-9.817506247541286e-4,0.025378345638899173
17805,cage38 Years,-0.0059647576869099415,0.0028299288878460894,-2.1077411918466358,0.41792635484656265,2.3927660660863075,-0.014554959136288272,0.0026254437624683886
17805,cage62 Years,-0.06377649563891555,0.00297235239939984,-21.456572797960604,5.320279850448218e-88,18796003746226866e71,-0.07279902125750852,-0.054753970020322576
17805,cjobCleaner,-0.030155701735778386,0.004021012874221792,-7.499528770251595,4.21786142379871e-11,23708697359.226547,-0.042361418553772,-0.017949984917784777
17805,cjobDoctor,0.05538878517008982,0.003954376024872543,14.006959586468538,6.004042577859361e-38,16655444844572253e21,0.04338534338533834,0.0673922269548413
17805,cjobFarmer,-0.02213451145645707,0.003985995090109245,-5.553070426850533,3.3402015288125386e-6,299383.1334349176,-0.034233932380893235,-0.010035090532020903
17805,cjobTeacher,0.01572889136443547,0.003990139298311161,3.9419404157375593,0.0029999176585528446,333.3424826341395,0.00361689076584017,0.02784089196303077
17805,cjobUnemployed,-0.08581450348549262,0.004005537571345306,-21.42396668536823,9.743243236989959e-88,10263522891469313e71,-0.09797324528239292,-0.07365576168859232
17805,cvulnerNo surviving family,0.009668007443749039,0.0036814305546869533,2.6261550503622493,0.14021567006353325,7.131870493125976,-0.0015069129659038404,0.020842927853401916
17805,cvulnerNone,-0.026432099876592296,0.003739227888209399,-7.068865730259038,6.824907217882659e-10,1465221384.0794706,-0.03778246311815768,-0.015081736635026915
17805,cvulnerPTSD,-0.01824795020587859,0.003680926616102786,-4.9574338499578054,5.39583140869993e-5,18532.82514326999,-0.02942134091845155,-0.00707455949330563
17805,cvulnerVictim of torture,0.08499046800472042,0.0037003945957516026,22.967947283864643,1.3603260213069603e-100,7351178940466273e84,0.07375798256799591,0.09622295344144492
17805,creasonEthnic persecution,0.1540572674839819,0.003412121291027943,45.14999741922137,0,Inf,0.14369983080579318,0.16441470416217063
17805,creasonPolitical persecution,0.14167072468204356,0.0034177800246774585,41.45109505560214,9.97184353e-316,Inf,0.13129611101322214,0.15204533835086498
17805,creasonReligious persecution,0.14615648107511703,0.0034483953483044256,42.38391086653742,0,Inf,0.13568893510735233,0.15662402704288172
17805,creligionChristian,0.03936825932330694,0.002856907880756119,13.780024056249093,9.61803835361928e-37,10397130508672789e20,0.030696163595597504,0.04804035505101638
17805,creligionMuslim,-0.06795939441971856,0.002889744087288154,-23.517443886698715,2.2724467618573e-105,44005431360807196e88,-0.07673116389900352,-0.0591876249404336
17805,clangFluent,0.05907964937944958,0.00284416757659459,20.772211126247164,1.4516282125637532e-82,6888816236451327e66,0.05044622663032414,0.06771307212857502
17805,clangNone,-0.05963900378955873,0.0028369954248283593,-21.021889308533847,1.5774592790717687e-84,6339307855784616e68,-0.06825065559286217,-0.05102735198625529
17905,cconsistMinor inconsistencies,0.0826308280194343,0.0028838176037797344,28.653278179290023,3.7223594813810434e-155,2686468099069752e139,0.07387707599108519,0.09138458004778342
17905,cconsistNo inconsistencies,0.11243743858021181,0.0029652235741545216,37.91870520666262,1.206546736339374e-266,8288116571712501e250,0.10343658088285157,0.12143829627757205
17905,cgenderMale,-0.059249485613797837,0.0023093374830634645,-25.65648635088194,4.69879524599496e-125,2128205098641731e109,-0.06625941843687713,-0.05223955279071854
17905,coriginEritrea,0.007127348525506714,0.004273557658240704,1.6677787210295485,0.8768590522626836,1.1404341409483754,-0.005844922664619781,0.020099619715633208
17905,coriginIraq,-0.0018388495492528774,0.004259657280206932,-0.4316895534758953,1,0.35898408955160643,-0.014768926509672035,0.01109122741116628
17905,coriginKosovo,-0.013026597297225334,0.004294529379004597,-3.0333003101365885,0.050294442382947106,19.882912556936137,-0.026062527590803547,9.332996352879458e-6
17905,coriginPakistan,-0.0017005695582894417,0.004275104792791378,-0.3977842978625737,1,0.35451500335969977,-0.014677537034406194,0.011276397917827311
17905,coriginSyria,0.019055037206888222,0.00425853780945568,4.474549260682461,4.0747153452530327e-4,2454.159162713001,0.0061283583703124755,0.03198171604346397
17905,coriginUkraine,0.012276638713406207,0.004329316745062399,2.8356988957686586,0.08428581401845613,11.864392740883172,-8.648877093412992e-4,0.025418165136153713
17905,cage38 Years,-0.005975302077427423,0.002822249962439486,-2.1172122090356993,0.41107116096914875,2.4326688295096695,-0.014542167159613064,0.002591563004758219
17905,cage62 Years,-0.0636155223966412,0.002965697853282038,-21.45043950658697,5.190784332427468e-88,19264911349771883e71,-0.07261781975574323,-0.05461322503753916
17905,cjobCleaner,-0.029897843602928867,0.004008091208074452,-7.459372067855773,5.435203166696878e-11,18398576269.00316,-0.04206429840801225,-0.01773138879784548
17905,cjobDoctor,0.05545248126643613,0.003943588792818423,14.06142581787922,2.903049087527035e-38,34446541200302293e21,0.043481821836081305,0.06742314069679095
17905,cjobFarmer,-0.021949488310457857,0.003971648608384555,-5.526543376501197,3.7837442683513344e-6,264288.4743465296,-0.03400532256848042,-0.009893654052435296
17905,cjobTeacher,0.015662043291237864,0.0039783527781451075,3.9368161057200752,0.003048923534958229,327.9846111370911,0.0035858587033043843,0.027738227879171344
17905,cjobUnemployed,-0.08549555546268589,0.003992454880381439,-21.4142821958498,1.0156577709506076e-87,9845836152703753e71,-0.09761454660880581,-0.07337656431656597
17905,cvulnerNo surviving family,0.009810909480926215,0.0036706645650773787,2.6727883485369355,0.1256833288942527,7.956504723401929,-0.001331295677895467,0.020953114639747895
17905,cvulnerNone,-0.026532191447036474,0.0037256795608931674,-7.12143677774474,4.845178067714137e-10,2063907633.5780182,-0.03784139316991993,-0.015222989724153016
17905,cvulnerPTSD,-0.018024884043833532,0.003670435588257477,-4.9108296850376725,6.592445773613128e-5,15168.877141205958,-0.0291663941495773,-0.0068833739380897655
17905,cvulnerVictim of torture,0.08515471848236124,0.0036892015760329713,23.082153882718657,1.1979757760589271e-101,8347414196385313e85,0.07395624471728673,0.09635319224743574
17905,creasonEthnic persecution,0.15425771512557615,0.0034028389720763648,45.33206431200894,0,Inf,0.14392848746744785,0.16458694278370445
17905,creasonPolitical persecution,0.1416540421209244,0.003409232062246741,41.55013197534345,1.8839924e-317,Inf,0.13130540840674976,0.15200267583509902
17905,creasonReligious persecution,0.14607007477327918,0.0034385351672345,42.48032015643409,0,Inf,0.1356324922592958,0.15650765728726257
17905,creligionChristian,0.03929104604070832,0.002852102709420193,13.776167986844989,9.567992729285438e-37,1045151295881767e21,0.030633563734988274,0.04794852834642837
17905,creligionMuslim,-0.06786850391617896,0.002883191388302452,-23.539368281804617,1.2287087262344025e-105,8138625360500847e89,-0.0766203550840169,-0.05911665274834101
17905,clangFluent,0.0592329135478942,0.0028358326100231604,20.88730954659924,1.594481472217938e-83,6271631357428011e67,0.05062481869837511,0.06784100839741329
17905,clangNone,-0.05970095016377621,0.002827561445683508,-21.113935562714065,2.5721244579246135e-85,3887836752685274e69,-0.06828393811280335,-0.051117962214749076
18005,cconsistMinor inconsistencies,0.08277962096261518,0.0028748656825387095,28.794256881425824,9.190752833272623e-157,10880501501245598e140,0.07405305647303725,0.0915061854521931
18005,cconsistNo inconsistencies,0.11238382679675471,0.0029573938943106225,38.0009666662789,5.543023030650951e-268,18040697187624057e251,0.10340675051227402,0.1213609030812354
18005,cgenderMale,-0.058900196825849786,0.0023023077757286874,-25.583111626857836,1.9134923446606398e-124,5226046515369526e108,-0.06588877977140539,-0.05191161388029418
18005,coriginEritrea,0.00766686271801505,0.004258136806119424,1.8005205250796315,0.715449614954597,1.3977224658419318,-0.005258577823343597,0.020592303259373695
18005,coriginIraq,-0.001993235596842417,0.004249249603878529,-0.46907943346587094,1,0.3635287093758435,-0.01489169931491567,0.010905228121230836
18005,coriginKosovo,-0.012694314844141056,0.0042812624275436004,-2.965086831041211,0.060349833435906136,16.57005401782987,-0.02568995248303555,3.013227947534416e-4
18005,coriginPakistan,-0.001466147187838826,0.004265583570775414,-0.3437154995353436,1,0.34738801168790057,-0.01441419214943314,0.01148189777375549
18005,coriginSyria,0.019543702106934298,0.004248296639257071,4.60036192537441,2.4439051000116487e-4,4091.8119119896824,0.006648131083040097,0.0324392731308285
18005,coriginUkraine,0.012863787973581798,0.0043203475158351155,2.9774891779961945,0.058400582090533636,17.123116999926165,-2.504912232916996e-4,0.025978067170455296
18005,cage38 Years,-0.005930456147340619,0.0028149971785366027,-2.106736089314168,0.41978955537824775,2.382145975735291,-0.014475291673286553,0.0026143793786053164
18005,cage62 Years,-0.06347177122090464,0.002958174600000462,-21.45639788161751,4.0509807400584557e-88,24685380261412202e71,-0.07245121731298752,-0.05449232512882175
18005,cjobCleaner,-0.029741235971871935,0.003998787425729233,-7.437563642545519,6.199261386795512e-11,16130953957.353853,-0.04187942961433947,-0.0176030423294044
18005,cjobDoctor,0.05563478868495739,0.003934808310604118,14.139135707074809,1.0481300440496041e-38,9540800835518017e22,0.0436908016370854,0.06757877573282937
18005,cjobFarmer,-0.022119330556890908,0.003962218169485961,-5.582562496744233,2.852007983305962e-6,350630.1545624813,-0.03414651937054814,-0.010092141743233673
18005,cjobTeacher,0.0160236698050014,0.003968798204518975,4.03741106986907,0.002129477325781603,469.59880149602446,0.003976507501658006,0.028070832108344795
18005,cjobUnemployed,-0.08557467506142509,0.0039829198131576685,-21.48541248024305,2.360772920781651e-88,423590084076744e73,-0.09766470306427946,-0.07348464705857072
18005,cvulnerNo surviving family,0.00980163637569921,0.0036610450573577786,2.67727826949313,0.12441363380547216,8.037704304687034,-0.0013113509149176254,0.020914623666316044
18005,cvulnerNone,-0.026633951575016097,0.0037141869728742126,-7.170869902223983,3.4996352376771237e-10,2857440653.3400555,-0.037908249481175965,-0.015359653668856227
18005,cvulnerPTSD,-0.01796696204486438,0.0036611095979261696,-4.90751821661983,6.661330755384621e-5,15012.015417364766,-0.029080145246349567,-0.0068537788433791925
18005,cvulnerVictim of torture,0.08491018516193746,0.00367870708827717,23.08152922327475,1.0317047715216748e-101,9692695309774393e85,0.07374358533116923,0.0960767849927057
18005,creasonEthnic persecution,0.1544770668652174,0.0033923162166488025,45.53734292430498,0,Inf,0.14417979753071233,0.16477433619972245
18005,creasonPolitical persecution,0.1420655088598691,0.0033987617519675925,41.79919606828143,2.297e-321,Inf,0.13174867430533624,0.15238234341440196
18005,creasonReligious persecution,0.14618810459252557,0.0034272148954887214,42.65507388665779,0,Inf,0.13578490141445093,0.1565913077706002
18005,creligionChristian,0.03905811813997547,0.002843438373417596,13.736228119138236,1.474805217818494e-36,6780556428185021e20,0.03042695026020963,0.04768928601974132
18005,creligionMuslim,-0.06805977989522101,0.0028756211877798117,-23.667853117944265,7.601560713164561e-107,1315519322588816e91,-0.07678863769723045,-0.05933092209321157
18005,clangFluent,0.059224939740567216,0.0028284408518896745,20.93907662979736,5.475372238327036e-84,18263598463682597e67,0.05063929636637816,0.06781058311475627
18005,clangNone,-0.05985487455710838,0.0028192100795605903,-21.231079936560644,2.6209780239339166e-86,3815369647773946e70,-0.06841249821179972,-0.051297250902417046
18021,cconsistMinor inconsistencies,0.08301574493707271,0.0028744800385445365,28.880264891005083,1.0748281355542586e-157,9303813018295508e141,0.07429035210781865,0.09174113776632678
18021,cconsistNo inconsistencies,0.11248396278700303,0.0029561985578484885,38.05020555482189,1.1014633655299043e-268,9078831228480385e252,0.10351051598875602,0.12145740958525003
18021,cgenderMale,-0.05887892329254149,0.0023012480474550938,-25.585648343147785,1.751949881467783e-124,570792584067645e109,-0.06586428862552413,-0.051893557959558856
18021,coriginEritrea,0.007732424815043911,0.004255935032276738,1.8168568731434331,0.6970317111530219,1.4346549575855185,-0.005186330756207648,0.02065118038629547
18021,coriginIraq,-0.001949711783276775,0.004247771832815932,-0.4589963538564812,1,0.3618756050218507,-0.014843688221925569,0.01094426465537202
18021,coriginKosovo,-0.01254484461378048,0.0042792979803366864,-2.931519298591466,0.0659145724398253,15.17115203793394,-0.02553451767158231,4.4482844402134875e-4
18021,coriginPakistan,-0.0013927221098632395,0.004263996411190566,-0.32662365901813045,1,0.34548330945103656,-0.014335947740682241,0.011550503520955763
18021,coriginSyria,0.019490062664125462,0.0042469302899084405,4.589211815046215,2.5566401015144827e-4,3911.383535788349,0.006598640702234924,0.032381484626016
18021,coriginUkraine,0.012929503713131509,0.004318941436859886,2.993674237577064,0.05594022314090103,17.876224724403077,-1.805057973977911e-4,0.02603951322366081
18021,cage38 Years,-0.005989330031734645,0.0028140987314243626,-2.1283297436771633,0.4031080981085112,2.4807241647892018,-0.01453143732165544,0.0025527772581861513
18021,cage62 Years,-0.06342865363175886,0.0029571978963672295,-21.448903947104046,4.5562637784810875e-88,21947807427720264e71,-0.0724051338903286,-0.05445217337318911
18021,cjobCleaner,-0.0300126357157848,0.003997317809540562,-7.508193530209785,3.870844571815869e-11,25834155348.967823,-0.04214636692418623,-0.017878904507383366
18021,cjobDoctor,0.0555151631620787,0.003933281659160995,14.11420995818555,1.4168749645622863e-38,7057785796285342e22,0.04357581165360304,0.06745451467055436
18021,cjobFarmer,-0.02217589036797957,0.003960648814328835,-5.599054954771964,2.6248475231597334e-6,380974.5103960256,-0.03419831400646016,-0.010153466729498978
18021,cjobTeacher,0.015786259995233733,0.0039678809416057795,3.9785115096838366,0.0026269400578747626,380.67103853485577,0.003741883464182541,0.027830636526284924
18021,cjobUnemployed,-0.08567470663214724,0.003981089406941353,-21.5204176230673,1.20278984106319e-88,8314004374330792e72,-0.09775917704006627,-0.07359023622422821
18021,cvulnerNo surviving family,0.009999936602053214,0.0036588458924316524,2.7330849388158573,0.10876280884736389,9.194319368888175,-0.001106373855866566,0.021106247059972993
18021,cvulnerNone,-0.02690001939782038,0.0037126303932222436,-7.245541987408416,2.1651317023076746e-10,4618656680.026275,-0.03816959099905318,-0.015630447796587583
18021,cvulnerPTSD,-0.018163420125783168,0.003658936724186456,-4.964125234994793,5.1911424213691245e-5,19263.58244157473,-0.029270006300608754,-0.007056833950957582
18021,cvulnerVictim of torture,0.08475496302997688,0.0036771994498298976,23.048780515263466,1.9299224658801574e-101,5181555309497584e85,0.07359294093170247,0.0959169851282513
18021,creasonEthnic persecution,0.15449333865580914,0.0033908150070547445,45.562302376973896,0,Inf,0.1442006274345953,0.16478604987702297
18021,creasonPolitical persecution,0.14202919759170007,0.0033965726533526255,41.81544518163289,1.196e-321,Inf,0.1317190092180805,0.15233938596531965
18021,creasonReligious persecution,0.1462098745664057,0.003425256897777291,42.68581275211323,0,Inf,0.13581261608018852,0.15660713305262286
18021,creligionChristian,0.03900450732136834,0.002841553587138064,13.726472552872961,1.6461697238905703e-36,6074707762432856e20,0.030379061689222067,0.04762995295351462
18021,creligionMuslim,-0.06806158235889287,0.002873884517766354,-23.682782637275846,5.454882782686985e-107,18332199606082397e90,-0.0767851675037456,-0.059337997214040136
18021,clangFluent,0.05922216206524231,0.0028263595913182336,20.953512867632206,4.125218653186558e-84,24241139296399283e67,0.05064283732466472,0.0678014868058199
18021,clangNone,-0.05983056982272109,0.0028176923043976326,-21.233890488802572,2.436279659242763e-86,4104619090859285e70,-0.06838358528922754,-0.051277554356214644
