G,term,estimate,std.error,statistic,p.value,e_value,conf.low,conf.high
5,canon,0.3414038143299448,0.2254762332662048,1.5141454573035733,0.9564342623520314,1.0455501641491107,-Inf,Inf
5,sony,0.3436767451205514,0.2112564570301671,1.626822441083895,0.947061682163077,1.055897433962287,-Inf,Inf
5,nikon,0.3862896664579256,0.22268341913886244,1.7347033198598432,0.9384885843386119,1.0655430622043607,-Inf,Inf
5,panasonic,0.2595119478364358,0.2409880572630708,1.0768664255969485,0.9956725400266937,1.0043462682753008,-Inf,Inf
5,pixels,0.16552525593055126,0.055762267466773756,2.9684097051681113,0.869121883346154,1.1505866083476808,-Inf,Inf
5,zoom,0.058298428304915995,0.06477220753271593,0.9000531327494115,1,0.9883591078608961,-Inf,Inf
5,video,0.04490755545086643,0.0521679273409166,0.8608269053396782,1,0.9849675878773607,-Inf,Inf
5,swivel,0.08232670450107411,0.024304216496603165,3.3873424602097484,0.8551028078016516,1.169450025045361,-Inf,Inf
5,wifi,0.06223816005162397,0.08912264011204556,0.6983428674619351,1,0.971791480007538,-Inf,Inf
5,price,-0.19460440655144048,0.07946602075593925,-2.4489008597664785,0.8923533852202841,1.1206322703119938,-Inf,Inf
6,canon,0.5278569206238275,0.24850729190564605,2.1241103895826354,0.8850870800445096,1.129832332373117,-Inf,Inf
6,sony,0.48192060912422274,0.21197643141432604,2.2734631671493126,0.8725740859284449,1.1460344928029467,-Inf,Inf
6,nikon,0.5419302842055391,0.2293120304300313,2.3632876268604464,0.8654967559580821,1.1554058326804777,-Inf,Inf
6,panasonic,0.4402486505325976,0.25805193873858323,1.7060466690722553,0.9250754594805277,1.08099289604066,-Inf,Inf
6,pixels,0.0996565793182248,0.0730987035972732,1.3633152766602865,0.9625419233812134,1.038915787155747,-Inf,Inf
6,zoom,0.03111670023955906,0.06040995135343239,0.5150922909622747,1,0.9509872557746016,-Inf,Inf
6,video,0.035795765008194695,0.045204962342925946,0.7918547688779641,1,0.9742918948985566,-Inf,Inf
6,swivel,0.06071168486826641,0.026613569736543854,2.281230420017705,0.8719489319646732,1.146856155608566,-Inf,Inf
6,wifi,0.05058957843323612,0.07024974284286697,0.7201389839446635,1,0.9675492846453196,-Inf,Inf
6,price,-0.24272923038938357,0.0787232334268974,-3.083323941651642,0.8197421296464796,1.2198958231306936,-Inf,Inf
7,canon,0.5647976243915518,0.2152899366405571,2.623427890800694,0.8104555085540092,1.233874024478124,-Inf,Inf
7,sony,0.5483989422333422,0.19329049124120098,2.837174962471448,0.7927814327680845,1.2613817108561545,-Inf,Inf
7,nikon,0.5957202831304916,0.20256069739786858,2.940947038508567,0.7848879680003791,1.2740671799921348,-Inf,Inf
7,panasonic,0.5046068737859346,0.228110883619278,2.2121122227036496,0.8502850373677432,1.1760762050990978,-Inf,Inf
7,pixels,0.08346183619276012,0.06157065727959185,1.3555456426875647,0.9570757659517078,1.0448493584054013,-Inf,Inf
7,zoom,0.04219167531426527,0.053134095144826025,0.7940602959223202,1,0.9696576293076712,-Inf,Inf
7,video,0.016892450147077787,0.041213113477294165,0.40988046574992365,1,0.9355596496373998,-Inf,Inf
7,swivel,0.0684361989323926,0.026676385590978166,2.5654224669603445,0.8155966915418458,1.226096194811125,-Inf,Inf
7,wifi,0.05985565019496592,0.058487047922186286,1.023400091497189,1,0.9976857767593595,-Inf,Inf
7,price,-0.26760296978288883,0.07066939307566052,-3.7866883828531828,0.7345300506571972,1.3614146883511191,-Inf,Inf
8,canon,0.46913885032417907,0.20296541545309102,2.311422609989462,0.8114547387969896,1.2323546245876085,-Inf,Inf
8,sony,0.4563126471297387,0.18302731422071977,2.4931396118256615,0.7897671712610206,1.2661959579850615,-Inf,Inf
8,nikon,0.5044848173039502,0.19137667658065963,2.6360830709238736,0.7739353742258387,1.2920975488428759,-Inf,Inf
8,panasonic,0.43889051973248455,0.20103338939326684,2.1831722633592734,0.8278237838620843,1.2079865540159453,-Inf,Inf
8,pixels,0.11894715060535987,0.06145772562532262,1.9354304018752968,0.8618667273543174,1.160272195528086,-Inf,Inf
8,zoom,0.027801763461057144,0.04753849110165004,0.5848263757806179,1,0.9416040430975846,-Inf,Inf
8,video,0.06297128174632703,0.058227661888565936,1.0814667754793121,0.9945833522994494,1.0054461475632257,-Inf,Inf
8,swivel,0.09292199693670643,0.032270081548022723,2.8795092072644612,0.749367234496371,1.3344591996633965,-Inf,Inf
8,wifi,0.07052597503007288,0.053450709446754036,1.319458165477274,0.9569759621477172,1.044958326597593,-Inf,Inf
8,price,-0.24541894705634057,0.06304379823029836,-3.8928325060591624,0.6742564069693999,1.483115309937846,-Inf,Inf
9,canon,0.45712707089837157,0.17893639410776602,2.5546903030976624,0.7506073046421461,1.3322545541663127,-Inf,Inf
9,sony,0.3623298471728847,0.18373209983618766,1.9720552233166206,0.8370891878030684,1.1946158361267205,-Inf,Inf
9,nikon,0.44067162501771245,0.1810040986994484,2.43459473119133,0.7668097489027594,1.304104442374287,-Inf,Inf
9,panasonic,0.3511293823302564,0.19401561661007918,1.8097995845145547,0.8644633400403735,1.156787053518425,-Inf,Inf
9,pixels,0.105691594913351,0.055849565772512925,1.8924336017911974,0.8503674851512215,1.1759621780719534,-Inf,Inf
9,zoom,0.04590066849532645,0.045822906861802286,1.001697003504354,1,0.991585676287752,-Inf,Inf
9,video,0.0762284741302251,0.05356150555717343,1.423195134962294,0.93346118122248245,1.071281827371093,-Inf,Inf
9,swivel,0.08802719084754153,0.028162307541469103,3.1257094511137327,0.6848028546113482,1.46027428663033,-Inf,Inf
9,wifi,0.07060743172452008,0.0475880583387817,1.4837216349921727,0.9224539354002822,1.0840649723783422,-Inf,Inf
9,price,-0.2107035342644842,0.06517573367644602,-3.2328525108821404,0.6743688723462175,1.4828679688623072,-Inf,Inf
10,canon,0.49532951871569714,0.16450905701485383,3.010955917588008,0.6581078032163514,1.5195078908238568,-Inf,Inf
10,sony,0.38792301337100704,0.16831606747089492,2.3047295436491018,0.759729372827908,1.3162581779321538,-Inf,Inf
10,nikon,0.44849129395643017,0.162817990728042,2.754556127065551,0.6913311763116566,1.4464847445982871,-Inf,Inf
10,panasonic,0.3873406433698926,0.17929555677724124,2.160347140398626,0.7844566620502161,1.2747676810933708,-Inf,Inf
10,pixels,0.11288658035477242,0.05059291324069605,2.231272585899806,0.7721456601696681,1.2950924308507596,-Inf,Inf
10,zoom,0.06752159163078437,0.046407342203368666,1.4549764848606874,0.9205669496292479,1.0862870977529044,-Inf,Inf
10,video,0.06887796155103525,0.04749460432181061,1.450227084414406,0.9215327863352141,1.0851485859519305,-Inf,Inf
10,swivel,0.06436101453089783,0.033598925420108595,1.9155676476598997,0.8292293338205411,1.2059390077201688,-Inf,Inf
10,wifi,0.06948050097680707,0.04158116506327736,1.6709608995099843,0.8769384471543319,1.1403308900926892,-Inf,Inf
10,price,-0.2267743751386619,0.06113369305185934,-3.7094826734300277,0.5860999410870648,1.7061936538421365,-Inf,Inf
11,canon,0.48540609340399865,0.14970919758689502,3.242326465094148,0.5920350312937296,1.6890892382073663,-Inf,Inf
11,sony,0.37087017012191426,0.15239204929480912,2.4336582639193307,0.7122230538207288,1.4040545228569734,-Inf,Inf
11,nikon,0.45721720401266863,0.14715400191746988,3.1070660536238432,0.6091017390643249,1.6417618533418668,-Inf,Inf
11,panasonic,0.36023241659230826,0.16566649004472575,2.174443464668411,0.7604237293952008,1.315056278945089,-Inf,Inf
11,pixels,0.10228145142790168,0.04612142223316822,2.2176560581938425,0.752066585939336,1.3296694982811843,-Inf,Inf
11,zoom,0.05887708378326477,0.0415433815542362,1.4172434111170962,0.9223892560492823,1.0841409886788307,-Inf,Inf
11,video,0.08854453912350581,0.04608125364814035,1.9214872017067857,0.8117153234872673,1.2319590022076086,-Inf,Inf
11,swivel,0.06256017367201679,0.031185966339590473,2.0060360801645856,0.7941445939579861,1.259216530098176,-Inf,Inf
11,wifi,0.0730194395851636,0.03897529356853042,1.8734801690915612,0.8218635554056967,1.216746981202214,-Inf,Inf
11,price,-0.21899530752923022,0.05554448876968576,-3.942700930011083,0.5198761990834139,1.9235348757321173,-Inf,Inf
12,canon,0.4571719451621557,0.1399978103970306,3.2655649675207523,0.5521934749199016,1.8109594651495204,-Inf,Inf
12,sony,0.34821870830482116,0.1409312434170632,2.470841098551329,0.6800920725688452,1.4703891433740697,-Inf,Inf
12,nikon,0.4356304216919302,0.1365172578408817,3.1910282156390894,0.562247420345395,1.7785764128285173,-Inf,Inf
12,panasonic,0.3469954796765751,0.15239073459292193,2.2770116608696496,0.7185965184387766,1.391601509804975,-Inf,Inf
12,pixels,0.09703453807892184,0.04365055906421069,2.2229850008606404,0.7298355751306933,1.370171630535998,-Inf,Inf
12,zoom,0.06651215312941673,0.03971412702139142,1.6747731378708377,0.8544334932569524,1.1703661056031094,-Inf,Inf
12,video,0.08529612667891767,0.0429816008617486,1.9844799860590305,0.7819065461441109,1.278925218021762,-Inf,Inf
12,swivel,0.06546252136616793,0.028503268496980993,2.2966671830320644,0.7145614584195984,1.399459750056641,-Inf,Inf
12,wifi,0.07299654658643051,0.03453318659209087,2.1138085937064637,0.7531914542278936,1.3276836777511145,-Inf,Inf
12,price,-0.22426217603401366,0.051078415405343,-4.39054685338878,0.4384533828121925,2.2807441776047166,-Inf,Inf
13,canon,0.4717490365595693,0.12911134523376128,3.653815516409102,0.4675231076605929,2.138931709715552,-Inf,Inf
13,sony,0.3280500346335217,0.1297099000412406,2.5291056004917114,0.6441594283757991,1.5524107168957022,-Inf,Inf
13,nikon,0.3947438734660628,0.1322304698116411,2.9852716550759086,0.5607903054169633,1.783197730667744,-Inf,Inf
13,panasonic,0.31423040334456054,0.14383000672136972,2.1847346774675036,0.7186339355263178,1.3915290533386981,-Inf,Inf
13,pixels,0.08167772828714877,0.043831420081622254,1.8634515636283209,0.7962308539433098,1.255917169056599,-Inf,Inf
13,zoom,0.05623921116092604,0.039727751615510405,1.415615253166486,0.9123551944000595,1.0960643465811288,-Inf,Inf
13,video,0.0830286107911399,0.03924023142879277,2.115905227057788,0.7346559537127321,1.36118137333033,-Inf,Inf
13,swivel,0.049195879495805436,0.030984260389508505,1.5877700121724874,0.8672158520625849,1.153115452884771,-Inf,Inf
13,wifi,0.077464628408354,0.03134176460068996,2.471610306416783,0.6559085498656831,1.5246027822091661,-Inf,Inf
13,price,-0.19901922291111898,0.05329912554709565,-3.734005405684631,0.4583217781403269,2.181873189743614,-Inf,Inf
14,canon,0.4969852466445215,0.1239597097264547,4.009248228648103,0.3924602652837047,2.548028650179687,-Inf,Inf
14,sony,0.35490955909119104,0.12603874864065476,2.8158765690626053,0.5626611825457175,1.7772685072668004,-Inf,Inf
14,nikon,0.42680403472507344,0.12783370394102353,3.3387441775291187,0.4751427171022202,2.1046308067158357,-Inf,Inf
14,panasonic,0.34644769770895883,0.13999968295549822,2.4746320162673823,0.6327108814366992,1.5805007142113565,-Inf,Inf
14,pixels,0.08462792569017052,0.04128594857511046,2.0497997166326245,0.7344649657797966,1.3615353306039306,-Inf,Inf
14,zoom,0.06053291286635221,0.036380883283958755,1.6638659483301412,0.8382524551652178,1.1929580329149194,-Inf,Inf
14,video,0.08906624803513982,0.03719587473787816,2.394519517629191,0.6506975597546335,1.5368122793899552,-Inf,Inf
14,swivel,0.041081853920726254,0.03039312420948873,1.351682493631257,0.9255552477869141,1.080432532137968,-Inf,Inf
14,wifi,0.06671139561946696,0.03114564205089233,2.141917495566789,0.7111176673572467,1.4062370348866982,-Inf,Inf
14,price,-0.21125582715425792,0.05149654388691331,-4.102330199443614,0.3831204808344799,2.610144980560388,-Inf,Inf
15,canon,0.4811948658567491,0.11662060888213471,4.126156349801601,0.34667974662205137,2.8845065503356193,-Inf,Inf
15,sony,0.3562109448633106,0.11551885505573048,3.0835740597624652,0.4871666762447914,2.052685556631793,-Inf,Inf
15,nikon,0.4224415762940585,0.11804962318045766,3.5785084688350866,0.41067824234637373,2.4349962985294487,-Inf,Inf
15,panasonic,0.33936965819833587,0.12795951579874087,2.6521642886810244,0.5715725015480949,1.7495593250051675,-Inf,Inf
15,pixels,0.07525867384800736,0.03955726488869616,1.9025247084136292,0.7604743381674928,1.3149687633243348,-Inf,Inf
15,zoom,0.0711820748529986,0.03553891234671077,2.0029334088381776,0.7323579138405184,1.3654525759897291,-Inf,Inf
15,video,0.07869693209823123,0.036590559876748203,2.1507441362830826,0.6923714148756578,1.4443115046561952,-Inf,Inf
15,swivel,0.05260586846411285,0.030753795801261856,1.7105487987259897,0.8159425476776526,1.2255764855579774,-Inf,Inf
15,wifi,0.08460637312195066,0.03391467372539068,2.494683387108895,0.6068904248970545,1.6477439072623823,-Inf,Inf
15,price,-0.21148127774481396,0.047437399748641744,-4.458112773157834,0.31616770690678053,3.1628783653570345,-Inf,Inf
16,canon,0.48300328116675423,0.10740275012509716,4.497122099798907,0.2812827196799401,3.5551419622856972,-Inf,Inf
16,sony,0.3708388643419541,0.10801735694540986,3.4331414397537037,0.4030058500787841,2.481353558030259,-Inf,Inf
16,nikon,0.417019983721818,0.10915968376766484,3.8202747509730983,0.3501782190161611,2.8556887484593925,-Inf,Inf
16,panasonic,0.35682424693305376,0.11948058442186907,2.986462182618372,0.47963438660196595,2.084921406666928,-Inf,Inf
16,pixels,0.08092919706423149,0.036503730889555296,2.2170116613309663,0.658551045803809,1.51848517494863,-Inf,Inf
16,zoom,0.06590263412560089,0.033568292341002004,1.9632405919291906,0.7305809200823689,1.3687737696287712,-Inf,Inf
16,video,0.08249703655839338,0.0342849977171125,2.406213855957676,0.6088257857978646,1.642505989935204,-Inf,Inf
16,swivel,0.06495869243303237,0.031185807437947535,2.0829568887156436,0.6958948968879196,1.4369986106695927,-Inf,Inf
16,wifi,0.08655036394815734,0.031668835945035716,2.732982168917536,0.531733353937248,1.8806418529051199,-Inf,Inf
16,price,-0.2187753639383429,0.04487110254249063,-4.875640479998767,0.25259806550259006,3.958858505152512,-Inf,Inf
17,canon,0.4465080850983234,0.10719286424068837,4.165464634807635,0.2838780829421721,3.5226389780985907,-Inf,Inf
17,sony,0.3470209327071949,0.10457777697695368,3.3183047368053122,0.39574547346140304,2.5268766595192145,-Inf,Inf
17,nikon,0.38749720568864354,0.1071746710063124,3.6155670183099575,0.3501557161439272,2.855872270235801,-Inf,Inf
17,panasonic,0.32117533343589033,0.11813224961900883,2.7187777636650505,0.5138427367318155,1.9461207262756728,-Inf,Inf
17,pixels,0.08425845994810141,0.034698239978408624,2.4283208600935438,0.5852016834502323,1.7088125825342806,-Inf,Inf
17,zoom,0.07453915665561693,0.03266970402392086,2.281598774235577,0.6248452752160877,1.6003961935283484,-Inf,Inf
17,video,0.07273151751443856,0.032976922018824746,2.2055277770593644,0.6463137460182484,1.5472361622520177,-Inf,Inf
17,swivel,0.06204483309982874,0.029394563165707526,2.1107588076767843,0.6738893575466323,1.4839231229895202,-Inf,Inf
17,wifi,0.09318974239485106,0.03045133569117388,3.060284229892139,0.4419772002459816,2.2625601489023683,-Inf,Inf
17,price,-0.21663769735646884,0.04232003616957963,-5.119033842229835,0.20855821325350615,4.794824353354439,-Inf,Inf
18,canon,0.4451736290103882,0.10030447092235834,4.438223191017868,0.2327671838451561,4.296138242000775,-1.5171142172341652,2.4074614752549417
18,sony,0.35061980031047874,0.09872135081515249,3.55161064364876,0.3352627929624037,2.982734800852595,-1.5806969703982687,2.281936571019226
18,nikon,0.3857696403497947,0.10070189286979063,3.8308082336506013,0.2969488152716581,3.3675837335305365,-1.5842930961873447,2.355832376886934
18,panasonic,0.32593779133833595,0.11084470978153012,2.940490276719065,0.4445279074753657,2.24957754773904,-1.8425520558706334,2.494427638547305
18,pixels,0.08506140628005834,0.032143869524963904,2.6462715141995297,0.5117645547813924,1.9540235654404874,-0.5437792019210616,0.7139020144811782
18,zoom,0.07959822922085172,0.031307553592180924,2.5424608469162346,0.5379593497433361,1.858876512653059,-0.5328812679008724,0.6920777263425758
18,video,0.07702198011191107,0.03197957392189142,2.4084742435916615,0.5736907074105257,1.743099525724778,-0.548604461640436,0.7026484218642581
18,swivel,0.06108071115283488,0.027742136376955037,2.201730620990447,0.6329759610337401,1.5798388273179556,-0.4816474099445397,0.6038088322502094
18,wifi,0.08527733670297599,0.029931093893789975,2.8491219534301453,0.4643160066489884,2.1537056351278787,-0.5002740473230842,0.6708287207290362
18,price,-0.22043649790764902,0.040061095284175466,-5.50250801541923,0.16316489414891763,6.128769336174228,-1.0041642785390072,0.5632912827237093
19,canon,0.40253740925675274,0.10478240600866827,3.841650755981422,0.2731199045388139,3.6613955386685744,-0.8239946185236914,1.629069437037197
19,sony,0.3099025704173444,0.10287114017245165,3.01253169642942,0.4094999877600196,2.4420025149940487,-0.8942571064024973,1.514062247237186
19,nikon,0.34749170533753304,0.10294324466376634,3.3755658904332377,0.3413391925600724,2.9296372107167556,-0.8575119916886873,1.5524954023637534
19,panasonic,0.2901453099030572,0.11182515103626385,2.594633740391424,0.507276304946632,1.9713122616779923,-1.0188256756077796,1.5991162954138942
19,pixels,0.07809266122412721,0.03155731283220728,2.474629625131647,0.539448851821134,1.8537438658439702,-0.2913019382488703,0.44748726069712474
19,zoom,0.07980108613142649,0.0296691100541123,2.6897027240075784,0.4831013707519026,2.069958937279752,-0.2674911273543098,0.4270932996171628
19,video,0.07470872867310198,0.030280293015660605,2.467239291061798,0.5414905305764622,1.8467543632488197,-0.27973769615142235,0.4291551534976263
19,swivel,0.061515518119006504,0.026713351868233606,2.3028004281319023,0.5887073186129397,1.6986369429823158,-0.2511780235147537,0.37420905975276675
19,wifi,0.08752411517966387,0.02832773311282715,3.089697111698354,0.39377718453785576,2.5395072118604807,-0.24406659036707462,0.4191148207264023
19,price,-0.21737166720525986,0.038229464186750446,-5.685972111547314,0.13367626186400466,7.480759755365904,-0.664867234600953,0.23012390019043327
20,canon,0.35267507800685954,0.11091499607220234,3.1796879637202404,0.35702051886832137,2.8009594607329182,-0.6776707899328949,1.3830209459466138
20,sony,0.2633146710606906,0.10840366288455244,2.429020053880606,0.53720928400992,1.8614719249370497,-0.7437021443203762,1.2703314864417574
20,nikon,0.29162100927078227,0.11254539693153608,2.591141150341155,0.4919550356257577,2.032706096255359,-0.7538704823266278,1.3371125008681923
20,panasonic,0.2424176229659979,0.11653653022857235,2.0801856936234926,0.6463391987321183,1.5471752323882493,-0.8401495378071216,1.3249847837391173
20,pixels,0.08483903416255362,0.030700834321245284,2.763411354715014,0.44777819450544004,2.2332485419583135,-0.20035664636207334,0.3700347146871806
20,zoom,0.07893602936914913,0.02835027489104309,2.7843126626644445,0.44268982216363906,2.258917982601264,-0.1844241078834114,0.34229616662170964
20,video,0.07629889942224438,0.028518032596509556,2.675461540484491,0.46983074993519514,2.128426034562302,-0.1886196245657753,0.34121742341026406
20,swivel,0.07693673549379908,0.02978338618779633,2.5832098139775566,0.49408581318811917,2.0239399175366692,-0.19973630222486483,0.353609773212463
20,wifi,0.07544095960764638,0.029262840356600282,2.578046378557731,0.4954775879270497,2.018254759380221,-0.19639646286294984,0.3472783820782426
20,price,-0.20454849151869875,0.038620284906228285,-5.296400376521077,0.13296186148633524,7.520953669129941,-0.5633119805052089,0.15421499746781137
21,canon,0.31139391673692435,0.1140293682764549,2.7308220806939416,0.4397732311793455,2.2738992032741216,-0.6034486125890677,1.2262364460629165
21,sony,0.22640497450127653,0.11050491566856795,2.0488226531055145,0.6463336044860145,1.5471886237374777,-0.6601613380305316,1.1129712870330846
21,nikon,0.2512626088373672,0.11486137407845934,2.187529192065342,0.5991672036424792,1.6689832052234557,-0.6702549929179861,1.1727802105927205
21,panasonic,0.21013879904875044,0.11662082844603368,1.8018976699860456,0.7356641079720915,1.3593160100695525,-0.7254946722250849,1.1457722703225857
21,pixels,0.08706523698416826,0.029547573777431318,2.9466120514662837,0.38805977318310547,2.5769226008596138,-0.14999103666330346,0.32412151063163996
21,zoom,0.08169968047700873,0.02709197778043513,3.0156410557818103,0.3728531385659716,2.682021140672423,-0.13565567149694852,0.299055032450966
21,video,0.08240990429437282,0.027840730509225448,2.9600482022935806,0.3850502897454722,2.5970633619339045,-0.14095259172150854,0.30577240031025416
21,swivel,0.07212306085252221,0.029013070628375465,2.4858816833397896,0.5064411001987055,1.974563280128022,-0.16064496477423387,0.3048910864792783
21,wifi,0.07611826742663651,0.02788821821194766,2.729405903530491,0.44013404859531513,2.272035083837511,-0.14762521614295065,0.2998617509962237
21,price,-0.20058525115627998,0.03717541043399066,-5.3956432172401385,0.11183090620907284,8.942071864556437,-0.49883864871707573,0.09766814640451574
22,canon,0.2741379834059263,0.11418520440297712,2.400818782426936,0.5185750813989994,1.9283610722332125,-0.5502311029262369,1.0985070697380896
22,sony,0.19611420220316428,0.10906974491090758,1.7980623532525726,0.7298480612892599,1.3701481897938084,-0.5913234209880824,0.9835518253944111
22,nikon,0.2261749592659142,0.11178191544061007,2.023359130807535,0.6455274145600622,1.5491208854104466,-0.5808433929106509,1.0331933114424792
22,panasonic,0.17998806187405642,0.11449978328388874,1.5719511138968463,0.8187341255722304,1.2213977270106815,-0.6466521514924053,1.0066282752405182
22,pixels,0.08303530447390205,0.028016883750460887,2.96375946780791,0.368271202085368,2.715390164469587,-0.11923479680587189,0.28530540575367597
22,zoom,0.0816754830089691,0.025779409939206358,3.1682448590397625,0.3249400333761789,3.0774909130458323,-0.10444099967266754,0.2677919656906057
22,video,0.083550771145139,0.026308307856103507,3.1758321972712995,0.32343860403002694,3.0917768860613912,-0.10638413174947685,0.2734856740397548
22,swivel,0.0705073500775483,0.027762258635221672,2.5396834963599253,0.47708888168767866,2.0960454925349525,-0.1299244651063652,0.2709391652614618
22,wifi,0.07554350155071057,0.02670908983480876,2.828381723897537,0.4001392494895744,2.4991299935600417,-0.11728487843956853,0.2683718815409897
22,price,-0.19976963099389594,0.03531706961304323,-5.656461115905195,0.08728159687901003,11.457168930882446,-0.4547439997053186,0.05520473771752671
23,canon,0.27691957544944273,0.10928029673616606,2.5340302297861244,0.4656171936297235,2.1476870134551733,-0.450436428088765,1.0042755789876505
23,sony,0.19972583560566892,0.10379367845217122,1.9242581878211769,0.6737389510316699,1.4842543962594703,-0.4911119220348277,0.8905635932461655
23,nikon,0.22817925180839396,0.10669627971719013,2.1385867662228466,0.5944263378970391,1.6822942326845727,-0.48197785725266296,0.9383363608694508
23,panasonic,0.17901703925660356,0.10871173579613186,1.6467130981361193,0.7839158509419338,1.2756471230916235,-0.5445546936906336,0.9025887722038408
23,pixels,0.08626294078954898,0.02697078905112498,3.198384023026974,0.30370072024412,3.292715273102357,-0.09325126188378614,0.2657771434628841
23,zoom,0.07926408066631573,0.024660421709305005,3.2142224330416607,0.3006153845580449,3.32650972427831,-0.08487260559609235,0.2434007669287238
23,video,0.08197228629443763,0.025417389146516894,3.2250474595133944,0.29852555211352977,3.3497970037074025,-0.08720268066799698,0.25114725325687226
23,swivel,0.07957194012281801,0.028055253342209385,2.8362581207955553,0.38374141069661877,2.6059215193498826,-0.10716032139828374,0.26630420164391977
23,wifi,0.07654623935592107,0.025616964051096338,2.988107380844964,0.34789227931992933,2.874452982845239,-0.09395707324005338,0.24704955195189554
23,price,-0.2006270528901172,0.03360226703973166,-5.970640393188166,0.06576161089567951,15.206440146156748,-0.4242795446366393,0.023025438856404873
24,canon,0.2299286618984892,0.11487330368496568,2.0015848288742277,0.6359206219680043,1.5725233078701986,-0.4862366155354317,0.9460939393324101
24,sony,0.15362626665412993,0.10975484460468,1.3997219640505894,0.8836735381487826,1.1316396348077944,-0.5306285272324573,0.8378810605407172
24,nikon,0.18288824456487845,0.11179809566974462,1.6358797837231196,0.783638578472445,1.2760984814572436,-0.5141049786951009,0.8798814678248579
24,panasonic,0.13169146846749308,0.11462573486381981,1.1488822176272027,0.9884222217507448,1.0117133933196565,-0.5829303677334139,0.8463133046683999
24,pixels,0.0860166271130401,0.025708028680386588,3.3459052104864315,0.2619364354873774,3.817720120300674,-0.07425731732456438,0.2462905715506446
24,zoom,0.07714137200959507,0.023567362887074502,3.2732288452987324,0.2751584484454367,3.634269656809385,-0.06978682139115384,0.224069565410344
24,video,0.08151276786605478,0.024088339820317953,3.3839097452992863,0.25528979305745475,3.9171170457838986,-0.06866340028569627,0.23168893601780582
24,swivel,0.07849179466378461,0.026914019689279672,2.9163906235473727,0.3506485613460776,2.8518582713163787,-0.08930077122685437,0.2462843605544236
24,wifi,0.07404764892141122,0.0247026965455724,2.997553274591117,0.33184950069802926,3.01341420703225,-0.07995866026808585,0.22805395811090828
24,price,-0.19397905449035083,0.032827865577593963,-5.908975532748237,0.05802185008186778,17.234886488262923,-0.39864085757922635,0.010682748598524694
25,canon,0.23702180705137293,0.11022721707686399,2.1503020155729065,0.5711667915349948,1.7508020683634773,-0.41389006806162093,0.8879336821643669
25,sony,0.16270480594240608,0.10560434040253543,1.5407018814020237,0.8204517497210815,1.2188407183481018,-0.4609081369803192,0.7863177488651314
25,nikon,0.186053420083666,0.1073241865973661,1.7335646882809175,0.7374580689696464,1.3560093001588134,-0.44771552914376855,0.8198223693111005
25,panasonic,0.14563963683707812,0.11084773527990972,1.3138711085915542,0.9193209831809691,1.0877593553231768,-0.5089365117448231,0.8002157854189794
25,pixels,0.08805765703604676,0.024801708713503342,3.5504673509895546,0.21514201715216438,4.648092516919769,-0.0584009686358265,0.23451628270792002
25,zoom,0.07809875546731931,0.022623016084991527,3.4521814056053866,0.23064688709180958,4.335631894316212,-0.05549429179545212,0.21169180273009075
25,video,0.08450830980173353,0.0230760422654763,3.662166537464055,0.19886533672849588,5.028528432610989,-0.05175993990590226,0.2207765595093693
25,swivel,0.07515243633443831,0.02593960771227208,2.8972078979777147,0.34242906352632385,2.920312866267924,-0.07802569102331415,0.2283305636921908
25,wifi,0.08193243361071159,0.02484438429611781,3.297825079268089,0.2574098612062058,3.8848550530040513,-0.06477819918097996,0.22864306640240314
25,price,-0.1963747649226479,0.031604030067466,-6.213598851268058,0.04291289489945717,23.303018879125997,-0.38300234219330326,-0.009747187651992562
26,canon,0.21393271959480642,0.10821984740957787,1.9768344228498012,0.6301260099671715,1.586984165360986,-0.39639380770922095,0.8242592468988338
26,sony,0.13659063525293216,0.1046864721678978,1.3047591768482367,0.9228379266737889,1.0836138948085159,-0.4538087465917702,0.7269900170976344
26,nikon,0.15969532036188072,0.10632567131536562,1.5019450936568166,0.8346370066624678,1.1981256426656457,-0.43994863858379807,0.7593392793075595
26,panasonic,0.12103063129469244,0.10892260654878184,1.1111617241778722,1,0.992762644611233,-0.4932592405827036,0.7353205031720884
26,pixels,0.08451001099281205,0.023870930152782126,3.540289819119701,0.20465490806156092,4.886274213854653,-0.05011466509386939,0.2191346870794935
26,zoom,0.07945318952583588,0.0219171656188912,3.625158056813345,0.19217521976254467,5.2035845268480445,-0.04415285780020395,0.2030592368518757
26,video,0.08078116516846733,0.022655885085362967,3.5655709262339395,0.2008502165723434,4.978834561723334,-0.04699103187424354,0.2085533622111782
26,swivel,0.0727184492711682,0.024962806054527272,2.913071916367348,0.3265812506177387,3.062025141089602,-0.06806406979266096,0.21350096833499738
26,wifi,0.08355576011930702,0.023876362248575967,3.4995180274704722,0.21095113213803093,4.740434383379718,-0.05109955131053184,0.21821107154914587
26,price,-0.19433391482349385,0.03036621470542656,-6.399675320373916,0.03323203378236389,30.09144750360407,-0.3655899904155133,-0.023077839231474356
27,canon,0.21818176007476314,0.10459929853456833,2.085881675417333,0.5790502268395143,1.7269659066676322,-0.3487762188974715,0.7851397390469979
27,sony,0.13899484484595995,0.10128918687034422,1.372257485133937,0.8916556196207025,1.1215092217165477,-0.41002138647009223,0.6880110761620121
27,nikon,0.15929979988430248,0.10245739144860891,1.5547907050142389,0.8079331250396429,1.2377262040728099,-0.3960484328504798,0.7146480326190847
27,panasonic,0.1238773323495958,0.10543479321737326,1.1749189102519493,0.9810928416474403,1.0192715281877003,-0.44760926568071574,0.6953639303799073
27,pixels,0.08710761037735562,0.023232623264465495,3.74936611271907,0.1646024645782325,6.075243177933819,-0.0388198223758533,0.21303504313056454
27,zoom,0.08720221697790233,0.022421318072630706,3.8892547126544037,0.1478215201714718,6.76491487058182,-0.03432771064538147,0.2087321446011861
27,video,0.08439394656966524,0.022259167421390353,3.7914242240958815,0.15935189412254835,6.275419602047263,-0.036257078357288516,0.205044971496619
27,swivel,0.07484806404200045,0.024246886111887207,3.086914488590997,0.275609270501525,3.6283249768061294,-0.056576962119359225,0.20627309020336013
27,wifi,0.08228954165463283,0.023055564517360176,3.5691835518783837,0.18926036100443852,5.283726580108066,-0.04267818227811003,0.20725726558737567
27,price,-0.1947193939863478,0.029356010303060582,-6.633033303100008,0.02488294358180513,40.18817133561395,-0.3538373279045268,-0.03560146006816878
28,canon,0.20192926825177554,0.1021957369116852,1.9759069639693227,0.6166931318342158,1.6215520303035054,-0.3331088382996061,0.7369673748031571
28,sony,0.1277323099109339,0.0979717640692998,1.3037665609510014,0.922798288060166,1.083660441223966,-0.3851915040093632,0.6406561238312309
28,nikon,0.1463268108999052,0.09952267832519121,1.4702861032515733,0.8446344433469368,1.183944140422943,-0.37471669814635167,0.667370319946162
28,panasonic,0.10730902935443849,0.10257944521356782,1.0461065482565615,1,0.9615781497066698,-0.42973795319814795,0.644356011907025
28,pixels,0.09810212011453265,0.025017520375312845,3.9213366729717665,0.1347501604067945,7.421141444144634,-0.03287522920274105,0.22907946943180635
28,zoom,0.08792458916546526,0.02160233496546984,4.07014284826191,0.11967599118145245,8.355894863521979,-0.025172813390591103,0.20102199172152163
28,video,0.08185753447308833,0.021673998033828256,3.7767621066185875,0.15136087939293077,6.606726942990425,-0.031615054696058215,0.19533012364223487
28,swivel,0.08082487137124968,0.024015828039401266,3.3654834319535167,0.2113433116851558,4.731637788896432,-0.04490819294012101,0.20655793568262037
28,wifi,0.09040113735176235,0.023777443835016045,3.8019703875246833,0.14831502201284136,6.74240536412703,-0.03408388435822031,0.21488615906174502
28,price,-0.1887432042453932,0.028818279972676254,-6.549426420464652,0.02190178468938207,45.658379633546375,-0.3396191450292332,-0.037867263461553224
29,canon,0.1924432318324224,0.09895089035110066,1.9448357781278094,0.6236443195686148,1.6034780861817466,-0.30995145269666247,0.6948379163615073
29,sony,0.12635571998037928,0.09463332005445563,1.3352138539329421,0.9076703104601459,1.1017216146389621,-0.35411774322953826,0.6068291831902969
29,nikon,0.1363120061370052,0.0966474529969853,1.410404536385011,0.8715620526750618,1.1473652357060833,-0.3543876377638734,0.6270116500378838
29,panasonic,0.09952257463501113,0.09935743000021702,1.0016621266753152,1,0.9412679985223263,-0.4049361980295283,0.6039813472995506
29,pixels,0.10197496640076437,0.024555911801928405,4.152766438620135,0.10399414713084278,9.615925776494187,-0.022700612760576916,0.22665054556210565
29,zoom,0.09039665209196483,0.020975108319358563,4.309710858967771,0.09141516675471298,10.939103821614417,-0.016098427332556106,0.19689173151648576
29,video,0.07838838112216172,0.020974746412449327,3.737274319351731,0.1471900610958361,6.793936985656223,-0.028104860824122807,0.18488162306844624
29,swivel,0.07623584914052958,0.023588283020653904,3.2319371899081193,0.22573138118110958,4.430044217900198,-0.04352687320280067,0.19599857148385985
29,wifi,0.09246664983562956,0.023009050513323307,4.018707759456961,0.11623145800202048,8.60352280862395,-0.02435518605628223,0.20928848572754136
29,price,-0.18944011355331616,0.027867590163235027,-6.797864919200638,0.01598575829704411,62.55568121437865,-0.33092978705667897,-0.04795044004995333
30,canon,0.20791291352307747,0.09668416866384047,2.1504338962252065,0.5312654008766745,1.8822983735621348,-0.2697106355178742,0.6855364625640291
30,sony,0.12726712143421176,0.09134690688583717,1.3932285807254172,0.8789021805687013,1.1377830458367293,-0.3239901470894628,0.5785243899578862
30,nikon,0.15841428676829908,0.0959182068204303,1.6515559664795287,0.7530170162228579,1.3279912385194317,-0.3154253810112694,0.6322539545478676
30,panasonic,0.10231387412654416,0.09570793085464167,1.0690219004100652,1,0.9662656205136034,-0.3704870222135431,0.5751147704666315
30,pixels,0.09236282799887428,0.025334171794663178,3.6457804402483434,0.150479327851353,6.64543106537413,-0.03278896481067213,0.2175146208084207
30,zoom,0.08965709811316876,0.020353748004879806,4.40494291722947,0.07786116700294364,12.843372871128347,-0.010891207702813932,0.19020540392915145
30,video,0.07581082989156612,0.020495484972921495,3.698903928925171,0.14360736124399798,6.96343134040975,-0.025437662052527676,0.17705932183565992
30,swivel,0.07300609020079071,0.022863886697479616,3.193074352001512,0.22402520296655745,4.463783479527883,-0.03994239826673833,0.18595457866831977
30,wifi,0.0916819772666054,0.02229261209061119,4.112661939029496,0.10003781890443017,9.996219539285807,-0.018444392450974456,0.20180834698418526
30,price,-0.1861341145110138,0.02703576240704726,-6.884737027519345,0.012700331175994613,78.73810423858384,-0.3196918310465777,-0.05257639797544991
31,canon,0.2331839699263303,0.09673951011507205,2.410431577014986,0.4259504433813017,2.3476909474767735,-0.23308132436044213,0.6994492642131027
31,sony,0.13838710609708046,0.08890532477115819,1.556567128608867,0.7965125021245301,1.2554730746004736,-0.2901189651945364,0.5668931773886973
31,nikon,0.16446549106314767,0.09294068908300702,1.769574689899927,0.6929329120940121,1.4431411505307852,-0.2834902376247122,0.6124212197510075
31,panasonic,0.12077818120085579,0.09441056749633416,1.2792866773684572,0.9350540106664692,1.0694569389496975,-0.33426207055457513,0.5758184329562867
31,pixels,0.08849855204151237,0.02493818866172291,3.548716117355664,0.15582437374956815,6.417481270337988,-0.03169858211293966,0.2086956861959644
31,zoom,0.08709868852078846,0.02007299275904858,4.339098288247317,0.07610508200694877,13.139726988385547,-0.00964916419090156,0.18384654123247848
31,video,0.07393689030825483,0.020150289363817055,3.6692718885228466,0.13956494059053462,7.165123244911986,-0.02318351674164583,0.1710572973581555
31,swivel,0.07267451521642533,0.022145377459422445,3.2817013550384835,0.19877394147045035,5.030840524680443,-0.034061821632157985,0.17941085206500865
31,wifi,0.08310118434246119,0.022984391688039386,3.6155485631453703,0.14658988643445803,6.821753016686531,-0.027679035049578568,0.19388140373450097
31,price,-0.18564432038198023,0.026175362599309,-7.0923304186388245,0.009319452360707824,107.30244238557907,-0.31180438808247085,-0.0594842526814896
32,canon,0.23649249710967443,0.09385924639578047,2.519650499988525,0.3811287757641799,2.6237850920465298,-0.2059060771806859,0.6788910714000348
32,sony,0.13629776401767477,0.08591444716067231,1.5864359083028077,0.7792135971429902,1.2833451619254717,-0.26865359021069923,0.5412491182460487
32,nikon,0.17311445947334356,0.09048531075386466,1.913177487385153,0.6212865192614913,1.6095633318886053,-0.2533813202064894,0.5996102391531765
32,panasonic,0.12386390910204036,0.09121740557892982,1.357897742387134,0.8954644966733298,1.116738858676164,-0.3060825450642301,0.5538103632683108
32,pixels,0.08562541436038001,0.024289406845413655,3.525216358939118,0.15166691863894724,6.593395639431191,-0.028860897552439674,0.2001117262731997
32,zoom,0.08816729253231012,0.019433411510276177,4.536892170769307,0.05870855604273305,17.033292375171268,-0.003430646678616242,0.1797652317432365
32,video,0.07778011548058551,0.0199911585404672,3.8907257587467345,0.1072945748758251,9.320135721282526,-0.01644672285798486,0.17200695381915587
32,swivel,0.07372356629148488,0.02146365867563732,3.4348089207720225,0.16519782940693822,6.05334830118537,-0.0274437918728542,0.17489092445582397
32,wifi,0.08598947651950367,0.022480124853877733,3.825133404660376,0.1141631267403015,8.759395687145132,-0.019968919345817265,0.1919478723848246
32,price,-0.1853728427370491,0.025246836344078098,-7.342418678153716,0.006595046075492237,151.62896339967764,-0.30437192735429275,-0.06637375811980542
33,canon,0.2236049815360567,0.09195779465866818,2.4316044372969214,0.4037305866051327,2.4768992817927034,-0.20110692142888245,0.6483168845009959
33,sony,0.12513085793927434,0.08402427155653593,1.4892227641042952,0.8269377225363069,1.2092809080385067,-0.26293965202108294,0.5132013678996317
33,nikon,0.1599524225823604,0.08861030847034589,1.8051220602159364,0.6677127770321126,1.4976499393120144,-0.2492989396587784,0.5692037848234992
33,panasonic,0.11502757696455251,0.088986526350828,1.2926403769381678,0.9291249892553576,1.0762814600449448,-0.2959613673112804,0.5260165212403854
33,pixels,0.08391748036708442,0.023501568361370833,3.5707183059756256,0.138363085750791,7.227361218303004,-0.024625747082721985,0.19246070781689084
33,zoom,0.08525129118973389,0.018984618010049005,4.490545511350735,0.05648407997486601,17.70410353581,-0.002430163895599982,0.17293274627506777
33,video,0.07792105653247014,0.01928758582741604,4.039959030108914,0.08736835574301999,11.445791688484327,-0.011159671324994735,0.16700178438993502
33,swivel,0.07194857641135328,0.020904527818488755,3.44176998572143,0.15694881820070944,6.371503853703308,-0.024600082931000425,0.168497235753707
33,wifi,0.08904566234328722,0.02200583032195024,4.046457735996741,0.08681552588738467,11.51867698523395,-0.012589420436267623,0.19068074512284205
33,price,-0.18632322485026845,0.02447104460650241,-7.614028246295579,0.004555676198127965,219.50638204069983,-0.29934402924151277,-0.07330242045902412
34,canon,0.22961866259490255,0.08914461075693293,2.5757997106633246,0.348303731700017,2.8710573817832894,-0.17450453088980505,0.6337418560796102
34,sony,0.13295248458317646,0.08162900796301317,1.6287406634099781,0.7527221579472912,1.3285114426909486,-0.2370998954642171,0.50300486463057
34,nikon,0.16815476783757924,0.08604350623687107,1.9542993445044214,0.5925494676450573,1.687622813963963,-0.22191005182804927,0.5582195875032078
34,panasonic,0.1256410654655123,0.08669494920046257,1.4492316637154443,0.8466906585569536,1.1810688943992098,-0.26737696930290655,0.5186591002339311
34,pixels,0.08547702870231037,0.02267643784093844,3.7694204575639376,0.10789532906524835,9.268241810498234,-0.017323066551062027,0.18827712395568277
34,zoom,0.08400202082732992,0.018436301862720987,4.5563378953555596,0.04887374726472284,20.46088249758172,4.239209113860165e-4,0.16758012074327383
34,video,0.0794693521198791,0.01875502137920163,4.2372306868179095,0.06721636026257241,14.877330401313364,-0.0055536130294467495,0.16449231726920494
34,swivel,0.07892222951407717,0.02138727365612585,3.6901491411679705,0.11692220199456092,8.552695578265954,-0.018033640913263815,0.17587809994141815
34,wifi,0.09099401484940241,0.021473963529272777,4.2374112597034825,0.06720415171079462,14.880033071518938,-0.006354850601209744,0.18834288030001456
34,price,-0.19015655115207528,0.024007590804148517,-7.920684449487376,0.003044375831924238,328.474556102338,-0.29899122081147533,-0.0813218814926752
35,canon,0.2110757576447457,0.08866007548361644,2.3807306331895752,0.4087248713403608,2.4466335917377093,-0.18402392766351297,0.6061754429530044
35,sony,0.114205021200966,0.08157273436765537,1.4000391440384246,0.8722878058942041,1.1464106149860425,-0.24931104285145522,0.4777210852533872
35,nikon,0.14981166113814115,0.08566892282838462,1.7487281991189478,0.6883965764154673,1.4526510361325085,-0.23195842269679773,0.53158174497308
35,panasonic,0.10992133100522218,0.08585014996794516,1.2803860103478533,0.9367359379670861,1.0675367085522631,-0.2726563630806567,0.49249902509110105
35,pixels,0.08957501739987288,0.022418301629260017,3.995620135780534,0.08077767340126557,12.37965836218715,-0.010328618713126278,0.18947865351287202
35,zoom,0.08108387546502765,0.018166205476277456,4.4634459062412315,0.04963466621805037,20.147209122086036,1.290372498412018e-4,0.1620387136802141
35,video,0.07980905291335832,0.0181042625108514,4.408301794426704,0.052545824710359776,19.031007801516967,-8.697462164404951e-4,0.16048785204315713
35,swivel,0.07439250899858567,0.02122095355115703,3.505615749982619,0.1348010168420323,7.418341667050319,-0.020175333677712015,0.16896035167488335
35,wifi,0.0925425565884621,0.020942314889719985,4.418926803258446,0.05197135119896265,19.241370041961886,-7.835767068320176e-4,0.1858686898837562
35,price,-0.18750288784441438,0.023486475775249458,-7.98344075282716,0.002361434486295,423.471413585122,-0.2921666740772139,-0.08283910161161485
36,canon,0.2340094218253069,0.08920457026511219,2.6232896042191656,0.3200086948541321,3.1249150916221975,-0.15727544458886497,0.6252942882394787
36,sony,0.14034729189552891,0.08349221467815024,1.6809626195274174,0.7204316339371813,1.3880567605491847,-0.2258810299255592,0.5065756137166171
36,nikon,0.1725812652468006,0.08624086463304455,2.0011541626018596,0.5614219960780219,1.7811913444535366,-0.2057036712435111,0.5508662017371123
36,panasonic,0.13577959428951253,0.08744969838248556,1.5526593779162363,0.7887787939029889,1.267782561764698,-0.24780774263567867,0.5193669312147038
36,pixels,0.0849156987563183,0.022172214222114513,3.82982492887984,0.09110441894000597,10.976415981079024,-0.012339989536588783,0.18217138704922536
36,zoom,0.07967991689963129,0.017610992263290392,4.524442218154952,0.04313989899099683,23.180397344200944,0.0024314672441586027,0.15692836655510398
36,video,0.07901538738824238,0.017585362174523368,4.493247657003914,0.044599232968233087,22.42191027617616,0.0018793609620905982,0.15615141381439415
36,swivel,0.07010243929506209,0.021143072701864836,3.315622108648333,0.15800965217103088,6.328727304061098,-0.022639046406257995,0.16284392499638217
36,wifi,0.0909894241737786,0.020430516652879392,4.453603681185171,0.046528336177738806,21.492279375303426,0.0013734778659140329,0.18060537048164316
36,price,-0.1938806313696184,0.023704111217282747,-8.179198519295648,0.001666374116144734,600.1053366776757,-0.29785579725580635,-0.08990546548343041
37,canon,0.22731632100161125,0.08693897052485143,2.614665432881254,0.3164966098652283,3.159591505342896,-0.14847676932663045,0.603109411329853
37,sony,0.12727402039018695,0.08201840509917838,1.5517739004591047,0.7877053395233012,1.269510246820434,-0.22724996039704162,0.48179800117741556
37,nikon,0.16167485279827315,0.0844760336436787,1.9138546854628655,0.5987380785142357,1.670179392099953,-0.2034722101354443,0.5268219157319907
37,panasonic,0.12789087811723285,0.08550055884584704,1.4957899672657498,0.8185091301313666,1.221733470266245,-0.24168468781712635,0.497466444051592
37,pixels,0.09045238500509187,0.022214753930988585,4.0717257227375745,0.06607554793065953,15.13419156280644,-0.005570733053585214,0.18647550306376895
37,zoom,0.08761400835301804,0.01891271048071239,4.632546373634217,0.03551151618808621,28.159879029200415,0.005863949948558003,0.16936406675747806
37,video,0.07688015941215734,0.01724876189032014,4.457140744420725,0.04307577399134757,23.214904976538907,0.002322507119201511,0.15143781170511317
37,swivel,0.0687819894619697,0.02062292967007915,3.3352191256202697,0.1491156432957323,6.706204512807276,-0.02036047939353293,0.15792445831747232
37,wifi,0.08967091820177489,0.019879514628424945,4.510719697027106,0.04060252171183919,24.629012136170168,0.0037418556497190447,0.17559998075383074
37,price,-0.19110386517438077,0.023233342409761718,-8.22541422598268,0.0012959592623340568,771.6291931885063,-0.2915298247884623,-0.09067790556029924
38,canon,0.24176642834458634,0.08576111187481361,2.819068259020421,0.25164469297644765,3.973856901856435,-0.12391092556385441,0.6074437822530271
38,sony,0.13682678473900586,0.08044048646750881,1.700969135663698,0.7047371437773462,1.4189687727257623,-0.20616392043613377,0.4798174899141455
38,nikon,0.1695575799033524,0.0826357192876867,2.051867901252935,0.5288957123665918,1.8907319091799957,-0.18279339254615967,0.5219085523528645
38,panasonic,0.13830236512134336,0.08389344573364722,1.6485479158936764,0.7330366437413753,1.3641882824521017,-0.2194114351722254,0.4960161654149121
38,pixels,0.08807156037873512,0.021778886133394033,4.043896452706694,0.06433692851616911,15.5431728412195,-0.004791571619343016,0.18093469237681326
38,zoom,0.08667877133411461,0.018391018997295127,4.7131032460388935,0.029985395329858104,33.34956864831611,0.008261187704513798,0.16509635496371544
38,video,0.07754773215783678,0.016747968095330787,4.630277041156804,0.03293028838329725,30.367180158289028,0.006135963786837437,0.1489595005288361
38,swivel,0.0670471767656512,0.020151759844492377,3.327112732736128,0.1451117622729479,6.891240133374238,-0.018878041033402196,0.15297239456470457
38,wifi,0.08619911631746378,0.019604084070360673,4.396997891260211,0.04294117538701682,23.287671820514444,0.0026091367575854923,0.1697890958773421
38,price,-0.19589439165837175,0.023148081154162496,-8.462662211772397,8.742707324627008e-4,1143.8104500915147,-0.2945956430701776,-0.09719314024656589
39,canon,0.2506232227551546,0.08391670210380558,2.986571403212817,0.20516243818196422,4.874186565832643,-0.10266316399308772,0.6039096095033969
39,sony,0.14184048239676295,0.0782416371666642,1.812851667388113,0.6427669763737098,1.5557737667882179,-0.187554079054005,0.4712350438475309
39,nikon,0.17175631449556425,0.08039912265634507,2.1362958801144245,0.4861635170118414,2.0569211078330323,-0.1667211855598245,0.510233814550953
39,panasonic,0.1397609272392351,0.08177958455158356,1.7089953196213543,0.6979769906023369,1.4327119854438535,-0.20452826921014622,0.48405012368861644
39,pixels,0.08884361777405582,0.021170713338060625,4.196533973861576,0.05079808991972898,19.685779555495053,-2.843464163657522e-4,0.17797158196447738
39,zoom,0.08829810168242089,0.017988621684156828,4.908552930444245,0.02207977260854022,45.29032149602894,0.012566632284165727,0.16402957108067606
39,video,0.0773085730532569,0.01635744374426849,4.7262013711858355,0.02727945465554113,36.65762430470271,0.008444305845737729,0.1461728402607761
39,swivel,0.07180662245103804,0.020212535022458625,3.552578752306527,0.10811040977973337,9.24980306741435,-0.01328744447587088,0.15690068937794696
39,wifi,0.08435972410021557,0.01915170926417651,4.404814365995592,0.039745896564984215,25.15982998056185,0.0037316965875981434,0.164987751612833
39,price,-0.1964338826788946,0.02255777428239372,-8.70803476530088,5.808109133896271e-4,1721.7307336116926,-0.29140132502965754,-0.1014664403281317
40,canon,0.23474985675641305,0.08354559710742127,2.8098411512287877,0.24309563809700735,4.113607335072586,-0.11281004654225948,0.5823097600550856
40,sony,0.12566408764382078,0.0782434729191955,1.606064799470213,0.7528836104119673,1.3282265494567136,-0.19983833047382119,0.4511665057614628
40,nikon,0.1553664222422079,0.08014794366319009,1.9384954265964998,0.5753059438229857,1.738205576940271,-0.1780588271260962,0.48879167161051196
40,panasonic,0.12685613036744853,0.08103751058980689,1.5654001393202326,0.7759251177418952,1.28878415859279,-0.2102698262277738,0.46398208696267085
40,pixels,0.08812079386880499,0.020747703351028487,4.247255340887489,0.044989665988893916,22.227326609778753,0.0018078100609191516,0.17443377767669083
40,zoom,0.09092569624876269,0.017740188646363213,5.1254075174337395,0.015690116965619803,63.73438784371084,0.017124341492720047,0.16472705100480534
40,video,0.0789716842469544,0.016058223696712795,4.917834359420484,0.020062060027737222,49.84532987227777,0.012167509420101918,0.14577585907380688
40,swivel,0.07247058599647296,0.01980418793649682,3.659356608251434,0.09144014136370619,10.936116076444664,-0.00991725827576756,0.1548584302687135
40,wifi,0.0844879096484281,0.01862003478448787,4.537473244615739,0.03166492312309646,31.580686177968257,0.007026287334645387,0.16194953196221082
40,price,-0.1957951584244298,0.02205712695841915,-8.87672990201905,4.0479301478048036e-4,2470.398360362767,-0.287555504608295,-0.10403481224056459
41,canon,0.25240460454916286,0.0832485655522331,3.031939383877975,0.18510320731494914,5.402391533381274,-0.09007299261226642,0.5948822017105921
41,sony,0.14437841843927832,0.07823254720344448,1.8455032285197217,0.6196690354897234,1.613764675541197,-0.17746370110142354,0.4662205379799802
41,nikon,0.17083887419220314,0.07960486450718547,2.1460858610818,0.4730114876755172,2.114113559723931,-0.15664884331899318,0.49832659170339944
41,panasonic,0.14414346285491503,0.08075844317516936,1.7848717383303214,0.651946260714871,1.5338687561509772,-0.18808998027602092,0.476376905985851
41,pixels,0.08812161191643346,0.020198506815473118,4.362778532169896,0.03668624498352063,27.258172659785636,0.005026653648693966,0.17121657018417297
41,zoom,0.08809098117972777,0.01751461599126838,5.029569659057558,0.016097290736465545,62.122255003736626,0.01603732403735751,0.16014463832209802
41,video,0.07938151668595704,0.015636536826502533,5.076668674575847,0.015199042086933012,65.79362003739199,0.01505411927384466,0.1437089140980694
41,swivel,0.07329049685479401,0.019303674026094203,3.796712312677982,0.07405353031454011,13.503745138854697,-0.0061231945762759005,0.1527041882858639
41,wifi,0.08214339897307132,0.018332956213711456,4.4806412024065825,0.03168434742556962,31.561325425720735,0.006723158981090202,0.15756363896505243
41,price,-0.20104265139030422,0.022102743399796985,-9.095823434847947,2.694618325574333e-4,3711.1007169702198,-0.29197147881242497,-0.11011382396818346
42,canon,0.24522946911402255,0.0813531248799345,3.014382907552057,0.1842070376926913,5.4286742381052715,-0.08595521599972833,0.5764141542277734
42,sony,0.14167769832805796,0.0762690645254346,1.8576037245194028,0.6103800944667175,1.6383234136652003,-0.16881001995019215,0.45216541660630805
42,nikon,0.1642248168777093,0.07778729585306718,2.1112035722120277,0.48477251290874873,2.0628232281565753,-0.1524435486087939,0.48089318236421247
42,panasonic,0.14518991983025095,0.07865511149200193,1.845905715167852,0.6165725064289498,1.6218692685338447,-0.1750112816664431,0.46539112132694505
42,pixels,0.094381722551519,0.020560634523534866,4.590409038373029,0.025770298867059865,38.80436176385292,0.010680361596233562,0.17808308350680443
42,zoom,0.08455577640191325,0.017423211037027285,4.853053562986631,0.018458258762076688,54.17629110577561,0.013626716584181076,0.15548483621964543
42,video,0.08676748820653284,0.016916018593732245,5.129309105789354,0.013036506673312185,76.70766602276667,0.017903184596661736,0.15563179181640394
42,swivel,0.07612521701560111,0.019019903768430466,4.002397590567989,0.05455527892660968,18.330031844310557,-0.0013039026370004758,0.1535543366682027
42,wifi,0.08220787584947797,0.017922991680944602,4.586727333968463,0.02589150457990929,38.62270718620028,0.009244232905086705,0.15517151879386926
42,price,-0.19951700338102563,0.021613728247198323,-9.231031365765784,1.8983420711878217e-4,5267.754506300778,-0.28750545857862175,-0.11152854818342951
43,canon,0.25086207847945147,0.07976228725916232,3.1451214239174776,0.15359336380823263,6.510697957292865,-0.07065123573222493,0.5723753926911279
43,sony,0.15199202129700212,0.0752777573595775,2.0190827493835317,0.5248745173459048,1.9052172794682962,-0.15144462886400478,0.455428671458009
43,nikon,0.1724044707559438,0.07648921144810013,2.2539710828751924,0.41768555453419265,2.394145522018856,-0.1359154222557933,0.4807243637676809
43,panasonic,0.1543786316745213,0.0774869797506414,1.9923170598637694,0.5380970016578406,1.8584009888906041,-0.15796315946462383,0.46672042281366644
43,pixels,0.09367387879931503,0.020129338667705766,4.653599422498637,0.02214819789384684,45.150400262488965,0.01253465109744259,0.17481310650118748
43,zoom,0.08282041627994431,0.017110154698184513,4.840424750147469,0.017358184393955717,57.60971178231114,0.013851198712078364,0.15178963384781025
43,video,0.08443196473749284,0.016641157412922162,5.073683436942305,0.01282880585195818,77.9495778126037,0.017353225448553833,0.15151070402643185
43,swivel,0.074661458463509,0.018670181668410626,3.998967968792392,0.05212064139147086,19.186256602046388,-5.96062244753448e-4,0.14991897917177144
43,wifi,0.08152837710901241,0.017572343961373152,4.639584638692763,0.022557656203126174,44.33084674202163,0.010696123676615599,0.15236063054140922
43,price,-0.20334010550535903,0.021469245032270615,-9.471227572265196,1.2227100720998342e-4,8178.553712922633,-0.2898803535491485,-0.11679985746156957
44,canon,0.23913156442701453,0.07872131080814275,3.037697949540232,0.17064706153305884,5.860048166175271,-0.07523802782078129,0.5535011566748104
44,sony,0.14380354596656753,0.07371897881251045,1.9506991046675133,0.5559338388586476,1.798775196079153,-0.15058948525078925,0.4381965771839243
44,nikon,0.16303971672656786,0.07525658978622699,2.1664510335865157,0.45186882261281397,2.2130316365217677,-0.13749368651814342,0.46357311997127915
44,panasonic,0.14368964274255566,0.07634126592168211,1.8822014674208534,0.5917229377349341,1.6899801177691645,-0.16117536005154567,0.448554645536657
44,pixels,0.09250903562042764,0.019697515669206696,4.696482397780135,0.01950698547195514,51.263687125705964,0.013847998276743559,0.17117007296411174
44,zoom,0.07999874793417755,0.01700669605092193,4.703955882708965,0.019312660395704746,51.77950523183259,0.012083363292773569,0.14791413257558153
44,video,0.08194487222431986,0.016381183271446748,5.002378086273781,0.01296561554790006,77.12707478527405,0.016527441382347005,0.14736230306629272
44,swivel,0.07554409992296049,0.01825869811931406,4.1374307976016045,0.04126940462418054,24.231025601325992,0.0026289080413915283,0.14845929180452944
44,wifi,0.08095312141519306,0.017211362012604065,4.703469798375644,0.019325239789591615,51.745800356826116,0.012220413557743753,0.14968582927264237
44,price,-0.203065123791925,0.020927864072584308,-9.703098371034537,7.858589434156255e-5,12724.92994294422,-0.28663949555448337,-0.11949075202936667
45,canon,0.24762125028406037,0.07755816635878703,3.19271666556111,0.13722181425220167,7.287471058807658,-0.05938243803148943,0.5546249385996102
45,sony,0.14261347155518558,0.07228859263111771,1.972835081780185,0.5415685134781368,1.846488440728691,-0.14353130987541682,0.42875825298578796
45,nikon,0.1606172197631959,0.073687104897129,2.179719504347821,0.4421785812407698,2.2615297131624112,-0.13106338650671254,0.4522978260331043
45,panasonic,0.14125660170070495,0.0748630044870456,1.8868679218604991,0.5865384191959696,1.704918155865742,-0.15507864673187546,0.4375918501332854
45,pixels,0.09154348235176425,0.019333545482115796,4.734955750172423,0.017261042870787287,57.93392713787921,0.015014213418712438,0.16807275128481608
45,zoom,0.08096335195781586,0.0166397223435866,4.865667244082431,0.014429066630157866,69.30455209832648,0.015097223710329469,0.14682948020530223
45,video,0.08038184475814647,0.016142946935299832,4.97937861533666,0.01235104894834912,80.9647831679643,0.016482135906175116,0.14428155361011782
45,swivel,0.07472151995254406,0.01787003481986741,4.18138636582122,0.03690053432052077,27.099878590210267,0.003985363367209366,0.14545767653787875
45,wifi,0.07994539018077028,0.016817777104342232,4.753624077948384,0.016824470238041556,59.437235517758836,0.013374455839477509,0.14651632452206304
45,price,-0.20228966418663089,0.020524476180780547,-9.856020801936872,5.3400878386428166e-5,18726.28372821204,-0.28353307392758836,-0.12104625444567342
46,canon,0.24294095309825714,0.07595016126463543,3.198689101551354,0.1326295406121774,7.539798414322373,-0.05519575426259177,0.5410776604591061
46,sony,0.13967184185113207,0.07084052759540756,1.9716375158700357,0.5392402840830876,1.8544608582060562,-0.13840737869733455,0.4177510623995987
46,nikon,0.15503880695636524,0.07232085578967709,2.143763445046168,0.455021025077152,2.1977006443393314,-0.1288513317824549,0.43892894569518537
46,panasonic,0.14047241908762698,0.07327700725260473,1.9170054066670918,0.5678204280260375,1.761120154617165,-0.14717102108135405,0.428115859256608
46,pixels,0.09403224298288396,0.019110966385270517,4.920329044969587,0.012414422997052837,80.5514682589274,0.01901356629125961,0.1690509196745083
46,zoom,0.08312865830891879,0.016405052045746518,5.067259651301886,0.010107223767444983,98.9391372951458,0.0187318470373726,0.14752546958046497
46,video,0.08387036079158235,0.016128744091956308,5.200055274818948,0.008399385618657928,119.05632690308393,0.020558175835358877,0.14718254574780582
46,swivel,0.0732111636280148,0.01756087487878585,4.168992953560442,0.03564318694904747,28.05585262141448,0.004277255818461834,0.14214507143756777
46,wifi,0.07698644857342435,0.016685156643375786,4.614068073732405,0.019088138851142883,52.38855436867938,0.011490107543635109,0.1424827896032136
46,price,-0.20223586002088256,0.02010396465657597,-10.05950137077721,3.4570603155351e-5,28926.31046980201,-0.28115247754755646,-0.12331924249420864
47,canon,0.22604256427090946,0.0763956555396086,2.9588405606875634,0.17607059509116224,5.679540070176059,-0.07147513920016063,0.5235602677419795
47,sony,0.12126040203692331,0.07183713189311046,1.6879905814913638,0.6947706594765423,1.439323878117457,-0.15850444000576971,0.40102524407961637
47,nikon,0.1385099581351346,0.07279142614619936,1.9028334169046441,0.5728261302609967,1.745730418310998,-0.14497131820750955,0.42199123447777875
47,panasonic,0.1239471134305261,0.07373102259825415,1.6810714006489447,0.6988831449665861,1.43085436700267,-0.16319335762195292,0.41108758448300514
47,pixels,0.09292770211105984,0.01872082425051269,4.963868089756513,0.010829789180654208,92.33790088789077,0.0200207207028002,0.1658346835193195
47,zoom,0.0848843470820341,0.016179038021540255,5.246563298078772,0.007229772870888594,138.31693164616559,0.021876179895823925,0.1478925142682443
47,video,0.08665243423529137,0.016019576185989894,5.409158970826847,0.005739896366371907,174.21917333885304,0.024265280361541457,0.14903958810904128
47,swivel,0.07371407689639486,0.017200574940091497,4.285558892835634,0.02869104318827601,34.85408297766702,0.006727603406356933,0.1407005503864328
47,wifi,0.08073700510090605,0.016740430535316247,4.822875070660829,0.013259959031451834,75.41501430193408,0.015542532813119944,0.14593147738869217
47,price,-0.19851240561360006,0.02002160353224332,-9.914910426325765,2.9970960385119364e-5,33365.63083565723,-0.2764851837859518,-0.1205396274412483
48,canon,0.22196675518701958,0.07486525951371369,2.964883266668702,0.17119772499857422,5.841199116450457,-0.06740370640314108,0.5113372167771802
48,sony,0.1234767780574259,0.0702788206095967,1.7569557511977503,0.6525978615240396,1.5323372308708725,-0.14816610265797275,0.39511965877282457
48,nikon,0.138855614369791,0.07125340681953977,1.9487575481333015,0.5457523858969257,1.8323328048424998,-0.13655425337353583,0.4142654821131178
48,panasonic,0.12515288671114017,0.07203103938507438,1.7374855031881327,0.6639932349196603,1.5060394404786288,-0.15326269951760874,0.40356847293988907
48,pixels,0.10127462255693764,0.020168643024257235,5.021390008000667,0.009242743307203507,108.19298629884388,0.023318443957070195,0.1792308011568051
48,zoom,0.08123219337619096,0.0162441352415989,5.000709004697706,0.009527372628360986,104.96073146369967,0.018445088335388604,0.14401929841699332
48,video,0.08443733723809695,0.01582222641517192,5.336628046046039,0.005831805454770992,171.4734841132091,0.023281001296943195,0.1455936731792507
48,swivel,0.07311365491044718,0.016816599192612715,4.3477075283190985,0.024853454108297212,40.23585597569533,0.008113852567523658,0.1381134572533707
48,wifi,0.07998673462188212,0.016465146256072365,4.857942551975992,0.01174927634228705,85.11162482415027,0.016345374086740874,0.14362809515702335
48,price,-0.19691285378722972,0.019649465284107978,-10.021283070053219,2.092990807034008e-5,47778.51850276911,-0.27286229784439775,-0.12096340973006171
49,canon,0.21415967496382757,0.07376357833349978,2.903325459559041,0.18176076186942355,5.501737502170008,-0.06891757149368108,0.49723692142133624
49,sony,0.11653615130027928,0.0691241385897691,1.6858966155352209,0.6933105260087696,1.4423551388391167,-0.14873664670947334,0.3818089493100319
49,nikon,0.14860456656323487,0.07052968791603922,2.1069789326182535,0.46284380843043127,2.1605560705049536,-0.12206220828481404,0.41927134141128375
49,panasonic,0.11911955503956749,0.07082616257353111,1.681858097505969,0.6957558522688196,1.4372857903229386,-0.15268497954822446,0.3909240896273595
49,pixels,0.0981018379699926,0.020073288681067565,4.8871831381829764,0.010493034863842862,95.30131301153136,0.021068003446774175,0.17513567249321102
49,zoom,0.08154345300724287,0.015957412080473753,5.110067509444298,0.007511395161908969,133.13106000215504,0.020304825836727554,0.1427820801777582
49,video,0.08250293226185378,0.015587076508146058,5.29303440698045,0.005714520118425528,174.9928216676786,0.022685515618921813,0.14232034890478573
49,swivel,0.0717486383668221,0.01650917005828695,4.345986994713107,0.02362089747731189,42.33539394345664,0.00839256878639337,0.13510470794725082
49,wifi,0.08282103480432429,0.01635804183207574,5.06301644503221,0.008059923855907253,124.07065102322068,0.020044939285680574,0.145597130322968
49,price,-0.19354227435653457,0.01951773505569199,-9.91622612994183,1.7755240242652654e-5,56321.40068697819,-0.2684441001827267,-0.11864044853034246
50,canon,0.2138780436315641,0.07215536279313774,2.964132329910546,0.16476121410518857,6.069389603803051,-0.06114465629356214,0.48890074355669033
50,sony,0.11936333130565695,0.06775702776066916,1.7616376522192083,0.6465460258362826,1.5466802981373804,-0.13889496014060543,0.37762162275191935
50,nikon,0.1459677307457948,0.06907245250501227,2.1132553637820024,0.4569097249915336,2.1886161429777617,-0.11730434832114281,0.40923980981273245
50,panasonic,0.11916723262574279,0.06925944868479135,1.720591701041228,0.6710419272023286,1.4902198498522223,-0.14481758894913516,0.38315205420062076
50,pixels,0.09941840188068114,0.019628832706514325,5.064916664539437,0.0074598330886927735,134.05125665824184,0.024602416507552363,0.1742343872538099
50,zoom,0.07902839158409782,0.015854635637759615,4.984560565736542,0.008437295182729166,118.52139558267007,0.018597890916717548,0.1394588922514781
50,video,0.08000421959357297,0.01553307612052295,5.150571527031149,0.0065431852503615795,152.83076387677386,0.020799354321729212,0.13920908486541672
50,swivel,0.07778585992743245,0.017244379534791326,4.510794938750676,0.017437173360455544,57.3487445085466,0.012058301578256728,0.14351341827660818
50,wifi,0.07929146702994895,0.016393841872101772,4.836661695809281,0.010585225807391284,94.47129595494654,0.016805762859394786,0.14177717120050312
50,price,-0.19401612617181757,0.019127331338506408,-10.14339756750236,1.0986280314031247e-5,91022.61833997074,-0.2669206214642839,-0.12111163087935123
51,canon,0.22278820628425547,0.07140596299289963,3.1200224315497125,0.13080884529594702,7.644742966254011,-0.047613053096598384,0.49318946566510935
51,sony,0.12833979915828453,0.06708214137153981,1.913173857218783,0.557946745720216,1.792285747108655,-0.12568794234325553,0.3823675406598246
51,nikon,0.15514547816068372,0.06839429618091576,2.2683979048529834,0.3829866415904734,2.611057126815659,-0.10385115246560886,0.4141421087869763
51,panasonic,0.12599414650368873,0.06833017230921799,1.8439020749650832,0.5969034561445019,1.6753127992576309,-0.13275965880470741,0.3847479518120849
51,pixels,0.09967323822042057,0.019253801443610778,5.176808253286332,0.00582132710852997,171.78213513112905,0.02676263047833398,0.17258384596250714
51,zoom,0.07628643499330179,0.015766964060927664,4.838371844986207,0.00988466165134856,101.16684164536582,0.016579839633591553,0.13599303035301202
51,video,0.0802951316950646,0.015209156837489506,5.279394022497205,0.004960082760246942,201.6095392630534,0.022700849780723245,0.13788941360940593
51,swivel,0.0801931592007541,0.01704481456641464,4.704841985125958,0.012180826356833388,82.09623638867527,0.01564757881092113,0.14473873959058706
51,wifi,0.08219492929661312,0.016369215764979,5.021311373539621,0.007423555399919564,134.7063430025504,0.020207717411138228,0.14418214118208802
51,price,-0.19689021904991147,0.01897685704215614,-10.37528072285783,6.71312797615585e-6,148961.8555689492,-0.2687520892385355,-0.12502834886128744
52,canon,0.21054121699359515,0.07116865860393252,2.9583417915082273,0.1599731055399465,6.251050741465367,-0.057292481271259604,0.4783749152584499
52,sony,0.12053190073781168,0.06634842799762464,1.8166504373265164,0.6109149099225146,1.6368891702558626,-0.1291615063496912,0.37022530782531454
52,nikon,0.14461764247368938,0.06787385770307464,2.130682524431469,0.44296666482162156,2.257506217545039,-0.11081651464997008,0.4000517995973488
52,panasonic,0.11576689065117296,0.06789442245443775,1.7051016337735434,0.6779442584499864,1.4750475242409218,-0.13974465915515782,0.37127844045750374
52,pixels,0.1065982585751816,0.020040237414110616,5.319211363240849,0.004303067134593174,232.39237704678368,0.031179513779134957,0.18201700337122823
52,zoom,0.0811527208871026,0.016187326256644003,5.013349307999144,0.0070081297868284705,142.69142130892956,0.020233890303759473,0.14207155147044573
52,video,0.08044300171527392,0.01492626710969796,5.389358312032895,0.003848883098525879,259.8156333672487,0.024269998040611897,0.13661600538993596
52,swivel,0.08086291515220136,0.01671906917820609,4.83656801047328,0.009293417462521868,107.60304312517553,0.017942941425206763,0.14378288887919594
52,wifi,0.08178515252612159,0.016088443766176533,5.08347194512761,0.006265912368486916,159.59367785436788,0.021238452929016813,0.14233185212322635
52,price,-0.19213335171346715,0.019229774563755422,-9.991451073774057,7.600225779977611e-6,131575.0385514134,-0.26450202830849656,-0.11976467511843776
53,canon,0.2229508956135752,0.0708024701639855,3.148914085867329,0.12038040275190487,8.306999952981768,-0.04192740632322742,0.4878291975503778
53,sony,0.1355814648257141,0.06652966507389008,2.0379099259726137,0.48674180477267853,2.054477322873524,-0.11331189542543682,0.38447482507686503
53,nikon,0.15496186808752677,0.0673025519394472,2.3024664536784214,0.362523304860255,2.758443351346691,-0.0968229302739595,0.40674666644901303
53,panasonic,0.13008787261373986,0.06798311162261948,1.9135321921695734,0.55364680494977,1.8062056731109026,-0.12424295970429919,0.3844187049317789
53,pixels,0.10501354523951667,0.019729073827549175,5.322781300198615,0.003954955829251456,252.847324514688,0.031205335411193386,0.17882175506783995
53,zoom,0.07766845502536181,0.016260800698649363,4.776422543067822,0.009620021841903083,103.94986793524522,0.01683536167119956,0.13850154837952405
53,video,0.07815291069676863,0.014758416726398441,5.295480683708856,0.0041343121584341775,241.87820408286206,0.022940368638418578,0.13336545275511869
53,swivel,0.07774410300187634,0.016669506102195815,4.663851617753413,0.01154890600606819,86.58828805729009,0.015382006591280535,0.14010619941247215
53,wifi,0.08630867512424627,0.016444094641266685,5.248612161818471,0.004461574398146088,224.13612567248202,0.024789862922092842,0.1478274873263997
53,price,-0.1952136865232271,0.019065513418812314,-10.239099374612485,4.513482442647332e-6,221558.41142775366,-0.2665394581839042,-0.12388791486255003
54,canon,0.23908129882803375,0.07120315612230761,3.3577345703237826,0.08682829260499737,11.51698334722806,-0.02578718200019603,0.5039497796562635
54,sony,0.14934653848149124,0.06665418353275598,2.2406176261704203,0.38657936506613544,2.5867909422142112,-0.0986002281315127,0.3972933050944952
54,nikon,0.17117866490829298,0.06794221422085195,2.519474333760483,0.27624702023204134,3.619948548802526,-0.08155944453549924,0.4239167743520852
54,panasonic,0.14636568333701575,0.06851058813223374,2.1363950788820008,0.43502647200164873,2.2987106862687887,-0.10848671910513033,0.40121808577916185
54,pixels,0.09973407710157416,0.020004199855366604,4.9856569031836635,0.006403976795054953,156.15297056856667,0.025320493288324378,0.17414766091482392
54,zoom,0.07567344377903915,0.01606396270315268,4.71075818447883,0.010096728073155165,99.04198595372354,0.015917140421407877,0.13542974713667041
54,video,0.07691057656372537,0.014572326906913501,5.277851440955318,0.003944018184155726,253.54852673278546,0.022703006279389697,0.13111814684806103
54,swivel,0.07581371671909927,0.01646243692002178,4.6052548044629935,0.012016821269554317,83.2166824793832,0.014575129903554383,0.13705230353464415
54,wifi,0.08424764806483319,0.0162562658808925,5.182472326800294,0.004619895934294517,216.45509211079346,0.023775996493438825,0.14471929963622754
54,price,-0.19963829034608005,0.019200658881538393,-10.397470814818448,2.9250847103137185e-6,341870.4410419447,-0.2710627836665499,-0.1282137970256102
55,canon,0.23309250223776543,0.0702021717111909,3.320303297691405,0.08965364482972109,11.154036201197366,-0.02663566940826076,0.4928206738837916
55,sony,0.13622997725467134,0.06669222416780636,2.042666577019517,0.4797284062976005,2.084512792806453,-0.11051238161953422,0.38297233612887693
55,nikon,0.15857069527511605,0.06794030459946082,2.333970920648102,0.34379506766041507,2.9087095600445143,-0.09278920805219251,0.40993059860242465
55,panasonic,0.13285235449758442,0.06849982763837008,1.9394553107337655,0.5353252558772476,1.8680232046240397,-0.12057762575679681,0.38628233475196566
55,pixels,0.09986479561990656,0.01961758644395828,5.09057502589277,0.0050246923252715665,199.0171607066416,0.02728527656800632,0.17244431467180682
55,zoom,0.07731345041395832,0.015861403340784265,4.874313372711671,0.00723997307222396,138.12206067954642,0.01863074603281513,0.13599615479510152
55,video,0.0821611873193882,0.015286385191167502,5.37479504094016,0.003108368947387769,321.71213164395635,0.02560588739059809,0.1387164872481783
55,swivel,0.07476943289033672,0.01616587043989394,4.6251411681378825,0.011010377161181861,90.82341007586876,0.014960286391370564,0.13457857938930287
55,wifi,0.08778902353792324,0.01629879744838584,5.386227040119299,0.0030489626743238764,327.980400816732,0.02748808471919794,0.14808996235664854
55,price,-0.19447936516233671,0.019508241322472912,-9.969087522938436,3.653849306085081e-6,273683.9744142187,-0.2666543382039135,-0.12230439212075997
56,canon,0.21592217938992594,0.07115493342195317,3.0345356113186703,0.13385010783021564,7.471043663771018,-0.045961789000899506,0.47780614778075137
56,sony,0.12205392580836559,0.06720221886210134,1.816218688534968,0.6050891784692958,1.6526489575135301,-0.12528217464037816,0.3693900262571093
56,nikon,0.14680313825337432,0.06781730699834175,2.164685457901829,0.41655353962158725,2.4006517887435,-0.10279677883157554,0.3964030553383242
56,panasonic,0.11878152941622792,0.06892738395301476,1.7232850371515172,0.6623391966334453,1.509800424137399,-0.13490399837943728,0.37246705721189316
56,pixels,0.0975861979730987,0.019467659982753405,5.01273383958582,0.005371343553154308,186.1731594905622,0.02593595804758736,0.16923643789861004
56,zoom,0.07418258036817739,0.01592426007534302,4.658463251491416,0.009859060236077525,101.42954562146532,0.015573735954140383,0.1327914247822144
56,video,0.08144933371585052,0.015012817048503041,5.425319808581294,0.0026409190706683165,378.65605618385644,0.02619503276565935,0.13670363466604168
56,swivel,0.07507653422554643,0.0159499519434913,4.707006923377153,0.009074603266000717,110.19765500345798,0.01637313152774087,0.133779936923352
56,wifi,0.08520564601240634,0.016212493135970982,5.255554793319163,0.0035367217452816086,282.7477172424193,0.025535966964584177,0.1448753250602285
56,price,-0.19128755813676895,0.019466340719612448,-9.826580192549782,3.39175153566384e-6,294832.9172951279,-0.26293294254699706,-0.11964217372654082
57,canon,0.2129271156117896,0.06983698757226042,3.0489160975260226,0.1287931157998137,7.7643901522991685,-0.042823527529258804,0.468677758752838
57,sony,0.1182530875115112,0.06606632919751623,1.78991460472965,0.6197818280248066,1.6134709905692415,-0.12368899460865701,0.3601951696316794
57,nikon,0.14617362397884648,0.06650691162398141,2.197871174732739,0.3985328044955897,2.5092037310847424,-0.09738191889961295,0.3897291668573059
57,panasonic,0.11588164621308279,0.06762377654254839,1.7136228134223013,0.6675249853131656,1.4980712662475932,-0.13176397745429425,0.3635272698804598
57,pixels,0.09634026505509533,0.01907754460531758,5.049930011865464,0.004722713952181415,211.7426568971219,0.02647622206049159,0.16620430804969905
57,zoom,0.0790474419796171,0.016373556637914934,4.827750239466805,0.0069625279527101135,143.6259942928857,0.019085696975649616,0.1390091869835846
57,video,0.07722055566394534,0.015351946668951268,5.030017191247869,0.0048901824085430205,204.49134949506714,0.021000057464637345,0.13344105386325333
57,swivel,0.07251366380028726,0.01587144685804198,4.568812437131084,0.010914955935289572,91.6174106362501,0.014390699413783369,0.13063662818679114
57,wifi,0.0844261613026902,0.015975598951475784,5.284694586983929,0.0031304117242729242,319.4467974439567,0.02592178062367196,0.14293054198170846
57,price,-0.19102844481070336,0.01909875840755503,-10.00213944457965,2.1415351206239377e-6,466954.75146288954,-0.2609701750560649,-0.12108671456534184
58,canon,0.21019575980662128,0.06866857490413643,3.0610182328679665,0.12433267167694041,8.04293824392633,-0.040070957829906745,0.4604624774431493
58,sony,0.11706230319014013,0.0648972270818059,1.8038105548420087,0.6100446071544163,1.6392243915810518,-0.11945951232954677,0.35358411870982703
58,nikon,0.14753858398166958,0.06538080924009619,2.256603821464913,0.36941079159203905,2.7070135003103966,-0.09074567556182084,0.38582284352516
58,panasonic,0.11604194456994336,0.06635933575820918,1.7486905684644085,0.644349235345496,1.551953420824355,-0.12580861324244685,0.3578925023823336
58,pixels,0.1024325392522219,0.019731848237740046,5.191228820435821,0.0034459966671257837,290.1918070727776,0.030518641253679854,0.17434643725076393
58,zoom,0.07223525731592507,0.017474116086653557,4.133843277549082,0.022072115804053476,45.30603268293623,0.008549798826193,0.13592071580565715
58,video,0.07505612883228871,0.01520299864524996,4.936929258738,0.005418289844311133,184.560078684225,0.01964789334042185,0.13046436432415556
58,swivel,0.07261459635996877,0.015567208248680214,4.664586944555394,0.00877325585972532,113.98276945171743,0.015878977241611344,0.1293502154783262
58,wifi,0.08333730634350488,0.015761111450936387,5.287527253577901,0.002902418351260261,344.5402691744246,0.025894995437301123,0.14077961724970864
58,price,-0.18734771814210063,0.01912304719069415,-9.796959463305079,2.1855221733070464e-6,457556.55660397134,-0.25704280440688293,-0.11765263187731834
59,canon,0.21721709304540987,0.06795572651165832,3.1964501624178006,0.09946891374032084,10.053392184523663,-0.029310993782932615,0.46374517987375236
59,sony,0.12935129628330555,0.06505736377574524,1.9882652597050121,0.5009986849111634,1.9960132234225707,-0.10666218262458996,0.36536477519120103
59,nikon,0.16041097551815248,0.06563074256858596,2.444143845401696,0.290157462384417,3.4464045549004134,-0.07768259264907451,0.39850454368537946
59,panasonic,0.127577651591492,0.06636431273070817,1.9223833765773202,0.5381108354863671,1.8583532128583848,-0.11317714408231339,0.3683324472652974
59,pixels,0.09967893665748988,0.01959112505175636,5.087963881306223,0.003887409618884848,257.24070731883984,0.028606742660774592,0.17075113065420516
59,zoom,0.07227270215540298,0.017187331246640392,4.204998502576141,0.018773295764356306,53.26715205215262,0.009920931268333884,0.13462447304247208
59,video,0.0760345052489957,0.014975033778329035,5.077417946063551,0.003962307788842186,252.3781728456302,0.021708451845270975,0.13036055865272042
59,swivel,0.0716912181064488,0.015382562953301381,4.660550931862921,0.008392623468766281,119.15225360956178,0.015886740543496966,0.1274956956694006
59,wifi,0.07953479137726406,0.015989139410538578,4.974300951109476,0.00477425167604898,209.45690924018663,0.021529790897496008,0.1375397918570321
59,price,-0.1894105211761633,0.01892982243539656,-10.005932270235547,1.3094813479078435e-6,763661.1255270636,-0.2580836580632796,-0.12073738428904701
60,canon,0.22537840902165213,0.0672865171561557,3.3495329903701725,0.07666259907107392,13.04417032708348,-0.017640740231970375,0.46839755827527463
60,sony,0.1413545831017113,0.06500069609771286,2.174662604985319,0.40289626965848596,2.4820284408382522,-0.09340885144937106,0.3761180176527937
60,nikon,0.17039475288432349,0.06531928589354777,2.6086438416062823,0.23104770948339692,4.328110424621457,-0.06551933449316394,0.4063088402618109
60,panasonic,0.13623828792367268,0.06584017121824745,2.0692274245774525,0.45573672365730894,2.1942493288119342,-0.10155708435036306,0.37403366019770845
60,pixels,0.10028969853675117,0.019340177645835097,5.185562427258704,0.003052320635636416,327.6195784691858,0.03043865383195342,0.17014074324154893
60,zoom,0.0702385729201787,0.017020815559868594,4.126627932317537,0.020722749177297762,48.25614552607346,0.008764383263987388,0.13171276257637
60,video,0.0787989501900024,0.014978318844960068,5.260867458200545,0.0026569642175163738,376.36938932311284,0.024701659130872425,0.13289624124913235
60,swivel,0.06962993321940698,0.015262683331560901,4.562102987187247,0.00953636884938276,104.86171579497208,0.01450560110461798,0.12475426533419598
60,wifi,0.07887261938497968,0.015730230374138232,5.014079101769077,0.004183818299770394,239.01611598545747,0.022059644592200688,0.13568559417775866
60,price,-0.19223354347480526,0.01883438824488336,-10.206519106190154,7.87576483156764e-7,1269717.9529685804,-0.26025782532850267,-0.12420926162110783
61,canon,0.22945509431341843,0.06642176532997167,3.4545166508828213,0.06326519072824754,15.80648044349459,-0.009418145351092283,0.46832833397792917
61,sony,0.14809879745096147,0.06444657361172831,2.2980088645707255,0.34449168265040797,2.9028277034334247,-0.08367104105654324,0.3798686359584662
61,nikon,0.18201184437647225,0.0653471924055216,2.785304734241236,0.17828531013175336,5.608987073926602,-0.0529968982448783,0.4170205869978228
61,panasonic,0.14397202348589894,0.06538173321925543,2.202022130601733,0.38782886335506705,2.5784568774719454,-0.09116093859930144,0.3791049855710993
61,pixels,0.09988669397605071,0.01908113193970206,5.234841113813418,0.0026111531932959792,382.9725511959451,0.031265033888285845,0.1685083540638156
61,zoom,0.06956392997126211,0.0167533431850568,4.152241687098602,0.019088854287111406,52.38659088488037,0.009313719186513948,0.12981414075601028
61,video,0.07900394530358607,0.014732767077739429,5.362464830042525,0.002056032790329867,486.3735659777884,0.026020351994989414,0.1319875386121827
61,swivel,0.0707793745524983,0.015089665299616771,4.690586116200727,0.00718546503238503,139.16983737210893,0.016512264702797694,0.1250464844021989
61,wifi,0.07744418860366285,0.015560666749361775,4.976919681596501,0.004226671002224077,236.59281724879918,0.021483211666444436,0.13340516554088128
61,price,-0.194035256279635,0.01865711829720848,-10.400065711577065,4.747819431897932e-7,2106230.0585434265,-0.26113203198738943,-0.12693848057188056
62,canon,0.24415476938764102,0.06700578697729104,3.6437863116268994,0.044983494526032064,22.230376064298373,0.004170589718106077,0.48413894905717597
62,sony,0.16221993182109837,0.0649690948843922,2.496878432888083,0.2640130554672537,3.7876914769619527,-0.07046974534047551,0.39490960898267224
62,nikon,0.19634326784641365,0.06584464100286035,2.9819172047408435,0.13142419415478085,7.6089490708406435,-0.03948221633246507,0.43216875202529237
62,panasonic,0.15801815736462066,0.06588848537173561,2.398266654227966,0.3009407842369122,3.3229128532235146,-0.0779643573540415,0.3940006720832828
62,pixels,0.09600443455138273,0.019120851914857823,5.020928721109056,0.003674027799674273,272.18084743089224,0.02752226057251475,0.1644866085302507
62,zoom,0.06896505102171654,0.016469923939080165,4.187332696666248,0.017276315893840013,57.88271099838808,0.009977292440814571,0.1279528096026185
62,video,0.07954251799097171,0.014503773371379472,5.4842637122236235,0.0015234449293725586,656.4070552992401,0.02759661433606822,0.1314884216458752
62,swivel,0.07014864705377222,0.014878928862575075,4.71463017947595,0.006538944218486695,152.92988693386187,0.016859107470324056,0.12343818663722038
62,wifi,0.07556165578519164,0.01543622761302375,4.89508561803269,0.004659477349665148,214.61634534436888,0.020276126161321913,0.13084718540906137
62,price,-0.19811530004632913,0.01880405392943421,-10.535775997547894,3.072761724691251e-7,3254401.3808961366,-0.2654628480759696,-0.13076775201668867
63,canon,0.2507845609205758,0.06620502537965765,3.7879988638692166,0.034120346843128736,29.308025636362583,0.014606595200661293,0.48696252664049033
63,sony,0.1710099867347901,0.06433875304693061,2.657962404245701,0.20930784695850632,4.777651743741085,-0.058510290984928215,0.4005302644545084
63,nikon,0.2059795083285461,0.06545639260262247,3.146820350748961,0.10009101281556601,9.990906994243957,-0.02752780564948798,0.4394868223065802
63,panasonic,0.16412559444737196,0.06502777960405036,2.5239304716648996,0.2523790224945364,3.9622944494986636,-0.06785269744354158,0.3961038863382855
63,pixels,0.09439724641694873,0.018851651787747163,5.007372694964759,0.003561656118194712,280.7682625202086,0.027146388281059322,0.16164810455283812
63,zoom,0.06971224187054224,0.016229835019340152,4.2953142645917355,0.013657845639935627,73.21798959830046,0.011814379935496971,0.12761010380558752
63,video,0.07838459909057442,0.014303326519970166,5.480165679021213,0.0014313721414914123,698.6303358943776,0.027359309980841184,0.12940988820030766
63,swivel,0.071150661191223,0.014668911816618155,4.850438947394697,0.004808826731392007,207.95093187117823,0.01882119326478677,0.12348012911765924
63,wifi,0.07463085151896387,0.01523697877905513,4.898008496379349,0.004391305360766576,227.72271974851535,0.020274877314315723,0.12898682572361203
63,price,-0.20062088477311338,0.018640936141317548,-10.762382492606587,1.748142237900465e-7,5720358.322793054,-0.26712004177402526,-0.13412172777220147
64,canon,0.2516172242736388,0.0650748008870842,3.866584620216315,0.02885053181474769,34.66140611968977,0.020357028744003886,0.4828774198032737
64,sony,0.17409793909746546,0.06322759545653867,2.7535119411133824,0.18040232095121356,5.543165934491671,-0.0505977324808384,0.39879361067576935
64,nikon,0.2074141250796362,0.06435385854993997,3.223025468141563,0.08703753492338374,11.489295978801177,-0.021284014729799683,0.43611226488907207
64,panasonic,0.16555646564485593,0.06401614644196423,2.5861673163183316,0.22950768558186999,4.357152560990294,-0.061941526533568186,0.3930544578232801
64,pixels,0.09213819248489255,0.01869125364672787,4.929481683055671,0.003919022014521429,255.16570110977418,0.02571397121779051,0.1585624137519946
64,zoom,0.0684773960235841,0.016021278133993573,4.274153126290865,0.013677021550902911,73.11533408631526,0.01154162575006508,0.12541316629710314
64,video,0.07638499088527455,0.014166209346977666,5.392055772603074,0.0015882752774818113,629.6137792848393,0.026041689041288105,0.126728292729261
64,swivel,0.06761817005613979,0.014871903717463225,4.546705743982168,0.008181122852911943,122.23261011708993,0.014767000099182387,0.1204693400130972
64,wifi,0.07936656381990419,0.015744335248092104,5.040959975081947,0.00315566389096963,316.89052907745935,0.02341498197371889,0.1353181456660895
64,price,-0.2018383733089201,0.018356890737850403,-10.995237493719236,9.791394044991185e-8,10213050.311375761,-0.26707434919331197,-0.13660239742452823
65,canon,0.24399803900703862,0.06452665903601376,3.781352430951956,0.03269773090781786,30.5831619576056,0.015530148768491875,0.4724659292455854
65,sony,0.16895997455077466,0.062421938571783,2.706740264986752,0.19120905914053693,5.229877729093416,-0.05205578580551182,0.38997573490706117
65,nikon,0.20402921023934767,0.06347684207142841,3.2142306324842105,0.08678970557000912,11.522103842066242,-0.020721619940323482,0.42878004041901885
65,panasonic,0.1593881241844866,0.06335268242270979,2.515885959192651,0.2510897022784742,3.9826404305937544,-0.06492309710454494,0.38369934547351814
65,pixels,0.09434776995850737,0.01859611565852779,5.073520281921964,0.0027992729522073666,357.235616916689,0.02850497917083307,0.16019056074618165
65,zoom,0.06793276558706363,0.01579247964362663,4.30158956161639,0.012515076408487582,79.9036272221088,0.01201673708478481,0.12384879408934243
65,video,0.07756818080835058,0.014004585807111865,5.5387700769386266,0.0011109069063997797,900.1654362207486,0.027982502256021127,0.12715385936068002
65,swivel,0.06726352793418082,0.014637976433533397,4.595138422281527,0.007136569700901066,140.1233424335139,0.015435219401045551,0.11909183646731608
65,wifi,0.08003887909676542,0.01550379324444428,5.16253524765283,0.0023472978676581367,426.02177328166914,0.02514499513981233,0.1349327630537185
65,price,-0.20107895184528876,0.018097065840603308,-11.111135562878923,6.391321506628043e-8,15646216.497839484,-0.2651547697146611,-0.13700313397591637
66,canon,0.240063856490237,0.06371277789756405,3.7679075440126972,0.03263339684464393,30.643454150992817,0.015279611975435953,0.46484810100503804
66,sony,0.17015753576838688,0.061527202784314936,2.765565929673061,0.17344433474019527,5.765538560241326,-0.046915808878699644,0.3872308804154734
66,nikon,0.20311821968297372,0.06251082314099941,3.249328827822668,0.08050847076519008,12.421053219562282,-0.017425423482915148,0.4236618628488626
66,panasonic,0.157129538101725,0.06250726035222166,2.513780594707191,0.24988309468912925,4.001871360061651,-0.06340153523421452,0.3776606114376645
66,pixels,0.09489154938066416,0.018283905810055467,5.189894892615195,0.002097083833055678,476.85265807561535,0.030384332933424046,0.15939876582790427
66,zoom,0.06741270396135171,0.015553844974429859,4.334150434968109,0.011332966023396859,88.23815388976763,0.012537380560781158,0.12228802736192226
66,video,0.08193602372011516,0.014459529305320766,5.666576137437934,8.011745549496265e-4,1248.167448431852,0.03092154156769871,0.1329505058725316
66,swivel,0.0660848851146055,0.014469683749379422,4.56712712310936,0.007217579345469069,138.5506070851529,0.015034577196753697,0.11713519303245731
66,wifi,0.08075756020509511,0.015306606657798604,5.275993694131398,0.0017636149471299638,567.0171947835665,0.026754515177136416,0.1347606052330538
66,price,-0.19946902775476535,0.017898523713688885,-11.144440231247138,4.664453531654258e-8,21438738.604934674,-0.2626165825102712,-0.1363214729992595
67,canon,0.22990324651044147,0.06352880762370532,3.6188818129911624,0.04164975390215317,24.0097457082046,0.006537794947868852,0.45326869807301406
67,sony,0.15890063730569493,0.06165579557886683,2.57722142442291,0.22659505461927598,4.413158979485213,-0.05787935803903779,0.3756806326504276
67,nikon,0.1932527156009549,0.06234092439417864,3.099933430229994,0.10140561545486693,9.861386822755144,-0.025936172857546097,0.41244160405945585
67,panasonic,0.14716036042411273,0.06229260185900955,2.362405101607239,0.30548418104981667,3.2734919253868844,-0.0718586273973005,0.366179348245526
67,pixels,0.09580277008089022,0.01797865346059212,5.328695516095396,0.001491777347164585,670.341322651598,0.03259034411346662,0.15901519604831382
67,zoom,0.07053257553026314,0.015631970193374943,4.512072033002972,0.007714356652526866,129.62843760567463,0.01557102010901848,0.1254941309515078
67,video,0.08211445353609874,0.014280246267018099,5.750212706467933,6.286361644504712e-4,1590.74526180682,0.03190552037383015,0.13232338669836732
67,swivel,0.06569189726809974,0.014237425951977377,4.614029073069634,0.006307303496104338,158.54635829996812,0.015633519095966886,0.11575027544023259
67,wifi,0.08058001029638878,0.01507032192333813,5.34693357622317,0.0014371986381767285,695.7980431074085,0.027593193960429564,0.133566826632348
67,price,-0.19813887227210455,0.017668896113502263,-11.213992713483117,3.23105636286943e-8,30949630.328080133,-0.2602622003594393,-0.13601554418476983
68,canon,0.23587137451157947,0.06290318179360252,3.749752680007809,0.03207960556565922,31.172453101184214,0.01543972573373334,0.4563030232894256
68,sony,0.1642715134304007,0.06099504426523521,2.69319442930594,0.18952172804105624,5.276439859092933,-0.049473448132591885,0.3780164749933933
68,nikon,0.19872216048632518,0.06163984433426381,3.2239237887864243,0.08127317707596408,12.304182461888061,-0.017282374253973665,0.41472669522662403
68,panasonic,0.1526241926245493,0.06165908625034749,2.475291184252494,0.2599332370535412,3.8471417173711395,-0.0634477715710971,0.3686961568201957
68,pixels,0.09335106419716767,0.017842065200363168,5.232077293118935,0.0017152773561074166,582.9960947361661,0.030827106941353932,0.1558750214529814
68,zoom,0.06993165406820359,0.015399245492404677,4.541238991397064,0.0069934908848026675,142.99010558132966,0.01596807103414459,0.12389523710226259
68,video,0.08163206797637089,0.014075700957469114,5.7995028612094615,5.278833770696262e-4,1894.3578135594578,0.03230658266245656,0.13095755329028522
68,swivel,0.06616210634982078,0.014047850285904325,4.709767331177222,0.004987261111150457,200.5108571043558,0.01693421815703048,0.11538999454261109
68,wifi,0.07974223069056115,0.014880884821067971,5.358702231043692,0.0013200508662101712,757.5465655130183,0.027595139194549624,0.13188932218657268
68,price,-0.20080429402059413,0.017610729182375554,-11.402383850269802,1.8790678531453584e-8,53217875.997724466,-0.2625175803625894,-0.1390910076785989
69,canon,0.2333655036378388,0.06199725314261472,3.7641265025245385,0.030486296617118776,32.80162272771683,0.0168058776246523,0.4499251296510253
69,sony,0.15967523054707095,0.0603029612342099,2.6478837403508324,0.20098168573726374,4.9755777315315415,-0.050966145810807634,0.3703166069049495
69,nikon,0.19501740965744677,0.060872943608101165,3.2036796333189517,0.08279270094931349,12.078359427024973,-0.017614944743282512,0.40764976405817605
69,panasonic,0.14691534485425828,0.061043673036750096,2.4067251779854546,0.284155342450507,3.5192018259314475,-0.06631337631021464,0.36014406601873117
69,pixels,0.09268122343346728,0.017607216165678587,5.263820388263821,0.001516796404516799,659.2842632156469,0.03117830266371214,0.15418414420322243
69,zoom,0.06722298376006318,0.015412493749305839,4.361590334016571,0.009630149984944608,103.84054262533398,0.013386342407544716,0.12105962511258164
69,video,0.08137287316339714,0.013840304040727966,5.87941369813413,4.1480583288994345e-4,2410.7664856904767,0.03302797213892518,0.12971777418786912
69,swivel,0.06683467074885333,0.013846574903098513,4.826801661535621,0.0037568103538526466,266.1832527624106,0.018467865276346834,0.11520147622135982
69,wifi,0.07743290518417456,0.01484590110554447,5.215776707232398,0.0016771121759307367,596.2630373517121,0.025575401371064982,0.12929040899728414
69,price,-0.2007860886113662,0.017361355260396782,-11.565116063800735,1.1272763550142802e-8,88709391.93853065,-0.26143020446638404,-0.14014197275634838
70,canon,0.231603200492347,0.06123720788172437,3.7820666307920723,0.028776226923039362,34.75090749994612,0.01836276522981714,0.44484363575487684
70,sony,0.15724629565526158,0.059626471980494075,2.6371893293754223,0.20251299370894546,4.93795475384268,-0.05038522900287354,0.36487782031339666
70,nikon,0.1931205437712547,0.06008299600870939,3.214229592400165,0.08007847467968883,12.487750347393177,-0.016100690572411147,0.40234177811492056
70,panasonic,0.14559999574678723,0.060311808663718915,2.414120865759646,0.2795704288026264,3.576916214933407,-0.06441801088346041,0.3556180023770349
70,pixels,0.09385248992386237,0.017448396683393534,5.378860397711283,0.0011230111643638716,890.4630975476089,0.033093617465365995,0.15461136238235876
70,zoom,0.06910243917824714,0.015301325266608694,4.516108113134872,0.00680133932081159,147.02986468269194,0.015820106870621596,0.12238477148587268
70,video,0.08206520789231592,0.013673794183958891,6.001641299280992,2.966631376480119e-4,3370.8266147528275,0.03445027043289859,0.12968014535173325
70,swivel,0.06642794747328185,0.013672610156437013,4.8584686254663545,0.003360505395254334,297.5742879068691,0.01881713303894783,0.11403876190761586
70,wifi,0.07750762090115368,0.014635406630680133,5.295898013429625,0.0013393539455365095,746.6286289240941,0.026544152968420956,0.12847108883388642
70,price,-0.20192713300263543,0.017186574043587633,-11.749120708438987,6.517664486959781e-9,153429192.6196493,-0.26177428568152283,-0.14207998032374802
71,canon,0.2292926916765444,0.060504186646601836,3.789699595762146,0.027694017539063646,36.108881587492874,0.01923815611147267,0.4393472272416161
71,sony,0.15467499579421193,0.05890060269436448,2.626034178237891,0.20427322023207722,4.895404296578318,-0.0498123203601723,0.35916231194859616
71,nikon,0.19419996668725384,0.05930489839547996,3.2746024686226454,0.07102186814517503,14.080170321004665,-0.011690957224471221,0.4000908905989789
71,panasonic,0.14687321867345535,0.05954831511603262,2.466454649258609,0.2580627052688919,3.875027191387599,-0.059862783719914464,0.35360922106682513
71,pixels,0.09082488915399517,0.017465607902944894,5.200213451412767,0.0015542222626972186,643.4086192180688,0.03018891733532786,0.15146086097266248
71,zoom,0.07075180549425678,0.01519864061247862,4.655140370657034,0.004912705993159862,203.55380545718307,0.01798614460335147,0.12351746638516209
71,video,0.08442698790926254,0.013700826828220068,6.162181959366521,1.9407912280585568e-4,5152.53771525099,0.03686134037698756,0.1319926354415375
71,swivel,0.06890762287022643,0.013737399082126315,5.016060351619392,0.0023011979805749433,434.5562652328396,0.021215006144006003,0.11660023959644686
71,wifi,0.07783440273250478,0.014430734073650114,5.393655120748637,0.00102608365691238,974.5794051618859,0.027734710269753896,0.12793409519525567
71,price,-0.20201850511345237,0.016948012630044945,-11.919893472071163,3.819451017031518e-9,261817731.2762611,-0.26085752302387666,-0.14317948720302806
72,canon,0.2360671640401322,0.05997618646806601,3.9360149076137887,0.020372050291149787,49.08686095451223,0.028451895504946062,0.44368243257531836
72,sony,0.1632452868149359,0.05854797939500452,2.788230926187428,0.15776964723252726,6.338354794735388,-0.03942605959950332,0.3659166332293752
72,nikon,0.20094079302654802,0.05881783133953059,3.4163244113269218,0.0542880402537058,18.42026338262852,-0.0026646805344605062,0.40454626658755655
72,panasonic,0.1540975277973931,0.05908713711876836,2.6079707921480217,0.20827605059518656,4.801320157273574,-0.05044018228892863,0.3586352378837149
72,pixels,0.09128731003194628,0.01720581632314823,5.30560761067354,0.001172945200582947,852.5547480845701,0.03172716813797138,0.15084745192592117
72,zoom,0.06981859335598983,0.015010602548819767,4.651285191844576,0.00475750967707869,210.19400229870723,0.017857465738989844,0.12177972097298982
72,video,0.08340387333203168,0.013519143706344794,6.169316277989459,1.765182160630869e-4,5665.1376968516615,0.03660562195516228,0.13020212470890108
72,swivel,0.06805684780363894,0.01356580536573472,5.016793767035813,0.0021889587654139696,456.83820810159614,0.021097071102886278,0.1150166245043916
72,wifi,0.07625841951967442,0.014329556493684307,5.321757135559988,0.0011324916722355333,883.0087006520804,0.026654820247646205,0.12586201879170264
72,price,-0.20495357955690588,0.016947464996281216,-12.093465282381693,2.2161836518760903e-9,451226142.36119777,-0.2636194051686597,-0.14628775394515203
73,canon,0.24795166085380388,0.0602935741640428,4.112406077954398,0.013966333723466826,71.60075219452601,0.03982641178175875,0.45607690992584904
73,sony,0.1730716216663305,0.05859120072015691,2.953884193173555,0.11944742447390415,8.371884152416124,-0.029177264925387775,0.37532050825804875
73,nikon,0.2098144042754667,0.0587025809935346,3.574193855268055,0.03985306209013823,25.092174792949052,0.0071810480705293556,0.412447760480404
73,panasonic,0.16547967085473808,0.059382708142969386,2.786664266916396,0.15669447803397063,6.38184582218146,-0.039501392122261725,0.3704607338317379
73,pixels,0.09173304349644404,0.01700308170088776,5.395083380188339,9.120572024253227e-4,1096.4224583072441,0.033040709146492535,0.15042537784639554
73,zoom,0.07037223771107125,0.014803950989006661,4.753611908289167,0.0036787212518562835,271.83358877637164,0.019271004626852842,0.12147347079528965
73,video,0.08281613949332628,0.013319641617333082,6.217595178053154,1.465923153352044e-4,6821.639986471026,0.03683854125681219,0.12879373772984037
73,swivel,0.06452122930800432,0.013820551240315882,4.668498975626215,0.004409711800029169,226.77218950984172,0.016814558919253278,0.11222789969675535
73,wifi,0.07627942179873894,0.014138755789080021,5.395059009198876,9.121062052962791e-4,1096.363553052652,0.027474352419952747,0.12508449117752513
73,price,-0.20804846017282932,0.017003416373522914,-12.235685794108685,1.3400990693530014e-9,746213487.3974646,-0.26674194976737386,-0.14935497057828476
74,canon,0.2513064072130314,0.05955374166670831,4.2198256596447665,0.010898736423258941,91.7537557717154,0.04629697349897624,0.45631584092708655
74,sony,0.17909005225432825,0.058057833633038895,3.0846836860342943,0.09466280173595734,10.563811567602837,-0.020769826615848613,0.37894993112450515
74,nikon,0.2134616945147687,0.058031242051083086,3.6783926548886385,0.03205858900990188,31.192888735406655,0.013693355235652793,0.4132300337938846
74,panasonic,0.16983488398030192,0.05875608255001893,2.890507273620937,0.13121351009232787,7.621166443122769,-0.032428666112795795,0.3720984340733996
74,pixels,0.08911504229406271,0.01702245161689419,5.2351473395065575,0.001230689103376508,812.5529000430804,0.03051648796753876,0.14771359662058667
74,zoom,0.06962422103249671,0.014630561292417318,4.758820911989298,0.003491873570408759,286.37921157120815,0.019259575562135388,0.11998886650285803
74,video,0.08684697027018924,0.013743512112317089,6.319124948589816,1.0777427115823253e-4,9278.65240240702,0.039535927226802284,0.13415801331357619
74,swivel,0.06281442691178561,0.013766115487804603,4.562973989825444,0.005312673936332733,188.2291313157996,0.015425573388670025,0.1102032804349012
74,wifi,0.07500493235507516,0.013974217096147632,5.367379928264624,9.173731198507319e-4,1090.069000673044,0.02689970414772646,0.12311016056242385
74,price,-0.20806103677950738,0.016775256358893032,-12.402852888099586,7.764567815932025e-10,1287901688.4212303,-0.26580863936998034,-0.15031343418903442
75,canon,0.2606751056693572,0.05943468252622228,4.385908943895657,0.007471382285488478,133.8440414088141,0.05661791441732042,0.46473229692139395
75,sony,0.19086614230401924,0.05831777803792742,3.2728637599993604,0.06705768997836935,14.912532780693278,-0.009356378969294477,0.39108866357733296
75,nikon,0.22530015041986076,0.05841893060965463,3.8566291451871666,0.022144725227598375,45.15748060643024,0.024730341859103916,0.42586995898061764
75,panasonic,0.17868783421677736,0.0585604595377682,3.0513393444519297,0.09904286818973018,10.096638135361376,-0.022367885840840318,0.37974355427439505
75,pixels,0.08661134263710049,0.016956538025264405,5.107843506030173,0.001553953070790552,643.5200771483169,0.028394433322118738,0.14482825195208224
75,zoom,0.06985337819244097,0.014438022190994488,4.8381542338957635,0.002820055065491448,354.6030048266916,0.02028329334797204,0.1194234630369099
75,video,0.08542050160945973,0.013611733089588176,6.275505187124128,1.0992627040683201e-4,9097.006532642712,0.03868731646779902,0.13215368675112044
75,swivel,0.06243013536600221,0.013589431704997386,4.594021054099276,0.004793012890544042,208.63703537556992,0.015773517603979152,0.10908675312802527
75,wifi,0.07395292988151476,0.013843001690267335,5.34226113210036,9.194218560404861e-4,1087.6400135912863,0.026425729880625068,0.12148012988240446
75,price,-0.21072066846353832,0.016736972835922445,-12.590130277995675,4.339202917694529e-10,2304570721.7843413,-0.2681837442602864,-0.1532575926667902
76,canon,0.2599707987479483,0.058607103410168386,4.43582404898112,0.006503266784165476,153.76887235117846,0.05927238255817516,0.4606692149377215
76,sony,0.1880688911570335,0.057602465473370286,3.264945165306823,0.06705690680606877,14.912706947429587,-0.009189170007028596,0.3853269523210956
76,nikon,0.22122263504822032,0.05776117788517019,3.8299536669424086,0.022830560273086144,43.80093996987241,0.02342106758842863,0.419024202508012
76,panasonic,0.17199219217784148,0.058082468795088646,2.961172204725307,0.11423948267128722,8.75354104042471,-0.026909627179839024,0.370894011535522
76,pixels,0.08510571570856104,0.016749136474842583,5.081200206135457,0.0015736815994934318,635.4525593499346,0.02774875780669621,0.14246267361042586
76,zoom,0.07153599093944814,0.0143445510017501,4.986980138361976,0.001943528417782103,514.5281081823183,0.02241346995669006,0.12065851192220622
76,video,0.08533197074548692,0.013460065900122928,6.339639893197521,8.768123345326056e-5,11404.94904799738,0.039238344703972854,0.13142559678700097
76,swivel,0.06473385467834937,0.013588846063656297,4.763749208365945,0.003189049586235109,313.57304832019514,0.01819922450331038,0.11126848485338836
76,wifi,0.07478717194900661,0.013670690449796873,5.470621416207829,6.508591892750498e-4,1536.4306388818688,0.02797226792119796,0.12160207597681526
76,price,-0.20796772986832007,0.016726304206268753,-12.433573328791729,4.1134023995080445e-10,2431077494.678367,-0.26524649929346195,-0.15068896044317823
77,canon,0.24860807833122628,0.05903583009445442,4.211138861492514,0.010174856614004205,98.28148326175388,0.046946017033148185,0.4502701396293044
77,sony,0.17692299790646945,0.058051245286759826,3.04770374920487,0.09740153662905025,10.26677847813078,-0.021375793974971524,0.37522178978791043
77,nikon,0.20984446845936863,0.058173970493459265,3.607188346942251,0.03469364366792313,28.8237237221807,0.01112645628210654,0.4085624806366307
77,panasonic,0.16180239834471427,0.058332062314370166,2.7738158385813505,0.15446516700830717,6.473951502258239,-0.03745564388596201,0.36106044057539055
77,pixels,0.08398595528107479,0.01661118131348343,5.05598931804463,0.0015915291885901504,628.3265221706968,0.02724337947730278,0.1407285310848468
77,zoom,0.07218884114520951,0.014181849617422113,5.090227515635689,0.0014726322110090657,679.0561774516583,0.02374468405801452,0.1206329982324045
77,video,0.0850894650540866,0.013297971348007597,6.398680131525126,7.06035219448961e-5,14163.599385034497,0.03966457124245708,0.1305143588657161
77,swivel,0.06610771774081808,0.013506151762665205,4.89463756238534,0.0022898049408353856,436.7184218037243,0.019971694916950194,0.11224374056468597
77,wifi,0.07506887238609064,0.013483608063532432,5.567417269352467,4.924050933871184e-4,2030.8482049226518,0.02900985718334241,0.12112788758883887
77,price,-0.2066930699929695,0.016579217731087184,-12.46699774051496,2.913145800796465e-10,3432715244.5531435,-0.26332646054598474,-0.15005967943995427
78,canon,0.25142999237255703,0.05842254137796634,4.303646956162406,0.008118488752089396,123.17563410340838,0.052346364347325314,0.45051362039778875
78,sony,0.17852521138473643,0.057388155825747245,3.1108372244406737,0.08617035210311977,11.604919506459757,-0.0170335917414825,0.37408401451095535
78,nikon,0.21315288752344994,0.0575849612018521,3.7015373992575396,0.028282617495981273,35.35740636955161,0.016923440372412835,0.40938233467448704
78,panasonic,0.16308574424345817,0.057669150748759807,2.8279546711890045,0.14013157766450673,7.136150300071055,-0.03343059149621036,0.3596020799831267
78,pixels,0.08444354435408585,0.016397584208663985,5.149755188295874,0.0012276001021210119,814.5975210267815,0.028566301116918928,0.14032078759125277
78,zoom,0.07291355409682525,0.01401831792731352,5.201305497199439,0.0010901798721120353,917.279822881588,0.025144019839055697,0.12068308835459479
78,video,0.08624619322677045,0.013184912756259007,6.541279022557698,4.652517677679043e-5,21493.73885880344,0.04131661288328057,0.13117577357026033
78,swivel,0.06689944984235792,0.013361061035099247,5.007046196901157,0.001702228931083241,587.4650475853643,0.021369617650954742,0.1124292820337611
78,wifi,0.07534888946659209,0.013322843081550094,5.65561637297505,3.783914516906995e-4,2642.765832927454,0.029949290720513402,0.12074848821267077
78,price,-0.20722570029681425,0.01638779200449999,-12.645126337941763,1.6298252937311434e-10,6135626952.449054,-0.2630695751202602,-0.15138182547336831
79,canon,0.2422778666327155,0.05838555349162531,4.149620105382186,0.01098221227881412,91.05633497260918,0.04378837860087101,0.44076735466455996
79,sony,0.1670274317454032,0.057787133292087435,2.8903913765916744,0.12507836083767826,7.994988048314451,-0.029427646883244923,0.3634825103740513
79,nikon,0.20117073865292448,0.05810872936439132,3.4619710472657608,0.04438796784571091,22.528627655943193,0.0036223512188060802,0.39871912608704285
79,panasonic,0.15241757045163037,0.05794136326192864,2.6305485730912883,0.19147006799075403,5.222748445716797,-0.04456183356099033,0.3493969744642511
79,pixels,0.08261490629090003,0.016333496651885725,5.058004911726114,0.0014501586939710573,689.5797019715404,0.027087002651728864,0.1381428099300712
79,zoom,0.07328104260472236,0.01385166619166018,5.290413556806867,8.447976265735991e-4,1183.715446805744,0.02619045312927948,0.12037163208016524
79,video,0.08573811491813257,0.013040193962394113,6.574911014773855,3.955419239348094e-5,25281.770135820374,0.0414062336796885,0.13006999615657666
79,swivel,0.0649082916380304,0.013361605861937038,4.857821156282829,0.002295725694421269,435.59211034229884,0.019483727714018073,0.11033285556204273
79,wifi,0.07384864747652148,0.013203735804050288,5.593011597056355,4.142973989386562e-4,2413.725025939801,0.02896078390202273,0.11873651105102023
79,price,-0.20520714006643,0.016301819972503476,-12.587989587209034,1.335139338283435e-10,7489854963.645085,-0.2606273546027817,-0.14978692553007833
80,canon,0.2401235211712461,0.05769335646633316,4.162065372489979,0.010419842415180803,95.97074122187175,0.04443555051870357,0.43581149182378864
80,sony,0.16899277416855701,0.05706636052971931,2.9613378634957472,0.10970026814695319,9.115748000364155,-0.02456851206209798,0.362554060399212
80,nikon,0.20130057916510297,0.05737988931833994,3.508207867887306,0.039945923230489844,25.03384373494019,0.00667584618521741,0.3959253121449885
80,panasonic,0.15246768383644896,0.057145246527507305,2.6680729037201276,0.17915826004232863,5.5816572440686585,-0.04136117290432262,0.34629654057722054
80,pixels,0.08519317902223703,0.016336290342959938,5.214964795171549,9.616885748610861e-4,1039.8376627739888,0.029782717558271873,0.14060364048620216
80,zoom,0.07297834556338255,0.013667886410021618,5.3394024045936685,7.169450978908825e-4,1394.806942598271,0.026618745108391226,0.11933794601837387
80,video,0.08470903601346266,0.012914989024131764,6.5589708094356975,3.790504397925854e-5,26381.71322389694,0.04090316046855463,0.1285149115583707
80,swivel,0.0630085563293496,0.013328072144074431,4.727507147938328,0.0029750943878891567,336.12378957479217,0.017801559365902275,0.10821555329279692
80,wifi,0.07195743013302852,0.013181505227572644,5.458969130665769,5.397734057814999e-4,1852.6292501427897,0.027247568094843737,0.1166672921712133
80,price,-0.20558967969592876,0.016095858660922918,-12.772830827289365,7.319112193489801e-11,13662859286.259872,-0.2601846297939387,-0.15099472959791885
81,canon,0.2421492180769387,0.057086795617668544,4.241772820788574,0.008538695656688257,117.11390594144343,0.048948718230358734,0.4353497179235187
81,sony,0.17270790915659923,0.05658310294245916,3.052287700309232,0.09252489241973222,10.807902326041896,-0.018787928945235788,0.36420374725843424
81,nikon,0.2040927323925361,0.056773712793258324,3.594845613422193,0.0331206560894135,30.192638615019295,0.011951807838542938,0.3962336569465293
81,panasonic,0.1572004049416997,0.05674035700017406,2.7705219574352955,0.15045178523785546,6.646647618165904,-0.03482763263331817,0.3492284425167176
81,pixels,0.08438425305157023,0.016193019299693925,5.211150032604804,9.2699142633426e-4,1078.7586288197385,0.02958174769325752,0.13918675840988293
81,zoom,0.07341491413408278,0.013506708943670433,5.435440597725086,5.425915609154298e-4,1843.0069172341282,0.027703766907039087,0.11912606136112648
81,video,0.08720814216635751,0.012998355920234787,6.709167120943269,2.4197772339906465e-5,41326.11820431176,0.04321742883586781,0.13119885549684723
81,swivel,0.062272538959958074,0.013207330362523334,4.714998205591986,0.0029543064802529146,338.48891666594835,0.017574587357141666,0.10697049056277448
81,wifi,0.07104787147079236,0.013046748587537096,5.445638121566995,5.2946544291908e-4,1888.697389742268,0.026893381431335975,0.11520236151024875
81,price,-0.20698042845441642,0.015983287190661385,-12.94980350320863,4.0428505839994305e-11,24735022460.581264,-0.2610731313468429,-0.15288772556198993
82,canon,0.24979011974047083,0.05683436835718812,4.395054030874588,0.005914264625274416,169.08272851480686,0.05785925740065981,0.4417209820802819
82,sony,0.18012592335258604,0.056340910774139205,3.1970715573746964,0.07028874326882614,14.22702915850128,-0.010138522306960801,0.37039036901213285
82,nikon,0.20824289884589176,0.056190330800610075,3.706027280473508,0.026000392689755236,38.460957568307165,0.018486964937349498,0.39799883275443404
82,panasonic,0.16483526143877417,0.05646912899215239,2.9190331846925,0.11590884278148912,8.62746944929125,-0.025862179851097677,0.355532702728646
82,pixels,0.08279243652427559,0.016048368551350035,5.158931654601791,0.001004121645010377,995.8952732162899,0.028596756969087034,0.13698811607946415
82,zoom,0.07350562086964939,0.013339679208391157,5.510298990054544,4.303750535904729e-4,2323.5547498799933,0.028457242435807793,0.11855399930349098
82,video,0.08480165078577846,0.013070733673748747,6.487902890722503,3.8611460395819735e-5,25899.04628699993,0.040661507102817684,0.12894179446873924
82,swivel,0.061231616003341684,0.013075529700975648,4.682916669813599,0.003072433740668708,325.4748790066185,0.017075276035138864,0.1053879559715445
82,wifi,0.07296661285140756,0.013020070506574517,5.604164187479852,3.4239067412539573e-4,2920.640296510425,0.028997559754049926,0.11693566594876519
82,price,-0.20823014059363404,0.015817314797713356,-13.164695983906004,2.0837399248134164e-11,47990633960.21183,-0.2616455467427097,-0.15481473444455837
83,canon,0.23955746887360438,0.05710785604873429,4.194825115990566,0.008990281041726398,111.23122796258777,0.04710799550509456,0.4320069422421142
83,sony,0.1685091263577397,0.05691163133398548,2.9608908127908893,0.1067456184830542,9.368066007868505,-0.023279083471423295,0.36029733618690274
83,nikon,0.19650010185563105,0.05674147073591607,3.463077345495222,0.041677297719661284,23.993878075455203,0.005285321318903441,0.38771488239235863
83,panasonic,0.15287756699515864,0.05710113023140085,2.6773124520587643,0.17302675935878725,5.77945286443472,-0.03954924084021175,0.345304374830529
83,pixels,0.08492199413223611,0.0159778314757512,5.3149887242907905,6.591727516058046e-4,1517.0529994814096,0.031077821616723345,0.13876616664774888
83,zoom,0.07379190413677468,0.013169181352456889,5.603378232999107,3.253367442314845e-4,3073.7382657535823,0.02941268573621105,0.1181711225373383
83,video,0.0860381457646856,0.0129750747873963,6.631032743507664,2.4987264008200907e-5,40020.38797332099,0.04231305288743705,0.12976323864193415
83,swivel,0.05962751844575186,0.013012963003011182,4.582163065548879,0.0037505832409857475,266.6251982017535,0.015774744936687367,0.10348029195481637
83,wifi,0.07437590233832256,0.012946725698044005,5.744765438998934,2.2940746305540245e-4,4359.056094694259,0.03074634390578631,0.1180054607708588
83,price,-0.2054478948712394,0.015874899836128577,-12.941681332922483,2.26345938369254e-11,44180161005.08196,-0.2589451949735867,-0.1519505947688921
84,canon,0.24003291709433583,0.05638958250569325,4.2566890270929285,0.0076390984447011695,130.90549980981672,0.0503921294501648,0.42967370473850686
84,sony,0.1690244423155222,0.056120117516373136,3.011833363788111,0.09657652093688913,10.35448357736432,-0.019710122041536632,0.357759006672581
84,nikon,0.19755072893189857,0.05603964473187987,3.52519595506136,0.03628657100914254,27.55840445072769,0.009086798290449921,0.38601465957334724
84,panasonic,0.15590519532223468,0.0564397734180049,2.7623285119798022,0.1492223221336277,6.70141025619817,-0.03390438669352794,0.34571477733799727
84,pixels,0.08622079982766155,0.015830451235528432,5.446515613790932,4.555425993913828e-4,2195.184383054465,0.032982256329575674,0.13945934332574744
84,zoom,0.0750569721542677,0.013082642093439983,5.737141749975981,2.2120287898584232e-4,4520.736821259921,0.031059438552804054,0.11905450575573134
84,video,0.08601361121636902,0.012813197997806947,6.712891756694211,1.8766511317169872e-5,53286.409130560096,0.04292223063557656,0.12910499179716148
84,swivel,0.060353876607177205,0.012871982999820014,4.688778458456721,0.0028346110388165723,352.78208766783473,0.017064799331568875,0.10364295388278554
84,wifi,0.07516769369757469,0.012813080616862423,5.86648097715483,1.5997074527098973e-4,6251.142971835285,0.03207670787435596,0.11825867952079341
84,price,-0.20620639490983403,0.015686046395222236,-13.14584884643984,1.1762319973157511e-11,85017241690.59119,-0.2589592982162669,-0.15345349160340116
85,canon,0.2501564903370801,0.05655580056875682,4.423180077399069,0.005096661096434341,196.20688546460482,0.060334732008315045,0.4399782486658451
85,sony,0.18144117994481915,0.05670961984675941,3.1994779798402644,0.06760831733139845,14.79107955162172,-0.008896851613600126,0.37177921150323845
85,nikon,0.20901690868730863,0.05648884630314047,3.70014476071338,0.02496494902033484,40.056160306414576,0.019419873133203175,0.39861394424141405
85,panasonic,0.16853295171486918,0.057177452538885155,2.9475421557169503,0.10739041464636118,9.311818036023237,-0.023375295866131657,0.36044119929587004
85,pixels,0.08422766967189063,0.015765265681011716,5.3426102278338155,5.621653681858466e-4,1778.8360091036582,0.03131372588549537,0.1371416134582859
85,zoom,0.07376724259400823,0.012990502910129044,5.678551716153339,2.4281834144367287e-4,4118.3050425866295,0.03016640803455787,0.1173680771534586
85,video,0.0834758585945593,0.012873565579128039,6.484284255319213,3.1181799039584646e-5,32069.990532955486,0.04026750808734861,0.12668420910177
85,swivel,0.05814073418656198,0.01292617662419511,4.497906525409427,0.004288822309239956,233.16424134559566,0.014755801949772475,0.10152566642335148
85,wifi,0.07544769462614685,0.012673322894143616,5.95326855129774,1.2116944737748005e-4,8252.905510781879,0.03291143112281484,0.11798395812947887
85,price,-0.2089587197300253,0.01572955612603525,-13.284463849819701,6.821945809891489e-12,146585743696.47568,-0.2617528093114301,-0.15616463014862056
86,canon,0.24513946467263176,0.05607710570030373,4.371471416209414,0.005587011500352583,178.98656552557523,0.05728848384397159,0.43299044550129195
86,sony,0.17554268949317572,0.056346699797721736,3.115403211250243,0.07833954931672475,12.764944510428903,-0.013211396354781385,0.3642967753411328
86,nikon,0.20283224668382244,0.05614561193932927,3.612610846649996,0.029448592227897554,33.95748062458039,0.01475177890084961,0.39091271446679526
86,panasonic,0.16214223090638608,0.056791188790210625,2.8550596379545294,0.12541129444619095,7.973763482913898,-0.02810083501933794,0.35238529683211006
86,pixels,0.08352943976259825,0.015568263864198052,5.365366394816111,5.077442914664398e-4,1969.4953085771851,0.03137778892101155,0.13568109060418493
86,zoom,0.07607975312332083,0.013041897223481983,5.833488166609606,1.5527560506245326e-4,6440.161669940303,0.0323911006027896,0.11976840564385205
86,video,0.08201049757676268,0.01282823490476681,6.39296818195063,3.675860483236229e-5,27204.514550008156,0.03903758592116261,0.12498340923236276
86,swivel,0.05722293083906282,0.012798884045033498,4.470931265391666,0.004437473780136193,225.35344422233598,0.01434834073055781,0.10009752094756783
86,wifi,0.07695342393349901,0.012615104531300773,6.100101964479256,7.83350565414742e-5,12765.676622324947,0.034694471195713714,0.1192123766712843
86,price,-0.20842179717668763,0.01553816400755706,-13.413540819579502,4.006411517033046e-12,249599921463.02322,-0.2604726174293521,-0.1563709769240231
87,canon,0.2346247022926044,0.05648591622165359,4.153684988872717,0.008959041438490235,111.61908412475417,0.04576064440913491,0.4234887601760739
87,sony,0.16659830663819544,0.056519149355230884,2.947643560434737,0.10557730232192594,9.471732825212785,-0.022376868225991192,0.3555734815023821
87,nikon,0.19243642912864292,0.05649839881790886,3.4060510236556376,0.04416774023463469,22.640959095657724,0.003530634933905319,0.3813422233233805
87,panasonic,0.1534203096498061,0.05690928889296371,2.69587465656727,0.16364156563549453,6.110916845097061,-0.03685932022132182,0.34369993952093403
87,pixels,0.08293549448472227,0.015438092846777817,5.372133417505147,4.773311429206456e-4,2094.981680602906,0.031317302622827635,0.1345536863466169
87,zoom,0.07638953521160398,0.012897833578589615,5.922664046341123,1.1672827315055415e-4,8566.904769594397,0.03326485298109248,0.11951421744211548
87,video,0.08228666887002338,0.012688386440135863,6.48519567545125,2.695810192269826e-5,37094.599718759026,0.039862285742835846,0.12471105199721091
87,swivel,0.05605984858008516,0.012728150240861193,4.404398716171356,0.0050411819252061535,198.3661797643032,0.013502512793824424,0.0986171843663459
87,wifi,0.07614782812265089,0.012491494230305789,6.095974326106446,7.446717753189811e-5,13428.735090324173,0.034381765939895455,0.11791389030540633
87,price,-0.20696121139214688,0.015448754645856412,-13.396627504059493,3.050385595630015e-12,327827406945.732,-0.25861505162044884,-0.15530737116384494
88,canon,0.23152876673864742,0.05593352627078132,4.139355806351046,0.009049088809510221,110.50836399671986,0.044854688027999884,0.418202845449295
88,sony,0.16572742998791978,0.055843250686971546,2.9677253374253274,0.10097180455859633,9.90375485880988,-0.020645360522942663,0.3521002204987822
88,nikon,0.19191635552867323,0.05584363615391827,3.4366736972446845,0.04099519284351551,24.393103938238383,0.005542278549891616,0.37829043250745487
88,panasonic,0.14981419338460744,0.05630243584431992,2.660882982023263,0.17250801972589577,5.796831947807042,-0.03809109421557921,0.3377194809847941
88,pixels,0.08465932092132135,0.015345967253099937,5.516714556016003,3.156493954114939e-4,3168.0719638203573,0.033443270550603664,0.13587537129203903
88,zoom,0.07495142932099189,0.012831923967287254,5.841012580191984,1.36509688854999e-4,7325.487358353025,0.03212581569738358,0.11777704294460019
88,video,0.08045134354724905,0.012687765464615426,6.340859923019359,3.680052538987308e-5,27173.52508981255,0.03810684844894687,0.12279583864555121
88,swivel,0.06023620182986913,0.013244425084776855,4.5480420210239725,0.0034968113771515837,285.97481881181,0.016033895706994802,0.10443850795274345
88,wifi,0.07582613267978724,0.012359039808805622,6.135276999897865,6.32318421603016e-5,15814.816804875929,0.034578735566149495,0.117073529793425
88,price,-0.20542691928194862,0.01534063305756269,-13.391032724081512,2.2820262806689813e-12,438207048039.27484,-0.25662516716274714,-0.15422867140115007
89,canon,0.22738892519329143,0.055501538214696916,4.0969842009365856,0.009748896986733549,102.5757069092858,0.0424875417963744,0.41229030859020843
89,sony,0.1619808265730958,0.05537646156735655,2.925084449032053,0.10821830365080375,9.240580994752758,-0.022503868460438975,0.3464655216066306
89,nikon,0.18716488509629506,0.055453440558527974,3.3751717334608498,0.04581920108411958,21.824911310961042,0.002423737315360136,0.37190603287723
89,panasonic,0.14643911839552923,0.055823153056057374,2.623268489482772,0.18265968361048168,5.474661842360797,-0.039533713307171564,0.33241195009823
89,pixels,0.08345350060059466,0.015217732140968972,5.483964353395489,3.279283525852903e-4,3049.446600503724,0.03275617192216541,0.13415082927902391
89,zoom,0.07377106701803383,0.01275098847020075,5.78551750638297,1.4965753551764987e-4,6681.922140045297,0.03129160638222139,0.11625052765384628
89,video,0.07982371140051994,0.012559790352997867,6.35549711874506,3.3151144299626815e-5,30164.871262415432,0.03798122043277226,0.12166620236826763
89,swivel,0.06145019013375939,0.013172729740898196,4.6649548986776175,0.002563981881194403,390.0183567343155,0.017565713584948663,0.1053346666825701
89,wifi,0.07530105587564327,0.012228696718938736,6.157733535007339,5.608349633313993e-5,17830.557390001675,0.03456159147149513,0.11604052027979142
89,price,-0.20538786381990512,0.015174170761439119,-13.53535999092883,1.2916984974216378e-12,774174470277.7794,-0.25594006932523256,-0.15483565831457768
90,canon,0.22909959256539256,0.05490621640862446,4.172562007558154,0.00802612370929461,124.59314561049628,0.04649996147232402,0.4116992236584611
90,sony,0.1652719983695999,0.054834945938476674,3.013990358539436,0.0912065741703977,10.964121929760665,-0.017090611081693824,0.3476346078208936
90,nikon,0.18977305384633672,0.05490776908547503,3.456214976625924,0.038389329236665104,26.048905252684495,0.007168259071654942,0.3723778486210185
90,panasonic,0.14907971215935512,0.05527896795232344,2.696861350377094,0.16051502225077938,6.229946493342274,-0.03475956534938074,0.33291898966809097
90,pixels,0.08616341811615011,0.015325207424700159,5.622332913894372,2.1838627405101094e-4,4579.042361272297,0.0351969264287818,0.1371299098035184
90,zoom,0.07238638376392593,0.012680161106312903,5.7086328128660675,1.7408631385952293e-4,5744.276949921171,0.030216427579334078,0.1145563399485178
90,video,0.08097988544321488,0.012469835473318858,6.494062060119708,2.139454201864017e-5,46740.893033781314,0.0395094016591306,0.12245036922729917
90,swivel,0.060188630108783815,0.013080340232900113,4.601457533757061,0.0029051508518113545,344.216204599669,0.016687812581604657,0.10368944763596297
90,wifi,0.07552198422348329,0.012087432172352093,6.247975843556478,4.1470348105670985e-5,24113.61480380851,0.0353232453574177,0.11572072308954887
90,price,-0.20565007251488385,0.015016103507569887,-13.695302007688744,7.068250087879528e-13,1414777331824.7144,-0.25558858841136256,-0.15571155661840513
91,canon,0.2312957403522613,0.05430722254464677,4.259023561039411,0.006418271081415029,155.80519852077222,0.050994620958829895,0.4115968597456927
91,sony,0.16865408408212984,0.05422945623464132,3.110008762625118,0.07544350435529905,13.254951616384735,-0.011388849528857048,0.34869701769311673
91,nikon,0.19104429654586796,0.05428189675610825,3.519484542042464,0.03324159829789872,30.082789372471673,0.010827259302269604,0.37126133378946635
91,panasonic,0.15141889822670976,0.05465703473255687,2.770346012505431,0.1405505611055383,7.1148773233933085,-0.030043604977241595,0.33288140143066114
91,pixels,0.08636829032722813,0.015148360873663634,5.701494111972521,1.6891269338793982e-4,5920.218190490347,0.03607541408499723,0.13666116656945904
91,zoom,0.07531273144549584,0.012883603842764367,5.845626143479461,1.1509374107873503e-4,8688.569774753478,0.032538896109648635,0.11808656678134305
91,video,0.08070183321158958,0.01233856714495719,6.5406162857875,1.7620622504411595e-5,56751.68398560463,0.039737531159171544,0.12166613526400762
91,swivel,0.06050998652447343,0.012942212142070763,4.675397517845956,0.0023557907515775805,424.4859180851862,0.01754157040405377,0.1034784026448931
91,wifi,0.07591626515160932,0.011956422626216144,6.349412991236375,2.9629457376468798e-5,33750.196208256675,0.0362206909271046,0.11561183937611404
91,price,-0.2063962428715272,0.014849716397971268,-13.89900233379033,3.5450347664223644e-13,2820846806558.1094,-0.25569761318241113,-0.15709487256064328
92,canon,0.22635135756427988,0.0539358527843389,4.1966770873048,0.007266461798836944,137.61855875442131,0.04757940546574585,0.4051233096628139
92,sony,0.16431288127674545,0.053777146450354765,3.0554406866573616,0.08297247654744265,12.052189371836,-0.01393303406382368,0.3425587966173146
92,nikon,0.18519521705251296,0.054000995687386255,3.4294778215686033,0.039561428259297336,25.27714604856284,0.006207346907967731,0.36418308719705816
92,panasonic,0.14613325452833,0.05424767464285493,2.6938160112928915,0.15956786784137522,6.266925876292899,-0.033672240185666114,0.32593874924232613
92,pixels,0.08550129578183166,0.015011087719179021,5.695876100476738,1.6339474131047102e-4,6120.148004640317,0.035746609128222695,0.13525598243544062
92,zoom,0.07388855554523406,0.012822851679711351,5.762256118281587,1.367867920842567e-4,7310.647356829809,0.031386840861720465,0.11639027022874765
92,video,0.08210005702805266,0.012286702026075038,6.682025563395173,1.1162359087710996e-5,89586.79721215316,0.04137542595867537,0.12282468809742995
92,swivel,0.060546768463544134,0.0127955372670668,4.73186605609595,0.0019888047704938665,502.8145622114919,0.01813558819483651,0.10295794873225175
92,wifi,0.07670560832416777,0.011842626092001428,6.477077611694178,1.9608745698284794e-5,50997.65254681595,0.03745287984863193,0.1159583367997036
92,price,-0.20582503327128032,0.01468676963602721,-14.014316175177392,2.0896382825896518e-13,4785517227224.215,-0.25450475820957663,-0.157145308332984
93,canon,0.2280666157733919,0.0533961864662903,4.271215434408846,0.0059619340552917064,167.7308052598163,0.051368878254840905,0.40476435329194294
93,sony,0.16399344902240195,0.053211482668260625,3.0819184281106327,0.07822243502421522,12.784056130321579,-0.012093069879562435,0.34007996792436634
93,nikon,0.18307021000947657,0.05345016356907108,3.425063606641797,0.039449163137451754,25.34908019507852,0.00619385239517789,0.35994656762377525
93,panasonic,0.14605525175071107,0.053688510093914434,2.72041916408603,0.15156175734333985,6.597970474403076,-0.0316098380647499,0.323720341566172
93,pixels,0.08428346108726203,0.014881998623316895,5.66345040209908,1.7004343454535856e-4,5880.8503996268855,0.03503620841774047,0.1335307137567836
93,zoom,0.07377757135078575,0.012677424071744088,5.819602699512429,1.115417003426001e-4,8965.256912244498,0.031825658690233044,0.11572948401133845
93,video,0.08285556296833446,0.01217933262967424,6.802964126824295,7.4344849511188284e-06,134508.30912631121,0.04255192590039655,0.12315920003627237
93,swivel,0.06062226147498177,0.012665089814558864,4.78656388249966,0.001682833250678029,594.235940843866,0.018711165125158996,0.10253335782480455
93,wifi,0.0764777204088884,0.011711514943679816,6.530130455083441,1.586211084492193e-5,63043.31181244635,0.03772217754311911,0.11523326327465769
93,price,-0.20630403501257513,0.014535915349982147,-14.192710265943349,1.0883412362919638e-13,9188294687859.6,-0.25440603489461777,-0.15820203513053252
94,canon,0.22717216473185847,0.05290511243643405,4.293954861258594,0.005522654168457607,181.07235570017318,0.052374908652492086,0.4019694208112249
94,sony,0.16098150263076305,0.05283360584700794,3.0469527879078067,0.08294496619840194,12.056186720337305,-0.013579497346921376,0.3355425026084475
94,nikon,0.17871928387734662,0.05309600135037093,3.36596503186766,0.04405693004906419,22.697904708438507,0.003291335283863994,0.35414723247082924
94,panasonic,0.14522092864960906,0.053214808601545704,2.728957079165195,0.14850049097014825,6.7339844701323,-0.030599556327434496,0.3210414136266526
94,pixels,0.08507240261156832,0.014780252174756533,5.755815368080461,1.2635148389544782e-4,7914.430200340748,0.03623879456635937,0.13390601065677726
94,zoom,0.07679784992982669,0.012896882852480421,5.954760604424377,7.33177948972249e-5,13639.25362733257,0.0341868501460304,0.11940884971362298
94,video,0.0838886279606206,0.012115335609153973,6.924168728535836,4.920370248641183e-6,203236.73818574153,0.04385984201852056,0.12391741390272065
94,swivel,0.05997253136883983,0.012560629022926295,4.774643949707848,0.001683494895226716,594.0023951574443,0.01847250638587892,0.10147255635180075
94,wifi,0.07560805497131808,0.01160790263182506,6.51349837859818,1.5564144475122894e-5,64250.238848550915,0.037255815737021525,0.11396029420561463
94,price,-0.20630829789335137,0.014401654829687801,-14.325318884053807,6.15564798096432e-14,16245243442971.275,-0.2538910291512468,-0.15872556663545595
95,canon,0.23027185413876505,0.05238782159265588,4.3955226069382185,0.004220467212076797,236.9405920601673,0.0574493645567119,0.4030943437208182
95,sony,0.1673819677847125,0.05257640641655872,3.183594680445795,0.06303431637278016,15.864374479546598,-0.006062645370595893,0.34082658094002094
95,nikon,0.18223746036074184,0.05260755160485671,3.464093172964122,0.035510827323362075,28.160425294910375,0.008690102162472624,0.35578481855901106
95,panasonic,0.1499312847862666,0.05285993350733126,2.8363880700960835,0.1219035484113351,8.203206658314269,-0.02444865753909717,0.3243112271116304
95,pixels,0.08408935596150699,0.014652948776336551,5.7387326772959995,1.2629933594907652e-4,7917.69800280816,0.035750657953880965,0.13242805396913301
95,zoom,0.0782816763210304,0.01284495850539231,6.094350268875355,4.726197900866279e-5,21158.656936830914,0.035907367941861806,0.120655984700199
95,video,0.08433016206771292,0.011976793061330988,7.041130429145217,3.2777201287284692e-6,305090.11164047476,0.04481984972522663,0.12384047441019921
95,swivel,0.05861189897345194,0.01251499911680176,4.683332250080922,0.0020619790668566554,484.9709757356707,0.017326095541875683,0.0998977024050282
95,wifi,0.07696461233143832,0.011565978223231322,6.654397133209873,9.806873083295508e-6,101969.30168325981,0.038809539449559526,0.11511968521331711
95,price,-0.20756578432953282,0.014292923601116047,-14.522276206200758,3.064275853200219e-14,32634137652967.38,-0.25471679319105117,-0.16041477546801447
96,canon,0.22466109040249113,0.05213978023260624,4.308823117401569,0.005099329739531648,196.10420409719293,0.05291445663549088,0.3964077241694914
96,sony,0.1582379443188929,0.05286181047907567,2.9934264998647433,0.09045020525621159,11.055806862653037,-0.01588703212151074,0.3323629207592965
96,nikon,0.17669194824472986,0.0523552780290517,3.374864099598217,0.04232295901771596,23.627837542772237,0.004235472185364769,0.349148424304095
96,panasonic,0.14225814450193058,0.052831054191062134,2.692699335270837,0.1565765090334829,6.386654078397905,-0.031765521788911094,0.3162818107927723
96,pixels,0.08523993405876634,0.014517758117284932,5.8714254205185545,8.349019228795807e-5,11977.454747630658,0.037418940656727274,0.13306092746080542
96,zoom,0.08121492258724182,0.013043453026663961,6.226489444261343,3.088428932474335e-5,32378.922159586076,0.03825023919130742,0.12417960598317622
96,video,0.08403655915882406,0.011886344905907663,7.070008469723677,2.7957699329510653e-6,357683.2228624955,0.04488334991482856,0.12318976840281956
96,swivel,0.059432378788761696,0.012396604264610084,4.794246675957035,0.001510608450092,661.9849107418255,0.018598392855369163,0.10026636472215422
96,wifi,0.077068962046346,0.011449246534434842,6.731356671773361,7.36613570599292e-6,135756.39112736177,0.03935553972877389,0.1147823843639181
96,price,-0.2049265981900512,0.014382220149000959,-14.248606687075789,3.8105012995890555e-14,26243266210349.94,-0.25230113420971273,-0.1575520621703897
97,canon,0.2208620288369231,0.05166695199929278,4.2747253377738685,0.00542432112358486,184.354867128352,0.05092162680359699,0.39080243087024924
97,sony,0.15514597328354005,0.05236089011112786,2.9630125262245697,0.09514271933910397,10.510525733827714,-0.017076895919769575,0.32736884248684966
97,nikon,0.17235395069633425,0.05193910615708289,3.318384998291514,0.047083056663978856,21.239062857298627,0.001518392568053556,0.34318950882461496
97,panasonic,0.13912543600141108,0.052312441716740134,2.659509505496673,0.16509558450445358,6.0570971840438546,-0.03293807912155272,0.3111889511243749
97,pixels,0.08471085930582307,0.014340891712440039,5.9069450494727915,7.20166289182007e-5,13885.681890717755,0.037541502321849766,0.13188021628979638
97,zoom,0.07963410889481752,0.01300608023764487,6.1228369685375394,3.9188524934527566e-5,25517.673902518767,0.03685514828391636,0.12241306950571867
97,video,0.08333257215464863,0.011772534174624582,7.078558526019829,2.5278096681872808e-6,395599.4047277739,0.04461093069582681,0.12205421361347046
97,swivel,0.05894232117482391,0.01227647198844241,4.801242672187474,0.0014416158722172993,693.6660585332866,0.01856315219858303,0.09932149015106478
97,wifi,0.07621422864060096,0.011366333959868441,6.705260368883539,7.42165609088838e-6,134740.81630213332,0.0388286409865909,0.11359981629461102
97,price,-0.2048014631192028,0.01422146791362182,-14.400866658992127,2.0560760828626618e-14,48636332494452.555,-0.25157801720696904,-0.1580249090314366
98,canon,0.22146161491677815,0.05120260867555476,4.325201794308358,0.00469324581659013,213.07215498176234,0.05328880360562288,0.38963442622793343
98,sony,0.15706411121196645,0.05193898563894677,3.024011910894751,0.08406527695043989,11.895517819914435,-0.013527299215946892,0.32765552163987977
98,nikon,0.17300515002094785,0.0514381326581388,3.3633637358251596,0.04244994146043292,23.557158516510277,0.0040587701103226015,0.3419515299315731
98,panasonic,0.14050013817710522,0.0518750426640156,2.708434171073301,0.15080240283479607,6.631194073847082,-0.029881254243211836,0.3108815305974223
98,pixels,0.08448062693392858,0.014222905123630192,5.9397588748286685,6.253847591653818e-5,15990.156225338262,0.03776609418796964,0.1311951596798875
98,zoom,0.08135763045065121,0.012988053451946941,6.2640356964696275,2.4820735834012323e-5,40288.89420069815,0.038698916002840776,0.12401634489846164
98,video,0.08385692660526098,0.011677808139303013,7.180878946198028,1.7394767185680043e-6,574885.5327153982,0.04550165769341581,0.12221219551710615
98,swivel,0.06064997120636464,0.012285815191806753,4.9365850177211925,9.824409675360023e-4,1017.8728626393059,0.02029772874255708,0.1010022136701722
98,wifi,0.07511016418782507,0.011302517043523183,6.64543693219789,8.263081215345123e-6,121020.2313082594,0.037987523071123276,0.11223280530452687
98,price,-0.20515604457984943,0.01409920927806105,-14.550890091338717,1.1094746546318593e-14,90132748488230.7,-0.25146430353166077,-0.1588477856280381
99,canon,0.22383932529741488,0.05072247357460918,4.413020689303786,0.003691623616624055,270.8835200579001,0.05747558861879046,0.39020306197603927
99,sony,0.1590322070199442,0.05147333996744436,3.089603416458466,0.0734099707997511,13.622127745123562,-0.009794282952340416,0.3278586969922288
99,nikon,0.1718180957438188,0.05094194015617025,3.3728219855208565,0.04119240041236948,24.276322573804524,0.004734534537495061,0.3389016569501425
99,panasonic,0.13989912413917693,0.05135895493830394,2.723948030236086,0.14598238641984534,6.8501414761367165,-0.028552196415553482,0.3083504446939074
99,pixels,0.08764937824747576,0.014440368405172033,6.069746684307779,4.1092027689814165e-5,24335.620708439234,0.04028667139196969,0.13501208510298185
99,zoom,0.08288792550169004,0.012937204163129446,6.406942679154555,1.5527743675905453e-5,64400.85699970109,0.040455420241736255,0.12532043076164381
99,video,0.08354718665053187,0.011564995932149979,7.2241431938835206,1.4181351537377915e-6,705151.407723228,0.045615362700434106,0.12147901060062964
99,swivel,0.06018195018770779,0.012155502060135551,4.951004893913586,9.175344847707072e-4,1089.8772924593684,0.020313335717352693,0.10005056465806289
99,wifi,0.07435229606602715,0.011214703641282438,6.629893971725563,8.112545095048176e-6,123265.87874505512,0.03756938955491666,0.11113520257713765
99,price,-0.20492163981467093,0.013960185038833553,-14.679005990582,6.230966411681438e-15,160488748282330.75,-0.25070940180875406,-0.15913387782058777
100,canon,0.22172418268217692,0.05023746179613841,4.413522792650725,0.003607151279745127,277.2270754529202,0.05717540518782574,0.3862729601765281
100,sony,0.156530847763987,0.05105212543035552,3.0660985501480025,0.07631401915100786,13.103752247948448,-0.010686295135119456,0.32374799066309345
100,nikon,0.17048255767737425,0.050445280763216936,3.379554144570935,0.04020200833706055,24.874379200557048,0.005253085821678188,0.33571202953307033
100,panasonic,0.139006163903254,0.050814508000597294,2.7355605588392207,0.1422768264751004,7.028551484981344,-0.027432682159584526,0.3054450099660925
100,pixels,0.0883484154500953,0.014301658308021607,6.177494493805789,2.8605831482229665e-5,34957.907118386465,0.041504480534024786,0.1351923503661658
100,zoom,0.0848373128465263,0.012950981993881401,6.550647115918089,9.620066754886467e-6,103949.38262689857,0.04241740988462253,0.12725721580843008
100,video,0.08247204905932908,0.01150835291070865,7.166277372549804,1.5592400504732621e-6,641338.0670259714,0.04477736197272495,0.1201667361459332
100,swivel,0.05508457448774227,0.013065376882398805,4.216072370782521,0.005896747411217579,169.58501530821326,0.012289980242000814,0.09787916873348372
100,wifi,0.07498520293879987,0.01111912415120582,6.743804810441662,5.44736345191536e-6,183575.0466858215,0.03856540344109772,0.11140500243650203
100,price,-0.20180971743750098,0.014157410789816412,-14.254705216483865,1.1018484472117558e-14,90756582952085.22,-0.2481811811751195,-0.15543825369988246
101,canon,0.2239020817248557,0.049810306534427536,4.495095439135687,0.0028676267734054645,348.72041552759146,0.06096923235899157,0.38683493109071987
101,sony,0.1596143125328678,0.050648062524991926,3.1514396518940337,0.06388217025607251,15.653820087694063,-0.006058892797712878,0.3252875178634485
101,nikon,0.17135713492273727,0.04997346698176908,3.428962312845943,0.03581110509794315,27.92429882476417,0.007890576803830401,0.33482369304164417
101,panasonic,0.1424706870328695,0.0504477039942887,2.8241262882647526,0.1204185947969502,8.304365299115139,-0.022547132122167968,0.30748850618790696
101,pixels,0.088000551678551,0.014171909356629358,6.209505682266164,2.473381019811083e-5,40430.48733657623,0.04164328682545468,0.13435781653164733
101,zoom,0.08389869454201229,0.01286580357028621,6.521061361124597,9.889137341475747e-6,101121.05489787554,0.04181378920943096,0.12598359987459362
101,video,0.08146260405222795,0.011431899477708297,7.12590276104828,1.6331328262805567e-6,612320.0660153833,0.044068095060805744,0.11885711304365015
101,swivel,0.05528422939763881,0.012935380303906603,4.273877388896132,0.005013552544893241,199.45936360407572,0.012971733908580425,0.09759672488669718
101,wifi,0.07859397873083314,0.011582172547092318,6.785771703130429,4.508208839659488e-6,221817.58555700176,0.040707916462966634,0.11648004099869964
101,price,-0.202180402933315,0.014020872213119621,-14.419959033941597,5.71330619415538e-15,175030002946977.34,-0.24804361517231802,-0.15631719069431196
102,canon,0.22611996846261234,0.04929278627593333,4.5872831614108405,0.002208787489302004,452.73708079359346,0.06508930487449924,0.3871506320507254
102,sony,0.1643477183436484,0.05030163641797293,3.2672439715087767,0.04995585870412224,20.017672119756444,2.1322862349210103e-5,0.3286741138249476
102,nikon,0.17420606921453144,0.04950349422100138,3.5190661175716804,0.029124478009207085,34.335379321952864,0.012487060682238094,0.3359250777468248
102,panasonic,0.1441613752112911,0.04989383931138305,2.889362237922656,0.10597369234184983,9.4363042175996,-0.01883282049708629,0.3071555709196685
102,pixels,0.087565840169321,0.014009156164206237,6.250614893783112,2.0803742050629796e-5,48068.275292315826,0.0418004476268212,0.1333312327118208
102,zoom,0.0831784009614579,0.012757306483702857,6.520059784384443,9.355160472151774e-6,106892.87511173934,0.04150257608177146,0.12485422584114433
102,video,0.08029850465024561,0.011366423833986021,7.064535497097175,1.8275358383967164e-6,547184.8918034311,0.04316644312780417,0.11743056617268706
102,swivel,0.05512140811871785,0.012797794268455988,4.307102221089859,0.0045241643035319225,221.03529688771926,0.01331331693114788,0.09692949930628783
102,wifi,0.08048567203146881,0.011632091729570552,6.919277624579073,2.830271933835624e-6,353322.9397659984,0.0424857212953693,0.11848562276756831
102,price,-0.2035301335004784,0.013931813998577557,-14.609018862960625,2.802430209345717e-15,356833150265486.9,-0.24904286310392643,-0.1580174038970304
103,canon,0.22252806150331841,0.04894032175595608,4.5469268186050815,0.002397920770139003,417.02795707550916,0.06285166880162393,0.3822044542050129
103,sony,0.1595631284141855,0.050022686019699586,3.189815284036276,0.0581487246708963,17.19728172302469,-0.0036446677401794914,0.3227709245685505
103,nikon,0.17141433523296828,0.04910776321306725,3.490575094802039,0.030674511724725483,32.60035592331664,0.011191635377970827,0.3316370350879657
103,panasonic,0.14005397681285808,0.04958011400775931,2.824801427260526,0.11899542341987972,8.403684538954606,-0.021709850445475798,0.30181780407119196
103,pixels,0.08686700884673133,0.013919789380152049,6.240540461811388,2.0350888678966234e-5,49137.903301174025,0.04145125194849363,0.13228276574496903
103,zoom,0.08426969914953467,0.012681521415747686,6.645078014447861,6.06371448320867e-6,164915.4165766131,0.04289400890104464,0.1256453893980247
103,video,0.08072323288982411,0.011265805257085875,7.165331820293224,1.2539583464646358e-6,797474.6552143166,0.043966565181313734,0.11747990059833449
103,swivel,0.05271117273687404,0.012901137033776766,4.085777292254915,0.007690044201825035,130.038264248556,0.010618947974313946,0.09480339749943414
103,wifi,0.08186436538299699,0.011592899971201817,7.06159507857034,1.7189500526110354e-6,581750.4694106899,0.044040493738184965,0.11968823702780901
103,price,-0.2025505064438868,0.013829589437118973,-14.64616916972503,1.8973468413367955e-15,527051764186372.8,-0.2476719701906156,-0.15742904269715802
104,canon,0.2175101540373323,0.048720656029943965,4.464434015495387,0.002907073392904213,343.9885633575229,0.05874755359771072,0.37627275447695385
104,sony,0.1566132427366373,0.04959859389102736,3.1576145702987244,0.06163759816532527,16.223863839044885,-0.005010232518880303,0.3182367179921549
104,nikon,0.16803055427228378,0.0487524450708339,3.4466077348150868,0.033431500093196544,29.91190934335323,0.009164365104422062,0.3268967434401455
104,panasonic,0.13709585838465688,0.049193011712928184,2.786897032950462,0.12704418059261927,7.871277498389373,-0.023205974542247237,0.297397691311561
104,pixels,0.08683337890081952,0.013813829290499154,6.285974516895297,1.6878227234006e-5,59247.9284782477,0.041819217785239386,0.13184754001639964
104,zoom,0.08413563622355687,0.012564025905451881,6.696550680228068,4.885909962228478e-6,204670.16537977644,0.043194122145537056,0.12507715030157668
104,video,0.08109667328558688,0.011162864150035472,7.26486251159199,8.600183315529389e-7,1162765.9124361868,0.044721027199774194,0.11747231937139957
104,swivel,0.052196042029694634,0.012795150858074533,4.079361205558253,0.00768340798610491,130.15057924926725,0.010501377204232006,0.09389070685515727
104,wifi,0.0826900311020808,0.01150221067900023,7.1890555137413115,1.085279242111615e-6,921421.8435195645,0.04520858017333882,0.12017148203082278
104,price,-0.20272978529721755,0.013698421081183186,-14.799500182958823,9.96622938795767e-16,1003388504390952,-0.2473678737381641,-0.158091696856271
105,canon,0.22448592271874454,0.04872373604859789,4.607321624409885,0.0019556688254706764,511.3340188154439,0.06590571929737124,0.3830661261401178
105,sony,0.16325327862795058,0.04955948208834521,3.2940876649383406,0.046006742161752795,21.73594462490194,0.0019529886996734191,0.32455356855622775
105,nikon,0.17653773975975426,0.049031060670717073,3.6005286719238416,0.023484447353015594,42.581372470389084,0.016957292821680042,0.33611818669782845
105,panasonic,0.14135382468142202,0.0488954084910873,2.8909427090109725,0.10388774108194071,9.625774798696,-0.017785117725497485,0.3004927670883415
105,pixels,0.08648912075115901,0.013688127348735436,6.318550269708678,1.45321363434676e-5,68813.0070049552,0.04193863682983021,0.13103960467248782
105,zoom,0.084247158001278,0.012443203973764451,6.77053580242731,3.668042242521006e-6,272624.9955378678,0.043748502163288516,0.12474581383926747
105,video,0.07880673485113508,0.011271884386885008,6.991442792194338,1.859796048258686e-6,537693.3674723597,0.042120350267827567,0.1154931194344426
105,swivel,0.05119198688646573,0.01269929503094026,4.031088872393529,0.008510543365766995,117.50131067099932,0.009859836426864554,0.0925241373460669
105,wifi,0.08316564189207971,0.01140963073717277,7.289073924287895,7.416146068750237e-7,1348409.255602107,0.04603093692079133,0.1203003468633681
105,price,-0.20416907306336754,0.01364219564935593,-14.965998019021718,5.06487704096357e-16,1974381592903891.5,-0.24857006396913967,-0.15976808215759541
106,canon,0.22281470014059626,0.04824251886628149,4.618637363405372,0.0018553695231003093,538.9761918310521,0.06598675848010871,0.3796426418010838
106,sony,0.16513687475013875,0.04909619933780963,3.3635368313115976,0.039300121399790174,25.44521401924573,0.005533768062373018,0.3247399814379045
106,nikon,0.17591850008177687,0.048528216773238826,3.625076538538465,0.021960171278637537,45.53698545023564,0.018161804787818814,0.3336751953757349
106,panasonic,0.14147558093108567,0.04837488587335788,2.9245667121873735,0.09682820820362217,10.327568985858727,-0.015782662582443346,0.2987338244446147
106,pixels,0.08781974072520643,0.013599116716857672,6.457753290428322,9.028995009651167e-6,110754.2975636925,0.043611404733941365,0.1320280767164715
106,zoom,0.08621921775607423,0.0124800971329481,6.908537396592135,2.2519065020289953e-6,444068.17028104316,0.04564861756605839,0.12678981794609007
106,video,0.07825200610076087,0.01118040083236036,6.999034048427818,1.7006909592170526e-6,587996.3050196787,0.04190648993195664,0.1145975222695651
106,swivel,0.05075269812981232,0.012587376898852984,4.0320313388278,0.008360224956838466,119.61400622145027,0.009833350294274158,0.09167204596535047
106,wifi,0.08395248476267382,0.011337371303393974,7.404933870123991,4.802706572407637e-7,2082159.2677453365,0.04709668520792299,0.12080828431742466
106,price,-0.2037056719571129,0.013509264057237557,-15.0789614514921,2.881398949935849e-16,3470536421283362.5,-0.2476219127594845,-0.15978943115474128
107,canon,0.22802403770739746,0.048015953975140316,4.748922364959242,0.0012760355515078687,783.6772249944898,0.0721134802771394,0.3839345951376555
107,sony,0.17264265398879658,0.04911694710205245,3.514930470537782,0.02788288875041517,35.864289706535885,0.013157108706945975,0.3321281992706472
107,nikon,0.1829097168013117,0.04852881021734471,3.7690954297482002,0.015532586084733516,64.38077951377768,0.025333885727941763,0.34048554787468166
107,panasonic,0.14753000982410555,0.048297221482764184,3.054627270364912,0.07440954416440777,13.439136218742338,-0.00929383934088221,0.3043538589890933
107,pixels,0.08566429947394359,0.013633130422294498,6.2835384699214245,1.4608890939325384e-5,68451.46590205008,0.04139674280392883,0.12993185614395836
107,zoom,0.08514084663840593,0.0124103607055224,6.860465111261408,2.456159025328841e-6,407139.761590199,0.044843693394083374,0.1254379998827285
107,video,0.07626897723528711,0.011223653434112845,6.795378856182196,3.008296299470293e-6,332414.0644577072,0.039825130587513614,0.11271282388306061
107,swivel,0.04915581173605757,0.01257853142859665,3.9079134170070393,0.011149796068602297,89.68773902654497,0.008312598505266125,0.08999902496684901
107,wifi,0.08342677487630636,0.011244905736585601,7.419072852240559,4.262825526260503e-7,2345861.902720739,0.04691392078307172,0.119939628969541
107,price,-0.20557986630229963,0.013501509796228708,-15.226435369452012,1.5139736293285514e-16,6605134862510788,-0.24942004324786154,-0.16173968935673771
108,canon,0.22706387093329472,0.047590103717180504,4.771241354771883,0.0011722363264105066,853.0703045708285,0.0727111850348316,0.38141655683175785
108,sony,0.17137157361405114,0.04866683469744541,3.521321546376359,0.027209784364258718,36.75148566460325,0.013526642357568869,0.32921650487053344
108,nikon,0.18105227651578396,0.04812200760367073,3.7623591685308937,0.015588133643529352,64.15136172604608,0.02497442536011718,0.33713012767145073
108,panasonic,0.14787809022784323,0.047802756456898764,3.093505504461383,0.06831639893185527,14.637773882043858,-0.00716430884574229,0.3029204893014288
108,pixels,0.08438464468314065,0.013576998558732305,6.215265054209427,1.715300583964137e-5,58298.820005584974,0.0403493089664138,0.12841998039986752
108,zoom,0.08559103144175552,0.012304180036453097,6.956256425716986,1.709414247319694e-6,584995.7092424891,0.04568392706368371,0.12549813581982733
108,video,0.0793171333114669,0.011533933307930079,6.876850350515981,2.1942472927526164e-6,455737.1465389985,0.041908230073249134,0.11672603654968468
108,swivel,0.04796051861787971,0.01251811793373675,3.8312882872452017,0.013229450618861441,75.58892873255702,0.007359532813168354,0.08856150442259107
108,wifi,0.0845523294697508,0.011188425578496423,7.557124894520997,2.553936558983408e-7,3915524.0426099272,0.048264038330924436,0.12084062060857717
108,price,-0.2051987275971014,0.013375846231204552,-15.340990323168688,8.521788638864532e-17,11734625703334072,-0.248581650320296,-0.1618158048739068
109,canon,0.23051501660319634,0.047309594389329614,4.872479241867852,8.646844880012925e-4,1156.4911986700347,0.07724221307843171,0.383787820127961
109,sony,0.17565696818635684,0.04842399844454116,3.6274775695677537,0.021128537119494143,47.32935339273228,0.018773737727977163,0.3325401986447365
109,nikon,0.18514643783311607,0.04787933659590583,3.8669382451081824,0.011984975764387892,83.4377990960479,0.03002779338716996,0.34026508227906216
109,panasonic,0.15307922270905755,0.047678103842472695,3.2106818512503685,0.05318069740091047,18.803815084660393,-0.0013874713518169657,0.30754591676993204
109,pixels,0.08356472582903333,0.013475508232966546,6.201229993285166,1.7085210575067305e-5,58530.15364407123,0.03990700792956062,0.12722244372850605
109,zoom,0.08530054498052443,0.0122021500987114,6.99061593985248,1.4398994404710762e-6,694492.942974435,0.04576823068358967,0.12483285927745918
109,video,0.07845502946969146,0.01145919735716806,6.846468127247635,2.2728249466823864e-6,439981.0911349276,0.041329720581546284,0.11558033835783664
109,swivel,0.04983668930943245,0.012549484056042419,3.9712142018648735,0.009290306285972069,107.63907768142731,0.009179088480523456,0.09049429013834144
109,wifi,0.08545953951365887,0.011123669506433141,7.682675169757168,1.5827289013795126e-7,6318201.424946471,0.0494212679380631,0.12149781108925464
109,price,-0.20652820725752297,0.013323019704456027,-15.50160638045498,4.314251116603316e-17,23178993827028716,-0.24969189546657322,-0.1633645190484727
110,canon,0.23503293800829203,0.04706320548344348,4.993984910164588,5.988922151581636e-4,1669.7495387144186,0.08272372767181771,0.3873421483447663
110,sony,0.18118646365269417,0.048211824580515664,3.7581333050381773,0.01537176060893437,65.05435684568106,0.02516001251514427,0.33721291479024407
110,nikon,0.1897111721161503,0.04763619819574064,3.9825002687370885,0.008908830969031318,112.24817301800628,0.035547603015922885,0.34387474121637773
110,panasonic,0.15944566838035512,0.04763017744028704,3.3475766194708982,0.03931196137805067,25.437550428565928,0.005301584066583431,0.3135897526941268
110,pixels,0.08312117469358665,0.013350606714729492,6.2260222677281405,1.5101874024659718e-5,66216.94753691553,0.039915015118488766,0.12632733426868453
110,zoom,0.08537191448332679,0.012097319820943895,7.05709328569819,1.093591329357255e-6,914418.3692346371,0.04622172889378095,0.12452210007287262
110,video,0.07879377934551907,0.011350917928419366,6.941621800316481,1.5814967007621422e-6,632312.416154955,0.042059151338085944,0.1155284073529522
110,swivel,0.05074643118650919,0.012469400874405834,4.069676778991778,0.007165960997336162,139.54862444433272,0.0103920910806738,0.09110077129234459
110,wifi,0.08520037504826658,0.01102172953829916,7.730218270390842,1.2548354423582758e-7,7969172.42089249,0.04953108934457395,0.12086966075195921
110,price,-0.20837221425633407,0.013319310296012733,-15.644369687724172,2.26333930095872e-17,44182505008259856,-0.2514770901901639,-0.16526733832250423
111,canon,0.2325765245642512,0.04669976975944126,4.980249919053002,6.06805138449506e-4,1647.9754976287381,0.08160385333479958,0.38354919579370284
111,sony,0.17681924425196174,0.047956322113345065,3.6870893442171893,0.01798577498638486,55.59949464268262,0.02178434602683721,0.3318541424770863
111,nikon,0.1867639621887692,0.04728562100454687,3.9496988348912754,0.009531359338098526,104.91682922947028,0.0338973302851579,0.3396305940923805
111,panasonic,0.15635238804983098,0.047336550332702884,3.3029949785295933,0.042980645503176124,23.266286215410688,0.003321110008663919,0.30938366609099804
111,pixels,0.08481495729805587,0.013324396366664623,6.365388342112705,9.312401770264424e-6,107383.68303578951,0.04173937636141389,0.12789053823469784
111,zoom,0.08824287997017002,0.0123205550965787,7.162248720000791,7.313022899825058e-7,1367423.5862490216,0.04841255267858692,0.12807320726175314
111,video,0.07994128380461296,0.011315114127222118,7.0650002205712354,1.0007112369734025e-6,999289.2685251005,0.04336138172260178,0.11652118588662413
111,swivel,0.051955353766639296,0.012421176677833635,4.182804505096274,0.005292362040773635,188.95154796587207,0.011799733460044752,0.09211097407323385
111,wifi,0.0831653221423371,0.011107222439079707,7.487499471490533,2.551417676569681e-7,3919389.63652739,0.04725749967971023,0.11907314460496397
111,price,-0.20675476969408613,0.013296597154416306,-15.54944977974421,2.025789224541273e-17,49363477102433670,-0.2497404803518633,-0.16376905903630895
112,canon,0.24026742017889338,0.04687098842951807,5.126143660063706,3.884526732350984e-4,2574.3161751773614,0.08889856972749782,0.39163627063028894
112,sony,0.1859814767146071,0.048301193400991385,3.850453034785468,0.012010100958632332,83.26324678238811,0.029993810025373296,0.3419691434038409
112,nikon,0.1939791789634566,0.047378864291973154,4.094213355728753,0.006538266883248576,152.94572978690405,0.04097015432227538,0.3469882036046378
112,panasonic,0.16363106164250324,0.04742555948630982,3.45027161334255,0.030761790466620934,32.50786072043115,0.010471235874117857,0.3167908874108886
112,pixels,0.08430035375988558,0.013204662613611905,6.384135379042955,8.36166736459056e-6,119593.37251739221,0.04165617945520672,0.12694452806456444
112,zoom,0.08721715455987089,0.01225559079315578,7.116519801605804,7.951888139874784e-7,1257562.9616637775,0.04763798731546098,0.1267963218042808
112,video,0.07909318529554563,0.011230025694340057,7.0430101807699925,1.0093817649362528e-6,990705.434492523,0.042826058510966145,0.11536031208012511
112,swivel,0.05180460970969324,0.012309308589820387,4.208571856955059,0.004873760128083959,205.1803892107292,0.01205196199469051,0.09155725742469598
112,wifi,0.08242518785187182,0.011032943596271196,7.470824728926292,2.506555690039305e-7,3989538.329325206,0.046794533470132585,0.11805584223361106
112,price,-0.20897916390917273,0.013351014347690851,-15.652680647842843,1.1572297968263723e-17,86413260593741630,-0.2520959779957587,-0.16586234982258677
113,canon,0.23327467866288504,0.046933693011035366,4.970303074340132,5.936031914950509e-4,1684.6270611877892,0.0818573721471681,0.384691985178602
113,sony,0.1807387692107812,0.04813285285172877,3.7549980627065547,0.014961573782799996,66.83788848133155,0.025452737659578145,0.33602480076198427
113,nikon,0.18922186159973778,0.047163514712798914,4.012039025335574,0.007938460781948101,125.96900425255984,0.037063105161217774,0.3413806180382578
113,panasonic,0.15839493977860725,0.0472423362564894,3.3528176701220924,0.03792935220652029,26.364805666997224,0.005981889567845233,0.31080798998936926
113,pixels,0.08465557013105462,0.013067100186563839,6.478527670439166,5.894541217299464e-6,169648.4871570958,0.042498539919191676,0.12681260034291758
113,zoom,0.0870882307484802,0.012148373822123597,7.168715090894094,6.294244507448517e-7,1588753.0247937057,0.04789519212994466,0.12628126936701572
113,video,0.07874109202947667,0.011131958930625786,7.073426386154501,8.595052806019254e-7,1163459.9839801844,0.042827207368352424,0.11465497669060092
113,swivel,0.05226038139629431,0.012204014642094158,4.282228670558744,0.003956234135502024,252.76562654022638,0.012887834570503756,0.09163292822208487
113,wifi,0.08347047012398663,0.010993842444670191,7.592474655160541,1.564036006778656e-7,6393714.694968152,0.04800217635816855,0.1189387638898047
113,price,-0.20857291987022214,0.013230041393990812,-15.765099568392703,6.452710993581238e-18,154973622868704160,-0.2512556304018334,-0.16589020933861087
114,canon,0.2296069602594897,0.04668898995258146,4.917796690240771,6.735964655358835e-4,1484.5683597885927,0.07912897265858965,0.38008494786038977
114,sony,0.1782023376640546,0.0478150085789067,3.726912175911801,0.015831974196288963,63.163316690751145,0.02409520715253169,0.3323094681755775
114,nikon,0.1856999913799077,0.04688543702588961,3.960717936304321,0.008912964902104081,112.19611105659467,0.034588857499948694,0.3368111252598667
114,panasonic,0.15450573397432651,0.04701839317572988,3.286070057665855,0.043599564859339225,22.936008724541097,0.0029660842089853923,0.3060453837396676
114,pixels,0.08724039382339993,0.013199178156040645,6.609532259663765,3.6754399056457985e-6,272076.2754041801,0.044699619886675736,0.12978116776012413
114,zoom,0.08715432730281979,0.0120322856689251,7.243372514659194,4.6183746485953655e-7,2165263.9209427075,0.0483744321811244,0.12593422242451519
114,video,0.07918418052000033,0.011049032517238468,7.166616660459533,5.948557772956447e-7,1681079.7476763814,0.0435732971014563,0.11479506393854436
114,swivel,0.0511840588816582,0.012143228421557541,4.21502891198131,0.004644320411482184,215.31675496111197,0.01204659675814955,0.09032152100516685
114,wifi,0.08330657507874747,0.010906783996125588,7.638051244834447,1.24982500208168e-7,8001120.143495472,0.048154156733404,0.11845899342409094
114,price,-0.20753838371498715,0.013158305157041033,-15.772425189875838,4.5847012783187496e-18,218116718907956580,-0.2499474245248452,-0.1651293429051291
115,canon,0.22240395644925787,0.046878609303632794,4.744252437369616,0.0010794308718486848,926.4141188470478,0.07146199602378153,0.3733459168747342
115,sony,0.16980006979706477,0.04820412346372415,3.5225216764878473,0.025393926372395067,39.379495133413805,0.0145901562716996,0.3250099833224299
115,nikon,0.17632705995676531,0.04743018864077049,3.7176124533731336,0.016017848377167156,62.43035746458074,0.023609098329152284,0.3290450215843783
115,panasonic,0.1468088105088721,0.04729715253517797,3.1039672081671474,0.06399319657414203,15.626661169229259,-0.005480795182338405,0.2990984162000826
115,pixels,0.08648052346303364,0.01312924971292286,6.586859520076961,3.75978660612929e-6,265972.54173143156,0.0442063451112747,0.1287547018147926
115,zoom,0.08689538378009432,0.011935614148702077,7.28034458030328,3.8301772706237033e-7,2610845.215101913,0.0484645295962964,0.12532623796389222
115,video,0.07853762445953215,0.010977110238774367,7.154672108704372,5.813382778456059e-7,1720168.8553967609,0.043193006437368,0.11388224248169629
115,swivel,0.05176391828304881,0.01206009889341855,4.292163666360769,0.003730219862010028,268.0807129317976,0.012932242238498447,0.09059559432759917
115,wifi,0.08352203542021568,0.010808431411054361,7.727489054035465,8.612420713828739e-8,11611137.370406512,0.048720537454651755,0.1183235333857796
115,price,-0.20571864506694726,0.013181661382291604,-15.606427680149034,4.9374185965732324e-18,202534984717325820,-0.24816158098726906,-0.16327570914662545
116,canon,0.22960088365185852,0.04701999314107885,4.883048003919603,7.106005949844965e-4,1407.260290883682,0.07834808659693782,0.3808536807067792
116,sony,0.17893716988778308,0.04862213337666163,3.6801587561287876,0.017346525941249906,57.648430780137225,0.022530646179201586,0.33534369359636457
116,nikon,0.1851603454321461,0.04783533965142426,3.870785632158318,0.010886350985936445,91.85814432143995,0.03128476108993908,0.33903592977435315
116,panasonic,0.15632406046574346,0.04780230955378054,3.2702198267192353,0.04450179974094456,22.471001303795244,0.002554726557062015,0.3100933943744249
116,pixels,0.0857303738491653,0.01304210241846556,6.573355360849231,3.7377754715858653e-6,267538.80954109837,0.04377684858277688,0.12768389911555372
116,zoom,0.08629404713840827,0.011847877297474883,7.283502771994437,3.5539130178142804e-7,2813799.87351243,0.04818207687440211,0.12440601740241443
116,video,0.07813961381685394,0.01088550314173545,7.178318980705961,5.051326528063544e-7,1979678.0003120406,0.04312338587744178,0.11315584175626611
116,swivel,0.04961148843880875,0.012151529226883215,4.082736214718693,0.006361222448915768,157.20248867738368,0.010522737861025623,0.08870023901659188
116,wifi,0.08199555947272487,0.010827682926678493,7.572770649821558,1.3461795235391038e-7,7428429.734029838,0.04716532622768541,0.11682579271776433
116,price,-0.20785146525166867,0.01323479369676614,-15.704926726772946,2.8356389544202786e-18,352654204598639100,-0.25042483524503534,-0.165278095258302
117,canon,0.23342533789296357,0.0468161744579484,4.985997694079698,5.147683556282202e-4,1942.6213539866997,0.0829688434239744,0.3838818323619527
117,sony,0.18271420096658525,0.048413440423185676,3.774038766290231,0.013670413305529172,73.15067786542616,0.027124458413003233,0.33830394352016724
117,nikon,0.1907242024021489,0.04777527710372016,3.9921108565856462,0.007921472079964027,126.23916235586117,0.03718537103593267,0.34426303376836515
117,panasonic,0.16238410458547556,0.0478464182347477,3.3938612455539396,0.03353241292210994,29.821892099528565,0.008616641868857633,0.3161515673020935
117,pixels,0.08484279220946382,0.012981005687572347,6.5359182679266485,4.024522579541696e-6,248476.67772654854,0.04312480407721149,0.12656078034171614
117,zoom,0.08556402235498639,0.011772235620403904,7.2682899929971585,3.5102328381811866e-7,2848813.8710426576,0.047730745202025346,0.12339729950794744
117,video,0.07801441490322164,0.01079410619181559,7.227501148948717,4.0267382546398426e-7,2483399.5575643433,0.0433246223827895,0.11270420742365378
117,swivel,0.05005210193708243,0.012063799963516194,4.148949923610464,0.005280817338524181,189.3646259462305,0.011281803562615302,0.08882240031154956
117,wifi,0.08058859899867224,0.010830550001931635,7.440859327023947,1.9611888914629938e-7,5098947.910387292,0.04578168439428857,0.11539551360305592
117,price,-0.20896575472269993,0.01318647712401954,-15.846973589486074,1.4607845376797095e-18,684563653438163200,-0.2513440811333206,-0.1665874283120793
118,canon,0.22522500006706198,0.04713645633087487,4.778148753612122,9.201458029753132e-4,1086.7842865407595,0.07387777787319535,0.37657222226092857
118,sony,0.17657778225476742,0.04837923697152662,3.649867036114924,0.018291305230987057,54.67078414425633,0.02124020074244362,0.3319153637670912
118,nikon,0.18385987326314068,0.04785963893838275,3.841647729516983,0.011440171458118476,87.41127732752236,0.030190633520544102,0.3375291130057373
118,panasonic,0.1554485293477156,0.04789219973310892,3.2458005732455564,0.04632127140354615,21.58835389659543,0.0016747423773928183,0.3092223163180384
118,pixels,0.08688176556386122,0.013036155326078847,6.664677076227692,2.5038131052588987e-06,399390.8322868205,0.04502486646138273,0.1287386646663397
118,zoom,0.08473757431761239,0.011704797512556361,7.239559183036688,3.634513703788883e-7,2751399.723593082,0.047155440916830174,0.12231970771839461
118,video,0.07749800859794727,0.010717843043926523,7.230746735171032,3.74458625578432e-7,2670522.006150305,0.0430848197654717,0.11191119743042283
118,swivel,0.05085792438708119,0.011980826076519445,4.244943050025141,0.004037754745609579,247.6623923449888,0.012389509758267601,0.08932633901589479
118,wifi,0.08269621744991032,0.010944605642385216,7.555888275193065,1.2406981462607277e-7,8059978.190616674,0.0475549321068851,0.11783750279293553
118,price,-0.20714581132601867,0.013194528906464054,-15.699371519398248,1.5298238326368188e-18,653670036161216400,-0.24951122132061737,-0.16478040133141997
119,canon,0.22635763703776057,0.04672220230854543,4.84475529520063,7.432114918424127e-4,1345.5120258178617,0.07647495269871882,0.3762403213768023
119,sony,0.17737874559002104,0.04789968923445572,3.703129361065396,0.015925501399632884,62.79237148684387,0.023718737141467383,0.3310387540385747
119,nikon,0.1838100538494823,0.04743072300313097,3.875337380738403,0.010397053218860582,96.18109852375946,0.03165446758443649,0.3359656401145281
119,panasonic,0.15707326196651455,0.04746910310809743,3.3089578627349394,0.04000390963810958,24.997556714990516,0.004794554083194014,0.3093519698498351
119,pixels,0.08435193839542382,0.013169160570401373,6.405263110316295,5.640748896496186e-6,177281.4245677841,0.042105874655774,0.12659800213507363
119,zoom,0.08634441041914634,0.011725245738988479,7.363974482175344,2.2361741158229928e-7,4471923.688428724,0.04873035930295834,0.12395846153533434
119,video,0.07839216827757742,0.01065585145170726,7.35672495368895,2.2922566168060956e-7,4362513.309671869,0.04420868503864956,0.11257565151650528
119,swivel,0.050054490149312986,0.011908940939643021,4.203101720211689,0.004448538208413076,224.792943917802,0.011851153245771039,0.08825782705285493
119,wifi,0.08406651292617379,0.010930173497191066,7.691233167321448,7.282769661731363e-8,13731039.789088508,0.04900301713392137,0.1191300087184262
119,price,-0.20735436401695415,0.013069528967025288,-15.865481039149445,7.384333993848292e-19,1354218269153420800,-0.24928081413778533,-0.16542791389612296
120,canon,0.23210039575274483,0.04667348021777337,4.972853849119236,4.992085323573574e-4,2003.1708898840536,0.08250546292639005,0.3816953285790996
120,sony,0.18581365940508462,0.04820328552112033,3.854792415003955,0.010827422360543052,92.35808548894963,0.031315489868636776,0.34031182894153245
120,nikon,0.19153714889532988,0.04766001804862961,4.018822416304922,0.007122427243689466,140.4015746016934,0.03878022643698281,0.34429407135367696
120,panasonic,0.16494381324586188,0.04772863279525949,3.455867130186148,0.02841901816690407,35.18770402717747,0.011966971073683719,0.31792065541804004
120,pixels,0.08374498480196965,0.01309284162995119,6.396242096932922,5.5598800122550414e-6,179859.99658190613,0.041780623991506644,0.12570934561243266
120,zoom,0.08517094677424726,0.011687541227765334,7.287328028577317,2.7318573474270825e-7,3660513.2436429006,0.04771076731655571,0.12263112623193881
120,video,0.0776673988648136,0.010588720827791704,7.334917987540452,2.3199814083182112e-7,4310379.36948346,0.043729090138751946,0.11160570759087524
120,swivel,0.05011914947642656,0.011817726277330496,4.241014582692464,0.00396207482627796,252.3930122085597,0.012241709003404079,0.08799658994944903
120,wifi,0.08332077316998147,0.010860730479606574,7.671746695715788,7.262486242101351e-8,13769389.251340691,0.048510636043691165,0.11813091029627179
120,price,-0.2094678284242395,0.013132879850708351,-15.94987777284366,4.355230268410769e-19,2296089846851890400,-0.2515605172470279,-0.16737513960145112
121,canon,0.22615307967501444,0.04665321831895418,4.847534378633283,7.067994682066081e-4,1414.8284555693597,0.07675172061805596,0.3755544387319729
121,sony,0.18059012857476855,0.04810292646913345,3.7542441142463363,0.013771153668783976,72.61555742179894,0.026546252330850256,0.3346340048186869
121,nikon,0.18551125610522004,0.0476550974558012,3.8927893553732975,0.009727465775678058,102.80169810520813,0.03290149878444992,0.33812101342599016
121,panasonic,0.15917312722116508,0.04769198466178901,3.3375236604211853,0.037001050123800984,27.026259975166173,0.006445243029302911,0.3119010114130273
121,pixels,0.08278827748351214,0.013023653787275179,6.356762766866608,6.070578849677813e-6,164728.93685469113,0.041081581872425006,0.12449497309459928
121,zoom,0.0842570437820719,0.011631806243104224,7.24367669312087,2.9887681415757404e-7,3345860.0755586857,0.047007573678506664,0.12150651388563713
121,video,0.07743012096212507,0.01049404648705325,7.378480842223484,1.8760170260767686e-7,5330442.027443939,0.0438241905747742,0.11103605134947593
121,swivel,0.050374723907291655,0.011726507855500869,4.295799271874536,0.0033668591080258633,297.012725485369,0.012821983201895384,0.08792746461268793
121,wifi,0.08225133825269156,0.010820381045942403,7.601519567883929,8.654239881352046e-8,11555029.831733422,0.04760036042033978,0.11690231608504334
121,price,-0.20862476507595573,0.01305354955356026,-15.982224928165602,2.9239926729667453e-19,3419981210094411e3,-0.2504271983075968,-0.16682233184431466
122,canon,0.2229862342679647,0.0463708426342366,4.8087595911688075,7.758572959857874e-4,1288.8968179765864,0.07461433010980284,0.3713581384261266
122,sony,0.1762026762172251,0.04788254785822784,3.679893491443512,0.016379084544245828,61.05347324501797,0.022993797575364322,0.3294115548590859
122,nikon,0.18088313672911802,0.047474548197365254,3.8101075965406803,0.011859730181243219,84.31895032330095,0.028979726850366816,0.3327865466078692
122,panasonic,0.15492835312943962,0.04751376150044362,3.2607048618534042,0.04368431720493994,22.891510363058103,0.0028994731898581705,0.30695723306902106
122,pixels,0.08486000445302348,0.013067491776485819,6.49397802612159,3.669951603278645e-6,272483.1573001193,0.04304819929042271,0.12667180961562424
122,zoom,0.08636406473952597,0.011719294096527121,7.369391366764913,1.8200445260240077e-7,5494371.07555032,0.04886606207852991,0.12386206740052204
122,video,0.07840416215953186,0.010458227115014025,7.4968884589409415,1.1670003666601853e-7,8568977.599054914,0.04494117155975588,0.11186715275930784
122,swivel,0.052528162462416685,0.01183146256162686,4.439701532148863,0.002230231766867097,448.3838921390414,0.014671256494775527,0.09038506843005784
122,wifi,0.08093513615006122,0.010806615655580429,7.489406371944682,1.1978792224344547e-7,8348087.02973991,0.0463574133562113,0.11551285894391114
122,price,-0.20759783464678952,0.012984572432208253,-15.988037783349935,2.101586760565246e-19,4758309382054912e3,-0.24914432435892392,-0.16605134493465512
123,canon,0.22380685891113106,0.04595763903624249,4.869851097760604,6.350197841250283e-4,1574.7540864067178,0.07687856278966257,0.3707351550325996
123,sony,0.1779647160537589,0.04749910444522598,3.7466962405360826,0.013759123657185615,72.67904736634563,0.02610829719096508,0.32982113491655274
123,nikon,0.1821478553425378,0.04707047874849681,3.86968350833599,0.010094636648442306,99.0625056479184,0.03166176891228323,0.3326339417727924
123,panasonic,0.15621532664356294,0.047100239845563024,3.316656712487609,0.03827586732504195,26.126122538463054,0.005634092869486018,0.30679656041763986
123,pixels,0.08668470766130064,0.013064050598974026,6.635362210561888,2.171051859849466e-6,460606.2243346582,0.044918447792333255,0.12845096753026802
123,zoom,0.0858511283433874,0.011629584096163057,7.38213229583268,1.6375716074258992e-7,6106603.188924979,0.04867091169859713,0.12303134498817767
123,video,0.07812710826609527,0.01037624133884876,7.52942281455873,9.767308708879182e-8,10238234.807618279,0.04495387543618613,0.11130034109600441
123,swivel,0.05244105519614328,0.011728854978888141,4.4711146391132655,0.0020097473128434353,497.5749904524951,0.014943465815086723,0.08993864457719984
123,wifi,0.08036681545107625,0.010743281490047038,7.480658076913554,1.15920884307308e-7,8626573.252745252,0.04602014148810105,0.11471348941405146
123,price,-0.20834668654832703,0.012894780337693765,-16.157443639368726,9.912339568831382e-20,10088435661994732e3,-0.24957178304172736,-0.1671215900549267
124,canon,0.22218659097628723,0.04557871863638387,4.874788006851153,6.131367416263487e-4,1630.9575533632096,0.07658771770425898,0.3677854642483155
124,sony,0.17731369226906166,0.04709953729236292,3.764658900328786,0.013029577906731704,76.74845702279826,0.026856641992801633,0.3277707425453217
124,nikon,0.18043848137767837,0.046692113641454355,3.864431641781169,0.010123621588563756,98.77887979630326,0.03128292500671892,0.3295940377486378
124,panasonic,0.15508118104141222,0.04669384911924698,3.321233609278283,0.03763499297008613,26.571015990220644,0.005920080775873138,0.3042422813069513
124,pixels,0.08878153259988547,0.013101131807294854,6.776630745020895,1.2750283224429003e-6,784296.3033825337,0.046930640631023396,0.13063242456874755
124,zoom,0.08507547563107495,0.011556084183413445,7.361963990638332,1.6547481457227587e-7,6043215.715846723,0.048160158858685874,0.12199079240346403
124,video,0.07908229882113345,0.010338834674729049,7.649053429051564,6.001075540866786e-8,16663679.588601904,0.04605542301983173,0.11210917462243516
124,swivel,0.05361199404857525,0.011686314884435292,4.587587668032094,0.001419771935716884,704.3384749643407,0.016280661997532177,0.09094332609961833
124,wifi,0.08001683819283929,0.010668508440862682,7.500283534140311,1.0159185348348055e-7,9843308.943690116,0.04593683649567076,0.11409683989000782
124,price,-0.2087782824817779,0.012794107419386547,-16.318315583736783,4.759866861430999e-20,21008990988864795e3,-0.24964840082900508,-0.16790816413455073
125,canon,0.2159494366890196,0.04567501534617701,4.727955427104077,9.281630361150033e-4,1077.3969239129403,0.07015877278123875,0.3617401005968005
125,sony,0.17167724154081807,0.04709425550382979,3.6453966562197158,0.017353161247744466,57.62638782198709,0.02135648687640429,0.32199799620523184
125,nikon,0.1742034835251748,0.0467627748762316,3.725259760273941,0.014243034545173273,70.20975739603773,0.024940786102862295,0.32346618094748736
125,panasonic,0.14981523791913828,0.04665003918763057,3.211470783905844,0.04787937889021277,20.885818136718026,9.123829788189319e-4,0.2987180928594576
125,pixels,0.08815152762084387,0.013012705830130304,6.774265765443893,1.2249551628837742e-6,816356.4106671566,0.04661610595031481,0.12968694929137292
125,zoom,0.0859080653943941,0.011499957653290175,7.470294064066882,1.061838900938368e-7,9417624.454296036,0.049201203919308246,0.12261492686947997
125,video,0.07842802397295263,0.010278634263576295,7.630198911821656,6.011742854142423e-8,16634111.342785474,0.04561952019918261,0.11123652774672266
125,swivel,0.0532663948342,0.011607275801560157,4.589052224212709,0.0013899155376020115,719.4681784227525,0.016216983193185326,0.09031580647521467
125,wifi,0.0808037501354741,0.010612321348307042,7.6141446798880175,6.365667987804419e-8,15709270.447592253,0.04693014630094581,0.1146773539700024
125,price,-0.20790103034285518,0.012723343470848487,-16.340125598212023,3.2650724748972107e-20,30627191515296506e3,-0.24851283260899254,-0.1672892280767178
126,canon,0.2101514039573973,0.04566947789501985,4.6015722894943325,0.0013181107618911057,758.6615851351451,0.06449186476059157,0.35581094315420303
126,sony,0.16604180037046762,0.04707525547308717,3.527156649535198,0.02293183381743716,43.60750247717254,0.01589863395319796,0.3161849667877373
126,nikon,0.1677525982472364,0.04684641875328489,3.5809054931327817,0.020142485770949483,49.64630539504965,0.01833929021009384,0.31716590628437896
126,panasonic,0.14319724123211555,0.04675610549855856,3.0626426154447395,0.06591041635591081,15.172108678544562,-0.00592801912694671,0.2923225015911778
126,pixels,0.08815937932370745,0.012913947476293682,6.826679408875007,9.726725686250758e-7,1028095.2010536833,0.04697126583284109,0.1293474928145738
126,zoom,0.08605535866101303,0.011411513893815952,7.541099232035073,7.756167230136771e-8,12892965.949915009,0.0496591498159709,0.12245156750605517
126,video,0.07819722397060068,0.010192585972263524,7.6719709976834265,4.853030620735278e-8,20605680.824006237,0.04568869870660531,0.11070574923459606
126,swivel,0.052963057312493664,0.01151952591618708,4.5976768226260685,0.0013330566443099851,750.1556698797436,0.016222351833562722,0.08970376279142461
126,wifi,0.08022538318136767,0.010541192878120153,7.610655085145785,6.046335101106482e-8,16538944.389916454,0.04660500107975695,0.11384576528297838
126,price,-0.20722214866848856,0.01264249082899929,-16.39092734741506,2.0766734394045215e-20,481539360510503e5,-0.24754447056332,-0.16689982677365714
127,canon,0.20495497557250708,0.04564568228438977,4.49012842650835,0.0017873553538766726,559.4858335423097,0.059482424053994454,0.3504275270910197
127,sony,0.1607638476173453,0.04706106265744901,3.4160692202707614,0.029633952486884583,33.74507671369794,0.010780486227368269,0.31074720900732233
127,nikon,0.16262247879102584,0.0467808768898332,3.476259736943244,0.02570564938369167,38.90195439429069,0.013532067982010648,0.31171288960004107
127,panasonic,0.13907630523906828,0.0466246701693408,2.982890918776329,0.07772020699435503,12.866666709632309,-0.009516275565943672,0.28766888604408025
127,pixels,0.08766472887641565,0.012841234156796538,6.826814915606608,9.266049261693709e-7,1079208.5944697573,0.04673978255187103,0.12858967520096026
127,zoom,0.08662973034887894,0.011338631542029638,7.640228014091729,5.102116541755e-8,19599709.09751162,0.050493570725487075,0.12276588997227081
127,video,0.07835752357592264,0.01011842469660989,7.744043754377675,3.507376653566915e-8,28511337.639857545,0.04611015680872325,0.11060489034312204
127,swivel,0.05313722728480546,0.011439090560220095,4.6452318044926,0.0011413777331627396,876.1341411742947,0.016680905294069417,0.0895935492755415
127,wifi,0.08013719769157748,0.010458374668334556,7.662490609961953,4.708424831561894e-8,21238525.319480926,0.04680641213643402,0.11346798324672094
127,price,-0.20685706497819448,0.012560430003662313,-16.468947712608568,1.2279473555534616e-20,8143671595345217e4,-0.24688708993035333,-0.16682704002603563
128,canon,0.19822729341627024,0.04580006941476614,4.328100283454176,0.0027863591469325763,358.8912797192248,0.05237193506937135,0.3440826517631691
128,sony,0.154466770000235,0.04713655308309804,3.2770060578660094,0.04061350182965552,24.62235352652628,0.004355232419108124,0.3045783075813619
128,nikon,0.155739607069455,0.04691841716527631,3.319370440840783,0.03686142225554206,27.12863310231204,0.0063227473101910014,0.305156466828719
128,panasonic,0.13200632858574932,0.046817942085810436,2.8195670869898772,0.10832759607149918,9.231258112106287,-0.01709055723225897,0.28110321440375763
128,pixels,0.08660036149748675,0.012775415710335277,6.778672683615867,1.0471295483845878e-6,954991.6737071407,0.045915645070816934,0.12728507792415655
128,zoom,0.08666422341448007,0.0112504696361893,7.7031649537285025,3.811987591837759e-8,26233033.972649947,0.05083586548128775,0.12249258134767241
128,video,0.07783212251339997,0.0100579386001297,7.738377177247463,3.3542327429558464e-8,29813077.285709497,0.04580151082441297,0.10986273420238696
128,swivel,0.05262031917656541,0.011370110704553058,4.627951349277019,0.0011804548496657757,847.13108704084,0.01641095110251125,0.08882968725061957
128,wifi,0.07871811262984615,0.010474330901580942,7.515335668645416,7.529589421031634e-8,13280936.636555534,0.04536145386020822,0.11207477139948409
128,price,-0.20574068714024354,0.012510821886901075,-16.44501768150465,9.517296582716662e-21,10507185431375464e4,-0.24558277543498025,-0.16589859884550684
129,canon,0.20172211612016339,0.04555026162768398,4.428561086410164,0.002068013661990586,483.5557996446892,0.056768751727722194,0.34667548051260455
129,sony,0.15871162327889707,0.04689252286724569,3.3845827346124033,0.03148727122670476,31.7588651236277,0.009486817282928689,0.3079364292748654
129,nikon,0.15873677482997453,0.0466286342455535,3.4042767367802895,0.030064661249877646,33.26164202179626,0.010351734450542549,0.3071218152094065
129,panasonic,0.1370392313300946,0.046689405021153346,2.935124816176323,0.08520839389411886,11.735932979121918,-0.011539198243277399,0.28561766090346663
129,pixels,0.086886084770733,0.012678077407345091,6.853254005248084,7.675703254493029e-7,1302812.220384683,0.046540982271792444,0.12723118726967353
129,zoom,0.08649049483231284,0.011166813096822202,7.745315882194347,3.066237881607989e-8,32613255.677200835,0.0509546478341876,0.12202634183043809
129,video,0.07788943865145184,0.009970599179453235,7.811911526035602,2.4032956361428677e-8,41609529.22150412,0.04616027081738895,0.10961860648551473
129,swivel,0.05219370741865389,0.011287909424689288,4.6238595168467675,0.001175088560806542,850.999689175455,0.016272498854806354,0.08811491598250143
129,wifi,0.07928253231162533,0.01040822737509191,7.61729442050407,4.892892683376274e-8,20437807.749136318,0.046160712118519444,0.11240435250473121
129,price,-0.2071848073212973,0.012488845772269878,-16.589588109201298,4.694211846201682e-21,2.1302830651095332e+20,-0.24692772311101896,-0.16744189153157563
130,canon,0.20737843061977723,0.04554262741270026,4.553501684049669,0.0014207451842652514,703.8559842222214,0.06255367751623012,0.3522031837233244
130,sony,0.16549892224255647,0.0469962913153575,3.521531542393741,0.0225673401953691,44.311823694898855,0.01605154352959698,0.31494630095551596
130,nikon,0.16480551821849773,0.046655106406088644,3.5324218700525796,0.02197893113725483,45.498117890954916,0.016443101508273716,0.31316793492872175
130,panasonic,0.14413237560165765,0.04682795652234115,3.0779129884280456,0.06261112872251559,15.971601541187196,-0.004779701434119044,0.29304445263743434
130,pixels,0.08626462928302919,0.012599439894091142,6.84670350493004,7.49748598288353e-7,1333780.4195739229,0.04619863231343224,0.12633062625262614
130,zoom,0.08592635585705308,0.011095336687475955,7.74436669002067,2.8866394743406058e-8,34642358.66269478,0.050643380595148654,0.1212093311189575
130,video,0.07757712187689239,0.009897910495840493,7.837727155594453,2.047388386394782e-8,48842711.36073436,0.04610194081605258,0.1090523029377322
130,swivel,0.05080712417706623,0.011287580055377194,4.501152942243157,0.0016540562459427684,604.5743622400377,0.01491281839090823,0.08670142996322423
130,wifi,0.07796675997879794,0.010412346795264682,7.487914253322373,7.388599792954008e-8,13534364.128824927,0.04485568054572601,0.11107783941186988
130,price,-0.20843790551233427,0.012449432521527875,-16.74276358797063,2.254004380294545e-21,44365486098537375e4,-0.24802688167901793,-0.1688489293456506
131,canon,0.2003577778369205,0.04571667721388576,4.382597118761396,0.0022920543888051642,436.28982143015145,0.05508219273348622,0.34563336294035474
131,sony,0.1588737261168378,0.04707261712367441,3.375077397957864,0.0317968732070105,31.449633223040376,0.009289320343037505,0.3084581318906381
131,nikon,0.15810238480053998,0.04676648259172944,3.3806772722415532,0.03138101658507086,31.86639914258667,0.009490794112153672,0.3067139754889263
131,panasonic,0.13867410299719304,0.04680330404481552,2.962912679506741,0.0797733352224752,12.535517002155649,-0.010054496591827333,0.2874027025862134
131,pixels,0.0858934151628962,0.012502811519509285,6.869928018099674,6.586467013240986e-7,1518264.6447475832,0.0461627660950112,0.1256240642307812
131,zoom,0.08528055536416632,0.011029016290985752,7.732380940797768,2.8327703702917744e-8,35301131.72911365,0.05023324019530263,0.12032787053303001
131,video,0.07863591475885759,0.009866925405298953,7.9696472334357376,1.1762214820879457e-8,85018001.73083647,0.04728141900842355,0.10999041050929162
131,swivel,0.050718345456147285,0.011205047340869486,4.526383861954452,0.0015142623860929564,660.3875320314618,0.015111649874560512,0.08632504103773406
131,wifi,0.07860505114701803,0.010350152720138527,7.594578869746956,4.709753240188718e-8,21232534.890934758,0.04571498598997896,0.1114951163040571
131,price,-0.20754545585038975,0.012383474491686267,-16.759872682721387,1.559508405005238e-21,6412277079049416e5,-0.2468968832075545,-0.16819402849322498
132,canon,0.20192083866028654,0.04543908181596442,4.443770221372394,0.0018964521477567433,527.3004126061763,0.057627391003767986,0.34621428631680506
132,sony,0.1592441066004997,0.0467803230820643,3.404083086838584,0.02950976923636635,33.88708301953275,0.010691498796146698,0.3077967144048527
132,nikon,0.1600233942912656,0.046481637970051275,3.442722788606778,0.02691460779525572,37.15454475900896,0.012419271862356307,0.3076275167201749
132,panasonic,0.14020940920114403,0.04653088885054802,3.013254478148502,0.07138678945648809,14.008194059623921,-0.007551111179990133,0.2879699295822782
132,pixels,0.08509827372631412,0.012451505474287894,6.834376285023553,7.149515104576408e-7,1398696.254743066,0.045558067771541116,0.12463847968108713
132,zoom,0.08662722804165095,0.011025130487501908,7.857251951788834,1.67272036821298e-8,59782855.461270645,0.05161652744369745,0.12163792863960445
132,video,0.0809247699016893,0.010060336914242901,8.04394232434902,8.333212709620899e-9,120001737.00660196,0.048977806188346074,0.11287173361503253
132,swivel,0.05005495798312188,0.011145450520985518,4.491066367292603,0.0016535615495266358,604.755232900928,0.014662176767346609,0.08544773919889714
132,wifi,0.07818910452131354,0.010281603603834497,7.604757733720946,4.273654287440688e-8,23399178.612523146,0.04553950043284067,0.11083870860978642
132,price,-0.20796674147749444,0.012310694764214902,-16.893176661484485,7.853157310545645e-22,12733731930431928e5,-0.24705979792987026,-0.16887368502511863
133,canon,0.20812129562764542,0.045506029305223086,4.573488366381325,0.0012796438070198021,781.4674634568253,0.06371345307426202,0.3525291381810288
133,sony,0.16404216512594158,0.04668057930376178,3.5141415889138754,0.02249964825023796,44.44513926965164,0.015907031181731784,0.31217729907015135
133,nikon,0.16361388987423683,0.04627638809773781,3.53558038126651,0.021350955463511546,46.836311457301505,0.016761407502403874,0.31046637224606977
133,panasonic,0.14502359300121767,0.046430755806506144,3.1234381280714825,0.05589438290283652,17.890885417562274,-0.0023187564964333718,0.2923659424988687
133,pixels,0.08594554361510415,0.012395243546266024,6.933751910102211,4.7668760231566313e-7,2097809.9601126164,0.04661074763819881,0.1252803395920095
133,zoom,0.08729296321940844,0.01095932661110162,7.965175810252983,1.0467414038472878e-8,95534579.63203804,0.05251487477903953,0.12207105165977734
133,video,0.08070999012684564,0.0099839712164581,8.083956611753756,6.698452795779091e-9,149288205.87197867,0.049027073258545946,0.11239290699514534
133,swivel,0.049181656994569535,0.0110911787095791,4.434303898835648,0.001922002325225114,520.2907337184804,0.013985151975826837,0.08437816201331223
133,wifi,0.07765238113534843,0.010216432967390646,7.600733189676224,4.08951166544034e-8,24452797.34621626,0.04523177520823872,0.11007298706245815
133,price,-0.20946462709460925,0.012311869155801791,-17.01322719108837,4.087011376827996e-22,2446775670040141e6,-0.24853484459620118,-0.17039440959301733
134,canon,0.21627346324845095,0.045872550740455084,4.714659633211087,8.263270388500039e-4,1210.174607612618,0.07079957289062863,0.3617473536062733
134,sony,0.1709508869301546,0.04682751701416996,3.650650255029004,0.0159256718276607,62.791699516446,0.022448548039268684,0.3194532258210405
134,nikon,0.17071119767016676,0.046462181291686874,3.674196796711971,0.015006445257811632,66.63803337965386,0.023367434179567687,0.3180549611607658
134,panasonic,0.15301756311697648,0.046735994564657664,3.2740838093277733,0.03955000676272645,25.284445739777752,0.0048054659190141236,0.3012296603149388
134,pixels,0.08447215922695572,0.012378598095738394,6.824048941053925,6.787774708283061e-7,1473236.8750832418,0.04521637786978564,0.12372794058412581
134,zoom,0.08592645436948876,0.01096002450335251,7.839987432802283,1.571518979595939e-8,63632702.689796016,0.051169341952941864,0.12068356678603565
134,video,0.07973430337154284,0.00995999570885785,8.00545559478823,8.420066280081042e-9,118763910.72664751,0.04814854456094845,0.11132006218213725
134,swivel,0.049103138286359524,0.01100184354015964,4.463173658770921,0.0017431063404698866,573.6884645433803,0.01421340673533783,0.08399286983738122
134,wifi,0.07685601150192581,0.01016990883857837,7.55719768208555,4.539965704175134e-8,22026598.11020951,0.044604563098650886,0.10910745990520074
134,price,-0.2112272737112441,0.012340869002755245,-17.11607777897044,2.2232836388207526e-22,44978516575168433e5,-0.25036340621856096,-0.1720911412039273
135,canon,0.21728125653994967,0.045507709990509466,4.774603173511988,6.775062397584882e-4,1476.0011662128334,0.07305879896779852,0.3615037141121008
135,sony,0.17234494696549785,0.04647183275135286,3.7085894134545545,0.013642312449884987,73.30135588621785,0.025067003762470508,0.3196228901685252
135,nikon,0.17217696004415964,0.046113200709180825,3.733788967068607,0.012789133718826267,78.19137886782342,0.02603558896258068,0.3183183311257386
135,panasonic,0.15439793953897937,0.04636701017201712,3.3299093248880607,0.03454120955005631,28.950925952689165,0.007452198725481307,0.30134368035247744
135,pixels,0.08400455163177759,0.012276927300921132,6.842473655885766,6.074179032559464e-7,1646313.0155362445,0.045096669272002975,0.12291243399155219
135,zoom,0.08564063785951856,0.010882300229574605,7.869718354835933,1.3193520425722397e-8,75794781.66042602,0.051152589933693586,0.12012868578534353
135,video,0.08010278632763516,0.009891645252999449,8.098024573146267,5.545965928637799e-9,180311241.155717,0.04875430959441793,0.1114512630608524
135,swivel,0.04965180834530548,0.010927010452947089,4.543951756897427,0.0013556590659393436,737.6485910984518,0.015022065346387961,0.084281551344223
135,wifi,0.0775715849560366,0.010124412943617446,7.661835346704095,2.893383158160239e-8,34561616.81109153,0.04548542380865476,0.10965774610341844
135,price,-0.21238731928261695,0.012298005559852094,-17.270062064045064,1.0470835837774032e-22,9550335956872258e6,-0.25136200259337327,-0.17341263597186063
136,canon,0.21949962532333273,0.0452184803518974,4.85420172493971,5.214555041752963e-4,1917.7091659652567,0.076285810609097,0.36271344003756845
136,sony,0.17643702278838697,0.04628102401827909,3.812297297456116,0.010347302790408902,96.643542791356,0.029857970441688725,0.32301607513508523
136,nikon,0.17474106610386764,0.045841766179916435,3.811831014932029,0.010359938035887192,96.525673854029307,0.029553210236694716,0.31992892197104056
136,panasonic,0.15751553880671193,0.046130821469033426,3.4145400795094996,0.028091228606152357,35.598300594833596,0.011412200811532602,0.30361887680189126
136,pixels,0.0830894909093673,0.012236465919004175,6.790317683173776,7.039634086258142e-7,1420528.3793827721,0.04433473955010826,0.12184424226862635
136,zoom,0.08506249493294368,0.010816808753421139,7.863917803487108,1.2673712086477768e-8,78903480.93570401,0.05080401405175732,0.11932097581413004
136,video,0.08082501932086814,0.009846929738844074,8.208144209867811,3.4028159921681497e-9,293874250.7092887,0.049638293005689366,0.1120117456360469
136,swivel,0.050596452911768466,0.010893899601609166,4.644475785722748,9.894841391136844e-4,1010.6276194540471,0.016093813572300344,0.08509909225123659
136,wifi,0.07738462862324888,0.010043774781006728,7.70473555117813,2.320203364147963e-8,43099670.28977329,0.04557446407714523,0.10919479316935253
136,price,-0.21360055718902068,0.012267239139358092,-17.41227628828941,5.0762579833733617e-23,1969955040258736e7,-0.25245277202435473,-0.1747483423536866
137,canon,0.2255377875784995,0.04528180989138163,4.980759119820993,3.4484859364116376e-4,2899.8233382403223,0.08221378196991924,0.36886179318707973
137,sony,0.1840464802653995,0.04654003233402394,3.954584280141313,0.007026353914010917,142.32132514787617,0.036740003972483115,0.33135295655831587
137,nikon,0.182157657829811,0.046096072889375235,3.951695804260081,0.007081300109748556,141.21700598783238,0.03625638256767155,0.32805893309195044
137,panasonic,0.16540325850560708,0.04642487907200023,3.562815064075527,0.01942257165313871,51.486487879085715,0.01846126028482878,0.31234525672638536
137,pixels,0.08248547616900355,0.012167098073601217,6.779387794035387,7.024701053779575e-7,1423548.123036438,0.04397470911433097,0.12099624322367614
137,zoom,0.08456535393563752,0.010748594524501838,7.867573173670987,1.1752167236594456e-8,85090688.36989935,0.050544372318309064,0.11858633555296598
137,video,0.08049702882076809,0.0097775199465491,8.232867768188894,2.8889683949169082e-9,346144319.8061576,0.04954965001637263,0.11144440762516356
137,swivel,0.048830575389567664,0.010958032422264903,4.456144452570887,0.0017080351134026491,585.4680575084067,0.014146690091806677,0.08351446068732865
137,wifi,0.0761505860808605,0.010048490442087108,7.578311042812093,3.539751784263538e-8,28250568.42814911,0.04434554330686208,0.10795562885485893
137,price,-0.2153311435673239,0.012293916982069091,-17.515259284847005,2.7350090925272817e-23,3656294974419816e7,-0.25424331228840785,-0.17641897484623995
138,canon,0.22160332447580866,0.04510610351472887,4.912934330571176,4.194036836824476e-4,2384.33766537242,0.07892377365327313,0.3642828752983442
138,sony,0.1798698848843962,0.04634232941944138,3.8813302468334228,0.00847497500708121,117.99444826261512,0.0332799063579477,0.3264598634108447
138,nikon,0.17819880245921912,0.045919100411944844,3.8807119664928065,0.00848896087006764,117.80004823983032,0.03294758121791175,0.3234500237005265
138,panasonic,0.1610656097918342,0.04626754340727681,3.481179201022856,0.023610367371917605,42.35427531675808,0.014712194253362815,0.30741902533030563
138,pixels,0.08263838001288978,0.012072826866271757,6.844990069704327,5.28732339406518e-7,1891316.12626998,0.04444963436175154,0.12082712566402803
138,zoom,0.08421479992002599,0.010676998410201493,7.8874976547305415,1.0241660119989518e-8,97640420.42834589,0.0504413364949924,0.11798826334505959
138,video,0.08124088308699128,0.00972706355631714,8.35204608427075,1.6996742803790005e-9,588348021.467393,0.05047225199509487,0.11200951417888769
138,swivel,0.048749808615048754,0.01087823890393837,4.481406323720222,0.001564428157371583,639.211200135974,0.014339781598475772,0.08315983563162174
138,wifi,0.07548145800103104,0.009996850508663419,7.550523831042356,3.723147557635466e-8,26858994.560910985,0.04385943727493627,0.1071034787271258
138,price,-0.21507584820145645,0.012200745828339283,-17.628090219033087,1.4297848221606002e-23,69940594171986196e6,-0.2536692268983979,-0.17648246950451502
139,canon,0.2265585624517662,0.04504240335604337,5.02989506711943,2.843985409581157e-4,3516.1924411815926,0.08416702730181178,0.3689500976017206
139,sony,0.18710166813755896,0.04654125099960689,4.0201254611557244,0.005768128859574627,173.36644592120734,0.03997185969352937,0.3342314765815886
139,nikon,0.18490554268781767,0.04607159714374722,4.013438954827135,0.0058749166372816,170.21518120854782,0.03926044039937071,0.33055064497626463
139,panasonic,0.16781281267285886,0.04642369935621441,3.6148091384362058,0.016815062785389016,59.47048861862843,0.02105461759123678,0.31457100775448094
139,pixels,0.082138773279823,0.012014174969958923,6.836821794689064,5.224945023642266e-7,1913895.7356969628,0.04415863256641498,0.12011891399323102
139,zoom,0.08321725134292701,0.010646113484795987,7.816678965687516,1.2671824832516238e-8,78915232.2745161,0.04956193258699877,0.11687257009885525
139,video,0.08059977402723845,0.00967690351348729,8.329087286537645,1.7333212254741531e-9,576927106.933943,0.05000839692216734,0.11119115113230955
139,swivel,0.04881294133317465,0.010805816309008441,4.517284019762668,0.0013875098437030329,720.7156075600635,0.014652757636367461,0.08297312502998185
139,wifi,0.07490850316215884,0.009938124172385406,7.5374891541709195,3.7066644474613474e-8,26978433.418349717,0.043491335072104814,0.10632567125221287
139,price,-0.21683866877500918,0.012240149380577154,-17.715361310793472,8.007678761050564e-24,12488013441098696e7,-0.2555331773026342,-0.1781441602473842
140,canon,0.2264141830891794,0.04469400161563971,5.065874052547369,2.4876701243157785e-4,4019.825579868814,0.08520827274218967,0.36762009343616914
140,sony,0.18777857972486947,0.04619495480156317,4.064915325309839,0.005048200226683296,198.0903995674132,0.04183056857363285,0.3337265908761061
140,nikon,0.18556254183123558,0.04572314560404934,4.058394044848956,0.005140330819404388,194.54000824714822,0.0411051612979052,0.33001992236456595
140,panasonic,0.16844594652461709,0.046063816069109385,3.656795309183638,0.015005618803741128,66.64170355644946,0.022912254150587646,0.31397963889864655
140,pixels,0.08335841924592159,0.011968356549483302,6.964901062336779,3.102332979438091e-7,3223380.619127237,0.04554567881464711,0.12117115967719608
140,zoom,0.08316386683183546,0.01056775967576396,7.869583467398772,9.731128710693785e-9,102763002.08639461,0.049776162186872884,0.11655157147679804
140,video,0.0816286503540634,0.009665396225285764,8.44545308349736,1.0247678181865074e-9,975830800.1608227,0.051091866366964604,0.11216543434116219
140,swivel,0.050497788890326495,0.010853903496930585,4.652500264499952,9.099214458217109e-4,1098.9959678298856,0.016206043494985896,0.0847895342856671
140,wifi,0.07485215210903738,0.009871842359074713,7.582389323734427,2.955830978943527e-8,33831433.77018871,0.04366312367737124,0.10604118054070352
140,price,-0.21741843351330947,0.01216320081419047,-17.87510021701306,3.647913232139373e-24,27412932719716446e7,-0.25584676352661495,-0.17899010350000397
141,canon,0.22631992681580743,0.04441725961872159,5.095314946454171,2.220384524145877e-4,4503.724418565173,0.0860704899988913,0.3665693636327235
141,sony,0.18538212077701097,0.045976317953913,4.032121949453181,0.005475408117611493,182.63478785874037,0.04020988918724594,0.330554352366776
141,nikon,0.18654423466515163,0.045446417567837745,4.1047071397145345,0.0044735990669106445,223.53366608031214,0.043045186683607156,0.33004328264669613
141,panasonic,0.16770445519435997,0.04578617489424993,3.662774966061233,0.014673945253114083,68.147998561449,0.023132608618468053,0.3122763017702519
141,pixels,0.08365075585833127,0.011883155740807675,7.0394394959470334,2.241582527391106e-7,4461133.9880662905,0.046129172704346764,0.12117233901231578
141,zoom,0.08393966456031729,0.010521886616891673,7.977624889586043,6.013170803885865e-9,166301612.34631392,0.05071634810770771,0.11716298101292687
141,video,0.08276761343131275,0.009666086223180076,8.562681060389174,6.008776891883094e-10,1664232202.315319,0.05224652409212817,0.11328870277049734
141,swivel,0.050109324033560616,0.010786152180869493,4.645708978817802,9.156785333209036e-4,1092.086320264915,0.01605157752299284,0.08416707054412839
141,wifi,0.07451864835211404,0.009811265865731923,7.595212419264609,2.665434174675489e-8,37517339.93287408,0.043539147952004933,0.10549814875222314
141,price,-0.21648499221643167,0.012120181342283239,-17.86153078924556,2.7053220281570145e-24,3696417615322655e8,-0.25475499405728463,-0.1782149903755787
142,canon,0.23434950806253052,0.044807803934524784,5.2301047470430095,1.401231336122527e-4,7136.5803363147,0.0929482211534639,0.37575079497159714
142,sony,0.19175799429724805,0.04608334646755626,4.161112614342149,0.0037773824341537404,264.7335866652944,0.04633144080869325,0.33718454778580287
142,nikon,0.19399111308176156,0.04572679587265704,4.242394626161882,0.0029944040833698713,333.9562638034511,0.049689736650324196,0.3382924895131989
142,panasonic,0.17554520137961943,0.046101127016772055,3.807828847996586,0.009971220142317957,100.28862924768757,0.03006253729602773,0.32102786546321116
142,pixels,0.0818093158067727,0.01193320084220737,6.8556053726520405,4.3022112663431646e-7,2324386.084484386,0.044151367684652235,0.11946726392889316
142,zoom,0.08270730795618388,0.010516413161202163,7.864592869107983,8.822712947300772e-9,113343821.33626379,0.04952035782503364,0.11589425808733411
142,video,0.08228349325157522,0.00961140690663955,8.561024837553582,5.627174206933699e-10,1777090886.5195942,0.051952497615380865,0.11261448888776956
142,swivel,0.04955601383322756,0.01071904303004665,4.623175193374691,9.671931740662839e-4,1033.9196210368082,0.015729618745955534,0.08338240892049958
142,wifi,0.07377181824078574,0.009769746412341216,7.5510473995104554,2.999865135795329e-8,33334831.891863644,0.0429411460324595,0.10460249044911199
142,price,-0.21822224830908907,0.012154354682964776,-17.954243890458752,1.4827927703718361e-24,6744030723519326e8,-0.25657809802294285,-0.17986639859523526
143,canon,0.2368061184394566,0.04455840904759095,5.314510178909979,1.0373438536252318e-4,9640.005062017524,0.09627120844731255,0.37734102843160067
143,sony,0.19244355157983037,0.04578973836653619,4.202765913169553,0.003319834720485106,301.21981489906113,0.04802509280963557,0.33686201035002517
143,nikon,0.19737014676232212,0.0455468177025097,4.3333465809060625,0.0022739634465586,439.76080684735405,0.0537178471612694,0.34102244636337486
143,panasonic,0.17534506089089694,0.04578790694610247,3.8295059238522926,0.009338377113714182,107.0849878756146,0.030932378325717352,0.31975774345607655
143,pixels,0.08213758126501552,0.01185747056768225,6.9270744376868185,3.150751521037219e-7,3173845.964440898,0.04473973438085224,0.11953542814917881
143,zoom,0.08415666316481897,0.01054006077470068,7.984457107384077,5.188864488433601e-9,192720392.33806953,0.05091385840708555,0.11739946792255239
143,video,0.08160652557243615,0.009562713016782673,8.533825644376837,5.840691242212791e-10,1712126114.0678654,0.05144622492842304,0.11176682621644926
143,swivel,0.047941149703174236,0.010760915247104265,4.4551182313302835,0.0015860973907367733,630.4783084823565,0.014001781399658693,0.08188051800668977
143,wifi,0.07318573628178975,0.00972361167877346,7.526600063796606,3.1323723330826794e-8,31924684.988385923,0.04251796960691855,0.10385350295666093
143,price,-0.217764836962379,0.012081948118994114,-18.023983782882613,8.662837733317654e-25,11543561483946031e8,-0.2558706743951989,-0.1796589995295591
144,canon,0.23746352808427465,0.044270181742873685,5.363960994411321,8.606873778330601e-5,11618.620485845688,0.09791505351143043,0.37701200265711887
144,sony,0.194897434687262,0.04555193644505069,4.278576277923262,0.002638799790254327,378.9601635157096,0.05130861271977072,0.3384862566547533
144,nikon,0.2013334127232686,0.045406985292440125,4.433974451873353,0.0016689564717546135,599.1768011472919,0.05820150580419217,0.34446531964234506
144,panasonic,0.17797480529431467,0.045565669794226396,3.9058968319360856,0.007538951453095209,132.64444083791489,0.03434269306116833,0.321606917527461
144,pixels,0.08194072225043089,0.011770545801758018,6.961505747523827,2.6510983177735606e-7,3772021.555352265,0.044837605731386204,0.11904383876947558
144,zoom,0.08374209539500038,0.010475286717766642,7.994253298381738,4.702895885710459e-9,212634943.29918206,0.050721894785301654,0.11676229600469912
144,video,0.08187326432096852,0.009500437500249244,8.617841475071078,3.8848145870887707e-10,2574125424.990712,0.051925983583910304,0.11182054505802673
144,swivel,0.04786622531385335,0.0106902358185085,4.4775649598842655,0.0014646658332732314,682.7495919428957,0.014168462111492364,0.08156398851621434
144,wifi,0.07275610848052017,0.009675408900892152,7.519693402705848,3.0577708616078056e-8,32703562.341953583,0.04225728286398961,0.10325493409705072
144,price,-0.21849700591363047,0.01202279501504318,-18.173561608614495,4.01137950343212e-25,2492907986253617e9,-0.25639526244656974,-0.1805987493806912
145,canon,0.23696818191399335,0.04395951294453514,5.390600715093961,7.703698977284893e-5,12980.777194807293,0.09847442014085506,0.37546194368713165
145,sony,0.1944557727177208,0.04525310439013596,4.297070341103654,0.002473133604034269,404.3453205960092,0.051886571216102045,0.3370249742193395
145,nikon,0.19996624325415358,0.04511225921553685,4.43263642148262,0.001655691619464209,603.9772070137104,0.05784077228436388,0.34209171422394324
145,panasonic,0.17728384768955,0.04523253974506162,3.919387429685626,0.007207106162446938,138.7519452967906,0.03477943478236967,0.3197882605967303
145,pixels,0.08160100592687955,0.011683691072404566,6.984180377689978,2.3317110992121214e-7,4288695.972403687,0.044791718934683734,0.11841029291907537
145,zoom,0.0859916220377574,0.010637239728006505,8.084016552842401,3.0972448234644503e-9,322867599.1074678,0.052479163729289346,0.11950408034622545
145,video,0.08283655421026759,0.009491427346571765,8.727512858241237,2.3218895591122669e-10,4306837058.961289,0.05293395998722186,0.11273914843331331
145,swivel,0.04603824111106307,0.010770180457442892,4.274602574485896,0.002640920153081575,378.65590098706446,0.012106955102303155,0.07996952711982298
145,wifi,0.07315512578316646,0.009617258547625141,7.606650629272225,2.064279121903745e-8,48443061.27931806,0.04285610231841594,0.10345414924791699
145,price,-0.2175170143755393,0.01197476631135309,-18.164614550291038,2.9333712312447194e-25,34090468650831805e8,-0.25524332938057637,-0.17979069937050224
146,canon,0.23845479494338057,0.04367676057865965,5.459534814033094,5.962484549049154e-5,16771.531930585403,0.10092540294300706,0.3759841869437541
146,sony,0.1972676208767115,0.045004839803050256,4.383253484291737,0.0018964191400571999,527.3095904156704,0.05555637276249403,0.338978868990929
146,nikon,0.20261529881519688,0.044876666475166194,4.514936485474471,0.0012761699674594263,783.5946821337443,0.06130764290014934,0.3439229547302444
146,panasonic,0.18041044212127977,0.04502930057267932,4.006512200430233,0.005618757666553724,177.97528552487867,0.03862217193101139,0.3221987123115482
146,pixels,0.08052688875603672,0.01166975601465305,6.900477495409817,3.0873551974214046e-7,3239018.3054907704,0.043781158802059725,0.11727261871001372
146,zoom,0.0860392198322265,0.01056777962021242,8.141655383091443,2.3131767418819914e-9,432305920.20668685,0.052763393358230395,0.1193150463062226
146,video,0.0820056516735058,0.009463790726565608,8.665201296485716,2.781424479369866e-10,3595280071.118633,0.052206065637373025,0.11180523770963859
146,swivel,0.04670969896966163,0.010723379817281692,4.3558747116636445,0.002057066076824099,486.12925528571185,0.012943918565599316,0.08047547937372394
146,wifi,0.07325915544717969,0.009546416939006043,7.673994956981976,1.5011516580857062e-8,66615521.13097065,0.04319939597763117,0.1033189149167282
146,price,-0.21854408481910284,0.011935348810029367,-18.31065755157977,1.3642114795681835e-25,7330241791518511e9,-0.25612611341757296,-0.18096205622063272
147,canon,0.24014806468275166,0.04338479372575887,5.535304978070426,4.4934629599540086e-5,22254.550864490382,0.10360975467090833,0.376686374694595
147,sony,0.20004089975708336,0.04473712484619847,4.47147420503224,0.0014383819946945935,695.2256102262504,0.05924660533447135,0.3408351941796954
147,nikon,0.20417860679187852,0.04457601512453175,4.5804589356286325,0.0010313550367445422,969.5982124220639,0.0638913482966908,0.34446586528706624
147,panasonic,0.1821529514235418,0.04475680929182409,4.0698377365523335,0.004662425097861834,214.48065738548706,0.04129670716301578,0.32300919568406783
147,pixels,0.07930457405132714,0.011651809961155682,6.806202153631875,4.263347921655749e-7,2345574.4602041105,0.04263461888842447,0.11597452921422981
147,zoom,0.08547761002155725,0.010508263231367351,8.134323259661508,2.242750134884711e-9,445881145.85105354,0.05240656416526182,0.11854865587785268
147,video,0.08122375906954737,0.009418696223237233,8.623673292398694,3.070194031277047e-10,3257123132.3254514,0.05158174041746379,0.11086577772163096
147,swivel,0.045786895096664774,0.01069331248706409,4.281825220393968,0.0025315263872392473,395.01859630645555,0.012133472087639423,0.07944031810569013
147,wifi,0.07353061056373984,0.009485720285931067,7.75171608979428,1.044742224202233e-8,95717391.03046225,0.04367765735453491,0.10338356377294478
147,price,-0.2192369383539938,0.011868255581193234,-18.472549470657064,6.036791463544769e-26,1656509100966701e10,-0.2565880796337696,-0.18188579707421798
148,canon,0.23593535002818722,0.043283846741492604,5.450886827071582,5.890700608052426e-5,16975.909429737905,0.0997850035297683,0.37208569652660617
148,sony,0.19641347462716108,0.04459545621016735,4.404338273870615,0.0017407224591362296,574.4741183475129,0.05613743004332944,0.3366895192109927
148,nikon,0.20066122895669775,0.044420747932400445,4.517286139847629,0.0012363533966594446,808.8302282356665,0.06093473332345195,0.34038772458994354
148,panasonic,0.17809744431739716,0.04464311080196099,3.989360085309603,0.0057945123092164,172.57707752375651,0.03767150110686315,0.3185233875279312
148,pixels,0.0797283924962177,0.011585854918154965,6.8815286450103725,3.0705434079031965e-7,3256752.5260386304,0.043284816420178444,0.11617196857225695
148,zoom,0.08431536724843162,0.010503477487902474,8.027376394679097,3.2595870619138805e-9,306787326.4329518,0.05127643455011872,0.11735429994674454
148,video,0.08054850222830068,0.009369488626535702,8.596894178426776,3.197263094873987e-10,3127675046.833807,0.0510765578645165,0.11002044659208485
148,swivel,0.04481892384586191,0.010663911389105038,4.202859739781025,0.0031554200886723016,316.9150135000781,0.011275342580399285,0.07836250511132453
148,wifi,0.07351487378038751,0.0094236165932618,7.801131662439779,8.123972669739407e-9,123092486.97067282,0.043872668638511525,0.1031570789222635
148,price,-0.218382466689404,0.011821766773532343,-18.472912794924927,4.2815354970043086e-26,2335610672151794e10,-0.2555681089927022,-0.1811968243861058
149,canon,0.23346385501643283,0.043096948532809626,5.417178314578287,6.483266705981281e-5,15424.323035753378,0.09797009972392218,0.3689576103089435
149,sony,0.19349829941979085,0.04442952726013908,4.355173492772948,0.0019946552010129117,501.33978017463227,0.05381501094371094,0.33318158789587077
149,nikon,0.1987704267859008,0.04418907201564456,4.498180607086041,0.0012950596241142222,772.1652203341347,0.059843112576340896,0.3376977409954607
149,panasonic,0.17427143125270272,0.044540066463996844,3.912689070492786,0.007110028931804061,140.64640377578115,0.0342406153449224,0.31430224716048305
149,pixels,0.08149528822650572,0.011640939383911688,7.000748439523355,1.8579035335758704e-7,5382410.776060691,0.04489699888224034,0.1180935775707711
149,zoom,0.08482362904232173,0.010442430686160636,8.122977455310147,2.085323843938087e-9,479541824.1185611,0.05199336619964031,0.11765389188500314
149,video,0.08014955162189297,0.009316954187365558,8.602548645197952,2.9181166145174075e-10,3426867846.9704614,0.05085770721733178,0.10944139602645415
149,swivel,0.04400393949949496,0.010623108251509913,4.1422847680423915,0.003723436352073898,268.56911343281456,0.010605639181778752,0.07740223981721117
149,wifi,0.07386323364813205,0.009371471700036148,7.88171122021818,5.5600646904772525e-9,179854022.51033238,0.04439999004310724,0.10332647725315686
149,price,-0.21714167176012814,0.011812543795738066,-18.382295593136533,3.994343858451021e-26,25035400942867076e9,-0.2542794732270538,-0.18000387029320244
150,canon,0.23618985957929797,0.04286454738254947,5.510144723362994,4.601172573043924e-5,21733.59038647068,0.10149385343619538,0.37088586572240057
150,sony,0.1960948139651138,0.044179333486649854,4.438609605198546,0.0015347419826479225,651.5753210026086,0.057267271436609674,0.3349223564936179
150,nikon,0.2009422274254159,0.043918709913542166,4.575321720992905,0.0010091684142523147,990.914881874194,0.06293365900367306,0.3389507958471587
150,panasonic,0.17679842625313802,0.04427441097250739,3.993241747765378,0.005637952505381265,177.36935510640225,0.03767211566568662,0.3159247368405894
150,pixels,0.08152795472858974,0.011548320202940597,7.059724124018482,1.4164320886411644e-7,7059992.554668377,0.045238930255393855,0.11781697920178563
150,zoom,0.08448493419650242,0.010380076307499602,8.139143845740525,1.8408737560444997e-9,543220303.2481207,0.05186695716287483,0.11710291123013002
150,video,0.07918375281984026,0.009305477399243645,8.509370279731845,4.010130302836411e-10,2493684555.069666,0.04994255659894423,0.1084249490407363
150,swivel,0.0454142387184292,0.010636679522835844,4.269587949973444,0.0025448348247377,392.9528118207324,0.011989921005153115,0.07883855643170529
150,wifi,0.07540846839239788,0.00943697986689648,7.990741683885494,3.377759766659254e-9,296054210.21076405,0.045754043564823266,0.1050628932199725
150,price,-0.2180290240955153,0.011760715484440317,-18.538755093937308,1.7801629376115558e-26,5617463316822558e10,-0.2549854718331243,-0.1810725763579063
151,canon,0.23647906687691675,0.04256112249866498,5.556222509975728,3.833938196372473e-5,26082.840900934767,0.10280195764129083,0.3701561761125427
151,sony,0.19700322026501038,0.043842376364264114,4.493443024808015,0.0012836317089359316,779.039652135854,0.05930191469960869,0.3347045258304121
151,nikon,0.20165422287598259,0.04361678723297588,4.623316747262042,8.583359617290528e-4,1165.044976078569,0.06466145367370274,0.33864699207826243
151,panasonic,0.1771304366320039,0.04395599292928827,4.029722111316027,0.005045274645834463,198.20526536164516,0.039072281127454395,0.31518859213655337
151,pixels,0.08165256453459087,0.011467423997014614,7.120392910896814,1.070435820674312e-7,9341989.31581025,0.045635373250497165,0.11766975581868458
151,zoom,0.08372902560058856,0.010340275483798076,8.097368946483247,2.0625566894169732e-9,484835158.7769798,0.05125201244339334,0.11620603875778379
151,video,0.07902137708180987,0.009237162023965061,8.554724587140008,3.1123216358001497e-10,3213035531.0880623,0.05000905211449997,0.10803370204911977
151,swivel,0.04579058290333367,0.010574482728402,4.33029057585434,0.0021036766256840624,475.3582312941398,0.012577965382750807,0.07900320042391654
151,wifi,0.07443889279481868,0.009424393685666378,7.8985338768300055,4.660636599399882e-9,214562963.37902918,0.04483850562838798,0.10403927996124937
151,price,-0.21872384851110846,0.011696539038942366,-18.69987761190648,7.796995549248238e-27,12825453005374832e10,-0.25546065043254523,-0.18198704658967169
152,canon,0.2309820574020055,0.042661040598610984,5.41435591258236,6.170757475813212e-5,16205.465924071425,0.09705552945532397,0.36490858534868703
152,sony,0.19110115129627728,0.04398195346083309,4.344990075678587,0.0019924073154194014,501.9054047136442,0.053027859208936684,0.3291744433836179
152,nikon,0.19615735765876308,0.04369830905876684,4.488900414772676,0.0012868501246709506,777.0912718026906,0.05897451525120556,0.3333402000663206
152,panasonic,0.17192147165330934,0.044005010808458526,3.906861252724952,0.00706250596256895,141.59280081319113,0.03377579524369709,0.31006714806292157
152,pixels,0.08061034917320332,0.011437157096814045,7.048110687896234,1.3688506158310948e-7,7305399.058412609,0.04470548801501288,0.11651521033139377
152,zoom,0.08341460649170887,0.010281139883603227,8.113361692971596,1.824018164930275e-9,548240154.1972725,0.05113884976790403,0.11569036321551371
152,video,0.07829685205807672,0.009206068078260134,8.504917777326945,3.589018193665543e-10,2786277321.6501255,0.049396086477541346,0.1071976176386121
152,swivel,0.045380795266157674,0.010521682656235744,4.313073939676602,0.0021921768735093756,456.16757118650594,0.012349898538515473,0.07841169199379988
152,wifi,0.07329858554902073,0.009431384327134333,7.771773793390948,7.4262438094621535e-9,134657577.32406378,0.043690480848804475,0.10290669024923699
152,price,-0.21741096616017577,0.011694887575433705,-18.590257046751738,7.734482514170144e-27,1292911320399168e11,-0.2541249249789772,-0.1806970073413743
153,canon,0.23095738655039305,0.04235403086470401,5.453020216379518,5.2883038959505186e-5,18909.65458255421,0.0980574641697241,0.363857308931062
153,sony,0.19138420981795176,0.043673778624510225,4.382130785233791,0.0017629525737758041,567.2302334590032,0.054343137911265105,0.3284252817246384
153,nikon,0.19732722478158762,0.04340607738443617,4.546073653094991,0.0010660829166652928,938.0133424593275,0.06112615495500284,0.3335282946081724
153,panasonic,0.1721819415273058,0.04368512881340191,3.941431471171102,0.006366562425452365,157.07063453932074,0.035105254610857034,0.3092586284437545
153,pixels,0.07985431830424071,0.011371732332168085,7.022177094192651,1.458845135776486e-7,6854737.185436336,0.04417170879992703,0.11553692780855439
153,zoom,0.08316869139539981,0.010217488933910323,8.139836698954019,1.5443048027703007e-9,647540562.0743508,0.051107906187500204,0.11522947660329942
153,video,0.07823227200544824,0.009144943308448067,8.554702786749651,2.7331699273466275e-10,3658755315.5569954,0.049536957036473345,0.10692758697442314
153,swivel,0.04591812214832817,0.010462855255772946,4.388679860881432,0.0017283227037801713,578.5956510394785,0.013087418128343353,0.07874882616831298
153,wifi,0.07314949515180422,0.009374094719498263,7.80336633463412,6.200436060531955e-9,161278979.45200437,0.04373514107084314,0.10256384923276529
153,price,-0.2181975887146367,0.01163991850746641,-18.745628551838585,3.42690743220116e-27,29180829064813207e10,-0.254721721945336,-0.18167345548393746
154,canon,0.2352559380169103,0.04229011568981886,5.562905993032008,3.518513012806184e-5,28421.097104383076,0.10261816865499063,0.36789370737883
154,sony,0.19499034835759596,0.04351743880444928,4.48074045059977,0.0012903607842613346,774.9770546323978,0.05850323033451635,0.33147746638067555
154,nikon,0.20144870593474765,0.04331242190678001,4.651060759620404,7.577878063669937e-4,1319.6306295745592,0.06560459830652726,0.33729281356296803
154,panasonic,0.17639303611454973,0.04357025683948769,4.048473635681781,0.004666656002078955,214.28620398728953,0.03974026079223361,0.31304581143686583
154,pixels,0.07930990748463722,0.011314318763601451,7.009693569866521,1.4752382776019936e-7,6778565.979358293,0.04382393214087391,0.11479588282840053
154,zoom,0.08183696472663131,0.010239458546901774,7.992313690394626,2.6964121182877578e-9,370863190.0953655,0.049722156834018705,0.11395177261924391
154,video,0.07788401458400951,0.009090220776404768,8.567890318590596,2.424999391628471e-10,4123712374.741939,0.04937365023237038,0.10639437893564864
154,swivel,0.045633875126712825,0.010394477566392037,4.390203820753689,0.0017024718409329458,587.3812276695309,0.013032869061821148,0.0782348811916045
154,wifi,0.07329721118141728,0.009311279645171562,7.871873037281845,4.441389872872854e-9,225154744.03807816,0.044093522756939174,0.1025008996058954
154,price,-0.2188358433717682,0.011576913408011131,-18.90277966667139,1.5051349465674768e-27,6643922541832822e11,-0.2551454146625455,-0.18252627208099093
155,canon,0.23661646411196485,0.04203383484726269,5.629190507403197,2.720443697763124e-5,36758.70964807126,0.10484263120659032,0.3683902970173394
155,sony,0.1964172196519645,0.043272360959087236,4.539091819780096,0.0010647571610259599,939.1812862159459,0.06076067336815216,0.3320737659357768
155,nikon,0.20251545094596224,0.04305356667822871,4.703801951171912,6.327772750463155e-4,1580.334881537593,0.06754481307643728,0.3374860888154872
155,panasonic,0.17818594059872683,0.04332781382504735,4.112507068051502,0.003848514019123909,259.84055015282075,0.04235555253436549,0.31401632866308815
155,pixels,0.07970642936646961,0.011253823690727078,7.082608681007335,1.0608639043700959e-7,9426279.807246013,0.04442629164034948,0.11498656709258975
155,zoom,0.08354759480558656,0.010317820931869991,8.097406938661077,1.6482275620040542e-9,606712339.3957298,0.05120177586319823,0.11589341374797488
155,video,0.07731619588564753,0.009047332002369885,8.545745404876829,2.49882296817342e-10,4001884137.9986835,0.04895329205229969,0.10567909971899538
155,swivel,0.04493428664947961,0.010348796040126612,4.3419820503999285,0.001950397699965308,512.7159450699655,0.012491362392897006,0.07737721090606223
155,wifi,0.0740603313632678,0.009284286558626061,7.976954491399029,2.725204867429647e-9,366944889.8875547,0.04495458761974455,0.10316607510679104
155,price,-0.21911085754327647,0.01150804164592041,-19.03980401573808,7.008386499576318e-28,14268619461276195e11,-0.25518795501553726,-0.1830337600710157
156,canon,0.23425314907441575,0.041847514355699215,5.59777928703937,2.982645516577522e-5,33527.282891714996,0.10312224370329484,0.3653840544455367
156,sony,0.19520519712564902,0.04302663921084521,4.536845096570917,0.0010602463548365908,943.1770224327946,0.060379455581305586,0.33003093866999245
156,nikon,0.2002582853349328,0.04283314926807439,4.67531079915702,6.845566905785297e-4,1460.7993958175825,0.06603885247502117,0.33447771819484445
156,panasonic,0.17627965887625852,0.043104003412312734,4.089635414837219,0.004078278737423314,245.2014843477342,0.041211493428418206,0.3113478243240988
156,pixels,0.08027595610331788,0.011190917108316845,7.173313440384483,7.079220664760849e-8,14125848.696563864,0.04520875761039476,0.115343154596241
156,zoom,0.08533111411308628,0.010405858742266785,8.200295259293322,1.0123439026576031e-9,987806611.3450203,0.05272392826116001,0.11793829996501254
156,video,0.07587332611523671,0.009112135425084265,8.326624065130712,5.940438883766179e-10,1683377305.2236333,0.047320075425143285,0.10442657680533014
156,swivel,0.04510020837238986,0.010287422845482723,4.384014252140289,0.0016996598628229909,588.3530121956783,0.01286414626850095,0.07733627047627877
156,wifi,0.07387739923297061,0.009230079128672722,8.00398330318476,2.3089696927567144e-9,433093601.50417763,0.04495456710243803,0.10280023136350319
156,price,-0.2187551033185994,0.011438499951529693,-19.124457249251886,3.8223366144312582e-28,2616200771602619e12,-0.2545981128216796,-0.1829120938155192
157,canon,0.23253257601858907,0.04160343656861725,5.58926365698346,3.013707368841699e-5,33181.72196606946,0.10222395285102753,0.3628411991861506
157,sony,0.19496511762317903,0.04272240227052795,4.563533585696227,9.64238687113101e-4,1037.0876146796882,0.06115171475437292,0.32877852049198514
157,nikon,0.1991155273399395,0.04256343471829474,4.678088802226177,6.703028409684042e-4,1491.8629892054068,0.06580003629208744,0.33243101838779154
157,panasonic,0.17585323804349146,0.04284084140123302,4.104803554078426,0.00387083299325263,258.34232624944843,0.04166886485770477,0.31003761122927814
157,pixels,0.08037933355037996,0.011114974136243993,7.231625783840285,5.3689796645513255e-8,18625512.899638966,0.04556545528221866,0.11519321181854125
157,zoom,0.08597687790985901,0.010357754598961696,8.300725518103865,6.255881136255818e-10,1598495844.5014603,0.053534732447378136,0.1184190233723399
157,video,0.07677866319478956,0.009092192304536248,8.444460986211586,3.396369845834379e-10,2944320098.785744,0.048300461428338826,0.10525686496124029
157,swivel,0.0453789419792009,0.010226990024869924,4.437174757074047,0.0014292971110398617,699.6445961277193,0.013346372095431831,0.07741151186296996
157,wifi,0.07479947554452958,0.009218188455348329,8.114335686111021,1.3763997315245151e-9,726533126.3123608,0.04592663366440325,0.10367231742465591
157,price,-0.21897341829402303,0.011365567366035138,-19.266386907212674,1.7428588169409972e-28,5737699406743478e12,-0.25457219467259257,-0.1833746419154535
158,canon,0.23969105787749778,0.04193515018430424,5.715755322779573,1.8675712280073393e-5,53545.481157737675,0.10840035559876368,0.37098176015623185
158,sony,0.20063046952858885,0.04281640607826082,4.685831621688934,6.460218336104053e-4,1547.9352987364625,0.06658072847936433,0.3346802105778134
158,nikon,0.2057144569321341,0.042795581445843146,4.806908797172464,4.363017334230301e-4,2291.9918107004596,0.07172991370866669,0.3396990001556015
158,panasonic,0.18282935412427478,0.0431068531617331,4.241305980706019,0.00256590809704709,389.725571679993,0.04787028041745178,0.3177884278310978
158,pixels,0.07876781906544575,0.011154231483088292,7.061698440172336,1.0295346055365297e-7,9713126.636271367,0.04384611547411462,0.11368952265677687
158,zoom,0.0848610397761613,0.010348567827365159,8.200268983284783,9.057918363040664e-10,1104006417.280525,0.0524617105341638,0.11726036901815881
158,video,0.0763810950455213,0.009045242525525372,8.44433909096151,3.201212814261767e-10,3123816059.7911086,0.048062220825722216,0.1046999692653204
158,swivel,0.0449116482770086,0.010169149484605962,4.416460623869849,0.001508006852469888,663.126960174054,0.013074042556186383,0.07674925399783082
158,wifi,0.07410887568361703,0.009185195769234801,8.06829571687952,1.5847628521970373e-9,631009238.1416243,0.04535183540093174,0.10286591596630232
158,price,-0.22051361172412948,0.011393163632061127,-19.35490605116821,9.347491919548166e-29,10698056854253344e12,-0.2561833648514165,-0.18484385859684244
159,canon,0.23737669702522146,0.04173862587246812,5.687218782681614,2.029761115768747e-5,49266.8813207244,0.10675692249865662,0.3679964715517863
159,sony,0.19703338376419346,0.04269627120234477,4.61476794613795,8.015166932736722e-4,1247.6346511457584,0.06341668697557071,0.3306500805528162
159,nikon,0.20260499195474027,0.042641746259186715,4.751329617770781,5.164188989866981e-4,1936.4124782461884,0.06915892933608611,0.33605105457339446
159,panasonic,0.18070414215410013,0.04289645922146556,4.212565452574115,0.002771240784481735,360.8491927514034,0.046460962979584436,0.3149473213286158
159,pixels,0.07964021761465571,0.011130573748197937,7.15508646870514,6.781644676995376e-8,14745685.56197274,0.044807421782248384,0.11447301344706304
159,zoom,0.08635474056626685,0.010390902655929957,8.310610100556115,5.352100714597658e-10,1868425228.3828232,0.05383672317412417,0.11887275795840954
159,video,0.07636445035047902,0.008992845615887209,8.491689239674011,2.462066210478214e-10,4061629194.796379,0.04822161042353692,0.10450729027742112
159,swivel,0.044547387401580874,0.010114670003490233,4.404235371614602,0.0015502959337791297,645.0381364042653,0.01289383178852977,0.07620094301463198
159,wifi,0.07387117608586982,0.00912467353200405,8.095760996464442,1.3379171327785908e-9,747430446.5503007,0.04531578465969767,0.10242656751204197
159,price,-0.21964185070566936,0.011356242382325613,-19.34106752137581,6.888867689720489e-29,1451617370285964e13,-0.25518086974239446,-0.18410283166894426
160,canon,0.23643421960347763,0.04151240205043055,5.6955080391698365,1.9291833830839118e-5,51835.40397292049,0.10657679320010768,0.3662916460068476
160,sony,0.19696123160801612,0.042448177121226886,4.640039807728812,7.309532443986789e-4,1368.0765598388627,0.0641765512664515,0.32974591194958075
160,nikon,0.20232460401728117,0.0423943673081335,4.77244070059431,4.761313426165133e-4,2100.260811448874,0.06970824936872427,0.33494095866583806
160,panasonic,0.18008687145110427,0.04265586001330642,4.221855365122787,0.0026722730287269533,374.21325936758456,0.04665252583985244,0.31352121706235614
160,pixels,0.08028033344569052,0.011080580237806571,7.245138045368481,4.509963887468311e-8,22173126.54716964,0.04561850802326405,0.11494215886811698
160,zoom,0.08490665224805807,0.01043097210545976,8.139859966034843,1.0514933219934235e-9,951028388.943258,0.05227690485702998,0.11753639963908616
160,video,0.07530053074503655,0.008998361996581097,8.368248662772933,3.94906378508381e-10,2532245753.479966,0.047152216674885276,0.10344884481518782
160,swivel,0.045604054123880335,0.010104398979866041,4.513287154906558,0.0010929973363328388,914.9153129276069,0.013995879649075837,0.07721222859868483
160,wifi,0.0760859260498672,0.009335266290440533,8.15037554180757,1.005282748809637e-9,994745011.97211194,0.04688372151845853,0.10528813058127588
160,price,-0.2188572204699688,0.011314884986047621,-19.342416713898686,4.8514767765918574e-29,20612280467361032e12,-0.2542519885817561,-0.18346245235818148
161,canon,0.23530543577277968,0.04126820375122387,5.701857953189963,1.8467475630695343e-5,54149.25244779368,0.10626503397622272,0.36434583756933664
161,sony,0.19535712545160622,0.04220524633949112,4.628740320105941,7.493898996526154e-4,1334.4188391964672,0.06338671117329919,0.32732753972991324
161,nikon,0.20053370595611142,0.04217035926492944,4.755323631375446,4.973930583321088e-4,2010.4824207906436,0.06867237910370944,0.3323950328085134
161,panasonic,0.1792072535699219,0.04240591030150781,4.2259970908713145,0.0026167979145197656,382.1464372358764,0.04660938871390577,0.31180511842593805
161,pixels,0.07994912314523907,0.011029072221923628,7.248943658770855,4.269809948352998e-8,23420246.149028994,0.04546262308965904,0.1144356232008191
161,zoom,0.08565470596690092,0.010392854100774049,8.24169233363157,6.43926723127593e-10,1552971734.3348267,0.05315757870976641,0.11815183322403543
161,video,0.0760441189499743,0.008976053699429118,8.47188770214362,2.3833073728249086e-10,4195849899.1874084,0.047977145574922705,0.1041110923250259
161,swivel,0.045210146043621016,0.010054617501383267,4.496456084719406,0.0011404150078462227,876.8737636034718,0.013770641428625205,0.07664965065861683
161,wifi,0.0754942783475618,0.009289553351882345,8.126793128569993,1.0548778098975743e-9,947977093.2873231,0.04644703160370757,0.10454152509141602
161,price,-0.21887886765391137,0.011245066983188378,-19.46443431427666,2.3314504401724512e-29,4289175453911997e13,-0.254040755738192,-0.18371697956963073
162,canon,0.23295327179713043,0.041109027517367655,5.666718136270989,2.0594442932581796e-5,48556.7880264405,0.1044626107332006,0.36144393286106025
162,sony,0.19208188220379777,0.04211577572476302,4.5608059901140185,9.208609612870992e-4,1085.9402689872825,0.060444521971698445,0.3237192424358971
162,nikon,0.19651569077182499,0.04211681113552982,4.665967946610373,6.572780021847549e-4,1521.4262407627464,0.06487509425266336,0.3281562872909866
162,panasonic,0.17642776422876727,0.042274279418227353,4.173406777282574,0.0030367737664652437,329.29683832325253,0.04429498375483171,0.30856054470270283
162,pixels,0.0805402266463403,0.010989595788541542,7.328770611410176,2.9483737412475674e-8,33917002.651667304,0.04619106995323881,0.11488938333944178
162,zoom,0.08672771917993734,0.010383023718730268,8.352838395571267,3.7711768747614455e-10,2651692119.487918,0.054274468348389976,0.1191809700114847
162,video,0.07637332813648014,0.00893101461219429,8.551472755648726,1.5905197457035023e-10,6287252973.132316,0.04845848702262392,0.10428816925033635
162,swivel,0.04517999303343173,0.009994830796311709,4.520335957073335,0.001046912626231485,955.1895496758372,0.013940080688201677,0.07641990537866178
162,wifi,0.07561764926692537,0.009230931017817382,8.191768427363339,7.567804357925e-10,1321387225.0183115,0.046765387358910296,0.10446991117494044
162,price,-0.21870385281706062,0.011186444118919881,-19.55079295011736,1.2515491350586657e-29,7990097807491398e13,-0.25366828001465064,-0.1837394256194706
163,canon,0.23643229678068106,0.040995241522876424,5.7673107413880125,1.3919115105252575e-5,71843.64756223878,0.10834826882813087,0.36451632473323126
163,sony,0.19685510391188688,0.04210751285471789,4.6750589281083705,6.310224085585856e-4,1584.7297757368908,0.06529593623418337,0.32841427158959036
163,nikon,0.20034642707626674,0.042022249082357264,4.767627422407068,4.663500145173081e-4,2144.312145106379,0.06905365439946315,0.3316391997530703
163,panasonic,0.18101461415820821,0.04222790568885858,4.286611216098438,0.0021415306056118823,466.9557359486245,0.04907929552833243,0.31294993278808403
163,pixels,0.08030021754728023,0.010928046275306883,7.348085423899362,2.6145925052926563e-8,38246877.7821295,0.04615703086030597,0.11444340423425449
163,zoom,0.0865152263605094,0.010320967537571184,8.38247248095394,3.136070533199293e-10,3188703791.619891,0.05426877419991054,0.11876167852110826
163,video,0.07596719535586692,0.008886492893901749,8.548613751550796,1.5185138496983672e-10,6585386101.013414,0.04820256312196498,0.10373182758976887
163,swivel,0.04393227576112756,0.010013225646447934,4.387424923027874,0.0015712817757254818,636.4230881111611,0.012647321070004644,0.07521723045225047
163,wifi,0.074025842883067,0.009310725019457601,7.950599199135128,2.031316705342655e-9,492291525.67389226,0.0449357553668064,0.10311593039932761
163,price,-0.21990560390317815,0.011176581283695298,-19.6755696864105,5.930386794056503e-30,16862306536265236e13,-0.25482530424830085,-0.18498590355805541
164,canon,0.23753062449521312,0.04074352619617891,5.829898554963308,1.0791728622010176e-5,92663.56067928344,0.11028284980894554,0.3647783991814807
164,sony,0.19736531821058287,0.041846866648455994,4.716370280924366,5.453205913148265e-4,1833.783678677698,0.06667165578751044,0.3280589806336553
164,nikon,0.20131363017059908,0.04176737666095352,4.819877288553732,3.876606582127e-4,2579.5756644754088,0.0708682261817826,0.33175903415941554
164,panasonic,0.18122466807147483,0.0419429667034504,4.320740336581069,0.0019125305865007904,522.8674548048002,0.05023087163235318,0.3122184645105965
164,pixels,0.07935706098645771,0.010892887404921607,7.285218146164142,3.2711172019767025e-8,30570595.250934765,0.045337038381876665,0.11337708359103876
164,zoom,0.08558943622229807,0.01029585016273421,8.313003284768916,4.0188747479007533e-10,2488258686.14678,0.05343404507124834,0.11774482737334781
164,video,0.07498794817228903,0.008888939947914606,8.436095711264379,2.346538235301659e-10,4261596870.4701076,0.04722653591146022,0.10274936043311783
164,swivel,0.044160915956422304,0.009951201936826063,4.437746941200897,0.0013307146541436906,751.4759057369034,0.013081909789461034,0.07523992212338357
164,wifi,0.07353515342853152,0.00926634082152251,7.935727256840668,2.063569168229368e-9,484597277.0847528,0.0445950650487034,0.10247524180835965
164,price,-0.22038582248646588,0.011113536497493038,-19.83039535040713,2.5454385659464013e-30,39285960909773406e13,-0.25509496330533865,-0.1856766816675931
165,canon,0.24064994628392475,0.040586838021067245,5.929260765744096,7.260118110330081e-6,137738.8060088371,0.11394029669245351,0.367359595875396
165,sony,0.20073433147207187,0.04170560328151032,4.813126191152953,3.916803478002114e-4,2553.102308084348,0.07053196451118465,0.3309366984329591
165,nikon,0.20517706542838965,0.0416704777090094,4.923799214906269,2.7027029204549854e-4,3699.9997018971485,0.07508435837697808,0.3352697724798012
165,panasonic,0.18493273453979084,0.04181956814104564,4.422157921766785,0.0013840874546755322,722.4976981201143,0.05437457619131225,0.3154908928882694
165,pixels,0.07827497469499459,0.010867254751814654,7.202828725619407,4.4458519125681296e-8,22492876.948354177,0.04434806368731917,0.11220188570267
165,zoom,0.08536290633993507,0.010236035156350722,8.339450288715895,3.391911966644561e-10,2948189722.592498,0.05340662467064243,0.1173191880092277
165,video,0.07497075336643419,0.00883432359326479,8.486303741872353,1.7794159933419907e-10,5619821355.667715,0.047390530282802754,0.10255097645006563
165,swivel,0.044250590777315774,0.009887308992283888,4.4754938691457085,0.001170479713985152,854.3505607587877,0.013383011066755435,0.07511817048787611
165,wifi,0.07343259979192436,0.009212824758282721,7.970693215010448,1.6913578312258733e-9,591240943.5413283,0.04467071900033126,0.10219448058351746
165,price,-0.22159699903356087,0.011106798350194114,-19.951474047396207,1.2134179496850065e-30,8241183511910237e14,-0.2562717506440639,-0.18692224742305782
166,canon,0.24556020672765236,0.040617049043796,6.045742182374526,4.548454421710793e-6,219854.90175009245,0.11880421299108057,0.37231620046422415
166,sony,0.20657240801699922,0.04182151726886815,4.93938100545126,2.531077674106108e-4,3950.8862577801633,0.07605756004587871,0.3370872559881197
166,nikon,0.21032968834015275,0.041719403312910665,5.0415315569737125,1.785226062934127e-4,5601.531485353959,0.08013351334667293,0.34052586333363255
166,panasonic,0.1898887215960247,0.04185875061088303,4.536416372318928,9.551238607816966e-4,1046.9846279220537,0.0592576773630305,0.3205197658290189
166,pixels,0.07735693515334255,0.010837050946518831,7.1381905958642555,5.616696436523538e-8,17804059.936323557,0.0435371182479175,0.11117675205876759
166,zoom,0.08508240607593415,0.010174762926421228,8.362102064805573,2.9096144026079485e-10,3436881530.0875573,0.05332943001945356,0.11683538213241473
166,video,0.07450493707529306,0.008783807418809922,8.482077705363375,1.7139939797429094e-10,5834326210.118866,0.04709279699191622,0.10191707715866989
166,swivel,0.043206570744878235,0.009884413052039088,4.37118223585011,0.0016077988362851287,621.9683566325576,0.012359706474581646,0.07405343501517482
166,wifi,0.0738226834805711,0.009167252160741353,8.052869298906803,1.1277492515513126e-9,886721936.3031429,0.04521390502855813,0.10243146193258407
166,price,-0.22296203577973372,0.011119258000949562,-20.051880778438026,6.164948743117143e-31,16220735024219786e14,-0.2576625526982313,-0.18826151886123615
167,canon,0.24691217370576016,0.04040915137788822,6.110303366600019,3.4634991140138574e-6,288725.3517559292,0.1208518971436282,0.3729724502678921
167,sony,0.20740393145034763,0.04159100291146292,4.986749944257413,2.1260023380942513e-4,4703.663688801021,0.0776567541219865,0.3371511087787088
167,nikon,0.21064327706260738,0.04146842290811924,5.079606657077978,1.5439562449731236e-4,6476.867484139148,0.08127849997269687,0.3400080541525179
167,panasonic,0.19010817312757972,0.041620295396708855,4.567679573523945,8.553950280903676e-4,1169.0505172007565,0.06026961504348921,0.3199467312116702
167,pixels,0.0772905202144151,0.010766703263387047,7.178661687208107,4.575375031688977e-8,21856131.85966211,0.043702742575816494,0.1108782978530137
167,zoom,0.08624951191040356,0.010179426595896315,8.47292439292934,1.6885425459333557e-10,5922267119.702582,0.05449380093487473,0.11800522288593239
167,video,0.07373950600986856,0.008771228334989079,8.40697598940803,2.2614547329580116e-10,4421932419.986967,0.04637680642337416,0.10110220559636296
167,swivel,0.04275146141810341,0.009838957420378344,4.345121092765077,0.0017279933047490753,578.7059459383794,0.012057877138216148,0.07344504569799068
167,wifi,0.07309099442705938,0.009143954817888768,7.993367846051457,1.3931785482842468e-9,717783087.6247259,0.04456553833828228,0.10161645051583648
167,price,-0.22326203918821744,0.01105644726725178,-20.19292760066788,2.7412818292077815e-31,3647928459398849e15,-0.25775370141765636,-0.1887703769587785
168,canon,0.24280321224899803,0.04039256357460022,6.01108696160296,4.9719409370427976e-6,201128.69655180947,0.11684079048248933,0.36876563401550677
168,sony,0.20287683799816028,0.041605971886210374,4.876147072180292,3.058187940518241e-4,3269.910219548312,0.07313045611632638,0.3326232198799942
168,nikon,0.20666607954932673,0.041413000691706815,4.990367181741379,2.0726853731136422e-4,4824.6589326665335,0.07752146979680943,0.335810689301844
168,panasonic,0.18606167692746875,0.041584467680987745,4.474307050286841,0.0011417259992173693,875.8668898540282,0.05638235495786356,0.31574099889707397
168,pixels,0.07684774305864349,0.01070734817699959,7.1771032181170495,4.4446034025692426e-8,22499195.30327365,0.04345735166689263,0.11023813445039435
168,zoom,0.08694809879941756,0.010144894799137409,8.570625967142657,1.0340834852826225e-10,9670399094.776114,0.0553116933728166,0.11858450422601852
168,video,0.07294969739095222,0.008758474270760833,8.329041695593771,3.0282220898562414e-10,3302267701.4005694,0.045636783020287404,0.10026261176161705
168,swivel,0.04271197392510573,0.009783087650640237,4.365899136384669,0.0016058668447195797,622.7166363688282,0.012203848077813186,0.07322009977239827
168,wifi,0.07349832621916917,0.009101418083555083,8.075480715688666,9.270278065382325e-10,1078716294.1036956,0.04511595674671012,0.10188069569162822
168,price,-0.22261988776377514,0.011009307111151983,-20.2210625533618,1.75108076099812e-31,5710758876877831e15,-0.25695192472723183,-0.18828785080031846
169,canon,0.2379451364311527,0.04047095302583569,5.879405317667073,8.070083667707667e-6,123914.45258510599,0.11178367985124146,0.36410659301106396
169,sony,0.19883984438082108,0.04158140076114817,4.781941943779063,4.147602781037472e-4,2411.0312698504417,0.06921675190482773,0.32846293685681444
169,nikon,0.20290591347651013,0.041359991937221015,4.905849928222771,2.731952103740322e-4,3660.3862806778257,0.07397302613871706,0.33183880081430317
169,panasonic,0.18157361187041535,0.04160595346232484,4.364125726257769,0.0016008585150450816,624.6648224073938,0.051873980437174255,0.31127324330365647
169,pixels,0.07697712125584066,0.010644286205600553,7.231778605815644,3.404817036403518e-8,29370153.79411671,0.04379533156349643,0.11015891094818489
169,zoom,0.08701956126188054,0.010086946743289813,8.626947626125713,7.59556138908976e-11,13165583803.145832,0.05557518453161062,0.11846393799215046
169,video,0.07263766817276233,0.008712006874997052,8.33765046504132,2.766632364261258e-10,3614502645.5909996,0.04547943751824385,0.09979589882728082
169,swivel,0.042347393744847875,0.009735908399510251,4.349608891860372,0.0016750062648895898,597.012692406805,0.011997320594193613,0.07269746689550213
169,wifi,0.07352014575167515,0.009050271385722763,8.123529407930983,7.147565021886658e-10,1399077863.4932125,0.0453074318149072,0.10173285968844309
169,price,-0.2220729750425014,0.010960418270466496,-20.26135951771935,1.075279870404536e-31,9299904401853867e15,-0.2562402538027616,-0.18790569628224119
170,canon,0.2312413238827331,0.04077205536307602,5.6715640608138145,1.7378029697324995e-5,57543.922839188745,0.10418621994522237,0.35829642782024385
170,sony,0.19205684159163044,0.04186615662605472,4.587400828479847,7.788666231222466e-4,1283.9168739716883,0.06159226642565152,0.32252141675760937
170,nikon,0.19718929920337053,0.041499407161690025,4.751617256484687,4.538144219620536e-4,2203.543897253262,0.06786759973740061,0.3265109986693404
170,panasonic,0.17570446037297766,0.04178419033812485,4.205046429071545,0.0025929404056861567,385.6625465849745,0.04549531101616047,0.30591360972979487
170,pixels,0.07675448560724264,0.01057873381236869,7.2555456039078186,2.9698940488481036e-8,33671234.85054484,0.043788717458232665,0.10972025375625262
170,zoom,0.08614245485880892,0.010064900655693045,8.558698968388114,9.758687548032053e-11,10247279617.038883,0.05477790903098432,0.11750700068663353
170,video,0.0724104464238533,0.008654281868532471,8.367008091929888,2.3042912552625353e-10,4339729180.138154,0.04544171324326657,0.09937917960444004
170,swivel,0.04200035007162123,0.009688838331200596,4.334921136661874,0.0017386832105664167,575.1479015399399,0.011807700958344918,0.07219299918489754
170,wifi,0.07330292513484801,0.009001430619774474,8.14347499094367,6.233914868650674e-10,1604128418.6103253,0.04525239658539758,0.10135345368429845
170,price,-0.22102473774181827,0.010943747809121095,-20.196439245210367,9.337708110835721e-32,1070926600114619e16,-0.25512797347452093,-0.1869215020091156
171,canon,0.23371300784952373,0.04060608169989775,5.755615860126495,1.2428034119709223e-5,80463.24868179529,0.10721917197675745,0.36020684372229
171,sony,0.1952337439144211,0.04172986677758483,4.678513472257016,5.721536076975065e-4,1747.7823901596244,0.06523915447907774,0.3252283333497645
171,nikon,0.19720820196838101,0.04125054679184072,4.780741524798126,4.072160033298762e-4,2455.6991665917494,0.06870676383129268,0.3257096401054693
171,panasonic,0.1757511276354403,0.04151274019611765,4.233667226136927,0.0023579945277043134,424.08919454684906,0.04643291900341373,0.30506933626746685
171,pixels,0.07644921881549879,0.010520891042270063,7.266420544452626,2.7360859594422286e-8,36548559.32245116,0.04367511678389308,0.10922332084710451
171,zoom,0.08641294279961222,0.010008856774757597,8.633647652701578,6.585236564108258e-11,15185483319.617315,0.055233901800357164,0.11759198379886726
171,video,0.07219726376560812,0.008611287763956853,8.384026378469757,2.0272905441746362e-10,4932692074.520214,0.04537185300281931,0.09902267452839691
171,swivel,0.04219717327604154,0.00963524863853073,4.379458679176975,0.0014998887039361169,666.7161352543874,0.012181975826476493,0.07221237072560659
171,wifi,0.07195899418153551,0.009042474973214226,7.957887015965614,1.3528309897097237e-9,739190636.2335546,0.04379037270264415,0.10012761566042686
171,price,-0.22053446405919003,0.010884655271319613,-20.261042592711647,5.297804165470909e-32,18875744908005907e15,-0.25444174444141443,-0.18662718367696565
172,canon,0.23465886593270516,0.040404481937155165,5.807743465135671,1.000097004407604e-5,99990.30050013383,0.10883614814364109,0.3604815837217692
172,sony,0.19566414769643073,0.04152645177511978,4.711795478121279,5.071117145443183e-4,1971.9520794320092,0.06634752805485344,0.324980767338008
172,nikon,0.19882900533587622,0.041059374901360406,4.842475215795077,3.2701885909417985e-4,3057.9276154590366,0.07096689962085373,0.3266911110508987
172,panasonic,0.17672461627667616,0.04131804120918956,4.277177985808552,0.0020465315363703868,488.6316102284667,0.04805700344236555,0.30539222911098673
172,pixels,0.07582545720105001,0.01049010973897568,7.2282806460377484,3.109302546680774e-8,32161553.434789244,0.04315843478219056,0.10849247961990946
172,zoom,0.0866845185634795,0.009954757058143852,8.707848725706878,4.446900467840471e-11,22487573248.64583,0.05568462627594292,0.11768441085101608
172,video,0.07320750809053582,0.008620455537454833,8.492301569500368,1.1814201933531273e-10,8464388924.670253,0.04636273512724404,0.1000522810538276
172,swivel,0.04178261798807846,0.00958940890168014,4.357163034392852,0.0015952063298780058,626.8781544243718,0.011920448442711635,0.07164478753344529
172,wifi,0.0720986538367025,0.008992927727450443,8.017261566177732,9.937056699443982e-10,1006334199.5985129,0.044093973333475256,0.10010333433992974
172,price,-0.22106032392606043,0.010843243958343978,-20.386917861047703,2.4472006342146813e-32,4086301654301855e16,-0.25482703393141953,-0.18729361392070132
173,canon,0.2287503326173479,0.04058108264379537,5.636871116160885,1.8764734348535548e-5,53291.455206667655,0.10242023982324369,0.3550804254114521
173,sony,0.19042742813999183,0.04160705220291892,4.576806528164292,7.830551335512173e-4,1277.0492870213625,0.06090346221180501,0.31995139406817863
173,nikon,0.19361251311345615,0.041135849838437565,4.70666131546755,5.105009460778317e-4,1958.8602287282315,0.06555541387663474,0.3216696123502776
173,panasonic,0.17146835265889127,0.041390152242610265,4.142733074616921,0.003064427525452106,326.32522443240566,0.0426196026275632,0.30031710269021933
173,pixels,0.076183148783044,0.010422030890394087,7.309817979263665,2.1157050195062488e-8,47265568.25172983,0.04373906292552168,0.10862723464056631
173,zoom,0.08629581368928912,0.009904975375896593,8.712370340595387,4.1175021322578016e-11,24286569086.769543,0.055461336715283346,0.1171302906632949
173,video,0.07341748073499925,0.008572635093141384,8.564167252813267,8.086849229348306e-11,12365755458.5148,0.04673061788531804,0.10010434358468046
173,swivel,0.041829608622558793,0.009531523058106828,4.388554522457094,0.0014331016865793947,697.7871907937354,0.012157699596152302,0.07150151764896528
173,wifi,0.07177177312130856,0.008949548871069423,8.01959675904113,9.397144506507306e-10,1064153051.2886367,0.043911566697751425,0.09963197954486569
173,price,-0.22042101519137663,0.010795536153949419,-20.417792321573415,1.5490166110708516e-32,6455708691908019e16,-0.25402783381820926,-0.186814196564544
174,canon,0.22720632907985316,0.04037054941205017,5.628021723480299,1.9067758652142605e-5,52444.54884515921,0.10157328193585433,0.352839376223852
174,sony,0.18970673726896836,0.04138027295705349,4.584472834818066,7.56481400219463e-4,1321.909566725487,0.0609314330197456,0.31848204151819115
174,nikon,0.19191695057304806,0.04093933013644152,4.687838074864252,5.379573670019752e-4,1858.88336388621,0.06451385926064543,0.3193200418854507
174,panasonic,0.17038294480313274,0.04116676601655458,4.138846970262757,0.003079171112429532,324.7627246057718,0.04227207360998486,0.2984938159962806
174,pixels,0.07583655562238989,0.010372772179238487,7.311117444011712,2.0309492713812192e-8,49238058.97524533,0.043556514969308055,0.10811659627547172
174,zoom,0.08669411615346591,0.00985869694597694,8.793668841686362,2.6819624500989758e-11,37286129787.65216,0.056013876319459185,0.11737435598747263
174,video,0.07288824771012549,0.00853509380152387,8.539829720103592,8.56524226191384e-11,11675093002.875055,0.046327057496914424,0.09944943792333655
174,swivel,0.04164912793717793,0.009476514540951032,4.394983805195339,0.0013925613983255974,718.1011919491597,0.012158238776062834,0.07114001709829301
174,wifi,0.07286174231130768,0.008963932513261975,8.128323389707592,5.517039570595164e-10,1812566299.741299,0.044966007117322,0.10075747750529336
174,price,-0.22043983127940106,0.010734271901892975,-20.536076717092175,7.305159984371017e-33,13688954138437e19,-0.2538448581504123,-0.18703480440838982
175,canon,0.2237769945217597,0.04028248919163862,5.555192814852385,2.4645082621344484e-5,40576.04575177708,0.09845886131315215,0.3490951277303672
175,sony,0.18774182944321968,0.0411752437781268,4.55958027728672,8.129562549477314e-4,1230.0784868975447,0.05964635202284124,0.3158373068635981
175,nikon,0.18906553350797892,0.04080242844298615,4.633683354709219,6.373755111897764e-4,1568.9338269889276,0.06212987820308846,0.31600118881286937
175,panasonic,0.1676484548841232,0.041022843354336376,4.0867097737729505,0.003578844881480858,279.41976618618327,0.04002709256916334,0.2952698171990831
175,pixels,0.07532840772266675,0.010339351431938022,7.285602798061299,2.190322558216334e-8,45655376.01979224,0.04316286269206907,0.10749395275326443
175,zoom,0.08638433057611183,0.009809383186484453,8.806295863243852,2.390746094787188e-11,41827946605.472336,0.05586750767050806,0.1169011534817156
175,video,0.0722158665389034,0.00851218062088736,8.483826854155168,1.0495937721404204e-10,9527495556.311422,0.04573461857358378,0.09869711450422301
175,swivel,0.04195450203685484,0.009430116429937963,4.448990884530452,0.0011625291851555543,860.1934581678421,0.012617571508119263,0.07129143256559042
175,wifi,0.0740072372546308,0.008980488901680099,8.24089178939749,3.1676598097437607e-10,3156904655.367308,0.046069090257181367,0.10194538425208025
175,price,-0.2202601371726832,0.010672993230670082,-20.637147650364863,3.641458197612399e-33,27461526282401694e16,-0.25346363611865463,-0.18705663822671173
176,canon,0.22319257004281523,0.04003667509975196,5.574702931417948,2.2534539773099964e-5,44376.3223065121,0.09867911091919142,0.34770602916643906
176,sony,0.18775926247189503,0.040923914089608715,4.588008421207451,7.338772178842556e-4,1362.6257575933041,0.06048650339588582,0.3150320215479042
176,nikon,0.18840082958001236,0.04055703092452208,4.64533091514101,6.073846078374478e-4,1646.403262605605,0.06226907164521539,0.31453258751480934
176,panasonic,0.16696190005562594,0.04076726604335845,4.095489255474034,0.0034628959724962416,288.77563979467345,0.04017631405417854,0.29374748605707335
176,pixels,0.07522526515160145,0.010269941668709266,7.324799651082714,1.7849726775758632e-8,56023266.49380878,0.043285900581920826,0.10716462972128207
176,zoom,0.08631274500544696,0.009753642723329195,8.84928302725302,1.8518746179223673e-11,53999336149.54494,0.05597906241287811,0.1166464275980158
176,video,0.0719953128601638,0.008466286360682786,8.503765381065795,9.100506609552879e-11,10988399249.666952,0.04566528924873006,0.09832533647159752
176,swivel,0.042291611575131,0.0093753935849477,4.510915855631987,9.438925464050879e-4,1059.442628092152,0.013134278130264024,0.07144894501999798
176,wifi,0.07548201251433928,0.009051219284441608,8.339430317867494,1.929042149038744e-10,5183919908.11765,0.04733285628235093,0.10363116874632763
176,price,-0.22072961901253987,0.010617951527202353,-20.788343066649723,1.528971495434773e-33,6540344296710669e17,-0.2537512890229729,-0.18770794900210686
177,canon,0.2200881768860871,0.03995631954883318,5.508219459930568,2.8452475148381853e-5,35146.32715730083,0.095863836184442,0.3443125175877322
177,sony,0.18417926859251324,0.04088942706889136,4.504325000255058,9.558912238887299e-4,1046.144137543002,0.05705389326626245,0.311304643918764
177,nikon,0.18629617636484935,0.04040147921265555,4.611122661729006,6.737707921865081e-4,1484.184253156506,0.06068783267269573,0.311904520057003
177,panasonic,0.16349374604479433,0.040724540310444236,4.014624715183455,0.004382426287138895,228.1841004227954,0.03688100424159593,0.29010648784799276
177,pixels,0.0739677274392695,0.010298017706094818,7.182715115695729,3.1970205640536185e-8,31279123.16998248,0.0419511534775455,0.10598430140099352
177,zoom,0.0861263358839185,0.009703392656106206,8.87589927938456,1.546167063484478e-11,64676064030.64731,0.05595845333405591,0.1162942184337811
177,video,0.07293464963882759,0.00847085445412578,8.61006997981229,5.298248266214896e-11,18874162737.45901,0.04659873277698294,0.09927056650067224
177,swivel,0.043370005602587886,0.009387247270223638,4.6200983476974775,6.540722051037821e-4,1528.8831908723737,0.014185020190664411,0.07255499101451136
177,wifi,0.07560842380748724,0.009001683516602856,8.399364815263032,1.3965103095424744e-10,7160706177.153971,0.04762215748763269,0.10359469012734179
177,price,-0.22005135569116804,0.010588241180967312,-20.782616482774976,1.0896361513531295e-33,9177375390474905e17,-0.2529702354765832,-0.1871324759057529
178,canon,0.21947522362493868,0.03973521803573246,5.523443294751081,2.6458413003464534e-5,37795.16178347724,0.09597664456558064,0.3429738026842967
178,sony,0.18355272769559397,0.04065452749165312,4.514939393485256,9.154821084124958e-4,1092.3206371930783,0.05719689964819877,0.30990855574298914
178,nikon,0.18649978046261367,0.04017346585217813,4.642362228562911,6.018225228178619e-4,1661.6194344435398,0.06163911040986443,0.31136045051536293
178,panasonic,0.1635046441474702,0.04049820266686429,4.037330878420687,0.004071080655940645,245.63502531957195,0.0376346796409712,0.28937460865396925
178,pixels,0.0750783558536274,0.010310713066353994,7.281587157984614,2.0128774146767025e-8,49680124.21961695,0.04303226486103768,0.10712444684621714
178,zoom,0.08640438274190906,0.00965174547808996,8.952202784258265,1.02297836013129e-11,97753778474.02942,0.05640638824456436,0.11640237723925377
178,video,0.07251515489952849,0.00843484583387997,8.597093097808527,5.339280755919431e-11,18729114382.894047,0.046299331089724144,0.09873097870933284
178,swivel,0.04344004683386116,0.009337420615830629,4.652253402852289,5.823300865548411e-4,1717.2391107527374,0.014418986043464973,0.07246110762425734
178,wifi,0.07504244657949857,0.008966238686515157,8.369445561644397,1.5256160081403949e-10,6554729333.359059,0.04717503343743665,0.1029098597215605
178,price,-0.2201447502687768,0.010530524853370533,-20.905392023106472,5.013124996679616e-34,19947637464901397e17,-0.25287402471169085,-0.18741547582586277
179,canon,0.21668064620291275,0.03960922057688512,5.470459732534141,3.177406681428788e-5,31472.20674787305,0.0936112801166557,0.3397500122891698
179,sony,0.18018585742007395,0.040574489842725235,4.440865630560237,0.001154106075255947,866.4714807763482,0.05411731399785047,0.30625440084229744
179,nikon,0.1834021989777081,0.04006784394830106,4.577291436353531,7.397322435429751e-4,1351.8404919197017,0.05890784934543701,0.30789654860997917
179,panasonic,0.15989840430588328,0.04041682386229791,3.9562337914197547,0.005147578606708992,194.26609604303474,0.03431974308739805,0.2854770655243685
179,pixels,0.07496623739196212,0.010245756312609235,7.316808550258291,1.668479751199261e-8,59934799.884818815,0.04313176258780667,0.10680071219611757
179,zoom,0.08763850188087993,0.009673608166058814,9.059546383982315,5.833159218133173e-12,171433688436.1674,0.05758174218138571,0.11769526158037416
179,video,0.07237233918831604,0.008392974414818,8.622966735194726,4.495835079897158e-11,22242808782.542686,0.0462946222889179,0.09845005608771418
179,swivel,0.04325210133620167,0.009282130201306612,4.659717155240209,5.626628684097869e-4,1777.2631821719942,0.014411698440933679,0.07209250423146966
179,wifi,0.0758897867389552,0.008957528308499916,8.472179392047513,9.046620504569944e-11,11053851540.416061,0.04805795075301519,0.10372162272489521
179,price,-0.21964424806715904,0.010480535773630076,-20.957349205352912,2.9314913306890174e-34,3411233011441177e18,-0.25220820350781986,-0.18708029262649822
180,canon,0.214185008000285,0.039466351293300256,5.427028366735405,3.6814406257454296e-5,27163.279315350002,0.09159640923897526,0.33677360676159473
180,sony,0.17843141558233833,0.04040073109152434,4.416539274453165,0.0012381232853270088,807.6740110221605,0.052940488472407954,0.3039223426922687
180,nikon,0.18029290194410832,0.039974343796954456,4.510215423669929,9.139245787236905e-4,1094.1821932358084,0.0561263998002077,0.304459404088009
180,panasonic,0.15711645491054846,0.04029385091047586,3.8992662989602787,0.006048989231387349,165.3168755551988,0.03195751419410847,0.28227539562698845
180,pixels,0.07592241152191376,0.010235931951410912,7.417244651714266,1.0360349041323904e-8,96521844.58374333,0.044128021774194746,0.10771680126963276
180,zoom,0.08893682484788003,0.009707092331809983,9.162045832863411,3.3884563225086412e-12,295119637032.72723,0.058785092853206135,0.11908855684255393
180,video,0.0724501601966252,0.008345072595029092,8.681789088303626,3.244218263835386e-11,30824066652.58638,0.04652907242280589,0.09837124797044451
180,swivel,0.04290152027559789,0.009236082502973848,4.6449910188420676,5.85541966827429e-4,1707.819518758286,0.014212817748500549,0.07159022280269522
180,wifi,0.07596079044928807,0.008908492921721725,8.526783499380867,6.681821793806759e-11,14965978304.403137,0.04828963189112913,0.103631949007447
180,price,-0.2191271447422955,0.010437439073175863,-20.99434001061147,1.8036849372980182e-34,5544205527923487e18,-0.25154744681502295,-0.18670684266956802
181,canon,0.2128580724324213,0.039267311897716484,5.4207446892946,3.7145167079739405e-5,26921.402664667075,0.09092379655726088,0.33479234830758176
181,sony,0.17704868645124544,0.04018843826924775,4.405463214695838,0.0012729644884463054,785.5678686060854,0.052254095681224313,0.3018432772212666
181,nikon,0.17843870855095884,0.03979520082743491,4.483925318651559,9.87504783040629e-4,1012.6533229752032,0.05486521289535112,0.30201220420656655
181,panasonic,0.15667129878396713,0.040075603496256974,3.9093933744154366,0.00584167166124391,171.18387646372145,0.03222708662845382,0.28111551093948045
181,pixels,0.07481632290013766,0.010249494053582544,7.299513762241448,1.6845839263192538e-8,59361839.1091359,0.04298922358746411,0.10664342221281121
181,zoom,0.09005186438120526,0.009720126613616193,9.26447442104904,1.9610377636920317e-12,509934086183.68835,0.05986857597242855,0.12023515278998197
181,video,0.07259626035942714,0.00830294084339015,8.74343943052659,2.3057987314607897e-11,43368919687.386215,0.04681366841602633,0.09837885230282795
181,swivel,0.043390330277165726,0.009203764833520357,4.714411011365369,4.5934785633495496e-4,2176.999383384089,0.014810467127281159,0.0719701934270503
181,wifi,0.07565735965620417,0.008858845279891928,8.540318434946991,5.96843242504569e-11,16754818163.034575,0.048148553168319216,0.10316616614408912
181,price,-0.21933814745321228,0.010380956981440398,-21.128894748851785,7.913820242766028e-35,12636122243414533e18,-0.2515734702000371,-0.18710282470638745
182,canon,0.21038372494732716,0.039124651337168775,5.377267726535896,4.3059698907340716e-5,23223.571584926303,0.08892780347832037,0.33183964641633396
182,sony,0.17330731309152475,0.040130709817289154,4.318570837161229,0.0016673785205097234,599.7438420247231,0.0487282517202169,0.2978863744628326
182,nikon,0.17487852950537075,0.03973115757561887,4.401546297072538,0.0012791722723826252,781.7555317528652,0.05153981108993659,0.2982172479208049
182,panasonic,0.15441176825588546,0.039936359978941495,3.8664457235788894,0.006586187374391999,151.83291078054313,0.030436033378159477,0.27838750313361144
182,pixels,0.07555300799605934,0.01021171990944993,7.398656510950967,1.050803359408598e-8,95165283.87983166,0.04385243536482487,0.10725358062729382
182,zoom,0.09141428240729868,0.00975968187194108,9.366522762397942,1.132445160929308e-12,883044967210.0494,0.061116986086734375,0.12171157872786298
182,video,0.07399403935684618,0.008372040742148703,8.838232115179057,1.3985147302553953e-11,71504430977.09676,0.04800444230840586,0.09998363640528649
182,swivel,0.04414274605301691,0.009186066647160382,4.805402328173007,3.3354519936909494e-4,2998.0944168631804,0.01562614204058328,0.07265935006545053
182,wifi,0.07551705350935163,0.00881206939991598,8.569729774265245,4.9489618304350936e-11,20206258085.285816,0.04816146125647297,0.10287264576223029
182,price,-0.21794934204423003,0.01041699937867691,-20.922468565214825,1.1381784102277153e-34,8785968799038546e18,-0.25028717037593756,-0.1856115137125225
183,canon,0.20878501287294865,0.038964159571743075,5.358386146851738,4.555805122834797e-5,21950.017023067077,0.08786195400283944,0.32970807174305783
183,sony,0.17310461159667925,0.03993553734877223,4.3346007863845895,0.0015731331918191567,635.6740835425443,0.04916693689992724,0.29704228629343127
183,nikon,0.1738298380220771,0.0395421463540869,4.396064808052859,0.0012920506655985549,773.9634571812556,0.05111302996102697,0.29654664608312725
183,panasonic,0.15376415870046384,0.03974473792157981,3.8687928702374466,0.006508593515554285,153.64302557998016,0.030418619202324054,0.27710969819860365
183,pixels,0.07798345956967481,0.010441977368941742,7.46826552235462,7.446536377848583e-9,134290621.74123362,0.045577375158179216,0.1103895439811704
183,zoom,0.0909484533819857,0.00971702117699855,9.359705173564146,1.0994135038822331e-12,909575875199.6536,0.06079222938683464,0.12110467737713677
183,video,0.07358631706388309,0.008336743335040975,8.826746141336185,1.39957239071497e-11,71450394894.48282,0.04771370705077682,0.09945892707698936
183,swivel,0.04339595264090822,0.009170211627703304,4.732273845219515,4.2417633647050035e-4,2357.5101061054725,0.014936721062555457,0.07185518421926097
183,wifi,0.07462758282517337,0.008812209120194373,8.46865772331187,7.568606319151832e-11,13212472122.768093,0.0472793917200904,0.10197577393025634
183,price,-0.21659160020207502,0.0104518439868072,-20.72281221145923,1.6307490253388289e-34,6132151449805251e18,-0.2490283051024021,-0.18415489530174795
184,canon,0.20344318123900154,0.039136919661721295,5.198242043509201,8.109607943814066e-5,12331.05233851398,0.08201820383756507,0.324868158640438
184,sony,0.16742457478049722,0.04014477481500686,4.170519714010472,0.0026157188167289167,382.30408926390203,0.04287265764365493,0.2919764919173395
184,nikon,0.16812781763202067,0.03975430394435857,4.229172717181463,0.0021792920319495183,458.8646153610882,0.04478736315126375,0.2914682721127776
184,panasonic,0.14865381851316647,0.03987875125575267,3.7276447690102272,0.009709581834330417,102.99104709785486,0.02492725771376439,0.27238037931256853
184,pixels,0.07766504167456754,0.010388530859343508,7.476037057224038,6.9501156956388125e-9,143882496.89533925,0.04543391220058197,0.10989617114855313
184,zoom,0.09083638541436966,0.009667448403904167,9.396107599362587,8.672159904375097e-13,1153115268891.0876,0.06084246371281722,0.12083030711592209
184,video,0.07320562195178824,0.008301034235029654,8.818855564149679,1.3779816153089953e-11,72569908690.38281,0.04745109392277537,0.09896014998080112
184,swivel,0.04290696476842162,0.009138946613584015,4.694957371196943,4.770378952897949e-4,2096.2695204591905,0.014552756117894226,0.07126117341894901
184,wifi,0.07383891334355983,0.008800023005764246,8.390763671321473,1.0401523429527849e-10,9613976325.44094,0.04653623843089531,0.10114158825622434
184,price,-0.21542842895367098,0.010461122782464034,-20.593241608328444,1.8465980631157512e-34,5415363635293256e18,-0.2478847798477536,-0.18297207805958837
185,canon,0.20625978302581413,0.03904333266894734,5.282842650106568,5.870027579888735e-5,17035.69508644378,0.08515876424534079,0.32736080180628746
185,sony,0.16976606524211355,0.040022931485183134,4.241719907622523,0.0020813726820764307,480.4521595826723,0.04562661693903308,0.293905513545194
185,nikon,0.1712903296346689,0.039674350793836854,4.31740724693289,0.0016381736289987367,610.4359039225941,0.04823207686392603,0.29434858240541173
185,panasonic,0.15215029148391365,0.03984221132967753,3.818821456091732,0.007450089557190297,134.22657436847467,0.02857138433984395,0.27572919862798334
185,pixels,0.07760745145569949,0.010344591550998794,7.502224817006556,5.970881991907449e-9,167479444.6373812,0.045521548689253954,0.10969335422214502
185,zoom,0.09057064031272276,0.009617790700658905,9.416990152064534,7.368312087885276e-13,1357162926966.9038,0.060739061586004436,0.12040221903944108
185,video,0.07331255197109966,0.008257143186150395,8.878682410893141,9.82643116599821e-12,101766346612.21033,0.04770130457739667,0.09892379936480265
185,swivel,0.04236570039335953,0.00910723249940265,4.651874254460763,5.469103935106344e-4,1828.4530918876303,0.014117724143486984,0.07061367664323208
185,wifi,0.0734978018377511,0.008760031350417433,8.390130000419324,9.962560864158612e-11,10037579831.482967,0.046326742182585694,0.10066886149291651
185,price,-0.2163611445482351,0.010453529423256261,-20.697425318083514,8.990104200807411e-35,11123341594974937e18,-0.24878494078873464,-0.18393734830773556
186,canon,0.20337599282976118,0.038946843936365376,5.221886352641409,7.256039349918621e-5,13781.623166241723,0.08260722863351981,0.32414475702600254
186,sony,0.1665868164823662,0.0399363171937466,4.171311432503623,0.002576738193569818,388.0875451357354,0.042749832876757404,0.29042380008797497
186,nikon,0.1680320111514135,0.03959928299749438,4.243309434719958,0.002057378993851219,486.05531746394206,0.04524012386836575,0.29082389843446127
186,panasonic,0.14849303506599643,0.039782248683185355,3.732645588954843,0.00949082308011207,105.36493953780368,0.025133796554507162,0.2718522735774857
186,pixels,0.07839974198500307,0.010319854934697888,7.596981011952394,3.756691867189059e-9,266191648.22486463,0.04639930238110903,0.11040018158889711
186,zoom,0.09090456923654365,0.009572655427976312,9.4962750848498,4.711198428975566e-13,2122602168165.1956,0.061221091725450885,0.12058804674763642
186,video,0.07457107533666904,0.008308768347053474,8.974985487844787,5.86950029388663e-12,170372254864.9582,0.04880673646222779,0.1003354142111103
186,swivel,0.04234967891626205,0.009052057173965539,4.678459062108358,4.954677364782034e-4,2018.2948885996575,0.014280504425006463,0.07041885340751763
186,wifi,0.07498789599181782,0.008837906325695453,8.484803213380635,6.085687004810867e-11,16431998543.623398,0.047582773595243176,0.10239301838839246
186,price,-0.2150200380953005,0.010482323281607218,-20.512631820140946,1.2632207490599363e-34,7916272755527331e18,-0.24752426952143575,-0.18251580666916523
187,canon,0.19763435914189828,0.039146619020272805,5.048567771320165,1.346162111707949e-4,7428.525816487627,0.0762787301887767,0.3189899880950199
187,sony,0.1610850852121294,0.040078866362500236,4.019202633007818,0.0040814753912680355,245.00944000285136,0.036839463064517686,0.2853307073597411
187,nikon,0.16286781277029885,0.03971257946831544,4.1011642897747915,0.003180459234332396,314.42000237110665,0.039757690380611624,0.2859779351599861
187,panasonic,0.14347026961775214,0.039893234313923893,3.596355925638169,0.013835456526456054,72.27806311181764,0.019800112084266436,0.26714042715123787
187,pixels,0.07786298996993574,0.01027386346493628,7.578744864156968,3.942428173984472e-9,253650784.71152854,0.046013721916412,0.10971225802345946
187,zoom,0.09008773487583835,0.009555764556133252,9.427580006459726,6.188530948850364e-13,1615892379411.5771,0.06046459380107648,0.11971087595060022
187,video,0.07434523211352385,0.008259260738333551,9.00143904750055,4.894429590101718e-12,204313900443.54846,0.04874128963590586,0.09994917459114185
187,swivel,0.04204195032518179,0.009013168941288072,4.664502640419117,5.149344502035356e-4,1941.9947521567742,0.014100871041570841,0.06998302960879274
187,wifi,0.07480651366915485,0.008793647683661905,8.506880916794184,5.2301418064275004e-11,19119940472.188835,0.047545956508642385,0.10206707082966732
187,price,-0.2141088615182819,0.010462780330153623,-20.4638590089885,1.0850745173827058e-34,9215956913374826e18,-0.24654377721065868,-0.18167394582590513
188,canon,0.19345598966765604,0.03917106397755434,4.938747381958005,1.970855563609774e-4,5073.938539506278,0.07205668661645945,0.3148552927188526
188,sony,0.1571728403270738,0.040070327175783745,3.92242468192424,0.005423396854644493,184.38628534875136,0.032986532930343065,0.28135914772380455
188,nikon,0.1588398262124351,0.03970808259752673,4.000188773212853,0.004299108776791026,232.60634980872192,0.03577619037141383,0.28190346205345634
188,panasonic,0.13940968008031118,0.03990121459448559,3.4938705875779985,0.018222375205031272,54.87758806129159,0.015747487870202623,0.26307187229041973
188,pixels,0.0774559962866341,0.010223175082931472,7.576510786355796,3.848670498248993e-9,259829985.5638367,0.045772242923452486,0.10913974964981572
188,zoom,0.08977432574549317,0.009511058116911214,9.438941981215445,5.508183009122848e-13,1815480709961.4602,0.06029757149306661,0.11925107999791973
188,video,0.074966539152429,0.008240898762465065,9.096888739111822,2.9191895753728633e-12,342560828675.2914,0.049426273847100674,0.10050680445775732
188,swivel,0.04137593882061913,0.008992981482540968,4.600914491033551,6.328517822277066e-4,1580.1488248636863,0.013504812191064825,0.06924706545017344
188,wifi,0.07482015161296347,0.008749504458823252,8.551358761525366,4.037994305593102e-11,24764769940.73224,0.047703611098436516,0.10193669212749043
188,price,-0.21356225368550866,0.010421960678612488,-20.491562026689678,7.02080686911631e-35,14243377130894746e18,-0.24586208510023672,-0.1812624222707806
189,canon,0.188993272695648,0.039215889982003614,4.819303419669375,2.969616796363776e-4,3367.4378499760505,0.06748667152074236,0.31049987387055367
189,sony,0.15324863784169088,0.0400566778282522,3.825795002240644,0.007168095044545813,139.50707876856313,0.02913693772465445,0.2773603379587273
189,nikon,0.15451445624832558,0.03973121481881269,3.888994005166012,0.005957484427929827,167.85608289831336,0.031411171447205705,0.2776177410494455
189,panasonic,0.13454896471991082,0.039972121399317356,3.366070151138104,0.02548715461402468,39.23545076505854,0.010699254431285152,0.25839867500853647
189,pixels,0.07824960099767009,0.010190577957949757,7.678622480546053,2.328576589968401e-9,429446900.8698443,0.04667509147495844,0.10982411052038174
189,zoom,0.09042958677845442,0.009479677611550424,9.539310352524156,3.1652580981624857e-13,3159300028583.8486,0.06105773247801838,0.11980144107889046
189,video,0.07466584711233067,0.008208090721916219,9.096615722456288,2.766497625837853e-12,361467868492.0769,0.04923388047296584,0.10009781375169549
189,swivel,0.04211698669148047,0.008974909507481149,4.692747782735116,4.5965007470767e-4,2175.5680136372953,0.014309107012941441,0.0699248663700195
189,wifi,0.07412003820593864,0.008731845916704156,8.488472988757838,5.204773443522055e-11,19213132153.612106,0.0470652673003545,0.10117480911152278
189,price,-0.21290090945283457,0.010385455165727139,-20.499911275475455,4.888815687991743e-35,20454851723215319e18,-0.24507922695170975,-0.1807225919539594
190,canon,0.19311285033104264,0.03921109104632816,4.924954781362206,2.0282300073219296e-4,4930.4072831483145,0.07165223490781678,0.3145734657542685
190,sony,0.15846371407003804,0.04014503935675643,3.9472800776658974,0.0049870083989348914,200.52101781372107,0.03411009226695724,0.28281733587311886
190,nikon,0.15929108601552086,0.03979762535237886,4.002527402203393,0.004224272112068391,236.7271741664283,0.03601361684304376,0.28256855518799795
190,panasonic,0.13831434020949449,0.03991851531268621,3.4649169470874037,0.019569611124015982,51.09963573945483,0.014662401248352955,0.26196627917063603
190,pixels,0.07766609357148112,0.01014995681530907,7.651864434963722,2.5439884617077783e-9,393083543.83364636,0.04622549938219879,0.10910668776076345
190,zoom,0.08978161409384118,0.009452776499079643,9.497909328818114,3.650500631518662e-13,2739350299972.3774,0.060500611693783374,0.11906261649389899
190,video,0.07419526799581065,0.008172907262819752,9.078197709808881,2.8660850861788697e-12,348907994679.6775,0.04887879963316871,0.09951173635845259
190,swivel,0.04242176561506029,0.008933635906376058,4.748544272414694,3.761361709106333e-4,2658.6116341296815,0.0147488576137647,0.07009467361635588
190,wifi,0.0733728643421206,0.00871821838381252,8.416038818017574,7.032020214168871e-11,14220664468.300198,0.04636723552549754,0.10037849315874367
190,price,-0.2139128291416335,0.010375269531149176,-20.617568391781365,2.2490309266269426e-35,444635948826094e20,-0.2460513539520323,-0.18177430433123473
191,canon,0.19673941576977994,0.039165606126007585,5.023270037920767,1.4124408181671996e-4,7079.942657686799,0.07545027858140045,0.3180285529581594
191,sony,0.16143315572090816,0.04004945059362014,4.0308457002060445,0.0038564180417725484,259.30798714455864,0.037406904429390514,0.2854594070124258
191,nikon,0.16238902572188138,0.03971521046464913,4.088837093446233,0.0032291728417142927,309.67682716826124,0.03939785854794889,0.28538019289581384
191,panasonic,0.14197820372954986,0.0398774908711123,3.560359506781317,0.015059191794183498,66.40462606939123,0.018484482084248494,0.2654719253748512
191,pixels,0.0776209424323151,0.010100559399284219,7.684816193231411,2.110938066133385e-9,473723040.97566664,0.04634124946094422,0.10890063540368597
191,zoom,0.08986791464951079,0.009404193200168994,9.556153594111173,2.5749150064173277e-13,3883623333227.511,0.060744747870690036,0.11899108142833154
191,video,0.07438329199833067,0.008128705340398279,9.15069360783179,1.9032500161000815e-12,525417045338.62744,0.04921009146050507,0.09955649253615628
191,swivel,0.041843251050869314,0.008902725731236223,4.700049435877545,4.4061933508651e-4,2269.5327244403898,0.014273042662101602,0.06941345943963703
191,wifi,0.07367693979639196,0.008678260375563579,8.489828215324465,4.722411996320917e-11,21175619593.950474,0.046801861957388405,0.10055201763539552
191,price,-0.2148757856072324,0.010367689314048427,-20.72552321914888,1.0708303046685053e-35,933854781322768e20,-0.2469827339203109,-0.18276883729415389
192,canon,0.1950167649486298,0.039016675667052275,4.998292694457108,1.5295083851400457e-4,6538.048497906322,0.07421882095322675,0.31581470894403285
192,sony,0.15973897996317818,0.039891782921479595,4.004307861536248,0.004158508662414738,240.4708228789227,0.03623165195945097,0.2832463079669054
192,nikon,0.16036060163482177,0.03957511858277488,4.052056124592863,0.003595624063796541,278.11583810130634,0.03783368522173387,0.2828875180479097
192,panasonic,0.14049856874335984,0.039716397336173936,3.537545652847845,0.015976599371751884,62.59154258872468,0.01753424492307834,0.2634628925636413
192,pixels,0.07710396559783395,0.010060265369115794,7.664207927808437,2.2441365625168497e-9,445605680.46646744,0.04595678681182653,0.10825114438384137
192,zoom,0.08924660172173332,0.009378145227407401,9.516444836118799,2.951073625758547e-13,3388597259219.377,0.06021130738686095,0.11828189605660569
192,video,0.07410231000192309,0.008093442780550353,9.155845294909733,1.7570497574514004e-12,569135845902.5653,0.04904453070576134,0.09916008929808484
192,swivel,0.04249234786661859,0.008883883733352563,4.783082393018105,3.277552499073481e-4,3051.0571540278493,0.01498731645797341,0.06999737927526377
192,wifi,0.07343447718674308,0.008635444055110847,8.503844934677241,4.2204354537134435e-11,23694237501.491177,0.04669862976995248,0.10017032460353367
192,price,-0.21481390002801135,0.010315680311697573,-20.824016791643,5.273447865512557e-36,189629256892787e21,-0.24675185863833982,-0.18287594141768287
193,canon,0.19674108326112477,0.038870170304426875,5.0614927004505095,1.2043591821934279e-4,8303.170804732516,0.07642612129063288,0.3170560452316167
193,sony,0.16030239221203568,0.0397196322084297,4.03584784901444,0.0037585612944364736,266.05925024562663,0.03735808810398587,0.2832466963200855
193,nikon,0.16164539373970924,0.03940119372452574,4.102550670668923,0.003061460948027332,326.64143589496217,0.03968675328532455,0.2836040341940939
193,panasonic,0.14155127088963126,0.03955087290745287,3.5789670488652523,0.01421017181870594,70.3721258798309,0.01912932798350503,0.2639732137957575
193,pixels,0.07803093977565582,0.010060792987242037,7.755943281469548,1.4151092767198723e-9,706659207.4909807,0.04688973519196613,0.10917214435934552
193,zoom,0.08935238195699853,0.009327425621307516,9.57953304423918,2.0290892402895113e-13,4928319465423.411,0.06048117171734604,0.11822359219665102
193,video,0.0745376929055846,0.008064411878259063,9.24279340276897,1.0826182753058505e-12,923686605712.8862,0.04957589312832405,0.09949949268284514
193,swivel,0.04168262700551126,0.008874196809677532,4.6970591141336095,4.3768514554579286e-4,2284.747403874082,0.01421429735033056,0.06915095666069196
193,wifi,0.07303872719075903,0.008601162662668641,8.491727229827514,4.2795699457174565e-11,23366833880.13543,0.04641552100060929,0.09966193338090877
193,price,-0.21511618890748022,0.010274109557909283,-20.937696614484516,2.4453362326820744e-36,4089417179670167e20,-0.24691767295191058,-0.18331470486304985
194,canon,0.1928929568937057,0.03886693822739421,4.96290589614159,1.7025877812244032e-4,5873.412290559594,0.07261692191785603,0.3131689918695554
194,sony,0.15625130934618725,0.03972089604935016,3.9337307283314304,0.005093898608772041,196.31329101799,0.0333326514742258,0.2791699672181487
194,nikon,0.15813338466364746,0.039356549262318206,4.0179687403400415,0.00394907063995263,253.22413579616176,0.036342219434507744,0.27992454989278714
194,panasonic,0.13697264035092874,0.03959760869425915,3.459113943180791,0.01963829547830025,50.92091628344075,0.014435502477950765,0.2595097782239067
194,pixels,0.07878140894790997,0.01003830656984941,7.84807760150842,8.870631257339894e-10,1127315487.4660835,0.047717276624707525,0.10984554127111242
194,zoom,0.08926597548500496,0.009281428928527936,9.617697465810668,1.5776758205560347e-13,6338437763770.512,0.06054404570750903,0.1179879052625009
194,video,0.07439418554922658,0.008023615929083128,9.271902619312902,8.865911467078001e-13,1127915616700.3513,0.04956463235743437,0.0992237387410188
194,swivel,0.04269862056872639,0.008880623793129807,4.808065465148825,2.9502319521481133e-4,3389.563994356048,0.015217005945503865,0.07018023519194892
194,wifi,0.0748241865600669,0.008738272130689891,8.56281258365428,2.9001738167200132e-11,34480691958.35173,0.04778308756044,0.10186528555969379
194,price,-0.2136597764738867,0.010322614605094394,-20.698222751476337,4.418072724383114e-36,2263430374246789e20,-0.24560371679716822,-0.1817158361506052
195,canon,0.19094670752630571,0.03870228243367071,4.933732470521776,1.8722027328602924e-4,5341.30189240901,0.07120855237360818,0.31068486267900325
195,sony,0.154492385620365,0.03954956742684059,3.9062977340054963,0.005503698616103694,181.69599568443363,0.03213287752434685,0.27685189371638314
195,nikon,0.15531185682965715,0.03924336823012061,3.95765867799416,0.004718123087121698,211.94868839465826,0.03389967598720148,0.27672403767211284
195,panasonic,0.13355501817048587,0.039526200812793996,3.3788984375967717,0.024245821612205766,41.2442199730028,0.011267802329140292,0.2558422340118315
195,pixels,0.07985346391533298,0.010031538266134562,7.960241171078421,5.036294771080499e-10,1985586716.929711,0.04881762287962073,0.11088930495104522
195,zoom,0.0879684638149115,0.009324477439122347,9.43414409968173,3.72989687036593e-13,2681039274691.5083,0.059120146451796085,0.11681678117802691
195,video,0.07461464030604979,0.007987366467760635,9.34158218571997,5.925822998268587e-13,1687529310767.772,0.04990311258110812,0.09932616803099147
195,swivel,0.044589760408320675,0.009027900713605517,4.93910620230034,1.8364955346815567e-4,5445.153451861766,0.01665900004033789,0.07252052077630346
195,wifi,0.0759357631282834,0.0087623251854092,8.666165831728055,1.6742676438006958e-11,59727607094.52256,0.048826647423103886,0.10304487883346292
195,price,-0.2122625855967005,0.010362153253860818,-20.484409021610823,7.391579355692136e-36,13528908395333889e19,-0.24432129211234974,-0.18020387908105126
196,canon,0.19000489609754936,0.038539711122356046,4.930106909580121,1.878777163485497e-4,5322.611001641118,0.07079748445897908,0.30921230773611963
196,sony,0.1519231967187021,0.03945605965326066,3.8504401618864423,0.00646707520073788,154.62940648748014,0.02988142194281758,0.27396497149458665
196,nikon,0.1548553154655115,0.03906774716987053,3.9637636332646697,0.0046100839352138274,216.9157902661088,0.03401463236114788,0.27569599856987514
196,panasonic,0.13121453369926048,0.039420717941379954,3.3285678331475665,0.027594876827495132,36.2386107483406,0.009282074584378172,0.25314699281414277
196,pixels,0.07974189572179902,0.009977327472189289,7.992310159616475,4.168162114664343e-10,2399138930.997478,0.04888096427231142,0.11060282717128661
196,zoom,0.08749446086973742,0.009289896775451714,9.41823821992716,3.815458823744898e-13,2620916765702.3574,0.05875982543162417,0.11622909630785067
196,video,0.07511039766966782,0.007963923407480008,9.43133099435906,3.572673089538438e-13,2799024637681.5635,0.050477138409382075,0.09974365692995356
196,swivel,0.045374215717023526,0.009016980027515123,5.0320856404877325,1.2997499345193396e-4,7693.787654390689,0.017483740708941764,0.07326469072510529
196,wifi,0.0757388628288387,0.008720229052990598,8.685421262284859,1.4550860614272552e-11,68724457371.21051,0.048766270040008226,0.10271145561766917
196,price,-0.21157357082631678,0.010336765964963647,-20.468062403990093,5.7325687134344494e-36,17444186890537734e19,-0.2435462836337618,-0.17960085801887177
197,canon,0.18947507317113882,0.03834500930917998,4.9413229148904545,1.7876760114029288e-4,5593.854779173447,0.07089709290346309,0.30805305343881456
197,sony,0.1506921727217908,0.03926694723946813,3.8376340234141395,0.0066876305402543195,149.5297914531582,0.029263194640442414,0.2721211508031392
197,nikon,0.1547429097981567,0.0388708121657332,3.9809538616888287,0.0043554374763074034,229.5980611453555,0.03453893851177155,0.27494688108454185
197,panasonic,0.1299858323849417,0.03924237203197072,3.3123846917062605,0.028712343538209496,34.82822635739333,0.008632850594171973,0.25133881417571147
197,pixels,0.07923749347625356,0.00994866993240459,7.964631856783481,4.5858528495662803e-10,2180619467.7497725,0.048472259403096976,0.11000272754941014
197,zoom,0.08727684847716122,0.00924506218960683,9.440374406056092,3.2253584027158787e-13,3100430634803.13,0.05868744866626631,0.11586624828805613
197,video,0.0754877013554934,0.007931896043783917,9.516980673826625,2.1916537052125528e-13,4562764626645.326,0.05095913220112648,0.10001627050986032
197,swivel,0.04493259771749507,0.008983669351587793,5.001586318351485,1.437842017167831e-4,6954.867002494028,0.01715152825641996,0.07271366717857017
197,wifi,0.07571281177644933,0.008672652381473347,8.730064165628061,1.1155813279987144e-11,89639363343.768,0.04889353016755017,0.10253209338534848
197,price,-0.211628516635425,0.01028520951814513,-20.576004432585524,2.7100616645333957e-36,3689952937554927e20,-0.24343446461310736,-0.17982256865774265
198,canon,0.1901692125428557,0.03815056370177753,4.984702559820767,1.5139773671430862e-4,6605.118555286103,0.0722191673322156,0.3081192577534958
198,sony,0.15210471203184833,0.03907937024275464,3.8921996717705225,0.005664184958780624,176.54790711765145,0.03128307691872184,0.2729263471449748
198,nikon,0.15536552866564435,0.038670896829297405,4.017634484958158,0.003875668003575407,258.0200365659477,0.035806770241870164,0.2749242870894185
198,panasonic,0.13095165737358333,0.03902847227530547,3.3552852504667605,0.02560460419317889,39.05547582205554,0.010287383436262468,0.2516159313109042
198,pixels,0.07908842907256025,0.009901462432390562,7.98755028487903,3.964306223745847e-10,2522509472.1746964,0.04847609131836064,0.10970076682675986
198,zoom,0.0874130242394888,0.009199717420685392,9.501707524509639,2.2353349786304945e-13,4473602433460.162,0.05897027057070362,0.11585577790827398
198,video,0.07487080830911924,0.007916264609175749,9.457845588225592,2.7907559869111945e-13,3583258460037.557,0.050396103928586976,0.0993455126896515
198,swivel,0.0436284767105207,0.009034828570375545,4.828921364769982,2.6462353465437987e-4,3778.953377318017,0.01569550967295824,0.07156144374808315
198,wifi,0.07406363581850865,0.008783393288689375,8.432234944310474,4.6087515820804626e-11,21697849888.203007,0.04690803089476084,0.10121924074225647
198,price,-0.2118641649103881,0.01023106445243106,-20.707929844000336,1.1613497397043945e-36,8610670548344344e20,-0.24349553277562858,-0.1802327970451476
199,canon,0.18498218163011415,0.038295853949828824,4.830344868989166,2.6102186757978764e-4,3831.0966405691115,0.06660925399793828,0.30335510926229003
199,sony,0.14684333092770854,0.03923075678970495,3.743066485177864,0.0087448195870076,114.35341690590455,0.025580607800888333,0.26810605405452875
199,nikon,0.1503995083721769,0.03878123210009597,3.878151885014625,0.005881255017639787,170.03173591362324,0.03052627126182396,0.27027274548252983
199,panasonic,0.12628910902463913,0.039091835449719003,3.2305750694943876,0.035281265287775504,28.343654680278345,0.005455793366999945,0.24712242468227832
199,pixels,0.0795449797219219,0.009850930330044947,8.074869789639347,2.512578738239769e-10,3979974775.638543,0.04909564009900355,0.10999431934484025
199,zoom,0.08783468718905925,0.009163346511306443,9.58543770888529,1.3797306435475175e-13,7247791477826.667,0.05951067710503089,0.11615869727308761
199,video,0.07491362291662546,0.007877434313980188,9.509901311861814,2.0256053189765445e-13,4936795883342.462,0.05056438231220844,0.09926286352104247
199,swivel,0.04378219510704718,0.008987892749131315,4.871241383168346,2.2566045034464033e-4,4431.436693814748,0.016000514631857386,0.07156387558223698
199,wifi,0.07391100295921686,0.008741356610294381,8.45532407088558,3.94782192972892e-11,25330423149.776306,0.046891368541532225,0.1009306373769015
199,price,-0.2111316944410135,0.010202520588434587,-20.694071882623692,8.909633770661403e-37,11223805890797747e20,-0.24266780362042378,-0.17959558526160324
200,canon,0.18337710344028468,0.03813106256112163,4.809126500116356,2.790255142033116e-4,3583.9016473287497,0.06553933259969076,0.3012148742808786
200,sony,0.14410581998263008,0.03913258149480931,3.682502264813396,0.010370416933702485,96.42813846279721,0.023173019770346567,0.2650386201949136
200,nikon,0.14799221932679157,0.03865838274693781,3.828205134590486,0.006792268729920968,147.22621259003625,0.02852485227139974,0.2674595863821834
200,panasonic,0.12427823295354759,0.03893168757090915,3.192212840175255,0.038807412237841336,25.768273181196403,0.0039662623373412365,0.24459020356975394
200,pixels,0.0789638673356727,0.009812515282260577,8.047260571244813,2.7674771470815373e-10,3613399305.0477657,0.04863990441574627,0.10928783025559914
200,zoom,0.08785927668007223,0.009115243369966759,9.638719792118138,9.92053413311869e-14,10080102407607.29,0.05969011780429632,0.11602843555584816
200,video,0.07463958458946121,0.007845244842874223,9.513990459744004,1.8746790656694322e-13,5334246369486.76,0.05039514706556309,0.09888402211335934
200,swivel,0.043466849059463325,0.008946713440700851,4.858415254670133,2.3417156263719406e-4,4270.373348233222,0.015818504182845826,0.07111519393608082
200,wifi,0.07395965087913828,0.008697487076057327,8.503565481889172,2.986441767293634e-11,33484664290.18027,0.047081499049127395,0.10083780270914916
200,price,-0.21095055896682463,0.010150021043109338,-20.783263214024082,4.51534735148301e-37,22146690435046208e20,-0.24231752787276384,-0.17958359006088542
201,canon,0.18480581060352588,0.037978198188079106,4.866102643635531,2.2585863421737166e-4,4427.548247004702,0.06746571858977335,0.3021459026172784
201,sony,0.14182422437709585,0.03901852855319297,3.634791716549498,0.011836602759015914,84.4837002946899,0.02126985505185469,0.262378593702337
201,nikon,0.1455650268522094,0.03854459299891512,3.7765355793562665,0.007874552963841324,126.99133583732798,0.026474961896336857,0.26465509180808194
201,panasonic,0.12181727415825376,0.03882832049478633,3.137330500159304,0.04444590391844661,22.499261165548372,0.0018505849268564967,0.24178396338965102
201,pixels,0.07890549507253448,0.00975846844465887,8.08584825785055,2.21431434474538e-10,4516070639.983992,0.04875504982131684,0.10905594032375213
201,zoom,0.08818195749994139,0.009073592195930893,9.718527744666233,6.215380052021223e-14,16089120723596.025,0.06014755371140165,0.11621636128848112
201,video,0.0743131728350135,0.00781973852875779,9.503281031932223,1.8718556438121258e-13,5342292303927.086,0.05015276285600774,0.09847358281401926
201,swivel,0.04314353318861184,0.008909071113702106,4.842652240395444,2.455944810203299e-4,4071.752735832942,0.015617445219356745,0.07066962115786693
201,wifi,0.07365669614945049,0.008658459108893148,8.506905815816271,2.817169097492023e-11,35496626769.41357,0.04690491652306103,0.10040847577583994
201,price,-0.20995882839807006,0.010148413951856687,-20.688831712432993,4.817026020643475e-37,2075969686928153e21,-0.24131407650666242,-0.1786035802894777
202,canon,0.18535481206381704,0.03779167368259979,4.90464681772374,1.949496198719333e-4,5129.530391784924,0.06861577578565788,0.3020938483419762
202,sony,0.14142955288744943,0.03881903436642524,3.643304249983418,0.011516753970824621,86.83002194310122,0.02151698433477038,0.26134212144012847
202,nikon,0.14619138223057052,0.03835758882962847,3.8112766388915515,0.007084071208795958,141.1617656748491,0.02770422573328067,0.26467853872786035
202,panasonic,0.12228317313530948,0.038640131485920264,3.1646676248984082,0.041437914179207315,24.132488804221214,0.0029232382138621033,0.24164310805675687
202,pixels,0.07969993653617985,0.009751652557571745,8.172967203830106,1.3970118928825792e-10,7158135196.233805,0.049576938246889524,0.10982293482547018
202,zoom,0.08857892194902842,0.009036101498379794,9.802780763906974,3.7951860792004236e-14,26349169161441.535,0.060666271414099256,0.11649157248395758
202,video,0.07410321812539843,0.007785073401775009,9.518628059242547,1.6366407760897012e-13,6110076289246.699,0.05005501179532555,0.0981514244554713
202,swivel,0.04302673302555662,0.008866906984079829,4.852507543251482,2.3509165667347852e-4,4253.660100702388,0.01563672683575005,0.07041673921536318
202,wifi,0.07331074597043516,0.008619969645145782,8.504756859755197,2.7314441267365733e-11,36610670165.70324,0.046683532855377394,0.09993795908549293
202,price,-0.21009494627539532,0.0100997879146803,-20.801916639261005,2.210081593156721e-37,45247198252607147e20,-0.24129333980715456,-0.17889655274363608
203,canon,0.1798590512521008,0.03799363682372023,4.73392563303682,3.550757020419947e-4,2816.300845845347,0.06252064542996988,0.29719745707423173
203,sony,0.13619544379468707,0.038962169790980515,3.49558159941635,0.017337932057290197,57.67700534848522,0.015865849871985874,0.25652503771738827
203,nikon,0.14122940217756358,0.03848137961743134,3.6700711768033734,0.010636216766038481,94.01839225324998,0.022384666173596426,0.26007413818153075
203,panasonic,0.11748833223076215,0.03875521842394788,3.031548705145808,0.057428791661825594,17.41286854664445,-0.0022021193112559817,0.2371787837727803
203,pixels,0.07919540132328766,0.009712361370056422,8.154083060320437,1.4764995712862645e-10,6772775417.258279,0.04920003643578179,0.10919076621079353
203,zoom,0.08815053766922819,0.009000893386071152,9.79353202934731,3.7500264513765564e-14,26666478569315.715,0.06035244911569509,0.11594862622276128
203,video,0.07421117475263679,0.007740807041844227,9.5870074465719,1.0891066633294923e-13,9181837130101.79,0.05030469898457714,0.098117650520696445
203,swivel,0.0427188219461217,0.008832991463223819,4.836280225559101,2.4704481968659554e-4,4047.8484886613446,0.015439276643733128,0.06999836724851027
203,wifi,0.07314610766503875,0.00858097011514007,8.52422356488358,2.3794808821198367e-11,42025973291.666794,0.046644897517942,0.0996473178121355
203,price,-0.20928103112083468,0.010080861673436303,-20.760232398814,1.9103882717376394e-37,52345379983432695e20,-0.24041446126764135,-0.17814760097402801
204,canon,0.1836241966817278,0.03798077033907051,4.834662252567191,2.4642668476169754e-4,4058.0020827169424,0.06634963193937382,0.3008987614240818
204,sony,0.14040771902138272,0.03896237623719906,3.6036744311125823,0.012800963032802901,78.11912255644096,0.02010221511102739,0.26071322293173804
204,nikon,0.1449860217571674,0.03846493515646623,3.7693036831441074,0.007953953706218542,125.72363844891156,0.02621648422419484,0.26375555929013994
204,panasonic,0.12094863843665421,0.03870060818579414,3.1252387005393603,0.04557009498741797,21.94421583444368,0.001451404975210402,0.24044587189809802
204,pixels,0.07894090411351566,0.009665524892696143,8.167265098367105,1.3344850118936852e-10,7493527398.864988,0.049096321850493875,0.10878548637653745
204,zoom,0.08724040430679336,0.009003591424442514,9.689511684188304,6.060425839248794e-14,16500490667235.895,0.05943969737028083,0.11504111124330589
204,video,0.07344943003435665,0.007735015996489636,9.495704995011003,1.6492997440149032e-13,6063179259130.255,0.049565748208916696,0.09733311185979661
204,swivel,0.04301913482368085,0.008794240769689949,4.891739486136168,2.0073372619013545e-4,4981.723893536444,0.015864847290867942,0.07017342235649376
204,wifi,0.0730797784518925,0.008538897572826509,8.55845591642364,1.9251159501342267e-11,51944923106.074524,0.046713923117919866,0.09944563378586513
204,price,-0.2100782335116221,0.010058525976187335,-20.885588406190294,8.301971526907627e-38,12045331602967886e21,-0.2411362990873373,-0.17902016793590692
205,canon,0.18500827156576277,0.03783929858057958,4.889315566243486,2.007843835769168e-4,4980.467017331148,0.06819417214700957,0.301822370984516
205,sony,0.14200682984324467,0.0388351228634409,3.656659728941629,0.010979728809323451,91.07693071169923,0.022118510733710142,0.2618951489527792
205,nikon,0.14787785431938566,0.038400229388067024,3.850962785272817,0.0062245041379922084,160.6553675330293,0.02933209946380283,0.2664236091749685
205,panasonic,0.12299164454429458,0.03859493827002435,3.186729919965149,0.03898508367782182,25.650836311245083,0.003844801836984199,0.24213848725160497
205,pixels,0.07859080263502213,0.009633045905548638,8.15845822864332,1.3437479534822084e-10,7441871799.012495,0.048852524592688074,0.1083290806773562
205,zoom,0.08729634679392959,0.008960024806444459,9.742868873660045,4.337599331875813e-14,23054227084813.43,0.059635759314866796,0.11495693427299238
205,video,0.07475077495281197,0.007806316657654417,9.575678034981548,1.0328898944404267e-13,9681574051431.252,0.05065181211924813,0.09884973778637582
205,swivel,0.04312193415337884,0.008752729283765052,4.926684323867219,1.7535875828722142e-4,5702.595124231505,0.016101290877926694,0.07014257742883098
205,wifi,0.07271339964685622,0.008506608405388588,8.547871981599066,1.9478304356106967e-11,51339171096.09561,0.04645255874180147,0.09897424055191097
205,price,-0.21056241140863532,0.01002873702223425,-20.995905161518056,3.8295564423316934e-38,26112684721030833e21,-0.2415222316882072,-0.17960259112906346
206,canon,0.18139957951843078,0.03782519350089764,4.795734343411248,2.786481130942968e-4,3588.7556850657443,0.06465228275107109,0.29814687628579045
206,sony,0.13923048239187968,0.03875018155816844,3.5930278722147113,0.013111327335621554,76.26992861990004,0.01962821397114578,0.2588327508126136
206,nikon,0.14439587510813656,0.03836854981283971,3.7633915228095414,0.008035076429508054,124.4543233375597,0.02597151142506597,0.26282023879120714
206,panasonic,0.11936009335944249,0.0385649552158105,3.095040372574019,0.04895675291259813,20.426191291429955,3.2952524633243774e-4,0.23839066147255256
206,pixels,0.07962903750687884,0.009634545593935893,8.264949989649578,7.660811330899743e-11,13053447693.803896,0.04989205404247969,0.109366020971278
206,zoom,0.08821493288855015,0.008960602605703376,9.844754507068734,2.405568533691649e-14,41570214524937.01,0.060558071553588236,0.11587179422351206
206,video,0.07448735775265099,0.007778144950819924,9.576493910003437,9.73445062471796e-14,10272793386621.893,0.05048014687476442,0.09849456863053756
206,swivel,0.043782422445843495,0.008734374560743271,5.012656846962346,1.2689186002852508e-4,7880.726153554701,0.016823812996927593,0.0707410318947594
206,wifi,0.07207560453225453,0.008490503269703076,8.488967290012612,2.5118474483413928e-11,39811334906.51726,0.04586970277239336,0.09828150629211571
206,price,-0.21005360674352427,0.009990690568604887,-21.024933692131796,2.4692280963697884e-38,40498486205878706e21,-0.24088983013775744,-0.1792173833492911
207,canon,0.1853454547687522,0.037841711989926564,4.897914101193176,1.9138771231999943e-4,5224.995836347133,0.06857007811922528,0.3021208314182791
207,sony,0.14449698571821726,0.03890444959356832,3.714150623585881,0.009244078580014461,108.17735822388862,0.024442117274610903,0.2645518541618236
207,nikon,0.14951044223102686,0.038516550270315086,3.881719447399612,0.005632027808692184,177.55594147753516,0.0306525885944422,0.2683682958676115
207,panasonic,0.12391176411460601,0.03862183441205139,3.2083345082112706,0.03676807607687992,27.197506823828853,0.00472901515326038,0.24309451307595165
207,pixels,0.07925369575536689,0.009597576664544253,8.257677799870985,7.654156182842658e-11,13064797426.548101,0.04963662583466111,0.10887076567607268
207,zoom,0.08724863831016351,0.008970622732218981,9.726040311203858,4.2232657586293215e-14,23678358340502.688,0.05956627952537766,0.11493099709494936
207,video,0.07398509562040266,0.00775483718252487,9.540509217540286,1.1115970325504023e-13,8996065756901.504,0.05005451782079991,0.09791567342000541
207,swivel,0.04270681085894999,0.008758557135073973,4.876009849605131,2.071904995577449e-4,4826.476127691828,0.01567886326960919,0.0697347584482908
207,wifi,0.07097959063165514,0.008519268604462367,8.331653094548075,5.2990357178004856e-11,18871357983.883873,0.04469006122745143,0.09726912003585886
207,price,-0.21075131863753202,0.009962833445235826,-21.153753075969785,1.0504126649346727e-38,9520068001676198e22,-0.24149553095999823,-0.1800071063150658
208,canon,0.18354786608868234,0.037687575528360134,4.870248709699074,2.0982970988380324e-4,4765.769349601479,0.06727059168653331,0.29982514049083137
208,sony,0.14292866392637243,0.03874164255758384,3.6892773380459976,0.009901808361923389,100.99165358980486,0.023399282179109818,0.26245804567363507
208,nikon,0.1503754990332514,0.03832989160800861,3.923191345571979,0.004947822307040496,202.10911749539824,0.03211649027968473,0.2686345077868181
208,panasonic,0.12234129934855272,0.038450286708144675,3.1818046059624816,0.039268270007670386,25.46585321443158,0.003710836239036258,0.24097176245806917
208,pixels,0.07837529437231412,0.009581124435532289,8.180177065820553,1.0841901238902531e-10,9223474536.10659,0.048814702600280896,0.10793588614434735
208,zoom,0.08670734965549828,0.008945120151837573,9.693257126086364,4.739694697911631e-14,21098405355952.836,0.059109018484719784,0.11430568082627679
208,video,0.0736765370050272,0.007720785744043251,9.542621625249762,1.0419350289432817e-13,9597527410266.533,0.04985563820816102,0.09749743580189338
208,swivel,0.042280337822389075,0.008724821169283064,4.845983316110001,2.290445189264275e-4,4365.963458489111,0.015361693919520098,0.06919898172525805
208,wifi,0.07057096157847013,0.00849128523160723,8.310987047730167,5.6585167343812184e-11,17672475790.766644,0.04437284485006644,0.09676907830687383
208,price,-0.21034172459869557,0.009920388811566764,-21.20297183850756,6.212230438852867e-39,16097277939751656e22,-0.2409490469283193,-0.17973440226907184
209,canon,0.1814679343503523,0.037559705760973186,4.831452501390692,2.394469395535527e-4,4176.290588071385,0.06560720367130936,0.29732866502939526
209,sony,0.14013052974650378,0.03864245537662393,3.626336069505388,0.011824678973212184,84.5688920828562,0.020929832497698808,0.25933122699530875
209,nikon,0.14710352474365732,0.03828050065824175,3.842779540867528,0.006282646636126014,159.16858895897045,0.029019352166567466,0.26518769732074715
209,panasonic,0.11929321778747753,0.03839845386202737,3.1067193021916912,0.047344909112423846,21.121595093263966,8.451940007028619e-4,0.2377412415742522
209,pixels,0.07931333771108577,0.009574146560497246,8.284115686961714,6.236808991287932e-11,16033840404.5543,0.049779889733970545,0.108846785688201
209,zoom,0.08791408011206817,0.008980245664169668,9.789718833955405,2.6993261281440675e-14,37046283128728.65,0.060212643073413195,0.11561551715072313
209,video,0.07394735959798324,0.007689472193832086,9.616701606294672,6.701030645858334e-14,14923077551034.094,0.05022758201018125,0.09766713718578522
209,swivel,0.04387758760810226,0.008831849008560263,4.968108893797204,1.456179289427014e-4,6867.286241884994,0.0166339109432545,0.07112126427295001
209,wifi,0.06958057920142317,0.008508599164520245,8.177677412700925,1.0595711104662329e-10,9437780910.806257,0.04333403396674966,0.09582712443609669
209,price,-0.20965593403010438,0.009896156395814537,-21.185592228390398,4.856517766274618e-39,20590885241774564e22,-0.24018268837237397,-0.1791291796878348
210,canon,0.1832924769236377,0.03744254564874017,4.89529955156254,1.8850629309625645e-4,5304.862684289127,0.06781476686667227,0.29877018698060315
210,sony,0.1421599177606618,0.038540318177709705,3.688602598067855,0.009858250924583426,101.437872463391,0.02329653358318927,0.26102330193813433
210,nikon,0.15101527849101237,0.03831183547381348,3.9417395857797737,0.004638077500982626,215.60657401437112,0.03285656486882427,0.2691739921132005
210,panasonic,0.12235720939966145,0.038365784409661687,3.189227361889886,0.0384033659777524,26.039384166984576,0.004032110200215697,0.24068230859910722
210,pixels,0.07835840412106006,0.009585066147394062,8.175050950729613,1.0365107645358972e-10,9647753156.213047,0.04879680593728783,0.10792000230483229
210,zoom,0.087664343070499,0.008941777054160086,9.803906151933626,2.3666581100838832e-14,42253673893123.336,0.06008673262324919,0.11524195351774881
210,video,0.07521879396896784,0.0077556611119517695,9.698566361164596,4.1259988380916086e-14,24236555540634.336,0.05129932028819841,0.09913826764973727
210,swivel,0.04366841965659553,0.008793823459172513,4.965805813516373,1.4561262287580583e-4,6867.536483103584,0.01654711745569583,0.07078972185749523
210,wifi,0.06926452432797484,0.008476219316787294,8.171629560220945,1.0543099554735185e-10,9484876765.209654,0.0431227548600074,0.09540629379594227
210,price,-0.21023090599931238,0.009872821550286412,-21.293903159144364,2.2376954901952386e-39,44688832970421286e22,-0.24067997949777775,-0.179781832500847
211,canon,0.18294197655494618,0.037263741828011135,4.909382890191365,1.7761944214203436e-4,5630.014304404494,0.06803689746859079,0.29784705564130154
211,sony,0.14138639884922538,0.03836911356666104,3.6849013622268343,0.009933383671368376,100.67063078237516,0.023072836856467008,0.25969996084198377
211,nikon,0.15104439047899626,0.03812881293048635,3.961423891018304,0.004348548989007995,229.96176483874063,0.03347181053070339,0.26861697042728916
211,panasonic,0.1216507857989002,0.03817779245734705,3.186427972094268,0.038613786603068044,25.897486052832367,0.0039271744154520255,0.23937439718234838
211,pixels,0.07870918107274694,0.009538443091335601,8.251784942161441,6.821922353226592e-11,14658624772.048687,0.049296795090973546,0.10812156705452033
211,zoom,0.08825764494607714,0.008916310716736917,9.898448781109392,1.354767143822056e-14,73813422812927.81,0.06076364306097833,0.11575164683117595
211,video,0.07524449363995636,0.0077231582419372575,9.742710337252163,3.0928508848537486e-14,32332628931358.49,0.05142965205259979,0.09905933522731293
211,swivel,0.04424928622961217,0.008769520713513796,5.045804403132796,1.0731934359284018e-4,9317.984684978217,0.017207920502398076,0.07129065195682627
211,wifi,0.06866109683015696,0.008459010245413312,8.11691850915853,1.3372832763200896e-10,7477847197.429858,0.04257720955636558,0.09474498410394834
211,price,-0.21028070471481816,0.009824375126150588,-21.40397755731981,1.0211137350078908e-39,9793228371296683e23,-0.24057478001339122,-0.1799866294162451
212,canon,0.18010909783812334,0.03719690885467717,4.842044766186969,2.251454392793604e-4,4441.573425607792,0.06543091099060298,0.2947872846856437
212,sony,0.13954704086022934,0.038229124536976494,3.65028084086139,0.010943608359779302,91.3775390277368,0.021686529821628303,0.25740755189883036
212,nikon,0.14820703323391518,0.038051644579423775,3.8948916629494996,0.005309118728290893,188.3551774179138,0.030893693461976027,0.26552037300585435
212,panasonic,0.11937980235942124,0.038047550696015016,3.13764750097106,0.04362277593289637,22.923804792667728,0.0020790840428916157,0.23668052067595086
212,pixels,0.07988050219338996,0.009567928010604672,8.348777510120678,4.041956773281101e-11,24740492194.532784,0.050382550080474556,0.10937845430630537
212,zoom,0.08899476624860232,0.008906087307057735,9.992577344046174,7.745056328261318e-15,129114619392895.92,0.06153727110379614,0.1164522613934085
212,video,0.07563301686032622,0.007697237000249846,9.825995595285846,1.880889761531696e-14,53166326940163.336,0.051902411008832014,0.09936362271182043
212,swivel,0.04409930337177723,0.008726033174447707,5.053762974556694,1.032639420703405e-4,9683.922383273226,0.017196915683421018,0.07100169106013345
212,wifi,0.06985155197043967,0.008501769491012062,8.216119249561594,7.874404672660061e-11,12699372734.449383,0.04364056992260652,0.09606253401827282
212,price,-0.20907945905968303,0.009848924453357714,-21.228659032753903,1.5652612332327047e-39,6388709940351098e23,-0.23944372408831455,-0.17871519403105152
213,canon,0.18126353520602861,0.037026584969205044,4.895496988360802,1.839048144550775e-4,5437.5955461691865,0.06713084750917367,0.2953962229028836
213,sony,0.1412147748547976,0.03807540812934049,3.7088184156844024,0.009208979795535626,108.58966163491691,0.023849139634304573,0.25858041007529065
213,nikon,0.1495418036473954,0.037883784216702354,3.947382943371977,0.0045046287968417975,221.99387454546792,0.032766840026634464,0.26631676726815634
213,panasonic,0.12043407612804899,0.037865951647103865,3.1805374192215834,0.03907069669858489,25.594629338570744,0.0037140805552057926,0.2371540717008922
213,pixels,0.07991482611672085,0.009513054533386332,8.400543257295281,2.999574455711917e-11,33338062273.99215,0.05059128782645861,0.10923836440698309
213,zoom,0.08872931014092843,0.008868325037436705,10.005193739107098,6.828789934651482e-15,146438828777801.1,0.06139311986754028,0.11606550041431657
213,video,0.07555632543395789,0.007662637799040242,9.860354543108047,1.4808649127993732e-14,67528104107054.33,0.051936608747168,0.09917604212074778
213,swivel,0.04539826913895105,0.008776499654658492,5.1727079046660736,6.53068380880242e-5,15312.33220405104,0.018345126242035405,0.07245141203586669
213,wifi,0.07063451676283326,0.008497264465375808,8.312618378614783,4.6791766940505273e-11,21371281004.871616,0.044442103060329655,0.09682693046533687
213,price,-0.2095075443424096,0.009809688728071026,-21.357206140791288,6.582882835845853e-40,15190912931864558e23,-0.23974544343398024,-0.17926964525083894
214,canon,0.18301417492844335,0.03690471490161529,4.959100088331342,1.4438702509248018e-4,6925.8300692842595,0.06927715188891871,0.296751197967968
214,sony,0.14263618154002816,0.03793016343291994,3.760494778575958,0.00788722967151978,126.78722969243918,0.025738818052358253,0.2595335450276981
214,nikon,0.15136453732461708,0.03774952963970744,4.0097065783146055,0.003698774033400144,270.35985193200287,0.03502387099488749,0.2677052036543467
214,panasonic,0.12278875403115064,0.03777085872716047,3.2508859520012727,0.032539359989996276,30.73201194822008,0.006382353365916096,0.2391951546963852
214,pixels,0.08045330493472555,0.009480163601467253,8.486489085723555,1.8671889976628365e-11,53556442398.26293,0.051236290555043945,0.10967031931440716
214,zoom,0.08957094907303007,0.008866649305712621,10.102006517312141,3.829525625455215e-15,261128948544672.6,0.062244730754972236,0.1168971673910879
214,video,0.07465739586205579,0.007683826766605715,9.716173741256176,3.0241868307905636e-14,33066740117328.875,0.05097653057654998,0.0983382611475616
214,swivel,0.04591034115843642,0.008753646751796849,5.244710285917405,4.908751027168602e-5,20371.780814819736,0.018932386581543014,0.07288829573532982
214,wifi,0.07008933740151302,0.008477566303297587,8.267624798670086,5.668350002841728e-11,17641818156.93575,0.0439622380179312,0.09621643678509484
214,price,-0.209879141992091,0.009771456441724105,-21.478798298266714,2.8453289183941545e-40,3514532163699301e24,-0.23999389479278105,-0.17976438919140098
215,canon,0.18215974712690658,0.03674171059341372,4.957846115078821,1.4388902149660524e-4,6949.800544884468,0.06894469580150217,0.29537479845231096
215,sony,0.142327313308843,0.037748799732966194,3.7703798350056656,0.007634959622570323,130.97646214707135,0.02600904096345348,0.2586455856542325
215,nikon,0.1503197454643251,0.0375902949868842,3.998897734555524,0.00381012676183384,262.4584593922259,0.034489885952011745,0.2661496049766385
215,panasonic,0.12272104729229862,0.03759953987440579,3.263897582316838,0.031397946880465114,31.84921624993801,0.006862700798885291,0.23857939378571194
215,pixels,0.07965317785345373,0.009478667706650467,8.403414943807672,2.7483298637239218e-11,36385734230.78931,0.05044583193588903,0.10886052377101843
215,zoom,0.09037784259640588,0.008863022803498169,10.197180420288936,2.158919322213371e-15,463194705661709.56,0.06306753054533475,0.11768815464747702
215,video,0.07578780857867515,0.007732243231315265,9.801529298992776,1.8156221854127836e-14,55077538049175.625,0.051961854366004576,0.09961376279134572
215,swivel,0.04588940737914817,0.008716828670082055,5.264461321426453,4.504455491076746e-5,22200.24156040578,0.01902957452599291,0.07274924023230343
215,wifi,0.069951759615729,0.0084358334618024,8.292216759905441,4.834040697182671e-11,20686627660.847176,0.04395777885312056,0.09594574037833743
215,price,-0.20987921954526326,0.009726630380698556,-21.577793267619775,1.3519569781829742e-40,7396685073100453e24,-0.2398506318717058,-0.17990780721882071
216,canon,0.18666770903409965,0.036840040916721634,5.066978873776752,9.492310223718089e-5,10534.843219739452,0.07316901802912815,0.30016640003907114
216,sony,0.1456474805170043,0.03772360524646967,3.8609109486064983,0.005800807106537788,172.38980397623496,0.029426659124833124,0.2618683019091755
216,nikon,0.15345701933265024,0.037550578738559735,4.086675212147107,0.002878438218764675,347.41061784163116,0.03776926689665455,0.26914477176864593
216,panasonic,0.12638208783867116,0.03760276938450765,3.360978191429183,0.024228932776861174,41.27296935484538,0.01053354377893155,0.24223063189841076
216,pixels,0.07990294535254755,0.009440879790978485,8.463506275008521,1.9499775037205912e-11,51282642907.00701,0.05081699779256581,0.10898889291252929
216,zoom,0.09050197585176456,0.00882186301071407,10.25882806634503,1.4550168978673424e-15,687277241567247,0.06332312699530879,0.11768082470822033
216,video,0.07596373646880815,0.007696361801595929,9.87008386911543,1.1895252480606872e-14,84067152137403.14,0.05225238956893786,0.09967508336867845
216,swivel,0.045061541029154085,0.008712294041036876,5.172178626766272,6.365787718298376e-5,15708.974980826215,0.018220257884452994,0.07190282417385518
216,wifi,0.06965530189218462,0.008402255124645286,8.2900722316647375,4.719957789419306e-11,21186630148.29693,0.0437692025718064,0.09554140121256284
216,price,-0.21095592534141944,0.009742183966414703,-21.653863863448983,7.075946799863156e-41,14132384376029218e24,-0.24097014628697228,-0.1809417043958666
217,canon,0.18693411813274213,0.036668154499721384,5.097996359052172,8.370082121314588e-5,11947.314082540232,0.07398394625372094,0.2998842900117633
217,sony,0.14532201177393328,0.03754373282316958,3.8707395574754857,0.005610690857399774,178.2311707088851,0.02967476600405755,0.260969257543809
217,nikon,0.1543197522326274,0.03738522622165341,4.1278271613947295,0.002513116113057863,397.91237452345104,0.03916075977490967,0.2694787446903451
217,panasonic,0.12768442673135988,0.0374524390296333,3.409241962328082,0.02122028778631622,47.12471433327328,0.012318396359752667,0.24305045710296708
217,pixels,0.08080705941643258,0.009449788618884744,8.5512028549448509,1.197850352717257e-11,83482882292.56313,0.05169855195850856,0.10991556687435661
217,zoom,0.09126619022621127,0.008813692334368075,10.355046076469934,8.106805980611801e-16,1233531433207597.8,0.06411707193439078,0.11841530851803175
217,video,0.07565431069308584,0.007666782744773448,9.867804163964399,1.1398963766088005e-14,87727272453923.125,0.05203805728202708,0.0992705641041446
217,swivel,0.044503101915768464,0.008691802013497707,5.120123749558323,7.695524056638266e-5,12994.5666161278,0.01772944655303544,0.0712767572785015
217,wifi,0.0694964080397955,0.008364349267666235,8.308644918552753,4.148765086379206e-11,24103558027.016186,0.04373141658252854,0.09526139949706244
217,price,-0.21068011899413389,0.009701168947622895,-21.71698278131291,3.910665536394634e-41,25571095014224396e24,-0.24056296188631585,-0.18079727610195193
218,canon,0.1867671607270806,0.03651503079351489,5.114802224410301,7.785076034019263e-5,12845.089702787682,0.074307250276426845,0.2992270711777344
218,sony,0.1458924526962057,0.037400219771926875,3.9008447967922,0.005100271948525082,196.06797639274592,0.030706314961038816,0.2610785904313726
218,nikon,0.15431726939634743,0.03722000934392093,4.146083574843373,0.002359422537984048,423.83251999212746,0.03968614827092751,0.26894839052176733
218,panasonic,0.12748724543318407,0.03730131286033056,3.4177683211993597,0.02068882448089887,48.335273998929146,0.01260572369256395,0.24236876717380418
218,pixels,0.08169018611213416,0.009456721112717743,8.638320316147869,7.353765163553432e-12,135984761242.60506,0.05256513852537646,0.11081523369889186
218,zoom,0.09215320208706322,0.0088174691701551,10.451207745526174,4.502489207679916e-16,2220993663447978,0.06499693871474384,0.1193094654593826
218,video,0.07518996038094213,0.0076464580086045165,9.83330586479796,1.3008060139947115e-14,76875413339230.27,0.05164020664322733,0.09873971411865692
218,swivel,0.043834331503052486,0.008678996240752758,5.050622247907621,9.927444076714656e-5,10073.086207008235,0.017104540542285683,0.0705641224638193
218,wifi,0.06945584592497613,0.00832801086071024,8.34002825964767,3.4148334430254216e-11,29284005111.36014,0.04380702856744344,0.09510466328250881
218,price,-0.21012574570123244,0.009677174303045846,-21.713543553214322,2.8826921606352575e-41,3468979496512144e25,-0.23992975056952864,-0.18032174083293623
219,canon,0.1855673425552315,0.036374219403335656,5.101617178297832,8.115832026148011e-5,12321.59557736222,0.0735593356547886,0.2975753494556744
219,sony,0.1442133339978742,0.03726442604858223,3.8700001392711902,0.005584525349025979,179.06624780106233,0.029464092407060063,0.25896257558868835
219,nikon,0.15313042216699987,0.037070937562053596,4.1307404731987845,0.0024681238518483536,405.16605325584044,0.03897699431706475,0.267283850016935
219,panasonic,0.12561604637936577,0.03716434160420822,3.380015384562656,0.022879071130315128,43.70806814245987,0.011174997220443184,0.24005709553828836
219,pixels,0.08118370304596335,0.009428779029032486,8.610203165859307,8.192652534163785e-12,122060589757.70647,0.05214943746252726,0.11021796862939945
219,zoom,0.0931964755288544,0.008841072427059133,10.541308907685874,2.5765469918450833e-16,3881163445359453.5,0.06597194899161844,0.12042100206609037
219,video,0.07479450276952417,0.007623206617248379,9.811422741749256,1.3880928888024235e-14,72041288307639.81,0.05132017965291713,0.0982688258861312
219,swivel,0.044902131647315144,0.008701760140388884,5.160120587431919,6.490594445473415e-5,15406.90931163334,0.018106592778340917,0.07169767051628936
219,wifi,0.0710761234273922,0.00844321986310006,8.418130118584344,2.209597133045513e-11,45257118822.4565,0.04507671384002541,0.09707553301475899
219,price,-0.20955148576032265,0.009647932379850854,-21.71983358817468,2.0395790554010795e-41,4902972490092334e25,-0.23926059551727985,-0.17984237600336545
220,canon,0.18772271144803787,0.03626540510572671,5.176357768533361,6.044628977185907e-5,16543.61258191818,0.076067670487889,0.29937775240818676
220,sony,0.14638402081060622,0.03716116595054832,3.939166521454269,0.004500252374214262,222.2097599969821,0.03197108390175718,0.26079695771945527
220,nikon,0.15449557481406923,0.036928844023814036,4.183601704793164,0.002070968651468314,482.8658315474748,0.040797917775108106,0.26819323185303034
220,panasonic,0.12723150383778392,0.03702771462720342,3.4361154912949945,0.019591325622243406,51.042998278004724,0.013229440954216562,0.24123356672135127
220,pixels,0.08188721778423383,0.00941441680994783,8.698065895882893,4.9930504782375626e-12,200278367775.07965,0.05290182270961358,0.11087261285885408
220,zoom,0.09426093077423414,0.008864688332947328,10.633304548778682,1.4545069690244134e-16,6875181909033640,0.06696805658659989,0.12155380496186839
220,video,0.07399559737646133,0.007628707375360538,9.699624554410732,2.413709249054181e-14,41430010693783.98,0.05050809925019982,0.09748309550272284
220,swivel,0.044001180695421666,0.008706525811866424,5.053816142766261,9.64818637825424e-5,10364.642232180238,0.017195262126183643,0.0708070992646597
220,wifi,0.0709174776403478,0.008407971649223469,8.434552422271487,1.9601403541429055e-11,51016754891.37418,0.04503075677927099,0.0968041985014246
220,price,-0.2099846124347562,0.009613696632609098,-21.84223410196871,8.676801830837458e-42,1152498373820165e26,-0.23958355633633444,-0.18038566853317795
221,canon,0.18499782370671441,0.03619337541666058,5.1113724977846635,7.688826529005848e-5,13005.885829619547,0.07358212776243844,0.2964135196509904
221,sony,0.1438116683057061,0.03705684858535448,3.8808391375877287,0.005366083294842765,186.3556611134009,0.02973790405716928,0.2578854325542429
221,nikon,0.15198837814903735,0.03683842256679957,4.1258112470324955,0.002486289464887203,402.20578260197374,0.038587004540762,0.2653897517573127
221,panasonic,0.12483371971617664,0.0369237770337727,3.3808491369124085,0.02273799055546503,43.97926006525022,0.011169595611980804,0.23849784382037248
221,pixels,0.08255040043256766,0.009392208486199963,8.789242759448912,2.9798024565997503e-12,335592716149.7474,0.05363794247867355,0.11146285838646176
221,zoom,0.09429824897604716,0.008824853213048864,10.68553172494848,1.0205367831658342e-16,9798764890157840,0.06713230628573598,0.12146419166635834
221,video,0.07420907148816377,0.007592551959784406,9.773930014733937,1.5318853023097247e-14,65279038743451.23,0.050836577189025914,0.09758156578730164
221,swivel,0.04369317775703176,0.008672231281946826,5.038285573401255,1.0148917626739359e-4,9853.267479137869,0.01699705802394234,0.07038929749012118
221,wifi,0.07050865330019519,0.008381129800625992,8.412786220651165,2.1178440722848127e-11,47217829352.3357,0.04470864435418756,0.09630866224620283
221,price,-0.2098540311456087,0.00956773322029202,-21.933516154122415,4.2214464821617736e-42,23688562776423184e25,-0.2393068147856033,-0.18040124750561407
222,canon,0.183379577544053,0.036051825201640464,5.086554606275765,8.382462213406215e-5,11929.669046413153,0.07241685831749264,0.2943422967706134
222,sony,0.14359588325874206,0.036881419742352664,3.8934478190340425,0.00514516953493822,194.3570553330673,0.03007978246056721,0.25711198405691693
222,nikon,0.15113113279067286,0.03666825942815252,4.121579129950193,0.0025098782030838714,398.42570797710675,0.03827111106651282,0.2639911545148329
222,panasonic,0.12432208642389955,0.03674300374779706,3.38355805848762,0.022527729817099173,44.389736920627136,0.011232011632852909,0.23741216121494618
222,pixels,0.0838884137336762,0.009436495407074258,8.889784831642855,1.6860261731394382e-12,593110602866.838,0.05484413693267082,0.11293269053468158
222,zoom,0.09392382531677708,0.008792348615829677,10.682450096175366,9.727001021641154e-17,10280660994844622,0.0668621465988865,0.12098550403466767
222,video,0.0746050560132105,0.007568915704070106,9.85676930885786,9.255819986895291e-15,108040130579012.39,0.05130894095044197,0.09790117107597904
222,swivel,0.04455330082146474,0.008671018920148543,5.138185169673404,6.880488266479268e-5,14533.852268477132,0.017865058757069775,0.07124154288585971
222,wifi,0.07079265505807344,0.008349006294000458,8.479171360661757,1.4503349301976774e-11,68949590827.52715,0.045095524994883104,0.09648978512126379
222,price,-0.20996247133393445,0.009523443220338617,-22.046907455229096,1.860026618456449e-42,5376267146272638e26,-0.2392743619308199,-0.18065058073704898
223,canon,0.18323559193921413,0.03588573031279268,5.106085074542669,7.716602555118197e-5,12959.070949387295,0.07280098030977013,0.29367020356865814
223,sony,0.14297421898672708,0.036724414802301014,3.8931653439925977,0.005132250345044251,194.84630186943423,0.029958642860498846,0.2559897951129553
223,nikon,0.1502156374037519,0.036513869696817504,4.113933654554408,0.002561850549643869,390.34283250403234,0.03784799199404759,0.2625832828134562
223,panasonic,0.12328314985702615,0.03658048871287131,3.3701887042763157,0.02331604466256823,42.88892110441906,0.010710491337628608,0.2358558083764237
223,pixels,0.08330675178329755,0.009406851840532497,8.85596511941893,1.9380673797120515e-12,515977932691.1612,0.054358141274050184,0.11225536229254492
223,zoom,0.09393094505989262,0.008750436470562848,10.734429691122685,6.822373421563863e-17,14657655601776990,0.06700238474380948,0.12085950537597576
223,video,0.07516158078073484,0.00755766122664045,9.945084666641753,5.410776000279184e-15,184816373834067.84,0.05190366251862791,0.09841949904284178
223,swivel,0.044250254817228066,0.008634850986498497,5.124611285871409,7.187917074684538e-5,13912.23618204983,0.017677396835509777,0.07082311279894635
223,wifi,0.07137815356733544,0.008331936701955565,8.566814189860862,8.867727540021333e-12,112768462437.17523,0.045737482866715466,0.09701882426795541
223,price,-0.21008965197479695,0.009479448526748013,-22.16264494521915,8.093370035225042e-43,12355792403506414e26,-0.239261671253433,-0.1809176326961609
224,canon,0.1874710049943397,0.03598324516433432,5.2099526915420125,5.125748162788717e-5,19509.34708926354,0.07675297319104517,0.2981890367976342
224,sony,0.14683498738221107,0.03676915265891632,3.9934286423270184,0.003744645043675712,267.0480081119808,0.03369877093264058,0.25997120383178157
224,nikon,0.15431178117821423,0.036582499918950455,4.218185786102543,0.0018167398426434112,550.4365438173966,0.04174988268983186,0.2668736796665966
224,panasonic,0.12728481332003325,0.036645741892262815,3.47338617660535,0.01752188920053701,57.071471492317855,0.014528323521708617,0.24004130311835786
224,pixels,0.0823371688377706,0.00941171602087254,8.748369442423668,3.2937193896681117e-12,303608134662.85114,0.0533779499300943,0.11129638774544691
224,zoom,0.0936518572905673,0.0087151916623007,10.745817294607196,5.998051192982783e-17,16672081778326872,0.06683579711501568,0.12046791746611892
224,video,0.07538903724013075,0.007529532390878501,10.012446102424537,3.5392092393702743e-15,282548991135072.94,0.052221171114939804,0.0985569033653217
224,swivel,0.04415752173819679,0.008599598144288569,5.13483548850757,6.853959925275055e-5,14590.10573307181,0.01769713506416156,0.070617908412232
224,wifi,0.07088085925878583,0.008311539286978828,8.528006282762865,1.0481999373344814e-11,95401646611.70927,0.04530681036721533,0.09645490815035633
224,price,-0.21114626225290822,0.009497037225553074,-22.232856125359856,4.295233928628637e-43,232816190367372e28,-0.2403680087844876,-0.18192451572132884
225,canon,0.18654691409592894,0.035825363777545645,5.207118488852622,5.138115548215612e-5,19462.38831369381,0.07633101256844912,0.2967628156234088
225,sony,0.14657880284009467,0.036580893078900535,4.0069771540006425,0.003575084557584207,279.71366380092843,0.034038532923885506,0.25911907275630386
225,nikon,0.15362600194363746,0.036418782916845964,4.218317846985925,0.0018079726776083016,553.1057036342286,0.041584460184623154,0.2656675437026518
225,panasonic,0.12692726440134117,0.0364711865130824,3.4802066106572025,0.01715525338266632,58.29118216408279,0.014724504192785232,0.2391300246098971
225,pixels,0.08202093456038068,0.009372613302188805,8.751127558119373,3.1262889369437903e-12,319868067273.9046,0.05318630691546471,0.11085556220529665
225,zoom,0.09410743363662381,0.008689404028093298,10.830136719661043,3.5006515638236796e-17,28566110673057776,0.06737468349235078,0.12084018378089685
225,video,0.07575077528858715,0.007500394756448978,10.09957178899887,2.0704275285423022e-15,482992032425330.25,0.0526759846171764,0.09882556595999789
225,swivel,0.04367105537038004,0.008576949992073835,5.09167657625817,8.022751546109707e-5,12464.551522661917,0.01728426746217108,0.070057843278589
225,wifi,0.07037520264577213,0.008290917339496915,8.488228716322292,1.2462410755785046e-11,80241296776.05116,0.044868387565356785,0.09588201772618747
225,price,-0.2113296846018342,0.009453111086641071,-22.355569787017597,1.8045882500708857e-43,55414302955852626e26,-0.24041196181534805,-0.18224740738832038
226,canon,0.18738790558473847,0.03566342826703313,5.254343586422895,4.235375334434122e-5,23610.658348738947,0.0776862073167532,0.29708960385272376
226,sony,0.14700081837903778,0.03641394727133657,4.036937201113328,0.0032393890109514464,308.7001890230801,0.034990502758340133,0.2590111339997354
226,nikon,0.15375244556647846,0.036246608545895356,4.24184362991637,0.0016653957968869497,600.4578622506767,0.04225686852417686,0.26524802260878005
226,panasonic,0.12707203949966914,0.03629470717887605,3.501117638817226,0.01614420789997437,61.94171966786847,0.01542850972318724,0.23871556927615104
226,pixels,0.08146796322715223,0.00933973530519545,8.72272720425318,3.5009908250797713e-12,285633424925.41797,0.052738677397373625,0.11019724905693085
226,zoom,0.09298718414430417,0.008723119102759063,10.659854926765009,8.550396650193532e-17,11695363863352066,0.06615462692065782,0.11981974136795051
226,video,0.07593710090475231,0.007469338692472195,10.166509249511448,1.3510031075735773e-15,740190747448402,0.05296120713010878,0.09891299467939584
226,swivel,0.04437651287807396,0.008562266869095104,5.182799550227504,5.5999759032347646e-5,17857.219696648353,0.018038741603524006,0.07071428415262392
226,wifi,0.07197568520024734,0.008405352098857623,8.563077947684025,8.13003456575367e-12,123000707058.77718,0.04612058812766957,0.09783078227282511
226,price,-0.21103108286788416,0.009413658111237823,-22.417542720821757,9.899402774923012e-44,1010161948893707e28,-0.23998775730716107,-0.18207440842860725
227,canon,0.18422238212148592,0.03564191990567231,5.16869973921263,5.866085398057062e-5,17047.143574336907,0.07460259737833053,0.2938421668646413
227,sony,0.14475409028529537,0.036328354040795624,3.9846035997871243,0.0038088549567712876,262.54609622827064,0.03302311842506786,0.2564850621455229
227,nikon,0.15046702270782772,0.03623975350030423,4.151988029018039,0.002228024104557405,448.82817827442176,0.03900854941677094,0.2619254959988845
227,panasonic,0.12373009710424593,0.03629039454155566,3.4094448039842664,0.02078979783385184,48.100515839154,0.012115872942982317,0.23534432126550953
227,pixels,0.08163842571337719,0.009301937850200821,8.77649657824952,2.5358536837146265e-12,394344518543.02466,0.05302951722775588,0.1102473341989985
227,zoom,0.09315627820123537,0.008687650028451168,10.722839651247236,5.630383605587839e-17,17760779194645928,0.06643666465171041,0.11987589175076033
227,video,0.07540342140931808,0.007453567155423998,10.116420746869723,1.6901640707736823e-15,591658536169358,0.05247933568922758,0.09832750712940858
227,swivel,0.04413789822302736,0.008527744375896429,5.175799868929306,5.706583450947234e-5,17523.62001880495,0.01791008823679684,0.07036570820925789
227,wifi,0.07183332989179372,0.00837006483516328,8.582171262284186,7.099238181268822e-12,140860184496.76434,0.04609047687082524,0.09757618291276221
227,price,-0.21057485021588968,0.00938371410959446,-22.440458837144835,6.454647124838721e-44,1549271370934916e28,-0.23943526860825998,-0.18171443182351937
228,canon,0.18505485270615205,0.0354895909884269,5.21434165771305,4.8697904583865175e-5,20534.764453321564,0.0759190097960064,0.2941906956162977
228,sony,0.14484618740563068,0.03616968240614516,4.004629783009142,0.0035629453818362884,280.66666559020194,0.03361896085139507,0.25607341395986627
228,nikon,0.15060105828925346,0.0360787563832618,4.174230860105881,0.002063366573912954,484.6448578953215,0.039653442963929406,0.2615486736145775
228,panasonic,0.12367543734432977,0.03611841756734119,3.4241654445060448,0.019925593527349728,50.18671080625062,0.012605857898406805,0.23474501679025273
228,pixels,0.08066799909402501,0.009306802270993961,8.667638652369233,4.360202321660723e-12,229347155528.1219,0.05204817896213891,0.10928781922591112
228,zoom,0.09275072556611075,0.008657137013311039,10.713787413032636,5.563884319610606e-17,17973055199501092,0.06612872404897802,0.11937272708324348
228,video,0.07526227339541573,0.007423996547626864,10.137703178145184,1.4214833687696172e-15,703490467753810.4,0.052432364725815056,0.09809218206501641
228,swivel,0.04372520562060649,0.008498867601859162,5.1448272486373865,6.38257614815721e-5,15667.654827568675,0.017589906405321248,0.06986050483589173
228,wifi,0.07203421779447333,0.008335588219249275,8.641767791279033,5.001345484410312e-12,199946195102.31772,0.04640102729767935,0.09766740829126731
228,price,-0.21083815746083703,0.009343780545746288,-22.564545092705554,2.6787386367779416e-44,37331002967979984e27,-0.23957169136265005,-0.18210462355902401
229,canon,0.18060602336438664,0.035628626562824686,5.06912673285119,8.477057818278692e-5,11796.54570532415,0.07105788481306664,0.29015416191570664
229,sony,0.14091230254299233,0.03624936723338834,3.887303787559682,0.005124618219299276,195.13648767707357,0.0294555587058795,0.25236904638010516
229,nikon,0.14675270653942524,0.03613557121590564,4.0611702430991246,0.0029650284967935613,337.26488668875163,0.03564585387389045,0.25785955920496
229,panasonic,0.12009069031011296,0.036161884634565045,3.3209190152474863,0.026357358194992065,37.94006943343819,0.008902931185049728,0.2312784494351762
229,pixels,0.08002172978966535,0.009296431848353541,8.607789643919965,5.781741035093017e-12,172958282622.8937,0.05143778192514242,0.10860567765418827
229,zoom,0.09260355669236257,0.00862214651791056,10.740197525059406,4.4992545383871065e-17,22225904124074744,0.06609284908233667,0.11911426430238847
229,video,0.07520813268333576,0.007391564465039743,10.174859874259568,1.0933837050234195e-15,914592009562261.4,0.05248112335842199,0.09793514200824953
229,swivel,0.04404559041317256,0.008471406369775471,5.199324467578334,5.1214400228556434e-5,19525.758293317158,0.017998366923255276,0.07009281390308984
229,wifi,0.07191451454110828,0.008299401396810268,8.66502427135858,4.266649788899175e-12,234375927127.12585,0.046396158605955765,0.0974328704762608
229,price,-0.21020787639369878,0.009329014870429145,-22.53269818017012,2.2294098993947205e-44,4485491879584358e28,-0.2388920080082314,-0.18152374477916616
230,canon,0.176439302689424,0.035733139883688425,4.937693784082086,1.386153595307193e-4,7214.207742817884,0.06658488015540702,0.286293725223441
230,sony,0.13733768309898525,0.03628307142237842,3.7851724706602177,0.006980171043236239,143.26296501988966,0.02579260556480105,0.24888276063316944
230,nikon,0.14284865566243898,0.036202925306720674,3.9457766037464577,0.004258831715976126,234.80617847582633,0.031549971400231,0.254147339924647
230,panasonic,0.11643757808660907,0.036206494128075126,3.2159307574693186,0.034773140065398986,28.757828545804813,0.00512792219385598,0.22774723397936214
230,pixels,0.07946436068678582,0.009272400791005947,8.569987695512983,6.825641217792263e-12,146506382051.45035,0.05095821099729546,0.10797051037627618
230,zoom,0.09274336586491598,0.00858822311478633,10.798900380829636,3.025831558194589e-17,33048766290105920,0.06634058419112246,0.1191461475387095
230,video,0.0751408338748521,0.007360738940121931,10.208327517944467,8.579163355429241e-16,1165614825794358.8,0.05251170785002539,0.09776995989967881
230,swivel,0.04419102676164887,0.008440791521065144,5.235412656664265,4.4090381657472295e-5,22680.68368672248,0.0182414941626422,0.07014055936065554
230,wifi,0.07183778868584662,0.008263093304795844,8.69381308379423,3.5326292399340513e-12,283075276820.9178,0.0464345538652364,0.09724102350645683
230,price,-0.20951301191927565,0.009316001688903203,-22.48958500821635,1.9586182097885263e-44,5105640267216604e28,-0.23815320388649638,-0.18087281995205493
231,canon,0.17620507319664408,0.035584560363907926,4.951728260646497,1.305620389073426e-4,7659.194114681994,0.06682219720514523,0.2855879491881429
231,sony,0.1380896476135478,0.03613919878132486,3.8210489515585615,0.006242137208969394,160.20154099834417,0.027001876448074252,0.24917741877902136
231,nikon,0.14245141178020077,0.03604672349274433,3.9518546480063335,0.004164715034947082,240.11246666549093,0.0316478990942374,0.25325492446616416
231,panasonic,0.11627431109788279,0.03605542530761756,3.2248769805335535,0.03392106375537046,29.48020755515598,0.005444050026455455,0.22710457216931013
231,pixels,0.07943872555582085,0.009229845942985,8.606722804100215,5.426465346411383e-12,184282020829.87918,0.051067232866925556,0.10781021824471615
231,zoom,0.09359966102992875,0.008593632025382287,10.891746441256888,1.671152204723236e-17,59838954056588310,0.06718381728938429,0.12001550477047322
231,video,0.0749011035931999,0.007334773899513437,10.211780842783522,7.968356889717077e-16,1254963870017506,0.052354846012063624,0.09744736117433618
231,swivel,0.04281362747100969,0.008521710632125073,5.02406492302276,9.922087043847694e-5,10078.524765815895,0.01661886188231922,0.06900839305970016
231,wifi,0.07106012933020832,0.00826824803359029,8.594339337852707,5.7961413443289385e-12,172528573855.1597,0.04564447883245862,0.09647577982795802
231,price,-0.20947321424156368,0.009275218328483194,-22.58418150635808,9.238467278854912e-45,10824306346668663e28,-0.23798417646347086,-0.1809622520196565
232,canon,0.1715628358332147,0.03572529107045875,4.80227958100753,2.265138022929338e-4,4414.74201517651,0.06176196468367133,0.28136370698275803
232,sony,0.13385024297447193,0.03621123933440755,3.696372878552345,0.00905710209652492,110.41059152724864,0.022555820866590595,0.24514466508235327
232,nikon,0.13855604625280807,0.0360956798242128,3.838576996681619,0.005899338745458883,169.5105236616167,0.027616793676337223,0.2494952988292789
232,panasonic,0.11165669503277176,0.036185803315228436,3.0856491994964816,0.048489585694687774,20.62298503221804,4.404499524459232e-4,0.2228729401130976
232,pixels,0.07955408511554758,0.009187694639346442,8.658764601824707,3.9715475108482946e-12,251791020318.52744,0.051315914199974,0.10779225603112116
232,zoom,0.09249228974306596,0.008629817505615941,10.717757320230199,4.245913130938357e-17,23552059808133608,0.06596874153433636,0.11901583795179556
232,video,0.0747982170195428,0.007299044004392843,10.247673116441876,6.161653265720173e-16,1622941046623661.5,0.052364770958584106,0.09723166308050149
232,swivel,0.042631372328312114,0.008488625547622784,5.0221760977842775,9.921476266135424e-5,10079.14521161795,0.016541774397451012,0.06872097025917322
232,wifi,0.0707024544998057,0.008241160563275614,8.579186627532906,6.073364137406299e-12,164653390999.714,0.04537343458094001,0.09603147441867138
232,price,-0.20812216200818714,0.009330744181125653,-22.30499068114838,2.403965114536412e-44,4159794141575315e28,-0.23679999244322897,-0.17944433157314532
233,canon,0.17269354980457538,0.03560317504963281,4.850509808853591,1.8824678894992152e-4,5312.175605109661,0.06328231695310577,0.282104782656045
233,sony,0.13439850420302488,0.0360713973309479,3.7259023533229203,0.00827379341274286,120.86354470246413,0.023548389089627905,0.24524861931642183
233,nikon,0.13962637198144331,0.03596844063948167,3.8819134079496034,0.005146848581486465,194.2936506034124,0.029092650519116067,0.25016009344377055
233,panasonic,0.11190198140165858,0.036044507297446834,3.1045501739896166,0.04617421441340057,21.65710911823943,0.001134501382257222,0.22266946142105992
233,pixels,0.07920455107320684,0.009154302095565841,8.652167062694154,3.974990055205129e-12,251572956438.09985,0.0510726926989358,0.10733640944747788
233,zoom,0.09268280566103831,0.008595324712892514,10.782932437912347,2.7487910342820286e-17,36379629718240670,0.06626872679629467,0.11909688452578196
233,video,0.0742044789263708,0.007293119796178851,10.174586596705764,8.833049737232158e-16,1132111818395976.5,0.05179217364401885,0.09661678420872276
233,swivel,0.041944608531579206,0.008482498479287628,4.94484126746366,1.3216170168698e-4,7566.4885306067135,0.015877253162689224,0.06801196390046918
233,wifi,0.0700836227510422,0.008230033164228557,8.515594208739921,8.241569719148099e-12,121336108784.79184,0.044792112270546025,0.09537513323153837
233,price,-0.2083466029815976,0.0092946191766486,-22.415829957298154,1.0515210596552241e-44,9510033021382216e28,-0.23690966629222565,-0.17978353967096955
234,canon,0.17164329513021162,0.035458407936981524,4.840693790743926,1.9400483332099132e-4,5154.510755644148,0.06269097845530969,0.28059561180511355
234,sony,0.13376769282788933,0.035906437564363326,3.7254515318626886,0.008263763895560595,121.01023367054489,0.023438724783614168,0.2440966608721645
234,nikon,0.13815660909021957,0.03583855460838408,3.854971569023578,0.005576928098013998,179.31018338861324,0.028036223600745605,0.24827699457969354
234,panasonic,0.11087493845481297,0.03591049317619007,3.0875359441826595,0.04815935885125889,20.76439603543144,5.335088159607593e-4,0.22121636809366518
234,pixels,0.07904245745192855,0.009113077351911813,8.673519865970016,3.4252532788151937e-12,291949213269.8296,0.05104089316023817,0.10704402174361893
234,zoom,0.09339687102390173,0.008586189055101895,10.87756983040171,1.498718382746092e-17,66723676143059410,0.06701426550408736,0.11977947654371611
234,video,0.0745753174622619,0.007269181118948504,10.259108452789427,5.182452598524529e-16,1929588319408276.2,0.05223945498793797,0.09691117993658582
234,swivel,0.04187736435673986,0.0084501883335718,4.955790652660965,1.2593485930545718e-4,7940.613151236248,0.015912645441041966,0.06784208327243775
234,wifi,0.06966086873600634,0.008206718219111323,8.488273494487018,9.226025557701408e-12,108389034232.10786,0.04444425540527201,0.09487748206674067
234,price,-0.20846110325407638,0.009254410588347523,-22.525594824651,4.612535703946297e-45,2168004898356539e29,-0.2368969392581403,-0.18002526725001247
235,canon,0.1754653607296164,0.03550882389861186,4.941457966352861,1.3206152535786414e-4,7572.228151160385,0.06637196757705578,0.28455875388217705
235,sony,0.137654713237035,0.035963828852596046,3.8275878188953842,0.006049222028841711,165.31051352259215,0.027163413060769748,0.24814601341330023
235,nikon,0.1418248822267543,0.035872279744545765,3.9536066075733087,0.00408868965377685,244.577134651506,0.03161484743021023,0.2520349170232984
235,panasonic,0.11332322435349304,0.03582868355805966,3.1629190106819034,0.03966619122257613,25.210386204936338,0.003247129670703827,0.22339931903628224
235,pixels,0.07821099940642362,0.009107188988523933,8.587830943771799,5.245759736869701e-12,190630156576.0862,0.050231076678581524,0.10619092213426572
235,zoom,0.09286634924773911,0.008563839668421735,10.84400839382527,1.7091771238307367e-17,58507686889625850,0.06655575302776265,0.11917694546771557
235,video,0.07453802365198482,0.007240214258455247,10.295002466941918,4.0021927792661194e-16,2498630263840937.5,0.052293988116994566,0.09678205918697508
235,swivel,0.041624275800410525,0.008415737483304321,4.9460045400640675,1.2980780008607496e-4,7703.697307379868,0.015768692395105158,0.06747985920571589
235,wifi,0.0697102309765459,0.008172257085242985,8.530107441483311,7.145239024086172e-12,139953330690.41638,0.04460268988507469,0.09481777206801711
235,price,-0.20919854982947533,0.00924269538779183,-22.63393318206659,2.0324174320018328e-45,4920249080008374e29,-0.23759478746913287,-0.1808023121898178
236,canon,0.17443563626070435,0.035377200195938756,4.930736047357678,1.3661578254186248e-4,7319.798499075866,0.06576019731535541,0.2831110752060533
236,sony,0.13700900209759756,0.03581281701356806,3.8256974324496804,0.006067439617108155,164.81416595895467,0.026995389169976403,0.24702261502521872
236,nikon,0.14085050648164835,0.035732955228540295,3.941753643962522,0.004230885595064668,236.35713552890698,0.031082221462815404,0.2506187915004813
236,panasonic,0.11226544480813956,0.035679075330590886,3.1465345939580525,0.04133403185475325,24.19313953001185,0.002662673779321431,0.2218682158369577
236,pixels,0.07869218611939402,0.009083281454557116,8.663409420162122,3.379210689337697e-12,295927094204.355,0.05078919793291048,0.10659517430587756
236,zoom,0.09318718900694822,0.008534898979912267,10.918370472371558,1.0445059909438658e-17,95739039188885070,0.0669687803183303,0.11940559769556615
236,video,0.07429016647934984,0.007214555692454937,10.29726148722413,3.7440308161231584e-16,2670918187141079,0.052127728459078995,0.09645260449962069
236,swivel,0.04280332549219456,0.008458097479933223,5.060632795229087,8.316450089197684e-5,12024.361227140767,0.01682084380389482,0.06878580718049429
236,wifi,0.07107373282943497,0.008247563498161027,8.61754296833027,4.32618442906275e-12,231150570762.10825,0.04573799177508262,0.09640947388378732
236,price,-0.20883434364016132,0.009209033881959912,-22.677117525787207,1.2088784633935314e-45,8272130162637083e29,-0.23712363148209387,-0.18054505579822877
237,canon,0.1716499935271859,0.035331858760478486,4.858221433829295,1.7832005812127362e-4,5607.894089625691,0.06312717708869549,0.28017280996567634
237,sony,0.13387965036748997,0.0357859480782464,3.741123473234816,0.007824521560279964,127.80334136675567,0.023962085579843084,0.24379721515513686
237,nikon,0.13837852505989012,0.03566266595840892,3.8802069711017153,0.005113311912618615,195.56796399065803,0.02883962483534956,0.24791742528443067
237,panasonic,0.10951264805211001,0.035642040549971846,3.0725695376101725,0.0498687745763207,20.052628292872313,3.7099360500669754e-5,0.21898819674371936
237,pixels,0.0795846408980811,0.009084426441194745,8.760557577657535,1.9308174381172534e-12,517915355568.3149,0.051681564815666825,0.10748771698049536
237,zoom,0.0938511311045671,0.008522395629183449,11.012294569286405,5.682672185317957e-18,175973550363093500,0.06767434876339531,0.12002791344573888
237,video,0.07464421526661465,0.007190612525124652,10.380786755759818,2.197015964088155e-16,4551628282842441,0.05255804288506727,0.09673038764816203
237,swivel,0.0432872191890203,0.00843839920713227,5.129790393470985,6.312073443352901e-5,15842.654699353614,0.017368434264671283,0.06920600411336932
237,wifi,0.0705912839893111,0.008228596592184348,8.578775639136305,5.157102756603243e-12,193907324945.1124,0.04531691380760723,0.09586565417101496
237,price,-0.2083956944127139,0.009180393164020839,-22.700083829682143,7.896894807522172e-46,12663205277186316e29,-0.2365935350337295,-0.1801978537916983
238,canon,0.17090241233648748,0.0351821277655715,4.857648561657746,1.7759299126882908e-4,5630.852844222119,0.06285257149174955,0.2789522531812254
238,sony,0.13614324227751765,0.035681285316889196,3.815536381843182,0.006225321854959061,160.63426491007928,0.026560410184049615,0.24572607437098568
238,nikon,0.13788994671285126,0.035507873794110446,3.8833625328397594,0.005048778085416645,198.06772709786787,0.02883968864565413,0.2469402047800484
238,panasonic,0.10880652806404432,0.03548558837956315,3.0662173866252744,0.05062734498360948,19.75217148605656,-1.7528799444205267e-4,0.2177883441225307
238,pixels,0.07944304760386328,0.009046144812815925,8.781978317582768,1.6603166888525062e-12,602294734922.6066,0.05166091589778411,0.10722517930994245
238,zoom,0.09329598137053438,0.00850636441510224,10.967785627064867,6.916166883463418e-18,144588760920590850,0.06717160005558269,0.11942036268548607
238,video,0.07373492435037282,0.007213620713018999,10.221624796171705,5.197444549837935e-16,1924022450669881.2,0.051580762011199516,0.09588908668954613
238,swivel,0.04311659002382057,0.00840742282881367,5.128395573974545,6.299893882037726e-5,15873.283244519447,0.01729607386229679,0.06893710618534435
238,wifi,0.07056382078057095,0.008194973433298716,8.61062227411846,4.20438339358475e-12,237847005467.1627,0.04539577008463551,0.0957318714765064
238,price,-0.207955044791425,0.009148975998442131,-22.72987106172703,4.997640215670628e-46,2000944359428665e30,-0.23605298722148374,-0.17985710236136623
239,canon,0.17180998410633183,0.035060428361605174,4.900396034364534,1.5027093856161852e-4,6654.646664031786,0.06414672354676199,0.2794732446659017
239,sony,0.13770194302842972,0.035588163172681896,3.869318637218461,0.005259078044330799,190.14739685751266,0.028418118969597853,0.2469857670872616
239,nikon,0.1397919503578695,0.03541882279434803,3.9468265551777986,0.004125609177205406,242.38844666265192,0.03102813527005696,0.24855576544568206
239,panasonic,0.11000986933617096,0.03537753855511993,3.1095964792680593,0.045302727278969224,22.07372624261912,0.001372829533565309,0.2186469091387766
239,pixels,0.07914633262092503,0.009020642638786531,8.773912878514373,1.6764029636833854e-12,596515289977.0615,0.05144582112637648,0.10684684411547359
239,zoom,0.09384148511682501,0.008488319967572839,11.055366135503744,3.8928261764786995e-18,256882777361654880,0.06777562548281699,0.11990734475083303
239,video,0.07433423046999792,0.00720736598275543,10.313647266956101,2.9051660294645943e-16,3442144062879237,0.052201913267640385,0.09646654767235545
239,swivel,0.04270025222710319,0.008383108582937919,5.093606006011983,7.1633566489091635e-05,13959.935949193317,0.016957474804212346,0.06844302964999403
239,wifi,0.07079168380981453,0.00816480835247327,8.67034237103317,2.9447980830020954e-12,339581856485.23065,0.04571926084894924,0.09586410677067982
239,price,-0.20820177756403763,0.009118448241038671,-22.833027293723127,2.2408299677330664e-46,4462632213954408e30,-0.23620262965713373,-0.18020092547094152
240,canon,0.17313202852657714,0.03495141080014029,4.953506155061477,1.2205883341039468e-4,8192.770421111029,0.06581611915925563,0.28044793789389866
240,sony,0.13955701245279709,0.03549773896816029,3.9314338464760477,0.004317931843466178,231.5923539907614,0.030563639920989705,0.24855038498460447
240,nikon,0.14137862041557905,0.03531707830826807,4.003123338276851,0.003438825608087259,290.79695046129984,0.032939954047539924,0.2498172867836182
240,panasonic,0.11184949038587634,0.035290227711616634,3.169418211179702,0.03878227611833009,25.784974480323477,0.003493266933036865,0.22020571383871582
240,pixels,0.0790647421653505,0.008984236906822672,8.800384827932172,1.4019833397731591e-12,713275237751.256,0.05147925901732099,0.10665022531338002
240,zoom,0.09348502595996729,0.008461278366422532,11.048569957342414,3.803572252316058e-18,262910741183129440,0.06750525113785813,0.11946480078207644
240,video,0.07398800234823791,0.007186039392098588,10.29607525246681,3.0508999005949214e-16,3277721434928105.5,0.051923761321682305,0.09605224337479351
240,swivel,0.04255643845802752,0.008351268002761092,5.095805624242634,7.051917759603995e-5,14180.539735281254,0.0169144429113721,0.06819843400468294
240,wifi,0.07073334554243922,0.008131937041790877,8.69821608049019,2.4484870454771623e-12,408415475118.4806,0.04576479066641999,0.09570190041845845
240,price,-0.20885934151297342,0.009105768083330456,-22.937037227570443,9.987299282911222e-47,10012716868423589e30,-0.2368179778020304,-0.18090070522391644
241,canon,0.17649440636724084,0.03496333247328766,5.047985814912933,8.433037631263454e-5,11858.12329702812,0.06915427904850968,0.283834533685972
241,sony,0.1409962001889445,0.03538595591450279,3.984524270860739,0.0036379896141538197,274.8770903878997,0.03235858630989842,0.24963381406799057
241,nikon,0.14446024025308116,0.035310323536029475,4.0911616146954515,0.002578870484214423,387.7666622349283,0.03605482360926565,0.25286565689689666
241,panasonic,0.11310039764414652,0.03516750615639783,3.2160482788049722,0.03427977873782963,29.171716878570308,0.005133441370912109,0.22106735391738092
241,pixels,0.07875032227401768,0.008952574061121727,8.796388807997253,1.3850280633536372e-12,722007031091.2333,0.051265229418942515,0.10623541512909285
241,zoom,0.0937843398322379,0.008430789851874804,11.12402769847033,2.2909770505716594e-18,436494987913769600,0.06790116474333274,0.11966751492114305
241,video,0.07363776801209099,0.007163005921864278,10.280288584897006,3.1734520349607563e-16,3151142632639053.5,0.0516467873690082,0.09562874865517378
241,swivel,0.04161124137032885,0.008366988199731107,4.973264020100581,1.124502872764309e-4,8892.818544267035,0.01592394227435091,0.06729854046630679
241,wifi,0.07017769629595723,0.008118601301915393,8.644062405109171,3.181759497736632e-12,314291510942.72125,0.045252964133672274,0.09510242845824218
241,price,-0.2088811635984484,0.009068528148209111,-23.033634585971825,4.600094128450508e-47,21738685602436559e30,-0.2367222444441019,-0.18104008275279493
242,canon,0.1775759800233987,0.03483082930038413,5.098241517362904,6.887594054169414e-5,14518.857995044711,0.07065479249277143,0.284497167554026
242,sony,0.1421128960842421,0.03524738739475085,4.031870348081628,0.003115576365672399,320.96789891528834,0.03391298832157334,0.25031280384691085
242,nikon,0.14545476952964032,0.03517236156413026,4.135484882481678,0.0022223115880713757,449.98190414326467,0.03748517069347582,0.25342436836580484
242,panasonic,0.11765769692536927,0.03529925704882401,3.3331493850601888,0.024999584613436952,40.000664629544005,0.009298563410064076,0.22601683044067447
242,pixels,0.07750514090152336,0.009006377312050047,8.605584489317993,3.7988622332058796e-12,263236711049.69098,0.04985800826369467,0.10515227353935204
242,zoom,0.09391042215634222,0.008401222075009124,11.178185901750519,1.561417943391211e-18,640443517530047700,0.0681209517644159,0.11969989254826854
242,video,0.07308831034383372,0.007152113984314521,10.219119899952029,4.297029491333126e-16,2327189054710807.5,0.05113326259109815,0.09504335809656927
242,swivel,0.040120847634589264,0.008468709299195652,4.7375398324748135,2.71105165839083e-4,3688.6054786339237,0.014124209790778885,0.06611748547839964
242,wifi,0.0701106592052981,0.008085508586600267,8.671150176191663,2.6578175583149947e-12,376248549066.694,0.04529034348979345,0.09493097492080275
242,price,-0.208384408233555,0.009040718062979862,-23.049541726873688,3.0951189099732013e-47,323089363958769e32,-0.236136957651399,-0.180631858815711
243,canon,0.17760245357909152,0.03469358585688254,5.1191725845732545,6.301283220291427e-5,15869.783424109464,0.07111447173249719,0.28409043542568585
243,sony,0.14207347515159127,0.035108219871824976,4.046729673856463,0.002960000910342614,337.8377339364575,0.03431282176166579,0.24983412854151676
243,nikon,0.1450985377926064,0.03502981721547113,4.142143731441531,0.002166433337008417,461.58817025077695,0.03757853236224826,0.2526185432229645
243,panasonic,0.11777822720393068,0.03516258804341505,3.3495323796562007,0.023869531174064363,41.894413120545835,0.009850696948258339,0.22570575745960303
243,pixels,0.07704866195413947,0.008978921576641511,8.581059684782195,4.206575222304571e-12,237723075697.70508,0.04948889220881307,0.10460843169946586
243,zoom,0.09351187570453132,0.008376107845708988,11.164120308269036,1.592436831540508e-18,627968394220453800,0.06780237355337135,0.11922137785569129
243,video,0.07316772532814256,0.007125147507229045,10.268941836489407,3.059372752420849e-16,3268643872207827,0.051297902429637145,0.09503754822664798
243,swivel,0.03997358292558014,0.008437822577766037,4.737428709500477,2.697242844980917e-4,3707.489675469229,0.014074654484094666,0.06587251136706562
243,wifi,0.07030608791124737,0.00805650944008629,8.726618945101658,1.8994249088802997e-12,526475142725.9604,0.04557755640280344,0.0950346194196913
243,price,-0.20869685036215263,0.00900952100507059,-23.16403394194845,1.305753329763263e-47,765841432073011e32,-0.23635054154277008,-0.18104315918153518
244,canon,0.17844096177464816,0.03457748666280954,5.160611108457853,5.31459240412186e-5,18816.118414357155,0.07232101081281278,0.28456091273648354
244,sony,0.14267654433176433,0.03498332438594057,4.078415840579877,0.0026616475307028437,375.70714696995833,0.03531105809730749,0.25004203056622115
244,nikon,0.14662122974139513,0.034933273240854996,4.197179827108768,0.0017978860104543172,556.208788646898,0.03940935285147684,0.2538331066313134
244,panasonic,0.11831410426831931,0.035039466838962925,3.376595449128161,0.022122620567040962,45.20260142642569,0.010776314175582988,0.22585189436105563
244,pixels,0.07695125782424735,0.008941792365165346,8.605797884999806,3.562840270048454e-12,280674945887.0353,0.04950847181276808,0.10439404383572662
244,zoom,0.09307863397355884,0.008353955427430601,11.141863849061346,1.7063913247735541e-18,586032046390475300,0.06743994747961513,0.11871732046750255
244,video,0.0732823873578397,0.007098239675860232,10.324022673827036,2.1094979343051256e-16,4740464466628657,0.051497552223254,0.09506722249242541
244,swivel,0.04112816260800429,0.008482536002825891,4.848569177225155,1.772191589373632e-4,5642.730763401504,0.015094856213295236,0.06716146900271334
244,wifi,0.07071708554469563,0.00803284473461716,8.803492147675124,1.2042761128584125e-12,830374354620.7585,0.04606390303798459,0.09537026805140668
244,price,-0.208808492269264,0.008975830183542283,-23.26341831334184,5.905047558600885e-48,16934664625070953e31,-0.2363557419640709,-0.18126124257445714
245,canon,0.1750124321979584,0.034598687365336826,5.058354681203802,7.884633971768536e-5,12682.896930670055,0.06883891472226861,0.2811859496736482
245,sony,0.13945860090395396,0.03497374783588794,3.9875223427112947,0.0035598617817904714,280.909782822253,0.03213412966507617,0.24678307214283174
245,nikon,0.14412520302557513,0.034874149838466824,4.132723053985459,0.0022195754289301515,450.53661478042494,0.03710636967428753,0.2511440363768627
245,panasonic,0.11546702692138876,0.03501826414999967,3.2973372531199505,0.027444625528585023,36.43700654463102,0.008005947793188833,0.22292810604958868
245,pixels,0.07678136957668867,0.008903790552855853,8.623447409380196,3.1356096793780037e-12,318917244890.74976,0.04945817225762993,0.1041045668957474
245,zoom,0.0924420699666005,0.008343249825964438,11.079863589715133,2.3185105743175015e-18,431311382004099460,0.06683901249082573,0.11804512744237526
245,video,0.07309356357462427,0.007068035794492547,10.34142521343471,1.8105657318971596e-16,5523135572394674,0.051403774767861836,0.09478335238138669
245,swivel,0.04114475486685644,0.008451502047102565,4.868336378260966,1.6351962853756248e-4,6115.473774882552,0.015209502155712536,0.06708000757800034
245,wifi,0.07033237282481884,0.008011468500846039,8.77896141230431,1.3339365396002442e-12,749660849907.9583,0.045747457741227945,0.09491728790840974
245,price,-0.20838818366749895,0.008948054252045694,-23.288658941675223,3.791514482418007e-48,2637468496130492e32,-0.23584721367263178,-0.18092915366236612
246,canon,0.1741681472032226,0.03447908656816495,5.051414191582285,8.04738224901036e-5,12426.401145825734,0.06837292804940093,0.2799633663570443
246,sony,0.13803475408263263,0.034870313984930075,3.958517670425543,0.0038941092995538606,256.79813355895476,0.03103909737621449,0.24503041078905077
246,nikon,0.14324863784040737,0.03474525076642162,4.122826420318866,0.0022855763836665106,437.526396906414,0.0366367236262396,0.24986055205457514
246,panasonic,0.11435501305092688,0.03490404850109743,3.276267881857069,0.02901586236332307,34.46390761985521,0.007255845756317325,0.22145418034553643
246,pixels,0.07725264323574406,0.008877249349644008,8.70231759783136,1.9705036078456718e-12,507484480626.3958,0.05001379691155347,0.10449148955993465
246,zoom,0.09333810793641298,0.00835760309576665,11.16804744935677,1.288863551132498e-18,775877321630610400,0.06769373799728354,0.11898247787554242
246,video,0.0722859502757477,0.007088771629997078,10.197246300030335,4.000462965647962e-16,2499710679956334,0.050534847715525535,0.09403705283596987
246,swivel,0.041912627781162795,0.008454342411639401,4.957526646124499,1.1570890167630865e-4,8642.377427429592,0.015971424075764195,0.06785383148656139
246,wifi,0.07085343195450192,0.007997933044784737,8.858967880545556,8.288706844041494e-13,1206460813267.7178,0.046312669322122614,0.09539419458688123
246,price,-0.20762584901078893,0.00894515037472466,-23.210995937804995,3.9855111366047944e-48,25090884599858053e31,-0.23507304203276613,-0.18017865598881172
247,canon,0.17208609460165086,0.03441513718798379,5.0003024442899955,9.750960923894403e-5,10255.399522210508,0.06649817434949072,0.277674014853811
247,sony,0.13616222027757732,0.03479924418949498,3.9127924599776587,0.004489305073628543,222.75162493952232,0.029395834304873095,0.24292860625028156
247,nikon,0.14195345667646248,0.034636067006782185,4.098428861702634,0.0024686135731834,405.0856767794767,0.03568770910775877,0.2482192042451662
247,panasonic,0.11308030670591758,0.03480538426960432,3.2489314248046117,0.031189457146719585,32.062116223949,0.006295082560772394,0.21986553085106275
247,pixels,0.0768702912197758,0.008857052968999525,8.67899192754392,2.170995919559866e-12,460618092825.68054,0.049696266096714285,0.10404431634283731
247,zoom,0.09294837984465298,0.00833369710418437,11.153318711089627,1.323057965298322e-18,755824783364288100,0.06738004517738594,0.11851671451192003
247,video,0.07221500871963253,0.007059572461715114,10.229374244865813,3.1567865092732594e-16,3167778362782649,0.05055577284239816,0.09387424459686691
247,swivel,0.04219225156908468,0.008425597639056997,5.00762715911116,9.478324123821022e-5,10550.388306375698,0.016341959974136122,0.06804254316403324
247,wifi,0.07125418028746165,0.007975370488891966,8.93427839956826,5.270499836429614e-13,1897353251181.2551,0.046785215408350816,0.09572314516657249
247,price,-0.2075713936660456,0.008912987241128822,-23.288644766393368,1.9931881844543588e-48,50170877381242e34,-0.23491702884059962,-0.18022575849149158
248,canon,0.16940759129401356,0.03437408982871134,4.928351329102363,1.27838185268132e-4,7822.3888887546955,0.06395649474284698,0.27485868784518014
248,sony,0.13338656867827342,0.03475643403454886,3.8377518402976403,0.005664003782487873,176.5535544117799,0.02676253588453395,0.2400106014720129
248,nikon,0.13885148346219287,0.03463036146423606,4.009530296286092,0.0032872439433034497,304.2062035089097,0.03261420973176987,0.24508875719261586
248,panasonic,0.11016989956350226,0.034793094742683675,3.1664300165960055,0.038761050762563684,25.799094202209375,0.003433400901068584,0.21690639822593594
248,pixels,0.07711640117409398,0.008820723161584297,8.742639323490915,1.4799973981573555e-12,675676863516.8091,0.05005663219116618,0.10417617015702177
248,zoom,0.09323466159141373,0.008303015014943507,11.229012765075446,7.90011352154898e-19,1265804595430584800,0.06776309151146151,0.11870623167136596
248,video,0.0726870436050236,0.007045779023246828,10.316395584533678,1.802568533329252e-16,5547639279784004,0.05107235859777145,0.09430172861227573
248,swivel,0.042539040833214053,0.008401858625495112,5.063051252032615,7.5900012211344e-5,13175.228446808342,0.016764243317373854,0.06831383834905425
248,wifi,0.07070407623516306,0.007962474908959705,8.87966078933623,6.911678173943261e-13,1446826624205.3318,0.0462771978917655,0.09513095457856062
248,price,-0.20727017211820778,0.008881597082308996,-23.33703839493726,1.1461324590814115e-48,8724995021966904e32,-0.23451668704041065,-0.1800236571960049
249,canon,0.1694690225112135,0.034228195496223475,4.951152698947032,1.1642507564148273e-4,8589.21494781229,0.06447616144054352,0.2744618835818835
249,sony,0.13246998668075222,0.034610816148077164,3.827415860810659,0.0058342591319229965,171.4013686036595,0.026303460555280364,0.23863651280622405
249,nikon,0.13825284090652207,0.03449243498670565,4.008207624651857,0.0032916051948128837,303.8031418761467,0.03244944163156255,0.2440562401814816
249,panasonic,0.11015991221329355,0.03464505632372187,3.1796719042383486,0.03740055215547632,26.73757317386493,0.0038883564783906005,0.2164314679481965
249,pixels,0.07673236717332695,0.008789938489350725,8.729568160947942,1.5416611668178064e-12,648650962691.1943,0.04976977749389262,0.10369495685276127
249,zoom,0.09351503366536383,0.008275023284099394,11.30087861445111,4.815843974771929e-19,2076479232380776200,0.06813191435602521,0.11889815297470245
249,video,0.07440135838714707,0.007221729076534373,10.302430013457586,1.8625447164488987e-16,5368998613394828,0.05224915355630082,0.09655356321799331
249,swivel,0.04293798826633217,0.008378360003407437,5.1248679036075675,5.9129535552332214e-5,16912.0218966536,0.017237889996913544,0.06863808653575079
249,wifi,0.0700798247479011,0.007952766162688288,8.812006201903953,9.75169748844423e-13,1025462491207.3009,0.04568520911767357,0.09447444037812863
249,price,-0.20711041662505683,0.00884585236392452,-23.413279817974594,5.755696542018032e-49,17374091783674634e32,-0.23424451863752366,-0.17997631461259
250,canon,0.16724159015929166,0.03415126816242348,4.897082865675453,1.423888351610482e-4,7023.022548565376,0.062495172706399524,0.2719880076121838
250,sony,0.13014232873133297,0.03454699188782144,3.7671102929575455,0.007009493081775782,142.66366887499095,0.02418217472437177,0.23610248273829415
250,nikon,0.1363071770468056,0.03439893530302261,3.9625405799937177,0.0038012075583068786,263.07429538139104,0.030801131998967946,0.24181322209464323
250,panasonic,0.1080635512649972,0.034558248574483516,3.1269973370348163,0.04287306484703724,23.32466791370772,0.002068871524038826,0.21405823100595556
250,pixels,0.0778247378149488,0.00881421177895934,8.829460848754108,8.566829814991254e-13,1167292944526.669,0.05079039454763404,0.10485908108226355
250,zoom,0.09253005769299551,0.008300654626317126,11.147320525736617,1.142449765762229e-18,875312009305557400,0.06707086155171833,0.11798925383427268
250,video,0.07562800908018824,0.007296913109431601,10.364383945100773,1.2293047328716823e-16,8134679492073364,0.053247419784268966,0.09800859837610751
250,swivel,0.04363457692173737,0.00836942772237329,5.213567566285651,4.1252386513118756e-5,24241.021781418345,0.0179644446771575,0.06930470916631723
250,wifi,0.07018380968859922,0.007919721651730669,8.861903583854136,7.146689630861834e-13,1399249235172.6877,0.045892984929252395,0.09447463444794604
250,price,-0.2058289027044297,0.008902075851123892,-23.121450114182487,1.7391115489537686e-48,5750062441949681e32,-0.23313273660202757,-0.1785250688068318
251,canon,0.16211828734987624,0.034395099154042034,4.713412414478371,2.8260233283036246e-4,3538.5412073023094,0.05663438761674375,0.26760218708300876
251,sony,0.12611788424526216,0.03465021474601722,3.639743221497883,0.01027297040810871,97.34282882881423,0.0198515885258949,0.2323841799646294
251,nikon,0.1315615183366109,0.034592757848114476,3.8031520618926837,0.006259402375412236,159.75966075102198,0.025471433118344572,0.23765160355487722
251,panasonic,0.103774703150923,0.03469085078199724,2.99141418592065,0.06045969262056631,16.539945154465347,-0.0026162163564342478,0.21016562265828026
251,pixels,0.0776433918221743,0.00878237509492062,8.840819366401258,7.785406988584324e-13,1284454366311.6025,0.05070934607971572,0.10457743756463289
251,zoom,0.09251778722715226,0.008269771432109687,11.18746606078207,8.440760424840766e-19,1184727381975025e3,0.06715580944497547,0.11787976500932905
251,video,0.07576303132909187,0.007266286920008427,10.42665011210485,8.08322869130831e-17,12371294172033936,0.05347856930531351,0.09804749335287025
251,swivel,0.04404351805353478,0.008347161970753138,5.276466205861928,3.178678814606181e-5,31459.611314139453,0.018444196695693384,0.06964283941137617
251,wifi,0.07044157497848079,0.007891874405280087,8.925835785140169,4.833388061085081e-13,2068942090645.0103,0.046238542891125695,0.09464460706583588
251,price,-0.2048704244331117,0.008918927040178803,-22.970299399265468,2.6903530275292445e-48,3716984313089855e32,-0.23222325168968858,-0.17751759717653484
252,canon,0.16259852911707734,0.03425957590562609,4.746075361965455,2.4901768710475653e-4,4015.7790060081993,0.057540428288363143,0.26765662994579154
252,sony,0.12552041094350175,0.03451210472048096,3.6369966989875455,0.010337179812370282,96.7381837358891,0.019687922312490738,0.23135289957451277
252,nikon,0.13155853734599765,0.03445471341127831,3.81830305118526,0.005958466699911322,167.8284112949532,0.025902041026319197,0.2372150336656761
252,panasonic,0.1033954305880509,0.03455557685761395,2.992148879878092,0.06031153488204609,16.580576202475093,-0.0025703667616301384,0.20936122793773193
252,pixels,0.07779547829914278,0.00875506482127699,8.885768396606313,5.859146760784602e-13,1706733148746.1995,0.05094778802739604,0.10464316857088952
252,zoom,0.09308488410384008,0.008255825552221983,11.275054628399591,4.672465610625395e-19,2140197667214404900,0.0677681272450029,0.11840164096267726
252,video,0.07559567870197488,0.007240355607152515,10.440879261136889,7.063727701916865e-17,14156831098240558,0.05339289336956625,0.09779846403438351
252,swivel,0.04343278626467954,0.008337506544426868,5.209325597916538,4.138051677524185e-5,24165.962098334756,0.01786555199367332,0.06900002053568577
252,wifi,0.07017103251193696,0.007863307837181567,8.923856723519583,4.729526897156468e-13,2114376388473.929,0.04605794395878364,0.09428412106509028
252,price,-0.204887319804904,0.008883555136954196,-23.06366276183787,1.243584534258952e-48,80412707978545e34,-0.2321290297976512,-0.17764560981215677
253,canon,0.16326918896202425,0.03414369998846404,4.781824729516344,2.1670773505190398e-4,4614.509951665955,0.05857639986812285,0.26796197805592564
253,sony,0.12609910252171175,0.03439987300020963,3.665685118109108,0.009470354835273536,105.59266441373171,0.02062082541393688,0.2315773796294866
253,nikon,0.13216908565866828,0.03433122213724662,3.8498217491440667,0.005388222360427847,185.58996513287843,0.0269013085939388,0.23743686272339776
253,panasonic,0.10403267615628335,0.034443821975858796,3.0203580842218507,0.05616260689223209,17.805441295110377,-0.0015803590720257915,0.20964571138459248
253,pixels,0.07807884308226293,0.008730959778250575,8.942756015983802,4.114791606241908e-13,2430256731551.2554,0.05130762230183915,0.10485006386268671
253,zoom,0.09306940416845373,0.008222811015734723,11.31844134449414,3.375412944673252e-19,2962600477011568600,0.06785628960500038,0.11828251873190708
253,video,0.07589028557552885,0.007219360925050641,10.51205035506609,4.391956064740532e-17,22768898077742452,0.05375399012499352,0.09802658102606418
253,swivel,0.04455044450195068,0.008379867732297987,5.316366072252281,2.6635274954081318e-5,37544.19662361211,0.018855756303873848,0.07024513270002751
253,wifi,0.06990280886412138,0.007834870537652675,8.922011988351787,4.625584395395895e-13,2161888995032.4038,0.04587921303081601,0.09392640469742675
253,price,-0.2049450814990599,0.008853047418411137,-23.14966494733195,5.952209612124336e-49,16800483604660914e32,-0.23209065232258447,-0.17779951067553534
254,canon,0.16141767073116653,0.03406894604880526,4.7379707754953335,2.540682995223621e-4,3935.949513890394,0.05696388709442747,0.2658714543679056
254,sony,0.1244991732651475,0.0343122354435741,3.628419182127738,0.010564065948471594,94.66052227217304,0.019299475805131,0.229698870725164
254,nikon,0.13120701167015728,0.03421735769485165,3.8345161786089257,0.005638676654278126,177.34657638885693,0.026298204918142082,0.23611581842217247
254,panasonic,0.10284056187680164,0.0343392738194208,2.9948379927195634,0.059835080337202494,16.712603950132067,-0.002442033969814031,0.20812315772341733
254,pixels,0.07921817200071891,0.0087699040515306,9.032957662392334,2.389052403947895e-13,4185760004039.702,0.05233005931882799,0.10610628468260984
254,zoom,0.09285586653760118,0.008194840445138208,11.331015796981163,2.9398824882823123e-19,3401496501937637e3,0.06773087178232366,0.1179808612928787
254,video,0.07551451752875638,0.007200797882829533,10.486965299890235,4.852733097019205e-17,20606944169549540,0.053437210441314456,0.0975918246161983
254,swivel,0.04388480999846163,0.008377838343735367,5.238202051401128,3.633111067213507e-5,27524.619575337438,0.018198752306905937,0.06957086769001733
254,wifi,0.06818955535204457,0.00799265340316966,8.531529132115566,3.9751850540469526e-12,251560615771.06857,0.04368445654264343,0.09269465416144572
254,price,-0.203851380888514,0.008887230678960861,-22.93755931992409,1.2683496039453636e-48,788426153869069e33,-0.2310992114829835,-0.1766035502940445
255,canon,0.1598324373938017,0.03396743115847793,4.7054614359293145,2.853389530041827e-4,3504.6038736440637,0.05569949834140196,0.26396537644620144
255,sony,0.12281666560847897,0.034202539531166226,3.590863932678604,0.011784464092953402,84.8574862727917,0.017962961840913283,0.22767036937604465
255,nikon,0.1326567298363342,0.03411049812565387,3.8890293934630504,0.004739978985833424,210.97139944897273,0.02808519465625449,0.23722826501641392
255,panasonic,0.10200526904728817,0.034206621583133603,2.982032844119991,0.061740313893211704,16.196872625714803,-0.0028609489450578535,0.2068714870396342
255,pixels,0.07960778184663639,0.008741293392217141,9.107094142099797,1.5145844389294321e-13,6602471108886.074,0.052809859807609855,0.10640570388566292
255,zoom,0.09289933726706441,0.008164777765378807,11.378060730689628,2.0735836955282262e-19,4822568783486019e3,0.06786882196398494,0.11792985257014388
255,video,0.07550684072881006,0.007166306040214309,10.536368430973681,3.431218814952023e-17,29144162874205460,0.05353731036795365,0.09747637108966647
255,swivel,0.04399412212425348,0.008344879896025989,5.271989851550101,3.1461616039814486e-5,31784.76270050801,0.01841147309912747,0.06957677114937949
255,wifi,0.06817600967174274,0.007964535058969546,8.55994846742044,3.3002774372360444e-12,303004828841.7509,0.04375937245219916,0.09259264689128632
255,price,-0.20314423270862605,0.008878741189792249,-22.879846181593607,1.2559857675145465e-48,796187366023173e33,-0.23036352435493898,-0.17592494106231313
256,canon,0.15922115099234066,0.033834699169067395,4.705853898588966,2.8354403171901364e-4,3526.7890984599517,0.055504536383073746,0.2629377656016076
256,sony,0.12223114984330168,0.034077685602418126,3.58683835719842,0.011904238757869173,84.00369148669505,0.017769686576235608,0.22669261311036776
256,nikon,0.13156464766747242,0.03399556502011288,3.8700532728205723,0.005020272249264159,199.19238446611615,0.02735491617268787,0.23577437916225696
256,panasonic,0.10139639828295566,0.03407778613425868,2.9754397155812016,0.06272621397261083,15.942298070733973,-0.0030653731536055967,0.20585816971951693
256,pixels,0.08090326091835086,0.00880384520782412,9.18953695897002,9.129813896060995e-14,10953125785307.016,0.05391602465131996,0.10789049718538175
256,zoom,0.09340969329831582,0.008148924077803805,11.462825325952775,1.1587048928229618e-19,8630325169022909e3,0.06843004699395504,0.1183893396026766
256,video,0.07518884471620382,0.0071446158827020816,10.52384704099271,3.5187636998242665e-17,28419072302295884,0.053287796672752755,0.09708989275965489
256,swivel,0.044126478757552254,0.008312547975753207,5.308417934701173,2.692774380856524e-5,37136.419861582224,0.018645261072884983,0.06960769644221952
256,wifi,0.0674051517313373,0.007971542009338221,8.455723077464297,5.7164699259952e-12,174933134075.03085,0.042969250992489313,0.0918410524701853
256,price,-0.20264619757172686,0.008858615470929443,-22.875606039875358,9.509717155040324e-49,1051555986047368e33,-0.22980132616261612,-0.1754910689808376
257,canon,0.1630064762596021,0.03392061042936678,4.805528974752152,1.9411900496011018e-4,5151.47911563575,0.059035792326059086,0.2669771601931451
257,sony,0.1256691356058337,0.03412361783372183,3.6827611954335118,0.008926380300328746,112.02749225945162,0.021076209961213038,0.23026206125045437
257,nikon,0.13520432929262133,0.03405963873756583,3.969634861202996,0.003645988330656859,274.2740539215716,0.030807507146746377,0.23960115143849628
257,panasonic,0.10497811243947551,0.034140869980889534,3.0748517099370156,0.048769201969495114,20.50474396988277,3.3230692277579077e-4,0.20962391795617524
257,pixels,0.08007188848289794,0.008806627522766309,9.09223062697967,1.54162699435163e-13,6486653410091.428,0.05307853326021984,0.10706524370557603
257,zoom,0.0931714704303323,0.00811998888786207,11.474334721024924,1.0141722166681764e-19,986025828320622e4,0.06828274385621125,0.11806019700445336
257,video,0.07538325143194273,0.00712198105966451,10.584590270659012,2.320011250509623e-17,43103239252841384,0.05355353692026077,0.09721296594362469
257,swivel,0.044043824955787104,0.008283495102207106,5.317058127317755,2.5808044191685275e-5,38747.60879098989,0.018653932491145397,0.06943371742042881
257,wifi,0.06699108099604324,0.00795317914537718,8.423182701094078,6.659111073710687e-12,150170193728.6902,0.042613646017014395,0.09136851597507209
257,price,-0.20359711284347076,0.008876080320013531,-22.937727634618835,5.133603251575691e-49,1947949521991329e33,-0.2308033491063037,-0.17639087658063782
258,canon,0.1608285817959167,0.03384857692697111,4.751413394510119,2.3685100671970303e-4,4222.063540491646,0.05708780066268358,0.2645693629291498
258,sony,0.12264210402231261,0.034120750742940034,3.594355380579914,0.01160296930148385,86.18483545174205,0.01806715120932033,0.2272170568353049
258,nikon,0.13307595743679226,0.03398480937558464,3.9157482381642157,0.004322417857146584,231.35199627833842,0.02891764440361097,0.23723427046997356
258,panasonic,0.10194705278887654,0.03412925675315083,2.987086813118623,0.06086442266452754,16.42995951036616,-0.0026539696620062475,0.20654807523975932
258,pixels,0.08059633737068224,0.008780214335143878,9.1793132028777,9.040967400195658e-14,11060763253923.012,0.05368630521156823,0.10750636952979625
258,zoom,0.0937026836346841,0.008105069391385828,11.560997088349733,5.579453948889661e-20,17922900863784438e3,0.06886186886083051,0.1185434984085377
258,video,0.07515072043887196,0.007098490374151699,10.586859526149995,2.176319047941369e-17,45949145229690624,0.05339491847797902,0.0969065223997649
258,swivel,0.043924344095999934,0.008247606187861922,5.325708223150106,2.473237152782816e-5,40432.83915878542,0.018646675547213297,0.06920201264478656
258,wifi,0.06712307392585776,0.007922791017629237,8.472150000738404,4.941515727815867e-12,202367058020.47433,0.042840914865005096,0.09140523298671041
258,price,-0.20307854450540597,0.008854497500021768,-22.93507277007043,3.859822459931064e-49,25907927382179644e32,-0.23021624335686297,-0.17594084565394896
259,canon,0.159767726875948,0.033734337278242744,4.736056486249446,2.4967554884375553e-4,4005.1979644422054,0.05638600538470624,0.2631494483671898
259,sony,0.12207503354901149,0.033988449331069176,3.59166234269539,0.01167578374538708,85.64735539874009,0.017914564241970382,0.2262355028560526
259,nikon,0.1318499314606429,0.033876482978309023,3.892078511959635,0.0046490865310267375,215.09601796530828,0.02803259248404126,0.2356672704372445
259,panasonic,0.10174164945030362,0.03400150282539239,2.9922691938875934,0.06004744919006386,16.6534967511238,-0.002458823390925194,0.20594212229153241
259,pixels,0.08009083555416822,0.008766739820443683,9.135760521533859,1.1232880426122908e-13,8902436081082.328,0.05322442205305501,0.10695724905528144
259,zoom,0.0944233043613442,0.008106970487442319,11.647175046166224,3.0700470728150086e-20,32572790458325877e3,0.06957880962123184,0.11926779910145657
259,video,0.07570726584635024,0.007094292702052278,10.671573478276306,1.2373988331111269e-17,80814687491320208,0.05396620758124706,0.0974483241114534
259,swivel,0.04500232383100156,0.008289981565871945,5.4285191677948195,1.6038475397989615e-5,62350.06602468884,0.019596976207254042,0.07040767145474908
259,wifi,0.06690287445857535,0.007891095045856517,8.478275077133297,4.6481398823269966e-12,215139824815.11948,0.04271994821452518,0.09108580070262551
259,price,-0.20296155114645437,0.008822081659601067,-23.00608393548153,1.9875957507313916e-49,5031204155231374e33,-0.22999756438078278,-0.17592553791212595
260,canon,0.16064716322151754,0.03361402028364813,4.779171365576462,2.1125366266480295e-4,4733.645738425393,0.0576429178658055,0.2636514085772296
260,sony,0.12368540001464184,0.03388894661496164,3.649726898269418,0.009804360178226557,101.99543690987525,0.019838691334209957,0.22753210869507373
260,nikon,0.13308093092651901,0.03376797582431434,3.9410396293489183,0.003966779972995898,252.09363937691586,0.029604915929721587,0.23655694592331644
260,panasonic,0.10283491614688961,0.03388963735113175,3.03440591828745,0.05396378454157264,18.53094642073555,-0.001013909172889238,0.20668374146666846
260,pixels,0.07998461403098732,0.008740304243173421,9.15123911086493,9.937503279887685e-14,10062889760488.23,0.053201490942751416,0.10676773711922322
260,zoom,0.09398005448000413,0.008088104734986648,11.619539751194786,3.4202480344544506e-20,2923764563056041e4,0.06919548192500584,0.11876462703500242
260,video,0.07596721794938768,0.007071926638386001,10.742082297211923,7.650428904960582e-18,130711625769320500,0.05429654421113616,0.0976378916876392
260,swivel,0.04515543966885433,0.008260736151825284,5.466273082560182,1.359087448679102e-5,73578.78265831243,0.01984186853927016,0.07046901079843851
260,wifi,0.06692206976294597,0.007858835362940422,8.515520006759214,3.675692358185744e-12,272057588762.293,0.04284005282169222,0.09100408670419972
260,price,-0.2034433934465167,0.008802048419319402,-23.11318726672575,8.484963164728281e-50,117855549940036e35,-0.23041572068871455,-0.17647106620431888
261,canon,0.16002207189847903,0.03348656614433324,4.778694572884976,2.105991914689468e-4,4748.356311460254,0.05741696526351807,0.26262717853344
261,sony,0.12366671878167021,0.03376055687902655,3.663053285074722,0.009402258298042945,106.35742693945639,0.02022208597884162,0.2271113515844988
261,nikon,0.1324694399639251,0.03364008311634425,3.9378452040614604,0.003997792008756296,250.13807567019919,0.029393946929368156,0.23554493299848206
261,panasonic,0.10217206563912545,0.033754806312717905,3.0268894062837433,0.05496948463284811,18.191911506523933,-0.0012549470390607192,0.2055990783173116
261,pixels,0.08122914406700942,0.008790584074446066,9.24047177970117,5.732902063259013e-14,17443172567150.482,0.054294199096703404,0.10816408903731542
261,zoom,0.09369529180309251,0.0080605121534857,11.623987411590809,3.1234576835921706e-20,32015801118519964e3,0.06899733664471458,0.11839324696147044
261,video,0.07596137691015888,0.007046916908204673,10.77937740712078,5.7845468658004046e-18,172874388124026460,0.05436914623181541,0.09755360758850234
261,swivel,0.04547219426001013,0.00823316064121725,5.523054418781169,1.0613884742409675e-5,94216.21058351247,0.020245232442134563,0.0706991560778857
261,wifi,0.06691811056688989,0.007829778671256586,8.546615859340802,3.0057761863277594e-12,332692768193.67175,0.04292713842511428,0.09090908270866549
261,price,-0.20288704585794745,0.008784648271756035,-23.09563679518733,6.887616181731778e-50,14518811350904377e33,-0.22980380312679283,-0.17597028858910208
262,canon,0.15976413836520323,0.0333664088818627,4.7881730074958035,2.0218611312295337e-4,4945.938099081415,0.057535607942632225,0.2619926687877742
262,sony,0.12239935828635128,0.033662424623770414,3.636082654602369,0.010177635510908287,98.25464853090978,0.019263890159326794,0.22553482641337574
262,nikon,0.13151707367311816,0.033525325358831536,3.92291714593227,0.004183664282300756,239.02491512776498,0.02880165243895348,0.23423249490728282
262,panasonic,0.10216764714421397,0.033634196390916096,3.03761225500269,0.05346124223576211,18.705139614789285,-8.813348772382656e-4,0.20521662916566621
262,pixels,0.08151713900087053,0.008760066134113575,9.305539222292548,3.7940747705511053e-14,26356887000799.56,0.05467791004861266,0.10835636795312839
262,zoom,0.09351094221451803,0.008031230279673979,11.643414390841503,2.5982511529953125e-20,3848742639244791e4,0.06890473206216882,0.11811715236686723
262,video,0.07578435127955893,0.007024805167685976,10.788107210170908,5.207983601752708e-18,192012893370758200,0.054261642277818455,0.0973070602812994
262,swivel,0.046039458887370384,0.008222650458558517,5.599102031565792,7.615093106129742e-6,131318.15803999212,0.020846772568230896,0.07123214520650988
262,wifi,0.06756883315861477,0.007828301224347866,8.631353242828691,1.8160961647370531e-12,550631634721.1641,0.043584360250434676,0.09155330606679486
262,price,-0.20270606107046957,0.008753732805145667,-23.1565282585863,3.7253380102662874e-50,26843201804620137e33,-0.2295258858694257,-0.17588623627151342
263,canon,0.1610446920676448,0.033253998715879474,4.84286697198742,1.6334185489223438e-4,6122.1295708913985,0.059168805007785194,0.2629205791275044
263,sony,0.12479649575958332,0.033612235300114465,3.7128294100439767,0.008054835463709336,124.1490288045548,0.021823126556055797,0.22776986496311086
263,nikon,0.13389877586237245,0.033472905382822174,4.000213734989596,0.003250925206301205,307.60473912525566,0.03135225333792868,0.23644529838681622
263,panasonic,0.10362400360404639,0.03352308206982649,3.0911240019102078,0.04657305216235886,21.471644085379854,9.23761385861005e-4,0.20632424582223177
263,pixels,0.08150637132197971,0.008720939537382975,9.346053939784401,2.892815546478058e-14,34568398293402.387,0.054789179836011524,0.1082235628079479
263,zoom,0.09352783141124776,0.008000459868086701,11.690306926521064,1.8192875251701448e-20,5496657269204753e4,0.0690178784004258,0.11803778442206973
263,video,0.07526083298358906,0.007016923794306666,10.725616408240542,7.265185884080429e-18,137642727378966750,0.05376400963659503,0.09675765633058309
263,swivel,0.0461494117554006,0.008187808089030916,5.636357283120287,6.435959174457671e-6,155376.99554849422,0.021065504725970203,0.071233318784831
263,wifi,0.0682199811337617,0.007826151370976158,8.716925842600027,1.088164145876086e-12,918979001274.5691,0.04424403406059942,0.09219592820692396
263,price,-0.20317760721927994,0.008730798771357864,-23.271365259937216,1.5200898556246429e-50,6578558473367847e34,-0.22992500313917213,-0.17643021129938774
264,canon,0.16067375761103334,0.03314356324515009,4.847811818620461,1.5947400146857678e-4,6270.614587902235,0.059144272827625174,0.2622032423944415
264,sony,0.12404883173462133,0.033513016608490626,3.7015119582876697,0.008322223783240717,120.16019107943224,0.02138759146210019,0.2267100720071425
264,nikon,0.13270612238568394,0.033374997657907995,3.97621368384546,0.003506023524521449,285.2234142201011,0.03046767892711283,0.23494456584425505
264,panasonic,0.10247182165166263,0.03343413562422189,3.0648862229722273,0.04979985410625839,20.080380112485695,5.221942007194169e-5,0.20489142388325332
264,pixels,0.08140998447007772,0.008694813406646483,9.363051357473221,2.5295656226623677e-14,39532479056522.76,0.05477495072506043,0.108045018215095
264,zoom,0.09434878954112856,0.008011822635107767,11.776195484869152,9.957120415837053e-21,10043064241841191e4,0.06980597806663903,0.11889160101561809
264,video,0.07521385800747066,0.006992008126313112,10.757118219645283,5.691829075279923e-18,175690447969191740,0.05379506916406371,0.09663264685087761
264,swivel,0.04660855429061901,0.008169929805714581,5.704890421214874,4.742760933627001e-6,210847.6505551494,0.0215814092683592,0.07163569931287883
264,wifi,0.06856657913170969,0.007802490429069129,8.787781254592321,7.065476876071052e-13,1415332634357.2676,0.04466502010405196,0.09246813815936741
264,price,-0.20295887013091693,0.008704260925273153,-23.317185901633316,8.868133684119257e-51,11276329785045584e34,-0.2296228446899183,-0.17629489557191555
265,canon,0.1617406469616639,0.03302934601467959,4.8968770647102655,1.313344471467396e-4,7614.148623800905,0.060568960508957076,0.2629123334143707
265,sony,0.12416139414755732,0.033390013173397765,3.7185188727771523,0.007886273890323989,126.80259573877385,0.021884953617085645,0.226437834678029
265,nikon,0.13259684067255662,0.033249975941948784,3.987877792875934,0.0033671964898749646,296.98296580165817,0.03074934605174856,0.23444433529336467
265,panasonic,0.10375590056192277,0.03333246945647819,3.112757688037354,0.04396808490327172,22.74376976390866,0.0016557213138550242,0.20585607980999052
265,pixels,0.08213648943530473,0.008693864239865219,9.447638836902069,1.4851293147734934e-14,67334203833456.516,0.05550644636551079,0.10876653250509867
265,zoom,0.09437726066664569,0.007981408290518566,11.824637611730777,6.882998846201793e-21,14528551033418007e4,0.06992953055838086,0.11882499077491052
265,video,0.07537724159678526,0.00696651357055309,10.819937524474076,3.6722628933927915e-18,272311658786526370,0.054038220039553206,0.09671626315401731
265,swivel,0.04643971902609837,0.008138810121531557,5.705959265868629,4.68170401860752e-6,213597.4414498399,0.02150985376785962,0.07136958428433712
265,wifi,0.06855824504065905,0.007772976341248245,8.820076381404428,5.706697007413406e-13,1752327131966.0547,0.04474895965996864,0.09236753042134946
265,price,-0.2028432376980872,0.008672667528272048,-23.388794397668086,4.518085160613675e-51,22133270278247116e34,-0.2294083534436108,-0.17627812195256362
266,canon,0.16351679938072283,0.03294171684113295,4.9638214112916605,1.0066995505535579e-4,9933.450347227494,0.06262128960579735,0.2644123091556483
266,sony,0.12584030482878533,0.03329827972128511,3.7791833656903604,0.006527587060714197,153.19596517041137,0.023852696735691847,0.22782791292187882
266,nikon,0.13479617167193855,0.033188499413206785,4.061532580719777,0.0026370681137505253,379.20901427827243,0.03314480410329097,0.23644753924058615
266,panasonic,0.10567219006233511,0.033247838771305604,3.1783175679236932,0.03696898717406939,27.04969966560012,0.0038390749905451993,0.20750530513412502
266,pixels,0.08143307664013856,0.008683565107439612,9.377839128582231,2.1647125555271752e-14,46195509766259.414,0.05483662653997606,0.10802952674030106
266,zoom,0.0941915804788996,0.007953294112388525,11.843090315518594,5.744788481358408e-21,17407081274531814e4,0.06983184028292518,0.11855132067487402
266,video,0.07513228405575438,0.006944692622984456,10.818662269816421,3.518465902817616e-18,284214776445379800,0.05386173808496088,0.09640283002654788
266,swivel,0.04649618040197387,0.008105203573841226,5.736583909136579,4.061067677976054e-6,246240.66361247588,0.021671164439504897,0.07132119636444284
266,wifi,0.0685199820448003,0.007743128246219542,8.8491343376953715,4.692307726154389e-13,2131147525611.1484,0.0448039481956041,0.09223601589399649
266,price,-0.20360200997948594,0.00867103097027469,-23.480715347166615,2.0668144742748025e-51,48383636385693344e34,-0.23016006990815427,-0.1770439500508176
267,canon,0.16263977173563113,0.03283243401549478,4.953631267754188,1.0421617466314238e-4,9595.439510539481,0.06208658449082115,0.2631929589804411
267,sony,0.12404109087979438,0.033220794000687115,3.7338388383260437,0.0074959902705775,133.40465554299055,0.0222985055449431,0.22578367621464568
267,nikon,0.13296641539502957,0.033115664194889254,4.015212094569744,0.0030640745361694127,326.3628179392011,0.0315458024440233,0.23438702834603584
267,panasonic,0.10444639068444948,0.033135829221065394,3.152068112967275,0.039601911348915,25.25130646320175,0.00296401997122768,0.2059287613976713
267,pixels,0.08093339795588693,0.008665355629075782,9.339881872167203,2.6167910466891228e-14,38214744018833.42,0.05439472809357594,0.10747206781819792
267,zoom,0.09523190475430054,0.00799251745776826,11.91513252958124,3.412581297689376e-21,2930333119615611e5,0.07075388085546006,0.11970992865314103
267,video,0.07571036146787974,0.006943182606907759,10.90427340807019,1.965469497205343e-18,508784288650562940,0.054446048854997674,0.0969746740807618
267,swivel,0.04674162392060853,0.008076544725313954,5.787329298642814,3.221120981749401e-6,310450.9286257534,0.022006256641036524,0.07147699120018053
267,wifi,0.06925885332925355,0.007745444996261724,8.94188175923795,2.670237389535085e-13,3744985385640.6,0.04553751787675786,0.09298018878174924
267,price,-0.20309452617327398,0.008652056566158303,-23.473555058303585,1.587926184178108e-51,62975219500998926e34,-0.22959246609265443,-0.17659658625389352
268,canon,0.1631806973110509,0.032705155110661535,4.98944881193533,9.006453525482611e-5,11103.149504637177,0.06302476550116483,0.26333662912093697
268,sony,0.12389752226402384,0.03307716382490281,3.7457117823005452,0.00721309228384538,138.63679551689984,0.022602354780429365,0.2251926897476183
268,nikon,0.13265674528092952,0.03298618420315655,4.021585050999478,0.0029931011536603173,334.1016386222303,0.031640192858504335,0.2336732977033547
268,panasonic,0.10424400662756075,0.03300025301571468,3.15888507212111,0.038865649635798034,25.729661265688165,0.00318437001775132,0.2053036432373702
268,pixels,0.08132048461973772,0.008640520283313856,9.411526384213206,1.6568072471937225e-14,60357051292103.31,0.05485984386236033,0.10778112537711511
268,zoom,0.09514486521520671,0.00796289369617499,11.948528869713526,2.586830808549986e-21,38657340738899614e4,0.0707593811731669,0.11953034925724652
268,video,0.07506255437864845,0.006943294510065962,10.81079799651698,3.3417896714209395e-18,299240855447014660,0.05379948043409389,0.09632562832320302
268,swivel,0.04521138287445984,0.00818898396265962,5.521000295105728,1.0158471580970039e-5,98440.00566712314,0.0201335223175772,0.07028924343134248
268,wifi,0.06954442962039498,0.007724506251566735,9.003090599647003,1.817709512067819e-13,5501429097229.095,0.04588898084544778,0.09319987839534218
268,price,-0.20281221096487,0.008621297236948199,-23.524558473135567,8.98801891574844e-52,11125922290259544e35,-0.22921398326207765,-0.17641043866766237
269,canon,0.15970205360651024,0.03276758935566762,4.873780975251617,1.407642854556932e-4,7104.074707321687,0.059362260907429576,0.2600418463055909
269,sony,0.12069099881952718,0.03310459443391014,3.64574769403909,0.009770002338757636,102.3541208411994,0.01931924068281987,0.22206275695623448
269,nikon,0.12929815765617192,0.03303459205156018,3.914023138362483,0.004235671385066681,236.090080907978,0.0281407584232337,0.23045555688911012
269,panasonic,0.10118712619530427,0.033021751633831996,3.0642567758772175,0.04973145946599988,20.107996240964418,6.904645087132955e-5,0.20230520593973722
269,pixels,0.08103249273890706,0.008619147726713428,9.401450735988906,1.6998967770127674e-14,58827101358313.2,0.05463923302260783,0.10742575245520629
269,zoom,0.09515701858936507,0.007934058983835781,11.993485148425338,1.8202478194534084e-21,5493757439579212e5,0.07086161421709733,0.1194524229616328
269,video,0.07488611049539141,0.006919659238616918,10.822225186678331,2.961339562111657e-18,337685016873554700,0.05369696636840644,0.09607525462237639
269,swivel,0.04538188304823229,0.008162731579452857,5.5596441713785,8.546636254631366e-6,117005.09653234706,0.02038624526571494,0.07037752083074963
269,wifi,0.06956765888349202,0.007693812897385355,9.042026341338989,1.4060579420211968e-13,7112082440660.362,0.04600792786972332,0.09312738989726072
269,price,-0.20240027274545042,0.0085994191912559,-23.536504994576372,6.250465418486797e-52,15998808617392437e35,-0.22873312041444954,-0.1760674250764513
270,canon,0.1573245089008939,0.03274424042734581,4.804646766809925,1.827989236354514e-4,5470.491729996507,0.05706342217462419,0.2575855956271636
270,sony,0.11859053764651514,0.03305991557564405,3.5871397606920494,0.011627315619389853,86.00437390143499,0.017362870752014523,0.21981820454101575
270,nikon,0.1273514637206346,0.03298015283206763,3.8614576581587827,0.004999453928752109,200.0218452357267,0.026368026017187754,0.22833490142408147
270,panasonic,0.09879361681496689,0.0329996178034887,2.9937806371964246,0.05949057805496091,16.809384489021788,-0.002249421574350291,0.19983665520428406
270,pixels,0.08098924873663632,0.008586575895928091,9.432077433222581,1.3700347335805343e-14,72990850194471.9,0.054697619450150343,0.1072808780231223
270,zoom,0.09457912156923005,0.007927107644592635,11.931100952532903,2.5414459251902224e-21,393476796058587e6,0.07030674827028402,0.11885149486817609
270,video,0.07503166725677501,0.006896280445287351,10.880019722522846,1.9640045390848194e-18,509163792699774900,0.053915630885499236,0.09614770362805079
270,swivel,0.04575982571732844,0.008143430166841709,5.619232286617079,6.560106148544103e-6,152436.55778678702,0.020825084597935216,0.07069456683672165
270,wifi,0.06926020464706595,0.0076707365579126805,9.029146565543462,1.4705519201008928e-13,6800167925600.282,0.045772825698890095,0.0927475835952418
270,price,-0.20204415358510935,0.008576616767593519,-23.557558774052602,4.143792905082736e-52,2413248014333462e36,-0.22830528856124827,-0.17578301860897044
271,canon,0.15751702405059187,0.03261607207681573,4.829429603896377,1.6544324793713253e-4,6044.368763722496,0.057655439253720644,0.2573786088474631
271,sony,0.11964080187727127,0.03293971331981687,3.6321142420293664,0.010147089677938231,98.55042497300448,0.01878831519142929,0.22049328856311326
271,nikon,0.12766717777583694,0.03285315682675163,3.8859942272542978,0.00461365553197213,216.74786794768465,0.027079703644284067,0.2282546519073898
271,panasonic,0.09952030302350184,0.032888498779956817,3.025991052049853,0.054797459093552915,18.249021333137925,-0.0011753786030729713,0.20021598465007667
271,pixels,0.08075435734802677,0.008557568322443448,9.436600948453652,1.2892319841795416e-14,77565559361792.69,0.0545533993456634,0.10695531535039014
271,zoom,0.09401462082560887,0.007916384445700725,11.875954417128751,3.393749578010786e-21,29465933682300165e4,0.06977679431029062,0.11825244734092712
271,video,0.07481904442263466,0.006870407360944663,10.890044868074204,1.7546002184156003e-18,569930397536937200,0.05378371663551856,0.09585437220975077
271,swivel,0.04504582599389566,0.008145572993755597,5.53009911376742,9.560451637546933e-6,104597.56901783615,0.020106286176860676,0.06998536581093064
271,wifi,0.07033395607135084,0.007720041415069199,9.110567196448182,8.860511235739868e-14,11286030494114.014,0.04669727877340332,0.09397063336929837
271,price,-0.20235377738061083,0.008548803060126807,-23.67042215821138,1.6848939546742468e-52,59350916253559565e35,-0.22852789852217628,-0.17617965623904538
272,canon,0.15548777174498704,0.03256269884629623,4.775027170779877,2.0284797695256266e-4,4929.800213062301,0.05579652691556544,0.25517901657440867
272,sony,0.1179652387162102,0.03285965004654518,3.5899724601179344,0.011495225407567708,86.99263951289421,0.017364872841688986,0.21856560459073143
272,nikon,0.1274785849518622,0.032733150915130634,3.8944794921327377,0.004480483715493072,223.1901873768893,0.027265498274930938,0.22769167162879347
272,panasonic,0.0974502898948554,0.03282189188024423,2.9690637654410024,0.063251711954742093,15.809848762916026,-0.0030344787246966987,0.19793505851440749
272,pixels,0.08186809220416624,0.008598368973281383,9.521351370075369,7.510481592250225e-15,133147253969953.3,0.055544042391980755,0.10819214201635173
272,zoom,0.0940409879361086,0.007889259450287907,11.92012869251964,2.4013657638396774e-21,4164296897449909e5,0.06988788873834548,0.11819408713387172
272,video,0.07394267365423983,0.006900378040294183,10.715742416206437,4.975423700789403e-18,2.0098790779192122e+17,0.05281705136237699,0.09506829594610267
272,swivel,0.04545773161456578,0.00812380434875322,5.595621172430413,7.157915123229542e-6,139705.4844579961,0.020586569303951766,0.0703288939251798
272,wifi,0.07031704786794472,0.007692243192651136,9.14129287216541,7.173484719087781e-14,13940226252090.844,0.046767117224119734,0.09386697851176971
272,price,-0.2011039941994011,0.008607285942840999,-23.36439099791576,6.455127459697404e-52,15491560875342915e35,-0.22745534346239993,-0.17475264493640225
273,canon,0.15799150971010897,0.03253395362286454,4.856203815298799,1.4781087927612097e-4,6765.401876352625,0.058395069746545375,0.2575879496736726
273,sony,0.11998339171664009,0.03280439739032516,3.6575398806754547,0.009366626874453938,106.7620193911374,0.019559040188387916,0.22040774324489226
273,nikon,0.12911880897446415,0.03265667814017519,3.9538255673230416,0.0036912787811744256,270.90882571644664,0.029146671511541072,0.22909094643738723
273,panasonic,0.09929137047414434,0.032754048638372224,3.0314228195235047,0.05398947921553704,18.522127172366222,-9.7884803636121e-4,0.19956158898464987
273,pixels,0.08172492344087737,0.008569403175265925,9.536827917813692,6.613484698100838e-15,151206216639038.28,0.055491344246582176,0.10795850263517257
273,zoom,0.09352636259479118,0.007877000196829995,11.873347753936802,3.046033098141493e-21,3282958417655212e5,0.06941244191085673,0.11764028327872562
273,video,0.07440909396774249,0.006889804425670952,10.799884781997465,2.8000501446783315e-18,357136461252510700,0.05331728321530517,0.09550090472017982
273,swivel,0.04517973937774083,0.008096838224228497,5.579923684599214,7.604577448885891e-6,131499.74560999507,0.020392826866519966,0.06996665188896169
273,wifi,0.07020399505576842,0.007664138183343756,9.160063842317024,6.228050015552578e-14,16056390001731.16,0.04674171047461019,0.09366627963692666
273,price,-0.20156904547162757,0.008588972640602944,-23.468353423172328,2.747702430009667e-52,36394042858435794e35,-0.22786253281917554,-0.1752755581240796
274,canon,0.15904596201220544,0.032442951837632024,4.902327100449625,1.2296258301806303e-4,8132.555249372905,0.05973477166765723,0.25835715235675366
274,sony,0.11900974068984341,0.032715782354401875,3.6376859156428143,0.009931284437435921,100.69191012498902,0.018863388257753466,0.21915609312193335
274,nikon,0.12778991213111168,0.03257070084699265,3.9234621548805544,0.00406404814608545,246.0600770596713,0.028087669016506195,0.22749215524571717
274,panasonic,0.09836324480393786,0.03266404067167362,3.0113618150506056,0.05679656843576667,17.60669750903942,-0.0016247210507564641,0.1983512106586322
274,pixels,0.08131766506056472,0.008553417877724512,9.5070375635848,7.643683792010009e-15,130826971289066.98,0.05513477901485522,0.10750055110627421
274,zoom,0.09331186267785921,0.007850263327597798,11.88646275721975,2.6314744812995647e-21,38001508549919356e4,0.06928140455297377,0.11734232080274465
274,video,0.07381569429629334,0.006893433897098747,10.708116651029366,4.748927662176859e-18,210573853959613760,0.05271418881958631,0.09491719977300037
274,swivel,0.045545420559440886,0.00807640397359059,5.639319269859703,5.832842921573152e-6,171442.98474101446,0.020822722811871707,0.07026811830701006
274,wifi,0.06954897896126024,0.007661625505038623,9.077574845641013,9.823665506701647e-14,10179499692022.35,0.046095960484780193,0.09300199743774028
274,price,-0.20115832616211587,0.0085707849193565,-23.47023382978778,2.029075478689844e-52,4928352890281297e36,-0.2273943744966907,-0.17492227782754105
275,canon,0.15746280087880737,0.032359578581481856,4.8660337303934265,1.409593650076336e-4,7094.243081655805,0.05841335774110552,0.25651224401650924
275,sony,0.1172997882349485,0.03264377827401784,3.593327563075347,0.011330803710433083,88.25499281037129,0.017380438178814017,0.21721913829108297
275,nikon,0.12605454498520127,0.032496801468616665,3.878983139523337,0.004679211304975336,213.71122926992308,0.026585076273858962,0.22552401369654357
275,panasonic,0.09653060144122033,0.0325875165313693,2.962195703017084,0.06427569725016687,15.557979808572266,-0.0032165370310932168,0.19627773991353387
275,pixels,0.08123324141406625,0.008517979583918731,9.53667951581243,6.182431249299839e-15,161748664833636.47,0.055160555321414804,0.10730592750671769
275,zoom,0.09344028107136632,0.007821577254849886,11.946475503189241,1.6793513417551315e-21,5954680090676412e5,0.06949921306268897,0.11738134908004366
275,video,0.07419787519323044,0.006880600113714566,10.783634271280723,2.818295272903908e-18,354824425110582e3,0.053137044379239454,0.09525870600722143
275,swivel,0.04520646736310181,0.008053950052863404,5.6129560111972205,6.49427240359327e-6,153981.8378186141,0.020554129391942323,0.06985880533426131
275,wifi,0.06922390815997412,0.007640874835078031,9.059683564266523,1.0596159706372523e-13,9437381350515.137,0.04583595223855616,0.09261186408139208
275,price,-0.20094806401900472,0.008540835957449295,-23.52791518536758,1.1070973512116404e-52,9032629324833721e36,-0.22709071119179353,-0.17480541684621592
276,canon,0.1590771900781749,0.03228338825159867,4.927524609201991,1.10343611156905e-4,9062.599905109437,0.060267362594021184,0.25788701756232857
276,sony,0.11898261959004808,0.032564192489537715,3.6537868896418986,0.009429288546456378,106.05253992103256,0.01931333404370654,0.2186519051363896
276,nikon,0.12756830120711732,0.03241425233249285,3.9355620453179383,0.0038911743674859586,256.99182446200376,0.02835793778304764,0.226778664631187
276,panasonic,0.09812935583656068,0.03249729225845818,3.0196163746848854,0.05556484929814634,17.996989331047466,-0.0013351680459771365,0.1975938797190985
276,pixels,0.08049412277522455,0.008519653026023052,9.448051760952872,1.0190977500671259e-14,98126013911239.83,0.05441800464395936,0.10657024090648975
276,zoom,0.09335247385118864,0.007794510863525721,11.976694302657263,1.2977171233746768e-21,7705839600848668e5,0.06949579970825076,0.11720914799412652
276,video,0.07471568526097273,0.006875384144838117,10.867128830476705,1.5862714738184047e-18,630409117547101e3,0.05367218400440626,0.0957591865175392
276,swivel,0.04545680135669835,0.0080271153933003,5.662906178555515,5.183250761401262e-6,192929.11843023697,0.020888194089519068,0.07002540862387763
276,wifi,0.06928516144855366,0.007610790954741801,9.103542832875533,7.942590345234976e-14,12590350962767.873,0.04599079917792816,0.09257952371917917
276,price,-0.2015378782881841,0.008529140791988106,-23.629329519041328,4.755377483999511e-53,21028824806541962e36,-0.22764303564268418,-0.175432720933684
277,canon,0.1581058292786156,0.032170628198806055,4.91460186296528,1.1553059636674814e-4,8655.715727680763,0.05964739772447909,0.25656426083275213
277,sony,0.11888010109186055,0.03244044279585282,3.6645646867390527,0.009110980004019014,109.75767695230176,0.019595900085182805,0.2181643020985383
277,nikon,0.1272175970418635,0.03229008116023346,3.9398351589941845,0.0038293683646803433,261.1396723343107,0.028393578867722008,0.226041615216005
277,panasonic,0.09782093327110761,0.03236873158840274,3.0220811403729972,0.05519165316083221,18.118681770338213,-0.0012437950859608277,0.19688566162817606
277,pixels,0.0808740336518344,0.008491091044803101,9.524575019288323,6.21755371430382e-15,160834959527481.97,0.054886990399576285,0.10686107690409252
277,zoom,0.09307828250190874,0.007770884918050507,11.977822794120007,1.2105532951608296e-21,8260685456786467e5,0.06929543511419925,0.11686112988961822
277,video,0.07548852158699378,0.006894142884699608,10.949660146227586,8.956955365948187e-19,1116450801800037200,0.054388949295681624,0.09658809387830593
277,swivel,0.045884586878018434,0.008006888987376327,5.730638572654141,3.817114222225305e-6,261978.0131748373,0.021379447393225306,0.07038972636281156
277,wifi,0.06930041585410326,0.007582553718727092,9.139455970215922,6.233410326685891e-14,16042582592692.38,0.04609395741296651,0.09250687429524002
277,price,-0.20183734598684516,0.008502137770590086,-23.73959954930685,1.9428330902111893e-53,5147122545103956e37,-0.22785819782027472,-0.1758164941534156
278,canon,0.15754606740365465,0.032066934527519186,4.913037985232166,1.1569440095629275e-4,8643.46063192619,0.05941113239993677,0.2556810024073725
278,sony,0.11876150675320596,0.03233220758877053,3.6731641793136838,0.008861212607873665,112.85137195686357,0.01981475250303666,0.21770826100337526
278,nikon,0.12940846281106072,0.03225082581277392,4.012562765441019,0.0030106880606589857,332.14998693060147,0.03071076246690356,0.22810616315521787
278,panasonic,0.09802080487595675,0.032262347194223905,3.038241585023483,0.05292860807292127,18.8933742338788,-7.12154529797851e-4,0.19675376428171137
278,pixels,0.0805449919139649,0.008464434309948856,9.515696969766143,6.345620399636583e-15,157589004229952.12,0.05464115286326868,0.10644883096466112
278,zoom,0.09276774603612167,0.007750487712259271,11.969278512549222,1.2029431226688884e-21,8312944985972137e5,0.0690488087851365,0.11648668328710685
278,video,0.07563774099914919,0.00687150058696691,11.007456092285047,5.904455568743837e-19,1693636252076579e3,0.05460878162352484,0.09666670037477354
278,swivel,0.045891383835500864,0.007981264501087748,5.749888858995519,3.4778809310378172e-6,287531.40772464423,0.02146619681334988,0.07031657085765185
278,wifi,0.06908216589823972,0.007562253507962554,9.135129604621262,6.208482178798919e-14,16106996383348.855,0.04593928468991376,0.09222504710656568
278,price,-0.2012798851512839,0.008490996802291454,-23.705094918533565,1.7474530983872846e-53,5722614248833887e37,-0.22726501380755001,-0.17529475649501777
279,canon,0.1593539663232441,0.03201396684040996,4.977638888602144,8.923097644460273e-5,11206.870526860479,0.06138715248423869,0.2573207801622495
279,sony,0.12058560881035388,0.032277238761983795,3.7359332283522306,0.007291767305106121,137.14096434478122,0.021813149377397742,0.21935806824331
279,nikon,0.13137111216643862,0.032204303225364564,4.079303043668055,0.002405148693785452,415.77470972329144,0.03282184476007023,0.22992037957280703
279,panasonic,0.09980417669445917,0.03220707476664615,3.098827739482165,0.04520709778654452,22.12042022077429,0.0012464280189580235,0.1983619253699603
279,pixels,0.08066745773397767,0.008435112209567469,9.56329397046801,4.600560960788836e-15,217364797146071.25,0.054854940601526125,0.10647997486642921
279,zoom,0.09244309447152352,0.007729725201353564,11.959428319047573,1.2062821758432309e-21,8289934312433714e5,0.06878915137841647,0.11609703756463056
279,video,0.07575918114781795,0.006848062068029795,11.062864266593024,3.945554647266382e-19,2534497908153002e3,0.05480323947645342,0.09671512281918247
279,swivel,0.04619423687813365,0.007958229750768325,5.804586990426337,2.7037862344372885e-6,369851.7239504031,0.02184104077569241,0.07054743298057489
279,wifi,0.06945691155438069,0.007544377150448725,9.206447420281677,3.9415909793138515e-14,25370466018624.773,0.04637015709144042,0.09254366601732096
279,price,-0.20185854069311532,0.008481785149164148,-23.799063185773786,7.781624060110425e-54,1285078785964648e38,-0.22781388296209495,-0.17590319842413568
280,canon,0.15920421864330245,0.031894201868568645,4.991635134792205,8.399184154068585e-5,11905.918261306339,0.06160979558312142,0.2567986417034835
280,sony,0.12026594369135125,0.03214747589048771,3.741069566427061,0.0071643856362422235,139.57930948626432,0.02189651669323872,0.2186353706894638
280,nikon,0.13087115417615056,0.03208966149130176,4.078296500934563,0.002407507009305466,415.36743034799593,0.03267863591387582,0.2290636724384253
280,panasonic,0.09918461961682666,0.032090165293728705,3.090810493151621,0.046140946744200356,21.672723915785152,9.905597481058293e-4,0.1973786794855475
280,pixels,0.08028522417458522,0.008410887559742558,9.5453926359518,4.961356111999821e-15,201557795373999.16,0.05454839206322669,0.10602205628594376
280,zoom,0.09290844537335664,0.0077162983440411045,12.040546027500998,6.680969807804133e-22,14967886830320445e5,0.06929701630702653,0.11651987443968675
280,video,0.07656880002878355,0.006869029407800515,11.146960579588074,2.189864501733751e-19,4566492580743164400,0.055549965169700316,0.09758763488786679
280,swivel,0.04633143754657667,0.007930915083223068,5.841877899384582,2.268763767077691e-6,440768.67521913146,0.022063293603798672,0.07059958148935466
280,wifi,0.06936659904329119,0.007517109940529209,9.227828193558087,3.3662027597144115e-14,29707063756457.734,0.04636467503374632,0.09236852305283606
280,price,-0.2019125701376125,0.00845001765609058,-23.894928786578156,3.4234402038537984e-54,29210383136655656e37,-0.22776913809290628,-0.1760560021823187
281,canon,0.1613736952134337,0.031847506571753385,5.067074712736268,6.177078174978879e-5,16188.883670772373,0.06392793859991354,0.2588194518269539
281,sony,0.12324905132232002,0.03215583436919922,3.8328674637152416,0.005358410403184906,186.62251017682874,0.024859885357760195,0.22163821728687982
281,nikon,0.13364599265701213,0.032089867727400585,4.164741151079778,0.0017917790473738165,558.1045282707624,0.035458668846306274,0.231833316467718
281,panasonic,0.10161668848664895,0.03207008561583404,3.168581765072604,0.037539442456169504,26.638648167659525,0.0034898932082057937,0.1997434837650921
281,pixels,0.07952158181405787,0.008414661561277213,9.450360092912371,8.54764994855692e-15,116991220513051.98,0.053774729053765985,0.10526843457434976
281,zoom,0.09248183393057993,0.007699592440568018,12.01126353692525,7.609203477559895e-22,13141980010773456e5,0.06892292173453535,0.11604074612662452
281,video,0.0758215232750163,0.006882998286533097,11.015769599037181,4.834869112571402e-19,2068308317591983e3,0.054761193974522074,0.09688185257551053
281,swivel,0.04573870491129256,0.007927362952757679,5.769725088136846,3.1112808738886957e-6,321411.0331190158,0.02148286939898886,0.06999454042359626
281,wifi,0.06920266142396679,0.0074945535066212226,9.23372704762575,3.153402616248479e-14,31711776823147.117,0.046271119348991474,0.09213420349894211
281,price,-0.20261890454812756,0.008447877451187857,-23.984593256574442,1.5556171656722044e-54,6428316825418197e38,-0.22846738999092292,-0.1767704191053322
282,canon,0.16217746533544428,0.03175454204162901,5.107221043302584,5.2237233633578245e-5,19143.43334133217,0.06502181968507739,0.25933311098581113
282,sony,0.1243639961652416,0.03207908088467732,3.8767942452068342,0.004647631521445097,215.16335694553257,0.02621539710387462,0.2225125952266086
282,nikon,0.1352597873002118,0.03202294585503262,4.22383961527246,0.001458090738483524,685.8283737814852,0.037282938001180654,0.23323663659924293
282,panasonic,0.10287149634955295,0.031997046929104794,3.2150309551216782,0.033100007752268706,30.211473286783722,0.004973886954749374,0.20076910574435652
282,pixels,0.0790699191250549,0.008402707649617916,9.410052380990589,1.057125224324951e-14,94596172429673.17,0.053361140650477173,0.10477869759963263
282,zoom,0.09299354204691103,0.007689324465710061,12.093850696717043,4.1628320604604194e-22,24022107677565004e5,0.06946741837925259,0.11651966571456947
282,video,0.07723951051566763,0.007003446304209624,11.02878599486664,4.237041721160404e-19,2360137250964167e3,0.0558118877657898,0.09866713326554546
282,swivel,0.04511663349381908,0.007925201336002418,5.692805971863995,4.347107036184272e-6,230038.0440776454,0.020868825048052396,0.06936444193958577
282,wifi,0.06894295659010688,0.007472749816025316,9.225915263783978,3.2076766078609196e-14,31175212536991.47,0.04607946096142437,0.09180645221878939
282,price,-0.2028527649201291,0.008425076907045546,-24.077259728097157,6.941434312501867e-55,14406244516337935e38,-0.2286299839864575,-0.1770755458538007
283,canon,0.16291589968716663,0.031646170967336844,5.1480446040476115,4.399735286587368e-5,22728.640130884894,0.06609736543751601,0.2597344339368173
283,sony,0.12465466609982588,0.03196971016656782,3.8991490836280067,0.0043161909656139275,231.68576366679866,0.02684629358272167,0.2224630386169301
283,nikon,0.13494390953001043,0.03191327583496836,4.228456841216789,0.0014310906083607091,698.7677748409542,0.037308192632837536,0.23257962642718333
283,panasonic,0.10318348945365965,0.03188527452866983,3.236085966921239,0.03123347880660743,32.01692665078507,0.005633439964265671,0.20073353894305362
283,pixels,0.0791948185078778,0.008375573849108548,9.455449851511592,7.778002915616406e-15,128567707012841.88,0.05357052467443538,0.10481911234132021
283,zoom,0.09337668216087285,0.007671711129318189,12.17155867665882,2.345726835774171e-22,4263070979745881e6,0.06990579124348659,0.1168475730782591
283,video,0.07704975484266505,0.006980613130709566,11.037677264150734,3.8128256059755916e-19,2622726826091299300,0.055693214357032936,0.09840629532829716
283,swivel,0.044843416795325795,0.00790045864339589,5.676052343215678,4.647665686151706e-6,215161.77529283645,0.020672694007312507,0.06901413958333909
283,wifi,0.06883819954636249,0.007446718500680807,9.244098530120219,2.7916942441139832e-14,35820541669575.85,0.04605565277475396,0.09162074631797101
283,price,-0.20313552402157753,0.00840023907195592,-24.182112232941392,2.891334911593013e-55,3458610055827254e39,-0.2288352788239153,-0.17743576921923976
284,canon,0.16395839269603618,0.031562732967101784,5.194683010084455,3.6132426850261116e-5,27675.971064555644,0.06740055612173103,0.26051622927034135
284,sony,0.1250555196473196,0.03186962427422301,3.9239721990844987,0.003974576810087135,251.59911300797756,0.027558830258526762,0.22255220903611242
284,nikon,0.13567402147235455,0.03181835608507697,4.26401732099499,0.001260900958714911,793.0837018469581,0.03833417355334774,0.23301386939136137
284,panasonic,0.10439586515973992,0.031807808583125124,3.2820829164296677,0.027500783913165783,36.36259981379141,0.007088284534278164,0.20170344578520166
284,pixels,0.07932499761791323,0.008347256650886571,9.503121916047476,5.63696746896904e-15,177400349656957.06,0.05378877284358258,0.10486122239224388
284,zoom,0.09280826739282441,0.007665892348601551,12.106648929104118,3.3827250205058133e-22,29561965395888775e5,0.06935649655396814,0.11626003823168068
284,video,0.07737366543709966,0.00696388265957259,11.110707807625305,2.267976688268653e-19,4409216396149945300,0.05606950763598286,0.09867782323821644
284,swivel,0.04558051492368388,0.007906260801071848,5.765116541248495,3.1049066387741786e-6,322070.8756624004,0.021393400356024505,0.06976762949134326
284,wifi,0.06965292359215246,0.00746389000941594,9.331986873370726,1.5943700762159686e-14,62720695459448.84,0.04681912550220364,0.09248672168210127
284,price,-0.20340592919576067,0.008376591099647435,-24.282661858034576,1.2310049491321558e-55,8123444188465598e39,-0.22903189496027748,-0.17777996343124386
285,canon,0.16205525226923578,0.031508561303407054,5.143213322523634,4.440951572852771e-5,22517.696570098415,0.06566845882284643,0.2584420457156251
285,sony,0.12316752928898891,0.031809131511214214,3.872080859723145,0.004692110731384219,213.12370002508237,0.025861271502191405,0.2204737870757864
285,nikon,0.13384748462598228,0.03175899787737626,4.214474434702786,0.0014942930727576932,669.2127657090161,0.03669458897346074,0.23100038027850384
285,panasonic,0.10330613976545201,0.03171688164650791,3.2571341948689403,0.02943916053528322,33.96835989265003,0.006282080476049626,0.20033019905485439
285,pixels,0.07917420546359005,0.008324461432011855,9.511030366375934,5.203298199519389e-15,192185794789229.38,0.05370912196220529,0.10463928896497482
285,zoom,0.09338235402558684,0.00766076567075648,12.189689391238824,1.836939858986649e-22,5443836362458006e6,0.06994756018533138,0.1168171478658423
285,video,0.07755255003474275,0.0069417203134669704,11.171949680008057,1.4527967390103537e-19,6883275362258872e3,0.05631736396661857,0.09878773610286692
285,swivel,0.04579374507622998,0.007883708443808273,5.80865533049939,2.5344082043073086e-6,394569.4297787025,0.0216769544031269,0.06991053574933305
285,wifi,0.06954657805712348,0.0074367482198853885,9.351745682496066,1.3723554395306784e-14,72867419853123.66,0.04679706856094132,0.09229608755330565
285,price,-0.2033087906689795,0.008348377543436244,-24.353090119747545,6.178807367838911e-56,16184353071194032e39,-0.22884703515254007,-0.17777054618541893
286,canon,0.16117815446384365,0.031416178495937946,5.130418853607026,4.6556962402010244e-5,21479.064535293262,0.06507917310785767,0.25727713581982964
286,sony,0.12202668877478969,0.03172440410692125,3.846461177443121,0.005084888802138827,196.66113437512652,0.024984875774046164,0.21906850177553322
286,nikon,0.13283024081276792,0.03166522518591261,4.194830134094929,0.0015952746883444316,626.8512923237033,0.03596945027557488,0.22969103134996097
286,panasonic,0.10206565328374986,0.03163767364676418,3.2260795917966893,0.032031500306560434,31.219268233751386,0.005289140178558804,0.19884216638894092
286,pixels,0.07878152894739976,0.008302574765841862,9.48880692668011,5.7755443494824275e-15,173143852681109.53,0.05338477428697918,0.10417828360782033
286,zoom,0.09305225278023282,0.007640949136438909,12.178101322056458,1.864498409059084e-22,5363372771686346e6,0.06967934545162117,0.11642516010884447
286,video,0.07781785610001526,0.006924874217218214,11.237439650026657,9.036243098527512e-20,11066546009181112e3,0.056635351092951924,0.0990003611070786
286,swivel,0.04587988406832026,0.00785892838845849,5.837931305710687,2.2037078229527964e-6,453780.66438048857,0.021840199777051292,0.06991956835958923
286,wifi,0.06947557446455636,0.007411963095975333,9.373437720201457,1.1671122481730578e-14,85681561612034.55,0.04680311277531919,0.09214803615379354
286,price,-0.20336073357384776,0.008320064670249927,-24.442205876236176,2.79300548512203e-56,35803724888005675e39,-0.22881098812120862,-0.1779104790264869
287,canon,0.1586732894519991,0.031403309864670485,5.052756863393898,6.353212682426858e-5,15740.068056686101,0.06261878127100634,0.25472779763299186
287,sony,0.11962761377749824,0.031707166591496326,3.772888802040787,0.006411459603579,155.97072458224346,0.02264368737344173,0.21661154018155476
287,nikon,0.13038691279998701,0.031647820720434414,4.119933373984218,0.0020571983878012313,486.09798934793884,0.033584509887625805,0.22718931571234824
287,panasonic,0.0995504016434467,0.03161913753126797,3.148422424394148,0.03947787040585057,25.330647011086022,0.00283573310177182,0.19626507018512157
287,pixels,0.07859093458882467,0.008271905715267338,9.50094661303628,5.19683755278952e-15,192424717886982.53,0.0532893393549592,0.10389252982269015
287,zoom,0.093265389917533,0.007616423605175193,12.245299730198989,1.1215309715344893e-22,8916383277688628e6,0.06996874295114854,0.11656203688391746
287,video,0.07805331411158688,0.006905685009101052,11.302762000977433,5.615459006674903e-20,178079832621222e5,0.05693063054540934,0.09917599767776442
287,swivel,0.04545603270644261,0.007842578037500922,5.796057430233415,2.6424238327508493e-6,378440.4256447261,0.021467638505017855,0.06944442690786737
287,wifi,0.06971198978344914,0.00739050481884784,9.432642490897807,7.892236107621783e-15,126706802275500.64,0.04710636927265286,0.09231761029424543
287,price,-0.20294026047421013,0.00830023174992289,-24.44995110842483,1.9796883191367667e-56,5051300198791116e40,-0.22832849763656282,-0.17755202331185743
288,canon,0.15723987572400033,0.03131704290470431,5.020904310872226,7.190105988991467e-5,13908.000821282283,0.061454236861314834,0.2530255145866858
288,sony,0.11904069850451739,0.03159617450103932,3.7675668141597862,0.006509267872549825,153.62710823702477,0.022401313700266823,0.21568008330876795
288,nikon,0.12932233370867496,0.031546881980823366,4.099369750306451,0.002200894222837681,454.3607728274506,0.03283371395444537,0.22581095346290456
288,panasonic,0.09874053127193322,0.03150716956310389,3.1339067469761606,0.041012956945854225,24.38253845779058,0.0023733750707477935,0.19510768747311863
288,pixels,0.07930188945213787,0.00826822527474654,9.591162168058954,2.8925911146036567e-15,345710804043944.56,0.054012872139355975,0.10459090676491976
288,zoom,0.09309717017246384,0.007591431573255988,12.263453773388118,9.3390828136528e-23,10707689608856455e6,0.06987817962666562,0.11631616071826206
288,video,0.07824135469481155,0.006884609574992758,11.364675635203882,3.5614368100796924e-20,2807855518227273e4,0.05718423482345282,0.09929847456617029
288,swivel,0.045998019727578394,0.007830923704462199,5.873894506387274,1.8431858601532333e-6,542538.8842321441,0.022046523662022848,0.06994951579313394
288,wifi,0.06984055591829356,0.007365357935643383,9.482303036531626,5.647720390920197e-15,177062589997850,0.04731302937420931,0.09236808246237782
288,price,-0.20310568845317234,0.008271483399697384,-24.554929102632673,8.171766754124205e-57,12237255786764966e40,-0.22840467099737347,-0.1778067059089712
289,canon,0.15361625978093033,0.03141859832838954,4.889341598734664,1.2089205372050056e-4,8271.842269401553,0.05752493001745726,0.2497075895444034
289,sony,0.11552710014939227,0.03167875329899255,3.6468322808987015,0.009451590802225338,105.80229518236806,0.01864010672172474,0.21241409357705981
289,nikon,0.1260455362955984,0.031607147081452264,3.98788084134188,0.0031905815485417585,313.42248577129953,0.029377544893128188,0.2227135276980686
289,panasonic,0.09534608229785638,0.031570286810453305,3.0201208772764816,0.05520743730858679,18.113501527165855,-0.0012091748438835676,0.1919013394395963
289,pixels,0.07919015954626848,0.008240600830500867,9.60975554757641,2.4981963503945927e-15,400288792288904.4,0.053986925347965606,0.10439339374457136
289,zoom,0.09290793203635357,0.007569174819344861,12.274512645540282,8.152881928031322e-23,12265601401165762e6,0.06975820186695153,0.11605766220575561
289,video,0.07799876349031935,0.006864672468320866,11.362343046994381,3.437983119048923e-20,29086821120769147e3,0.057003698752640886,0.09899382822799782
289,swivel,0.045568426106050386,0.007815349711045309,5.830631742767602,2.226715694456279e-6,449091.9080912037,0.021665789252186225,0.06947106295991455
289,wifi,0.06956344032494004,0.007344334399097036,9.47171473203789,5.84420367158023e-15,171109710782822.06,0.04710136702489838,0.0920255136249817
289,price,-0.20251216913404962,0.0082626188889929,-24.50944087519606,7.793197445986785e-57,12831703635520797e40,-0.2277827438450385,-0.17724159442306076
290,canon,0.15392684006595714,0.03131028913189554,4.916174341844487,1.0826397129842933e-4,9236.683155132956,0.058171581256090385,0.24968209887582388
290,sony,0.11505080009528863,0.031576097913305234,3.6436041087524504,0.009532494112242386,104.9043396434644,0.018482626765514362,0.21161897342506292
290,nikon,0.12828051328801268,0.031577398600540665,4.062415492510402,0.002482495920691447,402.82040009212625,0.03170836210794342,0.22485266446808194
290,panasonic,0.09490293038093939,0.03145726603108452,3.016884248210286,0.055649562236206845,17.96959328728336,-0.0013018231928251522,0.19110768395470393
290,pixels,0.07896554928517417,0.008210107028564811,9.618090118732344,2.298435744317012e-15,435078510448919.9,0.05385684076877552,0.10407425780157283
290,zoom,0.09301865073354647,0.007544141567431469,12.329918507244589,5.288163827684495e-23,18910155444973524e6,0.06994664315020607,0.11609065831688686
290,video,0.07691651040439072,0.006926595525378013,11.104518824952331,1.7705304288994757e-19,5648024929012821e3,0.055733124188765484,0.09809989662001596
290,swivel,0.045413907478486476,0.007789857238303677,5.8298767344773355,2.2177851885791548e-6,450900.2969041648,0.021590435494453598,0.06923737946251936
290,wifi,0.06891890086204411,0.0073501092821474726,9.376581791707478,1.0157890022722827e-14,98445641541997.1,0.04644029602936411,0.0913975056947241
290,price,-0.20160169103137912,0.008282945738009348,-24.33937121020309,1.5043036392317367e-56,6647594102150217e40,-0.2269331598501454,-0.17627022221261285
291,canon,0.15105766337189191,0.03132426988552368,4.8223841744417575,1.5590102861708812e-4,6414.325863468943,0.05526437501869963,0.2468509517250842
291,sony,0.11256101690645869,0.031559980590583674,3.566574338770117,0.012021345670008314,83.18536272481285,0.01604689759311108,0.20907513621980628
291,nikon,0.1257832416826117,0.03155939317262635,3.9856039371413594,0.0032018899953024332,312.31553909319905,0.02927091876221996,0.22229556460300345
291,panasonic,0.09241574695203485,0.03143594941708784,2.939810906484021,0.06766635999879754,14.77839209937952,-0.003719070496947141,0.18855056440101683
291,pixels,0.07892227476760548,0.00817656342132202,9.652254951242707,1.8015909392347694e-15,555064958544225.75,0.053917385574039835,0.10392716396117113
291,zoom,0.0927560041079886,0.007523178243122581,12.32936414776332,4.988022153629048e-23,2004802643613857e7,0.06974924336273791,0.11576276485323928
291,video,0.07681535544140279,0.0069034011451464825,11.127175406199411,1.45650475187201e-19,6865751716324471e3,0.05570394569645003,0.09792676518635555
291,swivel,0.04521675997384252,0.007763965277451365,5.823926094203964,2.261729410235324e-6,442139.53953755856,0.021473644258612902,0.06895987568907214
291,wifi,0.06875850269301514,0.007326260829117572,9.385210859507021,9.354710274151242e-15,106898019360704.42,0.04635393847749953,0.09116306690853077
291,price,-0.20130371204619393,0.008257865110061626,-24.377210012902676,9.044639229625729e-57,11056272943695737e40,-0.2265572313320649,-0.17605019276032297
292,canon,0.15191648058842885,0.03123690346699653,4.863365562112672,1.3224056662661896e-4,7561.976067627556,0.0563949939933764,0.24743796718348132
292,sony,0.11329589180681952,0.03147575409320357,3.5994655273813767,0.010874045255590463,91.96209657908949,0.017044007369562214,0.20954777624407683
292,nikon,0.12631670482819152,0.03145972087253857,4.015188352750273,0.002896130442447484,345.2883148298087,0.030113849484821348,0.2225195601715617
292,panasonic,0.09346261856671881,0.03135851859679142,2.980453884587579,0.06104559787807092,16.381197576233824,-0.0024307633412839758,0.1893560004747216
292,pixels,0.07980780613549998,0.008202240597811146,9.730000624073078,1.0754621113430195e-15,929832849946909.25,0.05472560757055542,0.10489000470044454
292,zoom,0.09324756757127697,0.007512716280393645,12.411964473439568,2.6888947798422407e-23,3719000116689842e7,0.0702739130850612,0.11622122205749275
292,video,0.07712360546786683,0.006887247773130578,11.198029751267468,8.728743904536737e-20,11456402100195117e3,0.05606261437017422,0.09818459656555943
292,swivel,0.04466353334519274,0.007757074106883019,5.7577809274197636,3.0280022121837753e-6,330250.74947973917,0.020942640168302575,0.0683844265220829
292,wifi,0.06850438877943484,0.0073065190833968814,9.375790030454063,9.624278412995736e-15,103903893579147.95,0.046161278956830615,0.09084749860203906
292,price,-0.20139565434052073,0.008233281451235674,-24.461164789926464,4.1850371413189844e-57,23894650542691083e40,-0.22657277487708208,-0.17621853380395938
293,canon,0.1499556707279788,0.031191183173598837,4.807630088713846,1.6383117724738045e-4,6103.844315847333,0.0545785257076023,0.2453328157483553
293,sony,0.11200530388992497,0.03138983241489451,3.5682033089408383,0.011934640625030838,83.78970355443074,0.016020724474072184,0.20798988330577775
293,nikon,0.12468095005429253,0.03139488347885562,3.9713780157287366,0.00334318475584148,299.11598461697935,0.028680925374396857,0.22068097473418818
293,panasonic,0.0919046067444592,0.03129251412540611,2.9369518337883465,0.06812368114412792,14.679183262048328,-0.003782390481003109,0.18759160396992153
293,pixels,0.07920902227296,0.008201263658736725,9.65814849624782,1.629989667061929e-15,613500821635580.75,0.05413100234097598,0.10428704220494403
293,zoom,0.09315760386181478,0.0074880461861966995,12.440842583682171,2.078380077451884e-23,4811439499680013e7,0.07026047735509507,0.11605473036853449
293,video,0.07725768013278954,0.006864615454150282,11.254480407359202,5.739188041052155e-20,17424067530930242e3,0.056266895011377716,0.09824846525420136
293,swivel,0.044913539556514094,0.007736830792726978,5.805159859349018,2.42718884503107e-6,411999.2566903871,0.021255673536842525,0.06857140557618566
293,wifi,0.0686367736865552,0.007281180384962485,9.426599817291692,6.838754616139876e-15,146225454213540.47,0.04637220636857355,0.09090134100453684
293,price,-0.20134889609759116,0.008205858196861267,-24.53721369138537,2.0222353326145967e-57,494502288567511e42,-0.22644096531800925,-0.17625682687717306
294,canon,0.1478128144909038,0.03115343093584612,4.744672097121275,2.0833881759715577e-4,4799.873645887736,0.052555547295365226,0.2430700816864424
294,sony,0.1095810307967214,0.031366010422558356,3.4936234899007426,0.01488479975723782,67.18263035508718,0.013673763252658178,0.2054882983407846
294,nikon,0.12216501339935511,0.031384872562747496,3.8924807852927135,0.004322127461285644,231.36754039700253,0.026200071439540493,0.21812995535916974
294,panasonic,0.08976046806159,0.03126400721828291,2.8710480852594897,0.08023219903047277,12.463823902174147,-0.005834906179148877,0.18535584230232888
294,pixels,0.07918105189979398,0.008170735815081353,9.690810435168329,1.2882215201949257e-15,776264007644187,0.05419754474373947,0.10416455905584848
294,zoom,0.09317172528355785,0.007461141480624655,12.487596639938989,1.422633637358238e-23,70292166144542435e6,0.07035793154548861,0.1159855190216271
294,video,0.07762267146763495,0.006850137911321755,11.331548718069154,3.287302788619589e-20,304200757977613e5,0.05667713199595356,0.09856821093931634
294,swivel,0.04519631430283214,0.0077180250707032634,5.85594292436185,1.9124049915324476e-6,522901.79351533717,0.021597052382184283,0.06879557622348001
294,wifi,0.06841994635890215,0.0072592508822094315,9.425207568811537,6.697780082849668e-15,149303200109630.28,0.04622346975412424,0.09061642296368007
294,price,-0.20107206331432234,0.00818193422809848,-24.575125845402017,1.212237725609978e-57,8249207056287714e41,-0.226089811649884,-0.17605431497876067
295,canon,0.15043888012662965,0.031152949709572404,4.829041279529434,1.495055191446587e-4,6688.716280985045,0.055187436791342026,0.24569032346191727
295,sony,0.11185829084469662,0.03132960006988537,3.5703708504155793,0.01182977087416661,84.53249100401096,0.01606673166348195,0.2076498500259113
295,nikon,0.12395476009357186,0.03132499951399355,3.9570554514517586,0.0034919384767496836,286.37388850298584,0.02817726730391644,0.21973225288322729
295,panasonic,0.0915001478617949,0.03120853862924416,2.9318946634705316,0.06896575275634333,14.499950483147915,-0.0039212609143754185,0.18692155663796522
295,pixels,0.07931699495423879,0.008142412378564995,9.74121565778734,9.103318017863375e-16,1098500566538164.6,0.05442122943219849,0.10421276047627909
295,zoom,0.09383889870770594,0.007463449037914036,12.573127816778532,7.474970608187622e-24,13377979023819325e7,0.07101909192381622,0.11665870549159565
295,video,0.07714258424990734,0.00684324697189526,11.272804352484512,4.6205716441670345e-20,2164234378363964e4,0.05621907115565381,0.09806609734416089
295,swivel,0.044806928115717654,0.0077024327434924425,5.817243669355465,2.264953978552836e-6,441510.07458391605,0.021256418682410304,0.068357437549025
295,wifi,0.06842003308781287,0.007235581970964227,9.456051132082619,5.375826163491486e-15,186017919774124.72,0.046296939366984355,0.09054312680864139
295,price,-0.2016304944253238,0.008171889923365346,-24.673667452227303,5.1404380764699054e-58,19453594910080704e41,-0.22661638877029708,-0.17664460008035052
296,canon,0.15083875204588487,0.031049612615458248,4.857991431776796,1.3290633176515017e-4,7524.096005952769,0.05590751987489037,0.24576998421687937
296,sony,0.11249070102858258,0.031224267315342346,3.6026690359939746,0.010717011682579013,93.30959316070778,0.017025478753756693,0.20795592330340845
296,nikon,0.12446571427494804,0.031222993431887374,3.986347899232297,0.0031631426974876344,316.14128594143494,0.02900438677741038,0.2199270417724857
296,panasonic,0.09226253840901179,0.03111389939026384,2.965315830451087,0.06337474763563272,15.779155536041074,-0.002865244450719992,0.18739032126874355
296,pixels,0.07882505505904133,0.008135078940317444,9.689525527328865,1.219333798388923e-15,820119971513359.5,0.05395282630768608,0.10369728381039658
296,zoom,0.09383714607273405,0.007438573878450753,12.614937702585232,5.276196053048615e-24,18953048558955548e7,0.0710944151851757,0.1165798769602924
296,video,0.07674560555572177,0.006831654397177734,11.23382435555092,5.703862341294335e-20,1753197991403624e4,0.05585847315499106,0.09763273795645247
296,swivel,0.04534828407035537,0.007696908458473473,5.891753073980211,1.5993079026798072e-6,625270.4675093493,0.021815719818443755,0.06888084832226699
296,wifi,0.06845930642298695,0.0072097295654018,9.49540559073268,4.090170534321654e-15,244488583448721.12,0.04641624521833622,0.09050236762763768
296,price,-0.20201219159644535,0.008153705392023404,-24.775507807048015,2.1354933112299384e-58,46827587552781875e41,-0.22694136894916703,-0.17708301424372366
297,canon,0.1484264420137432,0.031040288626132343,4.781735240979211,1.784649984988811e-4,5603.339637527129,0.05352788622994771,0.2433249977975387
297,sony,0.11015664585794736,0.03120420130939269,3.5301863606677033,0.013313745824970715,75.11034183365895,0.014756964678592319,0.20555632703730242
297,nikon,0.12205915787774126,0.03121031141630913,3.910859979883396,0.004049555597080331,246.94067682907846,0.02664079644933831,0.2174775193061442
297,panasonic,0.08979192594788189,0.031096871061593808,2.8874906986632305,0.07701291128505866,12.984835702400083,-0.005279617641300888,0.18486346953706467
297,pixels,0.07958181586013975,0.008142899660363996,9.773154426488704,6.987636714920576e-16,1431099012152016.8,0.05468676971645357,0.10447686200382593
297,zoom,0.0946638652324054,0.007460792960419717,12.688177481215074,3.0019706332068414e-24,33311451782316555e7,0.07185420371560916,0.11747352674920164
297,video,0.07631685458228674,0.006822582428693141,11.185919024052767,7.476512765321376e-20,13375219589516947e3,0.055458375236389225,0.09717533392818425
297,swivel,0.0453471863840572,0.0076701343375005894,5.912176291665076,1.4450467108301122e-6,692019.1523951128,0.021897511670539556,0.06879686109757485
297,wifi,0.0683588206729292,0.007185448639957197,9.513507659465562,3.548545019003372e-15,281805639957994.8,0.046390961198307434,0.09032668014755096
297,price,-0.2011294918600511,0.00817260741492391,-24.610198636578424,4.093775256359104e-58,24427330211804877e41,-0.22611536264255658,-0.17614362107754564
298,canon,0.14896505453865733,0.0309503776522745,4.813028655490738,1.5735239454813777e-4,6355.162264112077,0.054345456046592786,0.24358465303072185
298,sony,0.11084841635913142,0.03112248188758088,3.561683054697652,0.012102303284598447,82.62889934948278,0.015702671342251326,0.2059941613760115
298,nikon,0.12339571282984167,0.03113932739932428,3.9626967932685453,0.003408558856215343,293.3791206734037,0.028198468746440913,0.21859295691324243
298,panasonic,0.09076830270362587,0.031021952792160877,2.925937748398697,0.06996576172785512,14.292705107530828,-0.0040701109212990805,0.18560671632855083
298,pixels,0.07989520220589785,0.008126894462428558,9.830963423391472,4.699185093164062e-16,2128028541490538.8,0.05505015832108236,0.10474024609071335
298,zoom,0.0945641457738105,0.007436138442059741,12.716835022724121,2.312970935212796e-24,4323443865099839e8,0.07183083887771866,0.11729745266990235
298,video,0.07666735414296535,0.006808587646430309,11.260390278321742,4.3537095841722156e-20,22968918359540355e3,0.05585255709457059,0.09748215119136011
298,swivel,0.0457559533493886,0.0076552077879743574,5.977101421239942,1.0615850410901455e-6,941987.6517599536,0.022352921069482674,0.06915898562929454
298,wifi,0.06822775157576846,0.007162939379370778,9.525105262270399,3.2052471370747964e-15,311988423118171.7,0.046329652117545736,0.09012585103399119
298,price,-0.20141852698051527,0.008153949618786195,-24.70195873131954,1.7984396943843704e-58,556037549172486e43,-0.22634628223190795,-0.1764907717291226
299,canon,0.1511902591612538,0.030936258134502095,4.887154047652478,1.1703025243345728e-4,8544.799137031632,0.05661781834143613,0.24576269998107148
299,sony,0.11372043098178419,0.031157856231924456,3.6498156399240913,0.009245240148375916,108.16376686285072,0.01847056263136003,0.20897029933220834
299,nikon,0.1260324204501231,0.031154634857510913,4.0453826862855555,0.002580760852330634,387.48262904597294,0.03079239987248901,0.22127244102775723
299,panasonic,0.09359136901982869,0.031055974296529613,3.0136349330469137,0.05596204605454931,17.86925372644961,-0.0013470452670870242,0.18852978330674441
299,pixels,0.07951424213074951,0.008109299890068143,9.805315281055828,5.35227614118392e-16,1868363988743676.2,0.054724033805964765,0.10430445045553424
299,zoom,0.09436560981813695,0.007414727781265963,12.726780079042271,2.0252467234206166e-24,4937670005514254e8,0.0716987151587994,0.1170325044774745
299,video,0.07628514114172186,0.006795999575940596,11.22500675423654,5.258644172085507e-20,19016308525081543e3,0.05550970460014633,0.09706057768329739
299,swivel,0.045722843032876354,0.007630981637227288,5.991738049770714,9.840630269305728e-7,1016195.0735199724,0.02239485824085237,0.06905082782490034
299,wifi,0.06810296283037684,0.0071405345065545,9.537516101611608,2.880287739983246e-15,347187534814079.6,0.04627427966814733,0.08993164599260635
299,price,-0.20213838707747903,0.00815941861372291,-24.773626240662882,8.857279840800827e-59,11290147968381064e42,-0.22708180882601392,-0.17719496532894413
300,canon,0.15276855151472982,0.030871703711051378,4.948497593284497,9.125179978112975e-5,10958.687964495284,0.05839735844236196,0.24713974458709767
300,sony,0.11493095098712897,0.03107895980190059,3.6980308131194444,0.007953134528502421,125.73658806049399,0.019926200248231885,0.20993570172602605
300,nikon,0.1280416663318935,0.031115185958473495,4.115086006645715,0.0020321062998959315,492.10024104113654,0.03292617646281401,0.223157156200973
300,panasonic,0.09464583386458844,0.030962425343528072,3.056796514307036,0.05001134092430089,19.99546465897883,-2.6846438626049185e-6,0.1892943523730395
300,pixels,0.078901498570826345,0.008101506328559932,9.739114600537667,7.880313814906331e-16,1268984996648749,0.054136139811703246,0.10366685732994944
300,zoom,0.0953617481874943,0.00745631343938084,12.789396390424942,1.2344948094648183e-24,8100479583494748e8,0.07256866874549364,0.11815482762949495
300,video,0.07569878941081917,0.006800123252070588,11.131973142952878,9.328239332697792e-20,10720136612433945e3,0.05491160674207244,0.09648597207956591
300,swivel,0.04548284820136778,0.007609339866446046,5.977239681713759,1.0450159073432368e-6,956923.2324341534,0.02222198484212982,0.06874371156060574
300,wifi,0.06771633838105699,0.007128409743613389,9.499501405867782,3.54673958829494e-15,281949090172910.06,0.04592562224469196,0.08950705451742202
300,price,-0.20215219724171504,0.008130654798448414,-24.86296642187934,3.9336309856677754e-59,25421805035691203e42,-0.22700665946935275,-0.17729773501407733
301,canon,0.15174927515730716,0.030779711890927035,4.930172046283462,9.780715764691621e-5,10224.200601043938,0.05766310439492009,0.24583544591969422
301,sony,0.11315655705117028,0.03101083709303741,3.6489359094590945,0.009247689471008786,108.13511884616892,0.018363892176352675,0.2079492219259879
301,nikon,0.1269379759342562,0.031027343314784288,4.091164836332322,0.0022007242806537843,454.3958590318834,0.032094855512504905,0.2217810963560075
301,panasonic,0.09299675545125434,0.030895351044796713,3.0100566041930934,0.056450680769685194,17.71457821881599,-0.0014428963708760928,0.1874364072733848
301,pixels,0.07884022275373129,0.008073212691296388,9.765656594025792,6.459242009349626e-16,1548169272110442.2,0.05416235472929783,0.10351809077816473
301,zoom,0.09463295857655601,0.007467760392728368,12.672200713443296,2.593391709852269e-24,3855954332702654e8,0.07180581250018414,0.11746010465292789
301,video,0.07528725948868158,0.006787477926674179,11.092081668922916,1.1631534698375668e-19,8597317773893148e3,0.054539573171213385,0.09603494580614977
301,swivel,0.04517370290931734,0.0075897659175796,5.951923076400145,1.1671062725100857e-6,856820.0030741917,0.021973615309457992,0.06837379050917669
301,wifi,0.06756752502375005,0.007106942242454131,9.50725680871975,3.282746103159184e-15,304623010301539.9,0.04584331318604716,0.08929173686145293
301,price,-0.2019248364028005,0.008104843600099762,-24.914094135057095,2.175944074323315e-59,4595706350178069e43,-0.22669939250207982,-0.1771502803035212
302,canon,0.14859362204927143,0.030836128211826175,4.818815806852277,1.515341424433727e-4,6599.172858840662,0.05433874348131386,0.242848500617229
302,sony,0.11048488887758974,0.031027013503793777,3.5609256709183557,0.012077942682123057,82.79555768054202,0.015646543089259307,0.20532323466592017
302,nikon,0.12407818318105009,0.031059002450811266,3.9949184903010027,0.0030399037154063657,328.95778735752583,0.02914205876448403,0.21901430759761614
302,panasonic,0.08991592383182964,0.030947965688286942,2.9053904459335964,0.07361407750037902,13.584358236301357,-0.004680801406719795,0.18451264907037906
302,pixels,0.0787668222281779,0.008047804810594795,9.787367373085733,5.456533346561018e-16,1832665424156622,0.05416759693145849,0.1033660475248973
302,zoom,0.09453524228682697,0.0074447516538026625,12.698239871915654,2.034728780050133e-24,4914659928166747e8,0.07177933213243035,0.1172911524412236
302,video,0.07508721031968181,0.006766368823356221,11.097120520609963,1.0762448538170841e-19,9291565915073425e3,0.054404870844038375,0.09576954979532525
302,swivel,0.04519217818716175,0.007564658461984413,5.9741201026155295,1.0446771450104822e-6,957233.538396177,0.022069756336906124,0.06831460003741738
302,wifi,0.06747478880331267,0.007083982193649334,9.52498001248544,2.8545011847969692e-15,350323904339569.06,0.04582162025850433,0.08912795734812101
302,price,-0.20145518778151772,0.008091967494767453,-24.895699088236036,1.8013092605254847e-59,5551517565108594e43,-0.22618940241299842,-0.17672097315003701
303,canon,0.14895685860975338,0.030745945926384174,4.844764215952396,1.3629976262651914e-4,7336.769930701516,0.054981290424963095,0.2429324267945437
303,sony,0.11164587521092671,0.030955596496195243,3.606645900835706,0.010503083865389435,95.21013188281552,0.01702950607418545,0.206262244347668
303,nikon,0.12473664175614811,0.030971723457559715,4.027436249296028,0.0027206899080229885,367.55383149366634,0.030070980255433102,0.2194023032568631
303,panasonic,0.09003076859257678,0.03085596598182901,2.917775079399415,0.0713585600282468,14.013735697639595,-0.004281077983091644,0.18434261516824518
303,pixels,0.07872511617517626,0.008020368006093747,9.815648872391165,4.41926068403521e-16,2262821932212661,0.0542107089024769,0.10323952344787563
303,zoom,0.09486989502411917,0.007428230234804793,12.771534002757289,1.150883072835433e-24,8688979998083542e8,0.07216536810552539,0.11757442194271296
303,video,0.07586210978736822,0.00678859846941198,11.174929571867771,6.124864295736282e-20,163268923475763e5,0.05511262951868895,0.0966115900560475
303,swivel,0.045069712045365015,0.007542616941321411,5.975341502291529,1.031111480838748e-6,969827.2384539442,0.022015559983884943,0.0681238641068451
303,wifi,0.0671788843373189,0.007066606628737843,9.506526663607088,3.1139321306973263e-15,321137378089246.44,0.045579666844902555,0.08877810182973525
303,price,-0.2013809289650491,0.008066831401367802,-24.96406816323237,9.00567830222218e-60,1110410528158936e44,-0.2260373524886431,-0.17672450544145513
304,canon,0.15151805426318407,0.030749881949360697,4.927435315449534,9.771176427688177e-5,10234.182213375469,0.05753403615746282,0.2455020723689053
304,sony,0.11440278385466394,0.030970715619070877,3.6939018543122715,0.00801508072314381,124.76480706082812,0.019743809154098735,0.20906175855522915
304,nikon,0.1273952196439669,0.030983237083422512,4.111746597069721,0.0020386401324822704,490.5230619503154,0.0326979743076226,0.2220924649803112
304,panasonic,0.09314692895411256,0.03091277195865205,3.0132182606821205,0.05594901469135442,17.873415743182445,-0.0013349465940434568,0.18762880450226857
304,pixels,0.07855099257402325,0.008001019404679816,9.817623055391989,4.2303687131800966e-16,2363860145061137.5,0.05409665633195229,0.1030053288160942
304,zoom,0.09439105538566463,0.007419558403763048,12.721923630628936,1.5228640901334267e-24,6566574170859754e8,0.07171389803904203,0.11706821273228722
304,video,0.0758015595287053,0.006766233338223143,11.202918335744432,4.856303911991625e-20,20591791990832976e3,0.055121226589075284,0.09648189246833533
304,swivel,0.0450784269679165,0.007519217865663585,5.995095204484842,9.331454244536266e-7,1071644.3265909147,0.02209667018617766,0.06806018374965535
304,wifi,0.06669906097593357,0.0070590876371252505,9.448680113439725,4.349544451316158e-15,229909134437608.38,0.045123647405565515,0.08827447454630163
304,price,-0.20201747311861046,0.00806615260302482,-25.04508444866932,4.176996957623043e-60,2394064468194056e44,-0.22667088263525922,-0.1773640636019617
305,canon,0.152834442249059,0.030678943545418703,4.981737458553452,7.819907140685442e-5,12787.875635980336,0.059070738249549656,0.24659814624856835
305,sony,0.1149109263524284,0.030870704082186638,3.7223293011556415,0.0073232971041145385,136.5505162200995,0.020561146819331105,0.2092607058855257
305,nikon,0.12810191016562095,0.030890163783518415,4.147012980033803,0.0018016488199233953,555.0471262443473,0.03369265617008363,0.22251116416115826
305,panasonic,0.09356523863828271,0.03080541808376091,3.0372981267086154,0.05254477428082911,19.031388252910407,-5.850080451048206e-4,0.18771548532167026
305,pixels,0.0780918164794002,0.007987807826669581,9.776376469482443,5.334824476445468e-16,1874475916527788.8,0.05367877084906414,0.10250486210973625
305,zoom,0.09469636310875426,0.007401746347334863,12.793786582925994,8.684473412415887e-25,11514802942114316e8,0.07207449046951231,0.11731823574799621
305,video,0.07626886350698564,0.006761137639511079,11.280477868292724,2.757429127111515e-20,36265664642758324e3,0.05560487592890862,0.09693285108506267
305,swivel,0.04551101025670172,0.007505003440760717,6.06408919275441,6.691562648749141e-7,1494419.2447887051,0.02257355414472715,0.0684484663686763
305,wifi,0.066937741148231,0.0070371831316336725,9.512007844066366,2.84258886669101e-15,351791992052679.9,0.04543007889226089,0.08844540340420112
305,price,-0.2021304177269602,0.008039493054710314,-25.142184507334402,1.761080606425232e-60,5678331794419518e44,-0.22670142832815596,-0.17755940712576443
306,canon,0.1514754677582,0.030618136628972826,4.947246450486614,8.952742137910393e-5,11169.762119758807,0.05790102458071254,0.24504991093568745
306,sony,0.11283619154719884,0.030854557877648323,3.6570347886572603,0.00896597603503274,111.53275405741687,0.018539203200871754,0.20713317989352592
306,nikon,0.1260549005601273,0.03086221991488878,4.084440487682319,0.0022295893077445127,448.51309455355056,0.03173449567225593,0.22037530544799866
306,panasonic,0.09155857518834157,0.030783820319055886,2.974243425260143,0.06182022931606007,16.17593482041991,-0.0025222266624703588,0.1856393770391535
306,pixels,0.07801928148910232,0.007966942203428766,9.792876551247584,4.657977657253156e-16,2146854436802317,0.05367089642743171,0.10236766655077294
306,zoom,0.09501604941586181,0.007384006207457446,12.867818193313646,4.868182746011949e-25,20541546038287232e8,0.07244921990383603,0.11758287892788759
306,video,0.07622572980043245,0.006740291881580376,11.308965715377896,2.174961468298861e-20,4597782602475927e4,0.055626205168492676,0.09682525443237222
306,swivel,0.0457103149462551,0.00748335699529087,6.108263306831374,5.383983328168054e-7,1857360.8777133015,0.022839851847267,0.0685807780452432
306,wifi,0.06703972388185554,0.00701387488070747,9.55815794009337,2.066073983639529e-15,484009773085875.8,0.045604081196215535,0.08847536656749555
306,price,-0.20193518422092135,0.008018480676894948,-25.183721500108188,1.0260231182351745e-60,9746369084938983e44,-0.22644107997683363,-0.17742928846500908
307,canon,0.1527448179876712,0.030540470794800594,5.001390417782147,7.16221231220347e-5,13962.16638672008,0.05941107156913289,0.2460785644062095
307,sony,0.11349167000262107,0.030763832833420324,3.689126469291215,0.008105431874964333,123.37405525407618,0.01947531407186756,0.20750802593337458
307,nikon,0.12675088777592977,0.03077152413322823,4.119096838594988,0.0019758382874205615,506.1142940526224,0.032711026712242214,0.22079074883961733
307,panasonic,0.09245583947843396,0.030696840557090092,3.0119008275944315,0.056100054507527856,17.825294623658763,-0.0013557835203023144,0.18626746247717024
307,pixels,0.07821391355086639,0.007944408562130481,9.84515246656593,3.234009859672959e-16,3092136522122804,0.05393526312778957,0.10249256397394321
307,zoom,0.09506977580876202,0.007359969285106826,12.91714301052034,3.2360700638157927e-25,3090167951496254e9,0.07257721138433477,0.11756234023318927
307,video,0.07634860079852791,0.006718390433607088,11.364120849037427,1.4315823367442458e-20,698527757945264e5,0.05581674478084756,0.09688045681620827
307,swivel,0.04534806032166755,0.007466070899370281,6.073885572864355,6.292105835315993e-7,1589293.0382500147,0.022531242180694817,0.06816487846264029
307,wifi,0.06683485395685934,0.006994046304326187,9.55596389396485,2.0362836867631106e-15,491090709266352.9,0.04546057493563911,0.08820913297807957
307,price,-0.20235396202412712,0.008003715241591953,-25.282503926748717,4.270541204349823e-61,23416235838713723e44,-0.22681385767485526,-0.17789406637339897
308,canon,0.15068148560468572,0.0305161119968531,4.937768140981538,9.228949460441085e-5,10835.469457129375,0.05742544337346167,0.24393752783590977
308,sony,0.11199628109693166,0.030705979846970818,3.647376884082083,0.009216591140691835,108.49998494399263,0.018160010157320536,0.20583255203654277
308,nikon,0.12448057868029798,0.030755759024509673,4.0473908831545256,0.002519765753116229,396.8622872039936,0.03049218452514492,0.21846897283545103
308,panasonic,0.0898424556382378,0.030713531372106723,2.925175049060966,0.06999925372212293,14.285866588945572,-0.004016892466218475,0.18370180374269407
308,pixels,0.07902357802492155,0.007957654657545913,9.930511114853013,1.812033863283069e-16,5518660662269223,0.05470529727925756,0.10334185877058553
308,zoom,0.09565617084324743,0.007359174057811753,12.998221008471532,1.7201278324414696e-25,5813521420560043e9,0.07316682335386238,0.11814551833263248
308,video,0.07611632255030301,0.006703601109671163,11.354542328076679,1.4595064200481037e-20,6851631388966697e4,0.05563038029628187,0.09660226480432416
308,swivel,0.04537850030690726,0.007444288797284556,6.095746893035627,5.628188656185638e-7,1776770.5759133608,0.02262904550963207,0.06812795510418244
308,wifi,0.06662957739174928,0.006976052722726376,9.5511860417404,2.040389152221667e-15,490102586024413.56,0.04531103368654517,0.0879481210969534
308,price,-0.20174055994983822,0.008001619088381658,-25.21246734211146,4.788585912517684e-61,20882991728015844e44,-0.22619319427301932,-0.17728792562665713
309,canon,0.15206102639679042,0.030444033954849493,4.994772592301892,7.29878472193027e-5,13700.91101598535,0.059028435694400194,0.24509361709918065
309,sony,0.11361537420635173,0.030634951481379423,3.7086846465354966,0.007605726186403012,131.4798844307241,0.019999366991881887,0.2072313814208216
309,nikon,0.1255512903752473,0.030671743845560973,4.0933861148367,0.002149926414207344,465.1321986611759,0.03182285098562773,0.21927972976486684
309,panasonic,0.09118396881112113,0.03063612928556357,2.976354093599189,0.061453813725137266,16.272383101766014,-0.0024356376035977317,0.18480357522584
309,pixels,0.07849268879278717,0.007947433499139121,9.87648261558774,2.48720511879723e-16,4020577122660405.5,0.05420647465452909,0.10277890293104526
309,zoom,0.0964710820789715,0.0073807422001079944,13.070647837768936,9.692848164540263e-26,1031688501691732e10,0.07391659507502016,0.11902556908292283
309,video,0.07665953429877845,0.006702460919022819,11.437520520441165,7.937093973355816e-21,12599069676595985e4,0.05617777737054161,0.09714129122701529
309,swivel,0.045473957663261136,0.007421371063886716,6.12743349871601,4.80125976299945e-7,2082786.7046611917,0.02279531469298041,0.06815260063354187
309,wifi,0.06637256882336497,0.006957872827671939,9.539204073894062,2.1403970189059244e-15,467203042784630.4,0.04511030982391411,0.08763482782281581
309,price,-0.20211412127630093,0.007982978125421617,-25.318135425258525,1.9090561056746402e-61,5238190732202763e45,-0.22650895468208163,-0.17771928787052024
310,canon,0.15080897305492946,0.030379784320673106,4.9641225712160715,8.233349983786568e-5,12145.72442528544,0.05797582763739122,0.2436421184724677
310,sony,0.11227386078703075,0.030580684771232738,3.6713978652514285,0.008535607367576203,117.1562792120279,0.018826813027580214,0.20572090854648128
310,nikon,0.12462800424303144,0.030591372739521137,4.073959194450399,0.0022933926636237692,436.0352310623986,0.031148296682449284,0.2181077118036136
310,panasonic,0.08996419813181403,0.030575010920030562,2.9424093540675047,0.06699845749708161,14.925716760621826,-0.0034655117345109565,0.183393907998139
310,pixels,0.07868188808464376,0.007929265636857292,9.922972906710282,1.7874436373126793e-16,5594582000378169,0.05445200343007249,0.10291177273921502
310,zoom,0.09629771955386945,0.007358600122242497,13.086418334214796,8.123315138124007e-26,1231024505385543e10,0.07381164828993374,0.11878379081780517
310,video,0.0773113650933976,0.006712232652797667,11.517980542759364,4.378732049605596e-21,22837661420503515e4,0.056800433766295004,0.0978222964205002
310,swivel,0.04497647207918644,0.007413836460319071,6.06655843029626,6.371150762583545e-7,1569575.1635211552,0.022321612157936075,0.0676313320004368
310,wifi,0.06675271916738965,0.006946317608798582,9.60979945443857,1.3297936921680503e-15,751996347921935.25,0.04552648181536233,0.08797895651941696
310,price,-0.2018873689172427,0.007963515146749067,-25.351539514514375,1.1644431555295428e-61,8587795765309295e45,-0.22622191164636452,-0.1775528261881209
311,canon,0.1530173644793368,0.030362693662485132,5.039650505989152,6.027394093754103e-5,16590.917807021306,0.06023948117113376,0.24579524778753986
311,sony,0.1145225018912158,0.030561002951585776,3.747341082772722,0.006715779109171071,148.90305111947467,0.0211386540303405,0.2079063497520911
311,nikon,0.12693308804687972,0.03057977987454501,4.150882987635251,0.0017560711466441312,569.4530098686546,0.03349186440813161,0.22037431168562782
311,panasonic,0.09215998980580174,0.030545886953358463,3.017099812702244,0.055300012620588486,18.083178513194312,-0.001177668796135914,0.1854976484077394
311,pixels,0.07812630887313175,0.007923728827254811,9.859790835396211,2.605778849503147e-16,3837624210476163.5,0.05391413597856384,0.10233848176769966
311,zoom,0.09633438029816745,0.007335583994007799,13.132475938774592,5.497408256540144e-26,18190389968042166e9,0.07391937445715165,0.11874938613918325
311,video,0.0776831693052618,0.006700663062872672,11.593355549496602,2.4945848535790117e-21,400868304225165e6,0.05720826208374276,0.09815807652678084
311,swivel,0.04469102315255895,0.007394368837133334,6.043926687579851,7.042560505590146e-7,1419938.1023510324,0.02209639117637812,0.06728565512873977
311,wifi,0.06650321390066428,0.006927364306859094,9.600074567294877,1.3754168768680299e-15,727052297247585.1,0.045335586138793973,0.0876708416625346
311,price,-0.2025248617911761,0.0079623814469086,-25.435212209006455,5.271231703547948e-62,18970898193052723e45,-0.22685514371373933,-0.17819457986861287
312,canon,0.1554783617547654,0.03036956641575031,5.119544995352024,4.31475996307279e-5,23176.26029161173,0.06268244781664015,0.24827427569289065
312,sony,0.11630328156756013,0.030518912554824622,3.8108592944991475,0.00547455400503356,182.6632816263304,0.023051032123066126,0.20955553101205415
312,nikon,0.12926190183094144,0.03057116481604127,4.2282295296486465,0.0013363967566414506,748.2807744259557,0.03584999267091003,0.22267381099097283
312,panasonic,0.094458843876775,0.030540213363804986,3.0929333319171817,0.04529350494011832,22.0782207365511,0.0011415086154505788,0.1877761791380994
312,pixels,0.07745241832486348,0.007925343450617532,9.772752286063827,4.4289501420249177e-16,2257871432128607.5,0.05323608679396041,0.10166874985576654
312,zoom,0.09613085081373876,0.007314608933757334,13.14230899892535,4.801626531775982e-26,20826276125022348e9,0.07378065286175334,0.11848104876572418
312,video,0.0778413245670388,0.006683019319251065,11.647628242343927,1.6391117034696404e-21,6100865474166399e5,0.05742098411481477,0.09826166501926281
312,swivel,0.044623220832780836,0.007372787219508053,6.052422171456389,6.715430416386325e-7,1489107.8277870314,0.022095255864839885,0.06715118580072178
312,wifi,0.06616313589770086,0.006914627670666103,9.568575351986697,1.6346229676824087e-15,611761867886766.5,0.04503510313433094,0.08729116866107077
312,price,-0.2031566335516678,0.007962616530258726,-25.51380350663034,2.4556021267018785e-62,4072320955932307e46,-0.22748685506846145,-0.17882641203487415
313,canon,0.1581777606443205,0.030390891847084964,5.204775214896913,3.0058720527738974e-5,33268.215760453735,0.06531959080004411,0.25103593048859685
313,sony,0.11979187617535048,0.030614301059241497,3.912938464397477,0.003918732946109233,255.18452360803602,0.026251088306187234,0.21333266404451373
313,nikon,0.13245577475490863,0.030639760515610553,4.323002938858617,9.50731009323164e-4,1051.822219106865,0.03883719652225241,0.22607435298756484
313,panasonic,0.09673361487244216,0.030527642696914405,3.1687220606201456,0.03692453684326437,27.08226251407717,0.0034576082070647413,0.19000962153781958
313,pixels,0.07744707717197825,0.007905417138703057,9.796709751445706,3.6864691075931994e-16,2712622758563883,0.05329238730472602,0.10160176703923049
313,zoom,0.09525316732595533,0.007343912009276208,12.970357924446752,1.5182467398841167e-25,6586544688225888e9,0.07281413420675446,0.1176922004451562
313,video,0.07713516869658957,0.00669848073407681,11.515322915565628,3.880838735409367e-21,25767625716468115e4,0.05666822534944395,0.09760211204373519
313,swivel,0.04430414809597254,0.007356942747070588,6.022086839484202,7.700139747735778e-7,1298677.7289256982,0.021825300072049723,0.06678299611989535
313,wifi,0.06590166863019022,0.006897827121721279,9.553975109446517,1.7451980601319604e-15,573000866116242.75,0.044825630268167355,0.08697770699221308
313,price,-0.20361431465697125,0.007950574143463002,-25.61001394149426,1.028892691675793e-62,971918653996138e47,-0.22790697996893095,-0.17932164934501155
314,canon,0.1581146027726707,0.030290584423760914,5.219925788181244,2.8069129717148842e-5,35626.32721701556,0.06556574780583264,0.25066345773950877
314,sony,0.1199462637134319,0.03052068362802167,3.9299992482247927,0.003698034668908848,270.4139061776462,0.026694371209080733,0.21319815621778304
314,nikon,0.1321830239013035,0.030544963841564514,4.327489945214257,9.333163353178593e-4,1071.44808481192,0.03885694643140977,0.2255091013711972
314,panasonic,0.09669878393755141,0.030430327771428987,3.1777108897375017,0.03601654276267529,27.765019163258536,0.0037229617443640395,0.18967460613073878
314,pixels,0.07827496826790592,0.007924527771225015,9.877556180966701,2.1230329377109206e-16,4710242513138830,0.05406262686440111,0.10248730967141073
314,zoom,0.09585986723293971,0.007345838386910378,13.049547537521837,8.134058972931822e-26,12293985122652266e9,0.07341563433307183,0.1183041001328076
314,video,0.07706188143498263,0.006676808134176535,11.541724711322237,3.0917759766835068e-21,32343869916237667e4,0.056661781555543404,0.09746198131442185
314,swivel,0.04419213883670453,0.0073330970042776444,6.026394961218399,7.491480326537261e-7,1334849.6644350444,0.0217868355380902,0.06659744213531886
314,wifi,0.0658774431580449,0.006876482584707596,9.580107612654729,1.4374864958864592e-15,695658709046394.75,0.044867264532542056,0.08688762178354775
314,price,-0.20337229709628485,0.007929282610957359,-25.648259379133197,6.075461146046953e-63,1645965591682959e47,-0.2275991662806546,-0.1791454279119151
315,canon,0.15936908631267718,0.030217176061705427,5.274122439080184,2.219105177603857e-5,45063.20881463487,0.06704727838005659,0.2516908942452978
315,sony,0.12086149172003109,0.030438130356978815,3.970726529605,0.003223751008303584,310.1976540446975,0.027864607467622662,0.2138583759724395
315,nikon,0.1331075818497851,0.03046082361699691,4.369795890072784,7.986942510528208e-4,1252.043568213772,0.0400413634283439,0.2261738002712263
315,panasonic,0.09732868993771425,0.030332477975943066,3.2087286114542444,0.03306488376216291,30.24356617107871,0.004654602852376899,0.1900027770230516
315,pixels,0.07778146123248306,0.007911191611647026,9.831826234365442,2.771164405820798e-16,3608591384544027,0.05361058864673375,0.10195233381823236
315,zoom,0.09576691828893992,0.0073217460677851755,13.079792361319813,6.15635467772474e-26,16243378628236847e9,0.07339696443153328,0.11813687214634656
315,video,0.07716958185777663,0.006657683765473212,11.591055474574889,2.1019869591565084e-21,4757403444602164e5,0.05682852150796133,0.09751064220759192
315,swivel,0.04388045621512379,0.0073158417439075935,5.998005117000525,8.51065193054012e-7,1174998.1178428195,0.021528541695803705,0.06623237073444388
315,wifi,0.06562267280920678,0.00685963270882329,9.566499489804867,1.525793571633872e-15,655396652988363.1,0.04466460273213938,0.08658074288627418
315,price,-0.20373882598433776,0.007911309460648427,-25.752857601861386,2.4144967272146894e-63,4141649846647662e47,-0.22791005863129365,-0.17956759333738187
316,canon,0.15893279875461802,0.030114609700138132,5.277597828335428,2.176420048327825e-5,45947.012883304145,0.06692704340756322,0.2509385541016728
316,sony,0.1211420757356659,0.030337595750901943,3.9931336922789713,0.00298532993089732,334.97135095531087,0.028455056369695822,0.213829095101636
316,nikon,0.13253534971673553,0.030360998607816,4.3653158919027195,8.099281032187816e-4,1234.6774930093707,0.039776830253334436,0.2252938691801366
316,panasonic,0.09742202057577434,0.03022517700980091,3.223207610800227,0.031754451337469805,31.491647875522073,0.005078461453624672,0.18976557969792401
316,pixels,0.07886169068684819,0.007954386589704193,9.91423911793818,1.5762696408226741e-16,6344092242226323,0.054559554487989846,0.10316382688570652
316,zoom,0.0956235561106433,0.007299520316117182,13.099978076574233,5.0026984565353544e-26,19989211996050534e9,0.07332215864798738,0.11792495357329921
316,video,0.07777695653765135,0.00666497509086298,11.669504458355117,1.1667869049719243e-21,8.5705452789947315e+20,0.057414213214388526,0.09813969986091417
316,swivel,0.044000327409827004,0.00729164727774197,6.034346661849603,7.113457808406155e-7,1405786.0845372197,0.021722983549386118,0.06627767127026789
316,wifi,0.06533758338335306,0.006843301837173154,9.547669376270395,1.6749916592839718e-15,597017898242837.6,0.04443001855464084,0.08624514821206528
316,price,-0.20349331758188893,0.007888623227795532,-25.79579626326696,1.3837723513449182e-63,7226622204353761e47,-0.22759453443140767,-0.1793921007323702
317,canon,0.15646172436588315,0.03011536053558537,5.195412626091675,3.07289669354704e-5,32542.584399272513,0.0644562958364409,0.2484671528953254
317,sony,0.11820744920986578,0.030373773941061076,3.8917603534958136,0.0041773321686576805,239.3872355909236,0.02541254196638154,0.21100235645335003
317,nikon,0.12994514485857814,0.03037178724403585,4.278481994308572,0.0011057654950521623,904.3508813347689,0.03715630717255272,0.22273398254460355
317,panasonic,0.09496871872653058,0.03023308963078923,3.1412177811233324,0.03972831025955844,25.17096733957883,0.002603616075245563,0.1873338213778156
317,pixels,0.0784282975824839,0.007939134349420389,9.878696357898226,1.9281443001489698e-16,5186333823265921,0.054173450720925664,0.10268314444404214
317,zoom,0.09523443894989612,0.007286142020946648,13.070626221134631,5.786445634563461e-26,17281766098808972e9,0.07297454874630895,0.1174943291534833
317,video,0.0777239320845209,0.006642730485702404,11.70059996439888,8.974637005174874e-22,11142511941412104e5,0.057429728260513443,0.09801813590852836
317,swivel,0.04369338008197403,0.007277568916138425,6.003842847174069,8.165864933942835e-7,1224610.017541836,0.02145968156819831,0.06592707859574976
317,wifi,0.06517702413607698,0.006823988688351542,9.55116239382596,1.5947085088621978e-15,627073847316138.1,0.044329058433990584,0.08602498983816338
317,price,-0.20304435770823173,0.007875580577537341,-25.781509783209252,1.1166245114932605e-63,8955561961135004e47,-0.22710504146123767,-0.1789836739552258
318,canon,0.15664650840191915,0.030029922285449328,5.216347445488412,2.800177247879462e-5,35712.02504260354,0.06490465312633549,0.24838836367750283
318,sony,0.11937470615613603,0.030307789914270227,3.938746655358371,0.003570353147215313,280.08433865427213,0.026783961178250063,0.211965451134022
318,nikon,0.1294526883928615,0.030286819442400668,4.274225249668557,0.0011203523037324997,892.5763767954588,0.03692600851567844,0.22197936827004455
318,panasonic,0.09492176946738644,0.030146551859766734,3.148677497477515,0.03892069144505036,25.69327426805447,0.002823609122939344,0.18701992981183352
318,pixels,0.07858005396672504,0.00791623345826409,9.92644473928343,1.3717211932554336e-16,7290111175046823,0.05439584405261235,0.10276426388083773
318,zoom,0.09490696892302189,0.007270685899225135,13.05337216302199,6.145135935262944e-26,1627303302212811e10,0.0726949163182724,0.11711902152777137
318,video,0.07742180331144292,0.006629034252720012,11.679197958537529,9.93676099042068e-22,10063641471944716e5,0.05717000594583324,0.09767360067705261
318,swivel,0.04403648257475047,0.0072631234867359265,6.063022700243339,6.118245529933214e-7,1634455.490724505,0.0218475332516387,0.06622543189786224
318,wifi,0.06613790973829883,0.0068691579994693205,9.62824115319641,9.467753876636786e-16,1056216725772373.4,0.04515253078652633,0.08712328869007133
318,price,-0.2028396551367885,0.00785408125996419,-25.8260194188153,6.337524960852828e-64,1577903055494131e48,-0.226833989168863,-0.17884532110471402
319,canon,0.15876219027574145,0.03001832539983197,5.288842337508612,2.0460542994889135e-5,48874.5582289674,0.0670582518695434,0.2504661286819395
319,sony,0.12075081264724552,0.0302569452529503,3.9908461226921554,0.00299400583145655,334.0006854674399,0.028317906851248242,0.2131837184432428
319,nikon,0.13049733390950183,0.030214078818840976,4.319090272185494,9.513343735886191e-4,1051.1551224915847,0.038195382148444715,0.22279928567055896
319,panasonic,0.09619550107583416,0.030090595541881905,3.1968626523839805,0.03410750339524355,29.319061803258652,0.004270782310742682,0.18812021984092564
319,pixels,0.07879546120302193,0.007898944001081949,9.975442437904233,9.666347421142706e-17,10345169239549070,0.05466472557733372,0.10292619682871014
319,zoom,0.09514506127115116,0.0072508653849160006,13.121890453114982,3.5351885280110006e-26,28287034540775366e9,0.0729941616525571,0.11729596088974523
319,video,0.07749283793611016,0.006609984724228966,11.723603180512562,6.9640850559122095e-22,14359388088619665e5,0.05729978506114878,0.09768589081107154
319,swivel,0.043923023193812846,0.007241349086683035,6.0655856620126265,6.001711329343854e-7,1666191.4329513854,0.02180119521780334,0.06604485116982235
319,wifi,0.06574263175735916,0.006858405380354617,9.585702231261212,1.2114334060615851e-15,825468403790380,0.04479067070731678,0.08669459280740154
319,price,-0.2030994785067887,0.007836555717679522,-25.916931598991855,2.7188752738194058e-64,3677991446055655e48,-0.22703962217832224,-0.17915933483525515
320,canon,0.15996124604827738,0.029951400169306776,5.340693428155672,1.6287346938285838e-5,61397.3536506029,0.06846418150049832,0.25145831059605644
320,sony,0.12249379995924989,0.030216093765559764,4.053925729435883,0.002412928950839877,414.4340842078779,0.03018813591612697,0.21479946400237282
320,nikon,0.13237180715286098,0.03017711578751189,4.386496313462801,7.426701307341395e-4,1346.4928218016341,0.040185215024681226,0.22455839928104074
320,panasonic,0.09866491072103677,0.03010235410704124,3.2776476673616055,0.02722388607808967,36.73244874488437,0.006706704386678211,0.1906231170553953
320,pixels,0.07862837097070417,0.007875515133482478,9.983901959177045,8.876213121986486e-17,11266065677523990,0.054569845745105844,0.1026868961963025
320,zoom,0.09485514504311109,0.007234290941037994,13.111878664573178,3.566089163786895e-26,28041923633173597e9,0.0727554641785124,0.11695482590770977
320,video,0.07756253619325146,0.006590304081423372,11.769189287013827,4.835392539297584e-22,20680844251483779e5,0.05743013922620034,0.09769493316030257
320,swivel,0.043015693663857796,0.00727738080111987,5.910875744916136,1.2414156452013247e-6,805531.9778395628,0.020784379697401444,0.06524700763031414
320,wifi,0.06590597291323023,0.006842192588718953,9.632288489203377,8.738240658659209e-16,1144395123758744.5,0.04500409408955175,0.08680785173690872
320,price,-0.2033980298509056,0.007818128007233518,-26.01620613818511,1.107467145136621e-64,9029613243078526e48,-0.2272812459568991,-0.1795148137449121
321,canon,0.16212916495243643,0.029930986143180814,5.416766563482385,1.1637868190573042e-5,85926.3899216546,0.07069682232926892,0.2535615075756039
321,sony,0.12512436713658462,0.03022096911229333,4.140316171584529,0.0017874892561705426,559.4439219972526,0.03280619261800462,0.21744254165516463
321,nikon,0.1344988868660458,0.030153741489648885,4.460437750725438,5.63834617636996e-4,1773.5697112585112,0.042386077416226436,0.22661169631586517
321,panasonic,0.10104590129902545,0.030094088520724635,3.3576661153714307,0.021660185058209644,46.16765726205003,0.009115318076804463,0.19297648452124644
321,pixels,0.0787779934006129,0.007851330843282062,10.03371211493638,6.210217897725942e-17,16102494573760126,0.05479396667069642,0.10276202013052937
321,zoom,0.09477912975595562,0.007212009060396537,13.141848403438416,2.7005147639669433e-26,37029977148913705e9,0.07274808539753917,0.11681017411437207
321,video,0.07738259815815722,0.006570166962275731,11.777873926563649,4.341962812017079e-22,23031058608616812e5,0.0573122351600081,0.09745296115630633
321,swivel,0.04286790481954375,0.007255781225016352,5.9081032751848355,1.2497179752430254e-6,800180.5365770912,0.020703146472094956,0.06503266316699255
321,wifi,0.06557836340143909,0.00682968839896148,9.60195539981164,1.0345355369004865e-15,966617350812368.9,0.04471522154850726,0.08644150525437092
321,price,-0.20412699678538723,0.007826169833191498,-26.082617824068432,5.490068081881351e-65,18214710365801462e48,-0.22803416236263935,-0.18021983120813512
322,canon,0.16282554365413,0.0298376001724275,5.457058969661868,9.70097043175338e-6,103082.47066981909,0.07168076745983117,0.2539703198484288
322,sony,0.12649990997106317,0.030153097970961266,4.195254169004062,0.0014714697580318005,679.5926280792708,0.03439138414304793,0.2186084357990784
322,nikon,0.13531218174090603,0.03006417644071964,4.500777927767746,4.8372781475058496e-4,2067.278269941145,0.043475284090957786,0.22714907939085427
322,panasonic,0.10168017179002298,0.02999763435451654,3.3896063465655812,0.019734506416204837,50.67266334965731,0.010046539936232418,0.19331380364381354
322,pixels,0.0784357683402765,0.007829074406427688,10.018523808622964,6.661055113600124e-17,15012636631068596,0.05452033176164131,0.1023512049189117
322,zoom,0.09444575756536613,0.007197051830657803,13.122839710983975,2.9082355545275104e-26,3438511018968909e10,0.07246095736115099,0.11643055776958128
322,video,0.0781414711969692,0.006594109806003878,11.850192595492128,2.4952205465699283e-22,40076617731232487e5,0.05799847514515376,0.09828446724878463
322,swivel,0.04314800916055642,0.0072371027856182905,5.962055595825028,9.628375503151168e-7,1038596.8013739397,0.02104086549355787,0.06525515282755498
322,wifi,0.0653363204595512,0.006811372490030896,9.592240118298808,1.0726863050617642e-15,932238992220955.9,0.04452965311391254,0.08614298780518986
322,price,-0.204384708436894,0.007804784167400972,-26.18710576143389,2.1603316152867425e-65,4628918972086927e49,-0.22822594573720245,-0.18054347113658553
323,canon,0.1619751411508932,0.02975907693789088,5.442881897477728,1.0276728305055048e-5,97307.2334225385,0.07107245869884542,0.252877823602941
323,sony,0.1257261545730418,0.030067739801131425,4.181430177479147,0.001542023291585243,648.4986351742924,0.03388062425308282,0.21757168489300077
323,nikon,0.13489878504066102,0.029974277599870668,4.5004849438387495,4.830486583918308e-4,2070.1848201570574,0.043338746264011935,0.2264588238173101
323,panasonic,0.10083551706238553,0.029908812023060168,3.3714317032933216,0.02079110743728363,48.09748605342451,0.009475450769854982,0.19219558335491607
323,pixels,0.07807505431102273,0.00781378022861711,9.991969575120814,7.702746418292639e-17,12982382460691938,0.05420692209863928,0.10194318652340617
323,zoom,0.09460794011941275,0.007177280524150977,13.181585950425731,1.7888487824754883e-26,55901874423178225e9,0.07268407286647895,0.11653180737234654
323,video,0.07844779205008123,0.00658028610196974,11.92163848720783,1.4395248062859328e-22,6946736837276634e6,0.05834751611681256,0.0985480679833499
323,swivel,0.04349140730360214,0.007220209639839107,6.023565723580748,7.140184910038621e-7,1400523.95365009,0.02143640789964464,0.06554640670755964
323,wifi,0.0664401037476693,0.006877870219671349,9.659982178443032,6.741065850629443e-16,1483444936095121.5,0.0454308213082291,0.08744938618710951
323,price,-0.2042984714175188,0.007780123431685283,-26.259027020766034,1.0331466467635631e-65,9679168036140867e49,-0.22806379489258044,-0.18053314794245717
324,canon,0.16094650578195654,0.029684284021785037,5.421943330815704,1.1214970837166678e-5,89166.52700388452,0.07027445336226261,0.25161855820165047
324,sony,0.12447625588338235,0.029997248562099375,4.149589107337476,0.0017211679301962742,581.0008323162078,0.032848238442465025,0.21610427332429966
324,nikon,0.133746087571332,0.029904346959047794,4.472463075501673,5.35187586899906e-4,1868.5037255675852,0.04240184247997124,0.22509033266269274
324,panasonic,0.0999318217311712,0.029832058518838824,3.349813143738125,0.022118193264528862,45.211649434482005,0.008808385106511385,0.191055258355831
324,pixels,0.07745659887688354,0.007818003234783141,9.907465698181188,1.3044865068051387e-16,7665851618880545,0.05357613746500118,0.1013370602887659
324,zoom,0.09503419342310657,0.007168180994212511,13.257783738975878,9.682986788121299e-27,10327391969869875e10,0.07313864484312077,0.11692974200309236
324,video,0.0787026275737683,0.006565119080859643,11.987996958535426,8.589777893493157e-23,11641744552644487e6,0.05864916019000479,0.09875609495753179
324,swivel,0.04338747632929674,0.007200870004420363,6.025310317039841,7.034186391710189e-7,1421628.5214996624,0.021392077618348066,0.06538287504024541
324,wifi,0.06607349304713668,0.006864877447307347,9.624861267268958,8.242184757431129e-16,1213270545893069.2,0.04510439952612691,0.08704258656814645
324,price,-0.20426416220567942,0.007756673597594035,-26.33398964590157,4.844817537927375e-66,20640612204103817e49,-0.22795728933407325,-0.18057103507728559
325,canon,0.1606169599425067,0.029592054760939998,5.427705552725351,1.0882825168256627e-5,91887.90452288363,0.07022872883456849,0.2510051910504449
325,sony,0.12416751583216463,0.029909845325652166,4.1513927765341005,0.0017072762389103878,585.7282947006963,0.032808600963359635,0.21552643070096963
325,nikon,0.13345345802473985,0.029816101578412663,4.475885543714484,5.271086992206814e-4,1897.14190162006,0.042380881213864935,0.22452603483561476
325,panasonic,0.09945397872708141,0.029744449098005808,3.3436147497433133,0.022504132459464195,44.436283060511684,0.008600262722284091,0.19030769473187872
325,pixels,0.07754855603616376,0.007795802148307037,9.94747616228363,9.743152505007196e-17,10263618469341218,0.05373646282582549,0.10136064924650202
325,zoom,0.0957155623511911,0.007178832648247273,13.333026000342862,5.2662442549717494e-27,18988864769345274e10,0.07378798788105062,0.11764313682133157
325,video,0.07832646556266441,0.006554626835331458,11.9497978344794,1.0723853177125275e-22,9325006445752817e6,0.058305512979126624,0.09834741814620221
325,swivel,0.04316194776725799,0.007180830833129971,6.010717808324224,7.49262583405411e-7,1334645.5864044128,0.021228269888671145,0.06509562564584484
325,wifi,0.06636384039247158,0.006850434391948593,9.68753754805241,5.343805954873528e-16,1871325434427506.2,0.04543935062616687,0.08728833015877628
325,price,-0.20433228946196508,0.0077332040236217795,-26.422720626251863,2.0874291807617983e-66,4790581683997798e50,-0.22795317818154784,-0.18071140074238232
326,canon,0.16111797372287817,0.029504609531051235,5.46077295323344,9.360365038042015e-6,106833.44035578106,0.07099888259831315,0.2512370648474432
326,sony,0.12525697459071267,0.02983276913506937,4.198637210766637,0.0014430717132267994,692.9662544378594,0.03413555041622919,0.21637839876519616
326,nikon,0.13426573196615538,0.029735346415128157,4.515357920896672,4.5336353357604937e-4,2205.7354108571135,0.04344187644672376,0.225089587485587
326,panasonic,0.10050772684648156,0.02967296471782869,3.38718182703505,0.01982634994563084,50.43792744212968,0.009874410431033653,0.19114104326192946
326,pixels,0.07709656333386929,0.007789967433529218,9.896904446870192,1.321212637844799e-16,7568804379825109,0.05330283089145927,0.10089029577627931
326,zoom,0.09554051394610015,0.007159227720361249,13.345086604017013,4.525371786095094e-27,22097631913308315e10,0.07367331741080135,0.11740771048139895
326,video,0.0781519809813824,0.00653636753286103,11.956485094891006,9.751922053842756e-23,10254388770529075e6,0.058187253073439,0.0981167088893258
326,swivel,0.04327510678309983,0.007161005336390805,6.043160806372304,6.373333377083545e-7,1569037.646132992,0.021402480684641303,0.06514773288155835
326,wifi,0.06640757020318894,0.006828781527309594,9.724658775158122,4.0851318420821624e-16,2447901410913355.5,0.045549690891764846,0.08726544951461303
326,price,-0.20477449241880533,0.00772256639239923,-26.516378366180216,8.716254645077363e-67,11472817634633531e50,-0.22836235463740873,-0.18118663020020193
327,canon,0.15919034136895363,0.029469036816222257,5.40195264479502,1.2074533028575908e-5,82818.93781178731,0.06918188679736144,0.24919879594054584
327,sony,0.123462665813743,0.0297924477886278,4.144092714022325,0.0017452925104082233,572.9698569359587,0.032466404209323244,0.21445892741816275
327,nikon,0.13367744110671184,0.029643066884816396,4.5095685148281115,4.6223113365097203e-4,2163.419828736794,0.043137439555120505,0.22421744265830318
327,panasonic,0.0988889502977338,0.02961648373906243,3.3389834920647585,0.02278184970953968,43.89459208754501,0.00843014270853383,0.18934775788693375
327,pixels,0.07849998700826799,0.007886201561675053,9.95409341168226,8.80857779301096e-17,11352570454602054,0.054412847023573935,0.10258712699296205
327,zoom,0.09554139303014197,0.007137606541841612,13.385634591941352,3.1597848701855112e-27,3164772416741428e11,0.07374071667353999,0.11734206938674396
327,video,0.07833654313383503,0.006518819853703582,12.016982351388211,6.052953334261108e-23,16520860888514865e6,0.058425851640196674,0.0982472346274734
327,swivel,0.04342785683502423,0.007138317539507743,6.083766461027875,5.207678568672818e-7,1920241.4027923595,0.021625008849891204,0.06523070482015726
327,wifi,0.06608309000097665,0.006816531700960919,9.6945327770809,4.84192571136491e-16,2065293975190102.5,0.045263085337505206,0.0869030946644481
327,price,-0.2038323638610466,0.007755001204755613,-26.283988677661345,2.651795116333587e-66,3771030400654087e50,-0.2275187733624471,-0.18014595435964612
328,canon,0.15861688434153498,0.0293889561603211,5.397159513807038,1.2275176600684673e-5,81465.22307012862,0.06885494656467986,0.2483788221183901
328,sony,0.12246429171705092,0.029722755427308706,4.120220011787098,0.0018937457470336893,528.0539911793186,0.03168283936914906,0.21324574406495278
328,nikon,0.13316963111300523,0.02955764946874847,4.505420204465396,4.683747965317662e-4,2135.0422939168075,0.042892457675113835,0.2234468045508966
328,panasonic,0.09800837239818484,0.029544868353180376,3.3172722662558307,0.024233272807103703,41.26557761966273,0.00777023599495652,0.18824650880141316
328,pixels,0.07835034050335432,0.0078620336054231,9.965658306180421,7.931269511444595e-17,12608322016507302,0.054337532173593564,0.10236314883311508
328,zoom,0.09505539234952709,0.007132372191364231,13.327318008532803,4.536140381173121e-27,22045173120091656e10,0.073271170230506,0.11683961446854818
328,video,0.07837088337390777,0.006500917125584038,12.05535801486886,4.3907087282318815e-23,22775366390625857e6,0.058515298325704734,0.0982264684221108
328,swivel,0.04352309129095683,0.007118967706598139,6.113680112724478,4.4761235378959615e-7,2234075.9622332905,0.021779810147210303,0.06526637243470335
328,wifi,0.06583795956273938,0.006801334356255374,9.680153351406169,5.180231995945401e-16,1930415473250437.5,0.04506481784394513,0.08661110128153364
328,price,-0.20387483516956717,0.007732093884087447,-26.36735122799518,1.177858593256392e-66,8489983481254134e50,-0.22749077192901268,-0.18025889841012166
329,canon,0.1557675715402773,0.029435040155615884,5.291909598790153,1.933003739612733e-5,51732.95734028661,0.06586675304957298,0.2456683900309816
329,sony,0.11953387277160618,0.029778127543184894,4.014150070324453,0.002724535729648214,367.0350104489611,0.02858519306538365,0.2104825524778287
329,nikon,0.1302279530531725,0.029612860575640373,4.397682308351474,6.98441508043292e-4,1431.7591215355094,0.03978403350943592,0.22067187259690907
329,panasonic,0.0953342925408613,0.02956923704264894,3.2241039024225304,0.031510561434874844,31.735391388273815,0.005023608464127735,0.18564497661759488
329,pixels,0.0781220274159433,0.007838503374565924,9.966446869109054,7.669512855707045e-17,13038637770270886,0.054181585500793494,0.10206246933109311
329,zoom,0.09493998952424029,0.007111369580198992,13.350450775135169,3.596896769835212e-27,2780174311329524e11,0.07322036752033381,0.11665961152814677
329,video,0.07791938430885662,0.006497725325360339,11.991794113663232,6.582406151625241e-23,15192013026317027e6,0.05807396123522025,0.09776480738249298
329,swivel,0.04328070210639415,0.007102038292229233,6.094124014193245,4.887919301761676e-7,2045860.2899593401,0.021589579823283654,0.06497182438950463
329,wifi,0.0656081371955517,0.0067850433482489515,9.669523660815447,5.409694274097568e-16,1848533298430838.8,0.04488518430411112,0.08633109008699227
329,price,-0.2034021850475732,0.007721701092214425,-26.341628951767884,1.0215397845128475e-66,9789143948778076e50,-0.2269858881667347,-0.1798184819284117
330,canon,0.15591808468925905,0.029343063039684016,5.313626749817939,1.7520421168964367e-5,57076.253496200065,0.06629999727778917,0.24553617210072892
330,sony,0.12007643986348014,0.02969558360263516,4.043579054389241,0.0024601589368734886,406.4778031255401,0.029381702117920377,0.2107711776090399
330,nikon,0.13040638320507122,0.02952554767554333,4.416730373238419,6.494854252711356e-4,1539.6804317549356,0.040230960520675915,0.22058180588946652
330,panasonic,0.0953402605658419,0.029479331163209138,3.234139202073508,0.03062905408260686,32.648739242909365,0.005305989997591298,0.1853745311340925
330,pixels,0.07841036614109942,0.007821383004271232,10.025128049384588,5.048945161556218e-17,19806117278005324,0.054522696854242575,0.10229803542795626
330,zoom,0.09562253172573394,0.0071227910127103005,13.424868363412576,1.958119057648261e-27,5106941766865899e11,0.07386846648968769,0.1173765969617802
330,video,0.07755858802764773,0.006487078085691985,11.955858554980605,8.112492453312237e-23,12326667861388413e6,0.057746084808664236,0.09737109124663122
330,swivel,0.04288042725021533,0.007090744497415565,6.047380111615134,6.084791176578002e-7,1643441.7730706504,0.02122423684765298,0.06453661765277768
330,wifi,0.06570113048669218,0.006765953761795835,9.710549731757794,4.0301427470296526e-16,2481301687730621.5,0.045036899393075855,0.08636536158030851
330,price,-0.20347360059096406,0.007698629907085965,-26.429845705881135,4.394698687203685e-67,2275468857311564e51,-0.22698636362557656,-0.17996083755635156
331,canon,0.15241455994564757,0.029463702804125812,5.172960131959548,3.191858213358648e-5,31329.712448215087,0.06242978911071627,0.24239933078057885
331,sony,0.11645974828382395,0.02982353985988916,3.904960605982766,0.003923283658449495,254.88852885931934,0.025376003052631532,0.2075434935150164
331,nikon,0.1267994752839774,0.02965606313852448,4.275667835332449,0.001085630816760345,921.1234469044662,0.03622721886640673,0.21737173170154805
331,panasonic,0.09183075840173978,0.029590849837571643,3.103349816102335,0.0438359318410092,22.812335862437042,0.0014576692097090366,0.1822038475937705
331,pixels,0.07832198089245043,0.007798540578198232,10.043158730417977,4.3514404275032156e-17,22980896019614896,0.05450454384316638,0.10213941794173448
331,zoom,0.09543742126812689,0.007104981192602655,13.432466417714304,1.7378191679492593e-27,5754338647214173e11,0.07373817631398216,0.11713666622227162
331,video,0.07734838001822339,0.006470810251400384,11.953430407186488,7.87890869423693e-23,1269211306803765e7,0.057585949564062974,0.0971108104723838
331,swivel,0.04271081083826363,0.007071093725810689,6.040198658711302,6.258494150924362e-7,1597828.4486409607,0.021115061223917958,0.0643065604526093
331,wifi,0.06566237335887934,0.006744368267705824,9.735881961442056,3.3250263634452476e-16,3007494950998955.5,0.04506447237438706,0.08626027434337162
331,price,-0.20275433457938688,0.007707804506511054,-26.30506967426498,7.051459454267873e-67,14181461390872117e50,-0.22629465558960712,-0.17921401356916664
332,canon,0.1510064569965879,0.029403458637502194,5.13566988354183,3.7236887022761375e-5,26855.09128055579,0.06120739006157823,0.2408055239315976
332,sony,0.11500624336173289,0.029758946288269313,3.864593935809724,0.004478501666338532,223.28896459193803,0.024121506208829496,0.20589098051463628
332,nikon,0.12569153805232045,0.029583690286074552,4.248676782270303,0.0011940201390783659,837.5068118799695,0.03534203811983633,0.21604103798480456
332,panasonic,0.09101176557349154,0.02951666281078044,3.0834029631646267,0.04623699313167927,21.627703971840898,8.669696118778353e-4,0.18115656153510523
332,pixels,0.07781414244503286,0.007790250208102483,9.988657663922005,6.081920178238893e-17,16442175673038254,0.05402247873287254,0.10160580615719318
332,zoom,0.09457613409812896,0.007135362605368366,13.254565931516023,6.026070041069234e-27,1659456317607894e11,0.07278451726473353,0.11636775093152438
332,video,0.0771860005763662,0.0064516540142156706,11.96375385386343,6.987498639180596e-23,14311272912351754e6,0.05748245080670915,0.09688955034602324
332,swivel,0.04271608849972341,0.007052350825984863,6.056999935728253,5.735025501807744e-7,1743671.4094554395,0.02117799219345896,0.06425418480598785
332,wifi,0.06543342391872348,0.006728354171093346,9.725026693725704,3.4789536720953233e-16,2874427469445761.5,0.04488482336049373,0.08598202447695322
332,price,-0.2025148751989835,0.0076875934797434545,-26.34307806891757,4.1379528346143266e-67,24166539348513476e50,-0.22599302210569278,-0.17903672829227424
