responseid,resp_order,contest,winner,orig_1ys,orig_3ys,orig_8ys,orig_FM_sp,orig_MD_sp,orig_law,orig_may,orig_leg,orig_1ch,orig_3ch,orig_45,orig_65,orig_cand_female
2usa voter,1,1,1,0,0,1,1,0,0,1,0,0,0,1,0,1
2usa voter,1,1,0,0,1,0,1,0,1,0,0,1,0,0,0,1
2usa voter,1,2,0,0,0,1,0,0,0,1,0,0,1,0,1,0
2usa voter,1,2,1,0,1,0,0,1,0,1,0,0,1,1,0,0
2usa voter,1,3,1,0,0,0,0,1,0,0,1,1,0,0,1,1
2usa voter,1,3,0,0,1,0,0,0,0,0,0,0,1,1,0,0
3usa voter,2,1,0,1,0,0,1,0,0,0,1,0,1,0,0,0
3usa voter,2,1,1,1,0,0,0,1,0,1,0,1,0,1,0,1
3usa voter,2,2,1,0,0,0,0,0,0,1,0,0,0,0,1,0
3usa voter,2,2,0,1,0,0,0,0,0,0,1,1,0,0,0,1
3usa voter,2,3,0,1,0,0,0,0,1,0,0,0,1,0,1,1
3usa voter,2,3,1,1,0,0,0,1,0,0,0,0,0,1,0,1
4usa voter,3,1,1,0,0,0,0,0,0,1,0,1,0,0,0,0
4usa voter,3,1,0,0,0,0,0,0,0,1,0,0,0,1,0,0
4usa voter,3,2,1,0,1,0,0,1,0,0,0,0,1,0,1,0
4usa voter,3,2,0,0,0,1,1,0,0,0,0,0,1,0,1,1
4usa voter,3,3,0,1,0,0,1,0,0,0,1,0,1,1,0,1
4usa voter,3,3,1,1,0,0,0,0,1,0,0,0,1,0,0,1
5usa voter,4,1,0,0,0,0,0,1,0,1,0,0,1,1,0,0
5usa voter,4,1,1,0,0,0,1,0,0,0,0,0,1,0,0,0
5usa voter,4,2,0,0,0,1,0,0,0,0,1,0,1,0,0,0
5usa voter,4,2,1,0,0,1,0,1,0,0,1,1,0,1,0,0
5usa voter,4,3,0,0,1,0,0,0,0,1,0,0,0,0,1,0
5usa voter,4,3,1,1,0,0,0,1,0,1,0,1,0,1,0,0
6usa voter,5,1,0,1,0,0,0,0,0,1,0,0,0,1,0,1
6usa voter,5,1,1,0,1,0,0,0,0,0,1,1,0,0,1,1
6usa voter,5,2,0,0,0,1,0,0,1,0,0,0,0,1,0,1
6usa voter,5,2,1,0,0,0,0,1,0,0,0,1,0,0,0,0
6usa voter,5,3,1,0,0,0,0,0,0,0,1,0,1,1,0,1
6usa voter,5,3,0,0,1,0,0,1,0,1,0,1,0,0,0,1
7usa voter,6,1,0,0,1,0,1,0,0,0,0,1,0,1,0,0
7usa voter,6,1,1,0,1,0,0,0,0,0,0,1,0,0,0,0
7usa voter,6,2,0,1,0,0,0,0,0,0,1,1,0,0,0,0
7usa voter,6,2,1,0,1,0,0,1,0,0,1,1,0,1,0,1
7usa voter,6,3,1,0,1,0,0,1,0,0,0,0,1,1,0,0
7usa voter,6,3,0,0,1,0,1,0,0,1,0,0,0,0,1,1
8usa voter,7,1,0,1,0,0,1,0,0,0,1,0,1,0,1,1
8usa voter,7,1,1,0,0,1,0,0,0,1,0,1,0,1,0,0
8usa voter,7,2,1,0,0,1,1,0,1,0,0,1,0,1,0,1
8usa voter,7,2,0,0,0,1,1,0,0,1,0,0,0,0,0,1
8usa voter,7,3,0,1,0,0,0,0,0,1,0,1,0,0,0,1
8usa voter,7,3,1,0,1,0,0,0,1,0,0,1,0,0,1,0
9usa voter,8,1,1,1,0,0,0,0,0,0,1,1,0,0,1,0
9usa voter,8,1,0,0,0,0,0,1,0,1,0,1,0,0,1,1
9usa voter,8,2,1,0,0,1,0,0,1,0,0,0,0,0,1,0
9usa voter,8,2,0,0,0,0,0,0,0,1,0,0,0,0,1,0
9usa voter,8,3,0,1,0,0,1,0,0,1,0,0,0,0,0,0
9usa voter,8,3,1,0,0,1,0,1,0,1,0,0,0,0,0,0
10usa voter,9,1,1,0,0,1,1,0,1,0,0,1,0,0,1,1
10usa voter,9,1,0,1,0,0,1,0,0,0,1,1,0,0,0,0
10usa voter,9,2,0,0,0,1,1,0,0,1,0,0,1,1,0,1
10usa voter,9,2,1,1,0,0,0,1,0,0,0,0,0,1,0,0
10usa voter,9,3,0,0,0,0,0,1,0,0,0,0,1,0,0,0
10usa voter,9,3,1,0,0,0,1,0,0,0,1,0,0,0,0,1
11usa voter,10,1,1,0,0,1,1,0,0,0,0,0,0,0,1,1
11usa voter,10,1,0,0,1,0,0,0,0,0,1,0,1,0,0,0
11usa voter,10,2,1,0,0,1,0,1,0,0,1,0,0,0,1,1
11usa voter,10,2,0,0,0,0,0,0,0,0,1,0,1,1,0,0
11usa voter,10,3,0,0,0,1,0,1,0,1,0,0,0,0,0,0
11usa voter,10,3,1,0,1,0,0,0,1,0,0,0,1,0,1,1
12usa voter,11,1,1,0,1,0,1,0,0,1,0,0,0,0,0,0
12usa voter,11,1,0,0,0,1,0,0,0,1,0,0,0,0,0,1
12usa voter,11,2,1,0,0,0,0,1,0,0,1,1,0,1,0,0
12usa voter,11,2,0,0,1,0,0,0,0,0,0,0,0,0,1,1
12usa voter,11,3,1,1,0,0,1,0,0,0,0,0,0,1,0,0
12usa voter,11,3,0,0,0,0,0,0,1,0,0,0,0,0,0,0
13usa voter,12,1,0,0,0,0,1,0,0,0,0,0,0,0,1,1
13usa voter,12,1,1,1,0,0,0,0,0,0,1,0,0,0,1,0
13usa voter,12,2,0,0,1,0,0,0,0,0,0,0,0,0,0,1
13usa voter,12,2,1,0,0,1,0,1,1,0,0,0,1,1,0,0
13usa voter,12,3,0,1,0,0,0,1,0,1,0,1,0,0,0,1
13usa voter,12,3,1,0,0,0,1,0,0,1,0,1,0,1,0,0
14usa voter,13,1,1,0,0,1,0,0,1,0,0,0,1,0,1,1
14usa voter,13,1,0,0,0,0,0,1,0,0,0,1,0,0,1,1
14usa voter,13,2,1,0,0,0,1,0,0,1,0,0,1,0,1,1
14usa voter,13,2,0,0,1,0,0,0,0,0,0,0,1,0,1,1
14usa voter,13,3,0,0,0,0,0,1,1,0,0,0,0,0,0,1
14usa voter,13,3,1,1,0,0,0,1,0,0,1,0,0,0,1,0
15usa voter,14,1,0,0,0,0,0,1,0,0,1,0,0,0,1,0
15usa voter,14,1,1,1,0,0,0,0,1,0,0,0,0,1,0,1
15usa voter,14,2,1,1,0,0,0,1,1,0,0,0,1,0,1,1
15usa voter,14,2,0,1,0,0,0,1,0,0,1,0,1,0,1,0
15usa voter,14,3,0,1,0,0,1,0,0,1,0,1,0,1,0,0
15usa voter,14,3,1,0,0,0,1,0,0,0,0,0,0,1,0,0
16usa voter,15,1,1,1,0,0,1,0,0,0,0,1,0,0,1,1
16usa voter,15,1,0,1,0,0,1,0,0,0,0,0,1,1,0,0
16usa voter,15,2,1,0,1,0,0,1,0,0,0,0,0,1,0,0
16usa voter,15,2,0,1,0,0,0,0,0,0,0,1,0,0,0,0
16usa voter,15,3,1,0,0,1,0,0,0,1,0,1,0,0,0,0
16usa voter,15,3,0,0,0,0,0,0,0,0,1,0,0,0,1,0
17usa voter,16,1,1,0,0,1,1,0,0,0,0,1,0,0,0,0
17usa voter,16,1,0,0,0,1,0,0,0,0,1,0,0,1,0,0
17usa voter,16,2,0,0,0,1,1,0,1,0,0,0,1,0,0,1
17usa voter,16,2,1,1,0,0,0,1,0,0,1,0,1,0,1,1
17usa voter,16,3,1,1,0,0,0,1,0,1,0,0,1,0,1,1
17usa voter,16,3,0,1,0,0,0,1,0,0,1,0,1,1,0,0
18usa voter,17,1,0,0,0,0,0,0,0,0,0,0,0,1,0,1
18usa voter,17,1,1,0,0,1,1,0,1,0,0,0,1,1,0,0
18usa voter,17,2,0,0,0,0,0,1,0,0,0,0,1,1,0,1
18usa voter,17,2,1,1,0,0,0,1,0,0,1,1,0,1,0,0
18usa voter,17,3,0,0,0,1,1,0,0,0,0,0,1,0,1,0
18usa voter,17,3,1,0,1,0,1,0,0,1,0,0,1,0,0,0
19usa voter,18,1,1,0,0,1,1,0,0,0,0,1,0,0,0,0
19usa voter,18,1,0,1,0,0,1,0,0,0,0,1,0,0,0,1
19usa voter,18,2,1,1,0,0,1,0,0,1,0,0,0,0,1,1
19usa voter,18,2,0,1,0,0,0,1,0,0,0,1,0,0,0,1
19usa voter,18,3,1,0,0,0,0,0,1,0,0,0,1,1,0,0
19usa voter,18,3,0,0,0,0,0,0,1,0,0,0,0,1,0,1
20usa voter,19,1,0,0,1,0,1,0,0,1,0,0,1,0,0,0
20usa voter,19,1,1,0,0,1,0,1,1,0,0,0,1,0,0,1
20usa voter,19,2,0,0,0,0,0,1,1,0,0,0,1,0,0,1
20usa voter,19,2,1,0,0,1,1,0,1,0,0,1,0,0,0,1
20usa voter,19,3,1,0,0,1,1,0,1,0,0,0,1,1,0,0
20usa voter,19,3,0,0,0,0,1,0,0,0,0,0,1,1,0,0
21usa voter,20,1,0,1,0,0,1,0,0,0,1,1,0,1,0,0
21usa voter,20,1,1,0,1,0,1,0,0,0,1,1,0,0,0,1
21usa voter,20,2,0,0,0,0,1,0,1,0,0,0,0,0,1,1
21usa voter,20,2,1,1,0,0,0,0,0,1,0,0,0,0,1,1
21usa voter,20,3,1,0,1,0,0,1,0,0,1,0,0,0,1,0
21usa voter,20,3,0,0,1,0,0,1,0,0,1,0,0,0,1,0
23usa voter,21,1,1,0,1,0,0,0,0,0,0,0,0,1,0,1
23usa voter,21,1,0,0,1,0,0,1,0,0,1,0,1,0,1,0
23usa voter,21,2,1,1,0,0,0,1,0,1,0,0,1,1,0,1
23usa voter,21,2,0,0,0,0,0,0,0,1,0,0,1,1,0,0
23usa voter,21,3,0,0,0,0,0,1,1,0,0,0,1,1,0,1
23usa voter,21,3,1,1,0,0,0,0,0,0,1,0,1,0,0,0
24usa voter,22,1,1,1,0,0,1,0,0,1,0,1,0,0,0,1
24usa voter,22,1,0,0,1,0,1,0,0,0,1,0,1,0,1,0
24usa voter,22,2,0,0,1,0,0,0,1,0,0,0,0,1,0,0
24usa voter,22,2,1,0,0,1,1,0,0,0,0,0,0,0,0,1
24usa voter,22,3,0,0,0,0,1,0,0,1,0,0,0,0,1,0
24usa voter,22,3,1,0,0,1,0,1,0,1,0,0,0,1,0,1
25usa voter,23,1,1,0,1,0,1,0,0,1,0,0,0,0,1,0
25usa voter,23,1,0,0,0,1,0,1,0,0,0,0,0,1,0,0
25usa voter,23,2,0,0,0,0,0,1,0,1,0,0,0,0,1,0
25usa voter,23,2,1,1,0,0,1,0,0,1,0,0,1,0,1,0
25usa voter,23,3,0,0,1,0,1,0,0,0,1,0,0,0,0,1
25usa voter,23,3,1,0,0,0,0,1,0,0,0,0,1,0,1,1
26usa voter,24,1,1,0,1,0,0,1,0,0,0,1,0,1,0,0
26usa voter,24,1,0,0,0,1,0,0,0,0,0,0,1,0,0,1
26usa voter,24,2,0,0,0,0,0,0,0,0,1,1,0,0,1,0
26usa voter,24,2,1,0,0,0,0,0,1,0,0,0,1,0,0,0
26usa voter,24,3,0,0,1,0,0,1,0,1,0,0,1,0,1,0
26usa voter,24,3,1,0,0,1,1,0,0,1,0,0,0,1,0,1
27usa voter,25,1,0,0,0,0,1,0,0,0,0,1,0,0,1,1
27usa voter,25,1,1,0,0,1,0,1,1,0,0,0,1,0,1,0
27usa voter,25,2,1,0,0,1,1,0,1,0,0,1,0,1,0,0
27usa voter,25,2,0,0,1,0,0,1,0,0,1,1,0,1,0,1
27usa voter,25,3,1,0,0,1,0,1,1,0,0,1,0,0,1,1
27usa voter,25,3,0,0,1,0,0,1,1,0,0,0,0,0,1,1
28usa voter,26,1,1,0,0,0,1,0,0,1,0,0,1,1,0,0
28usa voter,26,1,0,1,0,0,0,1,0,0,1,1,0,0,0,1
28usa voter,26,2,1,0,1,0,1,0,0,0,0,0,0,0,1,0
28usa voter,26,2,0,0,0,1,0,0,0,1,0,1,0,0,0,0
28usa voter,26,3,0,1,0,0,1,0,0,0,1,0,1,0,0,1
28usa voter,26,3,1,0,0,1,0,1,0,0,1,0,0,0,1,1
29usa voter,27,1,0,1,0,0,1,0,0,1,0,0,1,0,1,1
29usa voter,27,1,1,0,1,0,1,0,0,0,1,1,0,0,0,0
29usa voter,27,2,1,0,1,0,1,0,0,0,1,0,0,1,0,0
29usa voter,27,2,0,1,0,0,0,0,0,0,1,0,1,0,0,1
29usa voter,27,3,0,0,0,1,0,1,1,0,0,1,0,0,0,0
29usa voter,27,3,1,0,1,0,0,1,0,1,0,0,1,1,0,1
30usa voter,28,1,0,0,1,0,1,0,0,0,1,0,1,1,0,1
30usa voter,28,1,1,0,0,0,1,0,0,1,0,1,0,1,0,1
30usa voter,28,2,1,0,1,0,0,0,0,0,0,1,0,1,0,0
30usa voter,28,2,0,0,0,1,1,0,0,1,0,0,1,0,1,1
30usa voter,28,3,1,0,0,0,0,1,1,0,0,0,1,0,0,0
30usa voter,28,3,0,0,1,0,0,0,0,0,1,1,0,0,0,1
31usa voter,29,1,1,0,0,1,0,0,0,0,1,1,0,0,0,0
31usa voter,29,1,0,0,1,0,0,0,0,0,1,1,0,0,1,1
31usa voter,29,2,0,0,0,0,0,0,0,0,0,0,1,0,1,1
31usa voter,29,2,1,0,1,0,0,0,0,1,0,0,0,1,0,0
31usa voter,29,3,0,1,0,0,0,0,0,1,0,0,0,0,1,0
31usa voter,29,3,1,1,0,0,0,1,0,1,0,0,1,1,0,1
32usa voter,30,1,0,0,0,1,1,0,0,0,1,0,0,0,1,0
32usa voter,30,1,1,0,1,0,1,0,0,0,0,1,0,1,0,0
32usa voter,30,2,0,0,0,0,0,0,1,0,0,0,0,0,0,1
32usa voter,30,2,1,1,0,0,1,0,0,0,0,0,0,0,0,0
32usa voter,30,3,1,0,0,0,1,0,1,0,0,0,1,1,0,1
32usa voter,30,3,0,0,0,1,0,0,1,0,0,0,0,0,0,0
33usa voter,31,1,0,0,0,0,0,1,1,0,0,1,0,1,0,1
33usa voter,31,1,1,0,0,0,1,0,0,1,0,1,0,1,0,1
33usa voter,31,2,0,0,0,1,0,0,1,0,0,1,0,0,0,0
33usa voter,31,2,1,0,0,0,0,0,0,1,0,0,1,0,1,0
33usa voter,31,3,1,0,0,0,0,1,0,0,1,1,0,1,0,0
33usa voter,31,3,0,0,1,0,1,0,0,0,0,1,0,0,1,1
34usa voter,32,1,1,0,1,0,0,1,0,0,1,0,1,1,0,1
34usa voter,32,1,0,1,0,0,1,0,0,0,0,0,1,0,0,1
34usa voter,32,2,1,0,0,1,1,0,0,0,1,1,0,0,0,1
34usa voter,32,2,0,0,0,0,0,0,0,0,0,0,0,1,0,0
34usa voter,32,3,0,0,1,0,0,0,1,0,0,0,0,0,1,1
34usa voter,32,3,1,0,1,0,1,0,0,1,0,0,1,1,0,1
35usa voter,33,1,1,1,0,0,1,0,0,0,0,1,0,0,0,0
35usa voter,33,1,0,1,0,0,0,0,0,0,0,1,0,0,1,0
35usa voter,33,2,0,1,0,0,0,1,0,1,0,0,0,1,0,0
35usa voter,33,2,1,0,0,1,0,1,0,0,0,1,0,0,0,1
35usa voter,33,3,0,0,0,0,0,0,1,0,0,1,0,0,0,0
35usa voter,33,3,1,1,0,0,0,0,1,0,0,1,0,1,0,1
36usa voter,34,1,0,0,1,0,0,1,1,0,0,1,0,0,1,0
36usa voter,34,1,1,1,0,0,0,0,0,0,0,0,1,0,1,1
36usa voter,34,2,1,0,1,0,0,1,0,0,0,1,0,0,1,0
36usa voter,34,2,0,1,0,0,0,1,1,0,0,0,1,0,0,1
36usa voter,34,3,1,0,0,1,0,1,1,0,0,0,0,0,1,0
36usa voter,34,3,0,0,0,1,0,0,0,0,1,1,0,0,0,1
37usa voter,35,1,0,0,0,1,1,0,1,0,0,1,0,0,1,1
37usa voter,35,1,1,0,0,0,1,0,0,1,0,0,1,0,1,0
37usa voter,35,2,1,1,0,0,1,0,0,0,0,0,1,0,1,0
37usa voter,35,2,0,0,0,0,1,0,1,0,0,0,1,0,0,1
37usa voter,35,3,0,0,0,1,0,0,0,0,1,1,0,0,1,1
37usa voter,35,3,1,0,0,1,1,0,0,0,0,0,0,0,0,0
38usa voter,36,1,0,0,1,0,0,1,0,0,1,0,0,1,0,1
38usa voter,36,1,1,0,1,0,1,0,0,0,0,1,0,0,1,0
38usa voter,36,2,1,0,1,0,1,0,0,0,0,0,1,1,0,1
38usa voter,36,2,0,0,0,1,0,0,1,0,0,0,0,1,0,1
38usa voter,36,3,1,0,0,1,1,0,0,0,1,1,0,0,0,1
38usa voter,36,3,0,1,0,0,0,0,1,0,0,0,0,0,0,1
39usa voter,37,1,0,0,0,1,0,0,0,1,0,0,1,0,1,1
39usa voter,37,1,1,1,0,0,0,1,0,1,0,0,1,0,1,1
39usa voter,37,2,0,0,0,0,1,0,0,0,0,1,0,0,1,1
39usa voter,37,2,1,0,0,1,1,0,1,0,0,1,0,0,1,0
39usa voter,37,3,0,0,1,0,0,0,0,0,0,0,1,1,0,0
39usa voter,37,3,1,0,0,1,0,1,0,0,1,0,0,0,0,0
40usa voter,38,1,1,0,0,1,0,1,1,0,0,0,1,1,0,0
40usa voter,38,1,0,1,0,0,0,0,0,1,0,1,0,0,0,0
40usa voter,38,2,1,0,0,1,1,0,0,1,0,1,0,1,0,1
40usa voter,38,2,0,0,1,0,0,0,1,0,0,0,0,0,0,0
40usa voter,38,3,0,1,0,0,0,0,0,0,0,1,0,0,0,1
40usa voter,38,3,1,1,0,0,0,1,0,1,0,0,0,1,0,1
41usa voter,39,1,1,0,1,0,1,0,0,0,0,1,0,1,0,1
41usa voter,39,1,0,0,0,1,0,1,0,0,0,0,0,1,0,0
41usa voter,39,2,1,0,0,0,1,0,0,0,0,0,0,0,0,1
41usa voter,39,2,0,0,0,1,1,0,1,0,0,0,1,0,1,0
41usa voter,39,3,1,0,1,0,1,0,0,1,0,1,0,1,0,0
41usa voter,39,3,0,0,0,0,0,1,1,0,0,0,0,0,1,0
42usa voter,40,1,0,0,0,0,0,1,1,0,0,0,1,1,0,0
42usa voter,40,1,1,0,0,1,0,1,0,0,0,0,0,1,0,0
42usa voter,40,2,1,0,0,0,0,0,0,0,0,0,0,1,0,1
42usa voter,40,2,0,0,0,1,0,0,0,1,0,0,0,0,0,0
42usa voter,40,3,1,0,0,1,1,0,0,0,1,0,1,0,0,1
42usa voter,40,3,0,0,1,0,1,0,0,0,0,1,0,0,1,1
43usa voter,41,1,1,0,0,1,1,0,0,0,0,0,0,1,0,1
43usa voter,41,1,0,1,0,0,0,0,1,0,0,1,0,1,0,1
43usa voter,41,2,1,0,0,1,0,0,0,1,0,1,0,0,0,1
43usa voter,41,2,0,0,0,0,1,0,0,0,0,1,0,0,0,0
43usa voter,41,3,1,1,0,0,0,0,1,0,0,1,0,1,0,1
43usa voter,41,3,0,0,0,1,0,1,0,0,1,0,1,0,1,0
44usa voter,42,1,1,0,0,0,0,0,0,0,0,0,0,1,0,0
44usa voter,42,1,0,0,0,1,1,0,1,0,0,0,1,1,0,0
44usa voter,42,2,0,0,0,1,1,0,0,0,1,1,0,0,1,0
44usa voter,42,2,1,0,1,0,1,0,1,0,0,1,0,1,0,1
44usa voter,42,3,0,0,0,1,1,0,0,1,0,0,1,0,0,0
44usa voter,42,3,1,0,0,1,0,0,1,0,0,1,0,1,0,1
45usa voter,43,1,1,0,1,0,0,0,0,0,1,1,0,1,0,1
45usa voter,43,1,0,0,0,0,1,0,0,0,1,1,0,0,1,0
45usa voter,43,2,0,0,0,0,1,0,1,0,0,0,0,1,0,0
45usa voter,43,2,1,0,1,0,0,0,0,0,0,1,0,0,0,0
45usa voter,43,3,1,0,0,0,1,0,0,0,0,0,0,0,0,0
45usa voter,43,3,0,0,0,1,0,0,0,0,1,1,0,0,1,0
46usa voter,44,1,0,0,1,0,1,0,0,0,1,0,1,1,0,0
46usa voter,44,1,1,1,0,0,0,1,0,0,1,0,1,0,1,0
46usa voter,44,2,1,1,0,0,1,0,0,0,0,0,0,0,1,0
46usa voter,44,2,0,1,0,0,1,0,1,0,0,0,0,1,0,1
46usa voter,44,3,0,0,1,0,0,1,1,0,0,0,1,0,0,0
46usa voter,44,3,1,0,1,0,1,0,0,0,1,0,0,0,0,1
47usa voter,45,1,1,0,0,0,0,1,0,1,0,0,0,1,0,0
47usa voter,45,1,0,0,0,1,0,0,1,0,0,0,0,0,1,1
47usa voter,45,2,0,0,1,0,0,1,1,0,0,0,0,0,0,0
47usa voter,45,2,1,0,0,1,1,0,1,0,0,0,1,0,0,1
47usa voter,45,3,1,1,0,0,0,1,0,0,1,1,0,0,1,1
47usa voter,45,3,0,1,0,0,0,0,0,0,1,0,0,1,0,1
48usa voter,46,1,0,0,1,0,0,0,1,0,0,0,1,0,0,1
48usa voter,46,1,1,0,0,1,0,0,1,0,0,1,0,0,1,0
48usa voter,46,2,1,0,1,0,0,0,0,0,1,0,1,1,0,1
48usa voter,46,2,0,0,1,0,0,0,0,1,0,1,0,0,1,0
48usa voter,46,3,0,0,0,0,0,0,1,0,0,0,0,0,0,1
48usa voter,46,3,1,0,0,0,0,1,1,0,0,0,1,1,0,1
49usa voter,47,1,0,0,0,1,0,1,0,0,0,1,0,1,0,0
49usa voter,47,1,1,1,0,0,0,0,0,0,0,0,0,0,1,1
49usa voter,47,2,1,0,1,0,0,0,1,0,0,1,0,1,0,0
49usa voter,47,2,0,0,0,1,0,1,0,0,0,0,1,1,0,1
49usa voter,47,3,1,1,0,0,0,0,0,0,0,1,0,0,0,1
49usa voter,47,3,0,1,0,0,1,0,1,0,0,0,1,0,1,1
51usa voter,48,1,0,0,0,0,1,0,1,0,0,0,0,0,1,1
51usa voter,48,1,1,0,0,0,0,1,1,0,0,1,0,0,1,1
51usa voter,48,2,0,0,0,0,0,0,0,1,0,0,0,1,0,1
51usa voter,48,2,1,1,0,0,0,0,0,1,0,1,0,0,0,1
51usa voter,48,3,1,1,0,0,1,0,0,0,0,0,1,0,0,1
51usa voter,48,3,0,0,1,0,0,1,0,0,1,1,0,1,0,0
52usa voter,49,1,0,0,0,0,0,0,0,0,0,1,0,0,1,1
52usa voter,49,1,1,0,0,1,1,0,0,0,0,0,0,0,0,1
52usa voter,49,2,0,0,0,0,0,0,0,0,0,1,0,0,0,0
52usa voter,49,2,1,0,0,1,0,0,0,1,0,1,0,0,0,0
52usa voter,49,3,1,0,0,1,0,1,0,0,1,0,1,0,0,1
52usa voter,49,3,0,0,0,0,1,0,0,0,1,0,0,0,1,0
53usa voter,50,1,1,0,1,0,1,0,0,0,1,0,0,1,0,0
53usa voter,50,1,0,0,0,0,0,0,0,1,0,1,0,1,0,0
53usa voter,50,2,1,0,0,0,0,1,1,0,0,1,0,0,0,0
53usa voter,50,2,0,1,0,0,0,1,1,0,0,1,0,0,0,1
53usa voter,50,3,0,0,1,0,0,0,1,0,0,0,0,1,0,1
53usa voter,50,3,1,0,1,0,0,1,0,0,1,1,0,0,1,1
54usa voter,51,1,0,1,0,0,1,0,0,0,1,0,1,0,0,0
54usa voter,51,1,1,0,0,1,1,0,0,0,0,0,1,1,0,1
54usa voter,51,2,1,0,1,0,0,1,0,1,0,1,0,0,0,0
54usa voter,51,2,0,0,0,0,0,1,0,0,0,1,0,0,0,1
54usa voter,51,3,0,0,1,0,0,0,0,0,0,0,0,1,0,0
54usa voter,51,3,1,0,0,0,1,0,1,0,0,0,1,0,0,0
55usa voter,52,1,0,1,0,0,1,0,1,0,0,0,1,1,0,0
55usa voter,52,1,1,0,0,1,1,0,1,0,0,0,1,0,1,0
55usa voter,52,2,1,1,0,0,0,1,0,0,1,0,1,1,0,1
55usa voter,52,2,0,0,0,0,0,1,0,1,0,0,1,0,1,1
55usa voter,52,3,1,1,0,0,1,0,0,0,0,1,0,0,0,0
55usa voter,52,3,0,0,0,0,1,0,0,0,1,1,0,0,0,0
56usa voter,53,1,1,0,0,0,1,0,0,0,0,0,0,0,0,0
56usa voter,53,1,0,1,0,0,0,1,0,0,1,1,0,1,0,0
56usa voter,53,2,1,0,0,0,0,1,0,1,0,0,0,1,0,1
56usa voter,53,2,0,0,0,1,1,0,0,1,0,0,1,0,1,1
56usa voter,53,3,0,1,0,0,0,0,0,1,0,0,0,1,0,0
56usa voter,53,3,1,0,0,0,1,0,0,0,0,0,0,0,1,0
57usa voter,54,1,0,0,0,1,0,0,0,1,0,0,0,1,0,1
57usa voter,54,1,1,0,1,0,0,1,0,0,0,1,0,1,0,0
57usa voter,54,2,0,0,0,0,0,1,1,0,0,0,1,0,1,1
57usa voter,54,2,1,1,0,0,0,1,0,1,0,0,0,0,1,1
57usa voter,54,3,0,0,0,0,0,1,0,0,0,1,0,0,1,1
57usa voter,54,3,1,0,0,0,1,0,0,0,1,0,0,1,0,0
59usa voter,55,1,1,1,0,0,0,1,1,0,0,0,1,1,0,0
59usa voter,55,1,0,0,0,1,1,0,1,0,0,0,1,0,0,0
59usa voter,55,2,1,1,0,0,1,0,0,0,0,0,1,0,1,0
59usa voter,55,2,0,0,1,0,0,1,0,0,1,0,0,1,0,1
59usa voter,55,3,1,0,0,0,1,0,0,0,0,0,0,1,0,1
59usa voter,55,3,0,0,1,0,0,0,0,0,0,1,0,0,0,1
60usa voter,56,1,1,0,1,0,0,1,0,0,0,1,0,0,1,0
60usa voter,56,1,0,0,0,0,0,0,1,0,0,1,0,0,1,1
60usa voter,56,2,1,0,1,0,0,0,0,0,1,1,0,1,0,0
60usa voter,56,2,0,0,0,1,1,0,1,0,0,0,1,0,1,0
60usa voter,56,3,0,1,0,0,0,1,1,0,0,1,0,1,0,1
60usa voter,56,3,1,0,0,1,1,0,0,1,0,0,0,0,0,1
62usa voter,57,1,0,1,0,0,0,1,0,1,0,1,0,1,0,0
62usa voter,57,1,1,0,0,1,0,0,0,1,0,0,1,0,0,0
62usa voter,57,2,1,1,0,0,0,1,0,0,1,0,1,0,1,1
62usa voter,57,2,0,0,0,0,0,0,0,0,0,0,1,0,0,0
62usa voter,57,3,1,0,0,0,0,0,0,1,0,1,0,0,1,1
62usa voter,57,3,0,0,0,0,1,0,1,0,0,0,0,0,0,0
63usa voter,58,1,0,1,0,0,0,1,0,1,0,0,0,0,0,0
63usa voter,58,1,1,0,0,1,1,0,0,0,0,0,0,1,0,0
63usa voter,58,2,1,0,0,0,0,1,0,0,1,1,0,1,0,0
63usa voter,58,2,0,0,1,0,0,0,0,0,0,0,1,0,0,1
63usa voter,58,3,1,1,0,0,0,0,0,0,0,0,0,1,0,1
63usa voter,58,3,0,1,0,0,0,0,0,0,0,1,0,0,0,0
64usa voter,59,1,0,0,0,0,0,0,1,0,0,1,0,0,0,1
64usa voter,59,1,1,0,0,0,0,1,0,0,0,0,0,1,0,1
64usa voter,59,2,1,0,0,0,0,1,0,0,1,0,1,0,0,1
64usa voter,59,2,0,0,0,1,0,1,0,0,0,0,1,0,1,0
64usa voter,59,3,0,0,0,0,0,1,1,0,0,0,1,1,0,0
64usa voter,59,3,1,1,0,0,1,0,0,0,1,1,0,0,0,1
65usa voter,60,1,0,1,0,0,1,0,0,0,0,1,0,0,0,0
65usa voter,60,1,1,0,1,0,1,0,1,0,0,0,0,0,0,1
65usa voter,60,2,1,0,1,0,1,0,0,1,0,0,1,0,1,1
65usa voter,60,2,0,0,0,1,0,0,0,0,1,0,0,0,0,0
65usa voter,60,3,0,0,0,1,0,1,1,0,0,0,0,0,1,0
65usa voter,60,3,1,0,0,1,0,0,1,0,0,1,0,1,0,0
66usa voter,61,1,1,0,0,1,0,0,0,1,0,0,0,0,1,1
66usa voter,61,1,0,0,1,0,0,0,0,0,1,0,0,0,0,1
66usa voter,61,2,0,0,1,0,0,0,0,0,1,0,0,0,1,1
66usa voter,61,2,1,0,0,1,0,0,0,0,0,1,0,1,0,1
66usa voter,61,3,1,0,0,0,0,0,1,0,0,0,0,1,0,0
66usa voter,61,3,0,0,0,1,0,0,0,1,0,0,1,1,0,1
67usa voter,62,1,0,0,1,0,1,0,1,0,0,0,0,0,0,1
67usa voter,62,1,1,1,0,0,1,0,0,1,0,0,1,1,0,0
67usa voter,62,2,0,0,0,0,0,0,0,0,0,0,0,0,1,1
67usa voter,62,2,1,0,1,0,0,1,0,0,1,0,1,1,0,1
67usa voter,62,3,0,1,0,0,1,0,0,0,1,0,1,0,0,0
67usa voter,62,3,1,0,0,1,0,1,0,0,0,0,1,1,0,1
68usa voter,63,1,0,0,1,0,0,0,0,1,0,0,0,0,0,1
68usa voter,63,1,1,0,0,1,0,0,0,0,1,0,1,0,0,1
68usa voter,63,2,0,1,0,0,0,0,0,0,1,1,0,0,1,0
68usa voter,63,2,1,0,1,0,1,0,0,0,1,1,0,1,0,0
68usa voter,63,3,1,0,0,0,1,0,1,0,0,0,0,0,0,0
68usa voter,63,3,0,1,0,0,0,0,0,0,0,1,0,0,0,1
69usa voter,64,1,0,0,1,0,1,0,1,0,0,1,0,0,1,0
69usa voter,64,1,1,1,0,0,1,0,0,1,0,0,0,1,0,1
69usa voter,64,2,0,0,1,0,1,0,0,0,0,0,0,1,0,1
69usa voter,64,2,1,0,1,0,0,0,0,0,0,1,0,0,0,1
69usa voter,64,3,0,0,0,0,1,0,1,0,0,0,0,0,1,0
69usa voter,64,3,1,1,0,0,0,0,0,1,0,1,0,1,0,1
70usa voter,65,1,1,1,0,0,0,1,1,0,0,0,1,0,0,1
70usa voter,65,1,0,0,1,0,0,0,1,0,0,0,1,1,0,0
70usa voter,65,2,0,0,0,0,0,1,0,1,0,0,1,0,0,0
70usa voter,65,2,1,0,0,0,1,0,0,0,1,0,0,1,0,1
70usa voter,65,3,1,0,0,1,0,1,0,0,1,0,0,0,0,1
70usa voter,65,3,0,0,0,1,0,1,0,1,0,0,0,1,0,0
71usa voter,66,1,0,1,0,0,0,0,1,0,0,1,0,0,0,1
71usa voter,66,1,1,0,0,0,0,1,0,0,0,0,0,0,0,1
71usa voter,66,2,0,0,0,1,0,1,0,0,1,0,0,1,0,0
71usa voter,66,2,1,0,1,0,1,0,0,0,1,0,1,0,1,1
72usa voter,67,1,0,0,0,0,1,0,1,0,0,0,1,0,1,1
72usa voter,67,1,1,0,0,1,0,0,0,1,0,0,0,1,0,0
72usa voter,67,2,1,0,0,1,1,0,0,1,0,1,0,0,0,0
72usa voter,67,2,0,1,0,0,0,0,1,0,0,1,0,0,0,1
72usa voter,67,3,0,0,0,1,0,0,0,1,0,0,1,0,1,1
72usa voter,67,3,1,0,1,0,0,1,0,0,0,0,0,0,0,1
73usa voter,68,1,1,1,0,0,0,0,0,0,0,0,0,1,0,0
73usa voter,68,1,0,0,1,0,0,1,0,0,1,0,0,0,0,0
73usa voter,68,2,1,1,0,0,1,0,0,0,1,0,0,0,0,0
73usa voter,68,2,0,0,0,1,0,1,1,0,0,0,0,0,0,1
73usa voter,68,3,0,0,0,1,1,0,0,0,1,1,0,0,0,1
73usa voter,68,3,1,1,0,0,0,0,0,0,0,0,0,0,1,0
74usa voter,69,1,1,0,0,0,1,0,0,0,1,0,0,0,0,0
74usa voter,69,1,0,0,0,1,0,0,1,0,0,0,0,0,0,0
74usa voter,69,2,1,0,1,0,1,0,0,0,1,1,0,0,0,0
74usa voter,69,2,0,0,0,1,0,0,0,1,0,0,0,1,0,0
74usa voter,69,3,1,0,1,0,0,1,1,0,0,1,0,0,0,1
74usa voter,69,3,0,1,0,0,0,0,1,0,0,0,0,1,0,1
75usa voter,70,1,0,1,0,0,1,0,0,0,1,1,0,1,0,0
75usa voter,70,1,1,0,0,1,1,0,0,1,0,0,1,1,0,0
75usa voter,70,2,1,1,0,0,0,0,1,0,0,0,0,0,0,1
75usa voter,70,2,0,0,0,0,0,0,0,0,1,0,1,0,0,1
75usa voter,70,3,0,0,0,1,0,0,0,0,0,0,1,0,1,1
75usa voter,70,3,1,0,0,1,0,0,1,0,0,0,0,0,0,0
76usa voter,71,1,1,0,0,1,0,1,0,0,1,1,0,1,0,1
76usa voter,71,1,0,0,0,0,0,1,1,0,0,0,1,1,0,1
76usa voter,71,2,0,0,0,0,1,0,0,0,1,1,0,0,0,1
76usa voter,71,2,1,0,0,0,0,1,0,0,0,0,1,0,0,1
76usa voter,71,3,0,0,0,0,0,0,0,0,1,0,1,0,0,1
76usa voter,71,3,1,1,0,0,0,0,0,0,0,1,0,0,0,0
77usa voter,72,1,1,1,0,0,0,0,0,1,0,1,0,1,0,1
77usa voter,72,1,0,1,0,0,1,0,0,0,0,0,1,1,0,0
77usa voter,72,2,0,0,1,0,0,0,0,1,0,0,0,0,0,1
77usa voter,72,2,1,0,1,0,0,1,1,0,0,0,0,0,1,1
77usa voter,72,3,0,0,0,0,0,1,0,1,0,1,0,1,0,0
77usa voter,72,3,1,0,0,0,0,1,0,0,1,0,0,0,0,0
78usa voter,73,1,1,0,1,0,0,0,1,0,0,1,0,0,1,1
78usa voter,73,1,0,0,0,1,0,0,0,0,1,0,1,1,0,0
78usa voter,73,2,1,0,0,1,1,0,0,0,1,1,0,0,1,1
78usa voter,73,2,0,0,0,1,1,0,0,0,0,0,0,0,1,1
78usa voter,73,3,1,0,0,1,0,0,0,0,1,1,0,1,0,1
78usa voter,73,3,0,0,1,0,0,0,0,0,0,0,1,1,0,0
79usa voter,74,1,0,0,0,0,1,0,0,0,0,0,0,0,0,1
79usa voter,74,1,1,1,0,0,1,0,1,0,0,0,0,0,0,0
79usa voter,74,2,1,0,0,0,0,1,0,0,1,1,0,0,0,1
79usa voter,74,2,0,1,0,0,0,1,0,1,0,0,1,0,0,1
79usa voter,74,3,1,0,0,0,1,0,0,1,0,0,0,0,0,1
79usa voter,74,3,0,0,1,0,0,1,0,1,0,0,0,1,0,0
80usa voter,75,1,0,0,0,1,0,1,0,1,0,0,1,0,0,0
80usa voter,75,1,1,1,0,0,0,1,0,0,1,0,1,0,1,1
80usa voter,75,2,0,1,0,0,1,0,1,0,0,0,0,0,0,0
80usa voter,75,2,1,0,1,0,1,0,1,0,0,0,1,1,0,1
80usa voter,75,3,0,0,1,0,0,1,1,0,0,0,0,0,1,1
80usa voter,75,3,1,1,0,0,0,0,1,0,0,0,1,1,0,0
81usa voter,76,1,0,0,0,1,0,0,0,1,0,1,0,0,0,0
81usa voter,76,1,1,0,1,0,0,0,0,0,0,0,1,1,0,0
81usa voter,76,2,1,0,1,0,1,0,0,1,0,0,1,1,0,1
81usa voter,76,2,0,1,0,0,1,0,1,0,0,0,1,1,0,1
81usa voter,76,3,0,0,0,0,1,0,0,0,0,0,0,1,0,0
81usa voter,76,3,1,0,1,0,1,0,0,1,0,0,1,1,0,0
82usa voter,77,1,0,0,0,0,0,0,0,1,0,0,0,0,0,0
82usa voter,77,1,1,1,0,0,1,0,0,1,0,0,0,0,1,1
82usa voter,77,2,0,0,0,0,0,0,0,0,1,0,0,0,0,1
82usa voter,77,2,1,0,0,1,1,0,1,0,0,0,1,1,0,1
82usa voter,77,3,0,0,0,0,0,1,1,0,0,0,1,1,0,1
82usa voter,77,3,1,1,0,0,1,0,0,0,1,0,0,1,0,1
83usa voter,78,1,0,0,0,0,0,0,0,1,0,0,1,1,0,1
83usa voter,78,1,1,0,1,0,0,1,0,1,0,0,0,0,0,1
83usa voter,78,2,1,0,0,1,0,1,1,0,0,1,0,1,0,0
83usa voter,78,2,0,0,1,0,0,0,0,1,0,1,0,0,0,1
83usa voter,78,3,0,0,1,0,0,1,0,0,0,1,0,0,1,0
83usa voter,78,3,1,1,0,0,1,0,0,0,1,1,0,0,0,0
84usa voter,79,1,1,1,0,0,1,0,0,0,1,0,0,1,0,1
84usa voter,79,1,0,0,0,0,1,0,0,1,0,1,0,0,1,1
84usa voter,79,2,1,0,1,0,0,0,0,1,0,0,1,1,0,1
84usa voter,79,2,0,0,0,1,0,1,1,0,0,0,1,0,1,0
84usa voter,79,3,0,0,1,0,0,0,0,0,1,1,0,0,0,1
84usa voter,79,3,1,0,0,1,1,0,0,1,0,1,0,0,0,0
87usa voter,80,1,0,0,0,0,0,0,0,1,0,1,0,1,0,1
87usa voter,80,1,1,0,0,1,0,1,0,0,0,0,0,0,1,1
87usa voter,80,2,0,1,0,0,0,0,1,0,0,1,0,0,1,0
87usa voter,80,2,1,0,1,0,0,1,0,0,0,0,0,0,0,0
87usa voter,80,3,1,0,1,0,1,0,0,0,1,1,0,0,1,1
87usa voter,80,3,0,0,0,1,0,1,0,0,1,0,1,1,0,0
88usa voter,81,1,0,0,1,0,0,0,1,0,0,1,0,1,0,1
88usa voter,81,1,1,0,0,1,0,1,0,0,1,0,1,0,1,1
88usa voter,81,2,1,0,1,0,0,1,0,0,0,1,0,1,0,1
88usa voter,81,2,0,0,0,0,0,1,0,0,1,0,1,0,0,1
88usa voter,81,3,0,1,0,0,0,0,0,0,0,1,0,1,0,0
88usa voter,81,3,1,0,0,0,0,1,0,1,0,0,1,1,0,1
89usa voter,82,1,1,0,1,0,0,0,0,1,0,0,1,0,0,1
89usa voter,82,1,0,0,0,0,0,1,0,1,0,0,1,0,0,1
89usa voter,82,2,0,0,0,0,0,0,1,0,0,0,1,1,0,1
89usa voter,82,2,1,0,0,0,1,0,0,0,1,0,1,1,0,0
90usa voter,83,1,1,1,0,0,0,1,0,1,0,0,1,0,0,0
90usa voter,83,1,0,0,1,0,0,0,1,0,0,0,0,0,1,0
90usa voter,83,2,1,0,1,0,0,1,0,1,0,0,1,1,0,0
90usa voter,83,2,0,0,1,0,0,1,1,0,0,0,1,1,0,1
90usa voter,83,3,0,1,0,0,0,1,0,0,1,0,0,0,1,0
90usa voter,83,3,1,0,1,0,0,0,0,0,1,1,0,1,0,1
91usa voter,84,1,0,1,0,0,0,0,0,0,0,0,1,0,1,0
91usa voter,84,1,1,1,0,0,1,0,0,0,1,0,0,1,0,1
91usa voter,84,2,0,1,0,0,0,1,1,0,0,1,0,1,0,0
91usa voter,84,2,1,0,1,0,0,1,1,0,0,0,1,0,1,1
91usa voter,84,3,1,0,0,1,1,0,0,0,1,0,1,1,0,0
91usa voter,84,3,0,0,1,0,0,0,0,0,1,0,1,0,0,0
92usa voter,85,1,1,0,0,1,0,1,0,1,0,0,0,0,1,0
92usa voter,85,1,0,0,0,1,0,1,1,0,0,0,0,0,1,0
92usa voter,85,2,1,0,0,0,0,0,1,0,0,1,0,1,0,0
92usa voter,85,2,0,0,0,1,1,0,1,0,0,1,0,0,0,1
92usa voter,85,3,1,0,1,0,0,0,0,0,1,0,0,0,1,1
92usa voter,85,3,0,0,0,0,1,0,1,0,0,1,0,0,1,1
93usa voter,86,1,1,0,1,0,0,1,0,0,1,0,1,0,0,0
93usa voter,86,1,0,1,0,0,0,1,0,0,1,1,0,0,0,0
93usa voter,86,2,1,0,0,0,0,0,0,0,0,1,0,0,0,1
93usa voter,86,2,0,0,0,1,0,0,0,0,0,0,0,1,0,0
93usa voter,86,3,1,1,0,0,0,1,0,1,0,0,0,0,0,1
93usa voter,86,3,0,1,0,0,0,0,0,1,0,1,0,0,1,1
94usa voter,87,1,1,0,1,0,1,0,1,0,0,0,1,0,1,1
94usa voter,87,1,0,1,0,0,0,0,0,0,1,0,0,1,0,0
94usa voter,87,2,1,0,0,0,0,1,0,0,0,0,1,1,0,0
94usa voter,87,2,0,1,0,0,1,0,0,0,1,0,0,1,0,0
94usa voter,87,3,0,0,1,0,0,0,1,0,0,0,1,0,1,1
94usa voter,87,3,1,0,0,1,0,0,0,0,0,0,0,1,0,1
95usa voter,88,1,0,1,0,0,0,1,0,0,0,0,0,1,0,0
95usa voter,88,1,1,0,0,1,1,0,1,0,0,0,1,1,0,0
95usa voter,88,2,0,0,0,0,1,0,1,0,0,0,0,0,0,0
95usa voter,88,2,1,0,1,0,0,1,0,1,0,1,0,0,0,0
95usa voter,88,3,1,0,0,0,0,0,0,0,1,0,0,1,0,1
95usa voter,88,3,0,0,1,0,1,0,0,0,0,0,0,0,0,1
96usa voter,89,1,1,0,0,1,0,0,0,1,0,1,0,1,0,1
96usa voter,89,1,0,0,0,1,0,0,0,1,0,1,0,0,1,0
96usa voter,89,2,1,0,0,0,0,1,1,0,0,0,1,0,0,1
96usa voter,89,2,0,0,0,1,0,0,0,1,0,0,0,0,1,1
96usa voter,89,3,0,0,1,0,0,1,1,0,0,0,0,0,1,1
96usa voter,89,3,1,0,0,1,0,0,0,1,0,1,0,0,0,0
97usa voter,90,1,1,1,0,0,1,0,0,1,0,1,0,1,0,0
97usa voter,90,1,0,0,0,0,1,0,0,1,0,1,0,0,1,0
97usa voter,90,2,1,0,1,0,0,0,0,0,1,1,0,0,0,0
97usa voter,90,2,0,0,1,0,0,0,0,0,0,0,1,0,0,0
97usa voter,90,3,0,0,0,1,0,1,0,0,0,0,0,1,0,0
97usa voter,90,3,1,0,0,1,0,1,1,0,0,0,1,0,1,1
98usa voter,91,1,0,0,1,0,0,0,0,1,0,0,0,0,1,0
98usa voter,91,1,1,0,0,1,0,0,0,1,0,1,0,1,0,1
98usa voter,91,2,0,0,1,0,1,0,1,0,0,1,0,1,0,0
98usa voter,91,2,1,1,0,0,0,0,0,0,0,1,0,0,0,0
98usa voter,91,3,1,0,0,1,1,0,0,1,0,0,1,1,0,1
98usa voter,91,3,0,0,0,1,1,0,0,0,1,0,1,0,0,0
99usa voter,92,1,0,0,0,0,0,1,0,1,0,1,0,0,0,0
99usa voter,92,1,1,1,0,0,0,1,0,1,0,0,1,1,0,0
99usa voter,92,2,1,0,1,0,1,0,0,0,1,1,0,0,1,1
99usa voter,92,2,0,0,0,0,1,0,1,0,0,0,0,0,0,0
99usa voter,92,3,1,1,0,0,0,1,0,0,1,0,1,1,0,1
99usa voter,92,3,0,1,0,0,0,0,0,0,0,0,1,0,0,1
100usa voter,93,1,0,0,0,0,0,0,1,0,0,0,0,0,0,0
100usa voter,93,1,1,1,0,0,1,0,0,0,0,0,1,0,0,0
100usa voter,93,2,1,1,0,0,0,0,1,0,0,0,1,0,0,1
100usa voter,93,2,0,0,1,0,0,0,0,0,1,0,0,0,1,1
101usa voter,94,1,0,0,1,0,0,0,0,0,1,0,0,0,1,0
101usa voter,94,1,1,0,0,1,0,1,0,0,1,0,0,0,0,1
101usa voter,94,2,1,0,0,1,1,0,0,1,0,0,1,0,1,0
101usa voter,94,2,0,0,0,0,0,1,0,0,1,0,1,0,1,1
101usa voter,94,3,0,0,0,0,0,1,0,0,0,0,1,1,0,0
101usa voter,94,3,1,0,0,1,0,0,0,0,1,0,1,1,0,1
102usa voter,95,1,0,1,0,0,0,0,0,0,1,1,0,0,1,0
102usa voter,95,1,1,0,0,1,0,0,0,0,1,0,0,0,0,1
102usa voter,95,2,1,0,0,1,0,1,0,0,1,0,1,1,0,1
102usa voter,95,2,0,0,1,0,1,0,1,0,0,0,1,0,0,0
102usa voter,95,3,1,0,0,1,0,1,0,0,1,1,0,1,0,1
102usa voter,95,3,0,0,1,0,1,0,1,0,0,1,0,0,1,0
103usa voter,96,1,1,0,0,1,0,0,0,0,0,0,0,0,1,1
103usa voter,96,1,0,0,0,0,0,0,0,0,0,1,0,1,0,1
103usa voter,96,2,0,0,1,0,0,1,1,0,0,1,0,1,0,0
103usa voter,96,2,1,0,0,0,1,0,0,0,0,1,0,0,1,0
103usa voter,96,3,1,0,1,0,0,1,0,0,1,0,1,0,0,1
103usa voter,96,3,0,0,1,0,0,1,0,0,1,0,0,1,0,1
104usa voter,97,1,1,0,0,1,0,0,1,0,0,0,0,0,0,1
104usa voter,97,1,0,0,1,0,1,0,0,0,0,0,0,0,0,1
104usa voter,97,2,1,0,0,0,0,0,0,1,0,0,1,1,0,0
104usa voter,97,2,0,0,0,0,0,1,0,0,0,0,0,0,0,1
104usa voter,97,3,0,0,0,1,0,0,1,0,0,0,1,0,0,1
104usa voter,97,3,1,0,1,0,1,0,0,1,0,1,0,0,1,1
105usa voter,98,1,0,0,0,1,1,0,1,0,0,0,1,1,0,1
105usa voter,98,1,1,0,0,0,0,0,0,0,0,0,0,1,0,1
105usa voter,98,2,0,0,0,0,1,0,1,0,0,1,0,0,0,1
105usa voter,98,2,1,0,0,0,0,0,0,1,0,1,0,0,0,0
105usa voter,98,3,1,0,0,1,0,1,0,1,0,1,0,0,1,0
105usa voter,98,3,0,0,1,0,0,1,0,1,0,0,0,0,1,0
106usa voter,99,1,0,0,0,0,1,0,1,0,0,1,0,0,1,1
106usa voter,99,1,1,0,0,1,1,0,0,0,0,0,0,1,0,0
106usa voter,99,2,0,0,0,0,1,0,1,0,0,0,1,0,1,0
106usa voter,99,2,1,0,1,0,1,0,0,0,0,1,0,1,0,1
106usa voter,99,3,0,0,0,0,1,0,0,1,0,0,0,1,0,0
106usa voter,99,3,1,1,0,0,0,1,0,1,0,1,0,0,0,1
107usa voter,100,1,0,1,0,0,0,1,0,0,1,0,0,1,0,0
107usa voter,100,1,1,0,0,0,0,1,1,0,0,0,1,1,0,0
107usa voter,100,2,1,0,0,0,0,1,0,0,1,1,0,0,1,0
107usa voter,100,2,0,0,0,1,0,0,0,0,0,0,1,1,0,0
107usa voter,100,3,0,1,0,0,0,0,0,0,1,0,0,0,1,0
107usa voter,100,3,1,0,0,1,0,0,1,0,0,0,1,1,0,1
108usa voter,101,1,0,1,0,0,0,1,1,0,0,1,0,0,1,0
108usa voter,101,1,1,1,0,0,1,0,0,0,0,0,1,0,1,0
108usa voter,101,2,0,1,0,0,1,0,0,0,0,0,1,0,0,0
108usa voter,101,2,1,0,0,1,0,0,0,1,0,1,0,0,1,1
108usa voter,101,3,1,0,1,0,0,0,0,1,0,0,1,0,1,0
108usa voter,101,3,0,0,0,0,0,1,0,0,0,1,0,1,0,1
109usa voter,102,1,0,1,0,0,0,1,0,1,0,0,1,0,0,1
109usa voter,102,1,1,0,1,0,1,0,0,0,1,0,1,0,1,0
109usa voter,102,2,0,0,0,0,0,1,0,0,0,0,1,0,0,0
109usa voter,102,2,1,0,0,0,0,0,0,1,0,0,1,1,0,0
109usa voter,102,3,0,1,0,0,0,1,0,1,0,0,0,1,0,0
109usa voter,102,3,1,0,0,0,0,1,0,0,0,1,0,1,0,1
110usa voter,103,1,1,0,0,1,0,1,0,0,0,1,0,0,0,0
110usa voter,103,1,0,1,0,0,1,0,1,0,0,0,0,0,1,1
110usa voter,103,2,1,0,1,0,0,1,0,0,1,1,0,0,1,1
110usa voter,103,2,0,1,0,0,0,0,0,0,0,0,0,1,0,1
110usa voter,103,3,0,1,0,0,1,0,0,0,1,0,1,0,0,0
110usa voter,103,3,1,0,0,0,0,1,1,0,0,1,0,1,0,0
111usa voter,104,1,1,1,0,0,1,0,0,0,1,0,0,0,1,1
111usa voter,104,1,0,0,1,0,1,0,0,1,0,0,0,0,1,0
111usa voter,104,2,0,0,1,0,0,1,0,0,0,0,1,0,1,0
111usa voter,104,2,1,0,0,1,0,0,1,0,0,0,1,1,0,1
111usa voter,104,3,0,1,0,0,0,0,0,1,0,0,1,0,0,0
111usa voter,104,3,1,0,0,0,0,1,0,0,1,1,0,0,1,0
112usa voter,105,1,1,1,0,0,0,1,0,0,1,0,0,0,0,1
112usa voter,105,1,0,0,0,1,0,0,0,1,0,1,0,1,0,1
112usa voter,105,2,1,0,1,0,1,0,0,0,0,0,1,1,0,1
112usa voter,105,2,0,1,0,0,0,1,0,0,0,0,1,0,0,0
112usa voter,105,3,0,0,0,1,1,0,0,1,0,0,0,0,0,1
112usa voter,105,3,1,0,0,0,0,1,0,0,1,0,0,1,0,0
113usa voter,106,1,1,1,0,0,0,1,1,0,0,0,0,0,0,1
113usa voter,106,1,0,0,0,0,0,1,1,0,0,1,0,0,0,1
113usa voter,106,2,0,0,1,0,0,1,0,0,1,1,0,1,0,1
113usa voter,106,2,1,0,0,1,1,0,1,0,0,1,0,1,0,0
113usa voter,106,3,0,0,0,1,0,1,0,0,0,1,0,0,0,0
113usa voter,106,3,1,1,0,0,0,1,1,0,0,1,0,0,0,0
114usa voter,107,1,1,0,0,1,1,0,1,0,0,1,0,1,0,1
114usa voter,107,1,0,0,0,0,0,0,0,0,1,0,0,0,1,1
114usa voter,107,2,0,1,0,0,0,0,0,0,0,1,0,0,1,1
114usa voter,107,2,1,0,0,1,0,0,0,0,1,1,0,0,0,0
114usa voter,107,3,1,0,0,1,0,0,0,0,0,0,1,0,1,1
114usa voter,107,3,0,0,1,0,1,0,0,0,1,1,0,0,0,0
115usa voter,108,1,0,1,0,0,1,0,1,0,0,1,0,0,0,0
115usa voter,108,1,1,0,0,1,1,0,0,0,0,0,0,0,1,0
115usa voter,108,2,0,1,0,0,1,0,0,0,1,0,0,1,0,1
115usa voter,108,2,1,1,0,0,0,1,0,0,0,1,0,0,0,1
115usa voter,108,3,1,1,0,0,0,0,0,0,0,1,0,0,0,0
115usa voter,108,3,0,1,0,0,1,0,0,1,0,1,0,1,0,0
116usa voter,109,1,1,0,0,0,0,1,0,0,0,0,1,1,0,0
116usa voter,109,1,0,0,0,1,0,1,1,0,0,0,0,1,0,0
116usa voter,109,2,1,0,1,0,0,1,0,0,0,1,0,1,0,1
116usa voter,109,2,0,0,0,0,0,1,1,0,0,0,1,0,1,0
116usa voter,109,3,1,1,0,0,0,1,0,1,0,0,0,0,1,1
116usa voter,109,3,0,0,1,0,1,0,0,0,0,0,1,1,0,0
117usa voter,110,1,1,0,0,1,0,0,0,0,1,0,0,1,0,1
117usa voter,110,1,0,0,0,1,1,0,0,0,1,1,0,0,0,1
117usa voter,110,2,1,0,1,0,0,1,0,1,0,0,1,0,1,1
117usa voter,110,2,0,0,1,0,1,0,0,0,1,1,0,0,1,1
117usa voter,110,3,0,0,1,0,0,0,1,0,0,0,0,1,0,0
117usa voter,110,3,1,0,0,0,0,0,0,0,1,0,1,1,0,0
118usa voter,111,1,1,0,0,1,1,0,0,0,1,1,0,1,0,1
118usa voter,111,1,0,0,0,0,1,0,1,0,0,0,1,0,1,1
118usa voter,111,2,1,0,1,0,1,0,0,0,1,0,1,0,0,0
118usa voter,111,2,0,0,0,0,1,0,0,0,1,0,1,0,1,0
118usa voter,111,3,0,0,0,0,0,0,0,0,0,0,0,0,1,1
118usa voter,111,3,1,0,1,0,0,0,1,0,0,1,0,0,1,0
119usa voter,112,1,0,0,1,0,0,1,1,0,0,1,0,0,1,1
119usa voter,112,1,1,0,0,0,1,0,0,0,1,1,0,0,0,0
119usa voter,112,2,1,0,0,1,0,0,0,0,0,0,1,0,1,1
119usa voter,112,2,0,0,0,0,0,0,1,0,0,1,0,0,1,1
119usa voter,112,3,0,0,0,0,0,0,0,0,1,0,1,0,0,0
119usa voter,112,3,1,1,0,0,1,0,0,1,0,0,1,0,0,1
120usa voter,113,1,0,0,1,0,0,1,0,0,1,1,0,0,1,1
120usa voter,113,1,1,0,0,1,0,1,0,0,0,0,1,0,1,0
120usa voter,113,2,1,1,0,0,1,0,0,1,0,1,0,1,0,0
120usa voter,113,2,0,0,0,0,0,0,0,0,0,1,0,0,1,1
120usa voter,113,3,0,0,0,0,0,0,0,0,0,0,1,0,0,0
120usa voter,113,3,1,0,0,1,1,0,1,0,0,1,0,0,1,0
121usa voter,114,1,1,0,0,0,1,0,1,0,0,0,1,0,1,1
121usa voter,114,1,0,0,1,0,0,1,0,0,0,0,1,1,0,1
121usa voter,114,2,1,0,0,1,0,1,0,0,1,0,0,1,0,0
121usa voter,114,2,0,0,1,0,0,0,0,0,1,0,1,1,0,1
121usa voter,114,3,1,1,0,0,0,0,0,0,0,0,1,0,1,1
121usa voter,114,3,0,1,0,0,1,0,1,0,0,1,0,0,0,0
122usa voter,115,1,1,0,1,0,0,0,0,1,0,0,1,0,0,1
122usa voter,115,1,0,0,1,0,0,1,0,0,0,0,0,0,0,1
122usa voter,115,2,0,0,0,0,1,0,0,0,1,0,1,0,1,1
122usa voter,115,2,1,0,0,1,0,0,0,0,0,0,0,0,0,1
122usa voter,115,3,0,0,1,0,0,1,0,0,0,0,1,1,0,1
122usa voter,115,3,1,0,0,0,0,1,0,0,1,0,0,0,0,1
123usa voter,116,1,1,0,0,1,0,0,0,0,1,1,0,0,1,1
123usa voter,116,1,0,0,0,0,1,0,1,0,0,0,0,1,0,0
123usa voter,116,2,1,0,1,0,0,0,0,1,0,0,0,0,0,1
123usa voter,116,2,0,0,0,1,1,0,1,0,0,0,0,1,0,1
123usa voter,116,3,1,0,1,0,0,0,0,0,1,1,0,0,1,0
123usa voter,116,3,0,0,1,0,1,0,1,0,0,0,1,0,0,0
124usa voter,117,1,0,0,0,0,1,0,0,1,0,0,0,0,0,0
124usa voter,117,1,1,0,1,0,1,0,0,0,0,0,0,0,0,1
124usa voter,117,2,1,1,0,0,0,0,0,0,0,0,1,0,0,0
124usa voter,117,2,0,1,0,0,1,0,0,1,0,0,1,0,1,1
124usa voter,117,3,0,1,0,0,1,0,1,0,0,0,0,0,0,0
124usa voter,117,3,1,0,0,1,1,0,0,0,1,1,0,0,1,0
125usa voter,118,1,1,0,0,1,1,0,0,0,1,0,0,0,1,0
125usa voter,118,1,0,0,0,1,0,0,0,1,0,0,0,0,0,1
125usa voter,118,2,0,0,1,0,0,0,1,0,0,0,0,0,0,1
125usa voter,118,2,1,0,0,0,0,1,0,0,1,1,0,1,0,0
125usa voter,118,3,0,0,0,1,0,0,0,0,0,0,0,0,1,1
125usa voter,118,3,1,0,1,0,0,1,1,0,0,0,0,1,0,0
126usa voter,119,1,0,1,0,0,1,0,0,0,1,0,1,0,0,0
126usa voter,119,1,1,0,1,0,1,0,1,0,0,0,0,1,0,0
126usa voter,119,2,0,0,0,0,0,1,0,1,0,1,0,0,0,1
126usa voter,119,2,1,1,0,0,0,1,0,0,1,1,0,0,0,1
126usa voter,119,3,1,1,0,0,0,1,0,0,1,1,0,0,0,1
126usa voter,119,3,0,1,0,0,0,0,1,0,0,0,0,0,0,1
127usa voter,120,1,0,1,0,0,1,0,0,0,1,0,0,1,0,0
127usa voter,120,1,1,0,0,1,0,1,0,1,0,0,1,1,0,1
127usa voter,120,2,1,1,0,0,0,0,0,1,0,0,1,0,0,0
127usa voter,120,2,0,0,0,1,0,0,0,0,0,0,1,0,0,0
127usa voter,120,3,0,1,0,0,0,1,0,1,0,1,0,0,0,0
127usa voter,120,3,1,0,0,1,1,0,0,0,0,1,0,1,0,1
129usa voter,121,1,1,0,0,1,0,1,0,0,0,0,0,0,0,0
129usa voter,121,1,0,0,1,0,0,0,1,0,0,0,0,1,0,0
129usa voter,121,2,0,0,0,0,0,0,0,0,1,0,0,0,0,1
129usa voter,121,2,1,1,0,0,0,1,0,0,0,0,0,0,1,0
129usa voter,121,3,0,1,0,0,1,0,1,0,0,0,0,0,0,1
129usa voter,121,3,1,0,0,0,0,1,0,1,0,0,1,1,0,0
130usa voter,122,1,1,0,0,1,0,0,0,0,1,0,1,0,0,0
130usa voter,122,1,0,1,0,0,0,0,0,0,0,1,0,0,1,1
130usa voter,122,2,1,0,1,0,1,0,0,0,0,1,0,1,0,0
130usa voter,122,2,0,0,0,0,1,0,0,0,1,0,0,0,1,0
130usa voter,122,3,0,0,0,1,1,0,1,0,0,0,0,0,1,1
130usa voter,122,3,1,1,0,0,0,1,0,1,0,1,0,0,0,1
131usa voter,123,1,1,0,0,1,0,0,0,0,1,1,0,1,0,1
131usa voter,123,1,0,0,0,1,0,0,1,0,0,0,0,0,0,1
131usa voter,123,2,0,1,0,0,1,0,1,0,0,0,1,0,0,0
131usa voter,123,2,1,0,0,1,0,0,0,1,0,0,0,0,0,1
131usa voter,123,3,1,1,0,0,0,0,0,0,0,0,1,0,1,1
131usa voter,123,3,0,0,1,0,0,0,0,0,1,0,0,0,1,1
132usa voter,124,1,0,0,0,0,0,0,0,0,0,1,0,1,0,0
132usa voter,124,1,1,0,0,1,1,0,0,1,0,0,1,0,1,1
132usa voter,124,2,0,0,0,0,0,0,1,0,0,0,0,0,0,0
132usa voter,124,2,1,0,0,1,0,0,0,0,0,0,0,1,0,1
132usa voter,124,3,1,0,1,0,0,1,0,0,1,0,0,0,0,1
132usa voter,124,3,0,0,0,0,0,1,1,0,0,0,1,0,0,0
133usa voter,125,1,1,1,0,0,0,1,0,1,0,1,0,0,0,0
133usa voter,125,1,0,0,0,0,0,0,0,0,0,1,0,0,0,1
133usa voter,125,2,0,0,1,0,0,0,0,0,0,0,1,0,1,0
133usa voter,125,2,1,1,0,0,0,1,1,0,0,0,1,0,1,1
133usa voter,125,3,0,0,0,0,1,0,1,0,0,1,0,0,1,1
133usa voter,125,3,1,0,1,0,1,0,0,0,1,0,0,1,0,1
134usa voter,126,1,0,0,0,1,0,0,1,0,0,0,1,0,1,1
134usa voter,126,1,1,0,0,0,0,0,0,1,0,0,1,1,0,1
134usa voter,126,2,1,0,0,0,1,0,1,0,0,0,0,0,0,1
134usa voter,126,2,0,1,0,0,0,0,0,1,0,1,0,0,1,0
134usa voter,126,3,1,0,0,1,1,0,0,0,1,0,0,0,0,0
134usa voter,126,3,0,1,0,0,0,0,0,1,0,0,0,0,1,0
135usa voter,127,1,0,0,0,0,1,0,1,0,0,1,0,1,0,0
135usa voter,127,1,1,0,0,0,0,1,0,1,0,0,1,0,0,0
135usa voter,127,2,1,0,1,0,0,0,0,1,0,1,0,1,0,0
135usa voter,127,2,0,1,0,0,0,1,0,0,0,1,0,0,1,0
135usa voter,127,3,1,1,0,0,0,0,0,0,1,0,1,0,0,1
135usa voter,127,3,0,0,0,0,1,0,0,0,0,1,0,0,1,0
137usa voter,128,1,0,0,0,1,1,0,0,0,0,0,0,0,0,1
137usa voter,128,1,1,1,0,0,0,0,0,0,1,1,0,1,0,0
137usa voter,128,2,1,0,1,0,1,0,0,1,0,1,0,0,0,0
137usa voter,128,2,0,0,0,0,1,0,0,0,1,0,0,1,0,1
137usa voter,128,3,0,0,0,0,1,0,0,0,0,0,0,0,1,0
137usa voter,128,3,1,0,0,0,0,1,0,0,0,0,0,0,1,1
138usa voter,129,1,0,0,0,1,0,1,0,1,0,1,0,1,0,1
138usa voter,129,1,1,0,0,0,0,1,1,0,0,1,0,0,0,1
138usa voter,129,2,0,0,1,0,0,0,0,0,1,0,0,0,1,0
138usa voter,129,2,1,0,0,1,0,1,0,1,0,1,0,0,1,1
138usa voter,129,3,1,0,0,0,0,1,0,1,0,0,1,0,1,0
138usa voter,129,3,0,0,1,0,1,0,0,0,1,0,1,1,0,0
139usa voter,130,1,0,0,0,0,0,0,1,0,0,1,0,1,0,0
139usa voter,130,1,1,0,0,1,1,0,0,0,0,1,0,1,0,1
139usa voter,130,2,0,1,0,0,1,0,1,0,0,1,0,1,0,0
139usa voter,130,2,1,0,1,0,1,0,0,0,0,1,0,1,0,0
139usa voter,130,3,1,0,0,1,0,1,0,0,1,1,0,0,1,1
139usa voter,130,3,0,0,0,1,0,1,0,1,0,1,0,0,1,0
140usa voter,131,1,1,0,1,0,0,0,0,1,0,0,1,0,0,0
140usa voter,131,1,0,1,0,0,0,1,0,0,0,0,1,0,1,1
140usa voter,131,2,1,1,0,0,0,1,0,0,1,0,1,0,0,1
140usa voter,131,2,0,0,1,0,0,0,0,1,0,0,0,0,0,0
140usa voter,131,3,0,0,0,0,1,0,0,1,0,1,0,0,1,1
140usa voter,131,3,1,0,1,0,0,0,0,1,0,0,1,0,1,1
141usa voter,132,1,0,1,0,0,0,0,0,0,1,0,1,0,0,1
141usa voter,132,1,1,0,1,0,0,0,1,0,0,1,0,1,0,0
141usa voter,132,2,1,1,0,0,1,0,0,0,1,1,0,0,0,1
141usa voter,132,2,0,0,0,0,1,0,0,0,0,0,1,0,1,0
141usa voter,132,3,0,0,1,0,1,0,0,0,0,0,0,0,1,0
141usa voter,132,3,1,1,0,0,1,0,0,0,0,0,0,0,0,0
142usa voter,133,1,0,0,0,0,0,0,0,0,1,0,0,0,1,0
142usa voter,133,1,1,1,0,0,0,1,0,1,0,0,0,0,0,1
142usa voter,133,2,1,1,0,0,1,0,0,0,1,0,1,0,0,1
142usa voter,133,2,0,1,0,0,1,0,0,0,1,0,1,0,0,0
142usa voter,133,3,0,1,0,0,0,1,0,1,0,1,0,1,0,0
142usa voter,133,3,1,0,0,1,0,0,0,1,0,1,0,1,0,0
143usa voter,134,1,0,0,1,0,0,0,1,0,0,1,0,0,0,0
143usa voter,134,1,1,0,0,1,0,0,0,0,1,0,1,0,0,1
143usa voter,134,2,1,0,0,0,0,1,0,1,0,0,1,0,0,0
143usa voter,134,2,0,0,0,1,0,0,0,0,1,1,0,0,1,0
143usa voter,134,3,0,0,0,1,0,0,0,0,0,0,0,0,1,0
143usa voter,134,3,1,0,0,1,1,0,0,0,0,0,0,0,1,0
144usa voter,135,1,1,1,0,0,0,0,1,0,0,1,0,0,0,1
144usa voter,135,1,0,0,1,0,0,0,1,0,0,1,0,0,0,0
144usa voter,135,2,0,0,0,1,0,1,0,0,1,1,0,0,1,0
144usa voter,135,2,1,0,0,0,0,1,0,1,0,0,1,1,0,1
144usa voter,135,3,0,1,0,0,0,1,0,0,0,0,0,0,0,1
144usa voter,135,3,1,0,1,0,0,0,0,0,1,1,0,0,1,0
146usa voter,136,1,0,0,1,0,0,0,0,0,1,1,0,0,0,1
146usa voter,136,1,1,1,0,0,1,0,0,1,0,0,1,1,0,1
146usa voter,136,2,0,0,0,0,0,1,0,0,1,1,0,1,0,0
146usa voter,136,2,1,0,0,1,1,0,0,0,0,0,1,1,0,0
147usa voter,137,1,1,0,1,0,1,0,0,0,1,0,1,0,0,1
147usa voter,137,1,0,0,1,0,1,0,0,1,0,0,0,0,0,0
147usa voter,137,2,1,0,0,0,1,0,0,0,0,1,0,1,0,0
147usa voter,137,2,0,0,0,0,0,1,1,0,0,0,1,0,1,1
147usa voter,137,3,1,0,0,0,0,1,0,0,1,0,0,0,1,1
147usa voter,137,3,0,0,0,0,1,0,0,0,1,0,0,1,0,1
148usa voter,138,1,1,0,1,0,0,1,1,0,0,0,1,0,1,0
148usa voter,138,1,0,0,0,0,1,0,0,1,0,0,1,0,0,1
148usa voter,138,2,1,0,0,0,0,1,0,0,0,0,1,0,0,1
148usa voter,138,2,0,0,0,1,1,0,1,0,0,0,1,1,0,1
148usa voter,138,3,0,1,0,0,0,0,0,0,1,1,0,0,0,0
148usa voter,138,3,1,0,1,0,0,1,1,0,0,1,0,0,0,0
149usa voter,139,1,1,0,0,1,0,1,0,0,1,1,0,1,0,1
149usa voter,139,1,0,1,0,0,1,0,0,1,0,0,0,0,0,0
149usa voter,139,2,1,0,1,0,1,0,1,0,0,0,1,1,0,0
149usa voter,139,2,0,0,0,0,0,1,1,0,0,0,0,0,0,1
149usa voter,139,3,0,0,0,1,1,0,0,1,0,0,0,0,0,1
149usa voter,139,3,1,1,0,0,0,1,0,0,0,1,0,1,0,0
150usa voter,140,1,0,0,0,0,0,0,1,0,0,0,1,0,1,0
150usa voter,140,1,1,0,0,1,0,1,1,0,0,1,0,0,0,0
150usa voter,140,2,1,0,1,0,0,0,0,0,0,0,1,1,0,0
150usa voter,140,2,0,1,0,0,0,0,1,0,0,0,0,0,1,1
150usa voter,140,3,0,0,0,0,0,1,0,0,1,0,0,0,0,1
150usa voter,140,3,1,0,0,1,1,0,0,0,0,0,1,1,0,1
151usa voter,141,1,0,1,0,0,0,1,1,0,0,0,1,0,0,1
151usa voter,141,1,1,0,0,0,0,0,0,0,1,0,1,1,0,1
151usa voter,141,2,0,0,1,0,0,0,0,1,0,1,0,1,0,0
151usa voter,141,2,1,1,0,0,0,1,0,0,0,0,1,0,0,0
151usa voter,141,3,1,0,0,1,0,0,0,0,0,0,0,0,0,1
151usa voter,141,3,0,0,1,0,1,0,1,0,0,0,1,0,0,1
152usa voter,142,1,1,0,0,0,0,0,1,0,0,0,1,1,0,0
152usa voter,142,1,0,0,0,0,1,0,0,0,1,0,0,1,0,0
152usa voter,142,2,1,0,1,0,0,1,0,0,1,1,0,0,1,1
152usa voter,142,2,0,1,0,0,1,0,0,1,0,0,0,0,1,1
152usa voter,142,3,1,0,1,0,0,1,0,0,1,0,1,0,1,0
152usa voter,142,3,0,0,0,1,0,1,0,0,1,1,0,1,0,0
153usa voter,143,1,0,0,0,1,0,0,1,0,0,0,1,0,1,0
153usa voter,143,1,1,1,0,0,0,0,0,0,1,0,0,1,0,0
153usa voter,143,2,1,0,0,0,0,1,0,0,1,0,1,0,1,1
153usa voter,143,2,0,1,0,0,0,1,0,0,0,0,1,1,0,1
153usa voter,143,3,1,0,0,0,0,0,0,0,1,0,0,0,1,0
153usa voter,143,3,0,1,0,0,0,1,0,1,0,0,0,0,0,1
154usa voter,144,1,1,0,0,0,0,1,0,1,0,0,1,0,0,1
154usa voter,144,1,0,1,0,0,0,1,1,0,0,0,1,0,0,1
154usa voter,144,2,1,0,0,0,0,1,0,0,1,1,0,0,0,1
154usa voter,144,2,0,0,1,0,1,0,1,0,0,1,0,0,1,0
154usa voter,144,3,1,0,0,1,1,0,0,0,0,0,1,1,0,0
154usa voter,144,3,0,0,0,0,1,0,1,0,0,1,0,0,1,0
155usa voter,145,1,0,0,1,0,0,0,1,0,0,1,0,0,1,1
155usa voter,145,1,1,0,0,0,0,1,0,1,0,0,0,1,0,1
155usa voter,145,2,1,1,0,0,0,1,0,1,0,1,0,1,0,0
155usa voter,145,2,0,0,1,0,1,0,0,0,0,1,0,0,0,1
155usa voter,145,3,1,0,1,0,1,0,1,0,0,1,0,0,1,1
155usa voter,145,3,0,0,0,0,0,1,0,1,0,1,0,1,0,0
156usa voter,146,1,0,0,1,0,1,0,0,1,0,0,1,0,1,1
156usa voter,146,1,1,1,0,0,1,0,0,1,0,1,0,0,1,1
156usa voter,146,2,0,0,0,0,0,0,0,0,0,1,0,0,1,1
156usa voter,146,2,1,0,1,0,1,0,0,0,0,0,0,1,0,1
156usa voter,146,3,0,0,0,0,0,1,0,0,1,1,0,1,0,1
156usa voter,146,3,1,1,0,0,0,0,0,1,0,0,1,1,0,0
157usa voter,147,1,1,0,0,1,1,0,0,0,1,0,1,0,1,1
157usa voter,147,1,0,0,0,1,0,1,0,1,0,0,0,0,0,1
157usa voter,147,2,1,0,1,0,1,0,0,0,0,0,1,0,1,0
157usa voter,147,2,0,0,0,0,0,1,0,0,0,0,0,0,0,0
157usa voter,147,3,0,0,0,0,0,0,1,0,0,1,0,1,0,0
157usa voter,147,3,1,1,0,0,1,0,0,0,0,1,0,0,1,0
158usa voter,148,1,1,0,0,0,1,0,0,1,0,1,0,0,0,0
158usa voter,148,1,0,0,1,0,0,1,0,0,0,0,0,1,0,1
158usa voter,148,2,1,0,0,1,0,0,0,0,1,0,1,0,1,0
158usa voter,148,2,0,0,1,0,1,0,1,0,0,0,0,1,0,1
158usa voter,148,3,1,0,1,0,0,0,0,0,0,0,0,1,0,0
158usa voter,148,3,0,0,0,0,1,0,1,0,0,0,1,0,1,0
159usa voter,149,1,0,1,0,0,0,0,0,0,1,0,1,0,1,1
159usa voter,149,1,1,0,0,1,0,0,0,1,0,1,0,0,1,1
159usa voter,149,2,1,0,0,1,1,0,1,0,0,0,1,0,0,1
159usa voter,149,2,0,0,0,1,1,0,0,0,0,0,1,0,0,1
159usa voter,149,3,1,0,1,0,0,1,0,1,0,1,0,0,1,1
159usa voter,149,3,0,1,0,0,0,1,0,1,0,0,0,0,0,0
160usa voter,150,1,1,0,0,1,0,0,0,0,1,1,0,1,0,1
160usa voter,150,1,0,0,0,1,0,0,0,1,0,1,0,1,0,1
160usa voter,150,2,1,0,0,1,1,0,0,1,0,1,0,0,1,0
160usa voter,150,2,0,0,0,1,0,0,0,0,0,0,0,0,0,0
160usa voter,150,3,1,0,0,1,0,0,0,0,0,1,0,1,0,1
160usa voter,150,3,0,0,1,0,1,0,0,0,0,1,0,0,1,0
161usa voter,151,1,0,0,1,0,0,1,1,0,0,0,0,0,1,0
161usa voter,151,1,1,1,0,0,1,0,1,0,0,0,1,0,1,0
161usa voter,151,2,0,0,1,0,0,1,0,1,0,0,0,0,1,0
161usa voter,151,2,1,1,0,0,0,1,1,0,0,0,1,1,0,0
161usa voter,151,3,0,0,0,0,0,0,0,1,0,0,0,0,0,1
161usa voter,151,3,1,1,0,0,0,1,1,0,0,1,0,1,0,1
162usa voter,152,1,1,1,0,0,0,1,0,0,1,1,0,0,1,0
162usa voter,152,1,0,0,0,1,0,0,0,0,1,0,1,0,1,1
162usa voter,152,2,1,1,0,0,0,0,0,0,1,1,0,0,1,1
162usa voter,152,2,0,0,1,0,0,1,0,1,0,0,0,1,0,1
162usa voter,152,3,1,0,0,0,0,1,0,0,0,1,0,1,0,1
162usa voter,152,3,0,0,0,0,0,1,0,1,0,0,1,0,0,0
163usa voter,153,1,1,0,1,0,0,1,0,0,0,0,0,0,1,1
163usa voter,153,1,0,0,0,0,0,1,0,1,0,1,0,0,1,1
163usa voter,153,2,1,0,0,1,0,0,0,0,0,0,1,0,1,1
163usa voter,153,2,0,0,0,1,0,1,0,0,0,0,0,0,1,1
163usa voter,153,3,0,1,0,0,1,0,0,0,0,0,1,0,1,0
163usa voter,153,3,1,0,1,0,0,0,0,0,1,0,1,0,0,1
164usa voter,154,1,1,0,0,1,0,1,1,0,0,0,1,1,0,0
164usa voter,154,1,0,0,0,0,0,0,1,0,0,0,1,0,1,0
164usa voter,154,2,1,1,0,0,1,0,0,0,0,0,1,1,0,1
164usa voter,154,2,0,0,0,0,0,1,0,1,0,1,0,0,0,0
164usa voter,154,3,0,0,1,0,0,1,0,0,1,0,0,1,0,1
164usa voter,154,3,1,0,0,0,0,0,0,0,1,1,0,1,0,0
165usa voter,155,1,0,1,0,0,1,0,1,0,0,1,0,0,0,0
165usa voter,155,1,1,1,0,0,1,0,0,1,0,1,0,1,0,1
165usa voter,155,2,1,1,0,0,0,1,1,0,0,1,0,1,0,0
165usa voter,155,2,0,0,1,0,1,0,0,0,1,0,1,0,0,1
165usa voter,155,3,0,0,1,0,0,0,0,1,0,0,0,0,0,1
165usa voter,155,3,1,0,0,0,0,1,1,0,0,0,0,0,1,0
166usa voter,156,1,0,0,0,1,0,0,0,0,1,1,0,0,0,0
166usa voter,156,1,1,1,0,0,0,1,0,0,0,0,0,0,0,1
166usa voter,156,2,1,1,0,0,0,1,0,1,0,1,0,0,0,1
166usa voter,156,2,0,0,0,0,0,1,0,1,0,1,0,0,0,0
166usa voter,156,3,0,0,0,1,1,0,1,0,0,0,1,0,1,0
166usa voter,156,3,1,1,0,0,1,0,0,0,1,1,0,0,1,0
167usa voter,157,1,1,0,0,1,0,1,0,0,1,0,0,0,1,1
167usa voter,157,1,0,0,0,1,0,0,1,0,0,0,1,0,0,0
167usa voter,157,2,1,0,0,1,0,0,0,0,0,0,1,0,0,0
167usa voter,157,2,0,0,0,0,1,0,1,0,0,0,1,1,0,1
167usa voter,157,3,1,0,0,0,1,0,0,0,0,0,1,0,1,1
167usa voter,157,3,0,0,0,1,1,0,0,1,0,0,1,0,1,0
168usa voter,158,1,0,0,1,0,0,1,1,0,0,0,1,1,0,0
168usa voter,158,1,1,1,0,0,0,1,0,1,0,0,0,0,0,0
168usa voter,158,2,0,0,1,0,0,0,1,0,0,0,1,1,0,1
168usa voter,158,2,1,0,0,1,0,1,0,1,0,0,0,0,0,0
168usa voter,158,3,1,0,1,0,1,0,1,0,0,0,1,0,0,0
168usa voter,158,3,0,0,0,0,0,1,1,0,0,0,0,0,1,0
169usa voter,159,1,0,0,0,0,0,0,1,0,0,0,0,0,1,0
169usa voter,159,1,1,0,1,0,1,0,0,0,0,1,0,0,1,1
169usa voter,159,2,0,1,0,0,0,1,1,0,0,0,1,1,0,0
169usa voter,159,2,1,0,0,0,0,1,0,1,0,0,0,0,1,0
169usa voter,159,3,0,0,0,0,1,0,1,0,0,0,1,0,0,0
169usa voter,159,3,1,0,0,0,0,0,1,0,0,0,1,0,1,1
170usa voter,160,1,1,0,0,0,1,0,0,0,0,0,1,0,0,0
170usa voter,160,1,0,0,0,0,1,0,1,0,0,0,1,1,0,0
170usa voter,160,2,1,0,0,0,0,1,1,0,0,0,0,0,0,1
170usa voter,160,2,0,1,0,0,0,1,0,1,0,0,0,0,0,1
170usa voter,160,3,1,0,0,0,1,0,0,1,0,1,0,0,0,0
170usa voter,160,3,0,1,0,0,1,0,0,0,0,1,0,0,1,1
171usa voter,161,1,1,0,0,0,1,0,0,0,0,0,1,0,1,0
171usa voter,161,1,0,0,1,0,0,1,1,0,0,0,1,0,1,0
171usa voter,161,2,0,0,1,0,1,0,0,0,1,1,0,0,0,1
171usa voter,161,2,1,1,0,0,0,1,0,0,1,1,0,0,1,1
171usa voter,161,3,1,0,0,1,0,0,0,0,0,1,0,0,1,0
171usa voter,161,3,0,0,1,0,1,0,1,0,0,0,0,1,0,0
172usa voter,162,1,0,0,0,0,0,1,1,0,0,0,0,1,0,0
172usa voter,162,1,1,0,0,0,1,0,0,1,0,1,0,0,1,0
172usa voter,162,2,1,0,1,0,1,0,1,0,0,0,0,0,0,1
172usa voter,162,2,0,0,0,1,0,0,0,0,1,0,1,1,0,1
172usa voter,162,3,0,1,0,0,0,0,0,0,1,1,0,0,1,1
172usa voter,162,3,1,0,0,1,1,0,0,0,0,0,0,1,0,0
173usa voter,163,1,0,0,1,0,1,0,0,0,1,0,0,1,0,1
173usa voter,163,1,1,1,0,0,0,1,0,0,0,0,1,1,0,0
173usa voter,163,2,1,0,0,1,0,1,0,0,1,0,0,0,0,1
173usa voter,163,2,0,0,0,1,1,0,0,1,0,1,0,1,0,0
173usa voter,163,3,1,1,0,0,0,1,0,0,0,0,1,0,0,0
173usa voter,163,3,0,0,0,1,1,0,0,0,0,0,1,0,0,1
174usa voter,164,1,0,0,0,1,1,0,1,0,0,1,0,1,0,1
174usa voter,164,1,1,0,0,1,1,0,0,1,0,0,0,0,0,0
174usa voter,164,2,1,0,0,1,1,0,0,1,0,1,0,0,0,1
174usa voter,164,2,0,0,1,0,0,0,0,0,1,0,0,0,0,0
174usa voter,164,3,0,0,0,0,0,0,0,1,0,0,1,0,0,0
174usa voter,164,3,1,0,0,1,1,0,0,0,1,0,1,1,0,1
175usa voter,165,1,1,0,0,0,1,0,0,0,0,0,0,0,1,0
175usa voter,165,1,0,0,0,0,0,0,0,0,1,0,1,0,0,0
175usa voter,165,2,0,0,0,0,0,1,0,0,1,0,0,1,0,0
175usa voter,165,2,1,0,0,1,1,0,0,1,0,0,1,0,0,0
175usa voter,165,3,0,1,0,0,0,0,0,0,0,1,0,1,0,0
175usa voter,165,3,1,1,0,0,1,0,0,1,0,1,0,0,0,1
176usa voter,166,1,0,0,0,1,1,0,0,0,1,1,0,0,0,0
176usa voter,166,1,1,1,0,0,0,1,0,0,0,1,0,0,1,1
176usa voter,166,2,0,0,0,0,0,0,0,1,0,0,1,1,0,1
176usa voter,166,2,1,0,1,0,0,1,0,1,0,1,0,0,1,1
176usa voter,166,3,1,0,0,1,0,1,0,0,0,0,0,1,0,0
176usa voter,166,3,0,0,0,1,1,0,1,0,0,1,0,0,1,0
177usa voter,167,1,1,0,0,1,0,0,1,0,0,1,0,0,1,1
177usa voter,167,1,0,1,0,0,1,0,0,0,1,0,1,0,1,1
177usa voter,167,2,1,0,0,0,0,0,0,1,0,0,1,0,0,1
177usa voter,167,2,0,1,0,0,0,0,0,1,0,1,0,0,0,0
177usa voter,167,3,0,0,0,0,1,0,1,0,0,0,0,0,0,1
177usa voter,167,3,1,0,0,0,0,0,0,0,1,0,1,0,0,0
178usa voter,168,1,1,0,0,0,0,0,0,0,1,1,0,0,0,0
178usa voter,168,1,0,0,1,0,0,1,0,1,0,0,1,0,1,1
178usa voter,168,2,1,0,0,1,0,0,0,0,1,1,0,1,0,0
178usa voter,168,2,0,0,0,0,0,0,0,0,0,0,0,0,1,1
178usa voter,168,3,1,0,1,0,0,0,0,1,0,0,1,1,0,0
178usa voter,168,3,0,1,0,0,0,1,0,0,0,1,0,1,0,1
179usa voter,169,1,1,0,1,0,1,0,0,0,1,0,1,0,1,0
179usa voter,169,1,0,1,0,0,0,0,1,0,0,0,0,0,0,1
179usa voter,169,2,0,0,1,0,0,1,0,0,0,1,0,1,0,0
179usa voter,169,2,1,0,0,1,1,0,0,0,0,0,0,0,0,0
179usa voter,169,3,0,0,0,0,0,1,0,1,0,0,1,0,1,0
179usa voter,169,3,1,0,0,0,0,0,0,1,0,1,0,1,0,1
180usa voter,170,1,0,0,0,0,0,0,1,0,0,0,0,1,0,1
180usa voter,170,1,1,0,0,0,0,1,0,0,0,0,0,0,0,0
180usa voter,170,2,1,0,1,0,0,1,1,0,0,0,0,0,1,1
180usa voter,170,2,0,0,0,1,0,0,0,0,0,1,0,0,1,1
180usa voter,170,3,1,1,0,0,0,1,0,0,0,1,0,0,0,0
180usa voter,170,3,0,0,0,0,0,1,1,0,0,0,1,0,0,1
181usa voter,171,1,0,0,0,0,1,0,0,0,0,0,1,0,1,1
181usa voter,171,1,1,0,0,1,0,0,1,0,0,0,1,1,0,1
181usa voter,171,2,0,0,0,1,0,1,0,0,0,1,0,0,1,1
181usa voter,171,2,1,0,1,0,1,0,0,0,0,0,0,1,0,0
181usa voter,171,3,0,0,1,0,0,0,0,1,0,1,0,0,0,0
181usa voter,171,3,1,0,1,0,0,0,0,0,0,0,1,0,1,1
182usa voter,172,1,0,0,0,0,0,1,0,1,0,0,1,0,1,0
182usa voter,172,1,1,1,0,0,0,1,0,0,1,0,1,0,0,1
182usa voter,172,2,0,1,0,0,0,1,0,0,1,1,0,1,0,1
182usa voter,172,2,1,0,1,0,0,0,1,0,0,0,0,0,0,1
182usa voter,172,3,1,0,0,0,0,1,0,1,0,0,0,1,0,1
182usa voter,172,3,0,0,0,0,0,1,1,0,0,0,0,0,1,0
183usa voter,173,1,0,0,1,0,1,0,0,1,0,0,0,0,1,0
183usa voter,173,1,1,0,0,1,1,0,0,0,0,0,0,0,0,0
183usa voter,173,2,1,0,1,0,0,1,0,0,1,1,0,0,0,0
183usa voter,173,2,0,0,1,0,1,0,1,0,0,0,0,0,1,0
183usa voter,173,3,1,0,0,0,1,0,0,0,1,0,1,1,0,1
183usa voter,173,3,0,1,0,0,0,0,1,0,0,0,0,0,1,0
184usa voter,174,1,0,0,0,1,1,0,0,1,0,0,1,0,1,0
184usa voter,174,1,1,0,0,1,0,0,0,0,1,1,0,1,0,1
184usa voter,174,2,0,0,0,0,1,0,0,0,0,0,1,0,1,0
184usa voter,174,2,1,0,1,0,0,0,0,1,0,0,1,1,0,0
184usa voter,174,3,0,1,0,0,1,0,0,0,0,1,0,0,1,0
184usa voter,174,3,1,0,1,0,0,0,0,1,0,1,0,1,0,0
185usa voter,175,1,1,0,0,1,0,1,1,0,0,0,1,1,0,0
185usa voter,175,1,0,0,0,0,1,0,0,0,1,1,0,1,0,1
185usa voter,175,2,0,0,0,0,0,1,0,0,0,1,0,0,0,0
185usa voter,175,2,1,0,1,0,0,1,0,0,0,1,0,0,0,1
185usa voter,175,3,0,0,0,0,1,0,0,0,1,0,0,0,1,1
185usa voter,175,3,1,1,0,0,0,0,0,1,0,0,1,0,1,1
186usa voter,176,1,1,0,0,0,0,1,0,1,0,1,0,1,0,0
186usa voter,176,1,0,1,0,0,1,0,0,1,0,0,1,0,1,1
186usa voter,176,2,1,0,1,0,0,1,0,1,0,0,1,1,0,0
186usa voter,176,2,0,0,1,0,0,0,0,0,1,0,1,0,0,0
186usa voter,176,3,0,0,0,1,0,0,0,0,1,1,0,0,0,0
186usa voter,176,3,1,0,1,0,0,1,0,1,0,0,0,1,0,0
187usa voter,177,1,0,0,0,0,0,0,1,0,0,0,1,0,1,0
187usa voter,177,1,1,0,0,0,1,0,0,0,1,1,0,0,1,1
187usa voter,177,2,0,0,0,1,1,0,0,1,0,0,0,0,1,0
187usa voter,177,2,1,0,0,1,0,0,1,0,0,1,0,1,0,0
187usa voter,177,3,0,0,0,0,1,0,0,1,0,0,0,0,0,0
187usa voter,177,3,1,0,1,0,0,1,1,0,0,0,1,0,1,1
188usa voter,178,1,0,1,0,0,1,0,0,0,0,0,0,1,0,0
188usa voter,178,1,1,0,1,0,1,0,0,0,1,0,1,0,1,0
188usa voter,178,2,1,0,0,1,0,0,1,0,0,0,0,0,0,0
188usa voter,178,2,0,0,0,0,0,1,0,0,0,0,1,0,0,1
188usa voter,178,3,0,0,0,0,0,1,0,0,0,1,0,1,0,1
188usa voter,178,3,1,0,1,0,0,0,0,0,1,1,0,0,0,0
189usa voter,179,1,1,0,0,1,1,0,0,1,0,1,0,1,0,0
189usa voter,179,1,0,0,0,1,0,1,0,0,0,0,1,0,1,0
189usa voter,179,2,1,0,0,1,1,0,0,0,0,0,1,0,1,0
189usa voter,179,2,0,0,1,0,1,0,0,1,0,1,0,1,0,1
189usa voter,179,3,1,0,0,1,0,0,0,0,1,0,0,0,1,0
189usa voter,179,3,0,0,0,0,1,0,0,0,1,1,0,0,1,1
190usa voter,180,1,0,0,1,0,0,0,0,0,1,0,1,0,0,1
190usa voter,180,1,1,0,1,0,0,0,1,0,0,1,0,0,0,1
190usa voter,180,2,1,0,0,1,0,0,0,0,1,0,0,0,0,0
190usa voter,180,2,0,0,1,0,1,0,0,0,0,0,0,0,1,1
190usa voter,180,3,1,0,1,0,0,1,0,1,0,0,0,1,0,1
190usa voter,180,3,0,1,0,0,0,0,0,0,0,0,0,1,0,1
191usa voter,181,1,0,0,1,0,0,1,0,1,0,0,0,0,0,1
191usa voter,181,1,1,0,0,0,0,0,0,1,0,0,1,0,0,0
191usa voter,181,2,1,0,1,0,1,0,0,0,1,1,0,0,0,1
191usa voter,181,2,0,0,0,1,0,1,0,0,0,0,0,0,1,0
191usa voter,181,3,1,0,0,1,0,0,0,0,0,0,0,1,0,0
191usa voter,181,3,0,1,0,0,0,1,1,0,0,0,0,0,0,1
192usa voter,182,1,0,1,0,0,0,1,0,0,0,1,0,1,0,0
192usa voter,182,1,1,0,0,1,0,1,0,0,1,0,0,1,0,1
192usa voter,182,2,0,0,0,1,0,0,1,0,0,0,0,0,1,0
192usa voter,182,2,1,0,1,0,0,1,0,0,0,0,1,1,0,1
192usa voter,182,3,1,0,1,0,1,0,0,1,0,1,0,1,0,0
192usa voter,182,3,0,0,1,0,1,0,0,1,0,1,0,0,0,1
193usa voter,183,1,1,0,0,1,0,0,0,0,0,1,0,1,0,1
193usa voter,183,1,0,0,0,0,0,0,1,0,0,0,1,1,0,0
193usa voter,183,2,1,0,1,0,0,1,0,0,0,1,0,0,1,1
193usa voter,183,2,0,0,0,1,0,1,0,1,0,0,1,0,1,1
193usa voter,183,3,1,0,1,0,0,1,0,0,0,1,0,0,0,1
193usa voter,183,3,0,0,0,1,0,1,0,0,0,0,1,0,0,0
194usa voter,184,1,0,1,0,0,0,1,0,1,0,0,0,0,0,1
194usa voter,184,1,1,0,1,0,0,1,0,1,0,0,1,0,0,0
194usa voter,184,2,1,1,0,0,0,1,1,0,0,0,1,1,0,1
194usa voter,184,2,0,0,0,0,1,0,0,1,0,0,1,1,0,0
194usa voter,184,3,0,0,0,0,1,0,1,0,0,0,0,0,1,1
194usa voter,184,3,1,1,0,0,0,0,0,1,0,0,0,0,0,1
195usa voter,185,1,0,0,0,1,0,0,1,0,0,0,1,1,0,0
195usa voter,185,1,1,0,0,1,1,0,1,0,0,0,1,0,1,1
195usa voter,185,2,1,0,0,0,0,0,0,0,0,1,0,0,0,0
195usa voter,185,2,0,0,0,0,0,0,1,0,0,1,0,0,0,0
195usa voter,185,3,1,0,0,0,1,0,0,0,0,0,0,0,1,0
195usa voter,185,3,0,0,1,0,0,1,1,0,0,0,0,1,0,0
196usa voter,186,1,1,0,1,0,0,1,0,0,0,0,1,0,0,0
196usa voter,186,1,0,1,0,0,0,0,0,0,0,0,1,0,1,0
196usa voter,186,2,1,0,1,0,1,0,0,1,0,1,0,0,1,0
196usa voter,186,2,0,1,0,0,0,0,0,0,1,0,1,0,0,1
196usa voter,186,3,1,0,0,1,0,0,0,0,1,0,1,0,0,1
196usa voter,186,3,0,0,0,1,0,0,0,0,0,0,1,0,0,1
197usa voter,187,1,1,0,1,0,1,0,1,0,0,0,0,0,1,0
197usa voter,187,1,0,0,1,0,1,0,1,0,0,1,0,0,1,1
197usa voter,187,2,1,1,0,0,1,0,0,1,0,0,1,1,0,1
197usa voter,187,2,0,0,0,1,1,0,1,0,0,1,0,0,0,0
197usa voter,187,3,0,1,0,0,0,1,0,1,0,0,1,0,0,1
197usa voter,187,3,1,0,0,1,0,0,0,0,1,0,1,1,0,0
198usa voter,188,1,1,0,0,0,0,0,1,0,0,0,1,0,1,0
198usa voter,188,1,0,0,0,1,0,0,0,0,0,0,0,0,0,1
198usa voter,188,2,1,0,0,0,0,0,0,0,1,0,0,0,1,1
198usa voter,188,2,0,1,0,0,0,1,1,0,0,1,0,0,0,0
198usa voter,188,3,1,0,0,1,0,1,0,0,1,0,0,1,0,0
198usa voter,188,3,0,0,0,1,0,0,1,0,0,1,0,1,0,0
199usa voter,189,1,1,0,1,0,0,1,1,0,0,0,0,0,1,1
199usa voter,189,1,0,0,1,0,0,0,0,0,1,1,0,0,1,0
199usa voter,189,2,1,0,0,1,0,1,0,0,1,1,0,0,1,0
199usa voter,189,2,0,0,0,1,0,1,1,0,0,1,0,0,0,1
199usa voter,189,3,0,0,0,0,1,0,0,0,0,0,1,0,1,1
199usa voter,189,3,1,0,0,1,0,1,0,0,1,1,0,0,0,0
201usa voter,190,1,0,0,0,1,0,0,1,0,0,1,0,0,1,0
201usa voter,190,1,1,1,0,0,0,1,1,0,0,0,0,0,0,0
201usa voter,190,2,0,0,1,0,0,1,0,0,1,1,0,1,0,1
201usa voter,190,2,1,0,1,0,1,0,0,1,0,1,0,0,1,0
201usa voter,190,3,1,1,0,0,0,1,0,0,0,0,1,0,1,1
201usa voter,190,3,0,0,0,0,0,1,0,0,0,1,0,0,0,0
202usa voter,191,1,0,1,0,0,0,0,0,1,0,0,0,0,0,1
202usa voter,191,1,1,0,0,1,0,1,0,1,0,1,0,0,1,0
202usa voter,191,2,0,1,0,0,0,1,0,1,0,0,1,0,1,1
202usa voter,191,2,1,1,0,0,0,1,0,0,0,1,0,0,1,1
202usa voter,191,3,0,0,0,1,0,1,0,1,0,1,0,0,1,1
202usa voter,191,3,1,0,1,0,0,0,0,0,0,1,0,1,0,1
203usa voter,192,1,1,0,0,1,1,0,0,1,0,0,1,1,0,0
203usa voter,192,1,0,1,0,0,0,0,0,1,0,0,1,0,1,1
203usa voter,192,2,0,0,1,0,1,0,0,1,0,1,0,0,1,0
203usa voter,192,2,1,0,0,0,0,0,0,0,1,0,1,0,1,1
203usa voter,192,3,0,0,1,0,1,0,0,0,0,0,0,0,1,0
203usa voter,192,3,1,1,0,0,1,0,0,1,0,0,1,0,1,0
205usa voter,193,1,0,0,0,0,0,0,0,1,0,0,1,1,0,0
205usa voter,193,1,1,0,1,0,1,0,0,1,0,1,0,0,1,1
205usa voter,193,2,0,1,0,0,0,1,0,1,0,1,0,0,1,0
205usa voter,193,2,1,0,0,1,0,1,0,1,0,0,0,0,0,1
205usa voter,193,3,1,1,0,0,0,0,0,1,0,0,1,0,1,1
205usa voter,193,3,0,1,0,0,0,1,0,0,0,0,0,0,1,1
206usa voter,194,1,1,0,0,0,1,0,1,0,0,0,1,0,1,1
206usa voter,194,1,0,0,0,0,0,0,0,0,0,1,0,0,0,0
206usa voter,194,2,1,1,0,0,0,0,0,0,1,0,1,0,1,0
206usa voter,194,2,0,0,1,0,0,0,1,0,0,0,1,1,0,1
206usa voter,194,3,0,0,0,0,1,0,1,0,0,1,0,1,0,0
206usa voter,194,3,1,0,0,0,0,1,0,0,0,0,1,0,1,1
207usa voter,195,1,0,0,0,0,1,0,0,0,0,1,0,1,0,1
207usa voter,195,1,1,0,0,1,0,0,0,0,0,0,1,0,1,1
207usa voter,195,2,0,1,0,0,1,0,1,0,0,0,1,0,1,1
207usa voter,195,2,1,0,0,0,0,0,0,1,0,0,0,0,1,0
207usa voter,195,3,1,0,0,1,0,0,0,1,0,1,0,0,1,1
207usa voter,195,3,0,0,0,1,0,1,0,1,0,0,0,0,0,0
208usa voter,196,1,0,0,1,0,0,0,1,0,0,1,0,0,0,0
208usa voter,196,1,1,0,0,1,1,0,0,1,0,0,0,0,1,0
208usa voter,196,2,0,0,1,0,1,0,1,0,0,0,0,1,0,0
208usa voter,196,2,1,1,0,0,0,1,0,1,0,0,0,1,0,1
208usa voter,196,3,1,0,0,1,1,0,0,1,0,0,1,0,1,1
208usa voter,196,3,0,1,0,0,0,0,0,0,1,0,1,1,0,0
209usa voter,197,1,0,0,1,0,1,0,0,0,0,0,0,1,0,1
209usa voter,197,1,1,0,1,0,1,0,0,1,0,1,0,0,1,0
209usa voter,197,2,1,0,0,1,0,0,0,1,0,0,0,0,0,0
209usa voter,197,2,0,1,0,0,1,0,0,0,0,0,0,0,1,1
209usa voter,197,3,1,1,0,0,0,0,0,0,0,1,0,0,1,0
209usa voter,197,3,0,0,0,0,0,1,0,1,0,0,0,1,0,0
210usa voter,198,1,0,1,0,0,0,0,0,0,1,0,1,0,1,0
210usa voter,198,1,1,1,0,0,0,0,0,0,1,1,0,1,0,1
210usa voter,198,2,0,0,1,0,0,0,0,0,0,0,1,0,1,1
210usa voter,198,2,1,0,0,1,0,0,0,1,0,1,0,1,0,0
210usa voter,198,3,1,0,1,0,0,1,0,0,0,0,1,1,0,0
210usa voter,198,3,0,0,0,1,0,1,0,0,1,0,1,0,0,1
211usa voter,199,1,0,0,1,0,0,0,1,0,0,0,0,0,0,1
211usa voter,199,1,1,0,0,0,0,1,0,0,0,1,0,1,0,1
211usa voter,199,2,0,0,0,0,1,0,0,0,0,0,0,0,1,0
211usa voter,199,2,1,0,0,1,1,0,0,0,0,0,1,0,1,0
211usa voter,199,3,1,1,0,0,1,0,1,0,0,0,0,0,1,1
211usa voter,199,3,0,0,0,1,0,0,1,0,0,0,0,0,1,1
212usa voter,200,1,0,0,1,0,1,0,0,0,1,0,0,0,1,0
212usa voter,200,1,1,0,1,0,0,1,0,0,1,1,0,1,0,1
212usa voter,200,2,1,1,0,0,0,1,0,1,0,1,0,0,1,1
212usa voter,200,2,0,1,0,0,1,0,1,0,0,0,0,0,1,0
212usa voter,200,3,0,0,1,0,0,1,0,0,0,0,1,1,0,1
212usa voter,200,3,1,1,0,0,1,0,0,1,0,0,1,0,0,0
213usa voter,201,1,0,0,1,0,0,1,1,0,0,1,0,1,0,0
213usa voter,201,1,1,0,0,0,0,0,0,0,0,0,1,0,0,1
213usa voter,201,2,1,0,1,0,0,0,0,0,1,1,0,1,0,1
213usa voter,201,2,0,0,1,0,0,0,1,0,0,0,0,1,0,1
213usa voter,201,3,1,1,0,0,1,0,0,1,0,0,1,1,0,1
213usa voter,201,3,0,0,0,0,0,1,0,1,0,1,0,0,0,1
214usa voter,202,1,0,0,0,1,0,1,0,1,0,0,1,0,1,1
214usa voter,202,1,1,0,1,0,1,0,0,0,1,0,1,0,1,0
214usa voter,202,2,1,0,0,0,1,0,0,1,0,1,0,0,0,1
214usa voter,202,2,0,0,0,1,1,0,0,0,1,0,0,1,0,0
214usa voter,202,3,0,0,0,0,0,0,1,0,0,0,1,0,1,1
214usa voter,202,3,1,0,0,0,0,0,0,0,1,0,1,0,1,1
215usa voter,203,1,1,0,0,0,0,1,0,0,1,1,0,0,0,1
215usa voter,203,1,0,0,0,1,0,0,1,0,0,0,0,0,1,1
215usa voter,203,2,0,0,1,0,0,0,0,0,1,0,1,0,1,0
215usa voter,203,2,1,1,0,0,0,0,1,0,0,1,0,0,1,1
215usa voter,203,3,0,0,0,0,1,0,0,0,0,0,0,1,0,1
215usa voter,203,3,1,0,0,0,0,0,0,1,0,0,0,0,0,0
216usa voter,204,1,0,0,1,0,0,1,1,0,0,0,0,1,0,0
216usa voter,204,1,1,0,0,0,0,1,0,0,1,1,0,1,0,0
216usa voter,204,2,1,0,1,0,0,1,1,0,0,0,1,0,1,0
216usa voter,204,2,0,0,0,1,0,0,1,0,0,1,0,0,1,1
216usa voter,204,3,1,0,0,1,1,0,0,1,0,1,0,0,1,0
216usa voter,204,3,0,1,0,0,0,1,0,0,1,0,0,0,1,1
217usa voter,205,1,1,0,0,1,0,1,0,1,0,1,0,0,0,1
217usa voter,205,1,0,0,0,0,1,0,0,0,0,0,1,0,0,1
217usa voter,205,2,1,0,1,0,0,1,0,0,1,0,0,1,0,0
217usa voter,205,2,0,0,1,0,0,0,0,0,1,0,1,0,0,1
217usa voter,205,3,1,0,0,0,0,0,0,0,0,0,0,1,0,1
217usa voter,205,3,0,0,0,0,1,0,1,0,0,0,1,0,1,1
218usa voter,206,1,0,0,0,0,0,0,0,1,0,0,1,0,0,1
218usa voter,206,1,1,1,0,0,0,0,0,0,0,1,0,0,0,1
218usa voter,206,2,0,0,0,0,0,1,0,0,0,1,0,0,1,0
218usa voter,206,2,1,0,0,1,0,1,0,0,0,1,0,0,1,1
218usa voter,206,3,1,0,0,0,0,1,1,0,0,0,0,1,0,1
218usa voter,206,3,0,0,0,0,0,1,1,0,0,0,0,0,1,1
219usa voter,207,1,1,0,0,0,0,0,0,1,0,1,0,1,0,0
219usa voter,207,1,0,0,0,0,0,0,1,0,0,0,1,1,0,0
219usa voter,207,2,1,0,1,0,0,0,0,0,1,0,1,0,0,0
219usa voter,207,2,0,0,1,0,0,0,0,0,1,0,1,1,0,0
220usa voter,208,1,1,1,0,0,1,0,0,1,0,0,0,1,0,0
220usa voter,208,1,0,0,0,0,1,0,1,0,0,0,0,0,1,1
220usa voter,208,2,1,0,1,0,0,0,0,0,1,0,1,0,1,1
220usa voter,208,2,0,0,0,0,1,0,0,0,0,1,0,0,1,0
220usa voter,208,3,1,1,0,0,0,0,0,0,1,0,0,0,1,0
220usa voter,208,3,0,0,0,0,0,1,0,0,0,0,1,1,0,0
221usa voter,209,1,1,0,0,0,0,0,0,1,0,0,1,0,1,0
221usa voter,209,1,0,0,0,0,0,1,0,0,1,1,0,0,0,0
221usa voter,209,2,0,0,0,1,1,0,0,0,0,0,0,1,0,1
221usa voter,209,2,1,0,0,0,0,0,0,1,0,0,0,1,0,1
221usa voter,209,3,0,0,1,0,1,0,0,0,0,0,1,0,1,0
221usa voter,209,3,1,0,1,0,0,1,0,0,1,0,1,0,0,1
222usa voter,210,1,0,0,1,0,0,0,0,0,1,0,1,0,1,1
222usa voter,210,1,1,0,1,0,0,1,0,0,0,1,0,1,0,0
222usa voter,210,2,1,0,0,1,0,1,0,1,0,0,1,1,0,0
222usa voter,210,2,0,0,0,1,1,0,0,1,0,1,0,0,0,1
222usa voter,210,3,0,0,1,0,0,1,0,0,1,0,1,1,0,1
222usa voter,210,3,1,0,0,1,0,1,0,1,0,0,0,1,0,1
223usa voter,211,1,1,0,0,1,0,1,1,0,0,0,0,0,0,0
223usa voter,211,1,0,0,1,0,0,1,0,0,0,0,0,1,0,0
223usa voter,211,2,1,0,0,1,0,1,0,0,1,0,0,1,0,0
223usa voter,211,2,0,0,0,0,1,0,1,0,0,1,0,0,0,0
223usa voter,211,3,1,0,1,0,0,0,0,1,0,1,0,1,0,1
223usa voter,211,3,0,1,0,0,1,0,0,0,0,1,0,0,0,1
224usa voter,212,1,1,0,0,1,0,1,0,1,0,0,1,0,1,1
224usa voter,212,1,0,0,0,0,0,1,0,0,1,1,0,0,0,1
224usa voter,212,2,1,1,0,0,0,1,0,0,1,1,0,0,0,0
224usa voter,212,2,0,1,0,0,0,0,1,0,0,0,1,0,1,0
224usa voter,212,3,1,0,0,1,0,1,0,0,0,0,1,1,0,1
224usa voter,212,3,0,0,0,0,0,1,1,0,0,0,1,1,0,0
225usa voter,213,1,1,0,1,0,1,0,0,0,1,0,0,0,1,0
225usa voter,213,1,0,0,0,1,0,1,0,0,0,0,1,0,0,1
225usa voter,213,2,1,0,0,1,1,0,0,0,0,1,0,1,0,0
225usa voter,213,2,0,0,0,1,0,0,0,0,0,0,1,1,0,1
225usa voter,213,3,0,0,0,0,1,0,1,0,0,0,1,0,1,0
225usa voter,213,3,1,1,0,0,1,0,0,1,0,0,0,0,1,1
226usa voter,214,1,0,0,0,1,0,1,0,0,0,0,1,1,0,1
226usa voter,214,1,1,0,0,1,0,0,0,0,1,0,1,1,0,0
226usa voter,214,2,0,0,1,0,0,1,1,0,0,0,0,1,0,1
226usa voter,214,2,1,0,1,0,0,0,0,0,1,0,0,0,1,1
226usa voter,214,3,1,1,0,0,1,0,1,0,0,1,0,1,0,0
226usa voter,214,3,0,1,0,0,1,0,1,0,0,0,0,0,0,0
227usa voter,215,1,1,1,0,0,0,0,0,1,0,1,0,0,1,0
227usa voter,215,1,0,1,0,0,0,0,0,0,0,0,1,0,0,0
227usa voter,215,2,0,0,0,1,0,1,0,0,1,1,0,0,0,1
227usa voter,215,2,1,1,0,0,0,1,0,0,0,0,0,0,1,1
227usa voter,215,3,0,0,1,0,1,0,1,0,0,0,1,0,0,1
227usa voter,215,3,1,0,1,0,0,1,0,0,1,1,0,1,0,0
228usa voter,216,1,0,0,0,1,0,1,0,0,1,0,0,0,1,0
228usa voter,216,1,1,0,0,0,0,0,0,1,0,0,1,0,1,1
228usa voter,216,2,1,0,0,1,0,1,0,1,0,1,0,0,0,1
228usa voter,216,2,0,1,0,0,0,0,0,0,1,0,1,0,0,1
228usa voter,216,3,1,1,0,0,0,0,0,1,0,0,0,0,1,0
228usa voter,216,3,0,0,0,1,0,0,0,0,1,1,0,0,1,0
229usa voter,217,1,0,0,1,0,0,1,0,0,0,0,1,1,0,0
229usa voter,217,1,1,1,0,0,1,0,1,0,0,1,0,0,1,0
229usa voter,217,2,0,0,1,0,0,0,0,1,0,0,1,1,0,0
229usa voter,217,2,1,0,1,0,1,0,0,1,0,1,0,0,0,0
229usa voter,217,3,1,0,1,0,0,1,0,0,0,1,0,0,0,1
229usa voter,217,3,0,0,0,1,0,0,0,0,1,0,0,1,0,0
230usa voter,218,1,0,0,0,1,0,0,0,0,0,0,1,1,0,1
230usa voter,218,1,1,1,0,0,0,0,0,1,0,0,0,0,0,0
230usa voter,218,2,0,0,0,0,0,1,1,0,0,0,1,0,1,1
230usa voter,218,2,1,0,1,0,0,0,0,1,0,0,0,0,1,0
230usa voter,218,3,1,0,0,0,0,0,0,0,1,1,0,1,0,0
230usa voter,218,3,0,0,0,0,1,0,0,0,1,1,0,0,1,1
231usa voter,219,1,1,0,0,0,0,0,1,0,0,0,0,0,0,1
231usa voter,219,1,0,0,1,0,1,0,0,0,1,1,0,1,0,1
231usa voter,219,2,0,0,0,1,0,0,0,0,0,0,1,0,1,1
231usa voter,219,2,1,0,0,1,1,0,1,0,0,0,1,1,0,0
231usa voter,219,3,0,0,0,0,1,0,0,1,0,0,0,0,0,1
231usa voter,219,3,1,0,0,1,0,1,0,1,0,0,0,1,0,0
232usa voter,220,1,1,1,0,0,0,1,0,1,0,1,0,0,1,1
232usa voter,220,1,0,1,0,0,0,1,0,0,0,0,0,1,0,0
232usa voter,220,2,0,0,0,0,0,0,0,0,1,0,1,1,0,1
232usa voter,220,2,1,1,0,0,1,0,1,0,0,0,1,1,0,0
232usa voter,220,3,1,0,1,0,0,0,1,0,0,0,0,1,0,0
232usa voter,220,3,0,0,0,0,1,0,1,0,0,0,1,0,1,0
233usa voter,221,1,1,0,0,0,1,0,0,0,0,0,0,1,0,1
233usa voter,221,1,0,1,0,0,1,0,1,0,0,1,0,0,1,1
233usa voter,221,2,1,0,0,1,0,0,0,1,0,1,0,0,1,1
233usa voter,221,2,0,1,0,0,0,1,1,0,0,1,0,0,1,0
233usa voter,221,3,1,0,1,0,1,0,0,0,1,0,1,0,1,0
233usa voter,221,3,0,1,0,0,1,0,0,1,0,1,0,0,1,0
234usa voter,222,1,1,0,0,1,1,0,1,0,0,0,1,0,0,1
234usa voter,222,1,0,1,0,0,0,0,0,0,1,1,0,1,0,0
234usa voter,222,2,1,0,0,1,0,0,0,1,0,0,1,0,1,1
234usa voter,222,2,0,0,0,1,1,0,0,0,0,1,0,0,1,1
234usa voter,222,3,0,0,0,0,0,1,1,0,0,0,0,0,0,0
234usa voter,222,3,1,0,1,0,0,1,0,0,1,1,0,0,1,1
235usa voter,223,1,0,0,0,0,0,1,0,0,1,0,0,0,1,1
235usa voter,223,1,1,0,0,1,1,0,0,0,1,0,0,1,0,0
235usa voter,223,2,1,0,0,1,0,0,0,0,0,1,0,1,0,0
235usa voter,223,2,0,0,0,1,0,0,0,1,0,0,1,1,0,1
235usa voter,223,3,1,0,0,1,1,0,0,0,1,0,1,0,0,1
235usa voter,223,3,0,0,0,0,0,1,0,0,0,0,0,0,0,0
236usa voter,224,1,0,1,0,0,0,0,0,0,0,0,0,0,1,0
236usa voter,224,1,1,0,0,1,0,1,0,0,0,0,1,0,1,1
236usa voter,224,2,0,0,0,1,0,0,0,0,0,0,1,1,0,0
236usa voter,224,2,1,0,0,1,0,0,0,0,0,0,0,0,0,0
236usa voter,224,3,1,0,0,1,0,1,0,0,0,0,1,1,0,0
236usa voter,224,3,0,1,0,0,0,1,0,0,0,0,1,1,0,0
237usa voter,225,1,0,0,1,0,0,0,0,0,1,0,1,1,0,1
237usa voter,225,1,1,0,1,0,1,0,0,0,1,1,0,1,0,0
237usa voter,225,2,1,0,0,1,1,0,0,1,0,1,0,0,0,1
237usa voter,225,2,0,0,1,0,0,0,0,0,0,1,0,0,1,1
237usa voter,225,3,1,0,0,1,0,0,0,1,0,0,1,0,1,1
237usa voter,225,3,0,0,1,0,1,0,0,0,1,0,1,0,1,1
238usa voter,226,1,0,0,0,0,0,0,1,0,0,0,0,1,0,1
238usa voter,226,1,1,1,0,0,0,0,1,0,0,0,0,1,0,1
238usa voter,226,2,1,1,0,0,0,0,0,1,0,0,1,0,1,1
238usa voter,226,2,0,0,0,1,0,0,0,0,0,0,0,0,1,1
238usa voter,226,3,1,0,1,0,0,1,1,0,0,0,1,0,1,0
238usa voter,226,3,0,1,0,0,0,0,0,1,0,1,0,0,0,0
239usa voter,227,1,1,0,0,0,0,1,0,0,0,0,0,0,1,1
239usa voter,227,1,0,1,0,0,0,1,0,0,1,1,0,0,0,0
239usa voter,227,2,0,1,0,0,1,0,0,0,1,0,1,1,0,1
239usa voter,227,2,1,1,0,0,0,1,0,1,0,0,1,0,1,1
239usa voter,227,3,1,0,1,0,0,0,0,0,1,1,0,0,0,1
239usa voter,227,3,0,1,0,0,0,1,0,1,0,0,0,1,0,1
240usa voter,228,1,0,0,0,1,0,1,0,0,0,0,1,0,0,1
240usa voter,228,1,1,1,0,0,0,0,0,1,0,0,0,1,0,0
240usa voter,228,2,1,0,1,0,0,1,0,0,1,0,0,1,0,1
240usa voter,228,2,0,0,0,0,1,0,1,0,0,0,0,0,0,1
240usa voter,228,3,0,0,0,0,1,0,0,0,0,1,0,1,0,0
240usa voter,228,3,1,0,0,0,0,0,1,0,0,1,0,0,1,1
241usa voter,229,1,1,0,0,0,0,1,0,1,0,0,0,1,0,0
241usa voter,229,1,0,1,0,0,0,0,1,0,0,1,0,1,0,1
241usa voter,229,2,0,0,0,0,0,0,1,0,0,0,0,1,0,1
241usa voter,229,2,1,0,0,1,1,0,1,0,0,0,1,0,0,0
241usa voter,229,3,1,0,0,0,0,1,0,1,0,1,0,0,1,1
241usa voter,229,3,0,0,0,1,0,1,0,0,0,1,0,0,1,1
242usa voter,230,1,1,0,0,1,1,0,0,0,0,0,0,0,0,1
242usa voter,230,1,0,0,0,1,0,0,0,0,0,0,1,0,0,0
242usa voter,230,2,1,1,0,0,1,0,1,0,0,0,1,0,1,0
242usa voter,230,2,0,0,0,1,0,0,0,1,0,1,0,0,0,0
242usa voter,230,3,0,1,0,0,1,0,0,0,1,0,0,0,0,0
242usa voter,230,3,1,0,0,0,0,0,0,0,1,0,0,0,1,1
243usa voter,231,1,1,0,0,0,0,1,0,0,1,1,0,0,1,1
243usa voter,231,1,0,0,0,1,0,1,1,0,0,1,0,0,0,0
243usa voter,231,2,1,0,0,0,0,1,0,1,0,0,0,0,0,1
243usa voter,231,2,0,0,1,0,0,1,0,1,0,1,0,1,0,0
243usa voter,231,3,1,1,0,0,0,0,0,0,1,1,0,0,1,1
243usa voter,231,3,0,1,0,0,0,1,0,0,0,0,0,1,0,1
244usa voter,232,1,1,0,0,0,1,0,0,1,0,0,1,1,0,1
244usa voter,232,1,0,1,0,0,1,0,0,1,0,0,0,1,0,0
244usa voter,232,2,1,0,1,0,0,0,1,0,0,0,1,0,1,1
244usa voter,232,2,0,0,0,0,0,1,0,0,1,0,0,0,1,0
244usa voter,232,3,1,1,0,0,0,1,0,0,1,0,0,0,1,1
244usa voter,232,3,0,0,0,0,0,0,1,0,0,1,0,1,0,0
245usa voter,233,1,1,0,0,0,0,1,0,1,0,1,0,0,1,0
245usa voter,233,1,0,0,1,0,1,0,0,1,0,1,0,0,1,1
245usa voter,233,2,1,1,0,0,0,1,0,1,0,0,0,0,1,0
245usa voter,233,2,0,0,0,1,1,0,0,1,0,1,0,1,0,1
245usa voter,233,3,1,1,0,0,1,0,0,1,0,0,0,0,1,1
245usa voter,233,3,0,1,0,0,1,0,0,0,0,0,0,0,1,1
246usa voter,234,1,1,0,0,0,0,0,1,0,0,0,0,0,1,1
246usa voter,234,1,0,0,1,0,0,0,0,1,0,0,1,0,0,1
246usa voter,234,2,0,0,0,1,1,0,0,0,1,1,0,0,0,0
246usa voter,234,2,1,0,0,1,0,0,0,0,1,0,0,1,0,0
246usa voter,234,3,1,0,1,0,1,0,1,0,0,0,1,0,1,1
246usa voter,234,3,0,1,0,0,0,1,0,1,0,0,1,0,0,1
247usa voter,235,1,0,0,0,0,0,0,0,0,0,0,0,0,0,0
247usa voter,235,1,1,1,0,0,0,0,0,1,0,0,0,0,0,1
247usa voter,235,2,0,0,0,0,0,0,0,0,1,1,0,0,1,1
247usa voter,235,2,1,0,1,0,1,0,0,0,1,1,0,0,0,0
247usa voter,235,3,1,0,1,0,1,0,0,1,0,1,0,1,0,1
247usa voter,235,3,0,0,0,1,0,0,1,0,0,0,0,1,0,1
248usa voter,236,1,0,1,0,0,0,0,0,1,0,0,0,1,0,1
248usa voter,236,1,1,0,0,1,1,0,0,1,0,1,0,0,0,1
248usa voter,236,2,0,0,0,0,1,0,0,0,0,0,1,0,0,1
248usa voter,236,2,1,0,0,1,0,1,1,0,0,0,0,1,0,0
248usa voter,236,3,1,1,0,0,1,0,1,0,0,1,0,1,0,1
248usa voter,236,3,0,0,1,0,1,0,0,0,0,1,0,0,0,1
249usa voter,237,1,0,0,0,1,0,0,0,0,0,0,0,1,0,0
249usa voter,237,1,1,0,0,0,0,0,1,0,0,1,0,0,0,0
249usa voter,237,2,0,0,0,0,0,0,0,0,1,0,0,1,0,1
249usa voter,237,2,1,1,0,0,0,1,0,1,0,0,0,0,1,0
249usa voter,237,3,0,1,0,0,0,1,0,0,1,0,1,0,1,0
249usa voter,237,3,1,0,0,1,0,1,1,0,0,0,1,1,0,1
250usa voter,238,1,0,0,0,1,0,1,1,0,0,0,1,1,0,1
250usa voter,238,1,1,0,1,0,0,1,0,0,0,0,0,0,0,0
250usa voter,238,2,1,1,0,0,0,1,1,0,0,1,0,1,0,1
250usa voter,238,2,0,0,0,1,1,0,0,0,0,0,0,1,0,1
250usa voter,238,3,0,0,0,1,0,0,1,0,0,0,0,0,1,0
250usa voter,238,3,1,0,0,1,0,0,1,0,0,0,1,0,1,1
251usa voter,239,1,0,0,0,0,0,0,0,0,0,0,0,0,1,1
251usa voter,239,1,1,0,1,0,0,1,0,0,1,1,0,0,1,1
251usa voter,239,2,0,0,0,0,1,0,0,0,0,1,0,1,0,1
251usa voter,239,2,1,0,1,0,0,0,0,0,1,0,1,1,0,1
251usa voter,239,3,1,0,1,0,1,0,0,0,1,0,1,0,0,1
251usa voter,239,3,0,1,0,0,1,0,0,0,0,0,1,1,0,0
252usa voter,240,1,1,0,0,0,0,1,0,1,0,1,0,0,1,1
252usa voter,240,1,0,0,0,0,0,0,0,0,0,0,1,0,0,0
252usa voter,240,2,1,0,1,0,0,0,1,0,0,1,0,0,1,1
252usa voter,240,2,0,0,0,0,0,1,1,0,0,0,1,0,1,1
252usa voter,240,3,0,0,1,0,0,0,0,1,0,0,0,0,0,1
252usa voter,240,3,1,1,0,0,1,0,0,0,1,1,0,1,0,0
253usa voter,241,1,1,1,0,0,0,0,0,1,0,1,0,0,0,1
253usa voter,241,1,0,0,0,0,0,1,1,0,0,0,1,1,0,0
253usa voter,241,2,1,0,1,0,1,0,0,0,0,1,0,1,0,1
253usa voter,241,2,0,0,1,0,1,0,0,0,0,0,1,0,1,1
253usa voter,241,3,1,1,0,0,1,0,0,0,1,1,0,0,1,0
253usa voter,241,3,0,1,0,0,0,0,1,0,0,0,1,0,0,1
254usa voter,242,1,1,0,0,0,1,0,0,0,1,0,1,0,0,1
254usa voter,242,1,0,0,0,0,0,0,0,1,0,1,0,1,0,0
254usa voter,242,2,0,0,0,0,0,1,0,1,0,1,0,0,0,1
254usa voter,242,2,1,0,0,1,1,0,0,0,1,0,1,1,0,1
254usa voter,242,3,1,0,1,0,0,0,1,0,0,0,0,0,0,1
254usa voter,242,3,0,0,0,0,0,1,0,0,1,1,0,0,1,0
255usa voter,243,1,1,0,0,1,1,0,0,0,0,0,1,0,1,0
255usa voter,243,1,0,1,0,0,1,0,1,0,0,0,1,0,1,1
255usa voter,243,2,0,1,0,0,0,1,1,0,0,0,0,0,1,0
255usa voter,243,2,1,1,0,0,1,0,0,0,0,0,1,0,0,1
255usa voter,243,3,1,0,0,1,1,0,0,0,1,0,1,0,0,0
255usa voter,243,3,0,0,1,0,1,0,1,0,0,0,0,0,0,1
256usa voter,244,1,1,0,1,0,0,0,0,0,1,1,0,0,0,0
256usa voter,244,1,0,0,0,0,0,1,0,0,0,1,0,0,0,0
256usa voter,244,2,1,1,0,0,0,1,0,1,0,0,1,0,1,1
256usa voter,244,2,0,0,0,0,0,0,0,0,0,1,0,0,1,1
256usa voter,244,3,1,0,0,1,0,0,1,0,0,1,0,1,0,1
256usa voter,244,3,0,0,1,0,0,1,0,0,1,1,0,0,0,0
257usa voter,245,1,1,0,1,0,0,0,1,0,0,0,0,0,1,0
257usa voter,245,1,0,0,0,0,0,0,0,0,0,0,1,0,1,0
257usa voter,245,2,1,0,1,0,0,1,1,0,0,1,0,1,0,1
257usa voter,245,2,0,1,0,0,0,0,0,0,1,0,1,1,0,0
257usa voter,245,3,1,0,0,1,0,0,1,0,0,0,1,0,0,0
257usa voter,245,3,0,0,0,0,0,1,1,0,0,1,0,0,1,1
258usa voter,246,1,0,0,0,1,0,0,1,0,0,0,1,0,0,0
258usa voter,246,1,1,0,0,1,0,1,0,0,1,1,0,1,0,0
258usa voter,246,2,1,0,0,0,0,1,0,1,0,1,0,0,1,1
258usa voter,246,2,0,0,0,1,0,1,1,0,0,0,1,0,0,0
258usa voter,246,3,0,0,0,0,0,0,1,0,0,0,1,1,0,0
258usa voter,246,3,1,0,0,0,0,1,0,0,1,1,0,1,0,0
259usa voter,247,1,1,0,1,0,1,0,0,0,1,0,1,1,0,1
259usa voter,247,1,0,1,0,0,0,0,0,0,1,0,0,1,0,1
259usa voter,247,2,0,0,0,0,1,0,1,0,0,0,0,1,0,1
259usa voter,247,2,1,0,1,0,0,0,0,0,0,0,1,0,1,1
259usa voter,247,3,1,1,0,0,0,1,0,0,0,1,0,1,0,0
259usa voter,247,3,0,1,0,0,0,0,0,0,0,0,1,0,1,0
260usa voter,248,1,0,0,0,1,0,0,1,0,0,1,0,1,0,1
260usa voter,248,1,1,0,0,0,0,1,0,1,0,0,0,0,0,0
260usa voter,248,2,0,1,0,0,0,0,1,0,0,0,1,0,1,1
260usa voter,248,2,1,0,0,1,0,1,0,0,0,0,1,1,0,1
260usa voter,248,3,1,0,0,0,0,1,1,0,0,0,1,1,0,1
260usa voter,248,3,0,1,0,0,1,0,1,0,0,0,1,0,0,1
261usa voter,249,1,0,0,0,0,0,1,0,1,0,1,0,0,0,1
261usa voter,249,1,1,0,1,0,0,1,0,1,0,0,0,0,0,0
261usa voter,249,2,1,0,0,0,1,0,0,1,0,0,1,1,0,1
261usa voter,249,2,0,1,0,0,0,0,0,0,0,0,1,0,1,1
261usa voter,249,3,1,1,0,0,0,1,0,0,1,1,0,0,1,1
261usa voter,249,3,0,0,0,1,0,1,0,0,0,0,1,0,1,1
262usa voter,250,1,0,0,1,0,0,1,0,0,1,0,0,0,0,1
262usa voter,250,1,1,0,0,1,0,1,1,0,0,1,0,0,0,1
262usa voter,250,2,1,0,1,0,1,0,1,0,0,0,0,0,0,0
262usa voter,250,2,0,0,0,0,1,0,1,0,0,1,0,0,0,1
262usa voter,250,3,0,0,0,0,0,1,0,0,0,0,1,1,0,0
262usa voter,250,3,1,0,0,0,0,1,0,1,0,0,1,0,0,1
263usa voter,251,1,1,0,1,0,0,0,1,0,0,0,0,0,1,1
263usa voter,251,1,0,1,0,0,0,0,0,1,0,0,1,0,0,1
263usa voter,251,2,0,0,0,1,0,1,0,0,1,1,0,0,1,0
263usa voter,251,2,1,0,0,0,1,0,0,0,1,1,0,0,1,0
263usa voter,251,3,0,0,0,1,0,1,0,0,0,0,0,0,1,1
263usa voter,251,3,1,0,0,0,0,1,0,1,0,1,0,0,0,0
264usa voter,252,1,1,0,1,0,1,0,0,0,1,0,1,0,0,1
264usa voter,252,1,0,0,0,0,0,1,1,0,0,0,0,1,0,0
264usa voter,252,2,0,1,0,0,1,0,1,0,0,0,0,0,1,0
264usa voter,252,2,1,0,0,0,1,0,0,0,1,1,0,0,1,0
264usa voter,252,3,0,1,0,0,0,1,0,0,1,0,1,0,1,1
264usa voter,252,3,1,0,1,0,0,0,0,0,0,0,1,1,0,0
265usa voter,253,1,1,0,0,1,1,0,0,1,0,0,0,0,0,1
265usa voter,253,1,0,0,0,1,0,1,1,0,0,0,1,0,0,1
265usa voter,253,2,1,0,0,0,1,0,1,0,0,1,0,0,1,1
265usa voter,253,2,0,0,0,0,0,0,1,0,0,0,1,0,1,0
265usa voter,253,3,0,1,0,0,0,1,0,0,1,0,0,0,1,1
265usa voter,253,3,1,0,0,1,0,1,1,0,0,1,0,1,0,1
266usa voter,254,1,1,1,0,0,0,1,0,0,0,0,0,0,0,1
266usa voter,254,1,0,0,0,0,0,1,1,0,0,1,0,1,0,0
266usa voter,254,2,1,0,1,0,0,0,0,0,0,0,0,1,0,0
266usa voter,254,2,0,0,0,1,1,0,0,0,0,0,1,0,1,0
266usa voter,254,3,1,0,0,1,0,1,0,0,0,0,1,0,0,1
266usa voter,254,3,0,0,0,1,0,1,1,0,0,0,0,1,0,0
267usa voter,255,1,0,0,1,0,0,1,0,1,0,0,1,0,1,1
267usa voter,255,1,1,0,0,0,1,0,0,0,1,0,1,0,1,0
267usa voter,255,2,0,0,1,0,0,0,1,0,0,0,0,0,0,1
267usa voter,255,2,1,0,0,1,0,0,0,0,1,0,1,0,1,0
267usa voter,255,3,1,0,0,0,0,0,0,0,1,1,0,1,0,0
267usa voter,255,3,0,0,0,1,1,0,0,0,0,1,0,0,1,0
268usa voter,256,1,1,0,0,0,0,1,1,0,0,0,0,1,0,1
268usa voter,256,1,0,0,1,0,0,1,0,0,0,0,1,1,0,1
268usa voter,256,2,1,0,0,1,0,1,0,0,1,0,0,1,0,1
268usa voter,256,2,0,0,0,1,0,0,0,0,1,0,1,0,1,1
268usa voter,256,3,1,0,0,1,1,0,0,1,0,0,1,1,0,0
268usa voter,256,3,0,0,0,1,1,0,0,0,1,0,1,0,1,0
269usa voter,257,1,1,0,0,0,1,0,0,0,0,0,1,0,1,1
269usa voter,257,1,0,0,0,0,0,0,0,0,1,0,1,1,0,0
269usa voter,257,2,1,1,0,0,0,1,0,0,0,1,0,1,0,1
269usa voter,257,2,0,0,0,0,1,0,0,1,0,1,0,1,0,1
269usa voter,257,3,1,0,0,1,1,0,0,1,0,0,1,1,0,1
269usa voter,257,3,0,0,0,1,0,0,0,0,1,0,1,1,0,0
270usa voter,258,1,0,0,0,1,1,0,1,0,0,1,0,0,0,0
270usa voter,258,1,1,0,1,0,1,0,0,0,0,1,0,0,0,0
270usa voter,258,2,0,0,1,0,1,0,0,0,0,0,0,0,1,0
270usa voter,258,2,1,0,0,0,0,1,0,0,0,1,0,0,1,1
270usa voter,258,3,0,0,0,0,0,1,1,0,0,0,0,0,0,1
270usa voter,258,3,1,0,1,0,1,0,0,1,0,1,0,1,0,1
271usa voter,259,1,0,0,0,1,0,1,0,0,0,0,0,1,0,1
271usa voter,259,1,1,0,1,0,0,1,0,1,0,1,0,0,1,1
271usa voter,259,2,1,0,1,0,1,0,0,1,0,0,0,0,1,1
271usa voter,259,2,0,1,0,0,0,1,1,0,0,0,0,1,0,1
271usa voter,259,3,1,0,0,1,1,0,0,1,0,1,0,1,0,0
271usa voter,259,3,0,0,0,0,1,0,0,0,0,0,0,0,0,0
272usa voter,260,1,1,1,0,0,1,0,1,0,0,0,0,1,0,1
272usa voter,260,1,0,0,0,1,0,1,0,0,1,1,0,1,0,0
272usa voter,260,2,1,0,0,0,0,0,0,0,0,1,0,1,0,0
272usa voter,260,2,0,0,0,1,1,0,1,0,0,1,0,1,0,1
272usa voter,260,3,0,1,0,0,0,1,0,1,0,0,1,0,1,0
272usa voter,260,3,1,0,1,0,0,0,0,1,0,0,0,1,0,1
273usa voter,261,1,0,0,0,1,0,1,0,0,0,1,0,1,0,1
273usa voter,261,1,1,0,0,1,1,0,0,1,0,0,1,0,0,1
273usa voter,261,2,0,0,1,0,0,1,0,0,1,0,0,0,1,1
273usa voter,261,2,1,0,0,0,0,1,0,0,0,0,1,0,0,1
273usa voter,261,3,1,1,0,0,0,1,1,0,0,1,0,1,0,0
273usa voter,261,3,0,0,0,0,0,0,0,0,1,0,1,1,0,0
274usa voter,262,1,0,1,0,0,0,1,0,1,0,0,0,0,0,1
274usa voter,262,1,1,1,0,0,0,0,0,0,1,0,0,1,0,1
274usa voter,262,2,0,0,1,0,0,0,1,0,0,0,1,1,0,0
274usa voter,262,2,1,0,0,0,0,0,0,0,1,1,0,0,1,1
274usa voter,262,3,0,0,0,1,0,0,0,0,0,0,0,1,0,0
274usa voter,262,3,1,0,0,0,1,0,0,0,0,1,0,1,0,0
275usa voter,263,1,0,0,1,0,0,1,0,0,0,0,0,0,1,1
275usa voter,263,1,1,1,0,0,0,1,0,0,1,1,0,0,1,1
275usa voter,263,2,0,0,0,0,0,0,0,0,0,0,0,1,0,0
275usa voter,263,2,1,0,1,0,0,1,0,0,0,0,1,1,0,1
275usa voter,263,3,1,0,0,1,0,0,0,0,0,0,0,1,0,1
275usa voter,263,3,0,0,1,0,0,0,0,0,0,0,0,0,1,0
276usa voter,264,1,0,0,0,1,0,1,0,0,1,0,0,0,0,0
276usa voter,264,1,1,0,0,1,0,0,1,0,0,0,1,1,0,0
276usa voter,264,2,1,0,0,0,0,1,1,0,0,0,1,0,1,1
276usa voter,264,2,0,0,0,1,1,0,0,1,0,0,0,0,0,0
276usa voter,264,3,0,0,0,1,1,0,0,1,0,0,0,0,1,1
276usa voter,264,3,1,0,0,1,0,0,1,0,0,1,0,1,0,0
277usa voter,265,1,1,0,0,0,0,1,0,0,0,0,0,0,0,0
277usa voter,265,1,0,0,0,1,1,0,0,0,1,0,0,0,1,0
277usa voter,265,2,0,0,0,0,0,0,1,0,0,1,0,1,0,0
277usa voter,265,2,1,0,1,0,1,0,0,0,1,0,1,0,0,1
277usa voter,265,3,1,0,0,0,1,0,0,1,0,1,0,1,0,1
277usa voter,265,3,0,0,0,1,1,0,0,1,0,0,0,0,0,0
278usa voter,266,1,1,0,0,1,0,1,0,0,0,0,1,0,1,1
278usa voter,266,1,0,1,0,0,0,1,1,0,0,1,0,0,0,1
278usa voter,266,2,0,0,1,0,0,1,0,0,1,0,0,1,0,1
278usa voter,266,2,1,0,0,0,1,0,0,1,0,0,1,1,0,0
278usa voter,266,3,1,1,0,0,0,1,0,0,0,0,0,1,0,0
278usa voter,266,3,0,1,0,0,0,0,0,1,0,0,1,0,1,0
279usa voter,267,1,1,0,1,0,1,0,1,0,0,0,1,0,1,0
279usa voter,267,1,0,0,0,1,0,1,1,0,0,0,0,0,0,0
279usa voter,267,2,0,0,0,1,1,0,0,0,1,1,0,1,0,0
279usa voter,267,2,1,0,1,0,0,0,0,0,1,0,1,0,1,1
279usa voter,267,3,0,0,1,0,0,0,1,0,0,0,0,0,1,1
279usa voter,267,3,1,0,0,1,1,0,0,0,1,1,0,0,0,1
280usa voter,268,1,0,0,0,1,1,0,0,0,1,1,0,1,0,0
280usa voter,268,1,1,0,0,0,1,0,0,0,1,0,1,1,0,1
280usa voter,268,2,1,0,1,0,0,1,0,0,1,1,0,0,0,1
280usa voter,268,2,0,0,0,1,0,0,0,0,1,0,1,0,1,1
280usa voter,268,3,0,0,1,0,0,1,1,0,0,1,0,0,1,0
280usa voter,268,3,1,0,0,1,0,1,1,0,0,0,1,0,1,1
281usa voter,269,1,1,1,0,0,1,0,1,0,0,0,0,0,1,0
281usa voter,269,1,0,0,0,0,0,1,1,0,0,1,0,0,0,0
281usa voter,269,2,1,1,0,0,0,1,0,1,0,0,1,1,0,1
281usa voter,269,2,0,0,0,0,1,0,1,0,0,1,0,0,0,1
281usa voter,269,3,1,0,0,1,1,0,0,0,1,0,0,0,1,1
281usa voter,269,3,0,0,0,1,0,0,0,0,0,0,0,0,0,0
282usa voter,270,1,1,0,0,1,0,1,1,0,0,0,1,0,1,0
282usa voter,270,1,0,0,1,0,0,0,0,0,0,1,0,0,0,1
282usa voter,270,2,1,0,0,1,0,1,0,1,0,0,0,0,0,0
282usa voter,270,2,0,0,0,1,0,1,1,0,0,0,0,1,0,1
282usa voter,270,3,0,0,0,1,0,0,0,0,0,0,1,1,0,1
282usa voter,270,3,1,0,1,0,0,1,0,1,0,1,0,0,0,1
283usa voter,271,1,1,0,0,0,0,1,1,0,0,0,1,1,0,1
283usa voter,271,1,0,0,0,0,1,0,0,1,0,1,0,1,0,0
283usa voter,271,2,1,0,0,1,0,1,0,0,1,0,0,1,0,1
283usa voter,271,2,0,1,0,0,1,0,0,0,1,1,0,1,0,0
283usa voter,271,3,1,0,0,0,0,1,0,1,0,0,1,0,0,0
283usa voter,271,3,0,0,1,0,1,0,1,0,0,0,0,0,0,1
284usa voter,272,1,1,1,0,0,0,1,0,0,1,0,1,0,0,0
284usa voter,272,1,0,1,0,0,0,0,0,0,1,1,0,1,0,0
284usa voter,272,2,0,0,0,1,0,1,0,0,0,1,0,0,0,0
284usa voter,272,2,1,1,0,0,0,0,0,1,0,0,1,1,0,1
284usa voter,272,3,1,0,0,1,0,0,0,1,0,0,1,0,1,1
284usa voter,272,3,0,0,0,0,0,1,1,0,0,0,0,0,1,1
285usa voter,273,1,0,0,0,0,0,1,0,0,0,1,0,1,0,0
285usa voter,273,1,1,1,0,0,0,1,0,0,1,1,0,1,0,0
285usa voter,273,2,1,0,0,0,0,0,0,0,1,0,1,1,0,0
285usa voter,273,2,0,1,0,0,1,0,0,0,0,0,1,0,0,0
285usa voter,273,3,0,0,0,1,0,0,0,1,0,0,1,0,0,1
285usa voter,273,3,1,1,0,0,0,0,0,0,1,0,1,1,0,0
286usa voter,274,1,1,0,0,1,0,1,1,0,0,1,0,0,0,0
286usa voter,274,1,0,0,0,1,0,0,0,0,0,0,0,0,0,1
286usa voter,274,2,0,1,0,0,1,0,1,0,0,0,1,0,0,1
286usa voter,274,2,1,0,0,0,0,1,0,0,0,0,0,0,1,0
286usa voter,274,3,0,0,0,0,0,0,1,0,0,0,0,1,0,0
286usa voter,274,3,1,0,1,0,0,1,0,0,1,0,0,0,0,0
287usa voter,275,1,1,0,1,0,0,0,0,0,0,0,0,1,0,1
287usa voter,275,1,0,1,0,0,0,0,0,0,1,0,0,0,0,1
287usa voter,275,2,1,0,0,1,1,0,1,0,0,1,0,0,1,0
287usa voter,275,2,0,0,1,0,0,0,0,0,0,1,0,1,0,0
287usa voter,275,3,1,1,0,0,0,0,0,0,1,0,0,0,0,1
287usa voter,275,3,0,0,0,0,0,0,0,0,1,0,0,0,1,1
288usa voter,276,1,0,1,0,0,0,1,1,0,0,0,0,1,0,0
288usa voter,276,1,1,1,0,0,0,0,0,1,0,0,0,0,0,1
288usa voter,276,2,0,1,0,0,0,0,0,1,0,0,0,0,0,0
288usa voter,276,2,1,0,1,0,0,0,0,0,1,0,0,0,0,0
288usa voter,276,3,0,0,1,0,0,1,0,0,1,0,0,0,1,1
288usa voter,276,3,1,0,0,1,0,1,1,0,0,0,1,0,1,1
289usa voter,277,1,0,1,0,0,1,0,0,0,1,0,1,0,0,0
289usa voter,277,1,1,0,0,0,0,0,0,0,0,0,0,0,0,1
289usa voter,277,2,0,0,0,0,0,1,0,0,0,0,1,0,0,1
289usa voter,277,2,1,1,0,0,0,1,0,0,1,1,0,0,0,0
289usa voter,277,3,1,0,0,0,0,0,0,1,0,0,0,1,0,0
289usa voter,277,3,0,1,0,0,0,1,0,1,0,1,0,0,1,0
290usa voter,278,1,1,1,0,0,1,0,0,0,0,0,0,0,0,0
290usa voter,278,1,0,0,1,0,0,0,0,0,0,0,0,0,0,0
290usa voter,278,2,1,1,0,0,1,0,0,0,1,1,0,1,0,1
290usa voter,278,2,0,0,1,0,0,0,1,0,0,1,0,1,0,1
290usa voter,278,3,1,1,0,0,0,1,1,0,0,0,1,0,1,0
290usa voter,278,3,0,0,0,0,0,0,1,0,0,0,1,0,0,1
292usa voter,279,1,0,0,1,0,0,0,0,0,1,1,0,0,0,1
292usa voter,279,1,1,0,0,0,0,1,0,1,0,0,1,1,0,0
292usa voter,279,2,0,0,0,0,0,0,0,1,0,0,0,0,1,0
292usa voter,279,2,1,0,0,0,0,0,0,1,0,0,1,0,0,1
292usa voter,279,3,1,0,0,1,0,1,0,0,0,0,1,1,0,0
292usa voter,279,3,0,0,0,1,1,0,0,0,1,0,0,1,0,0
293usa voter,280,1,1,0,1,0,1,0,0,0,0,1,0,0,0,1
293usa voter,280,1,0,0,0,0,0,0,0,0,1,1,0,0,1,1
293usa voter,280,2,1,0,1,0,0,1,0,0,1,0,0,0,0,0
293usa voter,280,2,0,0,0,0,0,1,0,0,0,1,0,0,1,0
293usa voter,280,3,1,0,0,1,0,1,0,1,0,1,0,0,1,1
293usa voter,280,3,0,0,0,1,1,0,0,0,0,0,1,0,1,1
294usa voter,281,1,1,0,1,0,0,0,0,0,0,1,0,0,0,0
294usa voter,281,1,0,1,0,0,0,0,0,0,0,0,0,1,0,1
294usa voter,281,2,1,0,0,1,0,1,0,1,0,0,0,0,0,0
294usa voter,281,2,0,0,0,1,0,0,0,0,0,0,1,0,0,0
294usa voter,281,3,0,1,0,0,0,0,0,0,0,0,0,1,0,1
294usa voter,281,3,1,1,0,0,0,1,0,0,0,0,0,1,0,1
295usa voter,282,1,0,0,0,0,0,0,0,1,0,0,1,0,0,0
295usa voter,282,1,1,0,0,1,1,0,0,0,1,0,0,1,0,0
295usa voter,282,2,0,0,1,0,0,0,1,0,0,0,1,1,0,1
295usa voter,282,2,1,0,0,1,0,0,0,1,0,0,1,0,0,1
295usa voter,282,3,0,0,0,1,0,0,0,0,1,1,0,0,0,1
295usa voter,282,3,1,0,1,0,1,0,0,1,0,0,0,1,0,0
296usa voter,283,1,1,1,0,0,1,0,1,0,0,1,0,1,0,0
296usa voter,283,1,0,0,0,1,0,0,0,0,1,0,0,1,0,1
296usa voter,283,2,0,0,1,0,1,0,1,0,0,0,1,0,0,0
296usa voter,283,2,1,0,0,1,1,0,0,0,0,0,0,0,0,0
296usa voter,283,3,1,0,0,0,1,0,0,0,1,0,1,0,0,0
296usa voter,283,3,0,1,0,0,0,0,1,0,0,0,1,1,0,1
297usa voter,284,1,1,0,0,0,0,1,1,0,0,1,0,0,1,1
297usa voter,284,1,0,0,0,0,0,0,0,0,1,0,1,0,1,0
297usa voter,284,2,1,0,0,1,0,1,0,1,0,0,1,0,1,0
297usa voter,284,2,0,0,0,1,0,1,0,1,0,1,0,0,0,1
297usa voter,284,3,0,0,0,0,1,0,0,1,0,1,0,1,0,1
297usa voter,284,3,1,1,0,0,1,0,1,0,0,1,0,1,0,1
298usa voter,285,1,0,1,0,0,0,1,0,1,0,0,0,0,1,0
298usa voter,285,1,1,0,0,1,1,0,1,0,0,1,0,0,1,1
298usa voter,285,2,0,0,0,1,1,0,1,0,0,0,0,0,0,1
298usa voter,285,2,1,0,0,1,0,1,1,0,0,1,0,0,1,0
298usa voter,285,3,0,0,1,0,0,1,0,0,1,0,0,0,1,1
298usa voter,285,3,1,0,1,0,1,0,0,1,0,1,0,0,0,1
299usa voter,286,1,0,1,0,0,1,0,0,0,1,0,0,0,0,1
299usa voter,286,1,1,0,1,0,0,0,0,1,0,0,1,0,1,1
299usa voter,286,2,1,0,1,0,0,0,0,0,1,0,1,1,0,0
299usa voter,286,2,0,0,0,1,0,0,1,0,0,0,0,0,1,0
299usa voter,286,3,0,0,1,0,1,0,0,1,0,1,0,0,0,0
299usa voter,286,3,1,1,0,0,1,0,0,0,1,0,0,1,0,0
300usa voter,287,1,1,0,0,1,1,0,0,1,0,0,0,1,0,1
300usa voter,287,1,0,0,0,1,0,1,1,0,0,0,1,0,0,0
300usa voter,287,2,1,1,0,0,1,0,1,0,0,1,0,0,0,1
300usa voter,287,2,0,0,0,0,0,0,0,0,0,0,0,1,0,0
300usa voter,287,3,0,0,0,1,0,1,0,1,0,1,0,0,0,0
300usa voter,287,3,1,0,0,0,1,0,1,0,0,0,0,1,0,1
301usa voter,288,1,1,0,0,0,1,0,0,0,1,0,1,0,0,1
301usa voter,288,1,0,0,0,0,0,0,0,0,1,0,1,0,0,0
301usa voter,288,2,1,0,0,1,0,1,0,0,1,0,1,1,0,0
301usa voter,288,2,0,1,0,0,0,0,0,0,1,0,0,0,0,1
301usa voter,288,3,1,0,0,1,1,0,0,1,0,0,1,0,0,0
301usa voter,288,3,0,0,0,0,0,0,0,0,1,0,0,0,0,0
302usa voter,289,1,1,1,0,0,0,1,0,1,0,1,0,0,1,0
302usa voter,289,1,0,0,0,1,1,0,1,0,0,1,0,1,0,0
302usa voter,289,2,1,0,1,0,0,1,0,0,1,1,0,1,0,0
302usa voter,289,2,0,0,1,0,0,1,0,0,1,0,1,1,0,1
302usa voter,289,3,1,0,1,0,0,1,0,1,0,0,0,0,1,0
302usa voter,289,3,0,0,0,1,0,1,0,0,1,0,0,0,1,1
303usa voter,290,1,1,0,1,0,0,0,0,0,1,0,1,1,0,1
303usa voter,290,1,0,0,1,0,0,0,0,0,1,0,1,0,0,0
303usa voter,290,2,0,0,1,0,0,1,1,0,0,1,0,0,1,0
303usa voter,290,2,1,0,0,1,1,0,0,1,0,0,0,0,1,1
303usa voter,290,3,0,0,0,1,1,0,1,0,0,0,1,0,0,1
303usa voter,290,3,1,0,0,1,0,0,0,0,0,1,0,1,0,0
304usa voter,291,1,1,0,1,0,1,0,1,0,0,0,1,1,0,0
304usa voter,291,1,0,0,0,0,0,0,0,0,1,0,0,0,1,0
304usa voter,291,2,0,0,0,1,0,0,0,1,0,1,0,1,0,0
304usa voter,291,2,1,0,1,0,1,0,1,0,0,1,0,1,0,0
304usa voter,291,3,1,0,1,0,0,1,1,0,0,1,0,0,1,1
304usa voter,291,3,0,0,0,0,0,1,0,0,1,1,0,0,0,1
305usa voter,292,1,1,1,0,0,1,0,0,1,0,0,0,1,0,0
305usa voter,292,1,0,0,0,1,1,0,1,0,0,1,0,1,0,0
305usa voter,292,2,0,0,0,0,1,0,1,0,0,0,0,1,0,1
305usa voter,292,2,1,0,1,0,0,1,0,1,0,1,0,0,0,0
305usa voter,292,3,1,0,1,0,0,0,0,0,1,0,0,0,1,0
305usa voter,292,3,0,0,0,0,0,1,1,0,0,0,0,0,1,1
306usa voter,293,1,1,0,1,0,1,0,1,0,0,1,0,0,1,1
306usa voter,293,1,0,1,0,0,0,1,0,1,0,0,1,0,0,0
306usa voter,293,2,1,0,1,0,1,0,0,0,1,0,0,0,1,0
306usa voter,293,2,0,0,0,0,0,0,1,0,0,0,1,1,0,1
306usa voter,293,3,1,0,0,1,1,0,0,0,0,0,0,0,0,1
306usa voter,293,3,0,1,0,0,0,1,0,0,1,1,0,0,0,0
307usa voter,294,1,1,0,0,0,0,1,0,0,0,1,0,0,0,0
307usa voter,294,1,0,0,0,1,0,1,0,0,0,0,1,0,1,0
307usa voter,294,2,0,0,1,0,0,0,0,0,1,0,0,0,0,0
307usa voter,294,2,1,1,0,0,0,0,0,1,0,1,0,0,0,0
307usa voter,294,3,1,0,1,0,0,1,0,0,1,0,1,0,1,1
307usa voter,294,3,0,1,0,0,1,0,0,0,1,1,0,0,0,1
308usa voter,295,1,0,0,0,0,1,0,0,0,0,1,0,0,1,1
308usa voter,295,1,1,0,0,0,0,1,0,0,1,0,1,0,0,0
308usa voter,295,2,0,0,0,0,0,0,0,1,0,0,0,1,0,1
308usa voter,295,2,1,1,0,0,1,0,0,0,0,1,0,0,0,1
308usa voter,295,3,0,0,0,0,0,0,0,0,1,1,0,0,0,1
308usa voter,295,3,1,0,0,0,1,0,0,1,0,1,0,1,0,1
309usa voter,296,1,0,1,0,0,0,1,0,0,1,0,1,0,0,1
309usa voter,296,1,1,0,0,1,1,0,0,0,1,1,0,1,0,1
309usa voter,296,2,1,0,0,1,0,1,1,0,0,0,1,1,0,1
309usa voter,296,2,0,0,1,0,0,0,0,0,1,1,0,0,0,1
309usa voter,296,3,0,0,1,0,0,0,1,0,0,0,1,0,0,1
309usa voter,296,3,1,0,1,0,1,0,0,0,1,0,0,1,0,1
310usa voter,297,1,1,1,0,0,0,0,1,0,0,0,1,1,0,0
310usa voter,297,1,0,0,1,0,0,1,1,0,0,0,1,0,0,0
310usa voter,297,2,1,0,0,0,0,1,0,0,0,0,1,0,1,1
310usa voter,297,2,0,1,0,0,1,0,1,0,0,1,0,0,0,0
310usa voter,297,3,0,0,0,1,0,0,0,1,0,0,0,0,0,1
310usa voter,297,3,1,0,1,0,0,1,0,0,1,0,1,1,0,0
311usa voter,298,1,0,1,0,0,0,0,0,1,0,0,1,0,1,1
311usa voter,298,1,1,1,0,0,0,0,0,0,1,1,0,1,0,1
311usa voter,298,2,0,0,0,0,1,0,0,0,1,0,1,0,1,1
311usa voter,298,2,1,1,0,0,0,1,1,0,0,0,1,0,1,1
311usa voter,298,3,0,0,1,0,1,0,1,0,0,1,0,0,1,0
311usa voter,298,3,1,1,0,0,0,1,0,0,1,0,1,0,1,1
312usa voter,299,1,1,0,0,0,0,0,0,1,0,0,0,0,1,1
312usa voter,299,1,0,1,0,0,0,0,0,0,0,0,1,0,1,0
312usa voter,299,2,1,0,1,0,0,1,1,0,0,0,1,0,1,0
312usa voter,299,2,0,0,0,0,0,1,0,0,1,0,1,0,0,0
312usa voter,299,3,1,0,0,1,1,0,0,0,0,0,1,0,0,0
312usa voter,299,3,0,1,0,0,1,0,0,1,0,0,0,0,1,1
313usa voter,300,1,0,0,0,0,0,0,1,0,0,1,0,1,0,0
313usa voter,300,1,1,0,1,0,0,1,0,0,1,0,1,1,0,1
313usa voter,300,2,0,0,0,1,0,1,1,0,0,0,0,1,0,1
313usa voter,300,2,1,1,0,0,0,1,0,0,1,0,0,0,1,1
315usa voter,301,1,0,1,0,0,1,0,0,0,0,0,1,1,0,1
315usa voter,301,1,1,0,0,1,0,0,0,1,0,0,0,0,0,0
315usa voter,301,2,0,0,0,0,0,0,0,0,0,1,0,1,0,1
315usa voter,301,2,1,0,0,0,1,0,0,1,0,0,0,0,0,1
315usa voter,301,3,0,0,0,1,0,1,0,0,0,1,0,0,1,1
315usa voter,301,3,1,0,0,1,0,0,1,0,0,1,0,0,0,0
316usa voter,302,1,0,0,0,1,1,0,0,0,1,0,0,0,0,1
316usa voter,302,1,1,0,1,0,0,1,0,0,0,0,0,0,0,1
316usa voter,302,2,1,1,0,0,0,0,0,1,0,0,0,0,0,0
316usa voter,302,2,0,0,0,0,1,0,1,0,0,0,0,1,0,1
316usa voter,302,3,0,1,0,0,0,0,0,0,1,0,1,0,1,1
316usa voter,302,3,1,0,0,0,0,0,0,1,0,1,0,0,0,0
317usa voter,303,1,0,0,0,1,0,1,0,1,0,1,0,1,0,0
317usa voter,303,1,1,0,0,1,1,0,0,1,0,1,0,0,1,1
317usa voter,303,2,0,1,0,0,0,1,0,0,0,1,0,1,0,1
317usa voter,303,2,1,0,0,0,1,0,0,0,1,0,1,0,0,0
317usa voter,303,3,1,0,1,0,1,0,0,0,0,0,1,0,1,1
317usa voter,303,3,0,1,0,0,0,1,1,0,0,1,0,1,0,0
318usa voter,304,1,1,1,0,0,0,1,0,1,0,1,0,1,0,1
318usa voter,304,1,0,0,0,1,0,0,0,0,1,1,0,0,1,1
318usa voter,304,2,0,0,1,0,1,0,0,0,1,1,0,1,0,1
318usa voter,304,2,1,1,0,0,1,0,0,0,0,1,0,0,1,0
318usa voter,304,3,1,0,0,1,0,0,0,0,0,1,0,0,1,0
318usa voter,304,3,0,1,0,0,0,1,0,0,1,0,0,0,0,0
319usa voter,305,1,1,0,0,1,1,0,1,0,0,0,1,0,0,1
319usa voter,305,1,0,0,0,1,0,0,0,0,0,1,0,1,0,1
319usa voter,305,2,0,0,0,1,0,1,1,0,0,0,0,0,0,1
319usa voter,305,2,1,0,1,0,1,0,0,0,0,1,0,0,1,0
319usa voter,305,3,1,0,0,0,0,1,0,0,1,0,1,1,0,0
319usa voter,305,3,0,0,0,1,0,1,1,0,0,0,0,0,1,1
320usa voter,306,1,1,1,0,0,0,0,0,0,1,1,0,1,0,0
320usa voter,306,1,0,1,0,0,0,0,1,0,0,1,0,0,0,1
320usa voter,306,2,0,1,0,0,1,0,0,0,1,0,0,0,1,1
320usa voter,306,2,1,1,0,0,1,0,0,1,0,0,1,0,0,1
320usa voter,306,3,0,1,0,0,0,1,0,0,1,0,1,0,1,1
320usa voter,306,3,1,0,0,1,0,0,0,0,1,0,1,1,0,0
321usa voter,307,1,0,0,0,0,0,0,0,0,0,0,1,0,1,1
321usa voter,307,1,1,1,0,0,0,1,0,0,0,0,0,0,0,1
321usa voter,307,2,0,0,1,0,0,1,0,0,0,0,1,0,1,1
321usa voter,307,2,1,1,0,0,1,0,0,0,1,0,1,1,0,0
321usa voter,307,3,1,1,0,0,1,0,0,1,0,0,1,1,0,0
321usa voter,307,3,0,0,0,0,1,0,0,0,0,0,0,0,1,1
322usa voter,308,1,1,0,0,1,1,0,0,0,1,0,0,0,0,0
322usa voter,308,1,0,1,0,0,1,0,0,0,1,0,0,1,0,0
322usa voter,308,2,1,0,0,1,0,0,0,0,1,0,0,0,1,0
322usa voter,308,2,0,1,0,0,0,0,0,1,0,0,0,0,0,1
322usa voter,308,3,1,0,0,1,0,0,0,0,1,0,0,0,1,0
322usa voter,308,3,0,0,0,0,0,0,0,0,0,1,0,0,0,1
323usa voter,309,1,1,0,0,0,0,0,0,1,0,1,0,1,0,0
323usa voter,309,1,0,0,0,0,0,0,0,1,0,1,0,0,1,0
323usa voter,309,2,1,1,0,0,1,0,0,0,1,0,1,1,0,0
323usa voter,309,2,0,0,1,0,1,0,0,1,0,0,1,0,1,1
323usa voter,309,3,1,0,0,1,0,1,1,0,0,0,0,1,0,1
323usa voter,309,3,0,0,1,0,0,0,1,0,0,0,0,0,0,0
324usa voter,310,1,1,0,0,0,1,0,0,0,1,0,1,0,1,1
324usa voter,310,1,0,0,0,1,0,1,0,0,1,1,0,0,1,1
324usa voter,310,2,1,1,0,0,1,0,0,0,1,1,0,1,0,0
324usa voter,310,2,0,1,0,0,1,0,0,0,1,0,1,0,0,0
324usa voter,310,3,0,1,0,0,0,0,0,1,0,0,1,0,0,0
324usa voter,310,3,1,0,0,0,0,1,0,0,1,0,0,1,0,0
325usa voter,311,1,1,0,1,0,0,1,0,0,0,1,0,0,1,0
325usa voter,311,1,0,0,1,0,0,1,1,0,0,0,1,0,0,0
325usa voter,311,2,0,0,0,0,0,0,0,0,1,0,1,1,0,0
325usa voter,311,2,1,0,0,1,1,0,0,0,0,0,1,0,1,1
325usa voter,311,3,1,0,0,1,1,0,0,1,0,0,0,0,0,0
325usa voter,311,3,0,0,1,0,0,0,1,0,0,1,0,1,0,0
326usa voter,312,1,0,1,0,0,0,0,0,0,0,0,0,0,0,0
326usa voter,312,1,1,1,0,0,0,1,0,0,1,0,1,0,0,1
326usa voter,312,2,0,0,0,1,0,0,0,1,0,1,0,1,0,1
326usa voter,312,2,1,0,0,0,0,1,0,0,1,0,0,1,0,1
326usa voter,312,3,1,1,0,0,0,1,0,1,0,0,0,0,0,0
326usa voter,312,3,0,0,0,1,1,0,0,1,0,0,1,0,0,0
327usa voter,313,1,0,0,0,1,0,1,0,1,0,0,0,0,0,0
327usa voter,313,1,1,0,1,0,0,1,0,0,1,0,1,0,0,0
327usa voter,313,2,0,1,0,0,0,0,0,0,1,0,1,1,0,0
327usa voter,313,2,1,0,0,1,1,0,0,0,0,0,1,0,1,0
327usa voter,313,3,0,0,1,0,0,0,0,0,1,1,0,1,0,0
327usa voter,313,3,1,1,0,0,0,0,0,0,1,0,1,1,0,1
328usa voter,314,1,0,0,1,0,0,1,0,0,1,0,0,0,0,1
328usa voter,314,1,1,0,0,1,0,0,1,0,0,1,0,1,0,1
328usa voter,314,2,0,0,0,0,0,0,0,0,0,1,0,0,1,0
328usa voter,314,2,1,0,0,0,0,0,0,0,0,0,0,0,1,0
328usa voter,314,3,1,1,0,0,0,0,0,0,0,0,0,0,1,1
328usa voter,314,3,0,0,0,0,0,1,0,1,0,0,0,0,1,0
329usa voter,315,1,0,0,0,0,0,1,1,0,0,0,0,0,0,0
329usa voter,315,1,1,1,0,0,0,1,0,1,0,1,0,1,0,1
329usa voter,315,2,1,0,1,0,1,0,0,1,0,0,1,0,1,1
329usa voter,315,2,0,0,0,1,0,0,0,0,1,1,0,0,0,1
329usa voter,315,3,1,0,1,0,1,0,0,1,0,0,0,1,0,1
329usa voter,315,3,0,0,1,0,0,0,1,0,0,0,1,1,0,0
330usa voter,316,1,0,0,0,0,0,1,0,0,0,0,1,0,0,1
330usa voter,316,1,1,1,0,0,0,1,1,0,0,0,1,0,0,0
330usa voter,316,2,0,0,0,1,1,0,0,0,0,0,0,0,0,1
330usa voter,316,2,1,0,0,1,0,1,0,0,1,1,0,0,1,0
330usa voter,316,3,1,0,1,0,0,1,1,0,0,0,1,1,0,1
330usa voter,316,3,0,0,1,0,0,1,0,1,0,1,0,0,1,0
331usa voter,317,1,0,0,0,0,0,0,1,0,0,1,0,0,1,0
331usa voter,317,1,1,0,0,0,0,0,1,0,0,1,0,0,1,1
331usa voter,317,2,1,0,0,1,1,0,0,1,0,0,0,0,1,1
331usa voter,317,2,0,0,0,0,0,1,0,0,0,0,1,1,0,0
331usa voter,317,3,0,0,1,0,0,1,0,1,0,1,0,0,0,1
331usa voter,317,3,1,0,0,1,0,0,0,1,0,0,1,0,1,0
332usa voter,318,1,1,0,1,0,0,0,0,0,0,0,0,0,0,1
332usa voter,318,1,0,0,0,1,0,1,0,0,0,0,1,0,0,1
332usa voter,318,2,0,0,0,1,0,0,1,0,0,1,0,0,1,0
332usa voter,318,2,1,0,1,0,1,0,0,0,1,1,0,1,0,1
332usa voter,318,3,0,0,0,0,0,1,0,0,1,1,0,0,1,0
332usa voter,318,3,1,1,0,0,1,0,0,1,0,0,0,0,1,0
333usa voter,319,1,1,0,0,1,1,0,0,0,0,0,1,1,0,1
333usa voter,319,1,0,0,0,0,0,1,0,1,0,1,0,0,1,0
333usa voter,319,2,0,1,0,0,0,1,0,0,0,0,0,0,0,0
333usa voter,319,2,1,1,0,0,0,1,0,1,0,1,0,0,0,1
333usa voter,319,3,1,0,0,1,1,0,0,0,0,0,1,1,0,0
333usa voter,319,3,0,0,0,0,0,0,1,0,0,1,0,1,0,0
334usa voter,320,1,0,1,0,0,0,0,1,0,0,0,1,0,0,0
334usa voter,320,1,1,0,1,0,1,0,0,0,0,1,0,0,0,1
334usa voter,320,2,1,1,0,0,0,1,0,0,0,0,0,1,0,1
334usa voter,320,2,0,0,0,0,1,0,1,0,0,1,0,1,0,1
334usa voter,320,3,0,0,0,1,0,0,1,0,0,0,1,0,1,1
334usa voter,320,3,1,0,1,0,0,1,1,0,0,0,0,0,0,0
335usa voter,321,1,0,0,0,0,0,1,0,1,0,1,0,0,1,0
335usa voter,321,1,1,0,1,0,1,0,0,0,0,0,1,0,0,0
335usa voter,321,2,1,0,0,1,0,1,0,0,0,1,0,1,0,0
335usa voter,321,2,0,1,0,0,0,1,0,0,0,0,1,0,1,0
335usa voter,321,3,1,0,1,0,1,0,0,0,1,1,0,1,0,0
335usa voter,321,3,0,1,0,0,0,1,0,0,1,1,0,1,0,1
336usa voter,322,1,0,0,0,0,1,0,0,0,1,0,0,0,0,1
336usa voter,322,1,1,0,1,0,0,1,0,0,0,0,1,0,0,1
336usa voter,322,2,1,0,1,0,0,0,1,0,0,0,1,0,1,0
336usa voter,322,2,0,0,0,0,1,0,0,0,1,0,1,0,1,0
336usa voter,322,3,1,0,0,1,1,0,1,0,0,0,1,0,0,0
336usa voter,322,3,0,0,0,0,0,0,0,0,1,0,0,0,0,0
337usa voter,323,1,0,0,0,0,0,1,1,0,0,0,0,0,1,0
337usa voter,323,1,1,1,0,0,0,0,0,1,0,0,0,1,0,0
337usa voter,323,2,1,0,1,0,0,0,1,0,0,1,0,1,0,0
337usa voter,323,2,0,1,0,0,0,0,0,0,1,0,1,0,1,0
337usa voter,323,3,1,0,0,1,1,0,0,0,1,1,0,1,0,1
337usa voter,323,3,0,1,0,0,0,1,0,0,1,0,1,0,0,0
338usa voter,324,1,1,1,0,0,0,1,0,0,0,0,0,0,1,1
338usa voter,324,1,0,1,0,0,0,1,1,0,0,1,0,0,1,1
338usa voter,324,2,0,0,0,0,0,0,1,0,0,0,0,0,1,0
338usa voter,324,2,1,0,0,0,0,1,0,1,0,0,1,0,1,1
338usa voter,324,3,0,0,1,0,0,0,0,0,0,1,0,0,0,1
338usa voter,324,3,1,1,0,0,0,0,0,1,0,0,0,0,1,1
339usa voter,325,1,1,0,0,1,0,0,0,0,1,0,0,0,0,1
339usa voter,325,1,0,0,0,0,0,0,1,0,0,0,0,0,1,0
339usa voter,325,2,0,1,0,0,1,0,0,0,1,0,1,1,0,0
339usa voter,325,2,1,1,0,0,0,1,0,0,1,0,1,0,1,0
339usa voter,325,3,1,1,0,0,1,0,0,1,0,1,0,1,0,1
339usa voter,325,3,0,1,0,0,0,1,0,0,0,0,1,0,1,1
340usa voter,326,1,1,0,0,0,0,1,0,1,0,0,0,1,0,0
340usa voter,326,1,0,0,0,0,0,0,0,0,1,0,0,1,0,0
340usa voter,326,2,0,0,0,1,0,1,0,0,1,0,0,0,0,1
340usa voter,326,2,1,0,0,1,0,0,0,0,0,1,0,0,0,1
340usa voter,326,3,1,0,1,0,0,1,0,0,1,1,0,0,1,1
340usa voter,326,3,0,0,0,1,1,0,0,0,1,1,0,1,0,1
341usa voter,327,1,1,0,1,0,0,1,1,0,0,0,0,0,1,0
341usa voter,327,1,0,0,1,0,1,0,1,0,0,1,0,1,0,0
341usa voter,327,2,1,0,0,1,0,1,0,1,0,1,0,0,0,0
341usa voter,327,2,0,0,1,0,0,0,0,1,0,0,0,0,0,0
341usa voter,327,3,1,1,0,0,0,1,0,0,0,0,1,0,0,1
341usa voter,327,3,0,1,0,0,0,0,0,1,0,0,0,1,0,1
342usa voter,328,1,1,0,1,0,1,0,0,1,0,1,0,1,0,1
342usa voter,328,1,0,0,1,0,1,0,0,1,0,0,1,1,0,0
342usa voter,328,2,1,1,0,0,0,1,0,1,0,0,0,0,1,1
342usa voter,328,2,0,0,1,0,1,0,1,0,0,1,0,0,0,1
342usa voter,328,3,0,0,0,1,0,1,0,0,1,1,0,0,1,1
342usa voter,328,3,1,0,0,0,0,1,0,0,1,1,0,0,1,0
343usa voter,329,1,0,0,0,1,1,0,1,0,0,0,1,0,1,0
343usa voter,329,1,1,0,1,0,1,0,0,0,1,0,0,1,0,1
343usa voter,329,2,1,0,1,0,0,0,0,1,0,1,0,0,0,0
343usa voter,329,2,0,1,0,0,0,0,0,1,0,0,1,0,0,0
343usa voter,329,3,1,0,0,1,1,0,1,0,0,1,0,1,0,0
343usa voter,329,3,0,0,0,1,1,0,0,0,1,0,1,1,0,1
344usa voter,330,1,1,0,0,1,0,1,1,0,0,0,0,0,0,0
344usa voter,330,1,0,0,1,0,0,0,0,0,0,1,0,1,0,1
344usa voter,330,2,1,1,0,0,1,0,0,0,1,1,0,0,0,0
344usa voter,330,2,0,1,0,0,1,0,1,0,0,0,0,0,1,0
344usa voter,330,3,0,0,0,0,1,0,1,0,0,0,0,0,1,0
344usa voter,330,3,1,0,0,1,0,1,0,0,1,0,0,1,0,0
345usa voter,331,1,1,0,0,1,1,0,0,0,1,0,0,0,1,1
345usa voter,331,1,0,1,0,0,0,1,0,1,0,0,1,0,1,0
345usa voter,331,2,0,0,0,0,1,0,0,0,0,0,0,0,1,0
345usa voter,331,2,1,0,0,0,0,1,0,1,0,0,1,1,0,1
345usa voter,331,3,0,0,1,0,1,0,0,1,0,0,1,0,1,0
345usa voter,331,3,1,0,1,0,0,0,0,1,0,1,0,1,0,1
346usa voter,332,1,1,0,0,0,1,0,0,0,1,0,1,1,0,1
346usa voter,332,1,0,0,0,1,1,0,0,0,0,1,0,0,1,0
346usa voter,332,2,1,0,0,0,1,0,0,1,0,1,0,1,0,0
346usa voter,332,2,0,0,1,0,0,0,0,1,0,1,0,0,0,0
346usa voter,332,3,0,0,0,0,0,1,1,0,0,0,1,1,0,1
346usa voter,332,3,1,0,0,0,0,1,0,0,0,1,0,0,1,0
347usa voter,333,1,1,0,1,0,1,0,0,0,1,0,0,0,1,1
347usa voter,333,1,0,0,1,0,0,1,0,0,1,0,0,0,0,0
347usa voter,333,2,1,0,0,0,1,0,0,0,0,0,1,0,1,1
347usa voter,333,2,0,1,0,0,1,0,0,1,0,0,1,0,0,1
347usa voter,333,3,1,0,0,1,0,0,0,0,0,0,0,1,0,1
347usa voter,333,3,0,0,0,0,0,0,0,0,1,0,1,1,0,0
348usa voter,334,1,1,0,0,1,0,0,0,0,1,0,0,0,0,0
348usa voter,334,1,0,1,0,0,0,1,0,0,1,0,1,0,1,0
348usa voter,334,2,1,0,0,1,0,0,0,1,0,1,0,0,0,0
348usa voter,334,2,0,0,0,1,0,1,1,0,0,0,0,0,0,0
348usa voter,334,3,1,0,0,1,0,0,0,0,1,1,0,0,0,1
348usa voter,334,3,0,0,0,0,0,0,0,0,1,0,0,0,1,0
349usa voter,335,1,1,0,0,1,0,1,0,0,1,0,1,0,0,1
349usa voter,335,1,0,1,0,0,1,0,0,0,0,0,0,0,1,1
349usa voter,335,2,1,1,0,0,0,1,0,0,1,0,1,1,0,0
349usa voter,335,2,0,0,0,0,0,0,0,1,0,0,0,1,0,0
349usa voter,335,3,1,0,0,1,0,0,0,0,1,1,0,0,1,1
349usa voter,335,3,0,0,1,0,1,0,0,0,0,1,0,0,0,0
350usa voter,336,1,1,0,0,1,1,0,0,0,0,1,0,1,0,1
350usa voter,336,1,0,1,0,0,0,1,0,0,1,0,0,1,0,0
350usa voter,336,2,1,0,1,0,0,0,0,0,1,0,1,0,0,0
350usa voter,336,2,0,0,0,0,1,0,1,0,0,0,0,0,0,0
350usa voter,336,3,1,0,0,0,0,0,0,1,0,1,0,0,1,1
350usa voter,336,3,0,1,0,0,0,0,1,0,0,0,1,0,0,1
351usa voter,337,1,0,1,0,0,1,0,1,0,0,0,0,0,0,1
351usa voter,337,1,1,1,0,0,0,1,0,1,0,0,0,1,0,1
351usa voter,337,2,0,0,0,0,0,1,1,0,0,0,0,1,0,0
351usa voter,337,2,1,0,0,1,0,0,0,0,1,0,1,0,0,1
351usa voter,337,3,0,0,0,0,1,0,0,0,0,0,0,1,0,1
351usa voter,337,3,1,0,0,0,1,0,0,0,1,0,0,1,0,1
352usa voter,338,1,1,0,1,0,0,0,0,1,0,0,0,0,0,1
352usa voter,338,1,0,1,0,0,1,0,0,0,0,0,0,0,0,0
352usa voter,338,2,1,0,0,1,0,1,0,0,1,0,0,1,0,0
352usa voter,338,2,0,0,1,0,0,1,1,0,0,0,0,0,0,0
352usa voter,338,3,0,1,0,0,0,0,0,0,0,0,0,0,1,0
352usa voter,338,3,1,0,0,0,0,0,0,1,0,0,1,0,0,0
354usa voter,339,1,0,0,0,1,0,1,0,0,1,0,1,0,1,1
354usa voter,339,1,1,0,0,1,0,0,0,1,0,1,0,1,0,0
354usa voter,339,2,0,0,0,0,0,0,1,0,0,0,1,1,0,0
354usa voter,339,2,1,0,0,1,0,0,0,1,0,0,1,1,0,0
354usa voter,339,3,1,0,0,0,1,0,0,0,1,0,1,0,0,0
354usa voter,339,3,0,1,0,0,0,1,1,0,0,1,0,0,0,0
355usa voter,340,1,1,0,1,0,0,0,0,0,0,1,0,0,0,1
355usa voter,340,1,0,0,0,1,0,1,1,0,0,0,1,1,0,1
355usa voter,340,2,1,0,0,0,0,0,0,0,1,0,1,1,0,1
355usa voter,340,2,0,0,0,0,1,0,0,0,0,0,1,0,1,1
355usa voter,340,3,1,0,0,1,1,0,0,1,0,0,0,0,0,1
355usa voter,340,3,0,0,0,1,0,0,0,0,0,0,1,0,1,0
356usa voter,341,1,0,1,0,0,0,1,1,0,0,0,1,1,0,1
356usa voter,341,1,1,0,1,0,0,1,0,1,0,0,0,0,0,0
356usa voter,341,2,0,0,0,0,0,0,0,0,1,0,0,0,0,0
356usa voter,341,2,1,0,0,1,0,1,0,0,0,0,0,1,0,0
356usa voter,341,3,0,0,1,0,1,0,0,0,0,1,0,0,0,1
356usa voter,341,3,1,0,0,1,1,0,0,0,0,1,0,1,0,0
357usa voter,342,1,0,0,1,0,0,0,0,0,0,0,1,1,0,0
357usa voter,342,1,1,0,0,0,1,0,0,0,0,0,0,0,1,0
357usa voter,342,2,0,0,0,1,0,0,0,0,1,0,1,1,0,0
357usa voter,342,2,1,0,0,0,0,1,0,0,1,0,1,0,1,0
357usa voter,342,3,1,0,1,0,0,1,0,0,1,0,0,0,1,0
357usa voter,342,3,0,0,0,1,1,0,1,0,0,0,0,0,1,0
358usa voter,343,1,0,0,0,0,0,0,1,0,0,0,0,0,0,0
358usa voter,343,1,1,0,0,0,1,0,1,0,0,1,0,0,1,1
358usa voter,343,2,0,1,0,0,0,0,0,1,0,1,0,1,0,0
358usa voter,343,2,1,1,0,0,1,0,0,1,0,1,0,0,1,1
358usa voter,343,3,0,1,0,0,0,1,0,0,0,0,0,0,0,1
358usa voter,343,3,1,0,0,1,1,0,0,0,1,1,0,0,0,0
359usa voter,344,1,0,0,0,0,0,1,0,1,0,1,0,0,0,1
359usa voter,344,1,1,0,0,1,1,0,0,0,0,0,1,1,0,1
359usa voter,344,2,0,0,0,0,0,0,1,0,0,0,0,0,0,1
359usa voter,344,2,1,0,0,0,0,1,0,0,1,0,0,0,1,1
359usa voter,344,3,0,1,0,0,0,1,0,1,0,1,0,0,1,1
359usa voter,344,3,1,0,0,1,0,1,0,1,0,0,0,0,0,1
360usa voter,345,1,0,0,0,0,0,1,1,0,0,1,0,0,1,0
360usa voter,345,1,1,0,0,0,0,1,0,0,1,1,0,0,0,0
360usa voter,345,2,1,1,0,0,1,0,0,0,0,1,0,0,0,1
360usa voter,345,2,0,0,0,1,0,1,0,1,0,1,0,0,0,1
360usa voter,345,3,1,1,0,0,0,1,0,0,1,0,0,0,1,0
360usa voter,345,3,0,0,0,0,0,0,0,0,0,0,1,0,1,0
361usa voter,346,1,1,1,0,0,0,1,0,0,1,1,0,0,1,1
361usa voter,346,1,0,0,0,0,0,1,1,0,0,1,0,0,0,1
361usa voter,346,2,0,0,0,1,0,1,0,1,0,0,1,0,0,0
361usa voter,346,2,1,1,0,0,0,0,1,0,0,0,1,0,0,1
361usa voter,346,3,1,0,0,0,1,0,0,1,0,0,1,1,0,1
361usa voter,346,3,0,0,0,0,0,1,0,0,1,0,1,0,0,0
362usa voter,347,1,1,1,0,0,0,1,0,0,0,1,0,0,1,0
362usa voter,347,1,0,0,0,0,0,0,0,0,0,0,1,0,0,1
362usa voter,347,2,1,0,1,0,0,1,0,0,0,1,0,0,0,1
362usa voter,347,2,0,0,0,1,0,1,1,0,0,1,0,1,0,1
362usa voter,347,3,1,1,0,0,0,0,0,0,1,0,1,0,1,1
362usa voter,347,3,0,1,0,0,0,0,1,0,0,0,0,1,0,1
363usa voter,348,1,1,0,1,0,1,0,0,0,0,0,0,1,0,0
363usa voter,348,1,0,1,0,0,1,0,0,0,0,1,0,0,1,1
363usa voter,348,2,0,1,0,0,0,0,0,0,0,0,0,1,0,0
363usa voter,348,2,1,0,0,1,0,0,0,1,0,0,0,0,1,1
363usa voter,348,3,1,1,0,0,1,0,1,0,0,0,1,0,0,1
363usa voter,348,3,0,1,0,0,1,0,0,0,0,0,1,0,1,1
364usa voter,349,1,1,0,0,1,0,0,0,0,1,0,1,0,0,0
364usa voter,349,1,0,0,0,1,0,1,1,0,0,0,1,0,1,0
364usa voter,349,2,1,0,0,0,0,1,0,0,0,0,0,0,0,1
364usa voter,349,2,0,0,1,0,0,1,1,0,0,1,0,0,0,0
364usa voter,349,3,0,0,0,1,0,0,1,0,0,1,0,1,0,0
364usa voter,349,3,1,0,0,1,0,0,0,0,1,1,0,0,0,0
365usa voter,350,1,0,0,0,0,1,0,0,0,0,0,0,1,0,1
365usa voter,350,1,1,1,0,0,1,0,1,0,0,0,0,0,1,1
365usa voter,350,2,0,1,0,0,1,0,1,0,0,0,1,0,1,0
365usa voter,350,2,1,0,0,1,1,0,1,0,0,1,0,1,0,0
365usa voter,350,3,1,1,0,0,0,1,1,0,0,0,0,0,0,0
365usa voter,350,3,0,0,0,1,1,0,1,0,0,0,1,0,0,0
366usa voter,351,1,1,1,0,0,0,0,0,1,0,0,0,1,0,0
366usa voter,351,1,0,1,0,0,0,0,0,0,0,1,0,0,1,1
366usa voter,351,2,1,0,0,0,0,0,0,1,0,0,0,1,0,1
366usa voter,351,2,0,1,0,0,0,0,1,0,0,0,0,0,1,1
366usa voter,351,3,1,1,0,0,0,1,0,0,1,0,1,1,0,1
366usa voter,351,3,0,0,0,0,0,1,0,0,1,1,0,0,0,0
367usa voter,352,1,0,0,1,0,0,0,0,1,0,0,0,0,0,0
367usa voter,352,1,1,0,0,1,0,0,1,0,0,1,0,0,0,1
367usa voter,352,2,1,0,0,1,0,1,0,0,0,0,1,1,0,0
367usa voter,352,2,0,0,1,0,1,0,0,1,0,1,0,0,0,1
367usa voter,352,3,0,1,0,0,0,0,1,0,0,0,0,0,1,1
367usa voter,352,3,1,0,1,0,0,0,0,0,0,1,0,1,0,1
368usa voter,353,1,0,1,0,0,0,0,0,1,0,1,0,0,1,0
368usa voter,353,1,1,0,0,1,1,0,0,0,0,1,0,0,1,1
368usa voter,353,2,0,0,0,1,1,0,1,0,0,0,0,0,0,1
368usa voter,353,2,1,0,0,0,1,0,0,1,0,0,0,0,0,1
368usa voter,353,3,1,0,0,1,0,0,0,0,1,0,0,0,0,1
368usa voter,353,3,0,0,1,0,0,1,0,1,0,1,0,0,1,1
369usa voter,354,1,0,1,0,0,0,1,1,0,0,1,0,1,0,0
369usa voter,354,1,1,0,1,0,0,0,0,0,0,0,0,0,1,0
369usa voter,354,2,1,0,0,1,1,0,0,0,0,0,1,1,0,0
369usa voter,354,2,0,0,1,0,1,0,1,0,0,0,1,0,1,1
369usa voter,354,3,1,0,0,1,0,0,0,0,1,1,0,0,1,0
369usa voter,354,3,0,0,1,0,1,0,1,0,0,0,0,0,0,1
370usa voter,355,1,1,0,0,0,0,0,0,0,1,0,0,0,1,1
370usa voter,355,1,0,1,0,0,0,0,0,1,0,0,0,0,0,0
370usa voter,355,2,1,0,1,0,1,0,0,0,1,1,0,1,0,0
370usa voter,355,2,0,0,0,1,0,0,0,1,0,0,1,0,0,1
370usa voter,355,3,1,0,1,0,0,0,0,1,0,1,0,0,1,1
370usa voter,355,3,0,0,0,1,0,0,1,0,0,1,0,1,0,1
371usa voter,356,1,0,0,0,0,0,0,0,1,0,0,1,0,1,0
371usa voter,356,1,1,0,0,1,1,0,0,0,1,0,0,0,0,1
371usa voter,356,2,0,0,0,0,1,0,0,1,0,0,1,1,0,1
371usa voter,356,2,1,1,0,0,1,0,1,0,0,0,0,1,0,0
371usa voter,356,3,0,1,0,0,1,0,1,0,0,1,0,0,1,1
371usa voter,356,3,1,1,0,0,0,0,0,1,0,1,0,0,0,1
372usa voter,357,1,0,1,0,0,1,0,0,1,0,0,0,0,0,0
372usa voter,357,1,1,0,1,0,0,0,0,1,0,1,0,0,0,0
372usa voter,357,2,1,1,0,0,0,1,0,0,0,1,0,1,0,1
372usa voter,357,2,0,0,0,1,1,0,0,0,0,0,0,0,1,0
372usa voter,357,3,1,0,0,1,0,1,0,0,1,0,1,0,1,0
372usa voter,357,3,0,0,0,0,0,0,0,0,1,0,1,0,1,0
373usa voter,358,1,0,0,0,1,0,1,1,0,0,0,0,0,0,0
373usa voter,358,1,1,0,0,0,1,0,1,0,0,0,1,0,1,1
373usa voter,358,2,0,1,0,0,0,0,0,0,1,1,0,0,0,1
373usa voter,358,2,1,0,0,1,0,1,0,0,0,1,0,1,0,0
373usa voter,358,3,0,0,0,1,1,0,1,0,0,0,0,0,1,0
373usa voter,358,3,1,1,0,0,1,0,0,1,0,0,1,0,0,0
374usa voter,359,1,1,0,1,0,1,0,0,0,1,0,1,1,0,1
374usa voter,359,1,0,0,0,0,1,0,0,0,0,0,0,0,1,1
374usa voter,359,2,1,0,1,0,0,0,0,1,0,0,1,0,1,0
374usa voter,359,2,0,0,0,0,0,0,1,0,0,1,0,1,0,1
374usa voter,359,3,0,0,0,1,0,0,0,0,1,0,0,0,1,1
374usa voter,359,3,1,0,0,1,0,1,0,0,0,0,1,0,1,0
375usa voter,360,1,1,1,0,0,1,0,0,0,0,0,1,1,0,1
375usa voter,360,1,0,0,0,0,0,0,0,1,0,0,1,0,0,0
375usa voter,360,2,1,0,0,0,0,1,0,0,1,1,0,0,0,0
375usa voter,360,2,0,1,0,0,1,0,1,0,0,0,1,0,1,0
375usa voter,360,3,0,1,0,0,0,1,0,1,0,1,0,0,1,0
375usa voter,360,3,1,0,0,1,0,1,1,0,0,0,0,1,0,1
377usa voter,361,1,0,0,1,0,1,0,0,0,1,1,0,0,0,0
377usa voter,361,1,1,0,0,1,0,1,0,1,0,0,1,1,0,0
377usa voter,361,2,0,0,0,1,1,0,0,0,1,0,1,0,1,0
377usa voter,361,2,1,0,0,1,1,0,1,0,0,0,0,1,0,0
377usa voter,361,3,1,1,0,0,0,1,0,0,0,1,0,1,0,1
377usa voter,361,3,0,0,0,1,1,0,0,0,0,0,1,0,0,0
378usa voter,362,1,0,0,0,0,1,0,0,0,1,1,0,0,0,1
378usa voter,362,1,1,0,1,0,0,0,0,0,0,1,0,1,0,0
378usa voter,362,2,1,1,0,0,1,0,0,0,1,1,0,1,0,0
378usa voter,362,2,0,1,0,0,0,0,0,0,1,0,1,0,1,1
378usa voter,362,3,0,1,0,0,1,0,0,1,0,0,1,0,1,1
378usa voter,362,3,1,0,0,1,0,0,1,0,0,1,0,1,0,0
379usa voter,363,1,1,0,0,0,0,0,0,1,0,1,0,1,0,0
379usa voter,363,1,0,1,0,0,1,0,0,0,0,0,1,1,0,0
379usa voter,363,2,0,1,0,0,1,0,0,0,1,1,0,1,0,0
379usa voter,363,2,1,1,0,0,0,1,0,1,0,0,0,0,1,0
379usa voter,363,3,0,1,0,0,1,0,0,0,1,0,0,1,0,1
379usa voter,363,3,1,1,0,0,0,1,1,0,0,1,0,1,0,0
380usa voter,364,1,1,0,1,0,0,1,0,0,1,0,0,1,0,0
380usa voter,364,1,0,0,0,1,0,1,0,0,0,0,0,0,1,0
380usa voter,364,2,1,0,0,1,0,0,0,0,0,0,1,0,0,1
380usa voter,364,2,0,1,0,0,1,0,0,1,0,0,0,0,0,0
380usa voter,364,3,1,1,0,0,0,0,0,1,0,1,0,0,1,1
380usa voter,364,3,0,1,0,0,0,1,1,0,0,0,0,0,1,0
381usa voter,365,1,0,1,0,0,0,1,0,1,0,0,1,0,1,0
381usa voter,365,1,1,0,0,1,0,0,0,1,0,0,0,0,1,0
381usa voter,365,2,0,0,0,0,0,1,1,0,0,0,0,0,0,0
381usa voter,365,2,1,0,1,0,0,1,1,0,0,0,1,0,1,1
381usa voter,365,3,0,0,0,0,1,0,0,1,0,0,1,0,1,0
381usa voter,365,3,1,0,1,0,1,0,0,0,1,1,0,0,1,1
382usa voter,366,1,0,0,0,1,1,0,1,0,0,1,0,1,0,0
382usa voter,366,1,1,1,0,0,0,0,0,1,0,0,0,1,0,0
382usa voter,366,2,1,0,0,0,0,0,0,1,0,0,0,0,1,1
382usa voter,366,2,0,0,0,1,0,1,0,0,1,0,0,0,1,1
382usa voter,366,3,1,1,0,0,0,1,0,0,0,0,1,0,0,0
382usa voter,366,3,0,1,0,0,0,0,0,1,0,0,0,1,0,0
383usa voter,367,1,1,0,0,0,1,0,1,0,0,1,0,0,0,0
383usa voter,367,1,0,0,0,0,0,0,0,0,0,1,0,1,0,1
383usa voter,367,2,0,0,1,0,0,1,0,0,1,0,0,0,0,0
383usa voter,367,2,1,1,0,0,1,0,0,1,0,0,1,0,1,1
383usa voter,367,3,0,0,1,0,0,1,1,0,0,0,1,0,1,1
383usa voter,367,3,1,0,0,0,0,0,0,0,1,1,0,0,1,0
384usa voter,368,1,1,1,0,0,1,0,0,0,0,1,0,0,0,1
384usa voter,368,1,0,0,0,0,1,0,1,0,0,1,0,0,0,0
384usa voter,368,2,0,1,0,0,1,0,1,0,0,0,1,0,1,0
384usa voter,368,2,1,0,0,0,0,1,0,0,0,1,0,0,0,1
384usa voter,368,3,0,0,0,1,0,1,1,0,0,1,0,0,1,1
384usa voter,368,3,1,0,0,0,0,1,1,0,0,0,1,0,1,1
385usa voter,369,1,0,1,0,0,0,1,0,1,0,1,0,0,0,1
385usa voter,369,1,1,1,0,0,1,0,0,1,0,1,0,0,1,1
385usa voter,369,2,0,0,1,0,0,0,0,0,0,1,0,0,0,0
385usa voter,369,2,1,0,0,1,0,1,1,0,0,0,1,0,1,0
385usa voter,369,3,0,1,0,0,1,0,0,1,0,0,1,0,0,1
385usa voter,369,3,1,0,0,1,0,1,0,0,0,0,0,0,1,0
386usa voter,370,1,0,1,0,0,0,0,1,0,0,0,0,0,1,0
386usa voter,370,1,1,0,0,1,0,0,1,0,0,0,0,0,0,0
386usa voter,370,2,0,0,0,0,0,0,0,0,0,0,1,1,0,1
386usa voter,370,2,1,0,1,0,1,0,0,0,0,1,0,0,0,1
386usa voter,370,3,1,0,1,0,1,0,0,0,1,0,0,0,1,1
386usa voter,370,3,0,0,1,0,0,0,1,0,0,0,1,1,0,0
387usa voter,371,1,1,1,0,0,0,1,0,0,0,1,0,1,0,0
387usa voter,371,1,0,0,0,1,0,0,1,0,0,1,0,0,1,0
387usa voter,371,2,1,0,0,0,0,1,0,0,0,0,1,0,0,0
387usa voter,371,2,0,1,0,0,1,0,1,0,0,0,1,0,0,1
387usa voter,371,3,1,0,0,0,1,0,0,1,0,1,0,0,1,0
387usa voter,371,3,0,0,0,0,1,0,0,1,0,0,0,0,0,1
388usa voter,372,1,1,0,0,1,0,1,0,1,0,0,1,0,1,1
388usa voter,372,1,0,0,1,0,0,1,0,1,0,1,0,0,1,1
388usa voter,372,2,0,0,1,0,1,0,0,1,0,1,0,1,0,1
388usa voter,372,2,1,0,1,0,1,0,0,0,0,0,0,0,0,1
388usa voter,372,3,1,0,0,1,1,0,0,0,0,1,0,0,1,1
388usa voter,372,3,0,0,0,1,0,1,0,0,0,0,1,0,1,0
389usa voter,373,1,0,0,0,0,0,1,0,0,1,1,0,0,1,1
389usa voter,373,1,1,0,0,1,0,1,1,0,0,0,1,0,0,1
389usa voter,373,2,0,0,0,1,0,1,0,1,0,0,0,1,0,0
389usa voter,373,2,1,0,0,1,0,1,0,0,1,0,0,1,0,1
389usa voter,373,3,0,0,0,0,0,0,0,0,0,0,0,0,1,0
389usa voter,373,3,1,0,1,0,0,1,0,1,0,0,1,1,0,0
390usa voter,374,1,0,0,0,1,0,0,1,0,0,0,0,0,0,1
390usa voter,374,1,1,0,0,0,1,0,0,0,1,0,0,1,0,1
390usa voter,374,2,0,0,1,0,1,0,1,0,0,0,1,1,0,0
390usa voter,374,2,1,1,0,0,1,0,0,0,1,0,0,1,0,1
390usa voter,374,3,0,0,1,0,0,0,0,0,0,0,0,0,0,1
390usa voter,374,3,1,0,0,1,0,1,0,0,0,0,1,1,0,0
391usa voter,375,1,1,0,0,1,1,0,0,1,0,0,1,1,0,1
391usa voter,375,1,0,0,1,0,0,1,0,1,0,0,0,0,1,0
391usa voter,375,2,0,0,0,0,1,0,0,0,0,0,0,0,1,1
391usa voter,375,2,1,1,0,0,0,1,1,0,0,1,0,1,0,0
391usa voter,375,3,1,1,0,0,0,1,0,1,0,0,0,0,0,0
391usa voter,375,3,0,0,0,0,0,0,1,0,0,0,0,0,1,1
392usa voter,376,1,1,0,0,1,0,1,0,0,0,1,0,0,0,0
392usa voter,376,1,0,0,1,0,1,0,0,0,0,0,1,1,0,1
392usa voter,376,2,1,0,0,1,0,0,0,1,0,1,0,0,0,0
392usa voter,376,2,0,0,0,1,0,1,0,1,0,0,1,1,0,1
392usa voter,376,3,0,0,1,0,0,1,0,0,0,0,1,1,0,1
392usa voter,376,3,1,1,0,0,1,0,0,0,0,1,0,0,0,0
393usa voter,377,1,1,0,0,1,0,1,1,0,0,0,1,0,1,1
393usa voter,377,1,0,1,0,0,0,1,1,0,0,1,0,1,0,1
393usa voter,377,2,1,0,0,1,0,1,0,0,0,1,0,0,1,0
393usa voter,377,2,0,0,0,0,1,0,1,0,0,0,0,0,0,1
393usa voter,377,3,0,0,1,0,0,0,1,0,0,1,0,1,0,1
393usa voter,377,3,1,0,0,1,0,0,0,0,0,0,1,0,0,1
394usa voter,378,1,1,0,0,0,0,1,0,0,1,0,0,0,0,0
394usa voter,378,1,0,0,1,0,0,0,0,0,1,0,0,1,0,0
394usa voter,378,2,0,0,0,1,1,0,0,0,1,1,0,1,0,1
394usa voter,378,2,1,1,0,0,0,0,0,0,1,0,0,1,0,1
394usa voter,378,3,0,0,0,1,1,0,1,0,0,1,0,0,1,0
394usa voter,378,3,1,0,0,1,1,0,0,0,1,0,1,1,0,1
395usa voter,379,1,1,0,1,0,1,0,0,0,1,0,1,1,0,1
395usa voter,379,1,0,0,1,0,0,0,0,1,0,1,0,0,1,0
395usa voter,379,2,1,0,1,0,0,1,0,0,0,0,1,0,0,1
395usa voter,379,2,0,0,0,0,0,0,1,0,0,0,1,0,0,0
395usa voter,379,3,1,0,1,0,1,0,1,0,0,1,0,1,0,1
395usa voter,379,3,0,0,0,0,0,1,0,0,0,1,0,0,1,0
396usa voter,380,1,1,0,0,0,1,0,1,0,0,0,1,0,1,1
396usa voter,380,1,0,0,0,1,0,0,1,0,0,0,0,0,1,0
396usa voter,380,2,1,0,1,0,0,1,0,0,0,0,1,1,0,1
396usa voter,380,2,0,1,0,0,1,0,1,0,0,1,0,0,1,0
396usa voter,380,3,0,1,0,0,0,0,0,0,0,0,0,0,0,1
396usa voter,380,3,1,1,0,0,0,1,1,0,0,1,0,0,1,1
397usa voter,381,1,0,0,1,0,0,1,1,0,0,1,0,1,0,1
397usa voter,381,1,1,0,1,0,0,0,0,0,0,0,0,0,0,1
397usa voter,381,2,0,0,1,0,0,1,1,0,0,1,0,1,0,0
397usa voter,381,2,1,0,0,0,0,0,0,0,0,0,0,1,0,0
397usa voter,381,3,0,0,0,0,0,1,0,0,1,1,0,1,0,1
397usa voter,381,3,1,1,0,0,0,0,0,0,0,1,0,0,0,0
398usa voter,382,1,1,0,0,0,0,1,0,1,0,1,0,0,1,0
398usa voter,382,1,0,1,0,0,0,1,1,0,0,0,0,0,0,0
398usa voter,382,2,1,0,0,0,0,1,0,0,1,0,1,0,0,0
398usa voter,382,2,0,0,1,0,0,0,0,0,1,1,0,1,0,1
398usa voter,382,3,0,0,0,0,0,1,0,1,0,0,1,1,0,1
398usa voter,382,3,1,0,0,1,1,0,0,0,1,0,0,1,0,0
399usa voter,383,1,1,0,0,1,0,1,0,0,1,0,0,0,0,1
399usa voter,383,1,0,0,0,1,0,0,0,1,0,1,0,0,0,0
399usa voter,383,2,0,1,0,0,0,0,0,0,0,0,0,0,0,1
399usa voter,383,2,1,0,0,1,1,0,0,0,0,0,0,0,1,0
399usa voter,383,3,1,0,0,1,0,1,0,1,0,0,0,0,0,0
399usa voter,383,3,0,0,0,1,0,1,0,0,0,1,0,0,1,1
401usa voter,384,1,1,0,1,0,0,1,0,0,1,1,0,1,0,0
401usa voter,384,1,0,1,0,0,0,0,0,0,1,0,0,0,0,1
401usa voter,384,2,0,0,0,0,0,1,1,0,0,1,0,1,0,0
401usa voter,384,2,1,0,0,0,1,0,0,1,0,0,0,1,0,0
401usa voter,384,3,0,0,0,0,0,1,0,0,0,0,1,0,0,0
401usa voter,384,3,1,0,1,0,0,0,0,0,0,1,0,0,0,1
402usa voter,385,1,0,1,0,0,0,1,0,0,1,0,1,0,1,1
402usa voter,385,1,1,0,1,0,0,0,0,0,1,0,1,1,0,1
402usa voter,385,2,1,1,0,0,0,1,0,0,0,0,0,0,0,1
402usa voter,385,2,0,1,0,0,1,0,0,0,1,0,0,1,0,0
402usa voter,385,3,1,1,0,0,0,0,0,1,0,1,0,1,0,1
402usa voter,385,3,0,1,0,0,1,0,1,0,0,0,1,1,0,0
403usa voter,386,1,0,1,0,0,0,1,0,0,0,0,1,0,0,1
403usa voter,386,1,1,0,0,0,0,1,1,0,0,1,0,1,0,0
403usa voter,386,2,1,1,0,0,0,1,0,1,0,1,0,0,0,1
403usa voter,386,2,0,1,0,0,1,0,0,0,0,0,0,0,1,0
403usa voter,386,3,1,0,1,0,1,0,0,0,1,0,0,0,0,0
403usa voter,386,3,0,1,0,0,0,0,0,0,1,0,0,1,0,1
405usa voter,387,1,0,1,0,0,1,0,0,0,0,0,1,0,0,0
405usa voter,387,1,1,0,1,0,0,0,0,0,0,0,0,0,1,1
405usa voter,387,2,1,1,0,0,0,1,1,0,0,0,1,0,0,1
405usa voter,387,2,0,0,0,0,0,0,0,0,0,0,0,0,1,0
405usa voter,387,3,0,0,0,1,0,0,1,0,0,0,0,0,0,1
405usa voter,387,3,1,0,0,1,1,0,0,0,0,0,1,0,0,1
406usa voter,388,1,1,1,0,0,0,0,0,0,1,0,0,1,0,0
406usa voter,388,1,0,0,0,0,0,0,0,0,1,0,0,0,1,1
406usa voter,388,2,1,0,0,1,0,0,0,0,0,0,0,1,0,0
406usa voter,388,2,0,0,0,0,0,0,1,0,0,0,1,0,0,0
406usa voter,388,3,0,1,0,0,0,0,0,0,0,1,0,1,0,1
406usa voter,388,3,1,1,0,0,0,1,0,1,0,0,0,1,0,0
408usa voter,389,1,0,0,0,0,0,0,0,0,1,1,0,0,1,0
408usa voter,389,1,1,0,1,0,0,1,1,0,0,0,1,1,0,1
408usa voter,389,2,1,0,1,0,0,1,1,0,0,1,0,1,0,0
408usa voter,389,2,0,0,0,0,1,0,0,1,0,1,0,1,0,0
408usa voter,389,3,0,0,1,0,0,1,0,0,0,1,0,1,0,1
408usa voter,389,3,1,0,0,1,1,0,0,0,1,0,1,1,0,0
409usa voter,390,1,1,0,0,0,1,0,0,1,0,0,1,1,0,1
409usa voter,390,1,0,1,0,0,0,1,0,0,1,0,1,0,1,1
409usa voter,390,2,1,1,0,0,0,0,0,0,1,0,0,0,0,0
409usa voter,390,2,0,0,1,0,0,0,0,0,0,1,0,0,1,0
409usa voter,390,3,0,0,1,0,0,0,1,0,0,1,0,0,0,1
409usa voter,390,3,1,0,1,0,1,0,0,0,1,1,0,0,0,0
410usa voter,391,1,1,0,1,0,0,0,0,0,1,0,1,0,1,0
410usa voter,391,1,0,1,0,0,0,1,1,0,0,0,1,0,1,0
410usa voter,391,2,0,0,1,0,1,0,0,0,1,0,1,0,0,1
410usa voter,391,2,1,0,1,0,1,0,1,0,0,0,0,1,0,1
410usa voter,391,3,1,1,0,0,0,0,0,0,1,1,0,0,0,1
410usa voter,391,3,0,0,0,1,0,1,0,1,0,0,1,0,0,0
411usa voter,392,1,0,0,0,0,0,0,0,0,0,0,1,0,0,1
411usa voter,392,1,1,0,0,0,1,0,0,0,1,0,1,1,0,1
411usa voter,392,2,1,0,0,1,1,0,1,0,0,1,0,0,1,0
411usa voter,392,2,0,0,0,0,1,0,0,1,0,1,0,0,1,1
411usa voter,392,3,0,0,0,0,0,0,0,0,1,0,0,0,1,1
411usa voter,392,3,1,0,0,1,1,0,0,0,1,0,0,1,0,0
412usa voter,393,1,1,0,1,0,1,0,0,0,1,0,0,1,0,1
412usa voter,393,1,0,1,0,0,0,1,0,1,0,0,0,0,0,0
412usa voter,393,2,0,0,1,0,1,0,1,0,0,1,0,1,0,0
412usa voter,393,2,1,0,0,1,0,1,0,0,0,0,0,1,0,0
412usa voter,393,3,0,0,1,0,0,0,0,1,0,0,0,0,1,1
412usa voter,393,3,1,0,0,0,0,1,0,1,0,0,0,1,0,0
413usa voter,394,1,1,0,1,0,0,1,1,0,0,0,0,1,0,0
413usa voter,394,1,0,0,0,1,1,0,1,0,0,1,0,0,1,0
413usa voter,394,2,1,0,0,1,1,0,1,0,0,0,0,1,0,1
413usa voter,394,2,0,0,1,0,1,0,0,0,1,0,0,0,1,0
413usa voter,394,3,0,0,0,0,0,0,0,0,0,0,0,0,1,0
413usa voter,394,3,1,0,0,0,0,1,0,1,0,0,0,1,0,0
414usa voter,395,1,1,0,0,1,0,0,0,1,0,1,0,0,1,1
414usa voter,395,1,0,1,0,0,0,0,0,0,0,1,0,0,1,0
414usa voter,395,2,0,1,0,0,0,0,0,0,0,0,0,0,1,1
414usa voter,395,2,1,0,0,1,0,0,1,0,0,0,0,1,0,1
414usa voter,395,3,0,1,0,0,0,0,0,0,1,0,1,0,1,0
414usa voter,395,3,1,0,1,0,0,0,0,1,0,0,1,0,0,1
415usa voter,396,1,1,1,0,0,0,1,0,0,0,0,1,0,0,0
415usa voter,396,1,0,0,1,0,1,0,0,0,0,0,0,0,0,0
415usa voter,396,2,1,1,0,0,0,1,0,1,0,1,0,1,0,0
415usa voter,396,2,0,0,0,1,0,0,0,1,0,1,0,1,0,0
415usa voter,396,3,1,0,1,0,0,1,0,0,1,0,0,0,0,0
415usa voter,396,3,0,0,1,0,0,0,0,0,0,0,0,0,1,0
416usa voter,397,2,1,1,0,0,1,0,0,0,1,0,1,1,0,1
416usa voter,397,2,0,0,0,0,0,0,0,0,1,1,0,0,1,0
416usa voter,397,3,0,0,0,1,0,1,0,0,1,0,0,0,1,0
416usa voter,397,3,1,0,0,0,0,0,0,0,1,0,1,0,0,1
417usa voter,398,1,0,0,0,0,1,0,0,1,0,0,1,0,0,1
417usa voter,398,1,1,0,0,1,0,0,0,0,1,0,0,0,0,0
417usa voter,398,2,0,0,1,0,0,0,0,0,0,1,0,0,1,1
417usa voter,398,2,1,1,0,0,0,0,1,0,0,1,0,0,0,0
417usa voter,398,3,0,1,0,0,1,0,0,0,1,0,1,0,1,0
417usa voter,398,3,1,0,0,1,1,0,0,0,1,1,0,1,0,1
418usa voter,399,1,1,0,1,0,0,0,0,1,0,0,0,0,0,0
418usa voter,399,1,0,1,0,0,0,0,1,0,0,0,0,1,0,0
418usa voter,399,2,0,0,0,0,0,0,0,1,0,0,1,0,1,1
418usa voter,399,2,1,0,0,1,0,0,0,0,1,0,0,0,0,1
418usa voter,399,3,0,1,0,0,0,0,1,0,0,0,0,1,0,1
418usa voter,399,3,1,1,0,0,0,1,0,1,0,0,0,0,0,1
419usa voter,400,1,1,1,0,0,0,0,1,0,0,0,1,1,0,0
419usa voter,400,1,0,1,0,0,0,1,1,0,0,0,1,0,1,0
419usa voter,400,2,1,0,1,0,0,1,1,0,0,1,0,0,1,1
419usa voter,400,2,0,0,0,0,0,1,0,0,1,1,0,1,0,1
419usa voter,400,3,1,0,1,0,0,1,0,0,0,1,0,1,0,1
419usa voter,400,3,0,0,1,0,0,1,0,0,0,0,1,1,0,1
420usa voter,401,1,1,1,0,0,0,0,0,0,0,1,0,0,0,0
420usa voter,401,1,0,0,1,0,0,1,0,0,0,1,0,0,0,0
420usa voter,401,2,0,1,0,0,0,1,0,1,0,0,1,1,0,0
420usa voter,401,2,1,0,0,1,0,1,0,1,0,1,0,0,0,0
420usa voter,401,3,0,0,1,0,0,1,0,0,1,0,1,0,1,0
420usa voter,401,3,1,0,1,0,0,1,0,0,0,0,0,1,0,0
421usa voter,402,1,1,0,0,1,0,1,0,1,0,1,0,0,0,1
421usa voter,402,1,0,0,0,0,1,0,1,0,0,1,0,0,0,1
421usa voter,402,2,0,0,0,0,0,1,0,1,0,0,0,0,1,1
421usa voter,402,2,1,1,0,0,0,1,0,1,0,1,0,0,0,1
421usa voter,402,3,1,1,0,0,0,0,0,1,0,0,0,0,0,1
421usa voter,402,3,0,0,1,0,1,0,0,0,0,0,1,0,1,1
422usa voter,403,1,1,0,0,0,0,0,0,0,1,0,0,1,0,0
422usa voter,403,1,0,0,1,0,1,0,0,1,0,0,1,1,0,1
422usa voter,403,2,0,0,0,1,0,0,1,0,0,1,0,0,1,0
422usa voter,403,2,1,1,0,0,1,0,0,1,0,0,1,1,0,0
422usa voter,403,3,0,0,0,1,0,0,1,0,0,0,0,0,0,0
422usa voter,403,3,1,0,1,0,0,1,0,1,0,1,0,1,0,0
423usa voter,404,1,0,0,1,0,1,0,0,0,1,0,1,0,0,0
423usa voter,404,1,1,0,0,0,0,0,0,0,0,1,0,1,0,1
423usa voter,404,2,0,1,0,0,0,1,0,0,1,0,1,0,0,0
423usa voter,404,2,1,0,1,0,1,0,0,0,1,1,0,0,1,1
423usa voter,404,3,1,0,0,0,0,1,0,1,0,0,0,1,0,1
423usa voter,404,3,0,0,0,0,0,1,0,1,0,0,1,0,1,0
424usa voter,405,1,0,0,1,0,1,0,0,1,0,0,0,1,0,1
424usa voter,405,1,1,0,0,0,0,1,1,0,0,0,0,0,1,0
424usa voter,405,2,1,0,0,0,0,0,0,0,0,1,0,1,0,1
424usa voter,405,2,0,1,0,0,0,0,0,1,0,0,1,1,0,0
424usa voter,405,3,0,1,0,0,0,0,0,0,1,0,1,1,0,1
424usa voter,405,3,1,0,1,0,0,0,0,0,0,0,1,1,0,0
425usa voter,406,1,0,0,0,0,0,0,0,0,1,1,0,1,0,1
425usa voter,406,1,1,0,0,1,0,0,0,0,0,1,0,0,1,1
425usa voter,406,2,1,0,0,1,1,0,0,0,0,0,0,1,0,0
425usa voter,406,2,0,1,0,0,0,1,0,0,0,0,1,0,1,1
425usa voter,406,3,1,0,1,0,1,0,0,1,0,0,0,1,0,1
425usa voter,406,3,0,1,0,0,1,0,0,0,1,0,0,0,0,1
426usa voter,407,1,1,0,1,0,0,0,1,0,0,0,1,0,1,0
426usa voter,407,1,0,0,0,0,0,0,0,0,1,0,0,1,0,1
426usa voter,407,2,1,0,0,0,0,0,0,1,0,1,0,1,0,0
426usa voter,407,2,0,0,1,0,1,0,0,0,1,0,1,0,0,0
426usa voter,407,3,0,0,1,0,0,0,1,0,0,0,1,0,0,1
426usa voter,407,3,1,0,1,0,0,1,0,1,0,1,0,1,0,0
427usa voter,408,1,0,0,1,0,0,0,0,1,0,1,0,1,0,1
427usa voter,408,1,1,0,0,0,0,0,0,0,0,1,0,1,0,0
427usa voter,408,2,0,0,0,0,0,1,0,0,0,1,0,0,0,0
427usa voter,408,2,1,0,1,0,0,0,0,0,0,0,1,0,0,1
427usa voter,408,3,1,0,1,0,0,0,0,1,0,1,0,1,0,0
427usa voter,408,3,0,0,0,1,1,0,0,1,0,1,0,0,0,0
428usa voter,409,1,0,1,0,0,0,0,0,0,1,1,0,0,1,0
428usa voter,409,1,1,0,1,0,0,0,0,0,0,1,0,1,0,0
428usa voter,409,2,0,0,0,0,0,1,0,0,1,1,0,0,1,0
428usa voter,409,2,1,0,0,0,0,0,0,0,0,1,0,0,0,1
428usa voter,409,3,0,1,0,0,0,0,0,0,0,0,1,1,0,1
428usa voter,409,3,1,0,0,0,1,0,0,1,0,1,0,1,0,1
429usa voter,410,1,0,1,0,0,1,0,0,1,0,0,1,0,0,0
429usa voter,410,1,1,1,0,0,0,1,0,0,1,1,0,0,0,0
429usa voter,410,2,1,0,0,1,1,0,0,0,1,0,0,1,0,0
429usa voter,410,2,0,0,1,0,0,0,0,0,1,1,0,0,0,1
429usa voter,410,3,0,0,1,0,0,1,0,1,0,1,0,0,1,0
429usa voter,410,3,1,1,0,0,0,1,0,0,1,0,1,0,0,1
430usa voter,411,1,1,0,0,1,1,0,0,0,1,0,1,0,1,0
430usa voter,411,1,0,0,1,0,1,0,1,0,0,1,0,0,1,0
430usa voter,411,2,0,0,0,1,0,1,0,0,0,0,1,0,1,1
430usa voter,411,2,1,1,0,0,1,0,0,0,1,1,0,1,0,1
430usa voter,411,3,0,1,0,0,0,0,0,0,1,0,1,1,0,0
430usa voter,411,3,1,0,0,0,0,1,0,0,1,0,1,0,1,1
431usa voter,412,1,0,0,1,0,0,0,0,0,1,0,0,0,0,1
431usa voter,412,1,1,0,1,0,0,1,0,0,0,0,0,0,0,1
431usa voter,412,2,1,1,0,0,0,0,0,0,0,0,1,0,1,0
431usa voter,412,2,0,0,1,0,0,0,0,0,0,1,0,1,0,1
431usa voter,412,3,0,0,0,0,0,1,0,1,0,1,0,1,0,0
431usa voter,412,3,1,1,0,0,1,0,0,0,0,0,1,1,0,1
432usa voter,413,1,0,0,0,0,0,1,0,0,1,0,0,0,0,1
432usa voter,413,1,1,0,0,1,0,0,1,0,0,0,1,0,1,0
432usa voter,413,2,1,0,0,1,1,0,1,0,0,0,0,0,0,0
432usa voter,413,2,0,0,0,0,0,1,0,0,1,0,0,0,0,0
432usa voter,413,3,1,0,0,1,0,1,0,0,0,1,0,1,0,0
432usa voter,413,3,0,0,0,1,1,0,1,0,0,1,0,0,0,0
433usa voter,414,1,0,1,0,0,1,0,1,0,0,1,0,0,0,0
433usa voter,414,1,1,0,0,1,1,0,0,1,0,0,1,1,0,1
433usa voter,414,2,0,0,0,0,0,1,0,1,0,0,0,0,1,1
433usa voter,414,2,1,0,0,0,0,1,0,0,0,1,0,0,1,1
433usa voter,414,3,0,1,0,0,0,1,0,1,0,0,0,0,0,1
433usa voter,414,3,1,0,0,1,0,0,0,0,0,1,0,0,0,1
435usa voter,415,1,1,0,1,0,0,1,0,0,0,0,1,0,1,0
435usa voter,415,1,0,0,0,1,1,0,0,0,1,1,0,0,0,0
435usa voter,415,2,1,0,1,0,0,0,1,0,0,1,0,0,0,1
435usa voter,415,2,0,0,1,0,1,0,0,0,1,1,0,0,1,1
435usa voter,415,3,1,0,1,0,1,0,1,0,0,0,0,1,0,1
435usa voter,415,3,0,1,0,0,0,0,0,1,0,0,0,0,0,1
436usa voter,416,1,0,1,0,0,1,0,1,0,0,0,0,0,1,1
436usa voter,416,1,1,0,1,0,0,1,0,0,1,1,0,0,1,0
436usa voter,416,2,1,1,0,0,0,0,1,0,0,0,0,0,0,1
436usa voter,416,2,0,0,1,0,0,0,1,0,0,1,0,0,1,0
436usa voter,416,3,1,0,0,1,0,1,0,0,1,0,0,1,0,1
436usa voter,416,3,0,0,0,1,0,0,0,1,0,1,0,1,0,0
438usa voter,417,1,1,0,1,0,1,0,0,1,0,0,0,0,0,1
438usa voter,417,1,0,1,0,0,1,0,0,1,0,0,1,0,1,1
438usa voter,417,2,0,0,0,1,0,1,1,0,0,1,0,0,0,0
438usa voter,417,2,1,0,0,0,1,0,0,1,0,0,1,0,0,0
438usa voter,417,3,1,0,0,0,0,1,0,0,0,1,0,0,1,0
438usa voter,417,3,0,0,0,0,1,0,1,0,0,1,0,0,1,1
439usa voter,418,1,0,0,0,0,1,0,0,1,0,1,0,0,1,0
439usa voter,418,1,1,1,0,0,1,0,0,0,0,1,0,1,0,0
439usa voter,418,2,1,0,0,0,0,1,0,0,0,0,0,0,0,1
439usa voter,418,2,0,0,0,1,0,1,0,0,1,1,0,0,0,1
439usa voter,418,3,0,1,0,0,0,0,0,0,1,0,1,0,1,1
439usa voter,418,3,1,0,0,0,1,0,0,0,0,0,1,0,0,0
440usa voter,419,1,0,0,0,0,1,0,0,1,0,1,0,1,0,1
440usa voter,419,1,1,1,0,0,0,1,0,0,1,1,0,1,0,1
440usa voter,419,2,0,0,0,1,0,0,1,0,0,0,0,0,1,0
440usa voter,419,2,1,0,0,1,0,0,0,0,1,0,1,1,0,1
440usa voter,419,3,0,1,0,0,0,0,0,1,0,1,0,0,1,0
440usa voter,419,3,1,1,0,0,0,1,1,0,0,1,0,1,0,1
441usa voter,420,1,0,0,1,0,1,0,1,0,0,0,1,1,0,1
441usa voter,420,1,1,0,0,1,1,0,0,1,0,0,1,0,1,0
441usa voter,420,2,1,0,0,1,0,1,1,0,0,1,0,0,1,0
441usa voter,420,2,0,1,0,0,0,1,0,0,0,1,0,1,0,1
441usa voter,420,3,1,1,0,0,1,0,0,0,1,1,0,1,0,0
441usa voter,420,3,0,0,0,0,1,0,0,0,0,0,1,1,0,1
443usa voter,421,1,0,0,0,1,0,0,0,0,0,0,1,0,1,0
443usa voter,421,1,1,0,0,1,0,1,0,0,0,1,0,0,0,1
443usa voter,421,2,1,0,0,1,0,0,0,1,0,0,0,1,0,1
443usa voter,421,2,0,0,1,0,0,0,1,0,0,0,0,0,0,1
443usa voter,421,3,0,1,0,0,0,0,0,0,0,1,0,1,0,0
443usa voter,421,3,1,0,0,0,0,0,1,0,0,1,0,0,1,0
444usa voter,422,2,1,0,0,0,0,1,0,0,1,0,1,0,0,0
444usa voter,422,2,0,1,0,0,0,0,0,0,0,1,0,0,0,1
444usa voter,422,3,1,0,0,0,0,0,1,0,0,0,1,0,0,1
444usa voter,422,3,0,1,0,0,1,0,0,0,0,0,1,1,0,0
445usa voter,423,1,1,0,1,0,0,0,1,0,0,0,0,0,1,1
445usa voter,423,1,0,0,1,0,0,1,0,0,0,0,0,0,1,1
445usa voter,423,2,0,1,0,0,0,0,0,0,0,0,1,1,0,1
445usa voter,423,2,1,1,0,0,0,0,0,0,1,0,1,0,0,0
445usa voter,423,3,1,0,1,0,0,1,1,0,0,1,0,1,0,1
445usa voter,423,3,0,1,0,0,1,0,1,0,0,1,0,1,0,0
446usa voter,424,1,0,0,0,1,1,0,0,0,0,0,0,0,1,0
446usa voter,424,1,1,0,1,0,0,1,0,1,0,0,1,0,0,0
447usa voter,425,1,0,0,0,1,1,0,0,1,0,0,0,0,0,1
447usa voter,425,1,1,0,0,1,1,0,0,1,0,1,0,0,0,0
448usa voter,426,1,0,0,0,0,0,1,0,0,1,0,1,0,1,1
448usa voter,426,1,1,0,0,0,1,0,0,1,0,1,0,0,1,0
448usa voter,426,2,1,1,0,0,0,1,0,0,0,0,0,1,0,0
448usa voter,426,2,0,0,0,0,0,1,0,0,1,1,0,0,0,1
448usa voter,426,3,0,0,0,0,1,0,1,0,0,0,1,0,1,1
448usa voter,426,3,1,0,1,0,0,0,0,0,0,1,0,1,0,0
449usa voter,427,1,1,0,1,0,1,0,0,0,1,0,1,0,1,0
449usa voter,427,1,0,0,0,0,0,1,0,0,0,1,0,0,0,1
449usa voter,427,2,0,1,0,0,1,0,0,0,1,0,0,0,0,1
449usa voter,427,2,1,0,0,1,0,0,1,0,0,1,0,1,0,1
449usa voter,427,3,0,0,1,0,0,0,0,1,0,0,1,0,1,0
449usa voter,427,3,1,0,0,0,1,0,0,0,1,0,0,0,0,1
450usa voter,428,1,1,0,1,0,0,1,0,0,0,1,0,0,0,0
450usa voter,428,1,0,0,0,0,1,0,0,0,1,0,1,0,0,0
450usa voter,428,2,0,1,0,0,0,1,0,0,1,0,1,0,0,1
450usa voter,428,2,1,0,0,0,1,0,0,0,1,0,1,1,0,0
450usa voter,428,3,1,0,0,1,0,1,1,0,0,0,0,0,0,0
450usa voter,428,3,0,1,0,0,0,1,0,0,0,1,0,0,1,1
451usa voter,429,1,1,1,0,0,1,0,0,0,0,0,1,0,1,1
451usa voter,429,1,0,0,0,1,1,0,0,1,0,0,1,0,0,0
451usa voter,429,2,1,0,0,1,1,0,0,0,1,0,1,0,1,1
451usa voter,429,2,0,0,0,0,0,1,1,0,0,1,0,0,1,1
451usa voter,429,3,0,0,1,0,1,0,0,0,0,0,1,0,1,0
451usa voter,429,3,1,0,1,0,1,0,0,0,0,0,1,0,1,1
452usa voter,430,1,0,0,0,0,1,0,1,0,0,1,0,0,0,1
452usa voter,430,1,1,0,0,1,0,0,0,0,0,0,1,0,1,0
452usa voter,430,2,0,1,0,0,0,0,0,0,0,0,1,1,0,1
452usa voter,430,2,1,1,0,0,0,1,0,0,0,0,0,0,1,0
452usa voter,430,3,1,0,0,1,1,0,0,0,1,0,1,0,1,0
452usa voter,430,3,0,1,0,0,1,0,0,0,0,1,0,1,0,1
453usa voter,431,1,0,1,0,0,0,0,0,0,1,0,1,0,0,0
453usa voter,431,1,1,0,0,0,0,0,1,0,0,0,0,0,0,0
453usa voter,431,2,1,1,0,0,1,0,0,1,0,0,1,0,1,0
453usa voter,431,2,0,0,0,1,0,0,0,0,1,0,1,1,0,1
453usa voter,431,3,1,0,0,0,0,1,0,1,0,1,0,0,1,0
453usa voter,431,3,0,0,0,1,1,0,0,0,0,0,0,0,0,1
454usa voter,432,1,1,1,0,0,1,0,0,0,0,1,0,0,0,0
454usa voter,432,1,0,0,0,1,0,1,1,0,0,0,0,0,1,1
454usa voter,432,2,0,0,0,0,0,0,0,0,1,0,1,0,0,1
454usa voter,432,2,1,0,0,0,0,1,1,0,0,1,0,0,0,0
454usa voter,432,3,0,0,1,0,1,0,0,0,1,0,1,0,1,1
454usa voter,432,3,1,0,1,0,0,1,0,1,0,0,0,0,1,1
455usa voter,433,1,0,0,0,1,0,1,1,0,0,0,0,1,0,1
455usa voter,433,1,1,1,0,0,0,0,0,0,1,1,0,0,1,0
455usa voter,433,2,1,0,1,0,0,1,0,0,0,1,0,0,1,0
455usa voter,433,2,0,0,0,1,1,0,0,0,0,0,0,1,0,1
455usa voter,433,3,1,1,0,0,1,0,0,0,0,1,0,0,1,0
455usa voter,433,3,0,0,0,1,0,0,0,0,1,0,0,0,1,1
456usa voter,434,1,1,0,0,0,0,0,0,1,0,0,1,1,0,1
456usa voter,434,1,0,0,0,0,0,1,0,0,1,0,1,1,0,1
456usa voter,434,2,1,0,0,1,1,0,1,0,0,1,0,1,0,0
456usa voter,434,2,0,0,0,0,0,0,1,0,0,0,0,0,1,1
456usa voter,434,3,1,1,0,0,0,0,0,1,0,1,0,0,0,0
456usa voter,434,3,0,0,0,0,0,0,0,0,0,0,0,0,0,0
457usa voter,435,1,0,0,0,1,0,1,0,1,0,1,0,1,0,1
457usa voter,435,1,1,0,0,1,0,1,0,0,0,1,0,0,0,0
457usa voter,435,2,0,0,1,0,0,1,0,1,0,0,0,1,0,1
457usa voter,435,2,1,0,0,0,0,0,0,0,1,0,1,0,1,1
457usa voter,435,3,0,0,0,1,0,0,0,0,1,0,0,0,0,1
457usa voter,435,3,1,0,0,0,0,1,0,1,0,1,0,0,1,1
458usa voter,436,1,1,0,0,1,0,0,0,0,1,1,0,1,0,1
458usa voter,436,1,0,0,0,0,0,0,1,0,0,1,0,0,0,0
458usa voter,436,2,0,0,0,1,0,0,0,1,0,1,0,0,1,1
458usa voter,436,2,1,1,0,0,1,0,1,0,0,0,0,1,0,0
458usa voter,436,3,1,1,0,0,1,0,0,0,1,0,0,1,0,1
458usa voter,436,3,0,0,0,0,0,0,0,0,1,0,1,0,0,1
459usa voter,437,1,1,0,0,1,0,1,0,0,0,1,0,0,0,1
459usa voter,437,1,0,0,0,1,0,0,0,1,0,0,1,1,0,0
459usa voter,437,2,1,0,0,0,0,1,0,0,1,0,1,0,0,1
459usa voter,437,2,0,1,0,0,0,0,1,0,0,0,1,0,1,1
459usa voter,437,3,1,1,0,0,1,0,0,0,1,0,1,0,1,0
459usa voter,437,3,0,0,1,0,1,0,1,0,0,0,1,0,1,0
460usa voter,438,1,0,0,0,1,0,1,0,0,1,0,1,1,0,1
460usa voter,438,1,1,1,0,0,0,1,0,0,0,0,1,0,0,1
460usa voter,438,2,1,1,0,0,1,0,0,0,1,0,0,0,0,1
460usa voter,438,2,0,0,0,1,0,1,0,0,1,0,1,1,0,0
460usa voter,438,3,0,0,0,0,1,0,0,0,1,0,0,0,0,0
460usa voter,438,3,1,1,0,0,1,0,0,1,0,1,0,1,0,1
461usa voter,439,1,1,1,0,0,0,0,0,0,0,1,0,0,1,1
461usa voter,439,1,0,0,0,1,1,0,1,0,0,1,0,1,0,0
461usa voter,439,2,1,0,0,0,1,0,0,1,0,0,1,1,0,1
461usa voter,439,2,0,1,0,0,0,0,0,0,1,1,0,0,1,0
461usa voter,439,3,0,0,0,0,1,0,0,1,0,0,0,0,1,1
461usa voter,439,3,1,0,0,0,0,1,0,0,1,1,0,0,0,1
462usa voter,440,1,0,0,0,1,0,1,0,1,0,0,0,0,1,1
462usa voter,440,1,1,0,0,0,0,0,0,0,1,1,0,0,0,0
462usa voter,440,2,1,0,0,1,1,0,0,1,0,0,0,0,0,0
462usa voter,440,2,0,0,1,0,0,1,0,1,0,0,0,0,1,1
462usa voter,440,3,1,1,0,0,0,0,0,0,1,0,1,0,0,1
462usa voter,440,3,0,0,0,0,0,1,0,0,0,0,1,1,0,0
463usa voter,441,1,0,1,0,0,0,0,0,0,0,0,1,1,0,1
463usa voter,441,1,1,0,1,0,0,1,0,1,0,1,0,0,1,1
463usa voter,441,2,1,0,0,0,1,0,0,0,1,0,0,1,0,0
463usa voter,441,2,0,0,0,1,1,0,0,0,0,0,0,0,0,0
463usa voter,441,3,1,0,0,1,1,0,1,0,0,0,0,0,1,1
463usa voter,441,3,0,1,0,0,0,1,1,0,0,1,0,1,0,0
464usa voter,442,1,0,0,0,1,1,0,1,0,0,0,1,0,1,0
464usa voter,442,1,1,0,1,0,1,0,0,0,0,0,0,1,0,0
464usa voter,442,2,0,0,0,0,1,0,0,0,1,0,0,1,0,0
464usa voter,442,2,1,0,0,1,0,0,0,1,0,1,0,0,0,1
464usa voter,442,3,0,0,1,0,0,1,0,0,0,0,0,0,0,1
464usa voter,442,3,1,1,0,0,0,1,1,0,0,0,0,0,0,1
465usa voter,443,1,0,0,1,0,1,0,0,0,1,0,1,1,0,0
465usa voter,443,1,1,0,0,1,0,0,0,1,0,0,1,1,0,1
465usa voter,443,2,1,0,0,1,0,1,0,0,1,1,0,1,0,1
465usa voter,443,2,0,0,1,0,0,0,0,0,1,1,0,1,0,1
465usa voter,443,3,1,1,0,0,1,0,0,1,0,0,1,0,1,1
465usa voter,443,3,0,0,0,1,1,0,1,0,0,1,0,0,0,0
466usa voter,444,1,1,0,0,0,0,0,0,0,1,0,1,0,0,1
466usa voter,444,1,0,0,0,0,1,0,0,0,0,0,0,1,0,1
466usa voter,444,2,0,0,0,1,0,1,1,0,0,0,0,0,1,1
466usa voter,444,2,1,1,0,0,0,0,0,0,1,1,0,0,0,1
466usa voter,444,3,1,0,0,1,0,0,1,0,0,0,1,1,0,1
466usa voter,444,3,0,0,0,0,0,0,0,0,0,0,0,1,0,0
467usa voter,445,1,0,0,0,1,0,1,1,0,0,0,0,0,0,0
467usa voter,445,1,1,0,0,1,1,0,0,0,0,1,0,0,1,0
467usa voter,445,2,1,0,0,0,0,1,0,0,1,1,0,0,0,1
467usa voter,445,2,0,0,0,1,0,0,0,0,0,1,0,0,0,1
467usa voter,445,3,0,0,0,0,1,0,0,0,0,1,0,0,0,0
467usa voter,445,3,1,0,0,0,0,1,0,1,0,0,0,1,0,1
468usa voter,446,1,1,1,0,0,0,0,0,0,1,1,0,0,0,1
468usa voter,446,1,0,1,0,0,1,0,0,0,1,0,0,0,0,0
468usa voter,446,2,0,0,0,0,0,0,0,1,0,1,0,0,0,0
468usa voter,446,2,1,0,1,0,1,0,0,0,0,1,0,1,0,0
468usa voter,446,3,1,0,0,0,1,0,0,0,0,0,1,1,0,0
468usa voter,446,3,0,0,1,0,1,0,0,1,0,1,0,0,1,1
469usa voter,447,1,0,1,0,0,0,1,1,0,0,0,0,1,0,1
469usa voter,447,1,1,0,0,0,0,0,0,0,1,0,0,1,0,0
469usa voter,447,2,0,0,0,0,0,1,1,0,0,0,1,0,0,1
469usa voter,447,2,1,0,1,0,0,1,0,1,0,0,0,1,0,0
469usa voter,447,3,1,0,1,0,0,0,0,0,0,0,0,1,0,1
469usa voter,447,3,0,0,1,0,0,1,0,0,0,0,0,0,1,1
471usa voter,448,1,1,0,0,1,0,0,0,0,1,0,1,1,0,0
471usa voter,448,1,0,0,1,0,1,0,0,0,0,1,0,0,0,1
471usa voter,448,2,1,0,0,1,1,0,0,0,1,0,0,1,0,0
471usa voter,448,2,0,0,0,1,1,0,0,1,0,0,0,1,0,0
471usa voter,448,3,0,1,0,0,0,0,0,1,0,0,0,0,0,0
471usa voter,448,3,1,0,0,0,0,1,0,1,0,0,0,0,1,0
472usa voter,449,1,1,0,0,1,1,0,1,0,0,0,1,0,1,1
472usa voter,449,1,0,0,0,0,0,0,1,0,0,0,1,0,0,1
472usa voter,449,2,1,1,0,0,0,1,0,1,0,1,0,0,1,0
472usa voter,449,2,0,0,0,1,0,1,0,0,0,0,0,0,0,1
472usa voter,449,3,1,0,0,0,0,0,0,1,0,0,0,1,0,0
472usa voter,449,3,0,0,0,0,0,1,0,0,1,0,1,0,1,0
473usa voter,450,1,0,0,1,0,0,0,1,0,0,0,1,0,1,0
473usa voter,450,1,1,0,0,1,1,0,0,0,1,0,1,0,0,0
473usa voter,450,2,0,0,1,0,0,1,0,0,1,1,0,0,1,1
473usa voter,450,2,1,0,0,1,1,0,0,0,1,0,1,0,1,1
473usa voter,450,3,0,0,1,0,0,0,0,0,1,1,0,1,0,0
473usa voter,450,3,1,0,0,0,0,0,1,0,0,0,1,1,0,0
474usa voter,451,1,0,0,0,0,1,0,0,0,0,0,1,0,0,0
474usa voter,451,1,1,0,0,1,0,0,0,0,1,0,0,1,0,1
474usa voter,451,2,0,0,1,0,0,1,1,0,0,1,0,0,0,0
474usa voter,451,2,1,0,0,0,0,0,0,1,0,0,0,1,0,0
474usa voter,451,3,1,1,0,0,0,0,0,1,0,1,0,1,0,0
474usa voter,451,3,0,1,0,0,0,1,1,0,0,0,1,0,1,1
475usa voter,452,1,0,0,0,0,0,0,0,0,1,0,0,1,0,0
475usa voter,452,1,1,0,0,0,1,0,0,0,1,1,0,1,0,0
475usa voter,452,2,1,0,0,0,0,1,0,1,0,0,1,1,0,0
475usa voter,452,2,0,1,0,0,0,0,0,0,1,0,0,0,1,0
475usa voter,452,3,1,0,0,1,0,1,0,1,0,0,0,1,0,1
475usa voter,452,3,0,1,0,0,0,0,1,0,0,1,0,0,1,1
477usa voter,453,1,1,0,1,0,0,0,0,0,1,0,0,1,0,1
477usa voter,453,1,0,0,1,0,0,0,1,0,0,1,0,1,0,0
477usa voter,453,2,1,0,1,0,0,1,1,0,0,0,1,0,1,0
477usa voter,453,2,0,0,0,0,0,0,0,1,0,1,0,0,1,1
477usa voter,453,3,1,0,1,0,0,0,0,0,1,0,1,1,0,0
477usa voter,453,3,0,1,0,0,0,0,1,0,0,0,0,1,0,0
478usa voter,454,1,0,1,0,0,0,0,0,1,0,1,0,0,0,1
478usa voter,454,1,1,0,0,1,1,0,1,0,0,1,0,0,0,1
478usa voter,454,2,1,0,0,1,0,0,0,0,1,1,0,0,1,1
478usa voter,454,2,0,0,0,0,0,1,0,0,1,0,1,0,0,1
478usa voter,454,3,1,0,0,1,1,0,0,1,0,0,1,0,0,1
478usa voter,454,3,0,0,0,1,1,0,0,0,0,1,0,0,0,0
479usa voter,455,1,0,0,0,0,0,0,1,0,0,1,0,1,0,1
479usa voter,455,1,1,1,0,0,0,1,0,1,0,0,0,0,0,0
479usa voter,455,2,1,0,0,1,0,0,0,0,0,0,1,0,0,1
479usa voter,455,2,0,0,0,1,0,1,0,1,0,0,1,0,0,0
479usa voter,455,3,0,0,1,0,0,1,1,0,0,0,0,0,0,1
479usa voter,455,3,1,0,0,1,1,0,0,0,1,0,1,0,1,1
480usa voter,456,1,0,1,0,0,0,1,1,0,0,0,0,0,1,0
480usa voter,456,1,1,0,1,0,1,0,0,1,0,0,0,0,0,1
480usa voter,456,2,1,0,0,1,0,0,0,0,1,0,0,0,1,0
480usa voter,456,2,0,0,1,0,1,0,1,0,0,1,0,0,0,0
480usa voter,456,3,1,0,0,0,0,0,0,1,0,1,0,0,0,1
480usa voter,456,3,0,0,1,0,1,0,1,0,0,1,0,0,1,0
481usa voter,457,1,1,0,0,0,0,1,1,0,0,0,0,0,1,1
481usa voter,457,1,0,0,0,1,0,0,0,1,0,0,0,0,0,0
481usa voter,457,2,1,1,0,0,0,0,0,0,0,1,0,1,0,1
481usa voter,457,2,0,0,0,0,0,0,0,1,0,0,0,0,0,1
481usa voter,457,3,1,0,0,1,1,0,1,0,0,0,1,1,0,1
481usa voter,457,3,0,0,1,0,1,0,0,0,0,0,1,1,0,0
482usa voter,458,1,1,0,1,0,0,0,0,0,0,0,0,0,0,0
482usa voter,458,1,0,1,0,0,1,0,1,0,0,0,0,1,0,1
482usa voter,458,2,1,0,1,0,0,1,0,0,1,1,0,0,1,1
482usa voter,458,2,0,1,0,0,0,0,0,0,0,0,0,1,0,0
482usa voter,458,3,0,0,1,0,0,1,0,0,1,0,1,0,0,1
482usa voter,458,3,1,0,0,1,1,0,0,1,0,0,0,0,0,1
483usa voter,459,1,0,0,0,0,1,0,0,1,0,0,0,0,0,0
483usa voter,459,1,1,0,1,0,0,1,0,0,0,1,0,1,0,1
483usa voter,459,2,0,0,1,0,0,1,0,1,0,0,0,1,0,0
483usa voter,459,2,1,0,1,0,1,0,0,0,1,0,1,1,0,1
483usa voter,459,3,0,0,1,0,0,1,1,0,0,0,1,0,1,1
483usa voter,459,3,1,1,0,0,1,0,0,0,0,0,1,0,1,0
484usa voter,460,1,0,0,0,0,1,0,0,0,0,0,0,0,0,0
484usa voter,460,1,1,0,1,0,0,0,0,0,1,0,0,0,0,0
484usa voter,460,2,1,0,0,0,0,1,0,0,1,0,0,0,0,0
484usa voter,460,2,0,0,0,0,0,1,0,0,0,0,1,0,0,1
484usa voter,460,3,1,0,0,0,0,1,0,1,0,0,1,0,0,0
484usa voter,460,3,0,0,0,1,0,1,0,0,1,1,0,0,1,0
485usa voter,461,1,1,0,0,1,0,1,1,0,0,0,1,0,1,0
485usa voter,461,1,0,0,0,0,0,0,1,0,0,0,1,0,0,1
485usa voter,461,2,0,0,1,0,0,0,0,1,0,1,0,0,1,1
485usa voter,461,2,1,0,0,1,0,1,1,0,0,0,0,0,0,0
485usa voter,461,3,0,0,0,0,0,0,0,1,0,1,0,0,1,1
485usa voter,461,3,1,0,1,0,1,0,0,0,1,1,0,0,1,0
486usa voter,462,1,1,0,0,1,0,0,0,0,1,0,0,0,1,1
486usa voter,462,1,0,0,0,1,0,1,0,0,0,1,0,0,0,1
486usa voter,462,2,1,0,0,1,0,0,0,0,1,0,0,0,1,1
486usa voter,462,2,0,0,1,0,0,1,0,0,1,1,0,1,0,1
486usa voter,462,3,0,0,0,1,1,0,0,0,0,1,0,0,0,0
486usa voter,462,3,1,0,0,1,0,0,0,0,0,0,0,0,1,0
487usa voter,463,1,1,0,1,0,0,1,0,1,0,0,1,0,0,1
487usa voter,463,1,0,0,0,1,1,0,0,1,0,0,0,1,0,0
487usa voter,463,2,1,0,1,0,0,0,0,0,1,0,1,1,0,0
487usa voter,463,2,0,1,0,0,0,1,0,0,0,1,0,0,0,1
487usa voter,463,3,1,1,0,0,1,0,0,1,0,1,0,0,1,0
487usa voter,463,3,0,0,0,0,0,0,0,0,0,1,0,0,0,0
488usa voter,464,1,0,0,1,0,1,0,0,0,0,0,1,0,0,0
488usa voter,464,1,1,0,1,0,1,0,0,1,0,0,0,0,0,0
488usa voter,464,2,0,0,0,0,0,0,0,1,0,1,0,1,0,1
488usa voter,464,2,1,0,1,0,1,0,0,0,1,0,0,0,0,0
488usa voter,464,3,0,0,0,0,0,0,0,0,0,0,1,1,0,0
488usa voter,464,3,1,0,0,0,0,0,0,1,0,0,1,1,0,0
489usa voter,465,1,1,1,0,0,0,1,0,0,0,0,1,0,1,1
489usa voter,465,1,0,0,0,0,0,1,0,1,0,0,1,1,0,0
489usa voter,465,2,1,0,1,0,0,1,0,0,0,0,1,0,1,1
489usa voter,465,2,0,1,0,0,0,0,1,0,0,0,0,0,1,0
489usa voter,465,3,1,0,1,0,0,1,1,0,0,1,0,0,1,0
489usa voter,465,3,0,0,0,1,0,1,0,0,1,0,0,0,0,1
491usa voter,466,1,1,0,0,0,1,0,0,0,1,0,1,1,0,0
491usa voter,466,1,0,0,0,0,0,0,1,0,0,0,1,0,0,0
491usa voter,466,2,1,0,1,0,0,0,0,0,1,0,0,0,1,1
491usa voter,466,2,0,0,0,0,0,1,0,0,0,0,1,0,0,0
491usa voter,466,3,1,0,0,1,0,1,1,0,0,0,0,0,0,1
491usa voter,466,3,0,1,0,0,0,1,0,0,1,0,1,0,0,1
492usa voter,467,1,1,0,0,1,0,1,1,0,0,0,1,0,1,0
492usa voter,467,1,0,1,0,0,0,0,0,0,1,0,0,0,0,0
492usa voter,467,2,1,1,0,0,1,0,1,0,0,1,0,1,0,1
492usa voter,467,2,0,1,0,0,0,0,0,1,0,0,1,0,0,1
492usa voter,467,3,1,0,0,0,0,0,0,0,1,0,0,1,0,1
492usa voter,467,3,0,0,1,0,0,0,0,0,0,0,0,0,0,0
493usa voter,468,1,0,0,0,0,0,1,0,0,1,0,0,0,1,0
493usa voter,468,1,1,0,1,0,1,0,0,0,1,0,0,1,0,0
493usa voter,468,2,0,0,0,0,0,1,0,0,0,1,0,1,0,0
493usa voter,468,2,1,1,0,0,1,0,0,0,0,1,0,1,0,1
493usa voter,468,3,1,0,1,0,1,0,0,0,1,0,0,0,0,0
493usa voter,468,3,0,1,0,0,1,0,0,0,1,0,0,0,1,1
494usa voter,469,1,0,0,1,0,0,0,1,0,0,1,0,0,1,1
494usa voter,469,1,1,0,0,0,0,1,0,1,0,1,0,1,0,1
494usa voter,469,2,0,0,1,0,0,0,0,0,1,0,0,0,0,0
494usa voter,469,2,1,1,0,0,0,1,0,0,1,1,0,0,1,1
494usa voter,469,3,0,0,0,0,0,0,0,1,0,0,0,0,0,0
494usa voter,469,3,1,0,1,0,1,0,0,0,0,0,1,0,1,1
495usa voter,470,1,0,1,0,0,0,1,0,1,0,0,0,0,0,0
495usa voter,470,1,1,0,0,0,0,1,0,0,0,1,0,0,1,1
495usa voter,470,2,0,0,0,0,0,0,0,0,1,0,1,0,1,0
495usa voter,470,2,1,0,1,0,0,1,1,0,0,0,1,1,0,1
495usa voter,470,3,0,0,0,0,0,1,0,0,0,1,0,0,1,0
495usa voter,470,3,1,1,0,0,0,0,1,0,0,1,0,0,0,1
496usa voter,471,1,0,0,0,0,0,0,1,0,0,0,1,0,1,0
496usa voter,471,1,1,0,0,1,0,1,0,0,0,0,0,0,0,1
496usa voter,471,2,1,0,0,1,0,1,0,0,1,0,1,0,0,0
496usa voter,471,2,0,0,1,0,1,0,1,0,0,0,1,1,0,1
496usa voter,471,3,1,0,0,1,1,0,0,1,0,0,1,1,0,1
496usa voter,471,3,0,0,0,1,1,0,0,0,1,0,0,0,0,0
497usa voter,472,1,1,0,0,1,0,0,0,0,0,0,0,0,1,1
497usa voter,472,1,0,0,1,0,0,0,1,0,0,1,0,0,0,1
497usa voter,472,2,0,0,0,0,0,1,0,0,0,0,0,0,0,1
497usa voter,472,2,1,0,1,0,0,1,0,0,1,0,1,1,0,0
497usa voter,472,3,0,0,1,0,1,0,1,0,0,1,0,0,0,0
497usa voter,472,3,1,0,0,0,1,0,0,1,0,1,0,0,0,0
498usa voter,473,1,1,0,0,1,0,1,1,0,0,1,0,0,1,1
498usa voter,473,1,0,0,0,0,1,0,1,0,0,1,0,1,0,0
498usa voter,473,2,0,0,0,0,1,0,0,1,0,0,0,0,1,1
498usa voter,473,2,1,1,0,0,0,0,0,0,0,0,1,1,0,1
498usa voter,473,3,1,0,0,1,0,0,0,0,0,1,0,0,0,0
498usa voter,473,3,0,0,1,0,0,0,0,0,0,1,0,1,0,0
499usa voter,474,1,1,0,0,0,1,0,0,1,0,0,0,0,0,0
499usa voter,474,1,0,0,1,0,1,0,0,0,0,1,0,0,1,0
499usa voter,474,2,1,0,0,1,0,0,0,1,0,0,1,1,0,1
499usa voter,474,2,0,0,0,0,1,0,0,0,1,0,0,0,1,0
499usa voter,474,3,0,0,1,0,1,0,0,0,1,0,0,1,0,0
499usa voter,474,3,1,0,1,0,1,0,0,1,0,0,1,0,1,0
500usa voter,475,1,1,0,0,1,1,0,0,1,0,0,0,1,0,1
500usa voter,475,1,0,0,0,0,0,1,1,0,0,0,1,0,1,0
500usa voter,475,2,1,1,0,0,1,0,0,1,0,1,0,1,0,0
500usa voter,475,2,0,0,1,0,0,0,0,1,0,0,1,1,0,0
500usa voter,475,3,1,0,0,1,0,1,0,0,0,1,0,0,0,1
500usa voter,475,3,0,0,0,1,0,0,1,0,0,1,0,0,0,0
501usa voter,476,1,1,0,0,0,1,0,0,1,0,0,0,0,1,1
501usa voter,476,1,0,0,0,0,0,1,0,1,0,1,0,1,0,1
501usa voter,476,2,1,1,0,0,0,0,0,0,1,0,0,0,1,1
501usa voter,476,2,0,0,0,0,0,1,0,1,0,1,0,0,1,1
501usa voter,476,3,0,0,0,0,0,1,0,0,1,0,0,0,0,0
501usa voter,476,3,1,0,1,0,1,0,0,0,0,0,1,0,0,0
502usa voter,477,1,1,0,0,0,1,0,1,0,0,1,0,0,0,1
502usa voter,477,1,0,0,0,0,0,1,0,1,0,1,0,0,1,0
502usa voter,477,2,1,0,1,0,1,0,0,0,0,1,0,1,0,1
502usa voter,477,2,0,1,0,0,1,0,1,0,0,0,1,0,1,0
502usa voter,477,3,1,1,0,0,0,1,1,0,0,0,1,0,0,0
502usa voter,477,3,0,0,1,0,0,1,0,0,0,1,0,0,1,1
503usa voter,478,1,0,1,0,0,0,0,1,0,0,0,1,0,1,0
503usa voter,478,1,1,0,0,0,0,0,0,1,0,0,1,1,0,0
503usa voter,478,2,0,0,1,0,0,0,0,1,0,1,0,0,1,1
503usa voter,478,2,1,1,0,0,0,1,1,0,0,0,0,1,0,1
503usa voter,478,3,1,0,0,1,1,0,0,1,0,1,0,0,1,1
503usa voter,478,3,0,0,0,0,1,0,0,1,0,0,0,0,0,1
504usa voter,479,1,1,1,0,0,1,0,0,1,0,0,1,1,0,0
504usa voter,479,1,0,0,0,0,0,1,0,1,0,0,0,1,0,0
504usa voter,479,2,1,0,1,0,0,1,0,1,0,0,1,1,0,0
504usa voter,479,2,0,0,0,0,0,1,1,0,0,1,0,1,0,1
504usa voter,479,3,0,1,0,0,1,0,0,0,1,0,1,0,0,1
504usa voter,479,3,1,0,1,0,0,0,0,0,1,0,0,0,0,1
505usa voter,480,1,1,0,1,0,0,1,1,0,0,0,1,0,1,0
505usa voter,480,1,0,0,0,1,1,0,1,0,0,0,0,0,0,0
505usa voter,480,2,0,0,0,0,0,1,0,1,0,0,0,0,1,0
505usa voter,480,2,1,0,0,0,0,1,0,1,0,1,0,0,0,1
505usa voter,480,3,1,0,0,0,0,0,0,1,0,0,0,1,0,1
505usa voter,480,3,0,1,0,0,0,1,0,1,0,0,0,0,0,0
506usa voter,481,1,1,0,0,1,0,1,0,0,0,1,0,1,0,0
506usa voter,481,1,0,0,1,0,0,1,0,0,0,0,0,0,1,1
506usa voter,481,2,0,1,0,0,1,0,0,1,0,1,0,0,1,0
506usa voter,481,2,1,0,0,0,1,0,0,1,0,0,1,1,0,0
506usa voter,481,3,1,0,1,0,0,1,0,0,0,1,0,0,1,0
506usa voter,481,3,0,0,1,0,1,0,0,0,0,1,0,0,0,1
507usa voter,482,1,1,0,0,1,0,0,0,0,0,0,0,0,0,0
507usa voter,482,1,0,0,0,1,0,0,1,0,0,1,0,0,0,1
507usa voter,482,2,1,0,0,0,0,0,0,0,0,1,0,0,0,0
507usa voter,482,2,0,0,0,0,1,0,1,0,0,0,1,1,0,1
507usa voter,482,3,1,1,0,0,1,0,1,0,0,1,0,0,0,0
507usa voter,482,3,0,1,0,0,1,0,0,0,1,0,1,1,0,1
508usa voter,483,1,1,0,0,1,1,0,0,0,0,0,0,0,1,0
508usa voter,483,1,0,0,0,1,0,1,0,0,1,0,0,0,0,0
508usa voter,483,2,0,0,1,0,0,1,0,1,0,1,0,0,1,1
508usa voter,483,2,1,1,0,0,0,0,0,0,0,0,1,0,1,0
508usa voter,483,3,1,1,0,0,0,0,0,0,0,0,0,1,0,0
508usa voter,483,3,0,0,0,1,0,1,0,1,0,0,0,1,0,0
509usa voter,484,1,1,0,1,0,0,0,0,0,1,0,0,0,0,1
509usa voter,484,1,0,0,0,0,1,0,1,0,0,0,1,1,0,1
509usa voter,484,2,1,0,1,0,0,0,0,0,1,1,0,0,0,0
509usa voter,484,2,0,1,0,0,0,0,1,0,0,0,0,0,0,0
509usa voter,484,3,0,0,0,1,0,0,1,0,0,0,1,0,1,1
509usa voter,484,3,1,0,1,0,1,0,0,0,1,0,1,0,1,1
510usa voter,485,1,0,0,0,0,0,0,0,0,0,1,0,1,0,1
510usa voter,485,1,1,0,0,0,0,0,0,0,0,0,1,0,1,1
510usa voter,485,2,1,0,1,0,1,0,1,0,0,0,0,0,1,1
510usa voter,485,2,0,1,0,0,0,1,1,0,0,1,0,0,0,1
510usa voter,485,3,1,0,1,0,0,1,0,0,0,1,0,0,1,1
510usa voter,485,3,0,0,1,0,0,1,0,0,0,0,1,1,0,1
512usa voter,486,1,0,1,0,0,0,1,0,0,0,1,0,1,0,0
512usa voter,486,1,1,0,0,0,0,0,1,0,0,0,0,1,0,1
512usa voter,486,2,1,0,1,0,0,0,0,1,0,0,1,0,0,0
512usa voter,486,2,0,1,0,0,0,0,0,0,1,0,1,0,1,1
512usa voter,486,3,0,0,1,0,0,0,0,1,0,1,0,0,1,1
512usa voter,486,3,1,0,1,0,0,1,1,0,0,0,0,1,0,0
513usa voter,487,1,1,0,0,1,1,0,0,0,0,1,0,1,0,1
513usa voter,487,1,0,0,0,0,0,1,0,0,1,0,1,1,0,1
513usa voter,487,2,1,0,0,1,0,0,0,0,0,0,0,0,0,1
513usa voter,487,2,0,0,0,0,0,1,0,0,0,0,1,1,0,0
513usa voter,487,3,0,1,0,0,0,1,0,1,0,0,1,1,0,1
513usa voter,487,3,1,0,1,0,0,0,0,0,1,0,0,0,0,0
514usa voter,488,1,1,0,0,0,0,0,0,0,1,1,0,0,1,0
514usa voter,488,1,0,1,0,0,0,1,0,0,1,0,0,0,1,0
514usa voter,488,2,0,0,0,1,0,1,1,0,0,1,0,1,0,1
514usa voter,488,2,1,0,0,1,0,1,0,0,1,0,1,1,0,0
514usa voter,488,3,0,0,0,0,0,1,0,0,1,0,0,0,0,0
514usa voter,488,3,1,0,0,0,0,1,0,1,0,1,0,0,1,0
515usa voter,489,1,0,0,0,1,0,1,1,0,0,1,0,0,1,1
515usa voter,489,1,1,0,0,0,1,0,1,0,0,0,1,0,1,0
515usa voter,489,2,0,0,0,1,0,0,0,0,1,0,0,0,1,0
515usa voter,489,2,1,1,0,0,0,0,0,0,1,0,1,0,1,1
515usa voter,489,3,0,0,0,1,1,0,0,0,0,0,1,1,0,1
515usa voter,489,3,1,1,0,0,0,0,0,1,0,1,0,1,0,0
516usa voter,490,1,1,0,0,0,1,0,0,0,1,0,1,1,0,0
516usa voter,490,1,0,0,0,0,0,0,0,0,0,0,1,0,1,0
516usa voter,490,2,0,0,1,0,1,0,0,1,0,0,0,0,0,1
516usa voter,490,2,1,1,0,0,1,0,0,0,1,0,0,1,0,1
516usa voter,490,3,1,0,0,0,1,0,0,0,1,0,0,1,0,1
516usa voter,490,3,0,1,0,0,0,0,0,0,1,0,0,0,1,0
517usa voter,491,1,1,0,0,1,0,1,1,0,0,0,0,0,0,1
517usa voter,491,1,0,0,1,0,0,0,0,0,0,1,0,0,1,0
517usa voter,491,2,0,1,0,0,0,0,0,0,0,0,1,0,1,1
517usa voter,491,2,1,1,0,0,1,0,1,0,0,1,0,1,0,0
517usa voter,491,3,1,0,0,1,0,1,0,1,0,0,1,0,0,0
517usa voter,491,3,0,0,1,0,0,0,0,0,0,0,1,0,1,1
518usa voter,492,1,1,0,1,0,1,0,0,0,0,1,0,0,1,1
518usa voter,492,1,0,0,0,1,1,0,0,0,0,0,1,0,0,0
518usa voter,492,2,1,1,0,0,0,1,0,1,0,0,1,0,1,1
518usa voter,492,2,0,1,0,0,1,0,0,0,1,0,1,1,0,0
518usa voter,492,3,0,0,1,0,0,0,0,0,1,0,1,0,0,0
518usa voter,492,3,1,0,0,0,0,0,0,1,0,0,1,0,1,0
519usa voter,493,1,1,0,0,1,0,1,1,0,0,1,0,1,0,0
519usa voter,493,1,0,0,1,0,0,0,0,0,1,0,0,0,0,0
519usa voter,493,2,1,0,0,1,1,0,0,1,0,0,0,0,0,1
519usa voter,493,2,0,0,0,1,0,0,1,0,0,1,0,1,0,0
519usa voter,493,3,1,0,0,1,1,0,0,1,0,1,0,0,1,0
519usa voter,493,3,0,0,1,0,1,0,0,1,0,1,0,0,1,1
520usa voter,494,1,0,0,1,0,1,0,1,0,0,1,0,1,0,0
520usa voter,494,1,1,0,0,0,0,1,0,1,0,1,0,1,0,0
520usa voter,494,2,1,0,1,0,1,0,0,0,1,0,1,0,1,0
520usa voter,494,2,0,0,0,1,0,1,0,0,0,0,1,1,0,1
520usa voter,494,3,0,0,0,0,0,0,0,0,0,0,0,1,0,1
520usa voter,494,3,1,0,0,1,0,1,0,0,1,0,1,0,0,1
521usa voter,495,1,0,0,1,0,0,0,0,0,0,0,1,0,0,1
521usa voter,495,1,1,1,0,0,0,1,1,0,0,0,1,0,0,1
521usa voter,495,2,0,0,0,0,1,0,0,1,0,0,1,1,0,0
521usa voter,495,2,1,0,0,1,0,0,0,0,0,0,0,1,0,0
521usa voter,495,3,0,0,1,0,1,0,0,1,0,0,0,0,1,1
521usa voter,495,3,1,0,0,1,1,0,0,1,0,0,1,1,0,1
522usa voter,496,1,1,1,0,0,0,1,0,0,0,1,0,0,1,1
522usa voter,496,1,0,1,0,0,0,0,0,0,0,0,1,0,0,1
522usa voter,496,2,1,0,0,1,0,0,0,0,1,0,0,1,0,1
522usa voter,496,2,0,0,0,1,0,1,0,0,1,0,0,0,0,0
522usa voter,496,3,0,0,1,0,0,1,0,0,1,1,0,1,0,0
522usa voter,496,3,1,0,1,0,0,1,0,1,0,1,0,0,0,0
523usa voter,497,1,0,1,0,0,0,0,0,0,0,0,0,1,0,0
523usa voter,497,1,1,1,0,0,0,1,0,0,1,1,0,0,0,1
523usa voter,497,2,1,1,0,0,1,0,1,0,0,1,0,1,0,0
523usa voter,497,2,0,1,0,0,1,0,0,0,1,1,0,0,1,1
523usa voter,497,3,1,1,0,0,0,0,0,1,0,1,0,0,1,0
523usa voter,497,3,0,0,0,0,0,0,0,1,0,0,0,1,0,1
524usa voter,498,1,1,0,0,0,1,0,0,0,0,1,0,0,1,1
524usa voter,498,1,0,1,0,0,0,1,0,0,0,0,1,0,1,0
524usa voter,498,2,0,0,1,0,0,0,0,1,0,0,0,0,1,1
524usa voter,498,2,1,0,1,0,0,0,0,1,0,0,1,0,1,1
524usa voter,498,3,0,1,0,0,1,0,0,0,0,0,1,0,0,0
524usa voter,498,3,1,0,0,0,0,1,0,1,0,0,0,0,0,1
525usa voter,499,1,1,0,0,1,0,1,0,0,1,1,0,0,1,1
525usa voter,499,1,0,0,0,0,0,0,0,1,0,1,0,0,0,1
525usa voter,499,2,1,0,0,0,1,0,0,1,0,0,1,1,0,1
525usa voter,499,2,0,0,1,0,0,0,0,1,0,0,0,0,0,0
525usa voter,499,3,0,1,0,0,0,0,0,0,1,0,0,1,0,1
525usa voter,499,3,1,0,1,0,1,0,0,1,0,0,0,1,0,1
526usa voter,500,1,1,1,0,0,1,0,1,0,0,0,1,1,0,1
526usa voter,500,1,0,0,1,0,0,0,0,1,0,1,0,0,1,1
526usa voter,500,2,1,0,0,1,0,1,0,0,0,0,0,1,0,0
526usa voter,500,2,0,0,0,1,1,0,0,0,1,1,0,0,0,0
526usa voter,500,3,1,0,0,1,0,0,1,0,0,1,0,0,1,1
526usa voter,500,3,0,0,0,0,1,0,0,0,1,0,1,0,0,1
527usa voter,501,1,1,0,0,0,1,0,0,0,1,0,0,0,1,1
527usa voter,501,1,0,0,1,0,1,0,1,0,0,0,0,1,0,0
527usa voter,501,2,1,0,1,0,0,1,0,0,1,0,1,1,0,1
527usa voter,501,2,0,0,1,0,0,0,0,1,0,1,0,1,0,1
527usa voter,501,3,0,0,0,1,0,0,0,0,1,1,0,0,0,1
527usa voter,501,3,1,1,0,0,0,0,1,0,0,0,0,0,0,1
528usa voter,502,1,0,0,0,0,0,0,1,0,0,0,0,1,0,1
528usa voter,502,1,1,0,1,0,1,0,0,0,1,1,0,0,0,1
528usa voter,502,2,0,0,0,1,1,0,0,1,0,1,0,0,0,0
528usa voter,502,2,1,0,0,1,1,0,0,1,0,1,0,1,0,0
528usa voter,502,3,0,0,1,0,1,0,0,0,0,0,1,0,0,0
528usa voter,502,3,1,1,0,0,0,0,0,0,1,0,1,1,0,0
529usa voter,503,1,1,1,0,0,0,1,0,1,0,0,1,0,1,1
529usa voter,503,1,0,0,1,0,0,0,1,0,0,0,0,0,1,0
529usa voter,503,2,0,1,0,0,0,1,0,1,0,0,1,0,0,1
529usa voter,503,2,1,0,0,1,0,1,0,0,0,1,0,0,0,0
529usa voter,503,3,0,0,0,1,0,0,0,1,0,0,0,1,0,1
529usa voter,503,3,1,0,0,1,0,1,0,0,1,0,1,1,0,0
530usa voter,504,1,0,0,1,0,0,1,1,0,0,0,0,0,0,1
530usa voter,504,1,1,0,0,0,0,0,0,1,0,0,1,0,1,0
530usa voter,504,2,0,0,0,0,1,0,0,0,0,0,0,0,1,1
530usa voter,504,2,1,0,1,0,0,1,0,1,0,0,1,1,0,0
530usa voter,504,3,0,0,0,0,0,0,1,0,0,0,0,0,1,1
530usa voter,504,3,1,1,0,0,0,1,0,0,0,1,0,1,0,1
531usa voter,505,1,0,0,0,1,0,0,0,0,1,0,0,1,0,1
531usa voter,505,1,1,0,0,1,0,1,1,0,0,1,0,1,0,1
531usa voter,505,2,0,0,0,1,1,0,0,1,0,1,0,0,1,0
531usa voter,505,2,1,0,0,0,0,0,0,0,0,1,0,0,1,1
531usa voter,505,3,0,0,0,1,0,0,1,0,0,1,0,0,0,0
531usa voter,505,3,1,1,0,0,0,0,0,1,0,0,1,0,1,1
532usa voter,506,1,1,1,0,0,1,0,0,1,0,1,0,0,1,0
532usa voter,506,1,0,0,0,1,0,1,0,1,0,0,0,1,0,1
532usa voter,506,2,0,1,0,0,0,0,0,0,1,0,1,0,1,1
532usa voter,506,2,1,0,0,0,1,0,0,0,0,1,0,0,1,1
532usa voter,506,3,1,0,1,0,1,0,0,0,1,0,0,1,0,1
532usa voter,506,3,0,0,0,1,0,0,1,0,0,1,0,0,1,1
533usa voter,507,1,1,0,1,0,0,0,0,0,0,0,1,1,0,0
533usa voter,507,1,0,0,0,1,1,0,0,0,1,1,0,0,1,1
533usa voter,507,2,1,0,1,0,1,0,0,0,0,1,0,1,0,1
533usa voter,507,2,0,1,0,0,0,0,0,0,0,0,0,0,0,1
533usa voter,507,3,0,1,0,0,0,0,0,0,0,1,0,0,1,1
533usa voter,507,3,1,0,0,1,1,0,0,1,0,0,1,1,0,0
534usa voter,508,1,0,0,0,0,0,0,0,0,1,1,0,0,0,1
534usa voter,508,1,1,0,0,1,0,0,0,0,1,0,1,1,0,1
534usa voter,508,2,0,1,0,0,1,0,1,0,0,1,0,0,0,0
534usa voter,508,2,1,1,0,0,1,0,0,1,0,0,1,0,0,0
534usa voter,508,3,1,1,0,0,0,0,0,0,0,0,1,1,0,1
534usa voter,508,3,0,0,0,0,0,0,1,0,0,0,1,0,1,0
535usa voter,509,1,1,0,1,0,0,1,0,0,0,0,0,0,1,1
535usa voter,509,1,0,0,1,0,1,0,0,1,0,1,0,1,0,1
535usa voter,509,2,0,0,0,1,0,0,0,0,0,0,1,0,1,1
535usa voter,509,2,1,0,0,1,0,0,0,0,0,1,0,0,1,0
535usa voter,509,3,1,1,0,0,1,0,0,0,0,1,0,0,0,1
535usa voter,509,3,0,1,0,0,0,1,1,0,0,0,1,0,1,1
536usa voter,510,1,1,1,0,0,0,0,0,0,1,1,0,1,0,1
536usa voter,510,1,0,0,0,1,0,1,1,0,0,0,1,1,0,0
536usa voter,510,2,1,0,1,0,0,0,0,0,0,0,1,0,0,0
536usa voter,510,2,0,1,0,0,0,0,0,0,1,0,1,0,0,0
536usa voter,510,3,1,0,0,0,1,0,0,0,0,1,0,1,0,0
536usa voter,510,3,0,1,0,0,0,0,1,0,0,1,0,0,1,0
538usa voter,511,1,1,1,0,0,0,1,0,1,0,1,0,1,0,0
538usa voter,511,1,0,0,0,1,0,0,1,0,0,0,0,0,1,0
538usa voter,511,2,0,1,0,0,0,0,1,0,0,0,0,0,0,1
538usa voter,511,2,1,0,0,1,1,0,0,1,0,0,1,0,0,0
538usa voter,511,3,0,0,1,0,0,1,1,0,0,0,1,1,0,1
538usa voter,511,3,1,0,0,0,0,1,0,0,0,0,1,0,1,0
539usa voter,512,1,0,0,0,0,1,0,0,1,0,0,0,1,0,0
539usa voter,512,1,1,1,0,0,0,1,0,0,0,0,0,1,0,0
539usa voter,512,2,1,0,0,1,0,1,0,1,0,0,1,1,0,0
539usa voter,512,2,0,1,0,0,1,0,0,1,0,0,0,1,0,1
539usa voter,512,3,0,1,0,0,0,0,0,1,0,0,0,0,1,0
539usa voter,512,3,1,1,0,0,0,1,0,1,0,1,0,1,0,0
540usa voter,513,1,0,1,0,0,1,0,0,0,1,0,0,0,0,0
540usa voter,513,1,1,0,1,0,0,1,1,0,0,1,0,1,0,0
540usa voter,513,2,1,0,0,1,0,0,0,0,0,1,0,0,0,1
540usa voter,513,2,0,0,1,0,0,1,1,0,0,0,1,0,0,0
540usa voter,513,3,0,0,0,0,0,1,0,1,0,1,0,1,0,0
540usa voter,513,3,1,0,1,0,0,0,0,1,0,1,0,0,0,1
541usa voter,514,1,0,0,0,1,0,0,0,1,0,0,0,0,1,0
541usa voter,514,1,1,1,0,0,1,0,0,0,0,1,0,0,1,1
541usa voter,514,2,1,0,0,0,0,1,0,0,0,0,0,0,0,0
541usa voter,514,2,0,0,1,0,0,0,1,0,0,0,0,1,0,0
541usa voter,514,3,1,0,1,0,0,0,0,0,0,0,0,1,0,0
541usa voter,514,3,0,1,0,0,0,0,0,0,1,0,1,0,1,0
542usa voter,515,1,1,0,1,0,1,0,0,1,0,0,0,0,1,1
542usa voter,515,1,0,1,0,0,0,0,0,0,1,1,0,1,0,1
542usa voter,515,2,1,0,0,1,1,0,1,0,0,0,0,0,1,0
542usa voter,515,2,0,1,0,0,1,0,1,0,0,1,0,0,0,1
543usa voter,516,1,1,0,0,1,0,0,0,0,1,0,1,0,0,1
543usa voter,516,1,0,0,0,0,0,1,0,0,0,0,0,0,1,1
543usa voter,516,2,0,1,0,0,0,1,0,1,0,0,1,0,0,0
543usa voter,516,2,1,0,0,1,0,0,0,0,0,1,0,0,1,0
543usa voter,516,3,0,0,0,0,1,0,0,0,1,0,1,0,1,0
543usa voter,516,3,1,0,1,0,1,0,0,0,1,0,1,0,1,0
544usa voter,517,1,1,0,0,1,0,0,1,0,0,1,0,0,0,0
544usa voter,517,1,0,0,1,0,0,0,0,0,1,0,0,0,0,1
544usa voter,517,2,0,0,1,0,0,0,0,0,1,1,0,0,1,1
544usa voter,517,2,1,0,0,0,0,1,0,1,0,0,0,0,0,1
544usa voter,517,3,0,0,0,1,0,0,1,0,0,0,0,0,1,1
544usa voter,517,3,1,0,0,0,0,0,0,1,0,0,1,0,1,0
545usa voter,518,1,0,1,0,0,0,0,1,0,0,1,0,0,0,0
545usa voter,518,1,1,0,0,0,1,0,1,0,0,0,1,1,0,1
545usa voter,518,2,1,0,1,0,0,1,1,0,0,0,1,0,1,0
545usa voter,518,2,0,0,0,0,0,0,0,0,1,0,1,1,0,1
545usa voter,518,3,0,0,0,0,0,1,0,0,1,0,1,0,1,0
545usa voter,518,3,1,1,0,0,1,0,1,0,0,0,0,0,0,0
546usa voter,519,1,0,1,0,0,0,1,0,0,0,0,0,1,0,0
546usa voter,519,1,1,0,0,0,0,1,0,0,1,1,0,0,1,1
546usa voter,519,2,1,0,0,0,0,1,0,1,0,1,0,1,0,0
546usa voter,519,2,0,0,0,0,0,1,1,0,0,1,0,0,1,0
546usa voter,519,3,0,0,1,0,0,1,1,0,0,1,0,1,0,1
546usa voter,519,3,1,0,0,0,0,1,0,0,1,0,0,1,0,1
547usa voter,520,1,1,1,0,0,1,0,0,0,1,1,0,0,1,0
547usa voter,520,1,0,1,0,0,1,0,1,0,0,0,0,1,0,1
547usa voter,520,2,0,0,1,0,0,1,1,0,0,0,0,1,0,1
547usa voter,520,2,1,0,0,0,0,1,1,0,0,0,0,1,0,1
547usa voter,520,3,0,0,0,1,1,0,0,0,1,0,1,0,1,1
547usa voter,520,3,1,0,0,1,0,0,1,0,0,1,0,0,1,1
548usa voter,521,1,1,0,0,0,1,0,0,1,0,1,0,0,0,1
548usa voter,521,1,0,0,0,0,0,0,0,1,0,0,0,0,1,1
548usa voter,521,2,0,0,0,1,0,0,0,0,0,0,1,0,0,0
548usa voter,521,2,1,1,0,0,0,1,0,0,0,1,0,1,0,0
548usa voter,521,3,1,0,0,1,0,1,0,1,0,1,0,0,0,1
548usa voter,521,3,0,0,0,0,0,1,0,1,0,0,1,1,0,0
549usa voter,522,1,0,0,0,0,0,1,0,0,1,0,0,0,1,1
549usa voter,522,1,1,0,0,0,0,0,0,0,0,0,0,1,0,0
549usa voter,522,2,1,1,0,0,0,1,0,0,0,0,0,1,0,1
549usa voter,522,2,0,1,0,0,0,0,0,0,1,0,0,0,1,1
549usa voter,522,3,1,0,0,1,1,0,1,0,0,1,0,1,0,1
549usa voter,522,3,0,0,0,1,1,0,0,0,1,0,0,1,0,1
550usa voter,523,1,0,1,0,0,0,1,0,0,1,0,1,0,0,0
550usa voter,523,1,1,0,0,0,1,0,0,0,1,1,0,0,1,0
550usa voter,523,2,1,0,0,1,0,0,0,0,1,0,0,0,1,1
550usa voter,523,2,0,0,1,0,0,0,0,1,0,1,0,0,0,1
550usa voter,523,3,1,1,0,0,0,1,1,0,0,0,1,0,1,0
550usa voter,523,3,0,0,0,0,1,0,1,0,0,1,0,0,0,1
551usa voter,524,1,0,0,0,1,0,1,0,1,0,1,0,0,1,0
551usa voter,524,1,1,1,0,0,0,1,0,0,1,1,0,0,1,1
551usa voter,524,2,1,0,0,1,0,1,0,0,0,0,0,0,1,1
551usa voter,524,2,0,0,1,0,0,1,0,0,1,0,1,1,0,1
551usa voter,524,3,0,1,0,0,0,0,0,0,1,0,1,0,1,0
551usa voter,524,3,1,0,0,0,1,0,0,0,0,0,0,0,0,1
552usa voter,525,1,1,0,0,1,0,1,0,1,0,1,0,0,1,0
552usa voter,525,1,0,1,0,0,0,1,0,0,1,1,0,0,1,0
552usa voter,525,2,1,0,0,0,0,1,0,1,0,0,1,0,0,1
552usa voter,525,2,0,0,0,1,1,0,0,0,1,0,1,0,1,1
552usa voter,525,3,0,1,0,0,1,0,0,1,0,0,1,0,0,0
552usa voter,525,3,1,0,0,1,1,0,0,0,1,0,1,0,0,1
553usa voter,526,1,0,0,0,0,1,0,0,0,0,1,0,1,0,0
553usa voter,526,1,1,0,0,0,0,0,1,0,0,1,0,1,0,1
553usa voter,526,2,1,0,0,0,0,0,0,0,0,0,0,0,0,0
553usa voter,526,2,0,0,0,1,0,1,0,1,0,0,0,1,0,0
553usa voter,526,3,1,1,0,0,0,1,0,1,0,1,0,0,1,1
553usa voter,526,3,0,0,0,1,1,0,0,1,0,0,0,0,0,1
554usa voter,527,1,0,0,0,0,1,0,1,0,0,1,0,1,0,1
554usa voter,527,1,1,0,0,1,1,0,1,0,0,0,1,0,0,0
554usa voter,527,2,1,0,0,1,0,0,0,0,1,1,0,0,0,0
554usa voter,527,2,0,1,0,0,1,0,0,0,0,0,1,0,0,1
554usa voter,527,3,0,0,0,0,0,1,1,0,0,0,0,0,1,0
554usa voter,527,3,1,0,0,1,0,0,1,0,0,1,0,0,1,1
555usa voter,528,1,0,0,0,1,0,1,1,0,0,0,1,1,0,1
555usa voter,528,1,1,0,0,1,0,1,1,0,0,0,1,0,1,0
555usa voter,528,2,0,0,0,1,0,0,0,1,0,1,0,0,1,1
555usa voter,528,2,1,0,1,0,0,0,0,0,1,0,0,0,0,1
555usa voter,528,3,1,0,0,0,0,1,0,0,1,0,0,1,0,0
555usa voter,528,3,0,0,1,0,0,0,1,0,0,1,0,0,0,0
556usa voter,529,1,1,0,0,0,1,0,1,0,0,0,1,0,1,0
556usa voter,529,1,0,1,0,0,0,0,0,0,0,1,0,0,0,1
556usa voter,529,2,0,1,0,0,1,0,0,0,0,0,0,0,1,0
556usa voter,529,2,1,0,1,0,0,0,0,0,0,0,1,1,0,0
556usa voter,529,3,1,0,1,0,0,0,0,0,1,1,0,0,0,1
556usa voter,529,3,0,0,0,0,1,0,1,0,0,1,0,0,1,1
557usa voter,530,1,1,0,0,0,0,0,0,0,0,0,0,0,0,1
557usa voter,530,1,0,0,0,0,0,1,1,0,0,0,1,1,0,0
557usa voter,530,2,1,0,0,0,1,0,1,0,0,1,0,1,0,1
557usa voter,530,2,0,1,0,0,0,0,1,0,0,0,0,0,1,1
557usa voter,530,3,0,0,0,0,0,0,0,0,1,0,0,0,1,1
557usa voter,530,3,1,0,0,0,0,1,0,0,0,0,0,1,0,0
558usa voter,531,1,0,0,0,1,0,0,0,0,1,1,0,0,0,1
558usa voter,531,1,1,0,1,0,1,0,0,0,0,0,0,0,1,1
558usa voter,531,2,1,0,0,1,0,1,0,1,0,0,1,0,1,0
558usa voter,531,2,0,1,0,0,1,0,0,0,1,1,0,1,0,1
558usa voter,531,3,1,0,0,0,1,0,0,0,1,0,0,1,0,1
558usa voter,531,3,0,0,0,0,1,0,0,0,0,0,0,0,1,1
559usa voter,532,1,1,0,0,1,1,0,0,1,0,0,1,1,0,1
559usa voter,532,1,0,0,0,1,0,1,0,0,1,0,1,0,1,1
559usa voter,532,2,0,0,0,1,0,1,0,0,1,0,1,1,0,1
559usa voter,532,2,1,1,0,0,0,1,0,1,0,1,0,1,0,0
559usa voter,532,3,1,0,0,1,0,0,1,0,0,0,1,0,0,1
559usa voter,532,3,0,0,0,0,1,0,1,0,0,0,0,1,0,1
560usa voter,533,1,0,1,0,0,0,0,0,0,1,0,1,0,0,1
560usa voter,533,1,1,0,0,0,1,0,0,0,1,0,1,0,0,1
560usa voter,533,2,1,0,0,1,0,1,0,0,0,0,1,0,1,0
560usa voter,533,2,0,0,1,0,1,0,0,0,1,1,0,0,0,1
560usa voter,533,3,1,0,0,1,1,0,0,0,0,0,0,1,0,1
560usa voter,533,3,0,1,0,0,0,0,0,0,1,0,0,0,0,1
561usa voter,534,1,0,0,1,0,1,0,0,1,0,1,0,0,0,1
561usa voter,534,1,1,0,0,0,0,1,0,0,1,0,1,0,1,1
561usa voter,534,2,0,1,0,0,0,1,0,0,0,1,0,0,1,0
561usa voter,534,2,1,0,0,0,0,0,1,0,0,1,0,0,0,0
561usa voter,534,3,0,0,1,0,0,1,0,0,1,0,0,1,0,0
561usa voter,534,3,1,1,0,0,0,1,0,0,0,0,1,1,0,0
563usa voter,535,1,1,0,1,0,0,1,0,0,1,0,0,1,0,1
563usa voter,535,1,0,0,0,0,0,0,0,1,0,1,0,1,0,0
563usa voter,535,2,1,0,0,1,0,0,0,0,1,0,0,0,0,0
563usa voter,535,2,0,0,1,0,0,1,0,0,1,0,1,0,1,0
563usa voter,535,3,1,0,0,1,1,0,0,0,1,0,1,1,0,1
563usa voter,535,3,0,0,1,0,1,0,0,0,1,1,0,1,0,1
564usa voter,536,1,1,0,1,0,1,0,0,0,1,0,0,0,1,0
564usa voter,536,1,0,1,0,0,0,1,0,1,0,1,0,1,0,1
564usa voter,536,2,0,1,0,0,0,0,0,0,1,0,0,0,1,1
564usa voter,536,2,1,0,0,1,1,0,0,1,0,0,0,0,0,1
564usa voter,536,3,1,0,0,0,1,0,0,0,0,0,1,0,1,0
564usa voter,536,3,0,1,0,0,1,0,0,0,0,1,0,0,0,1
565usa voter,537,1,1,1,0,0,0,0,1,0,0,0,0,0,1,0
565usa voter,537,1,0,1,0,0,0,1,0,0,1,0,1,0,0,0
565usa voter,537,2,1,0,0,1,1,0,1,0,0,1,0,1,0,0
565usa voter,537,2,0,0,1,0,0,0,1,0,0,0,1,0,0,0
565usa voter,537,3,0,0,0,0,0,1,0,0,1,0,0,0,0,1
565usa voter,537,3,1,1,0,0,0,1,1,0,0,0,1,1,0,1
566usa voter,538,1,1,0,0,1,1,0,0,0,0,0,0,1,0,1
566usa voter,538,1,0,0,0,0,0,1,0,0,1,0,1,0,0,1
566usa voter,538,2,1,0,0,0,0,0,1,0,0,0,1,0,0,1
566usa voter,538,2,0,1,0,0,0,1,0,0,1,0,0,0,0,1
566usa voter,538,3,0,0,1,0,0,0,0,0,1,0,1,1,0,0
566usa voter,538,3,1,0,0,0,0,1,0,0,0,0,0,0,1,0
567usa voter,539,1,1,0,0,1,0,1,0,0,1,0,0,0,1,1
567usa voter,539,1,0,0,0,0,0,0,0,0,0,1,0,0,1,0
567usa voter,539,2,1,0,0,1,0,0,0,1,0,1,0,0,1,1
567usa voter,539,2,0,0,0,1,0,1,0,1,0,0,1,0,1,0
567usa voter,539,3,1,0,1,0,0,1,0,0,1,0,0,1,0,0
567usa voter,539,3,0,1,0,0,0,0,1,0,0,0,0,0,1,0
568usa voter,540,1,1,1,0,0,0,0,0,1,0,0,1,0,0,0
568usa voter,540,1,0,1,0,0,0,1,0,0,0,0,0,0,0,1
568usa voter,540,2,0,0,0,0,1,0,0,0,1,0,1,1,0,0
568usa voter,540,2,1,1,0,0,0,1,0,0,1,1,0,1,0,0
568usa voter,540,3,1,0,1,0,0,1,0,0,1,0,1,1,0,1
568usa voter,540,3,0,1,0,0,0,1,1,0,0,0,0,1,0,1
569usa voter,541,1,0,1,0,0,1,0,0,1,0,1,0,0,1,0
569usa voter,541,1,1,0,0,0,0,1,0,0,0,0,1,0,0,1
569usa voter,541,2,0,0,0,0,0,0,1,0,0,0,0,0,1,0
569usa voter,541,2,1,0,0,0,0,0,0,0,1,1,0,1,0,1
569usa voter,541,3,1,0,0,0,1,0,1,0,0,0,1,0,1,1
569usa voter,541,3,0,0,0,1,0,1,1,0,0,0,1,0,0,1
570usa voter,542,1,1,0,0,1,1,0,0,0,0,1,0,0,1,1
570usa voter,542,1,0,0,1,0,0,1,0,1,0,1,0,0,0,0
570usa voter,542,2,0,0,1,0,0,1,0,1,0,0,0,0,1,0
570usa voter,542,2,1,0,1,0,0,0,0,1,0,0,0,1,0,1
570usa voter,542,3,0,0,0,1,0,0,0,0,0,1,0,0,0,0
570usa voter,542,3,1,1,0,0,0,0,0,0,1,1,0,0,1,1
571usa voter,543,1,1,0,1,0,1,0,0,0,0,1,0,0,1,0
571usa voter,543,1,0,0,0,1,1,0,1,0,0,0,0,0,1,1
571usa voter,543,2,0,0,0,0,0,0,0,0,0,0,1,0,1,0
571usa voter,543,2,1,0,1,0,0,1,0,0,1,0,0,0,0,0
571usa voter,543,3,0,0,0,1,0,0,0,0,0,1,0,1,0,0
571usa voter,543,3,1,0,0,0,0,1,0,0,0,0,1,0,1,0
573usa voter,544,1,1,0,0,0,0,1,0,1,0,0,1,0,1,0
573usa voter,544,1,0,0,0,1,0,1,0,0,1,0,1,0,0,0
573usa voter,544,2,0,1,0,0,0,0,0,0,1,0,0,0,0,0
573usa voter,544,2,1,1,0,0,1,0,0,0,0,0,1,0,1,1
573usa voter,544,3,1,0,1,0,1,0,0,1,0,0,1,0,1,1
573usa voter,544,3,0,0,0,1,0,1,0,0,0,0,1,0,0,1
574usa voter,545,1,1,1,0,0,0,0,0,0,1,0,1,1,0,1
574usa voter,545,1,0,1,0,0,1,0,0,0,1,1,0,1,0,1
574usa voter,545,2,1,0,0,1,0,1,1,0,0,0,1,0,1,1
574usa voter,545,2,0,0,0,0,0,1,0,0,0,0,1,1,0,0
574usa voter,545,3,1,0,0,1,0,1,0,0,0,0,1,0,1,0
574usa voter,545,3,0,0,0,0,0,0,0,0,1,1,0,0,0,1
575usa voter,546,1,0,1,0,0,0,1,0,0,0,0,0,0,0,1
575usa voter,546,1,1,0,0,0,0,0,0,0,0,0,1,1,0,1
575usa voter,546,2,1,0,0,1,1,0,0,0,1,0,1,1,0,1
575usa voter,546,2,0,1,0,0,0,0,1,0,0,0,1,0,0,1
575usa voter,546,3,0,0,0,1,0,0,0,0,0,0,1,1,0,1
575usa voter,546,3,1,0,0,1,0,0,0,0,0,0,1,0,0,1
576usa voter,547,1,0,0,0,0,0,1,0,0,0,1,0,1,0,1
576usa voter,547,1,1,0,0,0,0,0,1,0,0,1,0,1,0,0
576usa voter,547,2,0,0,1,0,1,0,0,0,1,0,0,0,1,0
576usa voter,547,2,1,1,0,0,1,0,0,1,0,0,1,1,0,1
576usa voter,547,3,1,0,0,1,1,0,0,1,0,0,1,1,0,0
576usa voter,547,3,0,1,0,0,0,1,1,0,0,1,0,1,0,0
577usa voter,548,1,1,1,0,0,1,0,0,0,1,1,0,0,0,0
577usa voter,548,1,0,0,0,1,1,0,1,0,0,0,0,0,0,1
577usa voter,548,2,0,0,0,1,0,0,0,0,1,0,1,0,0,1
577usa voter,548,2,1,1,0,0,0,1,0,0,0,1,0,0,0,0
577usa voter,548,3,1,0,1,0,0,1,1,0,0,1,0,1,0,1
577usa voter,548,3,0,0,1,0,0,1,1,0,0,0,0,1,0,1
578usa voter,549,1,1,0,0,0,1,0,0,0,0,0,1,0,0,1
578usa voter,549,1,0,1,0,0,1,0,1,0,0,0,1,1,0,1
578usa voter,549,2,1,0,1,0,0,0,0,0,0,0,0,0,0,1
578usa voter,549,2,0,1,0,0,0,1,0,0,1,0,0,0,1,0
578usa voter,549,3,1,1,0,0,0,0,0,0,0,0,1,0,0,0
578usa voter,549,3,0,1,0,0,0,0,0,0,0,0,0,0,1,0
579usa voter,550,1,0,0,1,0,0,0,1,0,0,0,0,1,0,0
579usa voter,550,1,1,1,0,0,0,0,0,0,1,1,0,1,0,0
579usa voter,550,2,0,0,0,1,0,1,0,0,1,0,0,0,1,0
579usa voter,550,2,1,1,0,0,0,1,0,0,1,1,0,1,0,1
579usa voter,550,3,1,0,1,0,0,0,0,0,0,0,1,0,0,1
579usa voter,550,3,0,0,1,0,0,1,0,0,0,1,0,1,0,0
580usa voter,551,1,1,0,1,0,1,0,0,0,1,0,1,0,1,0
580usa voter,551,1,0,1,0,0,1,0,1,0,0,0,0,0,1,0
580usa voter,551,2,0,0,0,1,1,0,1,0,0,0,1,0,1,1
580usa voter,551,2,1,0,0,1,0,0,0,0,0,0,0,1,0,0
580usa voter,551,3,0,1,0,0,0,1,1,0,0,0,0,0,1,0
580usa voter,551,3,1,0,1,0,1,0,0,0,0,0,0,1,0,0
581usa voter,552,1,0,1,0,0,1,0,1,0,0,0,0,1,0,0
581usa voter,552,1,1,0,1,0,1,0,0,1,0,1,0,0,0,1
581usa voter,552,2,0,0,1,0,0,0,1,0,0,1,0,1,0,1
581usa voter,552,2,1,0,1,0,1,0,0,0,1,0,1,0,0,0
581usa voter,552,3,0,0,0,1,1,0,0,1,0,0,0,1,0,0
581usa voter,552,3,1,1,0,0,0,1,0,0,0,1,0,1,0,1
582usa voter,553,1,1,0,0,1,1,0,0,0,1,0,1,1,0,0
582usa voter,553,1,0,0,0,1,1,0,1,0,0,0,1,0,1,1
582usa voter,553,2,1,0,0,0,1,0,0,0,1,0,0,0,0,0
582usa voter,553,2,0,1,0,0,1,0,1,0,0,0,0,0,0,1
582usa voter,553,3,1,0,0,1,0,1,0,0,1,0,1,0,1,0
582usa voter,553,3,0,0,1,0,0,0,0,0,0,1,0,0,1,0
583usa voter,554,1,0,0,0,0,0,0,0,1,0,0,0,0,1,0
583usa voter,554,1,1,0,0,1,0,1,0,0,0,0,1,1,0,0
583usa voter,554,2,1,1,0,0,0,1,0,0,1,0,1,1,0,0
583usa voter,554,2,0,0,0,0,0,1,0,0,0,0,0,0,0,0
583usa voter,554,3,0,1,0,0,0,0,1,0,0,0,0,0,0,0
583usa voter,554,3,1,0,1,0,0,0,0,0,0,0,0,1,0,0
584usa voter,555,1,0,0,0,0,1,0,1,0,0,1,0,0,0,0
584usa voter,555,1,1,0,0,1,1,0,1,0,0,0,1,0,0,1
584usa voter,555,2,0,0,1,0,0,1,1,0,0,1,0,0,0,0
584usa voter,555,2,1,0,0,0,0,1,0,0,1,1,0,1,0,1
584usa voter,555,3,0,0,0,0,1,0,0,1,0,1,0,0,1,0
584usa voter,555,3,1,0,1,0,0,0,1,0,0,0,1,1,0,0
585usa voter,556,1,0,0,1,0,0,1,1,0,0,0,0,1,0,1
585usa voter,556,1,1,0,1,0,0,1,0,0,1,0,1,0,0,0
585usa voter,556,2,0,0,0,0,0,1,1,0,0,0,0,1,0,1
585usa voter,556,2,1,0,0,1,0,0,0,1,0,0,0,0,1,0
585usa voter,556,3,0,0,0,0,1,0,0,1,0,0,1,0,1,1
585usa voter,556,3,1,0,0,0,1,0,1,0,0,0,1,1,0,0
586usa voter,557,1,0,1,0,0,0,1,1,0,0,0,1,0,0,1
586usa voter,557,1,1,0,1,0,1,0,0,0,0,0,0,0,0,0
586usa voter,557,2,1,0,1,0,0,0,0,0,0,1,0,0,1,0
586usa voter,557,2,0,0,0,0,1,0,1,0,0,0,1,0,0,1
586usa voter,557,3,0,0,0,1,1,0,1,0,0,0,1,0,1,0
586usa voter,557,3,1,0,0,1,1,0,0,0,1,0,0,1,0,0
587usa voter,558,1,0,0,0,0,0,0,1,0,0,0,0,0,1,0
587usa voter,558,1,1,1,0,0,0,0,1,0,0,0,1,1,0,0
587usa voter,558,2,1,1,0,0,1,0,0,1,0,0,1,1,0,0
587usa voter,558,2,0,0,0,0,0,0,1,0,0,0,1,1,0,0
587usa voter,558,3,1,0,1,0,0,1,0,0,1,0,0,0,0,1
587usa voter,558,3,0,1,0,0,0,1,0,0,0,1,0,0,1,1
588usa voter,559,1,0,1,0,0,0,0,0,0,1,0,0,1,0,1
588usa voter,559,1,1,0,1,0,0,1,0,0,1,0,1,0,0,0
588usa voter,559,2,1,1,0,0,0,0,0,1,0,0,1,0,1,1
588usa voter,559,2,0,0,0,0,0,1,0,0,1,0,0,1,0,0
588usa voter,559,3,1,0,1,0,1,0,0,1,0,1,0,0,1,0
588usa voter,559,3,0,1,0,0,0,1,1,0,0,1,0,1,0,0
589usa voter,560,1,1,0,1,0,0,0,0,0,0,1,0,0,0,0
589usa voter,560,1,0,1,0,0,0,0,0,0,0,1,0,0,1,1
589usa voter,560,2,1,0,1,0,0,0,0,0,0,0,0,0,0,0
589usa voter,560,2,0,0,0,1,0,0,0,0,1,0,0,0,1,0
589usa voter,560,3,1,1,0,0,0,1,0,1,0,0,0,1,0,1
589usa voter,560,3,0,0,0,1,0,1,0,0,1,0,0,0,0,0
590usa voter,561,1,1,0,1,0,0,0,0,1,0,1,0,0,0,1
590usa voter,561,1,0,0,0,1,1,0,0,0,0,0,1,0,1,1
590usa voter,561,2,0,0,0,1,0,1,0,1,0,0,0,0,0,0
590usa voter,561,2,1,0,1,0,0,1,0,0,0,0,1,1,0,0
590usa voter,561,3,0,0,0,1,1,0,0,0,1,0,0,0,1,1
590usa voter,561,3,1,0,0,0,0,0,0,0,1,1,0,0,1,1
591usa voter,562,1,0,0,0,1,0,1,0,0,1,1,0,1,0,0
591usa voter,562,1,1,0,0,0,0,0,0,0,0,0,0,1,0,1
591usa voter,562,2,1,0,0,1,1,0,1,0,0,0,0,1,0,0
591usa voter,562,2,0,0,1,0,0,0,1,0,0,0,0,0,1,0
591usa voter,562,3,1,0,0,0,1,0,0,1,0,0,1,0,1,0
591usa voter,562,3,0,1,0,0,0,0,0,1,0,0,0,1,0,0
592usa voter,563,1,0,0,0,0,0,1,0,0,1,1,0,0,1,0
592usa voter,563,1,1,0,0,1,1,0,0,0,0,0,0,0,0,1
592usa voter,563,2,1,0,1,0,0,1,0,1,0,1,0,1,0,1
592usa voter,563,2,0,0,0,1,0,0,0,0,0,0,0,0,1,0
592usa voter,563,3,1,0,0,0,1,0,1,0,0,1,0,0,0,1
592usa voter,563,3,0,1,0,0,0,1,1,0,0,1,0,0,1,1
593usa voter,564,1,0,1,0,0,0,0,0,0,0,0,1,0,0,1
593usa voter,564,1,1,0,0,1,0,1,1,0,0,0,1,0,0,0
593usa voter,564,2,1,0,0,1,1,0,0,1,0,0,1,0,1,0
593usa voter,564,2,0,1,0,0,1,0,0,0,0,1,0,1,0,0
593usa voter,564,3,1,1,0,0,1,0,0,1,0,0,1,0,0,0
593usa voter,564,3,0,1,0,0,1,0,0,0,0,0,1,0,1,0
594usa voter,565,1,1,0,1,0,0,0,0,0,1,0,0,0,0,1
594usa voter,565,1,0,0,0,0,0,0,0,0,1,0,1,0,0,1
594usa voter,565,2,1,1,0,0,1,0,0,1,0,0,1,0,0,0
594usa voter,565,2,0,0,0,1,0,0,1,0,0,0,0,0,0,1
594usa voter,565,3,0,0,0,1,0,0,1,0,0,0,1,0,0,1
594usa voter,565,3,1,0,1,0,1,0,0,1,0,0,1,1,0,1
595usa voter,566,1,0,0,0,0,0,0,0,0,1,0,1,1,0,0
595usa voter,566,1,1,0,0,1,1,0,0,1,0,0,0,0,0,1
595usa voter,566,2,0,1,0,0,0,0,0,0,1,1,0,0,0,1
595usa voter,566,2,1,0,0,1,0,0,1,0,0,1,0,1,0,1
595usa voter,566,3,0,0,1,0,0,1,0,1,0,1,0,0,1,1
595usa voter,566,3,1,0,0,1,1,0,0,1,0,1,0,0,0,1
597usa voter,567,1,1,0,0,0,0,0,0,1,0,1,0,0,0,0
597usa voter,567,1,0,0,0,0,1,0,0,1,0,0,0,0,1,1
597usa voter,567,2,0,0,1,0,1,0,0,1,0,0,1,1,0,1
597usa voter,567,2,1,0,1,0,0,0,0,0,1,1,0,1,0,1
597usa voter,567,3,0,0,1,0,1,0,0,1,0,0,0,0,0,1
597usa voter,567,3,1,0,0,0,1,0,1,0,0,0,0,0,1,0
598usa voter,568,1,1,0,0,0,0,1,0,0,0,1,0,0,0,1
598usa voter,568,1,0,0,0,0,1,0,1,0,0,0,0,0,0,0
598usa voter,568,2,0,0,0,1,0,0,0,0,1,1,0,0,1,1
598usa voter,568,2,1,0,0,0,1,0,0,1,0,1,0,0,1,1
598usa voter,568,3,1,0,1,0,1,0,0,0,0,1,0,0,1,0
598usa voter,568,3,0,0,1,0,0,0,0,0,0,0,1,0,0,1
599usa voter,569,1,0,0,0,1,1,0,0,1,0,1,0,0,1,1
599usa voter,569,1,1,1,0,0,0,1,1,0,0,1,0,1,0,1
599usa voter,569,2,1,0,0,1,0,1,0,1,0,1,0,0,0,1
599usa voter,569,2,0,0,0,1,0,1,0,0,1,0,1,0,0,0
599usa voter,569,3,1,0,0,0,0,1,0,0,1,0,0,1,0,0
599usa voter,569,3,0,1,0,0,0,0,1,0,0,0,1,0,0,1
600usa voter,570,1,1,0,0,0,1,0,0,1,0,1,0,0,0,1
600usa voter,570,1,0,0,0,0,0,1,0,0,0,0,1,1,0,0
600usa voter,570,2,1,0,1,0,1,0,0,0,1,1,0,0,0,0
600usa voter,570,2,0,0,0,1,0,0,0,0,0,0,0,0,0,1
600usa voter,570,3,0,0,0,1,1,0,1,0,0,1,0,0,0,0
600usa voter,570,3,1,0,0,1,1,0,0,1,0,1,0,0,0,0
601usa voter,571,1,0,0,0,0,0,1,1,0,0,1,0,0,1,0
601usa voter,571,1,1,1,0,0,1,0,0,1,0,0,1,0,1,1
601usa voter,571,2,0,0,0,0,1,0,0,1,0,0,1,1,0,0
601usa voter,571,2,1,0,0,0,1,0,0,1,0,0,1,0,1,1
601usa voter,571,3,0,0,0,1,0,0,0,0,0,0,1,0,1,1
601usa voter,571,3,1,0,0,1,0,0,0,1,0,0,0,1,0,1
602usa voter,572,1,1,0,0,0,1,0,1,0,0,1,0,1,0,0
602usa voter,572,1,0,1,0,0,0,1,0,0,1,0,1,0,1,1
602usa voter,572,2,1,0,1,0,0,1,0,0,0,0,1,1,0,0
602usa voter,572,2,0,0,0,0,0,0,0,0,0,0,0,0,1,0
602usa voter,572,3,1,0,0,1,1,0,0,0,1,1,0,1,0,0
602usa voter,572,3,0,0,0,0,0,0,0,0,1,1,0,0,1,0
603usa voter,573,1,0,0,0,1,1,0,0,0,1,1,0,0,1,0
603usa voter,573,1,1,0,0,0,1,0,0,0,1,0,0,0,1,0
603usa voter,573,2,1,1,0,0,0,0,0,0,0,1,0,0,0,1
603usa voter,573,2,0,1,0,0,0,0,1,0,0,1,0,1,0,1
603usa voter,573,3,0,0,1,0,0,1,0,0,1,0,0,0,0,1
603usa voter,573,3,1,1,0,0,1,0,0,0,1,0,1,1,0,0
604usa voter,574,1,0,1,0,0,0,0,0,1,0,0,1,1,0,1
604usa voter,574,1,1,0,0,1,0,1,0,0,0,1,0,0,1,1
604usa voter,574,2,0,0,0,0,0,0,0,0,1,0,1,0,0,0
604usa voter,574,2,1,1,0,0,0,1,0,1,0,1,0,0,1,0
604usa voter,574,3,0,1,0,0,1,0,0,1,0,0,1,1,0,0
604usa voter,574,3,1,0,0,1,0,1,0,0,0,0,0,0,1,0
605usa voter,575,1,0,0,0,1,0,0,0,1,0,0,0,1,0,1
605usa voter,575,1,1,0,0,0,1,0,1,0,0,0,1,0,0,1
605usa voter,575,2,1,0,0,0,0,1,1,0,0,0,0,0,0,1
605usa voter,575,2,0,0,0,0,1,0,0,1,0,1,0,0,1,0
605usa voter,575,3,1,0,1,0,0,0,0,0,0,0,0,0,0,1
605usa voter,575,3,0,0,0,0,1,0,1,0,0,0,1,1,0,0
606usa voter,576,1,0,0,0,0,0,1,0,1,0,0,1,0,1,0
606usa voter,576,1,1,0,1,0,0,1,0,0,1,0,1,0,1,1
606usa voter,576,2,0,0,1,0,0,0,1,0,0,0,0,0,1,0
606usa voter,576,2,1,0,1,0,0,0,0,0,1,0,0,1,0,1
606usa voter,576,3,0,0,1,0,1,0,0,1,0,0,1,0,1,0
606usa voter,576,3,1,0,0,1,0,1,0,0,1,1,0,0,1,1
607usa voter,577,1,1,0,0,0,1,0,0,0,1,0,1,0,1,1
607usa voter,577,1,0,0,0,1,1,0,0,1,0,1,0,0,0,0
607usa voter,577,2,1,0,0,0,0,1,0,0,0,1,0,1,0,0
607usa voter,577,2,0,0,0,1,1,0,0,0,0,0,0,0,1,0
607usa voter,577,3,1,0,1,0,1,0,1,0,0,0,0,0,1,1
607usa voter,577,3,0,0,0,0,1,0,0,0,1,0,0,1,0,0
608usa voter,578,1,1,0,1,0,0,1,1,0,0,0,1,0,0,1
608usa voter,578,1,0,0,0,0,0,0,1,0,0,0,0,0,1,1
608usa voter,578,2,0,0,1,0,0,0,1,0,0,1,0,0,1,0
608usa voter,578,2,1,1,0,0,0,0,0,1,0,0,1,1,0,0
608usa voter,578,3,0,0,0,0,0,0,1,0,0,1,0,1,0,0
608usa voter,578,3,1,0,1,0,1,0,0,0,0,0,1,1,0,1
609usa voter,579,1,0,0,0,1,0,1,0,0,0,0,1,1,0,1
609usa voter,579,1,1,0,0,0,0,0,1,0,0,0,0,0,1,1
609usa voter,579,2,0,0,0,1,0,0,0,0,0,1,0,0,0,1
609usa voter,579,2,1,0,1,0,0,1,0,0,0,0,1,0,1,0
609usa voter,579,3,0,0,0,1,1,0,0,0,0,1,0,1,0,1
609usa voter,579,3,1,0,0,1,1,0,0,1,0,0,0,0,1,0
611usa voter,580,1,1,1,0,0,0,1,0,0,1,0,1,0,0,1
611usa voter,580,1,0,0,1,0,0,1,0,0,1,0,1,0,0,0
611usa voter,580,2,1,1,0,0,0,1,0,1,0,0,0,0,1,1
611usa voter,580,2,0,0,0,0,1,0,0,0,1,0,0,0,0,0
611usa voter,580,3,1,0,1,0,0,1,0,1,0,1,0,0,1,0
611usa voter,580,3,0,1,0,0,1,0,1,0,0,0,1,0,0,0
612usa voter,581,1,0,0,1,0,0,0,0,1,0,0,1,0,1,1
612usa voter,581,1,1,0,0,1,0,0,0,0,1,1,0,1,0,0
612usa voter,581,2,0,0,0,0,0,0,0,0,1,0,1,0,0,1
612usa voter,581,2,1,0,0,0,0,1,0,0,1,0,1,0,1,0
612usa voter,581,3,1,0,1,0,0,1,0,0,1,0,1,1,0,1
612usa voter,581,3,0,1,0,0,0,0,0,0,1,1,0,0,1,1
613usa voter,582,1,1,0,0,1,0,0,0,0,0,0,1,1,0,0
613usa voter,582,1,0,1,0,0,0,0,0,1,0,0,1,0,1,0
613usa voter,582,2,1,1,0,0,0,1,0,0,1,1,0,0,0,0
613usa voter,582,2,0,0,1,0,0,0,0,1,0,1,0,0,1,1
613usa voter,582,3,0,0,0,1,0,0,1,0,0,0,1,0,0,0
613usa voter,582,3,1,0,1,0,0,1,0,0,0,0,0,0,1,0
614usa voter,583,1,0,0,0,0,1,0,1,0,0,0,0,1,0,1
614usa voter,583,1,1,0,0,0,0,0,0,0,0,1,0,0,1,0
614usa voter,583,2,1,0,1,0,0,1,0,0,1,1,0,0,0,0
614usa voter,583,2,0,1,0,0,1,0,0,0,0,0,1,0,0,0
614usa voter,583,3,0,1,0,0,0,1,1,0,0,0,0,1,0,1
614usa voter,583,3,1,0,0,0,0,1,0,0,0,1,0,0,1,0
615usa voter,584,1,0,0,0,0,0,1,0,1,0,0,1,0,0,1
615usa voter,584,1,1,1,0,0,0,0,0,0,1,1,0,0,1,0
615usa voter,584,2,0,0,0,0,1,0,0,0,1,1,0,0,0,0
615usa voter,584,2,1,0,1,0,0,0,1,0,0,0,1,1,0,1
615usa voter,584,3,1,0,0,1,0,1,0,0,0,1,0,1,0,0
615usa voter,584,3,0,0,1,0,0,1,0,0,1,0,0,0,0,1
616usa voter,585,1,0,1,0,0,1,0,0,0,1,0,1,0,1,1
616usa voter,585,1,1,0,1,0,1,0,0,0,1,1,0,0,1,0
616usa voter,585,2,0,0,0,0,0,1,0,0,1,0,1,1,0,0
616usa voter,585,2,1,0,1,0,1,0,0,0,1,0,1,0,0,1
616usa voter,585,3,1,0,0,1,0,0,0,1,0,1,0,0,0,1
616usa voter,585,3,0,0,1,0,0,0,0,0,0,0,1,0,0,1
617usa voter,586,1,0,0,0,0,0,1,0,0,0,0,1,0,1,0
617usa voter,586,1,1,0,1,0,1,0,0,1,0,0,1,1,0,0
617usa voter,586,2,1,0,0,0,0,1,0,0,0,0,1,0,1,0
617usa voter,586,2,0,0,0,0,0,1,1,0,0,0,1,0,0,0
617usa voter,586,3,1,0,1,0,0,1,0,0,0,1,0,0,0,1
617usa voter,586,3,0,1,0,0,0,0,0,0,0,0,0,0,0,0
619usa voter,587,1,1,1,0,0,1,0,1,0,0,0,1,1,0,0
619usa voter,587,1,0,0,0,0,0,1,1,0,0,1,0,0,0,1
620usa voter,588,1,0,0,0,0,0,0,0,0,1,0,0,1,0,0
620usa voter,588,1,1,0,1,0,1,0,0,0,0,0,1,0,1,1
620usa voter,588,2,1,0,0,1,0,0,0,0,0,1,0,0,1,0
620usa voter,588,2,0,0,0,0,0,0,0,0,0,0,0,1,0,0
620usa voter,588,3,1,0,0,1,1,0,0,0,1,0,0,0,0,0
620usa voter,588,3,0,0,0,1,0,0,0,0,1,0,1,1,0,0
621usa voter,589,1,0,0,1,0,1,0,1,0,0,0,1,0,1,1
621usa voter,589,1,1,1,0,0,1,0,0,0,0,1,0,0,1,0
621usa voter,589,2,0,1,0,0,1,0,0,0,1,1,0,1,0,1
621usa voter,589,2,1,0,0,0,1,0,0,0,0,1,0,0,1,0
621usa voter,589,3,1,0,0,1,0,1,0,0,1,1,0,0,0,0
621usa voter,589,3,0,1,0,0,0,0,1,0,0,0,1,0,0,0
622usa voter,590,1,0,0,0,1,0,1,0,0,1,0,1,1,0,0
622usa voter,590,1,1,0,0,0,1,0,0,0,1,1,0,1,0,0
622usa voter,590,2,0,0,1,0,0,0,1,0,0,1,0,0,0,0
622usa voter,590,2,1,0,0,0,0,1,1,0,0,1,0,0,0,1
622usa voter,590,3,0,0,1,0,0,1,0,1,0,0,1,0,1,1
622usa voter,590,3,1,1,0,0,1,0,1,0,0,0,1,0,0,1
623usa voter,591,1,0,0,0,1,0,1,0,0,0,1,0,0,0,0
623usa voter,591,1,1,0,0,0,0,0,0,0,0,1,0,1,0,0
623usa voter,591,2,0,1,0,0,0,1,0,0,1,1,0,0,0,0
623usa voter,591,2,1,0,1,0,1,0,0,1,0,1,0,0,1,0
623usa voter,591,3,0,0,1,0,0,0,0,0,1,0,1,0,0,0
623usa voter,591,3,1,1,0,0,1,0,0,1,0,1,0,1,0,1
624usa voter,592,1,0,0,1,0,0,1,0,0,0,0,1,0,1,1
624usa voter,592,1,1,0,0,1,0,1,0,0,1,0,1,0,0,1
624usa voter,592,2,1,0,0,1,1,0,1,0,0,1,0,0,0,1
624usa voter,592,2,0,0,0,0,0,1,1,0,0,1,0,0,1,0
624usa voter,592,3,1,0,0,1,1,0,0,1,0,1,0,0,1,1
624usa voter,592,3,0,0,0,0,1,0,0,0,0,0,1,0,1,1
625usa voter,593,1,0,0,0,0,1,0,1,0,0,0,1,0,0,1
625usa voter,593,1,1,0,1,0,0,1,0,1,0,0,0,0,1,0
625usa voter,593,2,1,1,0,0,0,1,0,0,1,0,0,1,0,0
625usa voter,593,2,0,0,0,1,1,0,1,0,0,0,0,0,1,0
625usa voter,593,3,1,0,0,0,0,1,0,0,0,1,0,0,0,1
625usa voter,593,3,0,0,0,1,0,0,1,0,0,1,0,0,0,0
626usa voter,594,1,1,0,1,0,0,1,0,1,0,0,1,0,0,1
626usa voter,594,1,0,1,0,0,0,1,0,1,0,1,0,0,1,1
626usa voter,594,2,1,0,0,0,0,0,0,0,0,1,0,1,0,1
626usa voter,594,2,0,0,0,0,1,0,1,0,0,0,0,1,0,0
626usa voter,594,3,0,0,0,1,0,0,0,0,1,0,1,0,1,1
626usa voter,594,3,1,0,1,0,0,1,0,0,0,0,1,1,0,0
628usa voter,595,1,0,0,1,0,0,1,0,0,0,0,1,0,1,0
628usa voter,595,1,1,1,0,0,0,0,0,0,1,0,1,0,0,1
628usa voter,595,2,0,1,0,0,0,0,0,1,0,1,0,1,0,0
628usa voter,595,2,1,0,0,1,0,1,1,0,0,0,0,1,0,0
628usa voter,595,3,0,0,1,0,0,0,0,0,0,0,0,1,0,1
628usa voter,595,3,1,0,0,1,0,1,0,0,0,0,0,1,0,0
629usa voter,596,1,1,1,0,0,0,1,1,0,0,0,1,1,0,1
629usa voter,596,1,0,0,1,0,0,0,1,0,0,0,0,1,0,0
629usa voter,596,2,1,0,0,0,0,0,0,1,0,1,0,0,0,0
629usa voter,596,2,0,0,1,0,0,0,1,0,0,0,0,1,0,1
629usa voter,596,3,1,0,1,0,1,0,0,0,1,0,1,1,0,0
629usa voter,596,3,0,0,0,1,0,0,0,0,1,0,1,0,0,0
630usa voter,597,1,1,0,1,0,0,1,0,0,1,0,1,0,0,0
630usa voter,597,1,0,0,0,1,0,1,0,0,0,0,0,0,1,0
630usa voter,597,2,1,0,0,1,0,1,0,0,1,0,1,0,0,0
630usa voter,597,2,0,1,0,0,0,0,0,1,0,1,0,0,1,1
630usa voter,597,3,1,0,1,0,0,0,1,0,0,0,1,0,0,1
630usa voter,597,3,0,1,0,0,0,0,1,0,0,0,1,0,0,1
632usa voter,598,1,1,1,0,0,0,0,0,1,0,1,0,1,0,0
632usa voter,598,1,0,0,0,0,0,1,1,0,0,0,1,0,1,0
632usa voter,598,2,1,0,1,0,0,0,0,0,0,1,0,1,0,1
632usa voter,598,2,0,0,0,0,0,0,0,0,1,0,1,0,1,1
632usa voter,598,3,1,1,0,0,0,0,0,1,0,0,1,0,1,1
632usa voter,598,3,0,0,0,1,0,0,0,1,0,1,0,0,0,0
633usa voter,599,1,0,0,0,0,0,1,0,0,1,0,1,1,0,0
633usa voter,599,1,1,1,0,0,1,0,0,0,0,0,1,0,0,1
633usa voter,599,2,1,0,0,0,0,0,0,0,0,0,0,0,0,1
633usa voter,599,2,0,0,0,0,1,0,0,0,0,1,0,0,1,1
633usa voter,599,3,1,1,0,0,0,1,0,0,0,0,1,1,0,1
633usa voter,599,3,0,0,0,0,0,0,0,0,1,0,1,0,1,0
634usa voter,600,1,0,0,0,1,1,0,0,0,0,0,1,1,0,0
634usa voter,600,1,1,0,1,0,0,0,0,1,0,0,0,1,0,1
634usa voter,600,2,0,0,0,0,1,0,0,1,0,0,1,1,0,0
634usa voter,600,2,1,0,0,0,0,0,0,1,0,0,0,0,1,0
634usa voter,600,3,0,1,0,0,0,1,0,0,0,1,0,0,0,1
634usa voter,600,3,1,0,0,0,0,0,0,1,0,1,0,1,0,0
635usa voter,601,1,0,1,0,0,0,0,0,1,0,0,1,1,0,1
635usa voter,601,1,1,0,0,0,0,1,0,0,0,0,1,1,0,0
635usa voter,601,2,1,0,0,1,1,0,0,0,0,0,1,0,0,0
635usa voter,601,2,0,0,0,0,0,1,1,0,0,0,1,0,0,1
635usa voter,601,3,1,0,0,0,1,0,0,0,1,1,0,1,0,1
635usa voter,601,3,0,0,0,1,1,0,0,0,1,1,0,0,1,0
636usa voter,602,1,1,0,0,0,0,0,0,0,0,0,1,0,1,1
636usa voter,602,1,0,0,0,1,0,0,0,0,0,1,0,0,1,0
636usa voter,602,2,1,0,0,1,1,0,0,0,1,1,0,1,0,1
636usa voter,602,2,0,1,0,0,0,0,0,0,1,0,1,0,0,0
636usa voter,602,3,1,0,0,1,0,1,0,0,0,0,1,0,0,0
636usa voter,602,3,0,0,1,0,0,1,0,0,1,0,0,0,1,1
637usa voter,603,1,0,0,1,0,1,0,0,1,0,0,0,0,0,0
637usa voter,603,1,1,0,0,0,0,0,0,0,1,0,1,0,1,0
637usa voter,603,2,1,1,0,0,0,0,1,0,0,1,0,0,1,0
637usa voter,603,2,0,1,0,0,1,0,0,0,1,1,0,0,0,1
637usa voter,603,3,0,1,0,0,0,1,1,0,0,0,0,0,0,1
637usa voter,603,3,1,0,0,1,0,0,0,0,0,0,1,0,1,0
638usa voter,604,1,1,0,1,0,0,0,0,1,0,0,0,1,0,0
638usa voter,604,1,0,1,0,0,0,1,0,0,0,1,0,0,1,1
638usa voter,604,2,0,0,0,0,1,0,0,0,0,1,0,0,0,1
638usa voter,604,2,1,1,0,0,0,1,0,0,1,1,0,0,1,0
638usa voter,604,3,1,0,0,0,1,0,0,0,0,1,0,1,0,0
638usa voter,604,3,0,0,0,0,1,0,1,0,0,0,1,0,0,0
639usa voter,605,1,1,1,0,0,1,0,1,0,0,0,1,1,0,0
639usa voter,605,1,0,0,0,0,0,1,0,0,1,1,0,1,0,1
639usa voter,605,2,1,0,0,0,0,1,1,0,0,0,1,0,0,0
639usa voter,605,2,0,0,0,0,0,0,0,0,1,0,0,1,0,0
639usa voter,605,3,1,1,0,0,0,1,0,1,0,1,0,0,0,1
639usa voter,605,3,0,0,1,0,1,0,0,1,0,1,0,1,0,0
640usa voter,606,1,0,0,0,0,0,0,0,0,1,0,0,0,1,0
640usa voter,606,1,1,0,1,0,0,1,1,0,0,1,0,1,0,1
640usa voter,606,2,1,0,0,1,0,0,0,0,1,0,0,0,0,0
640usa voter,606,2,0,0,0,0,0,0,0,0,0,1,0,0,1,0
640usa voter,606,3,0,0,0,0,0,0,0,0,1,0,0,1,0,0
640usa voter,606,3,1,1,0,0,0,0,0,1,0,0,1,0,0,0
641usa voter,607,1,0,1,0,0,0,0,0,0,1,0,1,0,1,1
641usa voter,607,1,1,0,1,0,1,0,0,1,0,0,1,1,0,1
641usa voter,607,2,0,1,0,0,1,0,0,0,0,1,0,0,1,1
641usa voter,607,2,1,0,1,0,0,0,0,0,0,1,0,0,0,0
641usa voter,607,3,0,0,0,1,0,0,0,0,1,0,1,1,0,1
641usa voter,607,3,1,1,0,0,1,0,0,0,1,1,0,0,0,1
642usa voter,608,1,1,0,1,0,0,0,0,1,0,1,0,0,0,0
642usa voter,608,1,0,0,0,1,0,0,0,0,0,0,0,0,0,0
642usa voter,608,2,0,0,0,0,1,0,0,0,0,1,0,0,0,0
642usa voter,608,2,1,0,1,0,1,0,0,1,0,1,0,0,1,0
642usa voter,608,3,0,1,0,0,0,1,0,0,0,0,1,0,1,1
642usa voter,608,3,1,0,0,0,1,0,0,0,0,0,1,0,1,1
643usa voter,609,1,0,0,0,0,0,0,0,1,0,0,0,1,0,0
643usa voter,609,1,1,0,1,0,1,0,1,0,0,0,0,0,1,1
643usa voter,609,2,0,0,0,1,0,0,0,0,1,0,0,0,0,1
643usa voter,609,2,1,1,0,0,1,0,1,0,0,0,1,0,1,1
643usa voter,609,3,0,0,1,0,0,0,1,0,0,0,0,0,1,1
643usa voter,609,3,1,1,0,0,1,0,0,0,0,1,0,0,0,0
644usa voter,610,2,0,1,0,0,1,0,1,0,0,0,0,0,0,0
644usa voter,610,2,1,0,1,0,0,1,0,1,0,0,0,1,0,1
644usa voter,610,3,1,0,1,0,1,0,0,0,1,1,0,1,0,1
644usa voter,610,3,0,0,1,0,0,0,0,1,0,0,0,0,1,1
645usa voter,611,1,1,1,0,0,1,0,0,1,0,0,1,1,0,1
645usa voter,611,1,0,0,0,1,0,1,0,0,0,1,0,0,1,0
645usa voter,611,2,0,0,0,1,0,1,0,1,0,0,0,0,1,0
645usa voter,611,2,1,0,1,0,0,1,0,0,0,0,0,1,0,0
645usa voter,611,3,1,0,0,1,1,0,0,0,0,1,0,0,1,1
645usa voter,611,3,0,0,0,1,1,0,0,1,0,0,0,1,0,0
646usa voter,612,1,1,0,1,0,0,1,0,1,0,0,1,1,0,0
646usa voter,612,1,0,0,0,1,1,0,0,0,0,1,0,0,0,1
646usa voter,612,2,1,0,0,0,0,0,0,0,1,0,0,0,0,1
646usa voter,612,2,0,0,0,0,0,1,0,0,1,0,0,0,1,1
646usa voter,612,3,1,1,0,0,0,0,1,0,0,0,0,0,1,0
646usa voter,612,3,0,1,0,0,1,0,0,1,0,1,0,0,1,0
647usa voter,613,1,1,0,0,0,0,1,0,0,1,1,0,0,1,1
647usa voter,613,1,0,0,1,0,0,0,0,0,0,0,0,0,1,1
647usa voter,613,2,0,0,1,0,0,1,0,1,0,1,0,1,0,0
647usa voter,613,2,1,0,1,0,1,0,1,0,0,1,0,0,0,1
647usa voter,613,3,1,0,0,0,1,0,0,0,0,1,0,1,0,1
647usa voter,613,3,0,1,0,0,0,1,0,0,0,0,0,1,0,1
648usa voter,614,1,0,0,0,0,0,1,0,1,0,0,0,0,0,1
648usa voter,614,1,1,0,0,0,0,0,0,1,0,0,0,1,0,0
648usa voter,614,2,1,1,0,0,1,0,0,1,0,0,1,0,1,0
648usa voter,614,2,0,0,0,0,0,1,0,0,0,0,0,0,0,0
648usa voter,614,3,0,1,0,0,1,0,0,1,0,1,0,0,0,0
648usa voter,614,3,1,1,0,0,0,0,0,1,0,0,1,0,0,1
649usa voter,615,1,0,0,0,0,0,1,1,0,0,0,0,0,1,1
649usa voter,615,1,1,0,0,1,0,0,0,0,1,1,0,0,0,1
649usa voter,615,2,0,1,0,0,0,1,0,0,1,0,0,0,1,0
649usa voter,615,2,1,0,1,0,1,0,0,1,0,1,0,1,0,0
649usa voter,615,3,0,0,1,0,0,0,0,0,1,0,0,1,0,0
649usa voter,615,3,1,0,1,0,1,0,0,1,0,0,0,0,0,0
650usa voter,616,1,1,1,0,0,0,1,0,0,1,0,1,1,0,0
650usa voter,616,1,0,0,0,1,0,1,0,0,1,0,1,0,0,0
650usa voter,616,2,1,0,0,0,1,0,0,0,0,1,0,0,0,1
650usa voter,616,2,0,0,0,0,1,0,0,0,0,0,0,0,0,0
650usa voter,616,3,1,0,0,0,1,0,0,1,0,0,0,0,0,0
650usa voter,616,3,0,0,1,0,1,0,0,0,0,0,1,0,0,1
651usa voter,617,1,0,0,0,0,0,1,0,1,0,1,0,0,1,0
651usa voter,617,1,1,0,0,0,0,1,0,0,0,0,1,0,0,1
651usa voter,617,2,1,0,1,0,0,1,0,0,0,1,0,0,0,0
651usa voter,617,2,0,0,0,0,1,0,0,1,0,0,0,0,1,1
651usa voter,617,3,0,1,0,0,1,0,1,0,0,0,0,0,0,0
651usa voter,617,3,1,0,1,0,0,1,0,0,1,1,0,1,0,0
652usa voter,618,1,1,0,1,0,1,0,0,0,0,1,0,1,0,1
652usa voter,618,1,0,0,0,0,0,1,1,0,0,0,1,1,0,1
652usa voter,618,2,1,0,0,1,0,0,0,0,1,0,0,0,0,1
652usa voter,618,2,0,1,0,0,1,0,0,0,1,0,0,0,1,1
652usa voter,618,3,0,0,0,0,1,0,0,0,0,1,0,0,0,0
652usa voter,618,3,1,1,0,0,0,1,0,1,0,1,0,0,1,1
653usa voter,619,1,0,0,0,1,0,1,1,0,0,1,0,1,0,0
653usa voter,619,1,1,0,1,0,0,0,1,0,0,1,0,0,0,0
653usa voter,619,2,0,0,1,0,0,1,0,0,0,0,0,0,0,1
653usa voter,619,2,1,0,0,0,0,0,0,0,1,0,1,0,1,1
653usa voter,619,3,1,0,0,1,1,0,0,0,1,0,0,1,0,1
653usa voter,619,3,0,0,0,1,0,1,1,0,0,0,1,0,1,0
654usa voter,620,1,0,1,0,0,0,1,1,0,0,0,1,0,0,1
654usa voter,620,1,1,0,0,1,1,0,1,0,0,0,0,0,0,1
654usa voter,620,2,1,0,0,0,0,1,0,0,0,0,1,0,1,0
654usa voter,620,2,0,0,0,0,0,1,0,0,0,1,0,1,0,0
654usa voter,620,3,1,1,0,0,0,0,0,0,1,0,1,1,0,1
654usa voter,620,3,0,1,0,0,1,0,0,0,0,0,1,0,1,1
655usa voter,621,1,0,0,0,0,0,0,0,1,0,0,1,1,0,0
655usa voter,621,1,1,1,0,0,0,0,1,0,0,1,0,0,1,1
655usa voter,621,2,1,0,0,0,0,1,0,0,0,0,0,0,1,1
655usa voter,621,2,0,0,0,1,1,0,1,0,0,1,0,0,1,1
655usa voter,621,3,1,0,1,0,1,0,1,0,0,0,1,1,0,0
655usa voter,621,3,0,0,0,0,0,1,1,0,0,1,0,0,1,0
656usa voter,622,1,0,0,1,0,0,0,0,1,0,0,0,1,0,0
656usa voter,622,1,1,0,1,0,0,1,1,0,0,0,1,1,0,1
656usa voter,622,2,1,0,1,0,0,0,0,1,0,1,0,0,0,1
656usa voter,622,2,0,0,0,1,0,1,1,0,0,0,0,0,1,0
656usa voter,622,3,1,0,1,0,0,0,0,0,1,1,0,1,0,0
656usa voter,622,3,0,0,1,0,0,0,0,1,0,0,1,0,0,0
657usa voter,623,1,1,1,0,0,0,0,0,0,0,0,1,1,0,1
657usa voter,623,1,0,0,1,0,0,1,0,0,1,0,0,0,0,0
657usa voter,623,2,0,1,0,0,1,0,0,0,1,0,1,0,1,1
657usa voter,623,2,1,0,0,1,1,0,0,0,0,0,0,1,0,0
657usa voter,623,3,1,1,0,0,0,1,0,1,0,0,1,0,0,0
657usa voter,623,3,0,0,0,0,0,1,0,0,0,0,1,0,1,1
658usa voter,624,1,0,0,0,1,1,0,0,0,1,1,0,1,0,0
658usa voter,624,1,1,0,0,0,1,0,1,0,0,0,1,0,0,0
658usa voter,624,2,1,1,0,0,0,0,0,1,0,1,0,0,1,1
658usa voter,624,2,0,0,1,0,0,0,0,0,0,0,0,0,0,1
658usa voter,624,3,0,0,0,0,0,1,0,0,0,0,0,0,1,0
658usa voter,624,3,1,0,0,0,0,0,1,0,0,0,0,1,0,1
659usa voter,625,1,0,1,0,0,1,0,0,1,0,1,0,0,0,1
659usa voter,625,1,1,0,1,0,1,0,0,0,1,0,0,0,0,1
659usa voter,625,2,1,1,0,0,0,1,0,0,1,1,0,0,1,1
659usa voter,625,2,0,0,0,0,0,0,0,1,0,0,0,1,0,0
659usa voter,625,3,0,0,0,0,1,0,0,1,0,0,1,0,0,1
659usa voter,625,3,1,0,1,0,0,1,0,0,1,1,0,1,0,1
660usa voter,626,1,0,0,0,0,0,0,0,0,0,1,0,0,0,1
660usa voter,626,1,1,0,0,1,1,0,1,0,0,0,1,1,0,0
660usa voter,626,2,0,0,0,0,0,0,1,0,0,1,0,0,0,0
660usa voter,626,2,1,1,0,0,0,0,0,0,1,0,0,1,0,0
660usa voter,626,3,0,0,1,0,0,1,0,0,0,1,0,1,0,0
660usa voter,626,3,1,0,0,1,0,0,0,0,0,0,1,1,0,1
661usa voter,627,1,0,1,0,0,0,1,0,1,0,0,1,1,0,1
661usa voter,627,1,1,0,1,0,0,0,0,0,0,0,1,1,0,1
661usa voter,627,2,1,0,0,1,0,1,1,0,0,1,0,1,0,0
661usa voter,627,2,0,0,0,0,0,1,1,0,0,1,0,1,0,1
661usa voter,627,3,0,0,0,0,0,1,0,0,0,0,1,0,0,0
661usa voter,627,3,1,1,0,0,1,0,1,0,0,0,1,0,1,0
662usa voter,628,1,0,0,0,0,0,0,0,0,0,0,1,0,1,0
662usa voter,628,1,1,1,0,0,1,0,1,0,0,1,0,0,0,0
662usa voter,628,2,0,0,0,0,0,1,0,1,0,1,0,0,0,1
662usa voter,628,2,1,0,0,1,1,0,0,0,0,0,0,0,1,1
662usa voter,628,3,1,1,0,0,1,0,0,0,0,0,1,0,0,1
662usa voter,628,3,0,1,0,0,1,0,1,0,0,0,1,0,0,1
665usa voter,629,1,1,0,1,0,1,0,0,0,0,0,1,0,0,1
665usa voter,629,1,0,0,0,1,0,1,0,0,0,0,0,1,0,1
665usa voter,629,2,0,0,0,1,1,0,0,0,0,0,0,1,0,0
665usa voter,629,2,1,0,1,0,0,0,0,0,0,1,0,0,1,0
665usa voter,629,3,1,0,1,0,1,0,0,0,0,1,0,0,1,1
665usa voter,629,3,0,0,0,0,0,0,0,1,0,0,0,0,0,1
666usa voter,630,1,1,1,0,0,0,0,0,0,0,0,1,0,0,0
666usa voter,630,1,0,1,0,0,0,0,1,0,0,1,0,0,1,1
666usa voter,630,2,1,0,0,1,0,0,0,0,0,1,0,1,0,1
666usa voter,630,2,0,0,0,1,1,0,0,0,0,0,1,0,0,0
666usa voter,630,3,0,0,0,0,0,0,0,1,0,0,0,1,0,0
666usa voter,630,3,1,0,0,1,0,0,0,1,0,0,1,1,0,1
667usa voter,631,1,0,1,0,0,0,0,1,0,0,0,1,1,0,0
667usa voter,631,1,1,1,0,0,0,1,0,1,0,0,0,1,0,0
667usa voter,631,2,1,1,0,0,1,0,0,0,0,0,1,1,0,1
667usa voter,631,2,0,0,0,0,0,1,0,0,1,1,0,0,1,1
667usa voter,631,3,1,0,1,0,1,0,0,1,0,0,1,1,0,0
667usa voter,631,3,0,0,1,0,0,0,0,1,0,0,0,0,1,1
668usa voter,632,1,1,1,0,0,0,0,0,0,1,0,0,0,0,1
668usa voter,632,1,0,0,1,0,0,0,0,0,1,0,1,0,1,1
668usa voter,632,2,0,0,0,0,0,0,0,0,1,0,0,1,0,0
668usa voter,632,2,1,0,0,1,0,1,0,0,1,1,0,1,0,0
668usa voter,632,3,0,1,0,0,0,1,0,0,0,0,0,0,0,1
668usa voter,632,3,1,0,0,1,1,0,0,1,0,0,1,1,0,1
669usa voter,633,1,0,0,0,0,0,1,0,0,1,1,0,0,1,1
669usa voter,633,1,1,0,0,1,0,1,1,0,0,0,0,0,1,0
669usa voter,633,2,0,0,1,0,0,1,1,0,0,0,0,0,1,0
669usa voter,633,2,1,0,0,1,0,1,0,0,0,0,1,0,0,1
669usa voter,633,3,0,0,0,0,1,0,0,0,0,0,1,0,0,1
669usa voter,633,3,1,0,0,1,0,0,0,0,1,0,0,1,0,1
670usa voter,634,1,1,0,0,1,1,0,0,0,0,0,1,1,0,0
670usa voter,634,1,0,0,0,0,1,0,0,1,0,0,0,0,0,0
670usa voter,634,2,1,1,0,0,1,0,0,1,0,0,0,1,0,0
670usa voter,634,2,0,0,0,1,0,0,0,0,1,0,1,0,1,0
670usa voter,634,3,1,0,1,0,0,1,0,1,0,1,0,1,0,1
670usa voter,634,3,0,0,0,0,0,1,1,0,0,1,0,0,1,1
671usa voter,635,1,1,0,1,0,0,1,0,1,0,1,0,1,0,1
671usa voter,635,1,0,1,0,0,0,0,0,1,0,0,0,0,0,0
671usa voter,635,2,1,0,1,0,0,1,0,0,0,0,1,0,0,0
671usa voter,635,2,0,1,0,0,1,0,0,0,1,0,1,0,1,1
671usa voter,635,3,0,1,0,0,1,0,0,1,0,0,0,0,0,0
671usa voter,635,3,1,0,1,0,0,0,0,1,0,1,0,0,1,0
672usa voter,636,1,1,0,0,1,0,1,1,0,0,0,1,0,0,1
672usa voter,636,1,0,0,0,1,1,0,1,0,0,1,0,0,1,0
672usa voter,636,2,0,0,0,0,0,0,1,0,0,1,0,0,1,1
672usa voter,636,2,1,1,0,0,1,0,0,1,0,0,0,1,0,1
672usa voter,636,3,0,1,0,0,0,1,0,0,1,1,0,0,0,0
672usa voter,636,3,1,0,1,0,0,0,0,1,0,0,1,0,1,0
673usa voter,637,1,1,0,0,0,0,1,0,0,0,0,1,1,0,0
673usa voter,637,1,0,0,0,1,1,0,0,1,0,0,1,0,1,0
673usa voter,637,2,1,0,0,0,0,0,0,1,0,0,1,1,0,1
673usa voter,637,2,0,0,1,0,1,0,0,0,1,1,0,0,0,0
673usa voter,637,3,1,0,0,1,1,0,1,0,0,1,0,1,0,0
673usa voter,637,3,0,1,0,0,0,0,0,1,0,0,0,0,1,0
674usa voter,638,1,0,0,1,0,0,1,0,1,0,0,0,0,0,1
674usa voter,638,1,1,0,0,0,0,1,0,0,0,1,0,1,0,1
674usa voter,638,2,0,0,0,0,0,0,1,0,0,0,1,0,0,1
674usa voter,638,2,1,0,1,0,1,0,0,1,0,1,0,0,0,1
674usa voter,638,3,1,1,0,0,0,0,1,0,0,1,0,0,1,1
674usa voter,638,3,0,0,0,0,0,0,1,0,0,0,1,0,1,1
675usa voter,639,1,0,0,1,0,1,0,1,0,0,0,1,0,0,1
675usa voter,639,1,1,0,0,0,0,0,0,1,0,1,0,1,0,0
675usa voter,639,2,1,0,0,1,0,1,0,0,1,0,0,0,0,1
675usa voter,639,2,0,0,0,0,0,0,0,1,0,0,1,0,1,1
675usa voter,639,3,0,1,0,0,0,1,0,0,0,1,0,0,0,1
675usa voter,639,3,1,1,0,0,1,0,0,0,0,0,0,0,0,1
676usa voter,640,1,1,0,0,1,1,0,0,0,1,1,0,1,0,0
676usa voter,640,1,0,0,0,1,0,1,0,0,1,0,1,1,0,0
676usa voter,640,2,0,1,0,0,1,0,0,1,0,0,0,0,0,0
676usa voter,640,2,1,0,1,0,1,0,1,0,0,0,0,0,0,0
676usa voter,640,3,0,0,0,1,0,0,0,1,0,1,0,0,0,0
676usa voter,640,3,1,0,0,0,0,1,0,0,0,0,0,0,1,0
677usa voter,641,1,1,0,0,1,0,0,0,0,1,1,0,1,0,1
677usa voter,641,1,0,0,0,0,0,0,0,1,0,0,0,1,0,0
677usa voter,641,2,1,1,0,0,0,1,0,0,0,0,0,0,0,1
677usa voter,641,2,0,1,0,0,0,1,0,0,0,1,0,0,1,0
677usa voter,641,3,1,0,0,0,0,1,0,1,0,0,0,1,0,1
677usa voter,641,3,0,1,0,0,1,0,0,1,0,0,0,0,0,1
678usa voter,642,1,1,0,0,1,1,0,0,0,0,0,0,0,0,1
678usa voter,642,1,0,0,0,0,0,1,0,0,0,0,1,0,1,0
678usa voter,642,2,0,0,0,0,1,0,0,1,0,0,1,0,1,0
678usa voter,642,2,1,0,1,0,0,0,0,0,1,1,0,1,0,0
678usa voter,642,3,0,0,1,0,1,0,0,0,1,1,0,1,0,1
678usa voter,642,3,1,0,1,0,1,0,0,0,0,0,0,0,1,1
679usa voter,643,1,0,1,0,0,0,1,0,0,0,0,0,0,0,1
679usa voter,643,1,1,1,0,0,0,1,1,0,0,1,0,0,1,1
679usa voter,643,2,0,1,0,0,1,0,0,1,0,0,0,0,0,0
679usa voter,643,2,1,0,1,0,1,0,0,1,0,1,0,0,0,0
679usa voter,643,3,1,0,0,0,1,0,0,0,0,0,1,0,1,1
679usa voter,643,3,0,0,1,0,0,1,0,1,0,1,0,0,1,1
680usa voter,644,1,1,1,0,0,1,0,0,0,0,1,0,1,0,1
680usa voter,644,1,0,1,0,0,0,0,0,0,1,0,1,1,0,0
680usa voter,644,2,1,1,0,0,1,0,0,1,0,0,1,0,1,0
680usa voter,644,2,0,0,0,1,0,1,0,1,0,0,1,0,0,1
680usa voter,644,3,0,1,0,0,0,0,0,1,0,0,0,0,0,1
680usa voter,644,3,1,0,1,0,0,1,0,0,1,1,0,1,0,1
681usa voter,645,1,1,1,0,0,0,1,0,1,0,0,0,0,0,0
681usa voter,645,1,0,0,1,0,1,0,0,0,0,1,0,0,1,0
681usa voter,645,2,0,1,0,0,0,0,0,0,1,0,0,0,1,1
681usa voter,645,2,1,0,1,0,1,0,0,1,0,0,1,1,0,0
681usa voter,645,3,1,0,0,1,0,0,1,0,0,1,0,0,0,0
681usa voter,645,3,0,0,1,0,1,0,0,1,0,1,0,0,0,1
682usa voter,646,1,1,0,0,1,0,0,0,1,0,1,0,1,0,0
682usa voter,646,1,0,0,1,0,1,0,1,0,0,0,1,0,0,0
682usa voter,646,2,0,0,0,0,0,1,0,0,1,1,0,0,1,1
682usa voter,646,2,1,1,0,0,0,1,0,0,0,0,1,1,0,1
682usa voter,646,3,0,0,0,0,1,0,1,0,0,0,0,1,0,0
682usa voter,646,3,1,0,1,0,0,1,0,0,1,1,0,0,1,0
683usa voter,647,1,0,0,0,0,0,0,1,0,0,1,0,0,1,1
683usa voter,647,1,1,0,0,1,1,0,0,0,0,1,0,0,0,0
683usa voter,647,2,0,0,0,0,1,0,0,0,1,0,1,0,0,0
683usa voter,647,2,1,1,0,0,0,1,0,0,1,1,0,0,1,1
683usa voter,647,3,1,0,0,1,1,0,0,0,1,0,1,1,0,1
683usa voter,647,3,0,0,1,0,1,0,1,0,0,0,0,1,0,1
684usa voter,648,1,1,0,0,0,0,0,1,0,0,1,0,1,0,0
684usa voter,648,1,0,0,0,1,0,1,0,0,1,0,0,0,0,1
684usa voter,648,2,0,1,0,0,1,0,0,0,1,1,0,0,1,1
684usa voter,648,2,1,0,1,0,0,1,0,0,1,0,0,0,0,0
684usa voter,648,3,0,0,1,0,1,0,1,0,0,0,1,0,1,1
684usa voter,648,3,1,0,1,0,1,0,1,0,0,1,0,1,0,0
686usa voter,649,1,1,0,0,0,1,0,1,0,0,0,1,1,0,1
686usa voter,649,1,0,1,0,0,1,0,0,0,0,0,1,1,0,0
686usa voter,649,2,0,0,0,1,1,0,0,1,0,1,0,0,0,1
686usa voter,649,2,1,0,0,0,1,0,0,0,0,0,1,0,1,1
686usa voter,649,3,1,0,0,1,1,0,0,0,0,0,1,0,0,0
686usa voter,649,3,0,0,0,0,0,0,1,0,0,0,0,0,0,0
688usa voter,650,1,1,0,0,0,0,0,1,0,0,1,0,1,0,1
688usa voter,650,1,0,0,0,1,1,0,1,0,0,0,0,0,1,1
688usa voter,650,2,0,0,0,0,0,1,0,0,0,0,0,0,0,0
688usa voter,650,2,1,1,0,0,0,0,0,0,0,0,0,0,1,1
688usa voter,650,3,1,1,0,0,0,0,0,0,1,1,0,0,1,1
688usa voter,650,3,0,1,0,0,0,0,1,0,0,0,0,0,0,0
689usa voter,651,1,0,1,0,0,1,0,1,0,0,0,0,0,1,0
689usa voter,651,1,1,1,0,0,1,0,1,0,0,1,0,0,1,1
689usa voter,651,2,0,1,0,0,0,0,0,0,1,1,0,1,0,1
689usa voter,651,2,1,0,0,1,0,1,1,0,0,1,0,1,0,0
689usa voter,651,3,0,0,1,0,0,0,0,0,0,1,0,0,0,0
689usa voter,651,3,1,0,0,1,0,1,0,0,0,1,0,1,0,0
690usa voter,652,1,1,0,1,0,0,0,1,0,0,0,1,0,1,1
690usa voter,652,1,0,1,0,0,0,0,0,0,0,1,0,0,1,0
690usa voter,652,2,0,0,0,0,1,0,1,0,0,1,0,1,0,0
690usa voter,652,2,1,0,0,1,0,0,0,1,0,0,0,0,1,1
690usa voter,652,3,0,0,0,0,1,0,1,0,0,0,0,0,1,1
690usa voter,652,3,1,0,1,0,0,1,0,1,0,0,1,1,0,1
691usa voter,653,1,0,0,1,0,0,0,0,0,1,0,0,1,0,1
691usa voter,653,1,1,1,0,0,0,1,1,0,0,0,0,0,1,0
691usa voter,653,2,1,0,1,0,1,0,0,1,0,1,0,0,1,0
691usa voter,653,2,0,0,0,0,0,0,0,0,0,1,0,1,0,1
691usa voter,653,3,1,0,1,0,1,0,1,0,0,0,0,0,1,1
691usa voter,653,3,0,1,0,0,0,1,0,0,1,0,0,1,0,0
692usa voter,654,1,0,1,0,0,1,0,0,1,0,0,1,0,1,0
692usa voter,654,1,1,0,0,1,1,0,0,0,1,0,1,0,0,1
692usa voter,654,2,0,0,1,0,0,1,0,0,0,0,1,0,1,0
692usa voter,654,2,1,0,1,0,0,0,1,0,0,1,0,0,1,1
692usa voter,654,3,1,0,1,0,0,1,0,0,0,0,1,0,0,0
692usa voter,654,3,0,0,0,0,1,0,0,0,0,0,1,1,0,1
693usa voter,655,1,0,0,0,1,0,0,1,0,0,0,0,0,1,0
693usa voter,655,1,1,0,1,0,1,0,1,0,0,0,1,0,0,1
693usa voter,655,2,0,0,0,0,0,0,0,0,0,1,0,1,0,1
693usa voter,655,2,1,1,0,0,1,0,0,1,0,0,1,0,0,0
693usa voter,655,3,0,0,0,1,0,0,0,0,0,0,0,1,0,0
693usa voter,655,3,1,0,0,1,1,0,0,1,0,1,0,0,0,1
694usa voter,656,1,1,1,0,0,1,0,0,0,1,0,0,1,0,0
694usa voter,656,1,0,0,0,0,0,0,0,0,0,0,0,1,0,1
694usa voter,656,2,0,1,0,0,1,0,0,1,0,1,0,0,1,1
694usa voter,656,2,1,0,0,0,0,1,0,0,0,1,0,0,1,0
694usa voter,656,3,0,0,1,0,0,0,0,0,0,0,1,1,0,0
694usa voter,656,3,1,0,0,1,0,1,0,0,1,0,0,0,0,0
695usa voter,657,1,0,0,0,1,0,0,0,0,0,0,0,0,0,1
695usa voter,657,1,1,0,0,0,0,1,0,0,1,1,0,0,1,1
695usa voter,657,2,1,0,0,0,0,0,0,0,0,0,1,0,1,1
695usa voter,657,2,0,0,0,0,1,0,0,0,1,1,0,0,0,0
695usa voter,657,3,0,0,0,0,1,0,1,0,0,0,0,1,0,0
695usa voter,657,3,1,0,1,0,0,0,0,0,0,0,0,1,0,1
696usa voter,658,1,0,1,0,0,0,0,0,0,0,0,0,1,0,0
696usa voter,658,1,1,1,0,0,1,0,0,0,1,0,1,0,0,0
696usa voter,658,2,0,0,1,0,0,0,1,0,0,0,0,0,0,0
696usa voter,658,2,1,0,0,0,0,0,0,0,1,0,0,0,0,1
696usa voter,658,3,1,0,0,1,0,1,0,0,1,0,0,0,1,1
696usa voter,658,3,0,0,1,0,0,1,0,0,0,1,0,1,0,1
697usa voter,659,1,1,1,0,0,0,1,0,0,1,0,0,0,1,0
697usa voter,659,1,0,1,0,0,1,0,0,1,0,1,0,1,0,1
697usa voter,659,2,1,1,0,0,0,0,1,0,0,1,0,0,1,1
697usa voter,659,2,0,0,0,0,0,0,0,0,0,1,0,1,0,0
697usa voter,659,3,1,1,0,0,0,1,0,0,0,1,0,0,0,1
697usa voter,659,3,0,0,0,0,0,1,0,0,0,1,0,0,0,0
698usa voter,660,1,1,0,1,0,0,1,0,0,1,0,1,0,1,1
698usa voter,660,1,0,1,0,0,0,0,0,1,0,0,0,0,0,0
698usa voter,660,2,0,1,0,0,1,0,0,0,1,1,0,0,0,1
698usa voter,660,2,1,0,1,0,1,0,0,0,1,0,1,0,1,1
698usa voter,660,3,1,0,0,0,0,1,0,1,0,0,1,0,1,0
698usa voter,660,3,0,0,0,1,1,0,1,0,0,1,0,1,0,1
699usa voter,661,1,0,0,0,1,0,0,1,0,0,0,1,0,1,0
699usa voter,661,1,1,1,0,0,0,1,1,0,0,0,1,1,0,1
699usa voter,661,2,0,0,1,0,1,0,1,0,0,0,0,0,1,0
699usa voter,661,2,1,1,0,0,0,0,0,0,0,0,0,0,1,0
699usa voter,661,3,1,0,1,0,0,0,0,0,1,0,0,0,1,0
699usa voter,661,3,0,0,1,0,1,0,0,1,0,0,0,0,1,0
700usa voter,662,1,0,0,1,0,0,1,0,1,0,0,0,0,0,0
700usa voter,662,1,1,0,0,0,1,0,0,0,0,0,1,0,0,0
700usa voter,662,2,1,1,0,0,0,1,0,0,0,0,1,1,0,1
700usa voter,662,2,0,0,1,0,1,0,0,0,0,0,1,0,0,0
700usa voter,662,3,0,0,0,1,1,0,0,0,1,0,1,0,1,1
700usa voter,662,3,1,1,0,0,0,1,0,1,0,0,0,0,0,0
701usa voter,663,1,0,1,0,0,0,1,1,0,0,1,0,0,1,1
701usa voter,663,1,1,0,0,1,0,1,1,0,0,1,0,0,0,0
701usa voter,663,2,1,0,0,0,0,0,0,1,0,0,0,1,0,1
701usa voter,663,2,0,0,1,0,1,0,0,0,0,0,0,0,0,0
701usa voter,663,3,1,1,0,0,0,0,0,0,0,0,1,1,0,0
701usa voter,663,3,0,1,0,0,0,1,1,0,0,0,1,0,0,0
703usa voter,664,1,1,1,0,0,0,1,1,0,0,0,0,0,1,0
703usa voter,664,1,0,1,0,0,1,0,0,0,0,0,0,0,1,0
703usa voter,664,2,1,0,1,0,1,0,1,0,0,1,0,0,0,1
703usa voter,664,2,0,0,1,0,1,0,1,0,0,0,1,1,0,1
703usa voter,664,3,0,1,0,0,1,0,1,0,0,1,0,0,1,0
703usa voter,664,3,1,0,1,0,1,0,0,0,0,0,0,0,1,1
704usa voter,665,1,1,0,0,0,1,0,0,0,0,1,0,0,0,1
704usa voter,665,1,0,1,0,0,0,0,0,0,1,1,0,0,1,0
704usa voter,665,2,0,0,0,0,0,0,0,0,0,1,0,0,1,0
704usa voter,665,2,1,1,0,0,0,1,0,1,0,0,0,0,0,0
704usa voter,665,3,0,1,0,0,1,0,0,1,0,0,0,0,1,1
704usa voter,665,3,1,0,0,1,0,1,0,1,0,1,0,0,0,0
705usa voter,666,1,1,0,1,0,1,0,0,0,1,0,1,1,0,0
705usa voter,666,1,0,1,0,0,0,0,0,0,0,0,1,0,1,0
705usa voter,666,2,1,1,0,0,0,1,0,1,0,0,1,1,0,1
705usa voter,666,2,0,1,0,0,0,0,0,0,1,0,1,0,1,0
705usa voter,666,3,0,0,0,1,0,1,0,0,0,0,0,0,1,1
705usa voter,666,3,1,0,1,0,1,0,1,0,0,0,0,1,0,1
706usa voter,667,1,1,0,0,1,0,1,0,1,0,0,1,1,0,1
706usa voter,667,1,0,0,0,0,0,0,0,0,1,1,0,0,1,0
706usa voter,667,2,1,0,1,0,1,0,0,0,1,0,1,1,0,1
706usa voter,667,2,0,0,0,0,0,1,1,0,0,0,1,0,0,0
706usa voter,667,3,0,0,0,0,0,0,0,0,1,1,0,0,1,1
706usa voter,667,3,1,0,0,0,1,0,0,1,0,0,0,0,0,1
707usa voter,668,1,1,1,0,0,0,1,0,1,0,0,1,1,0,0
707usa voter,668,1,0,0,0,1,0,1,1,0,0,0,1,0,1,0
707usa voter,668,2,1,0,0,0,1,0,0,0,1,1,0,0,0,0
707usa voter,668,2,0,0,1,0,1,0,0,1,0,1,0,0,0,0
707usa voter,668,3,0,0,0,0,0,0,0,0,0,0,0,0,0,1
707usa voter,668,3,1,1,0,0,0,0,0,0,0,0,1,1,0,1
708usa voter,669,1,1,1,0,0,0,1,0,0,1,0,1,1,0,0
708usa voter,669,1,0,0,0,0,0,0,0,0,0,0,0,0,1,1
708usa voter,669,2,0,0,0,1,1,0,0,0,1,1,0,0,0,1
708usa voter,669,2,1,0,0,1,0,0,0,1,0,0,0,0,0,0
708usa voter,669,3,1,1,0,0,0,1,0,1,0,0,1,0,0,0
708usa voter,669,3,0,0,0,1,0,1,0,1,0,0,0,0,0,0
709usa voter,670,1,0,0,0,0,1,0,0,0,1,0,1,0,1,0
709usa voter,670,1,1,1,0,0,0,1,0,0,0,0,0,0,0,1
709usa voter,670,2,1,0,0,0,1,0,0,0,0,1,0,1,0,0
709usa voter,670,2,0,0,1,0,0,0,0,0,1,1,0,1,0,1
710usa voter,671,1,1,1,0,0,0,0,0,0,1,0,1,1,0,0
710usa voter,671,1,0,0,0,0,0,0,1,0,0,0,1,1,0,1
710usa voter,671,2,1,1,0,0,0,0,0,0,1,0,1,1,0,0
710usa voter,671,2,0,0,0,0,1,0,1,0,0,0,0,0,1,0
710usa voter,671,3,0,1,0,0,1,0,0,0,0,1,0,1,0,1
710usa voter,671,3,1,0,1,0,1,0,0,1,0,0,0,1,0,1
711usa voter,672,1,1,1,0,0,0,0,0,1,0,0,1,1,0,1
711usa voter,672,1,0,0,0,1,1,0,0,0,1,0,0,0,0,1
711usa voter,672,2,0,1,0,0,0,1,0,0,0,0,0,0,1,0
711usa voter,672,2,1,0,0,1,1,0,0,0,1,0,0,0,1,1
711usa voter,672,3,1,0,1,0,0,1,0,0,1,1,0,0,0,0
711usa voter,672,3,0,0,0,1,0,0,0,0,0,0,0,0,1,0
712usa voter,673,1,1,1,0,0,0,1,0,0,1,0,1,0,1,0
712usa voter,673,1,0,1,0,0,0,1,0,1,0,0,0,0,1,0
712usa voter,673,2,0,1,0,0,1,0,0,0,1,1,0,0,1,1
712usa voter,673,2,1,0,0,1,0,0,0,0,0,0,1,1,0,1
712usa voter,673,3,1,0,1,0,0,0,0,1,0,0,1,1,0,1
712usa voter,673,3,0,0,0,1,1,0,0,0,1,1,0,1,0,1
713usa voter,674,1,1,1,0,0,0,0,1,0,0,1,0,1,0,0
713usa voter,674,1,0,0,0,0,0,0,0,0,1,0,1,0,1,1
713usa voter,674,2,0,0,1,0,0,1,1,0,0,0,0,0,0,1
713usa voter,674,2,1,1,0,0,0,0,0,0,1,0,1,1,0,1
713usa voter,674,3,1,0,0,1,0,0,0,0,0,0,1,0,0,1
713usa voter,674,3,0,0,0,1,1,0,1,0,0,1,0,0,1,1
714usa voter,675,1,0,0,0,1,0,1,0,1,0,0,0,0,0,0
714usa voter,675,1,1,0,0,0,1,0,0,1,0,0,1,0,0,1
714usa voter,675,2,0,0,1,0,1,0,1,0,0,1,0,0,1,0
714usa voter,675,2,1,0,0,1,1,0,0,0,0,0,1,1,0,0
714usa voter,675,3,0,0,0,0,0,1,0,0,1,0,0,1,0,1
714usa voter,675,3,1,0,1,0,1,0,0,0,0,0,0,0,0,0
715usa voter,676,1,0,0,1,0,0,0,0,0,0,1,0,0,0,0
715usa voter,676,1,1,0,1,0,0,1,1,0,0,0,0,1,0,1
715usa voter,676,2,1,0,0,1,0,1,0,1,0,0,0,1,0,0
715usa voter,676,2,0,0,0,1,1,0,0,1,0,0,1,0,1,1
715usa voter,676,3,1,0,0,0,0,1,0,1,0,0,1,0,0,0
715usa voter,676,3,0,0,0,0,0,0,0,0,1,0,0,1,0,0
716usa voter,677,1,1,0,0,0,0,0,0,0,1,0,1,0,1,0
716usa voter,677,1,0,0,0,0,0,0,0,1,0,0,0,1,0,0
716usa voter,677,2,1,0,1,0,0,1,0,0,0,0,1,1,0,1
716usa voter,677,2,0,0,0,0,0,0,1,0,0,0,0,0,0,0
716usa voter,677,3,0,0,1,0,0,0,1,0,0,0,1,0,1,0
716usa voter,677,3,1,1,0,0,0,0,0,0,1,0,1,0,1,1
717usa voter,678,1,0,0,0,0,0,0,1,0,0,1,0,1,0,1
717usa voter,678,1,1,0,1,0,0,0,0,1,0,0,1,1,0,1
717usa voter,678,2,0,0,0,1,0,1,0,0,0,0,0,1,0,1
717usa voter,678,2,1,1,0,0,0,0,0,0,1,0,1,0,0,0
717usa voter,678,3,1,0,0,0,0,0,0,0,0,0,1,1,0,0
717usa voter,678,3,0,0,0,0,0,0,0,0,0,0,1,0,0,0
718usa voter,679,1,1,1,0,0,0,0,0,1,0,0,1,0,0,0
718usa voter,679,1,0,1,0,0,0,0,0,0,0,0,1,0,1,1
718usa voter,679,2,1,0,0,1,0,1,0,1,0,0,1,0,0,0
718usa voter,679,2,0,0,0,0,1,0,1,0,0,0,1,1,0,0
718usa voter,679,3,0,1,0,0,0,0,0,0,0,0,0,1,0,0
718usa voter,679,3,1,0,0,1,0,0,1,0,0,1,0,0,1,0
719usa voter,680,1,1,0,0,1,0,1,0,0,0,0,1,1,0,0
719usa voter,680,1,0,0,0,0,0,0,1,0,0,1,0,0,1,1
719usa voter,680,2,1,0,0,0,0,1,0,1,0,1,0,1,0,0
719usa voter,680,2,0,0,0,0,0,0,0,0,0,0,0,0,0,1
719usa voter,680,3,0,0,1,0,0,0,0,0,1,0,1,1,0,0
719usa voter,680,3,1,0,1,0,0,1,1,0,0,0,1,0,0,0
720usa voter,681,1,1,0,1,0,0,0,0,0,1,0,1,0,0,0
720usa voter,681,1,0,0,1,0,0,1,1,0,0,1,0,1,0,1
720usa voter,681,2,1,0,1,0,1,0,0,0,1,1,0,1,0,0
720usa voter,681,2,0,0,0,1,0,1,0,1,0,1,0,0,1,0
720usa voter,681,3,1,0,0,1,1,0,0,0,1,1,0,0,1,1
720usa voter,681,3,0,1,0,0,0,1,1,0,0,0,1,0,1,0
721usa voter,682,1,1,1,0,0,1,0,0,0,1,1,0,0,1,0
721usa voter,682,1,0,0,0,1,0,0,0,0,0,0,1,0,0,0
722usa voter,683,1,0,0,0,1,0,0,1,0,0,0,0,1,0,1
722usa voter,683,1,1,0,0,1,1,0,0,0,1,0,1,0,0,0
722usa voter,683,2,1,0,1,0,0,1,0,0,0,1,0,1,0,0
722usa voter,683,2,0,1,0,0,0,1,1,0,0,0,0,1,0,0
722usa voter,683,3,0,1,0,0,1,0,1,0,0,1,0,1,0,0
722usa voter,683,3,1,0,0,1,0,1,0,0,0,1,0,0,1,0
723usa voter,684,1,0,1,0,0,0,1,0,0,1,1,0,1,0,1
723usa voter,684,1,1,0,1,0,1,0,0,1,0,0,0,1,0,1
723usa voter,684,2,1,0,1,0,0,0,0,0,1,0,0,1,0,0
723usa voter,684,2,0,0,1,0,0,1,0,0,0,1,0,0,0,0
723usa voter,684,3,0,0,1,0,0,0,1,0,0,0,1,0,1,0
723usa voter,684,3,1,0,1,0,0,0,0,1,0,1,0,0,0,1
724usa voter,685,1,1,0,0,0,0,1,0,0,1,1,0,0,1,0
724usa voter,685,1,0,0,0,0,0,1,0,0,1,1,0,0,0,0
724usa voter,685,2,0,1,0,0,1,0,0,1,0,0,1,0,1,1
724usa voter,685,2,1,0,1,0,1,0,0,0,0,0,0,0,1,1
724usa voter,685,3,1,0,1,0,0,0,0,0,0,1,0,0,1,0
724usa voter,685,3,0,1,0,0,0,1,0,0,1,1,0,1,0,1
725usa voter,686,1,1,0,0,0,0,1,0,0,0,1,0,0,1,1
725usa voter,686,1,0,0,0,0,0,1,0,0,1,0,1,1,0,1
725usa voter,686,2,1,0,0,0,1,0,0,0,1,0,1,0,1,1
725usa voter,686,2,0,1,0,0,1,0,0,0,0,0,1,0,1,0
725usa voter,686,3,1,1,0,0,1,0,1,0,0,0,0,1,0,1
725usa voter,686,3,0,0,0,1,0,0,1,0,0,0,1,0,0,0
726usa voter,687,1,1,0,0,1,0,1,1,0,0,0,1,0,0,1
726usa voter,687,1,0,0,1,0,0,0,0,0,0,1,0,1,0,1
726usa voter,687,2,1,0,0,1,0,1,0,1,0,1,0,1,0,0
726usa voter,687,2,0,1,0,0,0,1,1,0,0,0,0,1,0,1
726usa voter,687,3,0,0,0,0,0,1,0,0,0,0,1,1,0,1
726usa voter,687,3,1,0,1,0,0,0,1,0,0,0,0,0,0,1
727usa voter,688,1,0,0,1,0,1,0,0,0,1,1,0,1,0,0
727usa voter,688,1,1,0,0,1,1,0,0,0,0,0,0,0,1,1
727usa voter,688,2,0,0,0,0,1,0,0,0,0,1,0,0,1,1
727usa voter,688,2,1,0,0,1,0,0,1,0,0,1,0,0,0,0
727usa voter,688,3,0,1,0,0,0,1,0,0,1,1,0,0,0,1
727usa voter,688,3,1,0,1,0,0,1,1,0,0,1,0,0,0,1
729usa voter,689,1,1,0,0,0,0,0,1,0,0,0,1,0,0,0
729usa voter,689,1,0,1,0,0,1,0,0,1,0,0,0,0,1,0
729usa voter,689,2,1,1,0,0,0,0,0,1,0,1,0,0,0,1
729usa voter,689,2,0,0,0,1,0,1,0,0,0,0,0,0,0,0
729usa voter,689,3,1,0,0,1,0,0,0,0,0,0,1,0,0,1
729usa voter,689,3,0,0,0,1,0,0,0,0,1,1,0,0,1,0
730usa voter,690,1,1,0,0,1,0,0,1,0,0,1,0,0,0,1
730usa voter,690,1,0,0,0,0,0,0,0,0,1,1,0,0,0,1
730usa voter,690,2,1,1,0,0,1,0,1,0,0,1,0,1,0,0
730usa voter,690,2,0,0,1,0,0,1,0,0,1,1,0,0,1,1
730usa voter,690,3,1,0,1,0,1,0,1,0,0,0,0,0,0,1
730usa voter,690,3,0,0,0,0,0,1,0,0,0,0,0,1,0,1
731usa voter,691,1,1,0,0,1,1,0,0,0,0,0,1,0,1,1
731usa voter,691,1,0,0,0,1,0,0,0,1,0,0,0,0,1,1
731usa voter,691,2,1,0,1,0,0,0,0,1,0,0,0,0,0,1
731usa voter,691,2,0,1,0,0,0,1,1,0,0,0,0,0,1,0
731usa voter,691,3,1,0,0,0,0,1,0,0,1,0,1,1,0,0
731usa voter,691,3,0,0,1,0,0,1,1,0,0,0,1,0,1,1
733usa voter,692,1,1,0,1,0,0,1,0,0,0,0,0,1,0,1
733usa voter,692,1,0,0,1,0,0,0,0,1,0,0,0,0,0,1
733usa voter,692,2,0,0,0,0,0,1,0,0,1,1,0,0,0,1
733usa voter,692,2,1,0,0,0,0,0,0,0,0,0,1,0,1,0
733usa voter,692,3,0,0,1,0,0,0,0,0,0,0,1,0,1,1
733usa voter,692,3,1,0,1,0,1,0,0,0,0,0,1,0,0,0
734usa voter,693,1,0,0,1,0,0,0,0,1,0,0,1,0,1,1
734usa voter,693,1,1,0,0,1,0,1,0,0,1,0,1,0,0,0
734usa voter,693,2,0,0,1,0,0,0,0,0,0,1,0,0,1,0
734usa voter,693,2,1,0,0,1,0,0,1,0,0,1,0,0,1,0
734usa voter,693,3,0,0,0,0,0,0,0,0,0,1,0,0,0,1
734usa voter,693,3,1,0,0,1,0,1,0,0,0,0,0,1,0,1
735usa voter,694,1,0,0,1,0,0,0,0,0,1,0,1,1,0,1
735usa voter,694,1,1,1,0,0,0,1,0,0,1,1,0,0,1,1
736usa voter,695,1,1,0,1,0,0,0,0,0,0,1,0,0,1,1
736usa voter,695,1,0,1,0,0,0,1,0,0,0,0,0,1,0,0
736usa voter,695,2,0,0,1,0,0,0,1,0,0,1,0,1,0,1
736usa voter,695,2,1,0,1,0,1,0,0,1,0,0,1,0,1,0
736usa voter,695,3,1,0,0,1,1,0,0,1,0,1,0,1,0,0
736usa voter,695,3,0,1,0,0,0,0,0,1,0,0,1,1,0,0
737usa voter,696,1,1,1,0,0,0,1,0,0,0,0,1,1,0,0
737usa voter,696,1,0,0,1,0,0,0,1,0,0,0,0,0,0,1
737usa voter,696,2,1,0,0,1,0,0,0,0,1,0,0,0,0,1
737usa voter,696,2,0,0,0,0,0,1,0,0,0,0,1,0,1,0
737usa voter,696,3,1,0,1,0,0,1,0,0,1,0,0,0,0,0
737usa voter,696,3,0,0,0,0,0,1,0,1,0,1,0,0,0,1
738usa voter,697,1,0,1,0,0,0,0,1,0,0,1,0,0,0,0
738usa voter,697,1,1,1,0,0,0,0,1,0,0,0,1,1,0,1
738usa voter,697,2,1,0,0,1,0,0,1,0,0,0,1,1,0,1
738usa voter,697,2,0,1,0,0,0,0,0,0,0,0,0,0,0,0
738usa voter,697,3,0,0,0,0,0,0,1,0,0,0,0,1,0,1
738usa voter,697,3,1,0,0,0,1,0,0,0,1,1,0,1,0,1
740usa voter,698,1,0,0,0,0,0,1,0,1,0,1,0,1,0,0
740usa voter,698,1,1,0,1,0,0,0,0,1,0,0,0,0,0,0
740usa voter,698,2,1,0,0,1,1,0,0,0,1,1,0,1,0,0
740usa voter,698,2,0,0,0,0,0,1,1,0,0,0,0,0,0,1
740usa voter,698,3,1,0,1,0,0,0,0,0,1,0,1,0,0,0
740usa voter,698,3,0,0,1,0,1,0,0,0,0,0,1,1,0,0
741usa voter,699,1,0,0,0,0,0,0,0,0,0,0,0,0,0,1
741usa voter,699,1,1,0,0,1,0,0,1,0,0,0,0,1,0,1
741usa voter,699,2,1,0,0,1,0,0,0,1,0,1,0,1,0,0
741usa voter,699,2,0,0,0,1,1,0,1,0,0,1,0,1,0,0
741usa voter,699,3,1,1,0,0,0,0,0,0,1,0,1,0,0,1
741usa voter,699,3,0,0,1,0,0,0,0,0,1,1,0,0,0,0
743usa voter,700,1,1,0,0,0,1,0,0,0,1,0,1,1,0,1
743usa voter,700,1,0,0,0,0,0,1,0,0,1,1,0,0,0,1
743usa voter,700,2,0,0,1,0,1,0,0,0,0,0,0,1,0,0
743usa voter,700,2,1,0,0,1,1,0,1,0,0,0,0,0,0,1
743usa voter,700,3,1,0,1,0,0,1,0,0,0,0,1,1,0,1
743usa voter,700,3,0,0,0,0,0,1,0,1,0,0,1,0,0,0
744usa voter,701,1,0,0,1,0,1,0,1,0,0,0,0,1,0,0
744usa voter,701,1,1,0,1,0,0,0,0,0,1,0,0,1,0,1
744usa voter,701,2,1,0,0,1,0,0,0,1,0,0,1,1,0,1
744usa voter,701,2,0,0,0,1,1,0,0,1,0,0,1,0,1,0
744usa voter,701,3,0,0,1,0,0,0,1,0,0,0,0,0,0,0
744usa voter,701,3,1,0,0,0,1,0,1,0,0,1,0,0,0,0
745usa voter,702,1,1,1,0,0,0,0,0,1,0,1,0,0,1,0
745usa voter,702,1,0,0,0,0,1,0,0,1,0,1,0,0,1,1
745usa voter,702,2,0,1,0,0,1,0,1,0,0,0,1,1,0,1
745usa voter,702,2,1,0,0,1,1,0,0,0,1,0,0,1,0,1
745usa voter,702,3,1,0,0,1,0,1,0,1,0,1,0,0,1,1
745usa voter,702,3,0,0,0,1,0,0,1,0,0,0,1,0,0,1
746usa voter,703,1,0,0,0,1,0,0,0,1,0,0,1,0,0,1
746usa voter,703,1,1,0,1,0,0,1,0,0,0,0,0,1,0,1
746usa voter,703,2,0,0,1,0,0,0,0,1,0,1,0,0,0,0
746usa voter,703,2,1,0,1,0,1,0,0,1,0,0,1,0,1,0
746usa voter,703,3,1,0,0,0,1,0,0,0,1,1,0,0,0,0
746usa voter,703,3,0,0,0,0,1,0,0,1,0,1,0,0,1,0
747usa voter,704,1,1,0,0,1,0,1,0,1,0,0,1,0,1,0
747usa voter,704,1,0,0,1,0,0,1,1,0,0,0,0,1,0,1
747usa voter,704,2,0,1,0,0,0,1,0,0,0,0,1,1,0,1
747usa voter,704,2,1,0,0,1,1,0,0,0,0,0,1,0,0,1
747usa voter,704,3,0,0,0,0,1,0,0,1,0,0,0,0,0,1
747usa voter,704,3,1,0,0,1,1,0,1,0,0,0,0,0,1,0
748usa voter,705,1,1,0,1,0,0,0,0,0,0,1,0,1,0,0
748usa voter,705,1,0,1,0,0,0,1,0,0,1,1,0,1,0,0
748usa voter,705,2,1,0,0,0,1,0,0,1,0,0,0,0,1,0
748usa voter,705,2,0,1,0,0,0,1,0,0,1,0,0,0,1,0
748usa voter,705,3,1,1,0,0,0,1,1,0,0,0,1,0,1,1
748usa voter,705,3,0,0,1,0,0,0,0,0,1,0,1,0,1,0
749usa voter,706,1,0,0,0,0,1,0,0,0,1,0,0,0,1,0
749usa voter,706,1,1,0,0,1,0,1,0,0,0,1,0,0,1,1
749usa voter,706,2,0,0,0,0,1,0,1,0,0,0,1,1,0,1
749usa voter,706,2,1,0,1,0,0,1,1,0,0,0,1,1,0,1
749usa voter,706,3,1,0,1,0,0,0,0,0,0,1,0,1,0,1
749usa voter,706,3,0,0,1,0,1,0,1,0,0,0,1,0,0,1
750usa voter,707,1,1,0,0,0,0,0,0,0,0,0,1,1,0,0
750usa voter,707,1,0,0,1,0,0,0,0,0,0,0,0,1,0,1
750usa voter,707,2,1,0,0,0,0,1,0,1,0,1,0,0,0,0
750usa voter,707,2,0,0,1,0,0,0,0,1,0,0,1,0,1,0
750usa voter,707,3,0,0,0,0,0,1,0,1,0,0,0,0,0,0
750usa voter,707,3,1,0,1,0,0,1,0,0,0,1,0,1,0,0
751usa voter,708,1,1,0,0,1,1,0,0,0,0,0,1,1,0,0
751usa voter,708,1,0,0,0,1,0,0,0,0,0,1,0,0,1,0
751usa voter,708,2,0,0,1,0,0,1,1,0,0,1,0,0,1,1
751usa voter,708,2,1,1,0,0,1,0,0,0,0,1,0,0,0,1
751usa voter,708,3,0,0,0,1,0,0,0,1,0,0,1,0,1,0
751usa voter,708,3,1,0,1,0,0,0,0,1,0,0,0,0,1,1
752usa voter,709,1,0,0,1,0,0,0,0,1,0,0,1,0,0,0
752usa voter,709,1,1,0,0,0,0,1,1,0,0,0,1,0,1,0
752usa voter,709,2,0,0,1,0,1,0,0,0,0,0,1,0,1,0
752usa voter,709,2,1,1,0,0,0,0,0,1,0,1,0,1,0,0
752usa voter,709,3,0,0,1,0,0,0,0,1,0,0,0,0,0,1
752usa voter,709,3,1,0,0,0,1,0,1,0,0,0,1,0,0,1
753usa voter,710,1,0,0,0,1,0,0,0,0,1,0,0,1,0,1
753usa voter,710,1,1,0,0,1,1,0,0,0,0,1,0,1,0,0
753usa voter,710,2,1,0,1,0,0,0,1,0,0,1,0,1,0,1
753usa voter,710,2,0,1,0,0,1,0,0,0,1,0,1,0,1,0
753usa voter,710,3,1,0,0,0,1,0,0,0,0,1,0,1,0,0
753usa voter,710,3,0,0,1,0,0,0,0,0,0,0,1,1,0,0
754usa voter,711,1,0,1,0,0,0,1,0,0,1,0,0,0,1,0
754usa voter,711,1,1,0,0,1,0,0,0,0,1,1,0,0,1,1
754usa voter,711,2,0,0,0,0,1,0,0,0,0,0,1,0,1,0
754usa voter,711,2,1,0,0,1,1,0,0,0,0,1,0,1,0,0
754usa voter,711,3,1,0,0,1,1,0,0,0,1,0,0,0,0,1
754usa voter,711,3,0,0,0,1,1,0,0,1,0,1,0,0,0,0
755usa voter,712,1,0,0,0,0,0,0,0,0,0,0,1,0,1,1
755usa voter,712,1,1,0,0,1,1,0,0,0,1,1,0,0,0,0
755usa voter,712,2,1,1,0,0,1,0,0,0,1,0,0,0,1,0
755usa voter,712,2,0,0,0,0,0,0,0,0,0,0,0,0,1,0
755usa voter,712,3,1,0,0,1,0,1,0,1,0,1,0,0,1,0
755usa voter,712,3,0,0,0,0,1,0,0,0,0,0,1,1,0,1
756usa voter,713,1,0,1,0,0,1,0,0,0,1,0,1,0,0,1
756usa voter,713,1,1,0,0,0,1,0,1,0,0,0,1,1,0,1
756usa voter,713,2,1,1,0,0,1,0,0,0,1,0,0,0,0,1
756usa voter,713,2,0,0,0,1,0,0,0,0,1,0,0,0,0,1
756usa voter,713,3,0,0,1,0,0,1,0,0,1,1,0,0,0,0
756usa voter,713,3,1,0,0,0,0,0,0,0,0,0,1,0,0,0
757usa voter,714,1,1,0,0,1,0,0,0,0,1,0,1,0,1,1
757usa voter,714,1,0,0,0,1,1,0,0,1,0,1,0,0,0,1
757usa voter,714,2,1,0,1,0,0,1,1,0,0,0,0,0,0,1
757usa voter,714,2,0,1,0,0,0,0,0,0,0,1,0,0,1,0
757usa voter,714,3,1,0,1,0,0,0,1,0,0,0,1,0,1,0
757usa voter,714,3,0,0,0,0,1,0,1,0,0,0,0,0,1,0
759usa voter,715,1,0,0,0,0,0,0,0,0,0,1,0,1,0,1
759usa voter,715,1,1,0,0,0,0,1,1,0,0,0,0,1,0,1
759usa voter,715,2,1,1,0,0,0,1,0,1,0,0,1,1,0,0
759usa voter,715,2,0,0,0,0,0,1,0,0,0,1,0,0,1,0
759usa voter,715,3,0,1,0,0,0,0,0,0,1,0,1,0,0,1
759usa voter,715,3,1,0,0,1,0,1,0,0,0,0,0,1,0,0
760usa voter,716,1,0,1,0,0,0,0,0,1,0,0,0,0,1,0
760usa voter,716,1,1,0,1,0,1,0,0,0,0,1,0,0,1,1
760usa voter,716,2,1,1,0,0,0,1,1,0,0,0,0,1,0,1
760usa voter,716,2,0,0,0,0,0,0,0,0,1,0,0,1,0,0
760usa voter,716,3,0,0,0,1,0,0,0,0,0,1,0,0,0,0
760usa voter,716,3,1,0,0,0,1,0,0,0,0,0,0,1,0,1
761usa voter,717,1,1,0,0,0,0,0,0,1,0,0,1,0,1,0
761usa voter,717,1,0,1,0,0,1,0,0,0,0,0,0,0,1,1
761usa voter,717,2,1,0,1,0,0,1,0,0,0,1,0,1,0,0
761usa voter,717,2,0,0,0,1,1,0,0,1,0,1,0,1,0,0
761usa voter,717,3,1,1,0,0,0,1,0,0,1,0,0,0,0,0
761usa voter,717,3,0,0,0,1,1,0,1,0,0,0,1,1,0,0
762usa voter,718,1,0,0,1,0,1,0,1,0,0,0,0,1,0,1
762usa voter,718,1,1,0,0,1,0,1,0,0,0,0,0,0,1,1
762usa voter,718,2,1,0,1,0,1,0,0,1,0,0,0,0,1,1
762usa voter,718,2,0,0,1,0,1,0,0,1,0,0,1,0,0,0
762usa voter,718,3,0,1,0,0,0,0,0,0,0,0,0,0,1,1
762usa voter,718,3,1,0,0,1,0,0,0,0,1,0,0,0,0,0
763usa voter,719,1,1,0,1,0,1,0,0,0,0,1,0,1,0,1
763usa voter,719,1,0,1,0,0,0,0,1,0,0,0,0,0,1,0
763usa voter,719,2,1,0,0,0,1,0,1,0,0,1,0,1,0,0
763usa voter,719,2,0,0,0,1,1,0,1,0,0,0,1,0,1,1
763usa voter,719,3,1,0,1,0,0,0,0,1,0,0,1,1,0,0
763usa voter,719,3,0,0,0,1,1,0,0,0,0,0,0,0,0,1
764usa voter,720,1,1,0,0,1,1,0,0,1,0,1,0,0,1,1
764usa voter,720,1,0,0,1,0,1,0,0,1,0,0,0,1,0,1
764usa voter,720,2,1,0,0,1,1,0,0,0,1,0,0,1,0,1
764usa voter,720,2,0,0,0,0,0,1,1,0,0,0,0,0,1,0
764usa voter,720,3,1,0,0,0,0,0,0,0,1,0,1,1,0,1
764usa voter,720,3,0,0,1,0,0,0,0,0,0,0,0,1,0,0
765usa voter,721,1,1,0,0,1,1,0,0,0,1,0,1,0,1,1
765usa voter,721,1,0,0,0,1,0,1,0,0,0,0,0,1,0,1
765usa voter,721,2,0,0,0,0,0,1,0,1,0,0,0,0,0,1
765usa voter,721,2,1,0,0,1,1,0,0,1,0,1,0,0,0,1
765usa voter,721,3,0,0,1,0,0,0,0,1,0,0,0,1,0,0
765usa voter,721,3,1,0,1,0,0,1,1,0,0,1,0,0,1,0
766usa voter,722,1,1,1,0,0,0,1,1,0,0,0,0,0,0,0
766usa voter,722,1,0,0,0,1,0,0,0,0,1,1,0,0,1,1
766usa voter,722,2,1,0,0,0,1,0,0,0,1,0,1,1,0,1
766usa voter,722,2,0,0,0,0,1,0,0,0,1,0,1,1,0,0
766usa voter,722,3,1,0,0,1,1,0,0,0,0,0,1,0,1,1
766usa voter,722,3,0,0,0,1,0,1,1,0,0,1,0,0,0,1
767usa voter,723,1,0,0,0,0,1,0,0,0,1,1,0,0,0,0
767usa voter,723,1,1,1,0,0,0,0,0,0,0,1,0,0,1,1
767usa voter,723,2,1,0,0,1,1,0,0,1,0,0,0,0,1,0
767usa voter,723,2,0,0,0,0,0,1,0,0,0,0,1,1,0,1
767usa voter,723,3,1,0,0,0,1,0,0,1,0,1,0,1,0,0
767usa voter,723,3,0,0,1,0,0,0,0,0,0,1,0,0,1,1
768usa voter,724,1,1,0,0,1,0,0,0,0,1,0,0,0,0,1
768usa voter,724,1,0,1,0,0,0,1,1,0,0,1,0,1,0,1
768usa voter,724,2,1,0,0,1,0,0,0,0,0,1,0,0,1,1
768usa voter,724,2,0,0,0,0,0,0,0,0,0,0,1,0,0,0
768usa voter,724,3,0,0,0,1,1,0,0,0,0,0,1,0,0,0
768usa voter,724,3,1,0,1,0,1,0,0,0,1,0,0,0,0,0
769usa voter,725,1,0,1,0,0,0,0,0,0,0,1,0,0,0,0
769usa voter,725,1,1,0,0,0,0,1,0,0,1,1,0,0,0,0
769usa voter,725,2,0,0,0,0,1,0,0,0,0,0,1,0,1,1
769usa voter,725,2,1,1,0,0,0,1,0,0,0,0,1,0,1,0
769usa voter,725,3,1,1,0,0,0,0,0,1,0,0,1,0,1,1
769usa voter,725,3,0,0,1,0,0,1,1,0,0,0,1,0,0,1
770usa voter,726,1,1,0,1,0,0,0,0,0,0,1,0,0,0,0
770usa voter,726,1,0,0,0,0,1,0,0,0,0,1,0,0,1,0
770usa voter,726,2,1,0,0,0,0,0,0,0,1,0,1,0,0,0
770usa voter,726,2,0,0,0,1,1,0,0,0,1,0,1,0,0,0
770usa voter,726,3,0,0,1,0,0,1,0,0,1,0,1,0,0,1
770usa voter,726,3,1,0,0,1,0,1,0,0,1,1,0,1,0,1
771usa voter,727,1,0,0,0,1,0,1,1,0,0,1,0,0,0,1
771usa voter,727,1,1,0,0,0,0,1,1,0,0,1,0,0,0,1
771usa voter,727,2,1,1,0,0,0,0,0,0,1,0,0,1,0,1
771usa voter,727,2,0,1,0,0,0,0,0,0,1,0,1,0,1,1
771usa voter,727,3,1,0,1,0,0,0,1,0,0,1,0,0,1,1
771usa voter,727,3,0,1,0,0,1,0,0,0,0,0,1,1,0,1
772usa voter,728,1,1,0,1,0,1,0,1,0,0,0,1,0,1,0
772usa voter,728,1,0,0,0,0,1,0,0,1,0,1,0,1,0,0
772usa voter,728,2,1,1,0,0,1,0,0,0,0,0,1,1,0,1
772usa voter,728,2,0,0,1,0,0,0,0,1,0,1,0,0,1,0
772usa voter,728,3,0,0,0,0,0,0,1,0,0,0,0,0,1,1
772usa voter,728,3,1,1,0,0,0,1,1,0,0,0,1,0,0,1
773usa voter,729,1,1,1,0,0,0,1,0,0,1,1,0,0,1,1
773usa voter,729,1,0,0,1,0,1,0,0,0,0,0,1,0,1,1
773usa voter,729,2,0,0,0,0,0,1,1,0,0,1,0,0,0,0
773usa voter,729,2,1,0,0,0,0,0,0,0,1,0,1,1,0,1
773usa voter,729,3,0,1,0,0,0,0,0,0,1,0,0,0,0,0
773usa voter,729,3,1,1,0,0,0,1,0,0,0,1,0,1,0,0
774usa voter,730,1,1,1,0,0,0,1,0,1,0,0,0,0,0,1
774usa voter,730,1,0,1,0,0,0,0,1,0,0,1,0,0,0,0
774usa voter,730,2,1,1,0,0,1,0,0,1,0,0,0,1,0,0
774usa voter,730,2,0,0,1,0,0,0,0,1,0,0,1,0,1,1
774usa voter,730,3,0,1,0,0,1,0,1,0,0,0,0,0,0,1
774usa voter,730,3,1,0,0,0,1,0,0,0,0,1,0,1,0,0
775usa voter,731,1,1,0,0,1,1,0,0,1,0,0,1,0,0,1
775usa voter,731,1,0,0,0,1,1,0,1,0,0,0,1,0,0,1
775usa voter,731,2,1,1,0,0,0,0,1,0,0,1,0,0,0,0
775usa voter,731,2,0,0,0,0,0,1,1,0,0,0,0,0,1,1
775usa voter,731,3,0,0,1,0,0,1,1,0,0,0,1,1,0,1
775usa voter,731,3,1,0,0,1,0,1,0,0,1,0,0,1,0,1
776usa voter,732,1,0,1,0,0,0,0,0,0,1,1,0,1,0,1
776usa voter,732,1,1,1,0,0,1,0,0,0,0,0,1,0,1,0
776usa voter,732,2,1,1,0,0,0,0,0,0,0,1,0,0,0,1
776usa voter,732,2,0,0,1,0,0,0,0,0,0,0,1,0,0,1
776usa voter,732,3,1,0,0,1,1,0,1,0,0,0,0,1,0,0
776usa voter,732,3,0,0,0,1,1,0,0,0,1,1,0,0,0,0
777usa voter,733,1,1,0,0,1,0,1,1,0,0,0,0,0,0,1
777usa voter,733,1,0,1,0,0,1,0,0,1,0,0,0,0,0,0
777usa voter,733,2,0,0,0,0,0,1,0,1,0,1,0,0,1,0
777usa voter,733,2,1,0,1,0,0,0,1,0,0,1,0,0,0,0
777usa voter,733,3,1,0,0,0,1,0,0,0,1,0,1,0,0,0
777usa voter,733,3,0,0,1,0,1,0,0,0,0,0,0,1,0,0
778usa voter,734,1,1,1,0,0,0,0,1,0,0,0,1,0,1,0
778usa voter,734,1,0,0,1,0,0,1,0,0,1,0,1,1,0,0
778usa voter,734,2,0,1,0,0,0,1,1,0,0,0,1,1,0,1
778usa voter,734,2,1,1,0,0,0,0,0,1,0,0,1,0,1,0
778usa voter,734,3,1,0,1,0,1,0,1,0,0,1,0,0,1,1
778usa voter,734,3,0,0,0,1,0,0,0,1,0,0,1,1,0,1
779usa voter,735,1,1,0,1,0,1,0,0,1,0,0,1,1,0,0
779usa voter,735,1,0,0,0,0,1,0,0,0,1,1,0,0,1,0
779usa voter,735,2,0,0,1,0,0,0,0,0,0,0,0,0,0,0
779usa voter,735,2,1,0,0,0,0,1,0,0,1,0,1,1,0,0
779usa voter,735,3,0,1,0,0,1,0,0,0,1,0,0,0,1,1
779usa voter,735,3,1,0,1,0,0,1,0,0,1,0,1,0,0,0
780usa voter,736,1,1,1,0,0,0,1,0,0,1,1,0,0,0,1
780usa voter,736,1,0,0,0,0,1,0,0,1,0,1,0,0,0,1
780usa voter,736,2,1,0,0,1,1,0,1,0,0,0,1,1,0,0
780usa voter,736,2,0,0,0,0,0,1,1,0,0,0,0,0,1,1
780usa voter,736,3,0,0,0,1,1,0,0,1,0,1,0,0,1,1
780usa voter,736,3,1,1,0,0,1,0,0,1,0,0,1,1,0,0
781usa voter,737,1,1,0,0,0,0,0,0,0,1,0,1,0,0,1
781usa voter,737,1,0,0,0,0,1,0,0,1,0,0,0,1,0,1
781usa voter,737,2,0,0,0,0,0,1,0,0,1,1,0,0,1,1
781usa voter,737,2,1,1,0,0,0,0,0,0,0,0,1,1,0,1
781usa voter,737,3,0,0,1,0,0,1,0,1,0,1,0,1,0,1
781usa voter,737,3,1,0,0,1,0,0,1,0,0,1,0,0,0,1
782usa voter,738,1,0,0,1,0,0,1,0,1,0,0,1,0,0,1
782usa voter,738,1,1,0,0,1,1,0,0,0,1,1,0,1,0,1
782usa voter,738,2,1,1,0,0,1,0,0,0,1,1,0,0,1,1
782usa voter,738,2,0,0,0,1,0,1,1,0,0,0,1,0,1,0
782usa voter,738,3,0,0,1,0,0,0,0,0,1,0,1,0,1,0
782usa voter,738,3,1,0,1,0,0,1,1,0,0,1,0,1,0,0
783usa voter,739,1,1,0,1,0,1,0,0,0,0,1,0,0,0,0
783usa voter,739,1,0,1,0,0,0,0,0,0,0,0,1,0,0,1
783usa voter,739,2,0,0,0,1,0,1,0,1,0,0,1,1,0,1
783usa voter,739,2,1,1,0,0,0,1,0,1,0,0,1,0,1,1
783usa voter,739,3,0,0,0,0,0,1,0,0,1,1,0,1,0,0
783usa voter,739,3,1,0,0,1,1,0,0,1,0,1,0,1,0,0
784usa voter,740,1,1,0,0,0,1,0,0,0,0,1,0,0,0,1
784usa voter,740,1,0,0,1,0,0,0,0,1,0,0,1,1,0,0
784usa voter,740,2,1,0,0,1,1,0,0,0,1,0,0,1,0,0
784usa voter,740,2,0,0,0,1,1,0,0,1,0,0,0,0,0,1
784usa voter,740,3,0,0,0,0,0,0,1,0,0,0,0,1,0,0
784usa voter,740,3,1,0,0,1,1,0,0,0,0,0,1,0,1,0
785usa voter,741,1,0,0,0,0,0,0,0,1,0,1,0,1,0,0
785usa voter,741,1,1,0,0,1,0,1,0,1,0,1,0,0,0,1
785usa voter,741,2,1,0,0,1,0,1,0,1,0,1,0,0,1,0
785usa voter,741,2,0,0,0,1,0,0,1,0,0,1,0,0,0,0
785usa voter,741,3,1,0,0,0,0,1,0,1,0,0,1,0,1,0
785usa voter,741,3,0,0,1,0,0,1,0,1,0,0,0,0,0,0
787usa voter,742,3,0,1,0,0,0,0,0,0,0,0,1,0,1,0
787usa voter,742,3,1,0,1,0,0,1,0,1,0,0,1,0,1,1
789usa voter,743,1,0,1,0,0,0,0,1,0,0,1,0,1,0,0
789usa voter,743,1,1,0,0,1,0,1,0,1,0,1,0,0,0,1
789usa voter,743,2,1,0,0,1,0,0,0,0,1,0,0,1,0,1
789usa voter,743,2,0,0,0,0,0,0,0,0,1,0,1,0,0,1
789usa voter,743,3,0,1,0,0,0,0,0,0,0,0,1,0,0,1
789usa voter,743,3,1,0,0,0,0,1,0,0,0,0,1,0,0,1
790usa voter,744,1,0,0,0,0,1,0,0,0,1,0,0,0,1,1
790usa voter,744,1,1,0,0,0,0,1,0,0,1,0,1,1,0,0
790usa voter,744,2,1,0,0,0,0,0,0,0,1,0,1,1,0,1
790usa voter,744,2,0,1,0,0,1,0,0,0,0,0,1,0,0,1
790usa voter,744,3,1,1,0,0,0,1,1,0,0,0,0,0,0,0
790usa voter,744,3,0,0,1,0,0,0,0,0,0,1,0,0,0,0
791usa voter,745,1,0,0,0,0,0,0,0,0,0,0,1,1,0,0
791usa voter,745,1,1,0,0,0,1,0,0,1,0,1,0,0,0,1
791usa voter,745,2,1,0,0,1,0,0,0,0,1,1,0,1,0,0
791usa voter,745,2,0,0,0,1,0,1,1,0,0,1,0,1,0,0
791usa voter,745,3,1,1,0,0,0,0,0,0,0,0,1,0,1,1
791usa voter,745,3,0,0,0,0,0,0,1,0,0,0,0,0,0,0
792usa voter,746,1,1,0,0,0,1,0,0,0,1,0,1,0,1,0
792usa voter,746,1,0,0,0,1,0,0,0,0,0,0,1,1,0,1
792usa voter,746,2,1,0,0,0,0,1,1,0,0,0,0,0,0,0
792usa voter,746,2,0,0,0,0,0,0,0,0,1,0,1,0,1,1
792usa voter,746,3,1,1,0,0,1,0,0,1,0,0,0,0,0,1
792usa voter,746,3,0,0,0,0,0,0,0,1,0,1,0,0,1,0
793usa voter,747,1,1,0,1,0,1,0,0,1,0,0,1,0,1,1
793usa voter,747,1,0,0,0,0,0,1,1,0,0,1,0,1,0,1
793usa voter,747,2,1,0,0,0,1,0,0,0,1,0,0,0,1,0
793usa voter,747,2,0,1,0,0,0,0,0,0,1,0,0,0,0,1
793usa voter,747,3,1,0,0,1,0,1,0,0,0,1,0,0,1,1
793usa voter,747,3,0,0,0,1,0,0,0,1,0,0,0,1,0,0
794usa voter,748,1,1,1,0,0,0,1,0,0,1,0,0,0,0,1
794usa voter,748,1,0,0,0,1,0,0,0,0,0,1,0,0,0,1
794usa voter,748,2,0,0,0,1,0,1,1,0,0,1,0,0,1,0
794usa voter,748,2,1,0,1,0,1,0,0,0,1,1,0,0,0,1
794usa voter,748,3,1,0,0,1,0,0,0,0,1,1,0,1,0,1
794usa voter,748,3,0,1,0,0,0,1,1,0,0,0,1,1,0,1
795usa voter,749,1,0,0,1,0,0,0,0,0,1,0,1,0,1,0
795usa voter,749,1,1,0,0,1,1,0,1,0,0,1,0,0,1,0
795usa voter,749,2,0,0,1,0,0,0,1,0,0,1,0,0,0,0
795usa voter,749,2,1,0,0,0,1,0,0,1,0,0,1,0,0,1
795usa voter,749,3,1,0,0,1,1,0,0,0,1,0,0,0,0,0
795usa voter,749,3,0,0,0,0,0,1,1,0,0,0,1,1,0,1
796usa voter,750,1,1,0,0,1,1,0,0,0,0,0,1,0,0,0
796usa voter,750,1,0,0,0,1,0,1,0,0,0,0,0,0,1,1
796usa voter,750,2,1,0,1,0,1,0,0,1,0,0,1,0,0,0
796usa voter,750,2,0,0,1,0,0,1,0,0,1,0,0,0,1,1
796usa voter,750,3,0,0,0,1,0,1,0,0,1,1,0,0,1,0
796usa voter,750,3,1,1,0,0,1,0,0,0,1,0,0,0,1,1
797usa voter,751,1,1,0,0,1,1,0,0,0,0,1,0,0,0,1
797usa voter,751,1,0,1,0,0,1,0,0,1,0,0,0,0,0,1
797usa voter,751,2,0,1,0,0,0,0,1,0,0,0,1,0,1,1
797usa voter,751,2,1,0,1,0,0,1,0,0,0,0,1,0,0,1
797usa voter,751,3,0,1,0,0,0,0,0,0,0,1,0,0,1,0
797usa voter,751,3,1,0,0,1,1,0,0,0,1,0,1,1,0,1
798usa voter,752,1,1,0,0,1,0,1,0,0,1,0,0,0,0,1
798usa voter,752,1,0,0,0,0,0,1,0,1,0,0,0,1,0,0
798usa voter,752,2,1,0,0,0,0,0,0,1,0,0,1,1,0,0
798usa voter,752,2,0,0,0,0,1,0,0,0,0,1,0,0,0,1
798usa voter,752,3,1,0,0,0,0,1,0,0,1,1,0,1,0,1
798usa voter,752,3,0,1,0,0,0,0,0,1,0,0,1,0,0,1
799usa voter,753,1,1,0,0,1,0,1,0,0,1,0,1,0,1,0
799usa voter,753,1,0,0,1,0,0,1,0,1,0,0,0,1,0,0
799usa voter,753,2,1,0,0,0,1,0,0,1,0,0,1,0,1,0
799usa voter,753,2,0,1,0,0,0,1,0,1,0,0,0,1,0,1
799usa voter,753,3,1,0,0,0,1,0,1,0,0,1,0,1,0,0
799usa voter,753,3,0,0,0,0,1,0,0,0,1,0,0,1,0,0
800usa voter,754,1,1,0,0,1,0,1,0,0,1,0,1,1,0,0
800usa voter,754,1,0,0,0,0,1,0,0,0,0,1,0,0,1,1
800usa voter,754,2,1,1,0,0,0,1,0,0,0,0,1,0,0,0
800usa voter,754,2,0,0,0,1,1,0,0,1,0,1,0,0,1,1
800usa voter,754,3,1,0,1,0,0,1,1,0,0,0,1,1,0,1
800usa voter,754,3,0,1,0,0,0,1,0,1,0,0,0,0,1,0
801usa voter,755,1,0,1,0,0,0,0,0,1,0,0,0,0,1,0
801usa voter,755,1,1,0,0,1,1,0,0,0,1,0,0,1,0,0
801usa voter,755,2,1,0,1,0,1,0,1,0,0,1,0,0,1,1
801usa voter,755,2,0,1,0,0,0,0,0,0,1,1,0,0,0,1
801usa voter,755,3,0,0,1,0,0,0,1,0,0,0,1,0,0,0
801usa voter,755,3,1,1,0,0,0,0,0,0,1,0,0,0,1,1
802usa voter,756,1,1,0,1,0,0,0,1,0,0,0,0,1,0,1
802usa voter,756,1,0,0,0,1,0,1,0,1,0,1,0,1,0,1
802usa voter,756,2,0,0,0,0,0,0,0,0,1,0,1,0,1,1
802usa voter,756,2,1,1,0,0,1,0,1,0,0,0,1,1,0,1
802usa voter,756,3,1,0,1,0,1,0,0,0,1,0,0,1,0,1
802usa voter,756,3,0,0,0,1,0,1,0,1,0,1,0,0,1,0
803usa voter,757,1,1,0,0,1,0,1,0,0,1,0,1,0,0,0
803usa voter,757,1,0,0,1,0,0,1,0,0,1,0,0,0,0,1
803usa voter,757,2,0,0,1,0,0,1,0,0,1,1,0,0,0,0
803usa voter,757,2,1,0,0,1,0,1,1,0,0,0,0,1,0,1
803usa voter,757,3,1,0,0,0,0,1,0,0,1,0,1,0,1,1
803usa voter,757,3,0,0,0,0,0,0,0,0,0,1,0,1,0,1
804usa voter,758,1,0,0,0,1,1,0,0,0,1,0,0,0,0,0
804usa voter,758,1,1,0,0,0,1,0,1,0,0,1,0,0,0,1
804usa voter,758,2,0,0,0,1,1,0,1,0,0,1,0,1,0,0
804usa voter,758,2,1,0,0,0,1,0,1,0,0,1,0,1,0,0
804usa voter,758,3,0,0,1,0,1,0,1,0,0,0,1,0,1,1
804usa voter,758,3,1,0,0,0,0,1,0,0,1,0,1,0,1,0
805usa voter,759,1,1,0,0,1,0,0,1,0,0,0,1,1,0,1
805usa voter,759,1,0,0,1,0,0,1,0,0,0,1,0,0,0,0
805usa voter,759,2,1,0,1,0,0,0,1,0,0,0,0,0,0,0
805usa voter,759,2,0,0,1,0,1,0,0,0,0,0,0,0,0,1
805usa voter,759,3,1,0,0,1,0,0,0,0,0,0,0,1,0,0
805usa voter,759,3,0,1,0,0,1,0,0,0,1,0,1,1,0,1
806usa voter,760,1,0,0,0,0,1,0,1,0,0,0,0,0,1,0
806usa voter,760,1,1,0,1,0,0,1,0,0,1,0,1,1,0,0
806usa voter,760,2,0,1,0,0,0,0,1,0,0,0,0,1,0,1
806usa voter,760,2,1,1,0,0,0,1,0,0,0,1,0,0,0,1
806usa voter,760,3,1,1,0,0,1,0,0,0,1,1,0,1,0,1
806usa voter,760,3,0,0,1,0,1,0,0,1,0,0,0,0,0,0
807usa voter,761,1,1,1,0,0,1,0,1,0,0,0,0,1,0,1
807usa voter,761,1,0,0,0,0,0,0,0,0,0,1,0,0,0,1
807usa voter,761,2,0,1,0,0,0,1,0,1,0,0,1,1,0,0
807usa voter,761,2,1,0,1,0,1,0,0,0,1,0,0,0,0,1
807usa voter,761,3,1,0,0,0,0,0,0,1,0,0,1,0,1,0
807usa voter,761,3,0,1,0,0,1,0,1,0,0,1,0,1,0,1
808usa voter,762,1,1,0,0,1,0,0,0,0,0,0,1,0,1,1
808usa voter,762,1,0,1,0,0,0,1,1,0,0,0,0,0,1,0
808usa voter,762,2,1,0,0,1,1,0,0,1,0,0,1,0,0,0
808usa voter,762,2,0,0,0,0,0,0,1,0,0,0,0,0,1,0
808usa voter,762,3,0,0,0,0,1,0,0,1,0,0,0,0,1,0
808usa voter,762,3,1,0,1,0,1,0,0,1,0,0,1,0,0,1
809usa voter,763,1,0,1,0,0,0,1,1,0,0,1,0,1,0,0
809usa voter,763,1,1,0,0,1,0,1,0,0,1,0,0,1,0,1
809usa voter,763,2,0,0,0,0,1,0,1,0,0,0,0,0,0,1
809usa voter,763,2,1,0,1,0,1,0,0,0,0,0,1,0,1,0
809usa voter,763,3,0,0,0,0,0,0,0,0,1,0,0,0,1,0
809usa voter,763,3,1,0,1,0,1,0,0,0,1,0,1,0,0,0
810usa voter,764,1,0,0,0,1,0,0,0,0,1,1,0,0,0,1
810usa voter,764,1,1,0,0,0,1,0,0,1,0,0,1,0,0,1
810usa voter,764,2,1,1,0,0,1,0,0,0,0,1,0,1,0,0
810usa voter,764,2,0,0,1,0,1,0,1,0,0,0,0,0,0,1
810usa voter,764,3,1,0,1,0,0,0,0,0,1,1,0,0,0,1
810usa voter,764,3,0,0,0,1,0,0,1,0,0,0,0,1,0,1
811usa voter,765,1,0,0,0,0,0,0,0,0,1,0,0,0,1,0
811usa voter,765,1,1,0,0,0,1,0,1,0,0,0,1,0,1,1
811usa voter,765,2,1,0,0,1,0,1,0,0,1,0,0,0,1,1
811usa voter,765,2,0,0,0,0,1,0,0,0,0,0,0,1,0,0
811usa voter,765,3,0,0,0,1,0,1,0,0,1,1,0,0,1,0
811usa voter,765,3,1,1,0,0,0,0,0,0,0,0,1,1,0,1
812usa voter,766,1,0,1,0,0,1,0,0,0,0,0,0,0,1,1
812usa voter,766,1,1,0,0,1,1,0,0,0,1,0,1,0,0,0
812usa voter,766,2,1,0,0,1,0,0,1,0,0,0,1,0,1,0
812usa voter,766,2,0,0,0,0,0,0,0,0,0,0,1,1,0,1
812usa voter,766,3,1,1,0,0,0,1,0,1,0,1,0,0,0,1
812usa voter,766,3,0,0,0,0,0,0,1,0,0,1,0,0,1,0
813usa voter,767,1,1,1,0,0,0,0,0,1,0,0,0,1,0,1
813usa voter,767,1,0,0,0,0,0,0,1,0,0,1,0,0,1,0
813usa voter,767,2,0,1,0,0,0,1,0,0,0,1,0,1,0,1
813usa voter,767,2,1,0,1,0,0,1,0,1,0,0,0,1,0,1
813usa voter,767,3,1,0,0,1,0,0,0,1,0,1,0,1,0,1
813usa voter,767,3,0,0,1,0,0,0,1,0,0,0,1,1,0,0
814usa voter,768,1,0,0,0,1,1,0,0,0,0,0,0,0,0,0
814usa voter,768,1,1,0,1,0,0,0,1,0,0,0,1,0,1,0
814usa voter,768,2,1,0,0,0,0,1,0,1,0,0,1,0,1,1
814usa voter,768,2,0,0,0,0,1,0,0,0,1,0,1,1,0,0
814usa voter,768,3,1,0,1,0,0,1,1,0,0,0,1,0,1,1
814usa voter,768,3,0,0,0,1,0,1,1,0,0,0,0,1,0,1
815usa voter,769,1,1,0,0,0,0,0,0,0,0,0,0,0,1,1
815usa voter,769,1,0,0,0,0,1,0,1,0,0,0,1,1,0,1
815usa voter,769,2,1,0,0,1,0,0,0,1,0,0,0,0,1,0
815usa voter,769,2,0,0,1,0,0,1,1,0,0,0,1,0,1,0
815usa voter,769,3,1,1,0,0,0,0,0,0,1,0,0,0,1,1
815usa voter,769,3,0,1,0,0,0,1,0,0,0,0,1,1,0,0
816usa voter,770,1,0,0,1,0,0,1,0,0,1,1,0,0,1,1
816usa voter,770,1,1,0,0,1,1,0,0,1,0,0,1,0,1,0
816usa voter,770,2,1,1,0,0,0,0,0,0,1,0,0,0,0,0
816usa voter,770,2,0,0,0,0,0,0,1,0,0,1,0,1,0,1
816usa voter,770,3,0,0,1,0,1,0,1,0,0,0,0,0,0,1
816usa voter,770,3,1,0,0,0,1,0,0,0,0,0,0,0,1,1
817usa voter,771,1,0,0,0,1,0,1,0,0,0,0,0,0,0,1
817usa voter,771,1,1,0,1,0,0,1,0,1,0,0,0,0,1,1
817usa voter,771,2,0,1,0,0,0,0,0,0,0,1,0,0,1,1
817usa voter,771,2,1,0,0,0,1,0,0,0,1,0,0,0,0,0
817usa voter,771,3,0,0,1,0,0,0,1,0,0,0,0,1,0,0
817usa voter,771,3,1,1,0,0,1,0,0,0,0,1,0,0,0,1
818usa voter,772,1,0,0,0,0,1,0,0,1,0,0,1,0,1,0
818usa voter,772,1,1,1,0,0,1,0,0,0,1,0,1,1,0,1
818usa voter,772,2,1,0,0,1,0,1,0,0,0,1,0,1,0,1
818usa voter,772,2,0,0,1,0,1,0,0,0,0,0,1,0,0,1
818usa voter,772,3,0,1,0,0,0,0,0,1,0,0,1,1,0,1
818usa voter,772,3,1,0,0,1,0,0,0,0,1,1,0,0,0,1
819usa voter,773,1,1,0,1,0,0,1,1,0,0,0,0,1,0,0
819usa voter,773,1,0,0,0,0,1,0,0,0,0,0,0,1,0,0
819usa voter,773,2,1,0,1,0,0,1,1,0,0,0,1,0,1,0
819usa voter,773,2,0,0,1,0,0,0,1,0,0,0,0,0,0,1
819usa voter,773,3,1,1,0,0,1,0,0,1,0,0,1,0,0,0
819usa voter,773,3,0,0,0,0,0,1,0,1,0,1,0,0,0,0
820usa voter,774,1,1,0,0,1,0,0,0,0,1,0,1,1,0,0
820usa voter,774,1,0,0,1,0,0,0,0,1,0,0,0,0,1,0
820usa voter,774,2,0,1,0,0,0,0,0,0,1,1,0,1,0,1
820usa voter,774,2,1,0,1,0,1,0,1,0,0,0,0,0,0,0
820usa voter,774,3,0,0,0,1,0,1,0,1,0,0,0,0,0,0
820usa voter,774,3,1,0,0,0,1,0,0,0,0,0,0,0,0,0
822usa voter,775,1,1,0,0,1,1,0,0,0,1,0,1,0,0,1
822usa voter,775,1,0,0,1,0,0,0,0,0,0,0,0,1,0,1
822usa voter,775,2,1,0,0,1,1,0,0,0,0,1,0,1,0,0
822usa voter,775,2,0,1,0,0,0,0,0,1,0,0,1,0,1,1
822usa voter,775,3,0,0,1,0,0,1,0,1,0,0,1,0,1,1
822usa voter,775,3,1,1,0,0,1,0,0,0,0,1,0,1,0,1
823usa voter,776,1,0,1,0,0,0,1,0,0,0,0,0,1,0,1
823usa voter,776,1,1,0,0,0,1,0,0,1,0,0,0,1,0,1
823usa voter,776,2,0,1,0,0,0,0,0,0,1,1,0,0,0,0
823usa voter,776,2,1,0,1,0,0,0,0,0,0,1,0,0,0,0
823usa voter,776,3,1,0,0,1,0,1,0,0,1,1,0,0,0,1
823usa voter,776,3,0,1,0,0,1,0,0,0,0,0,1,0,0,0
825usa voter,777,1,0,0,0,0,0,1,0,0,1,0,1,0,0,0
825usa voter,777,1,1,1,0,0,1,0,0,0,1,1,0,1,0,0
825usa voter,777,2,0,0,0,1,0,1,0,0,0,0,0,1,0,0
825usa voter,777,2,1,0,0,0,0,0,0,0,1,0,1,0,0,1
825usa voter,777,3,1,0,1,0,0,1,0,0,0,1,0,1,0,1
825usa voter,777,3,0,0,1,0,0,1,0,0,0,1,0,0,0,0
826usa voter,778,1,0,0,0,0,0,0,1,0,0,0,0,1,0,0
826usa voter,778,1,1,0,0,1,0,1,0,0,1,0,1,1,0,1
826usa voter,778,2,1,0,0,1,0,0,0,1,0,0,0,0,0,0
826usa voter,778,2,0,0,1,0,0,1,0,0,1,0,0,0,1,0
826usa voter,778,3,0,0,0,0,1,0,0,0,0,0,0,0,1,0
826usa voter,778,3,1,0,1,0,0,1,0,1,0,0,1,0,0,1
827usa voter,779,1,1,1,0,0,0,0,0,0,0,0,0,0,0,1
827usa voter,779,1,0,0,1,0,0,0,1,0,0,0,1,0,1,1
827usa voter,779,2,0,0,0,1,0,1,0,1,0,0,1,0,0,0
827usa voter,779,2,1,0,0,1,0,1,0,0,1,0,1,0,0,0
827usa voter,779,3,0,0,1,0,0,0,1,0,0,1,0,1,0,0
827usa voter,779,3,1,0,0,0,0,0,0,0,1,0,1,0,0,1
828usa voter,780,1,0,0,0,1,0,1,0,0,1,1,0,1,0,0
828usa voter,780,1,1,0,0,0,0,0,0,0,1,1,0,1,0,1
828usa voter,780,2,0,0,0,0,1,0,0,0,0,1,0,0,0,1
828usa voter,780,2,1,0,0,1,0,1,0,0,0,0,1,1,0,0
828usa voter,780,3,1,1,0,0,0,0,0,0,0,0,0,1,0,1
828usa voter,780,3,0,0,0,1,0,0,0,0,1,0,0,0,1,1
829usa voter,781,1,1,1,0,0,0,1,0,1,0,0,1,0,1,0
829usa voter,781,1,0,0,1,0,1,0,1,0,0,0,0,0,1,1
829usa voter,781,2,0,1,0,0,0,1,0,1,0,1,0,0,0,0
829usa voter,781,2,1,0,0,0,1,0,0,1,0,0,1,0,1,0
829usa voter,781,3,1,0,0,1,0,1,0,0,1,1,0,0,1,0
829usa voter,781,3,0,0,0,1,0,1,1,0,0,0,1,0,1,0
830usa voter,782,1,0,1,0,0,0,0,0,1,0,0,1,1,0,1
830usa voter,782,1,1,1,0,0,1,0,0,0,1,1,0,0,0,0
830usa voter,782,2,1,0,1,0,1,0,0,1,0,0,1,0,0,1
830usa voter,782,2,0,1,0,0,0,1,0,1,0,1,0,0,0,0
830usa voter,782,3,1,1,0,0,0,1,1,0,0,0,1,0,0,1
830usa voter,782,3,0,1,0,0,0,0,0,0,0,1,0,0,0,1
831usa voter,783,1,1,0,1,0,1,0,0,1,0,0,1,1,0,1
831usa voter,783,1,0,0,0,1,1,0,0,0,0,0,0,1,0,0
831usa voter,783,2,1,0,1,0,1,0,0,1,0,0,1,0,0,0
831usa voter,783,2,0,1,0,0,0,0,0,0,0,0,1,0,0,0
831usa voter,783,3,0,0,0,1,0,0,0,1,0,0,1,1,0,0
831usa voter,783,3,1,1,0,0,0,1,0,1,0,1,0,1,0,1
832usa voter,784,1,0,0,1,0,0,1,0,0,0,0,1,0,1,0
832usa voter,784,1,1,1,0,0,0,0,0,1,0,1,0,0,1,0
832usa voter,784,2,0,0,1,0,0,1,0,0,1,0,1,0,0,1
832usa voter,784,2,1,0,0,0,0,0,0,1,0,0,1,0,0,0
832usa voter,784,3,1,1,0,0,1,0,0,1,0,0,1,1,0,0
832usa voter,784,3,0,0,1,0,1,0,0,1,0,0,0,1,0,1
833usa voter,785,1,1,0,1,0,0,1,0,1,0,1,0,0,1,0
833usa voter,785,1,0,0,1,0,0,0,0,0,1,0,0,0,1,1
833usa voter,785,2,0,0,0,0,1,0,0,0,0,1,0,0,1,1
833usa voter,785,2,1,0,0,0,0,0,0,1,0,1,0,0,0,1
833usa voter,785,3,1,0,0,1,1,0,1,0,0,1,0,0,1,1
833usa voter,785,3,0,1,0,0,1,0,1,0,0,1,0,0,1,0
834usa voter,786,1,1,1,0,0,0,1,0,0,1,1,0,0,0,0
834usa voter,786,1,0,1,0,0,0,0,0,0,0,0,0,1,0,0
834usa voter,786,2,0,0,0,1,1,0,1,0,0,0,0,0,0,1
834usa voter,786,2,1,0,0,1,0,0,0,1,0,0,0,0,1,1
834usa voter,786,3,0,0,0,0,0,0,1,0,0,1,0,0,0,0
834usa voter,786,3,1,1,0,0,1,0,0,1,0,0,1,0,0,1
835usa voter,787,1,0,0,1,0,0,0,1,0,0,1,0,1,0,1
835usa voter,787,1,1,0,1,0,0,0,0,0,1,1,0,1,0,1
835usa voter,787,2,1,0,0,1,0,1,0,0,0,0,0,0,1,1
835usa voter,787,2,0,0,0,0,0,0,1,0,0,1,0,0,1,0
835usa voter,787,3,1,0,1,0,0,1,0,0,0,1,0,0,1,0
835usa voter,787,3,0,0,0,1,0,1,1,0,0,0,1,1,0,1
836usa voter,788,1,0,0,0,0,0,1,0,0,1,1,0,0,1,1
836usa voter,788,1,1,0,1,0,1,0,0,0,0,0,1,1,0,0
836usa voter,788,2,0,1,0,0,1,0,0,0,0,0,0,0,1,0
836usa voter,788,2,1,0,0,0,0,1,1,0,0,1,0,0,0,1
836usa voter,788,3,0,1,0,0,1,0,0,1,0,0,0,0,0,1
836usa voter,788,3,1,0,0,1,0,1,0,0,1,0,0,0,1,1
838usa voter,789,1,1,1,0,0,1,0,1,0,0,1,0,0,0,1
838usa voter,789,1,0,1,0,0,0,0,0,1,0,0,0,1,0,1
838usa voter,789,2,1,0,0,1,1,0,0,1,0,0,1,0,1,1
838usa voter,789,2,0,1,0,0,0,0,0,0,1,0,0,0,1,1
838usa voter,789,3,0,0,1,0,1,0,0,0,1,1,0,0,0,1
838usa voter,789,3,1,1,0,0,0,0,0,0,1,1,0,1,0,1
839usa voter,790,1,0,0,1,0,1,0,0,1,0,0,1,0,1,1
839usa voter,790,1,1,0,0,0,0,0,1,0,0,0,1,0,1,1
839usa voter,790,2,0,0,1,0,1,0,0,1,0,0,0,0,1,1
839usa voter,790,2,1,1,0,0,0,1,0,0,1,1,0,0,0,1
839usa voter,790,3,0,0,0,0,1,0,1,0,0,1,0,0,1,0
839usa voter,790,3,1,0,0,1,0,0,1,0,0,0,0,0,1,0
840usa voter,791,1,0,0,0,0,0,0,0,0,1,1,0,0,0,1
840usa voter,791,1,1,0,1,0,1,0,0,1,0,1,0,0,1,0
840usa voter,791,2,0,1,0,0,0,1,0,1,0,0,1,1,0,0
840usa voter,791,2,1,0,1,0,0,1,0,1,0,1,0,1,0,0
840usa voter,791,3,0,0,1,0,1,0,0,1,0,0,0,0,0,1
840usa voter,791,3,1,0,0,0,0,1,0,0,1,0,0,0,0,1
841usa voter,792,1,1,1,0,0,0,0,0,0,1,0,1,0,1,0
841usa voter,792,1,0,0,1,0,1,0,0,1,0,0,0,0,1,1
841usa voter,792,2,1,0,0,1,0,0,0,0,1,1,0,1,0,1
841usa voter,792,2,0,0,0,0,0,1,0,0,0,0,1,0,1,0
841usa voter,792,3,0,1,0,0,0,1,1,0,0,0,1,1,0,1
841usa voter,792,3,1,0,0,1,1,0,0,1,0,1,0,1,0,1
842usa voter,793,1,0,0,1,0,1,0,0,0,0,0,0,0,0,1
842usa voter,793,1,1,0,1,0,1,0,0,1,0,0,0,0,1,0
842usa voter,793,2,0,0,0,0,0,1,1,0,0,1,0,0,0,1
842usa voter,793,2,1,0,0,0,0,1,1,0,0,0,1,0,1,1
842usa voter,793,3,0,0,0,0,0,0,1,0,0,0,1,0,1,1
842usa voter,793,3,1,1,0,0,0,1,1,0,0,0,0,0,0,0
843usa voter,794,1,1,0,1,0,1,0,0,1,0,1,0,1,0,1
843usa voter,794,1,0,0,0,0,0,0,1,0,0,0,0,1,0,1
843usa voter,794,2,1,0,0,1,0,1,0,1,0,1,0,0,1,1
843usa voter,794,2,0,0,0,1,0,1,0,0,0,1,0,0,0,1
843usa voter,794,3,1,0,0,0,0,1,1,0,0,0,1,0,1,0
843usa voter,794,3,0,0,1,0,0,1,0,0,1,0,1,0,0,0
844usa voter,795,1,0,0,1,0,0,1,1,0,0,0,1,1,0,1
844usa voter,795,1,1,0,1,0,1,0,1,0,0,1,0,0,1,1
844usa voter,795,2,0,0,0,0,0,0,1,0,0,1,0,1,0,0
844usa voter,795,2,1,1,0,0,0,1,1,0,0,1,0,1,0,1
844usa voter,795,3,1,0,0,1,0,0,1,0,0,1,0,1,0,0
844usa voter,795,3,0,1,0,0,0,0,0,1,0,0,0,0,0,0
845usa voter,796,1,0,0,1,0,0,0,0,0,1,0,1,1,0,1
845usa voter,796,1,1,0,0,1,1,0,1,0,0,0,0,0,1,0
845usa voter,796,2,1,1,0,0,0,0,0,1,0,0,0,0,1,0
845usa voter,796,2,0,0,0,0,1,0,0,0,0,0,1,1,0,0
845usa voter,796,3,0,0,0,0,0,0,0,0,0,1,0,0,0,0
845usa voter,796,3,1,1,0,0,1,0,0,0,1,1,0,1,0,1
846usa voter,797,1,0,0,1,0,1,0,0,0,1,0,0,0,1,1
846usa voter,797,1,1,0,0,1,0,1,0,1,0,0,0,1,0,1
846usa voter,797,2,0,0,0,0,0,0,0,0,0,0,1,1,0,1
846usa voter,797,2,1,0,0,0,1,0,0,0,1,1,0,0,1,1
846usa voter,797,3,1,1,0,0,0,1,1,0,0,0,0,0,1,1
846usa voter,797,3,0,1,0,0,0,0,1,0,0,1,0,0,1,0
847usa voter,798,1,0,0,0,1,0,1,0,0,0,0,1,0,0,1
847usa voter,798,1,1,0,0,1,0,1,1,0,0,0,1,0,0,0
847usa voter,798,2,0,0,0,0,1,0,0,0,0,0,0,0,1,0
847usa voter,798,2,1,1,0,0,0,0,1,0,0,1,0,0,1,1
847usa voter,798,3,0,0,1,0,0,1,0,0,1,1,0,0,0,1
847usa voter,798,3,1,0,0,0,0,0,1,0,0,1,0,0,0,1
848usa voter,799,1,0,0,0,0,0,0,0,0,0,0,0,0,0,0
848usa voter,799,1,1,0,0,1,0,0,0,0,0,1,0,1,0,0
848usa voter,799,2,0,1,0,0,0,1,1,0,0,1,0,0,1,1
848usa voter,799,2,1,0,0,0,1,0,0,0,0,1,0,1,0,1
848usa voter,799,3,1,0,1,0,0,0,0,1,0,1,0,0,0,0
848usa voter,799,3,0,0,0,1,0,0,1,0,0,1,0,0,0,1
849usa voter,800,1,0,0,0,1,0,0,1,0,0,0,1,0,0,0
849usa voter,800,1,1,0,1,0,0,1,0,1,0,0,0,0,0,1
849usa voter,800,2,1,1,0,0,0,1,0,0,0,1,0,1,0,1
849usa voter,800,2,0,0,1,0,1,0,0,0,0,0,1,0,1,1
849usa voter,800,3,0,0,1,0,1,0,1,0,0,0,1,0,0,0
849usa voter,800,3,1,0,0,1,0,1,0,1,0,0,0,0,0,1
850usa voter,801,1,0,0,0,1,1,0,0,0,0,1,0,1,0,1
850usa voter,801,1,1,0,0,1,1,0,0,1,0,0,1,0,0,0
850usa voter,801,2,0,0,0,1,0,1,0,0,1,0,0,0,1,0
850usa voter,801,2,1,0,0,1,0,1,0,0,1,0,1,0,0,0
850usa voter,801,3,1,0,0,1,0,0,0,0,0,0,1,1,0,0
850usa voter,801,3,0,1,0,0,0,1,0,0,1,0,0,0,1,1
851usa voter,802,1,1,0,0,0,0,0,0,0,0,1,0,1,0,1
851usa voter,802,1,0,0,0,0,1,0,0,0,1,0,0,0,0,0
851usa voter,802,2,1,1,0,0,0,0,0,1,0,0,1,1,0,1
851usa voter,802,2,0,0,0,0,0,1,1,0,0,0,0,0,0,0
851usa voter,802,3,1,1,0,0,0,0,1,0,0,0,1,0,1,1
851usa voter,802,3,0,1,0,0,0,0,0,0,1,0,1,0,1,1
852usa voter,803,1,1,0,0,0,0,1,0,1,0,1,0,1,0,0
852usa voter,803,1,0,0,0,0,1,0,0,0,1,0,1,0,1,1
852usa voter,803,2,0,0,1,0,1,0,1,0,0,0,1,0,0,1
852usa voter,803,2,1,0,1,0,0,0,0,1,0,0,0,0,0,1
852usa voter,803,3,0,1,0,0,0,1,1,0,0,0,0,1,0,0
852usa voter,803,3,1,0,0,1,0,1,0,0,1,0,0,0,1,1
853usa voter,804,1,0,0,1,0,0,1,1,0,0,0,1,0,0,1
853usa voter,804,1,1,0,0,1,0,1,0,0,0,0,0,0,1,1
853usa voter,804,2,1,1,0,0,0,0,0,1,0,0,1,0,0,1
853usa voter,804,2,0,0,0,0,0,1,0,1,0,0,0,1,0,1
853usa voter,804,3,0,0,1,0,0,0,0,1,0,0,1,0,1,0
853usa voter,804,3,1,0,0,0,0,1,1,0,0,0,1,1,0,0
854usa voter,805,1,1,0,0,1,1,0,0,1,0,0,0,0,1,1
854usa voter,805,1,0,0,0,0,0,0,1,0,0,0,0,0,1,0
854usa voter,805,2,0,0,0,1,0,0,0,0,0,1,0,1,0,1
854usa voter,805,2,1,0,0,0,1,0,0,0,0,0,1,0,0,1
854usa voter,805,3,0,1,0,0,0,1,1,0,0,0,0,0,1,1
854usa voter,805,3,1,1,0,0,0,0,0,0,1,0,1,0,0,0
855usa voter,806,1,1,0,0,1,0,1,0,0,1,0,1,0,1,1
855usa voter,806,1,0,1,0,0,0,0,0,1,0,0,1,0,1,0
855usa voter,806,2,0,1,0,0,0,1,0,0,0,0,0,0,1,1
855usa voter,806,2,1,0,0,0,1,0,0,0,0,1,0,0,1,0
855usa voter,806,3,1,0,0,1,0,1,1,0,0,1,0,0,1,0
855usa voter,806,3,0,0,1,0,1,0,0,1,0,1,0,0,0,1
856usa voter,807,1,0,0,1,0,1,0,0,1,0,0,0,0,1,0
856usa voter,807,1,1,0,0,0,1,0,0,0,0,1,0,0,0,0
856usa voter,807,2,1,1,0,0,1,0,0,0,0,0,0,0,0,0
856usa voter,807,2,0,0,0,0,1,0,0,1,0,0,1,0,1,0
856usa voter,807,3,1,0,1,0,0,1,0,1,0,0,0,1,0,0
856usa voter,807,3,0,0,1,0,1,0,0,0,1,1,0,0,0,1
857usa voter,808,1,0,0,0,0,0,1,0,1,0,0,0,0,1,0
857usa voter,808,1,1,0,0,0,0,1,0,0,1,0,0,0,1,0
857usa voter,808,2,0,1,0,0,0,1,0,1,0,0,1,0,0,1
857usa voter,808,2,1,1,0,0,1,0,0,0,0,0,0,1,0,1
857usa voter,808,3,1,0,1,0,1,0,0,0,0,1,0,0,1,0
857usa voter,808,3,0,0,1,0,1,0,0,1,0,0,1,0,0,1
858usa voter,809,1,0,0,0,0,1,0,1,0,0,0,0,0,0,1
858usa voter,809,1,1,0,0,1,0,1,0,0,1,1,0,0,0,1
858usa voter,809,2,0,0,0,0,0,0,1,0,0,0,1,0,0,0
858usa voter,809,2,1,0,0,1,0,0,1,0,0,0,1,0,1,0
858usa voter,809,3,1,0,0,0,1,0,0,0,1,0,0,0,1,0
858usa voter,809,3,0,1,0,0,0,0,1,0,0,0,0,1,0,1
859usa voter,810,1,1,0,1,0,0,0,0,1,0,1,0,1,0,1
859usa voter,810,1,0,0,0,0,0,0,0,1,0,0,1,0,0,0
859usa voter,810,2,1,1,0,0,1,0,0,0,0,0,0,0,1,1
859usa voter,810,2,0,0,0,0,0,0,1,0,0,0,1,0,1,1
859usa voter,810,3,1,1,0,0,1,0,1,0,0,1,0,0,0,1
859usa voter,810,3,0,0,0,0,0,1,1,0,0,0,0,0,0,0
860usa voter,811,1,1,0,0,0,1,0,0,0,0,1,0,1,0,1
860usa voter,811,1,0,0,1,0,0,0,1,0,0,0,1,0,1,0
860usa voter,811,2,1,1,0,0,0,1,0,1,0,1,0,1,0,0
860usa voter,811,2,0,1,0,0,0,0,1,0,0,0,1,1,0,1
860usa voter,811,3,0,0,0,0,0,0,0,1,0,0,1,0,0,0
860usa voter,811,3,1,0,0,0,0,1,0,0,0,0,0,0,0,0
861usa voter,812,1,1,0,0,1,0,0,0,0,0,0,0,1,0,1
861usa voter,812,1,0,0,1,0,0,0,1,0,0,1,0,0,0,1
861usa voter,812,2,0,0,0,0,1,0,1,0,0,1,0,1,0,0
861usa voter,812,2,1,0,1,0,0,1,1,0,0,1,0,1,0,0
861usa voter,812,3,1,0,1,0,1,0,0,0,0,0,0,0,0,1
861usa voter,812,3,0,1,0,0,0,1,0,1,0,0,1,0,1,1
862usa voter,813,1,0,0,1,0,0,1,0,0,1,0,0,0,1,0
862usa voter,813,1,1,0,1,0,0,0,0,0,1,1,0,0,0,0
862usa voter,813,3,1,0,0,1,0,0,0,0,0,1,0,0,0,0
862usa voter,813,3,0,0,0,1,0,1,0,0,0,1,0,0,1,1
863usa voter,814,1,0,1,0,0,0,0,1,0,0,0,1,0,0,0
863usa voter,814,1,1,0,1,0,0,0,1,0,0,0,1,0,1,1
863usa voter,814,2,0,1,0,0,0,0,0,0,0,0,1,0,0,0
863usa voter,814,2,1,0,0,0,0,1,0,0,1,0,1,1,0,1
863usa voter,814,3,0,0,0,0,0,0,1,0,0,1,0,0,1,1
863usa voter,814,3,1,0,1,0,0,0,0,1,0,1,0,1,0,1
866usa voter,815,1,1,0,1,0,0,0,0,0,1,1,0,1,0,1
866usa voter,815,1,0,0,0,0,0,0,0,0,1,1,0,0,0,1
866usa voter,815,2,1,0,0,0,0,0,0,1,0,0,1,1,0,0
866usa voter,815,2,0,0,1,0,0,1,0,0,0,0,1,0,0,0
866usa voter,815,3,1,0,0,1,0,0,0,0,1,0,0,1,0,1
866usa voter,815,3,0,1,0,0,0,0,0,0,1,1,0,0,1,1
867usa voter,816,1,1,0,1,0,0,0,1,0,0,0,1,1,0,0
867usa voter,816,1,0,0,0,0,0,0,0,1,0,0,1,0,0,0
867usa voter,816,2,1,1,0,0,0,1,1,0,0,0,0,0,1,0
867usa voter,816,2,0,0,1,0,0,1,1,0,0,0,1,0,0,0
867usa voter,816,3,0,0,1,0,0,1,0,1,0,1,0,0,0,0
867usa voter,816,3,1,0,1,0,0,1,0,1,0,0,0,0,1,1
868usa voter,817,1,0,0,0,1,0,0,0,1,0,0,1,0,1,1
868usa voter,817,1,1,1,0,0,1,0,0,1,0,1,0,1,0,1
868usa voter,817,2,0,1,0,0,0,0,0,1,0,1,0,0,1,0
868usa voter,817,2,1,0,0,0,0,1,1,0,0,0,1,0,0,0
868usa voter,817,3,0,0,0,1,1,0,0,0,0,1,0,0,0,0
868usa voter,817,3,1,0,1,0,0,1,0,0,0,1,0,1,0,1
869usa voter,818,1,1,1,0,0,1,0,0,0,1,1,0,0,1,0
869usa voter,818,1,0,0,0,0,1,0,0,1,0,0,0,0,1,0
869usa voter,818,2,1,1,0,0,0,1,0,0,1,1,0,0,0,1
869usa voter,818,2,0,0,0,0,1,0,0,0,1,1,0,1,0,0
869usa voter,818,3,1,0,1,0,1,0,0,0,0,0,0,0,1,0
869usa voter,818,3,0,1,0,0,0,0,0,1,0,1,0,1,0,0
870usa voter,819,1,0,0,0,1,0,0,0,1,0,0,1,0,1,0
870usa voter,819,1,1,0,1,0,0,1,0,0,0,0,0,0,0,0
870usa voter,819,2,0,0,0,1,0,1,0,0,0,0,0,0,1,1
870usa voter,819,2,1,0,1,0,0,1,1,0,0,1,0,1,0,0
870usa voter,819,3,0,0,0,0,1,0,0,0,0,0,0,1,0,0
870usa voter,819,3,1,0,1,0,0,1,0,1,0,0,0,0,1,1
871usa voter,820,1,1,0,1,0,1,0,0,1,0,0,1,0,1,1
871usa voter,820,1,0,0,0,0,1,0,0,1,0,0,0,0,0,1
871usa voter,820,2,0,1,0,0,0,0,0,1,0,0,1,0,0,1
871usa voter,820,2,1,1,0,0,0,1,0,0,0,1,0,0,0,0
872usa voter,821,1,0,0,1,0,0,0,1,0,0,1,0,1,0,1
872usa voter,821,1,1,1,0,0,1,0,0,0,1,0,1,0,0,0
872usa voter,821,2,1,0,0,1,0,1,0,0,0,1,0,1,0,0
872usa voter,821,2,0,0,0,0,0,0,0,0,1,1,0,1,0,0
872usa voter,821,3,0,0,1,0,0,1,0,0,0,1,0,1,0,0
872usa voter,821,3,1,0,0,1,1,0,0,0,1,0,1,0,1,0
873usa voter,822,1,1,1,0,0,1,0,0,0,1,0,0,1,0,1
873usa voter,822,1,0,1,0,0,0,1,1,0,0,0,0,1,0,0
873usa voter,822,2,0,0,0,0,0,0,0,0,1,0,0,1,0,0
873usa voter,822,2,1,0,0,1,0,1,0,0,1,0,1,0,1,0
873usa voter,822,3,0,0,1,0,1,0,1,0,0,0,0,0,0,0
873usa voter,822,3,1,1,0,0,0,0,0,0,1,1,0,1,0,1
874usa voter,823,1,0,0,0,1,0,0,0,0,1,0,1,0,0,1
874usa voter,823,1,1,0,0,1,1,0,0,0,0,0,0,0,1,1
874usa voter,823,2,1,0,0,1,1,0,0,1,0,1,0,0,0,0
874usa voter,823,2,0,0,1,0,0,0,0,1,0,1,0,0,0,1
874usa voter,823,3,0,0,1,0,0,1,0,0,1,0,1,1,0,1
874usa voter,823,3,1,0,1,0,0,0,0,1,0,0,1,0,1,1
875usa voter,824,1,1,0,1,0,0,0,0,1,0,1,0,0,1,1
875usa voter,824,1,0,0,1,0,1,0,0,0,0,1,0,0,1,0
875usa voter,824,2,1,1,0,0,0,1,0,0,1,0,1,1,0,0
875usa voter,824,2,0,0,0,0,0,0,0,1,0,1,0,1,0,1
875usa voter,824,3,0,1,0,0,1,0,0,0,0,0,1,1,0,0
875usa voter,824,3,1,1,0,0,1,0,0,0,1,0,0,0,1,1
876usa voter,825,1,0,0,0,0,0,0,1,0,0,0,0,1,0,1
876usa voter,825,1,1,0,1,0,0,1,0,1,0,1,0,0,0,0
876usa voter,825,2,1,0,0,1,1,0,0,1,0,0,0,0,1,0
876usa voter,825,2,0,0,0,1,1,0,0,0,0,0,0,0,1,0
876usa voter,825,3,0,0,1,0,0,1,0,0,0,0,0,0,0,0
876usa voter,825,3,1,0,0,1,1,0,0,0,1,0,1,0,1,0
877usa voter,826,1,0,0,0,1,0,1,0,0,1,1,0,1,0,0
877usa voter,826,1,1,0,0,1,0,1,0,1,0,1,0,0,1,1
877usa voter,826,2,1,0,1,0,0,0,0,0,1,0,1,1,0,0
877usa voter,826,2,0,0,0,0,1,0,0,1,0,0,1,0,1,1
877usa voter,826,3,1,1,0,0,0,1,0,0,0,1,0,1,0,0
877usa voter,826,3,0,0,0,0,1,0,0,0,0,1,0,0,1,0
878usa voter,827,1,1,0,1,0,1,0,0,0,1,0,1,0,0,0
878usa voter,827,1,0,0,0,1,0,0,0,0,1,0,0,0,0,1
878usa voter,827,2,0,0,0,0,1,0,0,0,0,0,0,1,0,1
878usa voter,827,2,1,0,0,0,0,0,0,1,0,1,0,1,0,1
878usa voter,827,3,1,0,0,0,0,0,0,0,1,0,0,1,0,0
878usa voter,827,3,0,0,0,1,0,0,0,1,0,0,0,0,1,1
879usa voter,828,1,1,0,0,0,0,1,0,0,1,1,0,0,0,1
879usa voter,828,1,0,1,0,0,1,0,0,0,0,0,0,0,1,0
879usa voter,828,2,0,0,0,0,1,0,0,0,0,0,0,0,1,1
879usa voter,828,2,1,0,1,0,0,1,0,1,0,0,1,0,1,0
879usa voter,828,3,1,0,1,0,0,1,0,1,0,0,0,0,0,0
879usa voter,828,3,0,0,0,0,0,1,0,1,0,1,0,0,1,1
880usa voter,829,1,1,1,0,0,0,1,0,0,0,0,0,0,1,1
880usa voter,829,1,0,0,0,0,0,1,1,0,0,0,0,1,0,1
880usa voter,829,2,1,0,0,1,0,1,0,0,1,0,1,0,0,1
880usa voter,829,2,0,1,0,0,0,1,1,0,0,1,0,0,0,1
880usa voter,829,3,1,0,0,1,1,0,0,0,0,1,0,0,1,1
880usa voter,829,3,0,0,0,0,0,1,0,0,1,0,0,0,0,1
881usa voter,830,1,1,0,1,0,0,0,0,0,0,1,0,0,1,0
881usa voter,830,1,0,0,1,0,1,0,0,1,0,1,0,1,0,0
881usa voter,830,2,1,0,0,0,0,1,0,0,1,1,0,0,1,1
881usa voter,830,2,0,0,0,0,1,0,0,1,0,0,1,1,0,1
881usa voter,830,3,0,1,0,0,1,0,0,0,1,0,1,0,1,0
881usa voter,830,3,1,0,0,1,0,0,0,0,0,1,0,0,1,1
882usa voter,831,1,1,1,0,0,1,0,0,0,1,1,0,0,1,1
882usa voter,831,1,0,0,0,0,0,1,0,0,0,0,1,0,0,1
882usa voter,831,2,1,0,0,1,1,0,1,0,0,0,1,0,1,1
882usa voter,831,2,0,0,0,1,1,0,0,0,0,1,0,0,0,1
882usa voter,831,3,0,0,0,0,0,1,0,0,1,1,0,1,0,0
882usa voter,831,3,1,1,0,0,0,0,0,1,0,0,0,0,0,1
884usa voter,832,1,1,0,0,1,1,0,1,0,0,0,0,1,0,0
884usa voter,832,1,0,0,0,0,0,0,0,1,0,0,1,0,1,0
884usa voter,832,2,0,0,1,0,0,1,0,0,0,0,0,1,0,0
884usa voter,832,2,1,1,0,0,1,0,0,1,0,0,0,0,1,0
884usa voter,832,3,1,0,0,1,0,1,0,1,0,1,0,0,1,0
884usa voter,832,3,0,1,0,0,0,0,0,0,1,1,0,0,0,1
885usa voter,833,1,0,0,0,1,0,0,0,1,0,0,1,0,0,1
885usa voter,833,1,1,0,1,0,0,1,1,0,0,0,0,0,1,0
885usa voter,833,2,1,0,1,0,0,0,0,0,0,1,0,0,0,1
885usa voter,833,2,0,0,0,0,0,1,0,1,0,1,0,0,1,1
885usa voter,833,3,0,0,0,1,0,0,1,0,0,1,0,1,0,0
885usa voter,833,3,1,1,0,0,1,0,1,0,0,0,1,1,0,0
886usa voter,834,1,0,0,1,0,1,0,0,1,0,0,0,0,1,1
886usa voter,834,1,1,0,1,0,1,0,0,0,1,0,0,0,0,0
886usa voter,834,2,0,0,1,0,0,1,1,0,0,0,0,0,0,0
886usa voter,834,2,1,0,0,1,1,0,0,1,0,1,0,1,0,1
886usa voter,834,3,0,0,0,0,0,0,0,0,0,1,0,1,0,1
886usa voter,834,3,1,1,0,0,0,0,0,0,0,1,0,0,0,0
887usa voter,835,1,1,0,1,0,1,0,0,0,0,0,0,0,0,0
887usa voter,835,1,0,0,0,0,0,0,0,0,1,1,0,0,1,0
887usa voter,835,3,1,1,0,0,1,0,0,0,1,0,0,0,0,1
887usa voter,835,3,0,1,0,0,0,0,0,0,0,0,0,0,0,0
888usa voter,836,1,1,0,1,0,1,0,0,0,0,0,1,0,1,0
888usa voter,836,1,0,0,1,0,0,1,0,1,0,1,0,0,1,0
888usa voter,836,2,0,0,1,0,0,1,0,1,0,1,0,1,0,0
888usa voter,836,2,1,0,0,0,0,1,0,0,0,1,0,0,0,1
888usa voter,836,3,0,0,0,0,0,0,0,0,0,0,1,1,0,0
888usa voter,836,3,1,0,0,0,0,0,0,1,0,0,1,1,0,1
889usa voter,837,1,1,0,1,0,1,0,0,0,0,0,1,1,0,0
889usa voter,837,1,0,0,1,0,0,1,0,1,0,0,1,0,1,1
889usa voter,837,2,1,1,0,0,0,0,0,0,1,0,1,1,0,1
889usa voter,837,2,0,0,0,1,0,0,0,0,0,1,0,0,0,1
889usa voter,837,3,0,0,1,0,0,1,1,0,0,0,1,0,1,0
889usa voter,837,3,1,0,1,0,1,0,0,1,0,1,0,0,1,0
890usa voter,838,1,1,0,0,1,0,0,0,0,0,0,1,0,0,1
890usa voter,838,1,0,0,1,0,0,1,0,1,0,0,1,0,0,1
890usa voter,838,2,1,0,0,1,0,1,0,0,0,0,0,0,0,1
890usa voter,838,2,0,0,0,1,0,0,0,1,0,0,1,0,1,0
890usa voter,838,3,0,0,1,0,0,0,1,0,0,1,0,1,0,0
890usa voter,838,3,1,1,0,0,0,1,0,0,0,0,1,0,0,0
891usa voter,839,1,1,0,1,0,0,0,0,1,0,0,0,0,1,0
891usa voter,839,1,0,1,0,0,1,0,0,1,0,0,0,0,0,1
891usa voter,839,2,0,0,1,0,0,1,0,0,0,0,1,0,0,1
891usa voter,839,2,1,1,0,0,1,0,0,1,0,0,0,1,0,0
891usa voter,839,3,1,0,0,0,1,0,0,0,1,1,0,0,1,1
891usa voter,839,3,0,0,0,0,1,0,0,0,1,1,0,1,0,1
892usa voter,840,1,0,1,0,0,0,0,0,0,1,0,1,0,1,1
892usa voter,840,1,1,0,1,0,1,0,0,0,0,1,0,1,0,0
892usa voter,840,2,0,0,0,0,0,1,1,0,0,0,1,1,0,1
892usa voter,840,2,1,0,0,1,0,1,0,1,0,0,1,1,0,1
892usa voter,840,3,0,0,0,0,1,0,0,0,1,1,0,0,1,0
892usa voter,840,3,1,0,0,0,1,0,0,1,0,0,0,0,0,0
893usa voter,841,1,0,0,0,1,0,1,1,0,0,0,1,0,1,0
893usa voter,841,1,1,0,0,1,1,0,0,1,0,0,1,0,0,1
893usa voter,841,2,0,1,0,0,0,0,0,0,1,0,0,0,1,0
893usa voter,841,2,1,0,1,0,1,0,0,0,0,0,0,0,0,0
893usa voter,841,3,0,0,0,0,1,0,0,1,0,0,0,1,0,1
893usa voter,841,3,1,1,0,0,1,0,0,0,1,1,0,0,0,0
894usa voter,842,1,1,0,1,0,0,1,0,1,0,0,0,0,1,1
894usa voter,842,1,0,1,0,0,0,1,1,0,0,0,0,0,0,0
894usa voter,842,2,0,1,0,0,0,1,0,0,0,0,0,0,1,0
894usa voter,842,2,1,0,1,0,0,1,1,0,0,0,1,1,0,1
894usa voter,842,3,1,0,1,0,0,1,0,0,1,0,1,0,0,0
894usa voter,842,3,0,0,0,0,0,0,0,0,1,0,0,1,0,1
895usa voter,843,1,0,0,1,0,1,0,1,0,0,0,0,0,0,1
895usa voter,843,1,1,1,0,0,0,1,0,0,1,0,0,1,0,1
895usa voter,843,2,0,0,0,0,0,0,0,0,1,0,0,0,0,1
895usa voter,843,2,1,0,1,0,1,0,0,1,0,0,1,0,0,0
895usa voter,843,3,1,0,0,0,1,0,0,1,0,0,1,0,1,1
895usa voter,843,3,0,0,0,0,1,0,0,0,1,0,0,0,1,1
896usa voter,844,1,0,0,0,1,0,0,0,0,0,0,0,0,0,1
896usa voter,844,1,1,1,0,0,0,0,0,0,1,0,1,1,0,1
896usa voter,844,2,1,0,1,0,0,0,0,0,1,0,0,1,0,0
896usa voter,844,2,0,1,0,0,0,1,1,0,0,0,0,0,0,1
896usa voter,844,3,0,1,0,0,1,0,0,0,1,0,0,0,0,1
896usa voter,844,3,1,0,0,1,0,1,0,0,1,1,0,0,1,1
898usa voter,845,1,0,0,0,0,0,1,0,0,0,1,0,1,0,1
898usa voter,845,1,1,1,0,0,0,0,1,0,0,0,0,0,0,0
898usa voter,845,2,1,1,0,0,1,0,1,0,0,0,1,1,0,1
898usa voter,845,2,0,0,0,0,0,1,0,1,0,1,0,0,0,1
898usa voter,845,3,0,0,0,1,0,0,0,0,0,1,0,0,1,0
898usa voter,845,3,1,0,1,0,1,0,0,1,0,0,0,1,0,1
899usa voter,846,1,0,0,0,0,0,0,1,0,0,0,0,0,1,0
899usa voter,846,1,1,0,1,0,0,0,0,0,1,0,0,0,1,0
899usa voter,846,2,0,0,0,0,1,0,0,0,1,0,0,1,0,1
899usa voter,846,2,1,0,0,1,0,1,0,1,0,0,1,0,0,1
899usa voter,846,3,0,1,0,0,0,1,0,0,0,1,0,0,0,0
899usa voter,846,3,1,0,0,0,1,0,1,0,0,1,0,0,1,1
900usa voter,847,1,1,0,0,0,1,0,1,0,0,0,0,0,1,1
900usa voter,847,1,0,0,1,0,0,1,0,1,0,0,1,0,1,1
900usa voter,847,2,1,0,0,1,0,1,0,0,0,0,1,0,0,0
900usa voter,847,2,0,1,0,0,1,0,0,0,1,0,1,0,1,0
900usa voter,847,3,0,0,0,0,0,1,0,1,0,0,0,1,0,0
900usa voter,847,3,1,1,0,0,1,0,0,1,0,1,0,1,0,0
901usa voter,848,1,0,0,1,0,0,1,0,0,0,0,1,0,0,0
901usa voter,848,1,1,1,0,0,0,0,1,0,0,0,0,1,0,1
901usa voter,848,2,0,0,0,0,1,0,0,1,0,0,0,0,1,0
901usa voter,848,2,1,0,0,1,0,1,0,0,0,0,0,1,0,0
901usa voter,848,3,0,0,1,0,0,0,1,0,0,0,1,1,0,1
901usa voter,848,3,1,1,0,0,0,0,0,0,0,1,0,0,0,0
902usa voter,849,1,0,0,0,0,0,1,0,1,0,1,0,0,1,0
902usa voter,849,1,1,1,0,0,0,0,0,0,1,0,0,1,0,1
902usa voter,849,2,1,1,0,0,1,0,0,0,0,0,1,1,0,0
902usa voter,849,2,0,1,0,0,1,0,0,1,0,0,1,0,0,1
902usa voter,849,3,0,0,0,0,0,0,1,0,0,0,0,0,1,1
902usa voter,849,3,1,0,0,0,0,1,0,0,1,0,0,1,0,0
903usa voter,850,1,0,0,1,0,0,0,1,0,0,0,0,0,1,0
903usa voter,850,1,1,0,1,0,1,0,0,1,0,0,0,1,0,1
903usa voter,850,2,0,0,1,0,0,0,0,0,1,0,0,0,1,1
903usa voter,850,2,1,0,0,1,0,1,0,0,0,0,1,0,1,0
903usa voter,850,3,0,1,0,0,0,1,1,0,0,0,1,0,0,1
903usa voter,850,3,1,0,1,0,1,0,0,0,1,0,1,1,0,1
904usa voter,851,1,1,0,0,1,1,0,1,0,0,1,0,1,0,1
904usa voter,851,1,0,0,1,0,0,0,1,0,0,1,0,0,1,0
904usa voter,851,2,1,0,0,0,0,0,0,0,0,0,0,1,0,1
904usa voter,851,2,0,0,0,0,1,0,0,0,1,0,0,0,1,0
904usa voter,851,3,1,0,0,1,1,0,0,0,0,0,1,1,0,1
904usa voter,851,3,0,0,1,0,1,0,1,0,0,1,0,1,0,0
905usa voter,852,1,1,1,0,0,0,1,0,1,0,0,1,1,0,0
905usa voter,852,1,0,0,0,0,0,0,0,0,0,0,0,0,0,0
905usa voter,852,2,0,0,0,0,0,0,1,0,0,1,0,0,1,0
905usa voter,852,2,1,0,0,1,0,1,1,0,0,0,1,0,0,1
905usa voter,852,3,0,0,0,0,1,0,1,0,0,0,0,0,0,0
905usa voter,852,3,1,0,0,1,0,0,0,1,0,0,1,0,1,1
906usa voter,853,1,1,0,1,0,1,0,0,0,1,0,1,0,0,1
906usa voter,853,1,0,1,0,0,1,0,0,1,0,0,0,0,0,0
906usa voter,853,2,0,1,0,0,0,0,1,0,0,0,1,0,0,0
906usa voter,853,2,1,1,0,0,1,0,1,0,0,0,1,1,0,1
906usa voter,853,3,1,0,0,1,1,0,0,1,0,0,0,0,0,1
906usa voter,853,3,0,1,0,0,1,0,0,0,0,0,0,0,1,1
907usa voter,854,1,1,1,0,0,1,0,0,0,0,0,0,0,0,1
907usa voter,854,1,0,0,0,1,0,0,0,1,0,1,0,0,1,0
907usa voter,854,2,0,0,0,1,1,0,0,0,1,1,0,1,0,0
907usa voter,854,2,1,0,1,0,1,0,0,0,1,0,1,1,0,1
907usa voter,854,3,1,0,0,0,1,0,0,1,0,1,0,0,1,0
907usa voter,854,3,0,0,0,0,0,1,0,0,1,0,1,1,0,1
908usa voter,855,1,0,1,0,0,0,1,1,0,0,1,0,0,1,0
908usa voter,855,1,1,0,0,0,0,1,0,0,0,0,1,0,0,0
908usa voter,855,2,1,0,0,0,0,0,0,1,0,0,0,0,0,0
908usa voter,855,2,0,1,0,0,1,0,1,0,0,0,0,0,1,1
908usa voter,855,3,1,0,0,0,1,0,1,0,0,0,0,0,0,0
908usa voter,855,3,0,0,1,0,0,1,0,0,0,0,1,0,0,0
909usa voter,856,1,0,0,0,1,1,0,0,0,1,1,0,0,0,1
909usa voter,856,1,1,1,0,0,1,0,0,0,0,1,0,0,0,0
909usa voter,856,2,0,0,1,0,0,1,0,0,0,0,1,0,0,0
909usa voter,856,2,1,1,0,0,0,1,0,0,1,0,0,0,1,1
909usa voter,856,3,0,1,0,0,0,0,0,1,0,0,1,1,0,0
909usa voter,856,3,1,0,1,0,1,0,0,1,0,1,0,1,0,1
910usa voter,857,1,1,1,0,0,0,0,0,1,0,0,1,0,0,0
910usa voter,857,1,0,0,0,1,0,0,0,0,0,1,0,0,1,1
910usa voter,857,2,1,0,0,0,0,1,0,1,0,0,1,0,0,0
910usa voter,857,2,0,1,0,0,1,0,0,1,0,1,0,0,0,1
910usa voter,857,3,1,1,0,0,0,0,0,1,0,0,0,1,0,0
910usa voter,857,3,0,1,0,0,0,1,0,0,0,1,0,1,0,1
911usa voter,858,1,1,0,0,1,0,0,0,0,0,1,0,1,0,1
911usa voter,858,1,0,0,0,1,0,1,0,0,1,0,1,1,0,1
911usa voter,858,2,1,1,0,0,0,0,0,0,1,1,0,0,0,0
911usa voter,858,2,0,0,0,0,0,0,1,0,0,1,0,0,1,0
911usa voter,858,3,1,0,0,1,0,0,0,0,0,1,0,1,0,0
911usa voter,858,3,0,0,0,0,1,0,0,0,1,0,0,0,0,0
913usa voter,859,1,1,0,0,0,1,0,1,0,0,0,0,1,0,0
913usa voter,859,1,0,0,0,0,1,0,1,0,0,1,0,1,0,1
913usa voter,859,2,0,0,0,0,0,0,0,1,0,0,0,0,1,1
913usa voter,859,2,1,0,1,0,1,0,1,0,0,1,0,1,0,0
913usa voter,859,3,0,1,0,0,1,0,0,0,0,0,1,0,1,0
913usa voter,859,3,1,0,0,1,0,1,0,0,0,1,0,1,0,0
914usa voter,860,1,0,0,0,0,0,1,0,0,0,1,0,0,1,1
914usa voter,860,1,1,0,0,0,0,1,0,0,0,0,1,1,0,0
914usa voter,860,2,0,0,0,1,0,1,0,0,1,0,0,0,1,1
914usa voter,860,2,1,0,0,0,1,0,1,0,0,1,0,1,0,0
914usa voter,860,3,0,1,0,0,0,1,0,0,1,0,1,1,0,0
914usa voter,860,3,1,1,0,0,1,0,0,1,0,0,0,0,1,0
915usa voter,861,1,0,0,1,0,1,0,1,0,0,0,0,1,0,1
915usa voter,861,1,1,0,0,0,0,1,0,0,1,0,0,1,0,1
915usa voter,861,2,1,0,0,1,1,0,0,0,0,1,0,1,0,0
915usa voter,861,2,0,0,0,0,0,1,0,1,0,1,0,0,0,0
915usa voter,861,3,0,0,1,0,0,1,0,0,1,1,0,0,0,0
915usa voter,861,3,1,1,0,0,1,0,0,0,1,0,1,1,0,0
916usa voter,862,1,0,1,0,0,0,0,0,0,0,0,1,1,0,1
916usa voter,862,1,1,0,0,1,0,1,0,0,0,0,0,0,0,0
916usa voter,862,2,1,0,0,1,0,1,0,0,1,1,0,1,0,0
916usa voter,862,2,0,0,1,0,1,0,1,0,0,1,0,0,1,0
916usa voter,862,3,1,0,0,0,0,1,0,0,0,0,0,1,0,1
916usa voter,862,3,0,0,0,1,0,0,0,0,1,0,1,1,0,1
917usa voter,863,1,1,0,0,0,0,1,0,0,0,1,0,0,0,1
917usa voter,863,1,0,0,0,1,0,0,0,0,1,0,0,1,0,0
917usa voter,863,2,1,0,0,0,0,1,1,0,0,0,0,1,0,1
917usa voter,863,2,0,0,0,1,0,0,0,0,1,0,1,0,1,1
917usa voter,863,3,1,1,0,0,1,0,0,1,0,0,1,0,1,0
917usa voter,863,3,0,1,0,0,0,1,0,1,0,0,0,0,0,0
918usa voter,864,1,0,0,1,0,1,0,0,0,1,0,0,0,0,0
918usa voter,864,1,1,0,0,1,1,0,0,0,1,1,0,1,0,1
918usa voter,864,2,0,0,1,0,0,0,0,0,1,1,0,0,1,1
918usa voter,864,2,1,0,0,0,1,0,0,0,1,0,0,1,0,0
918usa voter,864,3,1,0,1,0,1,0,0,1,0,0,0,1,0,0
918usa voter,864,3,0,1,0,0,0,0,0,0,0,0,1,0,0,1
919usa voter,865,1,0,0,1,0,0,1,0,0,1,0,0,0,0,1
919usa voter,865,1,1,0,0,0,0,1,1,0,0,0,0,1,0,1
919usa voter,865,2,0,0,0,0,0,0,1,0,0,0,1,0,0,1
919usa voter,865,2,1,0,0,0,1,0,0,0,1,0,1,0,0,1
919usa voter,865,3,1,0,0,0,0,0,0,0,1,0,0,0,1,0
919usa voter,865,3,0,1,0,0,1,0,0,1,0,0,1,0,0,1
920usa voter,866,1,1,1,0,0,1,0,0,0,1,0,1,1,0,0
920usa voter,866,1,0,1,0,0,1,0,0,1,0,1,0,0,1,1
920usa voter,866,2,1,0,0,1,0,0,0,0,1,0,1,1,0,1
920usa voter,866,2,0,1,0,0,0,1,0,0,0,0,0,0,1,0
920usa voter,866,3,1,0,0,1,0,0,0,1,0,0,0,1,0,1
920usa voter,866,3,0,1,0,0,0,1,0,0,1,0,0,1,0,0
921usa voter,867,1,0,0,0,1,0,0,1,0,0,0,0,0,0,0
921usa voter,867,1,1,0,0,1,1,0,0,0,1,1,0,0,0,1
921usa voter,867,2,1,1,0,0,0,1,0,0,1,1,0,0,1,0
921usa voter,867,2,0,0,0,1,0,0,0,1,0,1,0,0,0,0
921usa voter,867,3,0,0,1,0,0,1,0,1,0,1,0,0,1,0
921usa voter,867,3,1,0,0,0,0,1,1,0,0,0,1,1,0,1
922usa voter,868,1,1,0,0,1,1,0,0,0,0,0,0,0,1,0
922usa voter,868,1,0,0,0,1,0,0,0,1,0,0,1,0,0,0
922usa voter,868,2,0,1,0,0,0,0,0,0,0,1,0,0,0,1
922usa voter,868,2,1,1,0,0,1,0,1,0,0,0,0,1,0,1
922usa voter,868,3,0,0,0,1,1,0,0,1,0,1,0,0,0,0
922usa voter,868,3,1,0,0,1,0,1,1,0,0,0,0,0,0,1
923usa voter,869,1,1,0,0,1,0,0,0,0,0,1,0,0,1,1
923usa voter,869,1,0,1,0,0,1,0,0,0,0,0,0,0,1,1
923usa voter,869,2,1,1,0,0,0,1,0,1,0,0,0,1,0,1
923usa voter,869,2,0,0,0,0,0,1,0,0,0,0,0,0,1,1
923usa voter,869,3,1,0,0,1,1,0,0,1,0,0,0,1,0,1
923usa voter,869,3,0,0,0,0,0,0,1,0,0,1,0,0,0,0
924usa voter,870,1,1,0,1,0,0,1,0,0,0,0,1,1,0,0
924usa voter,870,1,0,0,0,0,1,0,0,0,0,1,0,0,1,0
924usa voter,870,2,0,0,0,1,1,0,0,0,0,0,1,0,0,0
924usa voter,870,2,1,1,0,0,0,1,0,0,1,0,1,0,0,0
924usa voter,870,3,1,0,0,0,0,1,0,0,1,0,1,0,0,0
924usa voter,870,3,0,0,0,1,0,1,0,1,0,1,0,0,1,1
925usa voter,871,1,0,0,1,0,0,0,0,1,0,0,1,0,0,0
925usa voter,871,1,1,1,0,0,0,0,0,0,0,1,0,1,0,0
926usa voter,872,1,1,0,0,0,0,0,1,0,0,0,1,0,0,1
926usa voter,872,1,0,0,0,0,1,0,0,0,0,0,0,0,1,0
926usa voter,872,2,1,0,0,1,0,1,0,0,1,0,1,1,0,0
926usa voter,872,2,0,1,0,0,1,0,0,0,0,1,0,0,1,0
926usa voter,872,3,0,0,1,0,0,1,0,0,1,1,0,0,1,1
926usa voter,872,3,1,0,1,0,0,0,0,1,0,1,0,1,0,0
927usa voter,873,1,0,0,0,1,1,0,0,0,0,1,0,1,0,0
927usa voter,873,1,1,0,1,0,0,0,0,0,0,0,1,0,0,0
927usa voter,873,2,0,0,0,1,0,1,0,1,0,1,0,1,0,1
927usa voter,873,2,1,0,0,1,0,1,0,0,1,1,0,1,0,1
927usa voter,873,3,0,1,0,0,1,0,0,0,1,0,0,0,1,1
927usa voter,873,3,1,0,0,1,0,0,0,0,1,1,0,0,0,1
928usa voter,874,1,1,0,0,1,0,1,0,0,1,0,0,0,0,1
928usa voter,874,1,0,0,1,0,0,1,0,0,1,0,0,0,1,0
928usa voter,874,2,1,0,1,0,0,0,0,0,1,0,0,1,0,0
928usa voter,874,2,0,0,0,0,1,0,0,0,1,0,0,1,0,1
928usa voter,874,3,0,0,1,0,0,0,0,0,1,1,0,0,0,1
928usa voter,874,3,1,0,1,0,0,1,0,0,1,0,0,0,0,1
930usa voter,875,1,1,1,0,0,0,1,0,1,0,0,0,0,0,1
930usa voter,875,1,0,1,0,0,0,0,0,0,0,0,0,1,0,1
930usa voter,875,2,1,0,1,0,0,0,0,0,1,0,1,0,1,0
930usa voter,875,2,0,0,0,0,0,0,0,0,0,0,0,0,0,1
930usa voter,875,3,1,0,1,0,0,0,0,1,0,0,0,0,0,1
930usa voter,875,3,0,0,1,0,0,0,0,0,0,0,0,1,0,0
931usa voter,876,1,1,0,0,1,0,0,0,0,0,1,0,1,0,0
931usa voter,876,1,0,0,0,0,0,0,0,0,0,0,1,0,0,1
931usa voter,876,2,1,0,0,1,1,0,1,0,0,0,1,0,1,1
931usa voter,876,2,0,0,0,0,1,0,0,1,0,1,0,0,1,0
931usa voter,876,3,1,0,0,1,1,0,0,0,0,0,0,0,0,1
931usa voter,876,3,0,0,0,1,0,0,1,0,0,0,0,1,0,1
932usa voter,877,1,1,0,0,1,0,1,0,1,0,1,0,1,0,0
932usa voter,877,1,0,0,1,0,0,1,0,0,1,0,0,0,0,0
932usa voter,877,2,1,0,1,0,1,0,0,0,0,1,0,0,1,1
932usa voter,877,2,0,0,0,0,0,0,0,0,1,0,1,0,1,0
932usa voter,877,3,1,1,0,0,1,0,0,1,0,1,0,1,0,0
932usa voter,877,3,0,0,0,0,0,0,1,0,0,0,1,0,1,0
933usa voter,878,1,1,0,1,0,0,0,0,0,0,0,1,0,0,1
933usa voter,878,1,0,1,0,0,0,1,0,0,0,1,0,0,1,1
933usa voter,878,2,1,1,0,0,0,1,0,0,1,0,1,0,0,0
933usa voter,878,2,0,0,0,1,0,1,0,0,1,0,0,1,0,1
933usa voter,878,3,1,0,1,0,1,0,0,1,0,1,0,0,1,1
933usa voter,878,3,0,1,0,0,1,0,1,0,0,0,1,1,0,0
934usa voter,879,1,1,0,1,0,1,0,0,0,1,0,1,0,1,1
934usa voter,879,1,0,0,0,1,0,1,1,0,0,0,0,0,1,0
934usa voter,879,2,1,0,0,0,0,1,0,0,0,0,1,1,0,0
934usa voter,879,2,0,0,1,0,0,1,1,0,0,0,0,0,1,0
934usa voter,879,3,1,0,0,0,0,1,0,0,0,1,0,0,0,1
934usa voter,879,3,0,0,0,0,0,1,0,0,1,0,1,0,1,0
935usa voter,880,1,1,1,0,0,0,1,0,0,0,0,1,1,0,1
935usa voter,880,1,0,1,0,0,0,0,0,1,0,0,1,0,0,0
935usa voter,880,2,1,0,0,1,1,0,0,0,0,0,0,0,0,1
935usa voter,880,2,0,1,0,0,0,1,0,0,1,0,0,0,1,0
935usa voter,880,3,1,0,0,1,0,1,0,1,0,0,1,1,0,0
935usa voter,880,3,0,0,0,1,1,0,0,1,0,0,1,0,1,0
936usa voter,881,1,1,0,0,1,0,1,0,0,1,0,1,1,0,0
936usa voter,881,1,0,0,0,1,0,1,0,0,1,0,0,1,0,0
936usa voter,881,2,1,0,0,1,0,0,0,0,1,0,0,1,0,1
936usa voter,881,2,0,1,0,0,0,1,0,0,1,0,0,0,1,0
936usa voter,881,3,1,0,0,1,1,0,0,1,0,0,0,0,0,1
936usa voter,881,3,0,1,0,0,0,0,0,1,0,0,0,0,1,0
937usa voter,882,1,0,0,0,0,1,0,1,0,0,1,0,0,1,1
937usa voter,882,1,1,1,0,0,1,0,0,1,0,1,0,0,0,0
937usa voter,882,2,1,0,0,0,0,1,0,1,0,0,1,0,0,1
937usa voter,882,2,0,0,0,1,0,1,0,0,1,1,0,1,0,0
937usa voter,882,3,0,1,0,0,0,1,1,0,0,1,0,1,0,1
937usa voter,882,3,1,0,0,1,1,0,0,0,1,0,0,0,1,1
938usa voter,883,1,0,0,0,1,0,1,1,0,0,0,0,1,0,1
938usa voter,883,1,1,0,0,1,0,1,0,0,1,1,0,0,1,0
938usa voter,883,2,1,1,0,0,1,0,0,0,1,0,0,1,0,1
938usa voter,883,2,0,1,0,0,1,0,0,1,0,0,0,0,1,0
938usa voter,883,3,0,1,0,0,0,1,0,0,0,1,0,0,1,0
938usa voter,883,3,1,1,0,0,0,1,1,0,0,0,1,0,0,1
939usa voter,884,1,0,0,0,1,1,0,0,0,0,0,0,1,0,0
939usa voter,884,1,1,0,0,0,0,1,1,0,0,1,0,1,0,0
939usa voter,884,2,1,1,0,0,1,0,0,0,0,0,1,0,0,0
939usa voter,884,2,0,0,1,0,0,0,0,0,0,0,0,0,0,1
939usa voter,884,3,1,0,1,0,1,0,1,0,0,1,0,1,0,1
939usa voter,884,3,0,0,0,1,1,0,0,0,0,0,1,0,0,1
940usa voter,885,1,1,0,0,1,1,0,0,1,0,1,0,0,1,1
940usa voter,885,1,0,0,0,1,1,0,0,0,1,1,0,0,0,0
940usa voter,885,2,1,0,0,0,0,0,0,0,0,0,1,1,0,0
940usa voter,885,2,0,1,0,0,0,0,0,0,0,0,0,0,0,0
940usa voter,885,3,1,0,1,0,0,0,0,0,0,1,0,0,1,0
940usa voter,885,3,0,0,0,0,1,0,0,0,1,1,0,0,0,1
941usa voter,886,1,0,0,1,0,0,1,1,0,0,0,1,0,1,1
941usa voter,886,1,1,1,0,0,1,0,0,1,0,0,1,0,0,0
941usa voter,886,2,0,0,0,1,0,0,1,0,0,0,1,0,1,1
941usa voter,886,2,1,1,0,0,0,1,0,1,0,1,0,0,0,1
941usa voter,886,3,1,0,0,0,1,0,0,0,1,0,0,0,0,0
941usa voter,886,3,0,0,0,1,0,1,0,1,0,0,0,0,0,1
942usa voter,887,1,0,0,1,0,0,1,0,1,0,0,1,0,1,1
942usa voter,887,1,1,0,0,0,0,0,0,0,1,1,0,0,0,0
942usa voter,887,2,0,1,0,0,1,0,0,0,1,1,0,1,0,0
942usa voter,887,2,1,0,0,0,1,0,0,0,0,0,0,0,0,0
942usa voter,887,3,0,0,0,1,0,0,0,1,0,0,0,0,1,1
942usa voter,887,3,1,0,1,0,0,0,1,0,0,1,0,1,0,1
943usa voter,888,1,0,0,0,1,1,0,0,0,1,1,0,0,1,0
943usa voter,888,1,1,0,0,0,0,1,0,1,0,0,0,1,0,0
943usa voter,888,2,1,0,0,0,1,0,1,0,0,0,0,0,0,1
943usa voter,888,2,0,0,0,1,0,1,0,0,0,0,1,0,1,1
943usa voter,888,3,0,1,0,0,0,1,1,0,0,0,0,0,1,1
943usa voter,888,3,1,1,0,0,1,0,0,0,0,0,1,0,1,1
944usa voter,889,1,1,0,0,1,0,1,0,1,0,1,0,0,0,1
944usa voter,889,1,0,0,1,0,0,1,0,0,0,1,0,1,0,1
944usa voter,889,2,1,0,0,1,1,0,0,0,0,0,0,0,0,0
944usa voter,889,2,0,0,1,0,0,1,1,0,0,0,1,0,1,1
944usa voter,889,3,1,0,0,0,0,1,0,1,0,0,1,1,0,1
944usa voter,889,3,0,0,0,1,1,0,0,0,0,1,0,1,0,0
945usa voter,890,1,0,0,1,0,0,0,1,0,0,0,1,0,1,0
945usa voter,890,1,1,0,0,1,0,1,0,1,0,0,1,1,0,1
945usa voter,890,2,0,0,0,0,0,0,0,1,0,1,0,0,1,0
945usa voter,890,2,1,0,1,0,0,0,0,0,0,0,1,0,0,1
945usa voter,890,3,0,0,1,0,0,0,1,0,0,0,0,0,0,0
945usa voter,890,3,1,0,0,1,0,0,0,0,0,0,0,0,1,1
946usa voter,891,1,1,1,0,0,0,0,0,0,1,1,0,0,1,1
946usa voter,891,1,0,1,0,0,0,0,0,0,0,0,1,0,1,0
946usa voter,891,2,0,0,0,0,0,0,0,0,0,1,0,0,0,1
946usa voter,891,2,1,0,1,0,0,1,0,1,0,0,0,0,1,1
946usa voter,891,3,0,1,0,0,1,0,1,0,0,1,0,1,0,1
946usa voter,891,3,1,0,0,1,0,1,0,0,0,1,0,0,1,1
947usa voter,892,1,0,0,0,0,0,1,0,0,0,0,0,0,0,1
947usa voter,892,1,1,0,0,0,0,0,1,0,0,0,0,1,0,1
947usa voter,892,2,1,0,0,0,1,0,0,0,1,1,0,0,0,1
947usa voter,892,2,0,0,0,0,0,0,0,0,1,1,0,1,0,0
947usa voter,892,3,1,0,1,0,0,0,1,0,0,0,0,0,0,0
947usa voter,892,3,0,0,1,0,0,1,1,0,0,0,0,0,1,0
948usa voter,893,1,1,0,0,0,0,0,0,1,0,0,0,1,0,0
948usa voter,893,1,0,0,1,0,0,1,0,1,0,0,1,0,1,0
948usa voter,893,2,1,0,0,0,0,1,1,0,0,0,0,0,0,0
948usa voter,893,2,0,0,1,0,0,0,0,0,1,0,0,1,0,0
948usa voter,893,3,1,0,1,0,0,0,0,0,0,0,0,1,0,0
948usa voter,893,3,0,0,0,1,0,0,0,0,1,1,0,1,0,0
949usa voter,894,1,1,0,0,0,0,1,0,1,0,0,0,0,1,0
949usa voter,894,1,0,0,1,0,0,1,0,0,1,0,1,0,1,1
949usa voter,894,2,0,1,0,0,0,0,0,1,0,1,0,0,0,0
949usa voter,894,2,1,0,1,0,1,0,1,0,0,1,0,0,0,1
949usa voter,894,3,1,1,0,0,1,0,1,0,0,1,0,0,1,0
949usa voter,894,3,0,0,0,0,0,1,0,0,0,1,0,0,0,0
950usa voter,895,1,1,0,0,1,0,1,1,0,0,0,1,0,0,1
950usa voter,895,1,0,0,0,1,0,0,0,0,1,1,0,1,0,1
950usa voter,895,2,1,0,1,0,0,0,0,1,0,1,0,0,0,1
950usa voter,895,2,0,0,0,0,0,1,0,0,0,1,0,1,0,1
950usa voter,895,3,1,1,0,0,1,0,0,1,0,1,0,1,0,0
950usa voter,895,3,0,1,0,0,1,0,0,0,1,0,1,0,1,0
951usa voter,896,1,0,1,0,0,1,0,0,1,0,1,0,1,0,0
951usa voter,896,1,1,0,1,0,1,0,0,0,0,1,0,0,0,1
951usa voter,896,2,0,0,0,1,1,0,0,1,0,1,0,1,0,0
951usa voter,896,2,1,1,0,0,1,0,0,1,0,1,0,0,0,1
951usa voter,896,3,1,0,1,0,1,0,0,1,0,0,1,0,1,0
951usa voter,896,3,0,0,0,0,0,1,0,0,1,0,1,1,0,1
952usa voter,897,1,0,0,0,1,0,0,1,0,0,0,0,1,0,1
952usa voter,897,1,1,1,0,0,1,0,0,1,0,0,1,1,0,1
952usa voter,897,2,0,0,0,0,0,1,1,0,0,0,1,0,1,0
952usa voter,897,2,1,0,1,0,1,0,0,0,1,0,0,0,1,0
952usa voter,897,3,1,0,1,0,1,0,0,0,0,0,1,0,0,0
952usa voter,897,3,0,0,0,1,1,0,1,0,0,0,0,0,1,1
953usa voter,898,1,0,0,0,1,1,0,0,1,0,0,0,0,0,0
953usa voter,898,1,1,1,0,0,0,1,0,0,0,0,0,0,1,1
953usa voter,898,2,1,0,1,0,1,0,1,0,0,0,1,1,0,0
953usa voter,898,2,0,1,0,0,1,0,1,0,0,0,0,0,1,0
953usa voter,898,3,1,0,0,1,1,0,0,0,0,1,0,0,0,0
953usa voter,898,3,0,0,1,0,0,1,0,1,0,0,0,0,0,0
954usa voter,899,1,0,1,0,0,1,0,0,0,0,0,0,0,0,0
954usa voter,899,1,1,0,0,1,0,0,0,0,1,1,0,1,0,0
954usa voter,899,2,0,0,0,1,0,0,0,0,1,0,0,0,1,1
954usa voter,899,2,1,0,1,0,1,0,0,1,0,0,1,0,1,1
954usa voter,899,3,0,0,0,0,1,0,0,0,1,0,1,0,1,0
954usa voter,899,3,1,1,0,0,0,0,0,1,0,0,1,0,1,1
955usa voter,900,1,1,1,0,0,0,1,0,0,1,0,0,0,0,1
955usa voter,900,1,0,0,0,0,1,0,0,0,0,1,0,0,1,1
955usa voter,900,2,1,0,0,0,1,0,1,0,0,1,0,1,0,0
955usa voter,900,2,0,0,0,0,0,0,1,0,0,0,0,1,0,0
955usa voter,900,3,1,0,1,0,1,0,0,1,0,1,0,1,0,0
955usa voter,900,3,0,0,0,1,0,0,0,1,0,1,0,1,0,0
957usa voter,901,1,1,0,0,0,0,0,0,0,0,1,0,0,0,0
957usa voter,901,1,0,0,0,0,0,0,1,0,0,1,0,0,1,1
957usa voter,901,2,1,0,1,0,1,0,0,0,1,0,0,0,0,1
957usa voter,901,2,0,0,0,1,0,1,1,0,0,0,1,1,0,0
957usa voter,901,3,0,0,0,0,0,1,0,1,0,0,1,0,1,0
957usa voter,901,3,1,1,0,0,0,0,0,0,0,0,1,1,0,1
958usa voter,902,1,1,0,0,1,0,0,0,0,0,1,0,1,0,1
958usa voter,902,1,0,0,0,0,0,0,0,0,0,1,0,1,0,0
958usa voter,902,2,1,0,1,0,1,0,0,0,0,1,0,0,0,0
958usa voter,902,2,0,1,0,0,0,1,1,0,0,1,0,0,0,1
958usa voter,902,3,1,0,0,1,0,0,0,1,0,0,1,0,1,1
958usa voter,902,3,0,0,1,0,0,0,0,0,0,1,0,0,0,1
960usa voter,903,1,0,0,1,0,0,1,0,0,0,0,0,0,0,1
960usa voter,903,1,1,0,1,0,0,1,0,1,0,0,0,0,1,0
960usa voter,903,2,1,0,0,1,0,1,0,0,1,1,0,1,0,1
960usa voter,903,2,0,1,0,0,0,1,0,0,0,0,0,0,1,0
960usa voter,903,3,1,0,0,1,0,1,0,0,1,1,0,0,1,0
960usa voter,903,3,0,1,0,0,0,1,1,0,0,0,0,0,1,1
961usa voter,904,1,1,1,0,0,1,0,0,1,0,0,1,0,0,0
961usa voter,904,1,0,1,0,0,0,0,0,1,0,0,0,0,0,1
961usa voter,904,2,1,0,1,0,0,1,1,0,0,0,1,1,0,0
961usa voter,904,2,0,0,1,0,1,0,0,1,0,1,0,0,0,1
961usa voter,904,3,1,0,1,0,0,0,0,1,0,0,0,1,0,0
961usa voter,904,3,0,1,0,0,0,0,0,0,0,1,0,0,1,0
962usa voter,905,1,0,0,1,0,1,0,0,0,0,0,1,0,0,1
962usa voter,905,1,1,0,1,0,0,1,0,0,1,0,1,1,0,0
962usa voter,905,2,1,0,0,1,1,0,1,0,0,0,1,0,0,0
962usa voter,905,2,0,0,1,0,0,0,0,0,0,1,0,0,1,1
962usa voter,905,3,0,0,0,1,0,0,1,0,0,1,0,0,0,0
962usa voter,905,3,1,0,0,1,0,0,0,1,0,0,1,0,0,1
963usa voter,906,1,0,1,0,0,0,0,0,1,0,0,1,0,0,1
963usa voter,906,1,1,0,1,0,1,0,0,1,0,0,0,1,0,1
963usa voter,906,2,1,0,0,1,1,0,0,0,0,1,0,0,1,1
963usa voter,906,2,0,0,0,0,0,0,0,0,0,0,0,0,0,0
963usa voter,906,3,0,0,0,0,0,1,0,0,0,0,1,0,0,0
963usa voter,906,3,1,0,0,0,0,0,0,0,0,1,0,1,0,0
964usa voter,907,1,1,0,0,0,0,1,0,0,1,0,0,1,0,0
964usa voter,907,1,0,0,0,0,0,1,0,0,0,0,0,0,0,1
964usa voter,907,2,0,0,0,0,0,0,0,0,1,0,0,0,1,0
964usa voter,907,2,1,0,0,1,1,0,0,0,1,0,0,0,0,1
964usa voter,907,3,0,1,0,0,0,1,0,0,0,1,0,0,0,1
964usa voter,907,3,1,0,0,1,0,0,0,0,1,0,0,0,1,1
965usa voter,908,1,1,0,0,0,0,1,0,0,0,0,0,0,0,0
965usa voter,908,1,0,0,0,1,0,1,0,1,0,1,0,0,0,0
965usa voter,908,2,0,0,0,1,1,0,0,1,0,0,1,0,0,0
965usa voter,908,2,1,0,0,1,0,1,0,1,0,0,0,1,0,1
965usa voter,908,3,0,0,0,1,0,1,0,0,1,1,0,0,0,0
965usa voter,908,3,1,1,0,0,1,0,0,1,0,1,0,1,0,0
966usa voter,909,1,1,1,0,0,1,0,1,0,0,0,1,0,1,1
966usa voter,909,1,0,0,0,0,0,1,0,0,1,0,0,0,0,1
966usa voter,909,2,1,0,0,1,1,0,0,0,0,0,0,1,0,0
966usa voter,909,2,0,1,0,0,0,0,0,0,0,0,0,0,1,1
966usa voter,909,3,1,0,0,1,1,0,0,0,1,0,1,0,0,0
966usa voter,909,3,0,1,0,0,0,0,0,0,0,0,1,0,0,0
967usa voter,910,1,1,0,1,0,1,0,0,0,1,0,0,0,1,1
967usa voter,910,1,0,0,0,0,0,1,0,0,0,1,0,0,1,1
967usa voter,910,2,0,0,1,0,0,0,0,0,1,1,0,1,0,0
967usa voter,910,2,1,1,0,0,1,0,1,0,0,0,1,0,0,1
967usa voter,910,3,0,0,0,1,0,1,0,0,0,0,0,0,1,0
967usa voter,910,3,1,0,0,0,0,0,0,1,0,1,0,0,0,1
968usa voter,911,1,1,0,0,0,0,1,1,0,0,1,0,0,1,0
968usa voter,911,1,0,0,0,1,0,1,0,0,0,0,0,0,1,0
968usa voter,911,2,1,0,0,0,0,0,0,1,0,1,0,0,1,1
968usa voter,911,2,0,0,0,1,0,0,0,1,0,0,1,0,1,0
968usa voter,911,3,1,1,0,0,0,1,0,0,1,1,0,1,0,0
968usa voter,911,3,0,0,0,1,0,0,1,0,0,1,0,0,1,0
969usa voter,912,1,0,1,0,0,0,1,0,0,1,1,0,0,0,0
969usa voter,912,1,1,0,0,0,0,1,1,0,0,0,1,0,0,0
969usa voter,912,2,0,0,0,0,1,0,0,0,1,0,0,1,0,1
969usa voter,912,2,1,1,0,0,0,0,0,0,0,0,0,1,0,1
969usa voter,912,3,0,1,0,0,0,1,1,0,0,1,0,0,0,0
969usa voter,912,3,1,1,0,0,0,1,0,0,0,0,0,1,0,1
970usa voter,913,1,0,0,1,0,1,0,0,0,0,0,0,0,1,1
970usa voter,913,1,1,0,0,1,1,0,1,0,0,1,0,0,1,0
970usa voter,913,2,0,0,1,0,0,1,0,0,0,0,0,0,0,1
970usa voter,913,2,1,1,0,0,0,1,0,0,0,1,0,0,0,0
970usa voter,913,3,0,1,0,0,0,1,0,0,0,0,0,1,0,1
970usa voter,913,3,1,0,1,0,0,0,0,0,0,0,1,0,1,0
971usa voter,914,1,0,0,1,0,0,0,0,1,0,0,0,0,1,0
971usa voter,914,1,1,0,0,1,0,1,0,0,1,0,0,0,0,1
971usa voter,914,2,0,0,1,0,1,0,0,0,0,0,1,1,0,0
971usa voter,914,2,1,0,1,0,1,0,0,0,0,0,1,1,0,1
971usa voter,914,3,1,0,0,1,1,0,0,0,0,1,0,0,0,0
971usa voter,914,3,0,0,0,0,0,0,1,0,0,1,0,0,0,0
972usa voter,915,1,1,0,1,0,0,1,0,1,0,0,1,0,0,0
972usa voter,915,1,0,0,0,0,0,1,0,0,0,0,1,0,1,1
972usa voter,915,2,1,1,0,0,0,0,0,0,1,0,1,1,0,0
972usa voter,915,2,0,0,0,0,0,0,0,0,0,0,0,0,1,1
972usa voter,915,3,1,1,0,0,0,0,1,0,0,0,1,0,1,1
972usa voter,915,3,0,0,0,0,0,0,0,1,0,0,0,0,1,1
973usa voter,916,1,1,1,0,0,1,0,0,1,0,1,0,1,0,1
973usa voter,916,1,0,0,0,1,0,1,0,0,1,0,1,0,0,0
973usa voter,916,2,0,0,0,1,1,0,0,1,0,0,0,1,0,0
973usa voter,916,2,1,0,0,1,0,1,1,0,0,0,1,0,1,1
973usa voter,916,3,1,0,0,1,0,1,1,0,0,0,0,1,0,1
973usa voter,916,3,0,0,1,0,0,0,1,0,0,1,0,0,1,1
974usa voter,917,1,1,0,1,0,0,0,0,0,0,1,0,0,0,1
974usa voter,917,1,0,0,1,0,1,0,0,0,1,0,1,0,1,1
974usa voter,917,2,1,0,1,0,1,0,0,0,0,0,0,1,0,0
974usa voter,917,2,0,0,1,0,0,1,0,1,0,0,1,0,1,1
974usa voter,917,3,1,0,0,0,1,0,0,1,0,0,0,0,0,0
974usa voter,917,3,0,0,1,0,0,0,0,0,0,1,0,0,0,1
975usa voter,918,1,1,0,1,0,1,0,1,0,0,0,1,1,0,0
975usa voter,918,1,0,0,0,0,0,0,0,0,0,0,0,0,1,0
975usa voter,918,2,0,0,0,0,1,0,0,0,0,1,0,1,0,0
975usa voter,918,2,1,1,0,0,1,0,1,0,0,1,0,0,0,0
975usa voter,918,3,1,1,0,0,1,0,0,0,0,1,0,1,0,1
975usa voter,918,3,0,0,0,0,0,1,0,0,1,0,1,0,1,0
976usa voter,919,1,0,1,0,0,0,0,1,0,0,0,1,0,1,0
976usa voter,919,1,1,1,0,0,0,0,0,0,1,1,0,0,1,0
976usa voter,919,2,1,1,0,0,0,1,0,0,1,1,0,0,0,1
976usa voter,919,2,0,1,0,0,0,1,0,0,0,0,1,0,0,1
976usa voter,919,3,1,1,0,0,1,0,0,1,0,0,1,1,0,1
976usa voter,919,3,0,0,1,0,0,1,0,1,0,0,0,0,0,1
977usa voter,920,1,0,1,0,0,0,1,0,0,1,0,0,0,1,0
977usa voter,920,1,1,1,0,0,1,0,0,0,0,0,1,0,1,1
977usa voter,920,3,1,0,0,0,0,0,0,0,0,0,1,0,1,0
977usa voter,920,3,0,0,0,0,1,0,0,0,0,0,1,0,0,0
978usa voter,921,1,0,0,1,0,1,0,0,0,0,1,0,1,0,0
978usa voter,921,1,1,0,0,1,0,0,1,0,0,1,0,1,0,0
978usa voter,921,2,0,0,0,1,1,0,1,0,0,0,0,0,1,0
978usa voter,921,2,1,0,1,0,1,0,0,1,0,0,1,1,0,0
978usa voter,921,3,0,0,0,1,0,0,0,1,0,0,0,1,0,0
978usa voter,921,3,1,0,0,1,0,0,0,0,1,1,0,0,1,0
979usa voter,922,1,1,1,0,0,0,0,1,0,0,0,1,0,0,1
979usa voter,922,1,0,0,0,1,0,0,1,0,0,0,0,0,0,0
979usa voter,922,2,1,0,1,0,1,0,0,1,0,0,1,1,0,0
979usa voter,922,2,0,0,0,0,0,0,0,1,0,0,1,0,1,0
979usa voter,922,3,1,1,0,0,0,0,0,0,1,0,1,0,0,1
979usa voter,922,3,0,1,0,0,1,0,1,0,0,1,0,1,0,1
980usa voter,923,1,1,0,1,0,0,0,0,0,1,1,0,0,1,0
980usa voter,923,1,0,1,0,0,0,1,0,1,0,0,0,1,0,0
980usa voter,923,2,1,0,0,1,0,1,0,0,0,0,1,1,0,0
980usa voter,923,2,0,1,0,0,0,1,0,0,1,0,1,0,1,1
980usa voter,923,3,1,1,0,0,0,1,0,0,1,0,0,1,0,1
980usa voter,923,3,0,0,1,0,1,0,0,0,1,0,0,0,0,1
981usa voter,924,1,1,0,0,0,1,0,0,0,0,1,0,1,0,0
981usa voter,924,1,0,1,0,0,0,1,0,1,0,0,1,1,0,1
981usa voter,924,2,0,0,0,1,0,1,1,0,0,1,0,0,1,0
981usa voter,924,2,1,0,0,0,0,0,0,0,1,1,0,1,0,0
981usa voter,924,3,1,1,0,0,1,0,1,0,0,0,1,0,1,1
981usa voter,924,3,0,1,0,0,0,0,0,0,1,0,1,0,0,1
982usa voter,925,1,1,1,0,0,1,0,1,0,0,1,0,1,0,1
982usa voter,925,1,0,0,1,0,0,1,0,0,1,0,1,0,0,1
982usa voter,925,2,1,0,0,1,0,1,0,1,0,1,0,0,1,0
982usa voter,925,2,0,1,0,0,0,0,0,1,0,1,0,1,0,0
982usa voter,925,3,0,0,0,1,1,0,0,0,1,0,0,0,0,0
982usa voter,925,3,1,0,1,0,0,0,0,1,0,0,0,0,1,1
984usa voter,926,1,1,0,0,0,1,0,0,1,0,1,0,1,0,1
984usa voter,926,1,0,0,0,0,0,1,1,0,0,1,0,1,0,0
984usa voter,926,2,1,0,1,0,0,0,0,0,1,0,0,0,0,0
984usa voter,926,2,0,1,0,0,0,1,0,1,0,1,0,0,0,1
984usa voter,926,3,0,1,0,0,0,1,0,0,0,1,0,0,1,1
984usa voter,926,3,1,1,0,0,0,1,0,1,0,0,1,0,0,0
985usa voter,927,1,1,0,1,0,0,1,0,1,0,0,1,0,0,1
985usa voter,927,1,0,0,0,0,1,0,0,0,0,0,1,0,1,1
985usa voter,927,2,0,1,0,0,0,0,0,0,1,0,1,0,0,0
985usa voter,927,2,1,0,1,0,0,0,0,0,1,0,1,0,0,0
985usa voter,927,3,0,0,0,1,1,0,1,0,0,1,0,0,1,0
985usa voter,927,3,1,0,0,0,0,1,0,0,0,1,0,1,0,0
986usa voter,928,1,0,0,0,1,0,1,0,0,0,1,0,0,1,1
986usa voter,928,1,1,0,0,1,1,0,0,1,0,0,1,1,0,0
986usa voter,928,2,1,0,1,0,1,0,0,0,1,1,0,1,0,0
986usa voter,928,2,0,0,1,0,0,1,1,0,0,0,0,0,1,1
986usa voter,928,3,1,0,0,0,0,0,0,0,1,1,0,1,0,0
986usa voter,928,3,0,0,1,0,1,0,0,0,1,0,1,0,1,1
987usa voter,929,1,1,0,1,0,1,0,0,0,1,0,0,0,1,1
987usa voter,929,1,0,0,0,0,1,0,0,0,0,0,1,0,1,0
987usa voter,929,2,0,0,1,0,1,0,1,0,0,0,1,0,1,1
987usa voter,929,2,1,0,0,1,0,1,1,0,0,0,1,0,1,1
987usa voter,929,3,1,0,0,1,0,0,0,0,1,0,0,0,1,1
987usa voter,929,3,0,0,0,0,0,1,0,1,0,1,0,1,0,1
988usa voter,930,1,0,1,0,0,0,0,0,0,1,0,1,0,1,1
988usa voter,930,1,1,1,0,0,1,0,1,0,0,0,1,1,0,1
988usa voter,930,2,0,0,1,0,0,0,0,0,1,1,0,0,1,0
988usa voter,930,2,1,0,1,0,0,1,0,0,0,0,0,0,0,1
988usa voter,930,3,0,0,1,0,0,0,0,0,1,0,0,0,1,0
988usa voter,930,3,1,0,0,0,1,0,0,0,1,1,0,1,0,0
989usa voter,931,1,0,0,0,0,0,1,0,1,0,0,0,0,1,0
989usa voter,931,1,1,0,0,0,0,1,0,0,1,0,1,0,0,0
989usa voter,931,2,0,0,1,0,0,0,0,0,1,1,0,0,0,0
989usa voter,931,2,1,0,0,1,0,1,0,0,1,0,0,0,0,1
989usa voter,931,3,1,0,1,0,0,1,1,0,0,0,1,0,1,0
989usa voter,931,3,0,0,0,1,1,0,0,0,0,1,0,0,1,1
990usa voter,932,1,1,0,0,1,0,0,0,1,0,0,1,1,0,0
990usa voter,932,1,0,0,1,0,0,0,1,0,0,0,0,0,0,0
990usa voter,932,2,0,0,0,0,0,0,0,0,0,0,0,1,0,0
990usa voter,932,2,1,0,0,1,0,0,0,1,0,1,0,0,1,0
990usa voter,932,3,0,1,0,0,1,0,0,0,0,1,0,0,0,1
990usa voter,932,3,1,0,0,1,0,0,1,0,0,1,0,0,0,1
991usa voter,933,1,1,0,0,0,0,1,1,0,0,0,1,0,1,0
991usa voter,933,1,0,1,0,0,0,1,0,1,0,0,0,0,0,1
991usa voter,933,2,1,0,0,1,0,0,0,1,0,0,1,0,0,1
991usa voter,933,2,0,0,0,1,1,0,0,1,0,1,0,1,0,0
991usa voter,933,3,1,0,0,1,1,0,0,1,0,0,1,0,0,1
991usa voter,933,3,0,0,1,0,0,1,0,0,1,1,0,0,0,0
992usa voter,934,1,1,0,1,0,1,0,0,0,1,0,1,0,1,1
992usa voter,934,1,0,1,0,0,0,1,0,0,1,0,1,1,0,1
992usa voter,934,2,1,0,0,0,1,0,0,1,0,0,0,1,0,1
992usa voter,934,2,0,0,0,1,1,0,1,0,0,0,1,0,1,1
992usa voter,934,3,1,1,0,0,0,0,1,0,0,0,0,0,0,1
992usa voter,934,3,0,0,1,0,0,1,1,0,0,1,0,0,1,1
993usa voter,935,1,0,0,0,0,0,1,1,0,0,0,0,0,1,1
993usa voter,935,1,1,0,0,0,1,0,0,1,0,0,1,0,1,1
993usa voter,935,2,1,0,1,0,0,0,0,1,0,0,1,1,0,0
993usa voter,935,2,0,0,1,0,1,0,0,0,0,0,1,0,0,0
993usa voter,935,3,1,1,0,0,0,1,0,0,0,0,1,0,0,0
993usa voter,935,3,0,0,0,1,1,0,1,0,0,0,0,0,1,0
994usa voter,936,1,0,0,0,1,0,0,0,0,0,0,1,0,1,0
994usa voter,936,1,1,0,0,1,1,0,0,1,0,0,0,1,0,0
994usa voter,936,2,0,0,0,0,0,1,1,0,0,1,0,0,0,1
994usa voter,936,2,1,1,0,0,1,0,0,1,0,0,1,1,0,1
994usa voter,936,3,1,1,0,0,0,1,0,0,0,1,0,0,0,1
994usa voter,936,3,0,0,0,0,0,0,0,0,0,0,1,0,1,0
996usa voter,937,1,0,0,0,0,0,0,1,0,0,1,0,1,0,1
996usa voter,937,1,1,0,0,1,0,1,0,1,0,1,0,1,0,0
996usa voter,937,2,0,0,0,1,0,1,0,1,0,0,0,0,1,1
996usa voter,937,2,1,0,0,1,0,0,1,0,0,1,0,0,1,1
996usa voter,937,3,0,0,0,0,1,0,0,0,1,0,1,0,1,0
996usa voter,937,3,1,1,0,0,0,0,0,0,1,0,1,0,0,1
997usa voter,938,1,0,0,0,0,0,0,0,0,1,0,1,0,1,0
997usa voter,938,1,1,0,1,0,0,1,0,1,0,0,0,0,1,0
997usa voter,938,2,0,1,0,0,0,1,1,0,0,1,0,0,1,0
997usa voter,938,2,1,0,0,0,0,0,0,0,0,0,0,0,0,0
997usa voter,938,3,0,0,0,0,0,0,0,0,1,0,1,0,0,0
997usa voter,938,3,1,1,0,0,1,0,0,0,1,0,0,0,0,0
998usa voter,939,1,1,0,1,0,0,1,0,0,0,0,1,1,0,1
998usa voter,939,1,0,1,0,0,1,0,0,1,0,0,1,0,0,0
998usa voter,939,2,1,0,0,1,0,1,0,0,1,1,0,1,0,1
998usa voter,939,2,0,1,0,0,0,0,0,0,1,0,0,0,0,1
998usa voter,939,3,1,0,1,0,1,0,0,0,0,1,0,0,1,1
998usa voter,939,3,0,0,0,1,0,1,1,0,0,0,0,0,1,0
999usa voter,940,1,0,0,1,0,1,0,1,0,0,1,0,0,1,0
999usa voter,940,1,1,0,1,0,0,0,0,0,0,0,1,0,0,1
999usa voter,940,2,0,0,0,0,0,0,0,0,1,0,0,1,0,1
999usa voter,940,2,1,0,1,0,0,1,1,0,0,0,1,0,0,1
999usa voter,940,3,0,1,0,0,0,1,1,0,0,0,0,1,0,0
999usa voter,940,3,1,1,0,0,0,0,0,0,1,0,0,0,1,1
1000usa voter,941,1,0,0,0,0,0,0,0,1,0,1,0,0,1,1
1000usa voter,941,1,1,1,0,0,0,1,0,0,1,0,1,0,0,0
1000usa voter,941,2,0,0,0,0,1,0,0,0,1,0,1,0,1,1
1000usa voter,941,2,1,0,1,0,0,1,0,0,1,1,0,0,0,0
1000usa voter,941,3,0,0,0,0,1,0,1,0,0,0,1,1,0,0
1000usa voter,941,3,1,1,0,0,0,0,1,0,0,0,1,1,0,0
1001usa voter,942,1,0,0,0,0,0,1,1,0,0,1,0,0,0,1
1001usa voter,942,1,1,0,0,0,0,1,0,0,1,0,0,0,1,0
1001usa voter,942,2,0,0,1,0,1,0,0,0,1,0,0,0,0,1
1001usa voter,942,2,1,1,0,0,0,0,0,1,0,0,1,1,0,0
1001usa voter,942,3,1,1,0,0,0,1,0,0,0,0,1,0,0,1
1001usa voter,942,3,0,0,1,0,1,0,0,0,0,1,0,0,1,1
1002usa voter,943,1,1,1,0,0,1,0,0,0,1,0,1,0,0,1
1002usa voter,943,1,0,0,0,1,0,0,1,0,0,0,1,0,0,1
1002usa voter,943,2,0,0,0,1,0,0,1,0,0,1,0,1,0,1
1002usa voter,943,2,1,1,0,0,1,0,0,1,0,0,0,0,1,0
1002usa voter,943,3,1,0,0,1,0,1,0,0,1,1,0,0,0,1
1002usa voter,943,3,0,0,0,1,1,0,0,0,1,0,0,0,1,0
1003usa voter,944,1,1,0,0,0,1,0,0,0,1,0,1,0,1,0
1003usa voter,944,1,0,0,1,0,1,0,0,1,0,0,0,1,0,0
1003usa voter,944,2,0,0,0,1,1,0,0,0,0,1,0,1,0,1
1003usa voter,944,2,1,0,1,0,0,1,0,0,1,1,0,0,0,0
1003usa voter,944,3,0,1,0,0,0,1,0,1,0,0,0,0,1,1
1003usa voter,944,3,1,1,0,0,0,0,1,0,0,1,0,1,0,1
1004usa voter,945,1,0,0,1,0,0,0,0,0,0,1,0,0,0,0
1004usa voter,945,1,1,1,0,0,0,1,0,1,0,0,1,1,0,0
1004usa voter,945,2,0,0,0,0,0,0,0,0,0,0,0,1,0,1
1004usa voter,945,2,1,0,1,0,0,0,0,0,0,1,0,0,1,0
1004usa voter,945,3,0,1,0,0,1,0,1,0,0,1,0,1,0,1
1004usa voter,945,3,1,0,1,0,0,1,0,0,0,0,1,0,0,1
1005usa voter,946,1,0,1,0,0,1,0,1,0,0,0,1,1,0,1
1005usa voter,946,1,1,0,0,0,0,0,0,1,0,0,0,0,1,0
1005usa voter,946,2,1,0,0,0,0,0,0,0,0,0,0,0,1,1
1005usa voter,946,2,0,0,1,0,0,0,1,0,0,0,0,0,0,0
1005usa voter,946,3,1,0,0,0,0,1,0,0,1,0,0,1,0,0
1005usa voter,946,3,0,0,1,0,0,1,1,0,0,0,0,1,0,1
1006usa voter,947,1,0,0,1,0,1,0,1,0,0,0,1,0,0,0
1006usa voter,947,1,1,0,0,0,0,0,0,1,0,0,0,1,0,0
1006usa voter,947,2,1,0,0,0,0,0,0,1,0,0,0,1,0,1
1006usa voter,947,2,0,0,0,1,1,0,0,0,0,1,0,0,1,0
1006usa voter,947,3,1,0,0,0,0,1,0,1,0,0,1,1,0,1
1006usa voter,947,3,0,0,0,0,0,1,0,0,1,0,1,1,0,0
1007usa voter,948,1,0,0,0,1,0,0,0,0,1,1,0,0,0,0
1007usa voter,948,1,1,1,0,0,1,0,0,0,0,1,0,1,0,1
1007usa voter,948,2,0,0,0,1,0,0,0,0,1,0,0,0,1,1
1007usa voter,948,2,1,0,0,0,0,0,0,0,1,0,0,0,1,0
1007usa voter,948,3,1,0,0,1,1,0,0,1,0,1,0,1,0,1
1007usa voter,948,3,0,0,1,0,0,0,1,0,0,0,0,0,1,1
1008usa voter,949,1,1,0,1,0,0,0,0,0,0,0,1,0,1,0
1008usa voter,949,1,0,1,0,0,0,0,0,0,0,0,0,0,1,1
1008usa voter,949,2,1,0,0,1,0,0,0,0,0,0,0,0,1,0
1008usa voter,949,2,0,0,0,0,0,1,1,0,0,0,0,0,1,1
1008usa voter,949,3,1,0,0,1,1,0,0,1,0,0,1,1,0,1
1008usa voter,949,3,0,0,0,0,0,1,1,0,0,0,1,1,0,1
1009usa voter,950,1,1,0,0,1,0,1,0,0,1,1,0,0,0,1
1009usa voter,950,1,0,1,0,0,1,0,0,0,0,1,0,0,0,1
1009usa voter,950,2,0,0,0,1,0,1,0,0,1,1,0,0,1,0
1009usa voter,950,2,1,0,0,1,0,1,1,0,0,1,0,0,1,0
1009usa voter,950,3,0,0,1,0,0,0,0,0,1,1,0,1,0,1
1009usa voter,950,3,1,0,0,1,0,0,0,0,1,0,1,0,0,1
1010usa voter,951,1,0,0,0,0,0,0,1,0,0,0,0,0,0,1
1010usa voter,951,1,1,0,0,1,0,1,0,1,0,1,0,0,0,1
1010usa voter,951,2,1,1,0,0,0,1,0,1,0,0,1,1,0,1
1010usa voter,951,2,0,0,0,1,0,1,0,0,0,0,0,0,0,1
1010usa voter,951,3,0,1,0,0,0,1,0,1,0,0,0,0,1,0
1010usa voter,951,3,1,1,0,0,1,0,1,0,0,1,0,1,0,1
1011usa voter,952,1,0,0,0,1,0,0,0,0,0,0,0,1,0,0
1011usa voter,952,1,1,0,0,1,0,0,0,0,0,0,1,1,0,0
1011usa voter,952,2,1,0,0,1,1,0,0,0,0,0,0,1,0,0
1011usa voter,952,2,0,0,0,1,0,0,1,0,0,0,1,1,0,1
1011usa voter,952,3,0,0,0,0,0,0,0,0,0,0,1,0,1,0
1011usa voter,952,3,1,1,0,0,1,0,0,1,0,0,0,0,0,1
1012usa voter,953,2,0,1,0,0,0,1,0,0,1,0,1,0,0,0
1012usa voter,953,2,1,0,1,0,0,1,1,0,0,1,0,0,1,1
1012usa voter,953,3,1,0,0,1,0,1,0,0,1,0,1,0,0,0
1012usa voter,953,3,0,0,1,0,1,0,1,0,0,0,1,0,0,1
1014usa voter,954,1,1,0,1,0,0,1,0,0,0,0,1,1,0,0
1014usa voter,954,1,0,0,1,0,0,1,0,0,1,1,0,0,0,1
1014usa voter,954,2,1,0,0,1,0,0,0,0,0,0,0,1,0,0
1014usa voter,954,2,0,0,1,0,1,0,0,0,1,1,0,0,1,1
1014usa voter,954,3,1,1,0,0,1,0,0,0,0,1,0,0,1,1
1014usa voter,954,3,0,1,0,0,0,1,0,1,0,1,0,1,0,1
1015usa voter,955,1,0,0,1,0,0,0,0,0,0,0,0,0,1,0
1015usa voter,955,1,1,0,1,0,0,1,0,0,1,0,1,1,0,0
1015usa voter,955,2,1,0,1,0,1,0,0,0,1,1,0,0,1,1
1015usa voter,955,2,0,0,0,0,1,0,1,0,0,1,0,1,0,1
1015usa voter,955,3,1,0,1,0,0,1,0,0,0,0,1,0,1,0
1015usa voter,955,3,0,0,0,1,0,1,0,1,0,0,0,1,0,1
1016usa voter,956,1,1,1,0,0,0,1,0,0,1,0,0,0,1,1
1016usa voter,956,1,0,0,1,0,1,0,1,0,0,0,1,0,1,0
1016usa voter,956,2,1,0,1,0,1,0,0,0,1,1,0,0,1,1
1016usa voter,956,2,0,0,0,0,1,0,0,0,1,0,1,0,1,0
1016usa voter,956,3,0,1,0,0,0,0,0,0,0,0,0,0,0,1
1016usa voter,956,3,1,0,1,0,1,0,0,0,1,0,1,0,0,0
1017usa voter,957,1,0,1,0,0,0,1,1,0,0,0,0,1,0,1
1017usa voter,957,1,1,0,0,1,0,0,0,1,0,0,0,0,1,1
1017usa voter,957,2,1,1,0,0,0,1,1,0,0,0,1,1,0,0
1017usa voter,957,2,0,1,0,0,1,0,0,0,0,1,0,0,0,1
1017usa voter,957,3,1,1,0,0,0,0,0,1,0,1,0,0,1,1
1017usa voter,957,3,0,0,0,0,1,0,1,0,0,0,0,0,0,1
1018usa voter,958,1,0,0,1,0,0,1,0,0,0,0,0,0,1,0
1018usa voter,958,1,1,0,0,1,0,0,0,1,0,0,0,1,0,1
1018usa voter,958,2,0,0,0,0,1,0,1,0,0,0,0,0,0,1
1018usa voter,958,2,1,1,0,0,1,0,0,0,0,0,0,1,0,1
1018usa voter,958,3,0,0,1,0,1,0,0,0,0,1,0,0,1,0
1018usa voter,958,3,1,0,0,1,0,0,0,1,0,0,0,1,0,0
1019usa voter,959,1,1,0,1,0,0,0,0,1,0,0,1,0,0,1
1019usa voter,959,1,0,0,0,0,0,1,0,0,0,1,0,0,0,0
1019usa voter,959,2,0,1,0,0,1,0,1,0,0,0,1,0,1,0
1019usa voter,959,2,1,0,0,1,1,0,1,0,0,0,1,0,1,0
1019usa voter,959,3,1,1,0,0,0,1,1,0,0,1,0,0,1,1
1019usa voter,959,3,0,0,0,0,0,0,0,0,0,1,0,0,0,0
1020usa voter,960,1,1,0,0,0,1,0,0,0,0,0,0,0,1,0
1020usa voter,960,1,0,0,0,0,0,0,0,0,0,0,1,0,0,0
1020usa voter,960,2,1,0,0,0,0,1,1,0,0,0,0,1,0,0
1020usa voter,960,2,0,0,0,1,0,0,0,0,1,0,1,0,1,0
1020usa voter,960,3,0,0,1,0,1,0,0,0,0,1,0,0,0,0
1020usa voter,960,3,1,0,0,1,1,0,0,1,0,0,0,1,0,1
1021usa voter,961,1,1,1,0,0,1,0,1,0,0,0,0,0,1,1
1021usa voter,961,1,0,1,0,0,0,0,0,1,0,0,1,1,0,0
1021usa voter,961,2,0,0,0,1,0,0,0,1,0,0,0,0,0,0
1021usa voter,961,2,1,1,0,0,0,1,0,1,0,1,0,0,0,0
1021usa voter,961,3,0,0,0,1,1,0,1,0,0,1,0,0,0,1
1021usa voter,961,3,1,0,0,0,0,0,1,0,0,1,0,1,0,1
1022usa voter,962,1,1,1,0,0,1,0,0,0,1,0,0,0,1,0
1022usa voter,962,1,0,1,0,0,0,1,0,0,0,0,1,0,0,0
1022usa voter,962,2,0,1,0,0,0,1,0,0,0,1,0,1,0,1
1022usa voter,962,2,1,0,1,0,0,0,0,0,0,1,0,0,1,1
1022usa voter,962,3,1,0,0,1,0,1,0,0,0,0,1,1,0,1
1022usa voter,962,3,0,1,0,0,1,0,0,0,1,0,1,0,1,0
1023usa voter,963,1,1,0,0,1,1,0,0,1,0,0,1,0,0,1
1023usa voter,963,1,0,0,0,1,1,0,1,0,0,0,1,1,0,1
1023usa voter,963,2,1,0,0,1,1,0,0,0,1,0,1,0,0,0
1023usa voter,963,2,0,0,0,1,1,0,0,1,0,1,0,0,0,0
1023usa voter,963,3,0,1,0,0,1,0,0,0,0,0,1,0,1,1
1023usa voter,963,3,1,0,0,0,0,0,0,1,0,0,1,1,0,0
1024usa voter,964,1,1,0,1,0,0,1,0,1,0,0,1,0,0,0
1024usa voter,964,1,0,1,0,0,1,0,0,0,1,0,1,0,0,0
1024usa voter,964,2,0,0,0,1,0,1,1,0,0,0,1,1,0,0
1024usa voter,964,2,1,0,0,0,1,0,0,0,0,0,0,0,0,1
1024usa voter,964,3,0,1,0,0,0,1,1,0,0,1,0,0,1,1
1024usa voter,964,3,1,1,0,0,1,0,0,0,1,1,0,0,1,0
1025usa voter,965,1,1,0,0,0,1,0,0,0,1,0,1,0,1,0
1025usa voter,965,1,0,0,0,0,0,0,0,1,0,0,0,0,0,1
1025usa voter,965,2,1,0,0,0,0,1,0,0,1,1,0,0,1,1
1025usa voter,965,2,0,1,0,0,0,1,0,1,0,0,0,0,1,1
1025usa voter,965,3,1,0,0,1,1,0,0,0,1,1,0,0,1,1
1025usa voter,965,3,0,0,1,0,1,0,0,0,1,1,0,0,1,1
1026usa voter,966,1,1,0,0,1,1,0,0,1,0,0,0,1,0,1
1026usa voter,966,1,0,0,1,0,0,0,1,0,0,0,1,1,0,1
1026usa voter,966,2,0,0,1,0,1,0,1,0,0,1,0,1,0,0
1026usa voter,966,2,1,1,0,0,1,0,0,0,0,0,1,0,0,0
1026usa voter,966,3,1,0,0,1,1,0,0,0,1,0,1,0,1,0
1026usa voter,966,3,0,0,1,0,1,0,0,0,1,0,0,0,1,1
1027usa voter,967,1,1,0,0,1,0,0,0,0,1,0,1,0,0,1
1027usa voter,967,1,0,0,1,0,1,0,1,0,0,0,0,0,0,1
1027usa voter,967,2,1,0,0,0,1,0,0,0,0,1,0,0,0,1
1027usa voter,967,2,0,0,0,1,0,1,1,0,0,0,1,0,1,1
1027usa voter,967,3,0,1,0,0,0,1,1,0,0,1,0,0,1,0
1027usa voter,967,3,1,0,1,0,1,0,0,1,0,0,1,0,0,0
1028usa voter,968,1,1,0,0,0,0,1,0,0,1,1,0,0,1,1
1028usa voter,968,1,0,0,0,1,1,0,0,0,0,0,1,0,0,1
1028usa voter,968,2,0,0,1,0,1,0,0,0,0,0,0,0,0,1
1028usa voter,968,2,1,0,1,0,0,0,0,0,1,1,0,1,0,0
1028usa voter,968,3,0,1,0,0,0,1,0,1,0,0,0,0,0,1
1028usa voter,968,3,1,0,0,0,0,1,0,1,0,0,0,0,0,0
1029usa voter,969,1,1,1,0,0,0,1,1,0,0,1,0,0,1,0
1029usa voter,969,1,0,1,0,0,1,0,1,0,0,1,0,1,0,0
1029usa voter,969,2,1,0,1,0,0,0,0,0,1,0,1,0,1,0
1029usa voter,969,2,0,0,0,0,0,1,0,0,1,1,0,0,1,1
1029usa voter,969,3,1,1,0,0,0,0,0,0,1,1,0,1,0,0
1029usa voter,969,3,0,0,0,0,0,0,0,0,0,0,0,0,1,1
1030usa voter,970,1,1,0,0,1,1,0,1,0,0,0,1,1,0,1
1030usa voter,970,1,0,0,0,0,1,0,1,0,0,0,0,0,0,0
1030usa voter,970,2,0,1,0,0,0,1,1,0,0,1,0,0,1,1
1030usa voter,970,2,1,1,0,0,1,0,0,1,0,0,0,1,0,1
1030usa voter,970,3,1,0,1,0,1,0,0,1,0,0,1,0,0,1
1030usa voter,970,3,0,1,0,0,1,0,1,0,0,0,0,0,1,1
1031usa voter,971,1,1,0,1,0,1,0,0,0,0,0,1,1,0,1
1031usa voter,971,1,0,0,0,0,0,0,0,0,0,0,1,0,0,0
1031usa voter,971,2,1,0,0,1,0,0,0,0,1,0,0,0,0,0
1031usa voter,971,2,0,0,0,0,0,1,0,0,0,0,0,1,0,0
1031usa voter,971,3,0,0,0,0,0,0,0,1,0,0,1,0,1,1
1031usa voter,971,3,1,1,0,0,1,0,0,0,1,0,0,1,0,0
1032usa voter,972,1,1,1,0,0,0,0,1,0,0,1,0,0,1,1
1032usa voter,972,1,0,0,1,0,1,0,0,0,1,1,0,0,1,0
1032usa voter,972,2,1,0,0,0,0,1,1,0,0,0,0,0,1,0
1032usa voter,972,2,0,0,1,0,0,0,0,1,0,0,0,0,1,1
1032usa voter,972,3,0,0,0,0,1,0,0,0,0,0,1,0,0,1
1032usa voter,972,3,1,0,1,0,0,1,1,0,0,0,1,0,1,0
1033usa voter,973,1,1,0,0,0,0,0,1,0,0,0,1,1,0,0
1033usa voter,973,1,0,0,0,1,0,1,0,0,1,1,0,0,1,0
1033usa voter,973,2,0,0,0,1,0,1,0,1,0,0,1,1,0,0
1033usa voter,973,2,1,0,1,0,0,1,0,0,0,0,0,0,0,0
1033usa voter,973,3,1,0,0,0,1,0,0,0,0,0,1,0,0,1
1033usa voter,973,3,0,0,0,1,1,0,0,0,0,0,1,0,1,1
1034usa voter,974,1,0,0,1,0,1,0,0,0,1,0,0,0,1,1
1034usa voter,974,1,1,0,1,0,1,0,0,1,0,0,1,0,0,1
1034usa voter,974,2,0,0,0,0,0,0,0,1,0,0,1,0,0,1
1034usa voter,974,2,1,0,0,0,0,0,0,0,1,0,0,1,0,1
1034usa voter,974,3,1,0,0,1,1,0,1,0,0,0,1,0,0,1
1034usa voter,974,3,0,0,0,0,1,0,0,0,0,0,0,1,0,1
1035usa voter,975,1,1,0,1,0,1,0,0,1,0,0,0,1,0,0
1035usa voter,975,1,0,0,0,1,0,1,0,0,0,0,0,0,0,1
1035usa voter,975,2,1,0,1,0,0,1,1,0,0,0,1,1,0,1
1035usa voter,975,2,0,0,0,0,0,0,1,0,0,1,0,1,0,0
1035usa voter,975,3,1,0,0,0,0,1,0,0,0,0,0,0,0,1
1035usa voter,975,3,0,1,0,0,0,0,0,0,1,1,0,0,1,1
1036usa voter,976,1,1,1,0,0,0,1,0,0,1,1,0,1,0,0
1036usa voter,976,1,0,0,0,1,0,0,0,1,0,0,0,0,1,1
1036usa voter,976,2,0,0,0,1,1,0,0,1,0,1,0,0,0,0
1036usa voter,976,2,1,0,0,0,0,0,0,0,1,1,0,1,0,0
1036usa voter,976,3,1,0,0,1,1,0,0,0,0,0,0,0,0,1
1036usa voter,976,3,0,1,0,0,1,0,0,1,0,0,0,0,1,1
1037usa voter,977,1,1,1,0,0,0,1,0,1,0,0,0,0,0,1
1037usa voter,977,1,0,0,0,0,0,0,0,0,0,0,0,0,0,1
1037usa voter,977,2,0,0,0,0,0,1,1,0,0,1,0,0,1,1
1037usa voter,977,2,1,1,0,0,1,0,0,0,1,0,0,0,1,1
1037usa voter,977,3,1,0,0,0,1,0,0,0,0,0,0,0,1,1
1037usa voter,977,3,0,1,0,0,0,0,0,0,0,0,0,1,0,0
1038usa voter,978,1,1,0,0,1,0,1,0,0,1,0,0,1,0,0
1038usa voter,978,1,0,0,0,0,0,1,0,0,0,1,0,0,0,1
1038usa voter,978,2,1,0,0,0,0,0,1,0,0,0,1,0,0,1
1038usa voter,978,2,0,0,0,1,1,0,0,1,0,0,0,1,0,1
1038usa voter,978,3,1,1,0,0,0,0,0,1,0,0,1,1,0,1
1038usa voter,978,3,0,0,0,0,1,0,0,0,1,0,1,0,0,0
1039usa voter,979,1,0,0,0,1,0,1,0,1,0,0,0,0,1,0
1039usa voter,979,1,1,1,0,0,0,1,0,0,0,0,0,0,1,0
1039usa voter,979,2,0,0,0,1,1,0,0,0,0,0,0,0,0,0
1039usa voter,979,2,1,0,1,0,0,1,1,0,0,1,0,0,1,0
1039usa voter,979,3,0,0,0,1,0,0,0,0,1,0,1,0,1,1
1039usa voter,979,3,1,1,0,0,0,1,0,0,1,1,0,1,0,0
1040usa voter,980,1,1,0,0,0,0,0,1,0,0,1,0,0,0,0
1040usa voter,980,1,0,0,1,0,0,0,0,0,1,0,0,1,0,1
1040usa voter,980,2,0,0,1,0,1,0,0,0,0,1,0,0,1,1
1040usa voter,980,2,1,1,0,0,0,1,1,0,0,1,0,1,0,1
1040usa voter,980,3,0,1,0,0,1,0,0,0,0,1,0,0,0,0
1040usa voter,980,3,1,1,0,0,0,0,1,0,0,0,0,0,0,1
1041usa voter,981,1,1,1,0,0,0,0,1,0,0,1,0,1,0,0
1041usa voter,981,1,0,1,0,0,1,0,0,1,0,0,1,1,0,0
1041usa voter,981,2,0,0,1,0,1,0,0,0,1,0,0,1,0,0
1041usa voter,981,2,1,0,0,1,0,0,0,0,0,1,0,1,0,1
1041usa voter,981,3,1,0,0,0,0,0,0,0,1,1,0,0,0,1
1041usa voter,981,3,0,1,0,0,0,1,1,0,0,0,0,0,1,1
1042usa voter,982,1,0,1,0,0,1,0,1,0,0,0,1,0,1,0
1042usa voter,982,1,1,0,0,0,0,0,0,1,0,0,1,1,0,1
1042usa voter,982,2,0,0,0,1,0,0,1,0,0,0,1,0,0,1
1042usa voter,982,2,1,0,0,0,0,1,0,0,0,0,0,0,0,1
1042usa voter,982,3,0,0,0,0,0,0,0,1,0,1,0,1,0,1
1042usa voter,982,3,1,0,0,0,1,0,0,0,1,0,1,0,0,1
1043usa voter,983,1,0,0,0,1,0,0,0,0,0,0,1,1,0,1
1043usa voter,983,1,1,0,0,1,1,0,0,1,0,0,0,0,1,0
1043usa voter,983,2,0,0,1,0,0,0,1,0,0,1,0,0,0,1
1043usa voter,983,2,1,0,0,0,0,1,0,0,0,0,0,0,1,0
1043usa voter,983,3,1,0,1,0,0,1,0,1,0,0,0,1,0,1
1043usa voter,983,3,0,0,0,1,1,0,1,0,0,0,1,1,0,1
1044usa voter,984,1,0,1,0,0,0,1,0,0,1,1,0,1,0,1
1044usa voter,984,1,1,0,0,0,0,1,0,1,0,1,0,0,0,1
1044usa voter,984,2,1,1,0,0,0,0,0,1,0,0,0,0,0,0
1044usa voter,984,2,0,1,0,0,0,1,0,1,0,1,0,1,0,1
1044usa voter,984,3,1,0,0,1,0,1,0,1,0,1,0,1,0,1
1044usa voter,984,3,0,0,0,0,1,0,0,0,1,0,1,0,1,0
1045usa voter,985,1,0,1,0,0,1,0,0,0,0,1,0,0,1,1
1045usa voter,985,1,1,1,0,0,0,1,0,1,0,0,0,0,0,1
1045usa voter,985,2,0,0,0,0,0,0,0,0,0,0,0,1,0,0
1045usa voter,985,2,1,1,0,0,1,0,1,0,0,1,0,0,0,1
1045usa voter,985,3,0,0,0,1,1,0,1,0,0,1,0,0,1,1
1045usa voter,985,3,1,0,0,1,1,0,0,1,0,0,1,1,0,1
1046usa voter,986,1,1,0,1,0,0,0,0,0,1,0,0,1,0,0
1046usa voter,986,1,0,0,0,0,0,0,1,0,0,1,0,0,1,1
1046usa voter,986,2,1,0,0,1,1,0,0,0,1,0,0,0,0,0
1046usa voter,986,2,0,0,0,0,0,1,1,0,0,0,0,0,0,0
1046usa voter,986,3,1,0,0,1,0,1,0,0,0,0,1,0,0,0
1046usa voter,986,3,0,0,1,0,0,0,1,0,0,1,0,0,1,0
1048usa voter,987,1,0,1,0,0,1,0,1,0,0,0,1,1,0,0
1048usa voter,987,1,1,0,0,0,1,0,0,1,0,0,1,0,0,1
1048usa voter,987,2,1,0,1,0,1,0,0,0,0,0,0,0,1,0
1048usa voter,987,2,0,0,0,1,0,1,0,1,0,0,1,0,0,0
1048usa voter,987,3,0,0,0,1,1,0,0,1,0,0,0,0,1,0
1048usa voter,987,3,1,0,0,0,0,0,0,0,1,1,0,0,0,0
1049usa voter,988,1,0,0,1,0,0,0,0,1,0,1,0,0,1,1
1049usa voter,988,1,1,1,0,0,1,0,0,1,0,1,0,0,1,0
1049usa voter,988,2,1,0,1,0,0,1,0,1,0,1,0,1,0,1
1049usa voter,988,2,0,0,0,0,0,1,0,1,0,0,0,0,1,1
1049usa voter,988,3,0,0,0,0,0,1,0,0,1,1,0,1,0,1
1049usa voter,988,3,1,1,0,0,1,0,0,0,1,0,1,1,0,0
1050usa voter,989,1,0,1,0,0,0,0,0,0,0,0,1,1,0,1
1050usa voter,989,1,1,1,0,0,0,1,1,0,0,0,1,0,0,0
1050usa voter,989,2,0,0,1,0,1,0,0,0,0,0,1,0,0,0
1050usa voter,989,2,1,1,0,0,0,0,0,0,1,0,0,0,0,1
1050usa voter,989,3,1,0,0,1,0,1,0,0,1,0,0,0,0,0
1050usa voter,989,3,0,0,1,0,1,0,0,1,0,0,0,0,1,1
1051usa voter,990,1,1,1,0,0,0,1,0,0,0,0,0,1,0,1
1051usa voter,990,1,0,1,0,0,0,1,1,0,0,1,0,0,0,0
1051usa voter,990,2,0,0,0,1,0,1,1,0,0,0,0,0,0,1
1051usa voter,990,2,1,0,0,1,0,1,0,1,0,1,0,0,1,1
1051usa voter,990,3,1,0,0,1,1,0,0,1,0,0,1,0,1,0
1051usa voter,990,3,0,0,0,1,0,0,0,1,0,0,1,0,1,0
1052usa voter,991,1,1,0,0,1,1,0,0,0,1,0,1,1,0,0
1052usa voter,991,1,0,0,1,0,0,0,0,1,0,1,0,1,0,0
1052usa voter,991,2,1,0,1,0,1,0,1,0,0,0,0,0,1,1
1052usa voter,991,2,0,0,0,1,1,0,0,0,1,1,0,0,0,0
1052usa voter,991,3,1,0,1,0,1,0,1,0,0,0,1,0,1,1
1052usa voter,991,3,0,0,0,0,0,1,0,0,0,0,0,0,1,1
1053usa voter,992,1,0,0,0,0,0,0,0,0,1,1,0,0,1,0
1053usa voter,992,1,1,0,0,0,0,1,1,0,0,0,0,0,0,1
1053usa voter,992,2,1,1,0,0,1,0,0,0,1,1,0,0,1,0
1053usa voter,992,2,0,0,1,0,0,0,0,1,0,1,0,0,0,1
1053usa voter,992,3,1,0,0,1,0,1,0,1,0,1,0,0,0,0
1053usa voter,992,3,0,0,0,0,1,0,0,0,0,1,0,0,0,1
1054usa voter,993,1,1,0,1,0,0,0,1,0,0,0,1,0,0,0
1054usa voter,993,1,0,0,0,1,0,1,0,0,1,1,0,0,1,0
1054usa voter,993,2,1,0,0,1,1,0,1,0,0,1,0,1,0,1
1054usa voter,993,2,0,0,0,0,1,0,1,0,0,1,0,0,1,0
1054usa voter,993,3,1,0,0,0,1,0,0,1,0,1,0,0,1,0
1054usa voter,993,3,0,0,0,1,1,0,1,0,0,1,0,1,0,0
1055usa voter,994,1,1,0,1,0,1,0,1,0,0,1,0,1,0,1
1055usa voter,994,1,0,1,0,0,0,1,0,0,0,0,1,1,0,0
1055usa voter,994,2,1,0,1,0,0,1,1,0,0,1,0,0,0,0
1055usa voter,994,2,0,0,0,0,0,1,1,0,0,1,0,1,0,0
1055usa voter,994,3,0,1,0,0,0,1,1,0,0,0,1,1,0,1
1055usa voter,994,3,1,0,1,0,0,0,0,0,0,1,0,0,0,0
1056usa voter,995,1,1,1,0,0,1,0,1,0,0,1,0,0,0,1
1056usa voter,995,1,0,0,0,0,0,0,0,0,0,0,0,1,0,0
1056usa voter,995,2,1,0,0,1,0,0,0,1,0,0,0,0,1,1
1056usa voter,995,2,0,0,0,0,1,0,0,0,0,0,1,1,0,0
1056usa voter,995,3,0,0,0,1,1,0,0,1,0,0,1,0,1,1
1056usa voter,995,3,1,0,1,0,0,1,0,1,0,0,1,1,0,0
1057usa voter,996,1,1,0,0,1,0,1,0,0,1,0,1,0,0,1
1057usa voter,996,1,0,1,0,0,0,1,0,1,0,1,0,0,1,1
1057usa voter,996,2,1,1,0,0,0,0,1,0,0,0,0,1,0,0
1057usa voter,996,2,0,0,1,0,0,0,0,0,0,0,0,0,0,0
1057usa voter,996,3,0,0,0,1,0,0,0,1,0,0,1,0,0,1
1057usa voter,996,3,1,0,0,0,0,1,1,0,0,1,0,1,0,1
1058usa voter,997,1,1,0,1,0,0,0,0,1,0,0,1,0,0,1
1058usa voter,997,1,0,0,0,0,0,0,0,0,0,1,0,0,1,1
1058usa voter,997,2,0,1,0,0,0,1,0,0,1,0,0,0,1,1
1058usa voter,997,2,1,0,0,1,0,0,0,0,1,0,1,1,0,0
1058usa voter,997,3,1,0,1,0,0,1,0,0,1,0,0,1,0,1
1058usa voter,997,3,0,0,0,0,0,0,0,0,1,0,0,1,0,0
1059usa voter,998,1,1,1,0,0,1,0,0,0,1,0,0,0,0,0
1059usa voter,998,1,0,0,1,0,0,0,0,1,0,1,0,1,0,0
1059usa voter,998,2,0,0,0,0,0,1,1,0,0,0,0,1,0,1
1059usa voter,998,2,1,0,1,0,1,0,1,0,0,0,0,1,0,0
1059usa voter,998,3,0,1,0,0,1,0,0,0,0,1,0,0,1,0
1059usa voter,998,3,1,0,1,0,0,1,0,0,0,0,0,0,1,1
1060usa voter,999,1,1,0,1,0,1,0,0,1,0,1,0,0,0,0
1060usa voter,999,1,0,1,0,0,0,1,0,0,1,0,1,0,0,1
1060usa voter,999,2,0,1,0,0,0,1,1,0,0,0,0,0,0,0
1060usa voter,999,2,1,0,1,0,0,1,0,0,1,1,0,0,0,1
1060usa voter,999,3,1,0,0,0,0,0,0,0,0,1,0,0,1,0
1060usa voter,999,3,0,0,0,0,0,1,1,0,0,0,0,1,0,1
1061usa voter,1000,1,0,0,0,1,0,1,0,0,1,0,0,0,1,1
1061usa voter,1000,1,1,0,0,1,1,0,0,0,0,0,0,0,1,1
1061usa voter,1000,2,1,0,0,1,0,0,0,1,0,0,0,0,1,1
1061usa voter,1000,2,0,0,0,0,0,0,1,0,0,0,0,0,0,0
1061usa voter,1000,3,0,0,1,0,0,0,0,1,0,1,0,0,1,1
1061usa voter,1000,3,1,1,0,0,1,0,0,0,0,0,0,0,1,1
1062usa voter,1001,1,1,0,0,0,1,0,0,1,0,0,0,1,0,0
1062usa voter,1001,1,0,0,1,0,0,1,0,0,0,1,0,0,1,1
1062usa voter,1001,2,0,0,1,0,0,0,0,0,0,0,1,1,0,1
1062usa voter,1001,2,1,0,0,0,0,0,0,1,0,0,0,1,0,1
1062usa voter,1001,3,1,1,0,0,0,1,0,0,0,0,0,0,0,0
1062usa voter,1001,3,0,0,0,1,0,0,0,0,1,0,1,0,0,1
1063usa voter,1002,1,0,0,0,1,1,0,0,0,0,0,0,0,0,1
1063usa voter,1002,1,1,0,0,0,0,1,1,0,0,1,0,0,1,0
1063usa voter,1002,2,1,0,0,1,1,0,0,1,0,0,1,1,0,0
1063usa voter,1002,2,0,1,0,0,0,0,0,0,1,0,1,0,1,1
1063usa voter,1002,3,1,1,0,0,0,0,0,1,0,0,0,1,0,1
1063usa voter,1002,3,0,0,0,1,1,0,1,0,0,0,0,0,0,0
1064usa voter,1003,1,1,1,0,0,1,0,0,0,1,1,0,0,1,0
1064usa voter,1003,1,0,0,0,1,0,1,0,0,1,0,0,1,0,0
1065usa voter,1004,1,0,0,0,0,0,1,0,0,1,0,1,0,1,0
1065usa voter,1004,1,1,1,0,0,0,1,0,0,0,0,0,1,0,0
1065usa voter,1004,2,0,1,0,0,1,0,0,0,1,1,0,0,0,1
1065usa voter,1004,2,1,0,0,1,0,1,0,0,0,0,1,1,0,0
1065usa voter,1004,3,1,0,1,0,0,1,0,0,1,1,0,0,0,1
1065usa voter,1004,3,0,1,0,0,1,0,0,1,0,0,0,1,0,0
1066usa voter,1005,1,0,0,1,0,1,0,1,0,0,0,1,0,1,0
1066usa voter,1005,1,1,0,0,0,0,1,0,0,1,0,1,1,0,1
1066usa voter,1005,2,1,0,0,0,0,0,0,1,0,1,0,1,0,1
1066usa voter,1005,2,0,1,0,0,0,1,0,0,0,0,0,0,0,1
1066usa voter,1005,3,1,0,0,1,1,0,1,0,0,1,0,0,0,1
1066usa voter,1005,3,0,0,0,1,0,0,0,0,0,0,0,1,0,0
1068usa voter,1006,1,0,0,0,1,0,0,1,0,0,0,1,0,1,1
1068usa voter,1006,1,1,0,0,1,1,0,0,1,0,1,0,1,0,1
1068usa voter,1006,2,1,0,1,0,0,0,0,0,0,1,0,1,0,0
1068usa voter,1006,2,0,0,0,0,1,0,1,0,0,1,0,1,0,1
1068usa voter,1006,3,0,0,1,0,0,0,0,1,0,1,0,1,0,0
1068usa voter,1006,3,1,1,0,0,0,1,0,0,0,0,0,1,0,0
1069usa voter,1007,1,0,0,0,0,0,0,1,0,0,1,0,0,1,1
1069usa voter,1007,1,1,1,0,0,0,0,0,0,1,1,0,0,1,0
1069usa voter,1007,2,1,0,0,0,0,0,0,0,1,1,0,0,1,0
1069usa voter,1007,2,0,0,1,0,0,1,0,1,0,0,0,0,1,1
1069usa voter,1007,3,1,0,0,1,0,1,0,0,1,0,0,0,1,1
1069usa voter,1007,3,0,0,0,0,0,1,0,0,1,1,0,0,0,1
1071usa voter,1008,1,1,0,0,1,0,1,0,0,1,0,0,0,1,0
1071usa voter,1008,1,0,0,1,0,0,0,1,0,0,1,0,0,0,1
1071usa voter,1008,2,0,0,1,0,0,1,0,0,0,1,0,0,0,0
1071usa voter,1008,2,1,0,1,0,1,0,0,0,0,1,0,1,0,0
1071usa voter,1008,3,0,0,0,0,1,0,1,0,0,1,0,0,0,0
1071usa voter,1008,3,1,0,0,1,1,0,0,0,1,0,0,0,0,1
1072usa voter,1009,1,0,0,1,0,1,0,0,1,0,0,1,1,0,1
1072usa voter,1009,1,1,1,0,0,0,0,0,0,0,0,1,0,0,1
1072usa voter,1009,2,0,0,1,0,0,0,1,0,0,0,0,0,1,1
1072usa voter,1009,2,1,0,0,0,0,0,0,1,0,0,1,1,0,1
1072usa voter,1009,3,1,1,0,0,0,0,0,0,0,0,0,0,0,1
1072usa voter,1009,3,0,0,0,1,0,0,0,1,0,0,0,0,1,1
1073usa voter,1010,1,0,0,0,1,0,1,1,0,0,0,0,1,0,1
1073usa voter,1010,1,1,0,0,1,0,1,0,0,0,1,0,0,1,0
1073usa voter,1010,2,1,0,1,0,1,0,0,1,0,1,0,1,0,0
1073usa voter,1010,2,0,0,0,0,0,0,0,1,0,0,1,0,1,1
1073usa voter,1010,3,1,0,0,1,1,0,0,1,0,0,1,0,1,0
1073usa voter,1010,3,0,0,1,0,1,0,0,0,0,0,0,0,1,0
1074usa voter,1011,1,0,0,0,1,1,0,1,0,0,0,1,1,0,1
1074usa voter,1011,1,1,0,0,1,0,1,0,0,1,0,0,0,0,1
1074usa voter,1011,2,1,0,0,1,1,0,0,0,1,1,0,1,0,0
1074usa voter,1011,2,0,0,0,0,0,1,0,1,0,0,1,0,0,1
1074usa voter,1011,3,0,1,0,0,0,1,0,0,1,1,0,0,1,1
1074usa voter,1011,3,1,0,1,0,1,0,1,0,0,1,0,1,0,1
1075usa voter,1012,2,1,0,0,1,0,0,1,0,0,1,0,0,1,1
1075usa voter,1012,2,0,1,0,0,1,0,0,0,1,0,1,0,1,1
1075usa voter,1012,3,1,0,1,0,0,0,1,0,0,0,0,0,1,0
1075usa voter,1012,3,0,1,0,0,0,1,0,1,0,0,0,1,0,0
1076usa voter,1013,1,0,0,1,0,0,0,0,1,0,0,1,1,0,1
1076usa voter,1013,1,1,0,1,0,0,0,0,0,1,0,1,0,1,1
1076usa voter,1013,2,1,0,0,0,0,1,0,0,0,0,0,1,0,1
1076usa voter,1013,2,0,0,1,0,1,0,1,0,0,0,0,0,1,1
1076usa voter,1013,3,1,0,1,0,0,0,1,0,0,0,1,0,1,0
1076usa voter,1013,3,0,0,0,0,1,0,1,0,0,0,1,0,1,1
1077usa voter,1014,1,0,0,1,0,0,0,1,0,0,0,1,1,0,1
1077usa voter,1014,1,1,0,1,0,0,0,0,0,0,1,0,0,0,0
1077usa voter,1014,2,0,0,1,0,0,0,0,0,0,0,1,0,0,1
1077usa voter,1014,2,1,0,1,0,0,0,0,0,1,0,1,0,0,0
1077usa voter,1014,3,1,0,1,0,0,1,0,1,0,0,1,1,0,0
1077usa voter,1014,3,0,1,0,0,0,0,1,0,0,0,0,0,1,0
1078usa voter,1015,1,0,0,0,0,0,0,0,0,1,0,1,0,1,0
1078usa voter,1015,1,1,0,0,0,1,0,1,0,0,0,0,0,1,1
1078usa voter,1015,2,1,1,0,0,0,1,0,1,0,1,0,1,0,1
1078usa voter,1015,2,0,0,1,0,1,0,0,0,0,1,0,0,0,1
1078usa voter,1015,3,1,0,0,0,0,1,1,0,0,1,0,1,0,0
1078usa voter,1015,3,0,0,1,0,0,1,0,0,0,1,0,0,1,1
1079usa voter,1016,1,0,1,0,0,1,0,1,0,0,0,0,0,1,1
1079usa voter,1016,1,1,0,1,0,0,1,0,1,0,0,0,0,0,1
1079usa voter,1016,2,1,1,0,0,0,1,0,0,0,0,1,1,0,0
1079usa voter,1016,2,0,0,0,0,1,0,1,0,0,0,0,1,0,1
1079usa voter,1016,3,0,0,1,0,1,0,1,0,0,0,1,0,1,0
1079usa voter,1016,3,1,0,0,0,0,0,0,1,0,1,0,1,0,1
1080usa voter,1017,1,1,0,0,1,0,0,0,0,0,0,1,0,0,0
1080usa voter,1017,1,0,1,0,0,0,1,0,1,0,0,0,0,1,0
1080usa voter,1017,2,0,1,0,0,1,0,1,0,0,1,0,0,0,0
1080usa voter,1017,2,1,1,0,0,0,1,0,0,1,0,1,1,0,0
1080usa voter,1017,3,0,0,0,1,0,0,0,1,0,0,1,1,0,0
1080usa voter,1017,3,1,1,0,0,0,0,0,0,1,0,1,0,0,1
1081usa voter,1018,1,0,0,1,0,0,0,1,0,0,0,1,0,0,1
1081usa voter,1018,1,1,0,0,1,0,0,0,0,1,0,0,0,0,0
1081usa voter,1018,2,0,1,0,0,0,1,0,0,0,1,0,0,0,0
1081usa voter,1018,2,1,0,0,1,1,0,1,0,0,0,1,1,0,1
1081usa voter,1018,3,1,0,0,1,0,0,0,0,0,1,0,0,1,1
1081usa voter,1018,3,0,0,0,0,0,0,0,1,0,0,0,0,1,0
1082usa voter,1019,1,1,0,0,1,1,0,0,0,1,0,1,1,0,0
1082usa voter,1019,1,0,0,0,1,0,1,0,0,1,0,1,0,0,0
1082usa voter,1019,2,0,0,0,1,0,1,1,0,0,1,0,0,1,1
1082usa voter,1019,2,1,1,0,0,0,0,1,0,0,0,1,0,1,1
1082usa voter,1019,3,0,0,0,1,0,0,0,0,1,0,0,0,0,0
1082usa voter,1019,3,1,0,1,0,1,0,0,0,1,0,0,0,0,0
1083usa voter,1020,1,0,0,0,0,1,0,0,0,1,0,1,0,0,0
1083usa voter,1020,1,1,0,0,1,1,0,0,1,0,0,1,1,0,0
1083usa voter,1020,2,0,0,0,0,0,0,0,0,0,1,0,0,0,1
1083usa voter,1020,2,1,0,1,0,1,0,0,0,1,0,0,0,0,1
1083usa voter,1020,3,0,1,0,0,1,0,0,0,1,1,0,0,1,1
1083usa voter,1020,3,1,0,0,1,0,1,0,1,0,0,1,0,0,1
1084usa voter,1021,1,1,1,0,0,0,1,0,0,0,0,1,0,1,1
1084usa voter,1021,1,0,1,0,0,0,0,1,0,0,1,0,0,0,0
1084usa voter,1021,2,1,0,0,1,0,0,1,0,0,0,0,1,0,1
1084usa voter,1021,2,0,0,0,0,0,1,0,0,0,0,1,0,1,1
1084usa voter,1021,3,0,1,0,0,0,1,1,0,0,0,1,0,0,1
1084usa voter,1021,3,1,0,0,1,1,0,0,0,1,1,0,1,0,1
1085usa voter,1022,1,1,0,0,1,1,0,1,0,0,0,0,0,1,1
1085usa voter,1022,1,0,0,0,1,0,0,0,1,0,0,1,0,1,0
1085usa voter,1022,2,1,0,0,1,1,0,1,0,0,0,1,0,1,0
1085usa voter,1022,2,0,0,0,0,1,0,1,0,0,0,0,0,0,1
1085usa voter,1022,3,1,0,0,0,0,1,0,0,1,0,1,1,0,1
1085usa voter,1022,3,0,0,0,0,1,0,0,0,0,1,0,1,0,0
1086usa voter,1023,1,0,0,0,0,0,0,0,0,1,0,0,1,0,0
1086usa voter,1023,1,1,1,0,0,0,1,0,0,0,1,0,0,0,1
1086usa voter,1023,2,0,1,0,0,0,0,0,0,1,0,1,1,0,1
1086usa voter,1023,2,1,0,0,1,1,0,0,1,0,1,0,1,0,1
1086usa voter,1023,3,1,1,0,0,0,1,1,0,0,1,0,0,0,0
1086usa voter,1023,3,0,1,0,0,0,0,1,0,0,0,0,1,0,1
1087usa voter,1024,1,0,0,1,0,0,0,0,0,0,1,0,1,0,0
1087usa voter,1024,1,1,0,1,0,0,1,1,0,0,0,1,1,0,1
1087usa voter,1024,2,1,1,0,0,1,0,1,0,0,0,1,0,1,0
1087usa voter,1024,2,0,0,0,0,1,0,1,0,0,0,0,0,1,1
1087usa voter,1024,3,1,0,0,1,0,1,1,0,0,0,0,0,0,1
1087usa voter,1024,3,0,1,0,0,1,0,0,0,0,1,0,1,0,0
1088usa voter,1025,1,0,0,1,0,0,1,1,0,0,0,1,0,1,1
1088usa voter,1025,1,1,0,1,0,0,1,1,0,0,0,1,1,0,0
1088usa voter,1025,2,1,1,0,0,1,0,0,1,0,0,1,0,1,0
1088usa voter,1025,2,0,0,0,0,0,0,0,0,0,0,0,1,0,0
1088usa voter,1025,3,0,0,0,1,0,0,0,0,0,0,0,0,1,1
1088usa voter,1025,3,1,0,0,1,0,1,1,0,0,0,0,1,0,0
1089usa voter,1026,1,1,0,0,1,0,0,0,0,0,0,0,0,1,0
1089usa voter,1026,1,0,1,0,0,1,0,1,0,0,0,0,0,1,0
1089usa voter,1026,2,1,0,1,0,0,1,0,1,0,1,0,0,1,1
1089usa voter,1026,2,0,0,1,0,0,0,0,0,0,0,1,0,1,0
1089usa voter,1026,3,1,0,0,1,1,0,1,0,0,0,0,0,0,1
1089usa voter,1026,3,0,1,0,0,1,0,0,0,1,0,1,0,1,1
1090usa voter,1027,1,1,1,0,0,0,1,0,0,1,1,0,0,1,1
1090usa voter,1027,1,0,0,0,1,0,1,1,0,0,1,0,1,0,1
1090usa voter,1027,2,1,1,0,0,1,0,1,0,0,1,0,0,1,0
1090usa voter,1027,2,0,0,0,1,0,0,1,0,0,1,0,1,0,1
1090usa voter,1027,3,0,0,0,0,0,0,0,0,1,0,0,1,0,1
1090usa voter,1027,3,1,0,0,1,1,0,0,0,1,0,0,1,0,1
1091usa voter,1028,1,1,1,0,0,1,0,1,0,0,0,1,1,0,0
1091usa voter,1028,1,0,0,0,0,1,0,1,0,0,0,0,0,0,1
1091usa voter,1028,2,1,1,0,0,0,1,0,1,0,0,1,1,0,0
1091usa voter,1028,2,0,0,1,0,0,0,1,0,0,0,1,0,0,1
1091usa voter,1028,3,0,0,0,1,1,0,0,0,0,0,0,1,0,1
1091usa voter,1028,3,1,0,0,1,0,1,0,1,0,0,0,1,0,0
1092usa voter,1029,1,1,0,0,0,1,0,0,1,0,1,0,1,0,1
1092usa voter,1029,1,0,0,0,0,0,1,0,0,1,1,0,0,0,0
1092usa voter,1029,2,0,0,1,0,0,0,1,0,0,0,0,0,1,1
1092usa voter,1029,2,1,0,0,1,0,0,0,0,0,0,1,0,0,0
1092usa voter,1029,3,0,0,1,0,1,0,0,1,0,0,0,1,0,0
1092usa voter,1029,3,1,0,0,1,0,1,0,0,1,1,0,1,0,1
1093usa voter,1030,1,1,0,0,1,1,0,0,1,0,0,1,0,1,0
1093usa voter,1030,1,0,0,0,0,0,0,0,0,1,0,1,0,0,0
1093usa voter,1030,2,0,0,1,0,0,1,0,1,0,0,0,0,0,0
1093usa voter,1030,2,1,0,1,0,1,0,0,1,0,1,0,0,1,1
1093usa voter,1030,3,0,1,0,0,0,0,0,1,0,1,0,1,0,0
1093usa voter,1030,3,1,0,0,0,0,1,0,0,0,1,0,1,0,1
1095usa voter,1031,1,1,0,0,1,0,0,0,0,0,1,0,0,1,1
1095usa voter,1031,1,0,0,1,0,0,0,0,0,0,0,1,0,0,1
1095usa voter,1031,2,0,0,1,0,0,0,1,0,0,0,0,1,0,1
1095usa voter,1031,2,1,0,0,1,1,0,0,0,1,0,0,0,0,1
1095usa voter,1031,3,1,0,1,0,0,0,0,0,1,1,0,0,1,1
1095usa voter,1031,3,0,0,0,0,0,1,1,0,0,0,0,1,0,0
1097usa voter,1032,1,1,0,0,1,0,0,0,0,0,1,0,0,1,0
1097usa voter,1032,1,0,0,0,1,0,0,0,1,0,0,1,1,0,1
1098usa voter,1033,1,0,1,0,0,0,0,0,1,0,1,0,1,0,1
1098usa voter,1033,1,1,0,0,1,0,0,1,0,0,0,0,0,0,1
1098usa voter,1033,2,0,0,0,0,0,1,0,0,1,0,1,1,0,1
1098usa voter,1033,2,1,0,0,1,0,0,0,0,0,1,0,0,1,0
1098usa voter,1033,3,0,0,0,1,0,0,0,1,0,0,1,0,1,0
1098usa voter,1033,3,1,0,1,0,1,0,0,0,1,0,1,1,0,0
1099usa voter,1034,1,1,0,0,1,0,1,0,1,0,0,0,0,0,1
1099usa voter,1034,1,0,0,0,1,0,1,0,1,0,0,0,1,0,0
1099usa voter,1034,2,0,0,1,0,0,1,0,1,0,0,1,0,1,1
1099usa voter,1034,2,1,0,0,1,0,0,0,0,1,0,1,0,0,0
1099usa voter,1034,3,1,1,0,0,0,1,0,0,1,0,1,1,0,1
1099usa voter,1034,3,0,0,0,1,0,0,0,1,0,1,0,0,1,0
1100usa voter,1035,1,1,0,1,0,1,0,0,0,0,0,0,0,0,1
1100usa voter,1035,1,0,0,1,0,1,0,0,0,1,0,1,0,1,0
1100usa voter,1035,2,1,1,0,0,0,0,0,0,1,1,0,1,0,1
1100usa voter,1035,2,0,0,0,0,0,1,0,1,0,0,1,0,0,1
1100usa voter,1035,3,0,0,0,0,1,0,0,1,0,0,0,0,0,0
1100usa voter,1035,3,1,0,1,0,0,1,0,0,0,1,0,0,0,1
1101usa voter,1036,1,1,0,0,1,0,1,0,1,0,0,0,1,0,1
1101usa voter,1036,1,0,0,0,1,1,0,0,0,1,1,0,0,0,0
1101usa voter,1036,2,0,0,0,0,0,0,0,0,0,0,1,0,0,0
1101usa voter,1036,2,1,0,0,0,0,1,0,0,1,0,1,0,1,0
1101usa voter,1036,3,0,0,1,0,0,1,0,0,0,0,1,1,0,0
1101usa voter,1036,3,1,1,0,0,1,0,1,0,0,1,0,0,0,1
1102usa voter,1037,1,1,0,0,0,0,1,0,0,1,1,0,0,1,0
1102usa voter,1037,1,0,0,0,0,1,0,0,0,1,0,1,0,1,1
1102usa voter,1037,2,1,1,0,0,1,0,0,1,0,1,0,1,0,1
1102usa voter,1037,2,0,1,0,0,0,0,1,0,0,1,0,0,1,0
1102usa voter,1037,3,1,0,0,1,0,1,0,0,0,0,1,0,1,1
1102usa voter,1037,3,0,0,1,0,0,1,0,1,0,1,0,0,0,1
1103usa voter,1038,1,0,0,0,0,1,0,0,0,0,0,1,0,1,0
1103usa voter,1038,1,1,0,0,1,1,0,0,0,1,0,1,0,0,1
1103usa voter,1038,2,1,0,0,1,0,1,0,0,1,1,0,0,1,1
1103usa voter,1038,2,0,1,0,0,0,0,0,0,1,0,1,1,0,0
1103usa voter,1038,3,0,0,0,0,0,1,1,0,0,0,0,1,0,1
1103usa voter,1038,3,1,0,1,0,1,0,0,0,0,1,0,0,0,0
1104usa voter,1039,1,0,0,0,0,1,0,1,0,0,1,0,0,1,0
1104usa voter,1039,1,1,0,0,1,1,0,1,0,0,1,0,1,0,0
1104usa voter,1039,2,1,1,0,0,0,1,0,1,0,0,0,1,0,1
1104usa voter,1039,2,0,0,1,0,0,1,0,0,0,0,0,1,0,1
1104usa voter,1039,3,0,0,1,0,0,1,0,0,1,1,0,1,0,0
1104usa voter,1039,3,1,1,0,0,0,0,1,0,0,0,1,0,0,1
1105usa voter,1040,1,0,0,1,0,1,0,0,1,0,0,0,0,0,1
1105usa voter,1040,1,1,0,0,1,0,1,0,0,0,1,0,0,0,1
1105usa voter,1040,2,0,0,1,0,1,0,0,0,0,0,1,1,0,0
1105usa voter,1040,2,1,1,0,0,0,1,1,0,0,0,1,0,1,1
1105usa voter,1040,3,1,0,0,1,1,0,0,0,0,0,1,0,0,1
1105usa voter,1040,3,0,1,0,0,0,1,0,0,0,0,0,0,0,1
1106usa voter,1041,1,1,0,0,1,1,0,0,0,1,1,0,0,0,0
1106usa voter,1041,1,0,1,0,0,0,0,0,1,0,0,0,1,0,0
1106usa voter,1041,2,0,0,0,0,0,1,1,0,0,0,0,1,0,0
1106usa voter,1041,2,1,0,0,1,1,0,1,0,0,1,0,0,0,0
1106usa voter,1041,3,1,0,0,0,0,1,1,0,0,1,0,1,0,0
1106usa voter,1041,3,0,0,0,0,1,0,0,1,0,0,1,0,1,0
1107usa voter,1042,1,0,1,0,0,0,1,0,1,0,0,1,0,1,0
1107usa voter,1042,1,1,0,0,1,1,0,0,0,0,1,0,0,1,0
1107usa voter,1042,2,0,0,1,0,0,1,1,0,0,1,0,0,1,0
1107usa voter,1042,2,1,1,0,0,0,0,0,1,0,0,0,0,1,0
1107usa voter,1042,3,1,0,1,0,0,1,0,0,0,0,0,0,1,0
1107usa voter,1042,3,0,0,1,0,0,1,1,0,0,1,0,1,0,0
1108usa voter,1043,1,0,0,0,0,0,0,0,0,0,1,0,0,0,1
1108usa voter,1043,1,1,0,0,1,0,0,0,1,0,0,0,0,0,0
1108usa voter,1043,2,0,0,0,1,1,0,0,1,0,0,0,1,0,0
1108usa voter,1043,2,1,0,0,1,1,0,0,0,1,0,1,0,0,1
1108usa voter,1043,3,1,0,0,0,0,0,0,1,0,1,0,0,1,0
1108usa voter,1043,3,0,1,0,0,1,0,0,0,1,0,1,1,0,1
1109usa voter,1044,1,0,1,0,0,0,0,0,0,1,0,0,0,0,0
1109usa voter,1044,1,1,0,0,0,1,0,0,1,0,0,0,0,1,0
1109usa voter,1044,2,0,0,0,0,0,0,1,0,0,1,0,0,1,0
1109usa voter,1044,2,1,0,1,0,0,0,0,0,1,0,1,0,0,1
1109usa voter,1044,3,1,0,1,0,0,0,1,0,0,0,1,0,0,1
1109usa voter,1044,3,0,1,0,0,0,0,1,0,0,0,0,0,0,1
1110usa voter,1045,1,1,0,1,0,0,1,1,0,0,1,0,1,0,0
1110usa voter,1045,1,0,0,0,1,0,1,1,0,0,0,0,1,0,0
1110usa voter,1045,2,1,1,0,0,0,0,1,0,0,0,0,1,0,1
1110usa voter,1045,2,0,0,1,0,1,0,1,0,0,0,1,1,0,1
1110usa voter,1045,3,1,0,0,0,1,0,1,0,0,0,1,0,0,1
1110usa voter,1045,3,0,0,0,1,0,1,1,0,0,0,1,0,1,1
1111usa voter,1046,1,0,0,0,1,0,0,0,0,1,0,1,0,0,1
1111usa voter,1046,1,1,0,0,0,0,1,0,0,1,0,1,1,0,1
1111usa voter,1046,2,1,0,0,1,0,1,0,1,0,0,0,0,0,1
1111usa voter,1046,2,0,1,0,0,1,0,0,1,0,0,1,1,0,0
1111usa voter,1046,3,1,0,1,0,0,0,0,0,0,1,0,1,0,0
1111usa voter,1046,3,0,0,0,0,1,0,0,1,0,0,1,0,1,0
1112usa voter,1047,1,0,0,0,0,0,0,0,0,0,1,0,1,0,0
1112usa voter,1047,1,1,0,0,1,0,0,0,1,0,0,0,0,0,1
1112usa voter,1047,2,0,0,1,0,1,0,0,1,0,1,0,0,1,1
1112usa voter,1047,2,1,0,1,0,0,1,0,0,1,1,0,0,1,1
1112usa voter,1047,3,0,0,0,0,0,0,0,0,0,1,0,0,1,1
1112usa voter,1047,3,1,1,0,0,1,0,0,1,0,0,0,0,1,0
1113usa voter,1048,1,1,0,0,1,0,0,0,0,0,0,0,0,0,0
1113usa voter,1048,1,0,0,0,0,0,1,1,0,0,0,1,0,1,1
1113usa voter,1048,2,1,0,1,0,1,0,0,0,0,0,0,0,1,0
1113usa voter,1048,2,0,0,0,0,0,1,0,0,0,0,0,0,0,0
1113usa voter,1048,3,1,0,1,0,0,1,0,0,1,1,0,0,0,0
1113usa voter,1048,3,0,0,0,0,0,1,0,0,0,1,0,1,0,0
1114usa voter,1049,1,0,0,0,0,0,0,0,0,1,1,0,0,1,1
1114usa voter,1049,1,1,0,1,0,1,0,1,0,0,1,0,0,1,0
1114usa voter,1049,2,1,0,0,0,0,1,0,0,1,0,1,0,0,1
1114usa voter,1049,2,0,1,0,0,1,0,0,1,0,0,1,0,1,0
1114usa voter,1049,3,1,0,0,1,1,0,0,0,1,1,0,0,0,1
1114usa voter,1049,3,0,1,0,0,1,0,0,1,0,0,0,0,1,0
1115usa voter,1050,1,1,0,1,0,1,0,0,0,0,0,0,1,0,1
1115usa voter,1050,1,0,0,0,0,0,0,1,0,0,1,0,0,1,1
1115usa voter,1050,2,0,1,0,0,0,0,1,0,0,1,0,1,0,0
1115usa voter,1050,2,1,0,0,1,1,0,0,0,1,0,0,1,0,0
1115usa voter,1050,3,0,1,0,0,0,1,1,0,0,1,0,0,1,1
1115usa voter,1050,3,1,0,1,0,0,0,0,0,1,0,0,0,0,1
1116usa voter,1051,1,0,1,0,0,0,1,0,0,1,0,1,1,0,1
1116usa voter,1051,1,1,1,0,0,1,0,0,0,1,0,1,1,0,1
1117usa voter,1052,1,0,0,0,0,0,0,1,0,0,0,1,0,1,1
1117usa voter,1052,1,1,0,0,1,0,0,0,0,1,0,1,1,0,1
1117usa voter,1052,2,1,0,1,0,1,0,0,1,0,0,0,0,0,1
1117usa voter,1052,2,0,0,0,0,0,1,1,0,0,0,0,1,0,0
1117usa voter,1052,3,0,1,0,0,0,0,0,1,0,1,0,0,1,0
1117usa voter,1052,3,1,1,0,0,0,1,1,0,0,0,1,0,1,0
1118usa voter,1053,1,0,0,0,0,0,1,0,0,1,0,0,1,0,0
1118usa voter,1053,1,1,0,1,0,1,0,0,0,1,0,0,0,1,1
1118usa voter,1053,2,1,0,0,0,1,0,1,0,0,0,0,0,1,0
1118usa voter,1053,2,0,0,0,1,0,0,0,0,1,1,0,0,1,1
1118usa voter,1053,3,1,0,1,0,0,0,0,0,0,0,0,0,1,0
1118usa voter,1053,3,0,0,0,1,0,1,0,1,0,1,0,0,0,1
1119usa voter,1054,1,0,0,0,0,1,0,1,0,0,1,0,1,0,0
1119usa voter,1054,1,1,0,0,1,0,0,0,0,0,0,1,1,0,1
1119usa voter,1054,2,0,0,0,0,0,0,1,0,0,1,0,0,0,0
1119usa voter,1054,2,1,1,0,0,0,1,0,1,0,0,0,1,0,0
1119usa voter,1054,3,0,0,0,1,0,0,0,0,1,0,0,0,1,1
1119usa voter,1054,3,1,0,1,0,0,0,1,0,0,0,0,1,0,1
1120usa voter,1055,1,0,0,0,1,0,1,1,0,0,1,0,0,1,1
1120usa voter,1055,1,1,0,0,1,0,0,0,1,0,0,1,0,1,1
1120usa voter,1055,2,1,0,1,0,1,0,0,0,0,1,0,1,0,1
1120usa voter,1055,2,0,0,0,0,0,0,0,0,1,0,0,0,1,1
1120usa voter,1055,3,0,1,0,0,0,0,0,0,1,1,0,0,1,1
1120usa voter,1055,3,1,0,1,0,0,0,1,0,0,0,1,0,0,1
1122usa voter,1056,1,1,0,0,0,1,0,0,1,0,1,0,1,0,0
1122usa voter,1056,1,0,1,0,0,0,1,0,0,0,0,1,0,0,1
1122usa voter,1056,2,1,1,0,0,0,0,0,0,0,1,0,0,1,0
1122usa voter,1056,2,0,0,0,0,1,0,0,0,0,1,0,0,0,1
1122usa voter,1056,3,0,0,0,1,1,0,1,0,0,0,1,0,1,0
1122usa voter,1056,3,1,0,1,0,0,0,0,0,0,1,0,0,1,1
1123usa voter,1057,1,1,0,1,0,0,0,0,1,0,0,1,1,0,0
1123usa voter,1057,1,0,0,1,0,0,1,0,0,1,0,0,0,0,0
1123usa voter,1057,2,1,0,1,0,0,1,0,1,0,1,0,0,1,1
1123usa voter,1057,2,0,0,0,1,0,0,0,0,0,0,1,0,1,1
1123usa voter,1057,3,0,0,0,1,1,0,0,0,0,0,1,0,0,1
1123usa voter,1057,3,1,1,0,0,1,0,0,1,0,1,0,1,0,0
1124usa voter,1058,1,1,0,1,0,0,1,0,1,0,0,0,0,1,0
1124usa voter,1058,1,0,1,0,0,0,0,0,0,1,0,0,1,0,1
1124usa voter,1058,2,1,0,1,0,1,0,0,1,0,1,0,0,0,0
1124usa voter,1058,2,0,0,0,1,0,1,0,0,0,1,0,1,0,1
1124usa voter,1058,3,1,0,0,1,0,1,0,0,0,0,0,0,1,1
1124usa voter,1058,3,0,1,0,0,0,0,0,0,1,0,1,0,1,1
1126usa voter,1059,1,0,0,0,1,1,0,1,0,0,0,1,0,0,0
1126usa voter,1059,1,1,0,1,0,0,1,0,0,1,0,0,1,0,0
1126usa voter,1059,2,1,1,0,0,0,1,0,0,1,1,0,1,0,0
1126usa voter,1059,2,0,1,0,0,0,0,0,1,0,0,1,1,0,1
1127usa voter,1060,1,1,0,0,1,1,0,0,1,0,0,1,1,0,1
1127usa voter,1060,1,0,0,0,0,0,1,0,1,0,0,1,1,0,1
1127usa voter,1060,2,1,1,0,0,0,1,0,0,1,0,1,0,0,0
1127usa voter,1060,2,0,1,0,0,1,0,0,0,0,1,0,0,0,1
1127usa voter,1060,3,1,0,0,1,1,0,0,1,0,1,0,0,0,1
1127usa voter,1060,3,0,0,0,1,0,0,1,0,0,0,1,0,1,1
1128usa voter,1061,1,0,0,1,0,1,0,1,0,0,0,1,1,0,0
1128usa voter,1061,1,1,0,0,1,0,1,1,0,0,0,0,0,1,1
1128usa voter,1061,2,1,1,0,0,0,0,1,0,0,0,0,0,1,1
1128usa voter,1061,2,0,0,0,0,0,1,0,0,1,0,1,0,0,1
1128usa voter,1061,3,0,1,0,0,0,1,0,1,0,1,0,0,1,1
1128usa voter,1061,3,1,1,0,0,0,0,0,0,1,0,1,0,1,0
1129usa voter,1062,1,1,0,0,1,0,1,0,0,0,0,0,1,0,0
1129usa voter,1062,1,0,0,0,0,1,0,0,0,1,1,0,1,0,0
1129usa voter,1062,2,1,1,0,0,0,1,0,0,0,0,0,0,0,0
1129usa voter,1062,2,0,0,1,0,0,0,0,0,1,0,0,0,1,0
1129usa voter,1062,3,1,0,1,0,0,1,1,0,0,1,0,0,0,1
1129usa voter,1062,3,0,0,0,0,0,1,1,0,0,1,0,0,0,1
1130usa voter,1063,1,1,1,0,0,0,1,0,0,0,0,0,1,0,1
1130usa voter,1063,1,0,0,1,0,0,1,0,0,0,1,0,0,0,1
1130usa voter,1063,2,0,0,1,0,0,1,0,0,1,0,1,0,1,1
1130usa voter,1063,2,1,0,0,0,0,1,1,0,0,0,1,0,1,0
1130usa voter,1063,3,1,1,0,0,0,1,0,0,1,0,0,1,0,1
1130usa voter,1063,3,0,0,0,1,1,0,0,0,1,0,0,1,0,1
1131usa voter,1064,1,1,0,0,1,0,1,0,0,0,1,0,0,1,1
1131usa voter,1064,1,0,0,0,0,0,0,0,1,0,0,0,0,1,1
1131usa voter,1064,3,1,0,0,1,1,0,0,1,0,1,0,0,1,0
1131usa voter,1064,3,0,1,0,0,1,0,0,1,0,0,1,1,0,1
1132usa voter,1065,1,1,0,1,0,0,1,0,1,0,0,1,0,1,0
1132usa voter,1065,1,0,0,0,1,0,0,1,0,0,1,0,0,0,1
1132usa voter,1065,2,0,0,1,0,0,1,0,0,1,1,0,0,0,0
1132usa voter,1065,2,1,0,1,0,0,1,0,0,0,1,0,0,1,1
1132usa voter,1065,3,0,0,0,0,0,0,0,0,1,1,0,0,1,0
1132usa voter,1065,3,1,0,0,1,0,0,0,0,1,1,0,1,0,1
1133usa voter,1066,1,0,0,0,0,0,1,0,0,0,0,0,0,1,1
1133usa voter,1066,1,1,0,0,1,0,1,0,0,0,1,0,0,0,1
1133usa voter,1066,2,0,1,0,0,0,1,0,1,0,1,0,0,0,1
1133usa voter,1066,2,1,1,0,0,0,0,0,0,1,1,0,1,0,1
1133usa voter,1066,3,1,0,1,0,1,0,0,0,1,0,1,1,0,0
1133usa voter,1066,3,0,1,0,0,1,0,0,0,1,1,0,0,0,0
1134usa voter,1067,1,0,1,0,0,1,0,0,0,0,0,1,1,0,0
1134usa voter,1067,1,1,0,0,1,1,0,0,0,1,1,0,0,1,0
1134usa voter,1067,2,1,0,1,0,0,1,0,0,0,1,0,1,0,0
1134usa voter,1067,2,0,1,0,0,0,0,0,0,0,0,1,0,1,0
1134usa voter,1067,3,0,1,0,0,1,0,0,0,1,1,0,1,0,0
1134usa voter,1067,3,1,0,1,0,1,0,0,0,0,0,1,1,0,0
1136usa voter,1068,1,1,0,1,0,1,0,0,0,0,0,1,0,0,0
1136usa voter,1068,1,0,0,0,1,0,1,0,0,1,0,1,1,0,1
1136usa voter,1068,2,0,1,0,0,0,0,0,0,0,0,0,0,0,1
1136usa voter,1068,2,1,0,1,0,1,0,0,0,0,0,0,1,0,0
1136usa voter,1068,3,1,0,1,0,0,1,0,1,0,0,1,1,0,0
1136usa voter,1068,3,0,0,1,0,0,1,0,0,1,0,1,0,1,0
1137usa voter,1069,1,1,0,1,0,1,0,0,0,0,0,0,0,1,1
1137usa voter,1069,1,0,0,0,1,0,1,0,0,0,0,1,1,0,1
1137usa voter,1069,2,0,0,0,1,0,1,0,0,1,0,1,1,0,0
1137usa voter,1069,2,1,0,0,0,0,1,0,1,0,0,1,0,0,1
1137usa voter,1069,3,0,0,1,0,1,0,1,0,0,0,1,0,0,1
1137usa voter,1069,3,1,0,1,0,0,0,1,0,0,1,0,0,1,0
1138usa voter,1070,1,0,1,0,0,0,1,1,0,0,0,0,0,0,0
1138usa voter,1070,1,1,0,0,1,0,0,0,0,0,0,1,0,0,0
1138usa voter,1070,2,1,0,0,1,0,1,0,0,1,1,0,0,1,1
1138usa voter,1070,2,0,0,0,0,0,1,0,0,0,0,1,0,0,1
1138usa voter,1070,3,1,0,0,1,1,0,0,0,0,1,0,1,0,0
1138usa voter,1070,3,0,1,0,0,0,1,0,0,0,0,0,1,0,0
1139usa voter,1071,1,1,0,0,1,1,0,0,1,0,1,0,0,0,1
1139usa voter,1071,1,0,0,1,0,0,0,0,1,0,0,0,0,1,1
1139usa voter,1071,2,1,0,0,1,0,1,0,1,0,1,0,0,0,0
1139usa voter,1071,2,0,0,0,0,0,0,0,1,0,0,0,0,0,0
1139usa voter,1071,3,0,0,0,1,0,0,0,1,0,0,0,0,1,1
1139usa voter,1071,3,1,0,0,0,1,0,0,0,1,0,0,0,0,0
1140usa voter,1072,1,1,0,1,0,0,1,0,1,0,0,1,1,0,1
1140usa voter,1072,1,0,0,1,0,0,0,0,1,0,1,0,0,0,0
1140usa voter,1072,2,0,1,0,0,1,0,0,1,0,0,0,0,0,1
1140usa voter,1072,2,1,0,1,0,0,1,0,1,0,1,0,0,0,1
1140usa voter,1072,3,1,0,1,0,1,0,0,1,0,0,0,0,0,0
1140usa voter,1072,3,0,0,0,1,0,0,1,0,0,0,1,0,1,1
1141usa voter,1073,1,0,0,1,0,1,0,0,1,0,0,1,0,0,1
1141usa voter,1073,1,1,0,0,0,1,0,0,0,0,0,1,0,1,0
1141usa voter,1073,2,1,0,1,0,0,0,1,0,0,1,0,0,0,0
1141usa voter,1073,2,0,0,0,1,0,0,1,0,0,1,0,0,1,0
1141usa voter,1073,3,1,0,1,0,0,1,0,0,0,0,0,0,0,1
1141usa voter,1073,3,0,0,0,0,0,1,0,0,1,0,1,1,0,0
1142usa voter,1074,1,0,0,0,0,0,0,1,0,0,1,0,0,0,1
1142usa voter,1074,1,1,0,0,0,0,1,1,0,0,0,1,0,0,0
1142usa voter,1074,2,1,1,0,0,1,0,0,0,1,0,0,0,0,1
1142usa voter,1074,2,0,0,0,1,1,0,1,0,0,1,0,1,0,0
1142usa voter,1074,3,0,1,0,0,0,1,1,0,0,1,0,0,1,1
1142usa voter,1074,3,1,0,0,0,1,0,0,1,0,0,0,1,0,0
1144usa voter,1075,1,1,0,0,1,1,0,1,0,0,1,0,1,0,1
1144usa voter,1075,1,0,0,1,0,0,1,1,0,0,0,1,0,1,0
1144usa voter,1075,2,1,1,0,0,0,0,1,0,0,1,0,0,0,1
1144usa voter,1075,2,0,0,1,0,0,0,0,0,0,0,0,0,0,0
1144usa voter,1075,3,1,0,0,1,0,0,0,0,0,0,0,1,0,0
1144usa voter,1075,3,0,0,0,0,0,0,0,1,0,1,0,1,0,0
1145usa voter,1076,1,0,0,1,0,1,0,1,0,0,0,1,0,1,1
1145usa voter,1076,1,1,0,0,1,1,0,0,0,1,0,1,1,0,1
1145usa voter,1076,2,0,0,0,1,0,1,0,1,0,0,0,1,0,0
1145usa voter,1076,2,1,0,1,0,0,0,0,1,0,1,0,0,1,0
1145usa voter,1076,3,0,0,0,0,1,0,0,0,1,1,0,0,0,1
1145usa voter,1076,3,1,0,0,1,0,1,1,0,0,1,0,0,0,1
1146usa voter,1077,1,0,0,0,0,1,0,0,0,0,0,1,1,0,0
1146usa voter,1077,1,1,0,0,1,0,0,0,0,0,0,1,0,1,0
1146usa voter,1077,2,0,0,0,1,1,0,1,0,0,0,0,0,0,0
1146usa voter,1077,2,1,0,0,1,0,0,0,0,0,1,0,1,0,0
1146usa voter,1077,3,1,0,1,0,1,0,0,0,1,0,1,0,1,1
1146usa voter,1077,3,0,1,0,0,1,0,0,0,0,0,1,0,0,1
1147usa voter,1078,1,0,0,1,0,1,0,0,1,0,1,0,0,1,1
1147usa voter,1078,1,1,0,1,0,1,0,1,0,0,1,0,1,0,1
1147usa voter,1078,2,0,0,0,0,1,0,0,0,0,0,0,0,0,1
1147usa voter,1078,2,1,0,1,0,1,0,0,0,1,1,0,1,0,1
1147usa voter,1078,3,1,1,0,0,0,1,0,0,1,0,1,1,0,0
1147usa voter,1078,3,0,0,0,0,0,0,0,0,1,1,0,0,0,0
1148usa voter,1079,1,1,0,1,0,1,0,1,0,0,0,1,0,0,1
1148usa voter,1079,1,0,0,1,0,1,0,0,1,0,0,0,1,0,0
1148usa voter,1079,2,0,0,1,0,0,0,0,0,0,0,0,0,0,0
1148usa voter,1079,2,1,0,0,1,0,0,0,1,0,0,1,0,0,0
1148usa voter,1079,3,0,1,0,0,0,1,0,1,0,1,0,1,0,1
1148usa voter,1079,3,1,0,0,0,0,1,1,0,0,0,1,0,0,1
1149usa voter,1080,1,0,1,0,0,0,0,0,0,0,0,1,0,1,1
1149usa voter,1080,1,1,0,1,0,1,0,0,0,1,1,0,0,1,0
1149usa voter,1080,2,0,0,0,1,0,1,0,0,0,1,0,0,0,0
1149usa voter,1080,2,1,0,1,0,1,0,0,1,0,0,0,1,0,0
1149usa voter,1080,3,1,0,1,0,0,1,0,1,0,1,0,0,1,1
1149usa voter,1080,3,0,1,0,0,1,0,1,0,0,0,1,0,1,0
1152usa voter,1081,1,1,0,1,0,1,0,0,0,0,1,0,0,0,0
1152usa voter,1081,1,0,1,0,0,1,0,0,1,0,1,0,0,0,1
1152usa voter,1081,2,1,0,1,0,1,0,0,0,1,0,1,0,1,0
1152usa voter,1081,2,0,0,0,0,0,1,0,0,0,0,1,0,0,0
1152usa voter,1081,3,0,1,0,0,0,0,0,0,0,0,1,0,1,1
1152usa voter,1081,3,1,0,1,0,0,0,0,0,0,1,0,1,0,0
1154usa voter,1082,1,1,1,0,0,0,1,0,0,1,1,0,0,0,1
1154usa voter,1082,1,0,0,0,0,0,0,0,0,1,0,0,1,0,1
1154usa voter,1082,2,1,1,0,0,0,1,0,1,0,1,0,1,0,0
1154usa voter,1082,2,0,0,0,1,0,0,0,1,0,0,0,0,1,1
1154usa voter,1082,3,1,0,0,1,1,0,0,1,0,0,0,1,0,1
1154usa voter,1082,3,0,0,1,0,1,0,0,1,0,0,1,0,1,0
1155usa voter,1083,1,1,0,0,1,0,0,0,0,0,1,0,0,1,0
1155usa voter,1083,1,0,0,0,0,0,0,0,0,1,1,0,0,0,1
1155usa voter,1083,2,0,1,0,0,1,0,0,0,0,0,0,0,0,1
1155usa voter,1083,2,1,0,0,0,1,0,0,0,1,1,0,1,0,1
1155usa voter,1083,3,1,0,1,0,0,0,0,1,0,0,0,0,1,1
1155usa voter,1083,3,0,0,0,0,0,0,1,0,0,0,1,0,0,1
1156usa voter,1084,1,1,0,1,0,1,0,0,1,0,0,1,1,0,1
1156usa voter,1084,1,0,0,0,0,0,1,1,0,0,0,0,0,1,0
1156usa voter,1084,2,1,0,1,0,0,0,0,0,0,0,0,0,1,1
1156usa voter,1084,2,0,0,0,1,1,0,1,0,0,0,0,1,0,1
1156usa voter,1084,3,0,0,1,0,1,0,0,1,0,1,0,1,0,0
1156usa voter,1084,3,1,0,0,1,1,0,0,0,0,0,0,0,1,0
1158usa voter,1085,1,0,1,0,0,0,1,0,0,0,0,1,0,0,1
1158usa voter,1085,1,1,0,1,0,1,0,0,0,0,1,0,0,0,0
1158usa voter,1085,2,1,0,1,0,0,1,0,0,1,1,0,0,0,1
1158usa voter,1085,2,0,0,0,0,1,0,0,0,0,1,0,0,1,1
1158usa voter,1085,3,0,1,0,0,0,1,0,1,0,0,0,0,1,1
1158usa voter,1085,3,1,0,1,0,0,1,0,1,0,0,1,0,1,1
1159usa voter,1086,1,1,1,0,0,0,0,0,0,0,0,1,0,1,1
1159usa voter,1086,1,0,1,0,0,0,0,0,0,1,0,1,1,0,1
1159usa voter,1086,2,1,1,0,0,1,0,0,1,0,0,0,0,1,1
1159usa voter,1086,2,0,1,0,0,0,1,0,0,1,0,0,0,1,1
1159usa voter,1086,3,0,1,0,0,0,0,0,0,1,1,0,0,1,0
1159usa voter,1086,3,1,0,1,0,1,0,0,1,0,0,1,0,1,1
1160usa voter,1087,1,0,0,0,0,0,0,0,0,1,1,0,0,1,0
1160usa voter,1087,1,1,0,0,0,0,1,0,1,0,0,1,0,1,0
1160usa voter,1087,2,1,0,0,0,1,0,0,0,1,1,0,0,0,0
1160usa voter,1087,2,0,0,0,0,1,0,1,0,0,1,0,1,0,1
1160usa voter,1087,3,1,0,0,0,0,0,0,1,0,1,0,1,0,1
1160usa voter,1087,3,0,0,1,0,1,0,1,0,0,0,0,0,0,1
1161usa voter,1088,1,0,1,0,0,0,0,1,0,0,0,1,1,0,0
1161usa voter,1088,1,1,0,1,0,1,0,1,0,0,0,1,1,0,0
1161usa voter,1088,2,0,0,0,0,1,0,1,0,0,1,0,0,0,0
1161usa voter,1088,2,1,1,0,0,0,0,0,1,0,0,1,0,1,1
1161usa voter,1088,3,1,0,0,1,0,1,0,0,1,0,1,1,0,1
1161usa voter,1088,3,0,0,0,1,0,1,0,0,1,0,0,0,1,1
1163usa voter,1089,1,1,1,0,0,0,0,0,0,1,0,1,0,1,1
1163usa voter,1089,1,0,1,0,0,0,0,0,0,0,0,0,0,1,1
1163usa voter,1089,2,0,0,1,0,0,0,0,0,0,1,0,0,1,0
1163usa voter,1089,2,1,0,0,1,0,1,1,0,0,0,1,1,0,1
1163usa voter,1089,3,1,0,0,1,1,0,1,0,0,1,0,0,0,0
1163usa voter,1089,3,0,0,0,0,0,1,0,0,1,0,0,0,1,1
1164usa voter,1090,1,0,0,0,0,0,0,0,1,0,0,1,0,1,0
1164usa voter,1090,1,1,0,1,0,1,0,0,1,0,0,1,0,1,1
1164usa voter,1090,2,0,1,0,0,0,1,1,0,0,0,0,0,1,0
1164usa voter,1090,2,1,0,0,1,0,1,0,1,0,1,0,0,1,0
1164usa voter,1090,3,1,1,0,0,1,0,1,0,0,1,0,0,0,1
1164usa voter,1090,3,0,0,0,1,0,0,0,0,1,0,0,0,1,0
1165usa voter,1091,1,0,0,0,1,0,0,1,0,0,1,0,1,0,1
1165usa voter,1091,1,1,0,0,1,0,1,0,0,0,0,1,1,0,1
1165usa voter,1091,2,1,0,1,0,0,1,0,1,0,0,0,0,0,1
1165usa voter,1091,2,0,1,0,0,1,0,0,1,0,1,0,0,1,0
1165usa voter,1091,3,1,0,1,0,0,0,0,1,0,0,1,0,0,0
1165usa voter,1091,3,0,0,0,0,0,0,1,0,0,1,0,0,1,0
1166usa voter,1092,1,1,0,0,1,1,0,0,1,0,0,0,0,0,1
1166usa voter,1092,1,0,0,0,1,1,0,0,0,1,0,1,0,0,1
1166usa voter,1092,2,0,1,0,0,0,1,0,1,0,1,0,1,0,0
1166usa voter,1092,2,1,0,0,1,1,0,0,0,0,0,1,0,0,0
1166usa voter,1092,3,0,1,0,0,1,0,0,1,0,1,0,0,0,0
1166usa voter,1092,3,1,0,0,1,0,0,1,0,0,0,1,1,0,1
1167usa voter,1093,1,1,0,0,1,1,0,0,0,0,0,1,0,0,0
1167usa voter,1093,1,0,0,1,0,0,1,0,0,1,1,0,0,1,1
1167usa voter,1093,2,1,0,1,0,0,0,0,0,0,0,0,1,0,1
1167usa voter,1093,2,0,1,0,0,0,1,0,0,1,1,0,0,1,0
1167usa voter,1093,3,1,0,1,0,0,1,0,0,0,0,0,0,0,1
1167usa voter,1093,3,0,1,0,0,0,0,0,0,1,0,1,0,0,1
1168usa voter,1094,1,0,1,0,0,0,1,1,0,0,0,0,0,0,1
1168usa voter,1094,1,1,0,0,1,0,1,1,0,0,0,0,0,1,0
1168usa voter,1094,2,1,0,0,1,1,0,0,0,1,0,1,1,0,1
1168usa voter,1094,2,0,0,0,1,0,1,0,0,1,0,0,0,0,1
1168usa voter,1094,3,0,0,1,0,1,0,0,0,1,0,1,1,0,0
1168usa voter,1094,3,1,0,0,1,1,0,0,0,1,0,1,1,0,0
1169usa voter,1095,1,1,0,0,0,0,0,0,0,0,0,0,0,0,0
1169usa voter,1095,1,0,0,1,0,1,0,0,0,0,0,1,1,0,1
1169usa voter,1095,2,0,0,0,1,0,1,1,0,0,1,0,0,0,1
1169usa voter,1095,2,1,0,0,1,0,1,0,0,1,1,0,1,0,0
1169usa voter,1095,3,0,0,0,1,0,1,1,0,0,0,1,1,0,0
1169usa voter,1095,3,1,0,1,0,1,0,0,0,1,1,0,0,0,1
1170usa voter,1096,1,1,0,1,0,1,0,0,1,0,1,0,0,1,1
1170usa voter,1096,1,0,1,0,0,1,0,0,1,0,0,1,1,0,0
1170usa voter,1096,2,0,0,1,0,0,0,0,0,1,1,0,1,0,1
1170usa voter,1096,2,1,0,0,1,1,0,0,1,0,0,1,0,0,0
1170usa voter,1096,3,0,0,0,0,1,0,1,0,0,0,1,1,0,0
1170usa voter,1096,3,1,0,0,0,1,0,0,0,1,0,0,0,0,1
1171usa voter,1097,1,1,0,0,1,0,0,0,0,0,1,0,1,0,1
1171usa voter,1097,1,0,1,0,0,0,1,1,0,0,0,1,0,1,1
1171usa voter,1097,2,0,0,0,0,0,1,0,0,0,1,0,0,1,0
1171usa voter,1097,2,1,1,0,0,0,1,0,0,0,0,0,0,0,0
1171usa voter,1097,3,1,0,0,1,0,1,0,0,1,0,1,0,0,1
1171usa voter,1097,3,0,0,1,0,1,0,0,0,1,0,1,0,1,1
1172usa voter,1098,1,1,0,1,0,0,0,0,0,0,1,0,0,0,0
1172usa voter,1098,1,0,1,0,0,0,0,0,0,0,0,1,0,0,1
1172usa voter,1098,2,0,0,0,1,0,1,0,1,0,1,0,0,0,1
1172usa voter,1098,2,1,0,0,0,1,0,0,0,1,1,0,1,0,0
1172usa voter,1098,3,1,1,0,0,1,0,0,0,1,0,1,1,0,1
1172usa voter,1098,3,0,0,0,0,1,0,0,0,0,0,1,1,0,1
1173usa voter,1099,1,0,0,0,1,1,0,1,0,0,0,1,1,0,0
1173usa voter,1099,1,1,0,0,1,0,1,1,0,0,0,1,1,0,1
1173usa voter,1099,2,1,0,1,0,0,1,0,1,0,1,0,0,0,1
1173usa voter,1099,2,0,1,0,0,0,0,0,0,1,0,0,0,0,0
1173usa voter,1099,3,1,0,0,0,0,0,0,0,0,1,0,0,0,1
1173usa voter,1099,3,0,1,0,0,0,1,0,0,1,0,0,0,0,1
1174usa voter,1100,1,0,0,1,0,0,1,1,0,0,0,1,0,1,1
1174usa voter,1100,1,1,0,1,0,0,0,0,1,0,1,0,0,1,0
1174usa voter,1100,2,0,1,0,0,0,1,0,0,0,0,1,0,0,0
1174usa voter,1100,2,1,0,1,0,0,1,0,0,1,0,0,0,0,1
1175usa voter,1101,1,1,0,0,1,0,1,1,0,0,1,0,0,0,1
1175usa voter,1101,1,0,0,1,0,1,0,0,0,0,1,0,0,0,1
1175usa voter,1101,2,1,0,1,0,0,0,1,0,0,0,1,0,1,1
1175usa voter,1101,2,0,0,0,1,1,0,0,0,1,0,0,0,1,1
1175usa voter,1101,3,1,0,0,1,0,0,0,1,0,0,0,0,1,0
1175usa voter,1101,3,0,0,0,0,0,1,1,0,0,0,1,1,0,0
1176usa voter,1102,1,1,0,0,0,0,1,0,1,0,1,0,0,1,1
1176usa voter,1102,1,0,0,0,0,1,0,1,0,0,0,1,0,0,0
1176usa voter,1102,2,1,0,0,1,1,0,1,0,0,0,1,1,0,0
1176usa voter,1102,2,0,0,1,0,0,0,0,0,1,1,0,0,0,1
1176usa voter,1102,3,1,1,0,0,0,0,0,0,1,0,1,1,0,1
1176usa voter,1102,3,0,0,0,0,1,0,0,0,0,0,0,0,1,0
1177usa voter,1103,1,0,0,1,0,1,0,0,1,0,0,0,1,0,1
1177usa voter,1103,1,1,0,0,1,0,1,0,0,1,0,0,0,1,0
1177usa voter,1103,2,1,0,0,1,1,0,0,0,0,0,0,0,1,1
1177usa voter,1103,2,0,0,1,0,0,1,1,0,0,0,1,0,0,0
1177usa voter,1103,3,1,1,0,0,0,0,0,0,1,0,1,0,1,1
1177usa voter,1103,3,0,0,0,1,0,1,0,0,0,0,1,0,0,0
1178usa voter,1104,1,1,0,1,0,1,0,0,0,1,0,0,0,1,0
1178usa voter,1104,1,0,0,0,0,1,0,0,0,0,0,1,1,0,0
1178usa voter,1104,2,0,0,1,0,0,0,0,0,0,0,0,1,0,0
1178usa voter,1104,2,1,0,0,1,0,0,1,0,0,0,0,1,0,0
1178usa voter,1104,3,0,0,0,0,0,0,0,1,0,0,0,0,0,1
1178usa voter,1104,3,1,0,1,0,0,1,0,1,0,0,0,0,0,1
1180usa voter,1105,1,0,0,0,1,1,0,0,0,1,0,1,0,1,0
1180usa voter,1105,1,1,0,1,0,0,0,1,0,0,0,0,0,0,1
1180usa voter,1105,2,1,0,0,0,0,0,0,0,0,0,0,1,0,1
1180usa voter,1105,2,0,0,0,1,0,0,0,0,0,1,0,0,0,1
1180usa voter,1105,3,0,1,0,0,0,0,0,0,1,0,1,1,0,0
1180usa voter,1105,3,1,0,0,0,0,0,1,0,0,0,0,0,0,1
1181usa voter,1106,1,1,0,0,0,1,0,0,1,0,1,0,0,0,1
1181usa voter,1106,1,0,1,0,0,0,1,1,0,0,0,0,0,1,1
1181usa voter,1106,2,1,0,1,0,1,0,0,0,0,1,0,0,0,0
1181usa voter,1106,2,0,0,0,0,0,0,1,0,0,0,0,0,1,0
1181usa voter,1106,3,0,1,0,0,0,0,1,0,0,0,0,1,0,0
1181usa voter,1106,3,1,1,0,0,0,1,0,0,0,1,0,1,0,0
1182usa voter,1107,1,1,0,1,0,1,0,0,0,1,0,1,1,0,0
1182usa voter,1107,1,0,0,0,1,1,0,0,0,0,0,1,1,0,0
1182usa voter,1107,2,0,0,0,1,0,1,0,0,1,0,0,1,0,1
1182usa voter,1107,2,1,0,1,0,0,0,1,0,0,0,1,0,1,1
1182usa voter,1107,3,1,0,0,0,1,0,0,0,1,0,1,1,0,1
1182usa voter,1107,3,0,0,1,0,0,1,0,0,1,0,0,1,0,1
1183usa voter,1108,1,1,0,0,1,0,0,0,1,0,0,1,1,0,1
1183usa voter,1108,1,0,1,0,0,0,0,0,0,1,0,1,0,1,0
1183usa voter,1108,2,1,0,0,0,1,0,0,0,1,1,0,1,0,1
1183usa voter,1108,2,0,1,0,0,1,0,1,0,0,0,0,0,0,0
1183usa voter,1108,3,1,0,1,0,1,0,0,0,0,0,1,1,0,1
1183usa voter,1108,3,0,1,0,0,1,0,0,0,0,0,0,0,0,1
1184usa voter,1109,1,0,0,0,1,0,0,0,0,0,0,1,0,1,1
1184usa voter,1109,1,1,1,0,0,0,1,0,0,0,0,1,1,0,0
1184usa voter,1109,2,0,0,0,0,0,1,0,0,1,0,0,1,0,0
1184usa voter,1109,2,1,0,0,0,0,0,0,0,1,0,0,1,0,0
1184usa voter,1109,3,0,0,0,0,0,1,0,0,0,1,0,0,0,0
1184usa voter,1109,3,1,0,0,1,0,1,0,0,0,0,1,0,0,1
1185usa voter,1110,1,0,0,0,1,1,0,1,0,0,0,1,0,1,0
1185usa voter,1110,1,1,1,0,0,0,0,0,0,0,0,0,0,0,0
1185usa voter,1110,2,1,0,1,0,1,0,0,0,0,0,1,1,0,0
1185usa voter,1110,2,0,0,0,0,1,0,0,0,1,0,1,0,0,0
1185usa voter,1110,3,1,0,1,0,0,0,0,1,0,0,1,0,1,1
1185usa voter,1110,3,0,0,0,1,1,0,0,1,0,0,0,0,1,1
1186usa voter,1111,1,0,0,0,1,1,0,1,0,0,0,1,0,0,1
1186usa voter,1111,1,1,0,0,1,0,0,0,0,0,1,0,1,0,1
1186usa voter,1111,2,0,0,0,0,0,0,0,0,0,1,0,1,0,1
1186usa voter,1111,2,1,0,0,0,1,0,0,0,1,1,0,0,1,1
1186usa voter,1111,3,1,1,0,0,1,0,0,0,0,1,0,1,0,0
1186usa voter,1111,3,0,0,0,1,1,0,0,0,1,1,0,0,0,0
1187usa voter,1112,1,1,0,0,1,1,0,1,0,0,1,0,1,0,0
1187usa voter,1112,1,0,1,0,0,0,1,1,0,0,0,0,1,0,0
1187usa voter,1112,2,0,0,0,0,0,0,0,1,0,0,0,0,1,0
1187usa voter,1112,2,1,0,1,0,1,0,1,0,0,0,1,1,0,1
1187usa voter,1112,3,0,0,1,0,0,1,0,0,1,0,0,0,1,0
1187usa voter,1112,3,1,0,1,0,1,0,0,1,0,1,0,1,0,1
1188usa voter,1113,1,0,0,0,0,0,0,0,1,0,0,0,1,0,0
1188usa voter,1113,1,1,1,0,0,0,1,0,0,1,1,0,0,0,0
1188usa voter,1113,2,0,0,1,0,1,0,0,0,0,1,0,0,0,0
1188usa voter,1113,2,1,1,0,0,0,0,0,0,0,0,1,1,0,0
1188usa voter,1113,3,0,0,0,1,0,1,1,0,0,0,0,1,0,1
1188usa voter,1113,3,1,0,0,0,0,0,0,0,0,1,0,0,0,1
1189usa voter,1114,1,0,0,0,0,1,0,0,0,0,1,0,0,0,1
1189usa voter,1114,1,1,0,1,0,0,0,0,1,0,0,1,1,0,0
1189usa voter,1114,2,0,0,0,0,1,0,0,0,0,0,0,0,1,1
1189usa voter,1114,2,1,1,0,0,0,0,0,0,0,1,0,0,0,0
1189usa voter,1114,3,1,0,0,0,0,1,0,1,0,0,1,1,0,1
1189usa voter,1114,3,0,0,0,0,0,0,0,0,0,1,0,0,0,1
1190usa voter,1115,1,1,0,0,0,0,1,0,0,0,0,1,0,1,0
1190usa voter,1115,1,0,0,1,0,1,0,1,0,0,0,0,0,1,1
1190usa voter,1115,2,0,0,0,0,1,0,0,0,0,0,0,0,0,0
1190usa voter,1115,2,1,0,0,0,0,1,0,1,0,0,0,1,0,0
1190usa voter,1115,3,0,1,0,0,0,1,0,1,0,0,1,0,1,0
1190usa voter,1115,3,1,0,1,0,1,0,1,0,0,0,1,0,0,1
1191usa voter,1116,1,1,1,0,0,0,1,0,1,0,0,1,0,0,1
1191usa voter,1116,1,0,0,1,0,0,0,0,0,1,0,1,0,0,1
1191usa voter,1116,2,1,0,0,1,0,0,0,0,0,0,1,0,0,1
1191usa voter,1116,2,0,0,0,0,1,0,0,1,0,1,0,0,1,0
1191usa voter,1116,3,1,0,0,1,0,0,0,0,0,0,1,1,0,0
1191usa voter,1116,3,0,1,0,0,0,1,0,0,1,0,0,1,0,0
1192usa voter,1117,1,1,0,0,1,0,1,0,1,0,0,1,0,1,1
1192usa voter,1117,1,0,0,0,0,1,0,0,0,0,0,0,0,1,0
1192usa voter,1117,2,0,1,0,0,1,0,0,0,1,0,0,1,0,0
1192usa voter,1117,2,1,1,0,0,0,1,1,0,0,0,0,0,1,1
1192usa voter,1117,3,1,0,0,1,1,0,0,0,0,1,0,0,0,1
1192usa voter,1117,3,0,1,0,0,0,1,0,0,0,0,0,1,0,1
1193usa voter,1118,1,1,0,0,1,0,1,1,0,0,0,0,0,0,1
1193usa voter,1118,1,0,0,1,0,0,0,0,1,0,0,0,0,0,1
1193usa voter,1118,2,1,0,0,1,0,0,0,0,1,1,0,1,0,0
1193usa voter,1118,2,0,0,1,0,1,0,0,0,0,0,1,0,1,0
1193usa voter,1118,3,1,0,0,1,1,0,1,0,0,0,0,0,0,1
1193usa voter,1118,3,0,1,0,0,1,0,1,0,0,1,0,1,0,0
1194usa voter,1119,1,1,0,0,0,1,0,0,0,1,0,1,0,1,1
1194usa voter,1119,1,0,0,1,0,1,0,0,0,0,0,1,0,0,1
1194usa voter,1119,2,1,1,0,0,0,0,1,0,0,1,0,0,1,1
1194usa voter,1119,2,0,0,0,0,0,0,0,0,0,0,0,0,1,0
1194usa voter,1119,3,1,0,1,0,0,1,0,0,1,0,0,1,0,1
1194usa voter,1119,3,0,1,0,0,0,1,0,0,0,1,0,1,0,1
1195usa voter,1120,1,0,0,0,1,0,1,0,0,1,0,0,0,1,0
1195usa voter,1120,1,1,0,0,0,0,1,1,0,0,0,0,1,0,0
1195usa voter,1120,2,0,0,1,0,0,1,0,0,0,1,0,0,0,0
1195usa voter,1120,2,1,0,0,1,0,1,0,0,1,0,1,0,0,0
1195usa voter,1120,3,1,1,0,0,1,0,0,1,0,0,0,1,0,1
1195usa voter,1120,3,0,0,0,1,0,0,0,0,0,0,0,0,0,1
1196usa voter,1121,1,1,0,0,1,0,0,0,1,0,0,0,0,0,1
1196usa voter,1121,1,0,0,0,0,0,0,1,0,0,0,0,0,1,1
1196usa voter,1121,2,1,0,0,1,1,0,0,1,0,0,0,1,0,0
1196usa voter,1121,2,0,1,0,0,0,0,0,0,0,1,0,0,0,1
1196usa voter,1121,3,0,0,0,1,1,0,0,1,0,1,0,0,1,0
1196usa voter,1121,3,1,0,0,0,0,1,0,0,1,0,1,0,0,1
1197usa voter,1122,1,0,0,1,0,0,0,0,0,1,1,0,0,0,1
1197usa voter,1122,1,1,1,0,0,0,0,0,0,0,1,0,1,0,1
1197usa voter,1122,2,0,0,0,0,0,0,0,0,1,1,0,1,0,0
1197usa voter,1122,2,1,1,0,0,0,0,0,0,0,0,1,0,1,1
1197usa voter,1122,3,1,1,0,0,1,0,0,0,1,1,0,0,0,1
1197usa voter,1122,3,0,0,0,1,1,0,0,0,1,0,1,1,0,1
1198usa voter,1123,1,0,0,1,0,1,0,0,0,1,0,0,0,1,1
1198usa voter,1123,1,1,1,0,0,0,0,0,0,0,0,1,1,0,1
1201usa voter,1124,1,1,1,0,0,0,0,1,0,0,0,1,0,1,1
1201usa voter,1124,1,0,0,0,0,0,0,1,0,0,1,0,0,0,1
1201usa voter,1124,2,0,1,0,0,1,0,0,0,0,0,1,0,1,1
1201usa voter,1124,2,1,0,0,1,0,0,1,0,0,0,0,1,0,1
1201usa voter,1124,3,0,0,1,0,0,0,1,0,0,1,0,0,1,0
1201usa voter,1124,3,1,0,0,1,0,0,0,0,1,0,0,1,0,0
1202usa voter,1125,1,1,0,0,0,0,1,0,0,0,1,0,1,0,0
1202usa voter,1125,1,0,0,1,0,0,0,0,0,1,1,0,0,0,0
1202usa voter,1125,2,1,0,0,0,1,0,0,0,0,0,1,1,0,0
1202usa voter,1125,2,0,1,0,0,1,0,0,1,0,1,0,0,1,1
1202usa voter,1125,3,0,1,0,0,0,1,0,1,0,1,0,0,1,0
1202usa voter,1125,3,1,0,0,0,0,1,0,0,0,1,0,0,1,1
1203usa voter,1126,1,0,0,0,0,0,1,0,0,0,0,1,0,1,0
1203usa voter,1126,1,1,0,0,0,0,1,0,0,0,1,0,0,0,0
1203usa voter,1126,2,0,0,0,1,1,0,0,1,0,0,0,0,0,1
1203usa voter,1126,2,1,0,1,0,1,0,0,0,1,0,0,0,0,0
1203usa voter,1126,3,0,0,0,0,0,0,0,0,0,0,1,0,1,1
1203usa voter,1126,3,1,0,0,1,1,0,0,0,0,1,0,1,0,0
1204usa voter,1127,1,0,0,0,0,0,0,0,1,0,0,0,0,1,1
1204usa voter,1127,1,1,0,0,0,1,0,0,0,0,0,0,1,0,1
1204usa voter,1127,2,1,0,0,0,0,1,0,0,1,1,0,0,0,0
1204usa voter,1127,2,0,0,0,0,0,1,1,0,0,0,0,0,1,0
1204usa voter,1127,3,0,1,0,0,0,1,0,0,0,0,1,1,0,1
1204usa voter,1127,3,1,1,0,0,0,0,0,0,1,1,0,0,1,1
1205usa voter,1128,1,1,0,0,0,1,0,0,1,0,0,0,0,0,1
1205usa voter,1128,1,0,1,0,0,1,0,1,0,0,0,1,1,0,1
1205usa voter,1128,2,0,0,0,0,0,0,0,0,1,0,0,1,0,0
1205usa voter,1128,2,1,1,0,0,0,1,0,0,1,0,0,1,0,0
1205usa voter,1128,3,0,1,0,0,0,0,0,1,0,0,0,0,1,0
1205usa voter,1128,3,1,0,1,0,1,0,0,0,1,0,0,0,1,0
1206usa voter,1129,1,1,0,0,0,0,0,0,1,0,0,0,1,0,0
1206usa voter,1129,1,0,0,0,0,0,1,0,0,1,0,0,1,0,0
1206usa voter,1129,2,1,1,0,0,1,0,0,1,0,0,0,1,0,1
1206usa voter,1129,2,0,1,0,0,1,0,0,0,0,0,1,0,1,1
1206usa voter,1129,3,0,0,1,0,1,0,0,0,0,1,0,1,0,0
1206usa voter,1129,3,1,0,1,0,0,1,0,1,0,1,0,0,1,1
1207usa voter,1130,1,1,0,0,0,0,0,0,0,1,0,0,1,0,1
1207usa voter,1130,1,0,0,1,0,1,0,0,0,0,0,1,0,1,0
1207usa voter,1130,2,1,0,0,0,1,0,0,0,1,0,1,0,0,0
1207usa voter,1130,2,0,0,0,1,1,0,0,1,0,1,0,0,1,1
1207usa voter,1130,3,0,0,0,1,0,0,1,0,0,0,1,0,1,0
1207usa voter,1130,3,1,0,0,0,0,1,0,0,1,0,0,1,0,1
1208usa voter,1131,1,1,0,0,0,0,1,0,1,0,1,0,0,1,1
1208usa voter,1131,1,0,1,0,0,1,0,0,0,1,0,1,0,1,0
1208usa voter,1131,2,0,0,0,1,0,0,0,0,0,0,0,0,1,0
1208usa voter,1131,2,1,0,1,0,0,1,0,0,0,0,1,0,1,1
1208usa voter,1131,3,0,0,0,0,0,1,1,0,0,1,0,0,1,1
1208usa voter,1131,3,1,0,0,1,0,1,0,1,0,0,1,0,1,0
1209usa voter,1132,1,0,0,0,1,0,1,1,0,0,0,1,1,0,1
1209usa voter,1132,1,1,1,0,0,1,0,0,0,0,1,0,0,1,1
1209usa voter,1132,2,1,0,1,0,1,0,0,0,0,0,0,0,0,1
1209usa voter,1132,2,0,1,0,0,0,0,0,0,1,0,1,0,1,1
1209usa voter,1132,3,1,1,0,0,0,1,0,0,1,0,0,1,0,0
1209usa voter,1132,3,0,1,0,0,0,0,0,1,0,0,1,1,0,1
1211usa voter,1133,1,1,0,0,1,0,1,0,0,1,0,0,0,0,1
1211usa voter,1133,1,0,0,0,1,1,0,1,0,0,0,0,0,1,0
1211usa voter,1133,2,1,1,0,0,1,0,1,0,0,0,0,0,0,0
1211usa voter,1133,2,0,0,0,0,0,0,0,0,1,0,1,0,1,0
1211usa voter,1133,3,1,0,0,1,1,0,1,0,0,0,0,1,0,0
1211usa voter,1133,3,0,0,1,0,1,0,0,0,0,0,0,0,1,1
1212usa voter,1134,1,1,0,0,1,0,1,0,0,0,0,0,1,0,0
1212usa voter,1134,1,0,1,0,0,1,0,1,0,0,0,0,1,0,1
1212usa voter,1134,2,0,1,0,0,0,0,1,0,0,0,0,1,0,0
1212usa voter,1134,2,1,0,1,0,0,0,0,1,0,0,1,0,1,1
1212usa voter,1134,3,1,0,0,1,1,0,0,0,0,0,0,1,0,0
1212usa voter,1134,3,0,0,0,1,0,0,0,0,0,1,0,0,0,0
1213usa voter,1135,1,1,0,0,0,0,0,0,0,0,0,0,0,0,1
1213usa voter,1135,1,0,0,1,0,0,0,0,0,0,0,0,0,0,0
1213usa voter,1135,2,1,0,1,0,1,0,0,1,0,0,1,0,1,0
1213usa voter,1135,2,0,1,0,0,0,0,0,0,1,0,1,0,1,1
1213usa voter,1135,3,0,1,0,0,0,0,1,0,0,0,1,1,0,0
1213usa voter,1135,3,1,1,0,0,0,0,0,0,0,1,0,0,0,1
1215usa voter,1136,1,0,0,1,0,0,0,0,1,0,0,1,0,0,0
1215usa voter,1136,1,1,1,0,0,0,0,0,0,0,1,0,0,1,0
1215usa voter,1136,2,0,0,0,0,0,1,0,1,0,0,0,0,0,1
1215usa voter,1136,2,1,0,0,1,0,1,0,1,0,0,0,1,0,1
1216usa voter,1137,1,0,0,1,0,0,1,1,0,0,0,1,0,0,1
1216usa voter,1137,1,1,1,0,0,1,0,0,1,0,0,0,1,0,1
1216usa voter,1137,2,1,0,0,1,0,0,0,0,0,0,0,1,0,1
1216usa voter,1137,2,0,0,1,0,1,0,1,0,0,0,1,0,0,1
1216usa voter,1137,3,1,0,1,0,0,1,0,1,0,0,1,1,0,1
1216usa voter,1137,3,0,0,0,1,0,1,0,0,0,1,0,0,1,0
1219usa voter,1138,1,0,1,0,0,0,1,1,0,0,0,1,0,1,0
1219usa voter,1138,1,1,0,1,0,0,1,0,1,0,0,1,1,0,0
1219usa voter,1138,2,1,0,0,1,1,0,0,0,1,0,1,0,1,0
1219usa voter,1138,2,0,1,0,0,0,1,1,0,0,0,0,0,0,1
1219usa voter,1138,3,0,0,1,0,0,0,0,0,1,0,0,0,1,0
1219usa voter,1138,3,1,0,1,0,0,1,0,1,0,0,1,1,0,1
1220usa voter,1139,1,0,1,0,0,0,1,0,0,1,0,0,0,0,1
1220usa voter,1139,1,1,0,1,0,0,1,0,0,1,0,1,1,0,0
1220usa voter,1139,2,0,0,1,0,0,0,1,0,0,0,1,0,0,0
1220usa voter,1139,2,1,0,1,0,1,0,0,1,0,0,0,1,0,1
1220usa voter,1139,3,0,0,0,1,0,0,0,1,0,0,1,0,0,1
1220usa voter,1139,3,1,1,0,0,0,1,0,0,1,0,1,1,0,0
1221usa voter,1140,1,1,0,1,0,1,0,1,0,0,0,0,0,0,1
1221usa voter,1140,1,0,0,1,0,0,1,0,1,0,0,0,1,0,0
1221usa voter,1140,2,1,0,1,0,0,1,0,0,0,0,0,1,0,1
1221usa voter,1140,2,0,0,0,0,0,0,0,0,1,1,0,0,1,0
1221usa voter,1140,3,1,0,1,0,1,0,0,0,0,0,1,1,0,0
1221usa voter,1140,3,0,0,0,0,0,0,0,0,0,0,0,0,1,0
1222usa voter,1141,1,0,0,0,1,0,0,1,0,0,0,0,0,0,0
1222usa voter,1141,1,1,0,0,0,1,0,1,0,0,0,0,0,1,0
1222usa voter,1141,2,0,0,0,0,0,0,1,0,0,1,0,0,0,0
1222usa voter,1141,2,1,1,0,0,0,1,0,0,0,1,0,0,0,0
1222usa voter,1141,3,0,0,0,0,1,0,0,0,1,0,0,1,0,1
1222usa voter,1141,3,1,0,0,0,1,0,0,0,0,1,0,0,1,0
1224usa voter,1142,1,1,0,0,1,0,1,0,1,0,1,0,0,1,0
1224usa voter,1142,1,0,1,0,0,0,0,0,0,0,0,0,0,0,0
1224usa voter,1142,2,0,0,0,1,0,1,0,0,1,0,1,0,1,0
1224usa voter,1142,2,1,0,1,0,1,0,0,0,1,0,1,0,0,0
1224usa voter,1142,3,0,1,0,0,1,0,1,0,0,0,1,1,0,0
1224usa voter,1142,3,1,0,0,1,1,0,0,1,0,0,0,0,0,1
1225usa voter,1143,1,1,0,0,0,0,0,0,1,0,1,0,0,1,1
1225usa voter,1143,1,0,0,0,1,0,0,0,0,1,0,1,0,0,1
1225usa voter,1143,2,1,1,0,0,0,0,1,0,0,0,1,0,0,1
1225usa voter,1143,2,0,1,0,0,1,0,1,0,0,0,0,0,1,1
1225usa voter,1143,3,0,0,0,1,1,0,0,1,0,0,1,0,0,1
1225usa voter,1143,3,1,1,0,0,1,0,0,1,0,1,0,1,0,0
1226usa voter,1144,1,0,1,0,0,1,0,0,0,0,0,1,1,0,0
1226usa voter,1144,1,1,1,0,0,0,0,0,1,0,0,1,0,0,0
1226usa voter,1144,2,0,1,0,0,1,0,1,0,0,1,0,0,1,0
1226usa voter,1144,2,1,1,0,0,0,1,0,1,0,0,1,0,0,1
1226usa voter,1144,3,0,0,0,0,0,0,0,0,1,0,1,0,1,0
1226usa voter,1144,3,1,0,0,1,0,0,0,0,0,1,0,0,1,1
1227usa voter,1145,1,1,0,1,0,0,0,0,1,0,0,0,0,1,0
1227usa voter,1145,1,0,1,0,0,0,0,0,1,0,0,0,1,0,0
1227usa voter,1145,2,1,0,0,1,0,1,0,1,0,0,0,0,1,1
1227usa voter,1145,2,0,1,0,0,0,1,0,1,0,0,1,0,0,1
1227usa voter,1145,3,0,1,0,0,0,1,0,0,0,0,0,0,1,0
1227usa voter,1145,3,1,1,0,0,1,0,0,0,0,1,0,1,0,1
1228usa voter,1146,1,0,0,1,0,0,0,1,0,0,0,0,0,1,0
1228usa voter,1146,1,1,0,0,1,0,1,1,0,0,0,0,1,0,1
1228usa voter,1146,2,1,0,0,1,1,0,0,0,1,0,0,0,1,0
1228usa voter,1146,2,0,0,0,0,1,0,0,1,0,0,1,0,1,0
1228usa voter,1146,3,1,0,1,0,0,1,0,0,0,0,1,1,0,1
1228usa voter,1146,3,0,1,0,0,1,0,0,0,0,0,0,1,0,1
1229usa voter,1147,1,1,0,1,0,0,0,0,0,0,1,0,0,1,0
1229usa voter,1147,1,0,0,1,0,0,0,0,0,1,0,0,0,0,0
1229usa voter,1147,2,0,0,0,1,0,1,0,0,1,0,0,0,1,0
1229usa voter,1147,2,1,0,0,1,0,0,0,1,0,0,1,1,0,0
1229usa voter,1147,3,1,0,0,0,0,0,0,0,1,0,0,1,0,1
1229usa voter,1147,3,0,0,1,0,1,0,0,1,0,1,0,1,0,1
1230usa voter,1148,1,0,1,0,0,0,0,0,0,1,0,1,0,1,0
1230usa voter,1148,1,1,1,0,0,0,1,1,0,0,0,1,1,0,0
1230usa voter,1148,2,0,0,1,0,1,0,0,0,1,1,0,0,0,0
1230usa voter,1148,2,1,0,0,1,0,0,0,1,0,0,0,0,0,0
1230usa voter,1148,3,0,0,0,1,0,0,0,0,1,1,0,0,0,1
1230usa voter,1148,3,1,0,0,1,1,0,0,0,0,0,0,0,0,1
1231usa voter,1149,1,0,0,0,0,0,1,0,1,0,0,1,0,0,0
1231usa voter,1149,1,1,0,1,0,0,0,0,1,0,0,1,0,1,1
1231usa voter,1149,3,0,0,1,0,0,0,0,0,0,0,1,0,0,0
1231usa voter,1149,3,1,0,0,0,0,1,0,0,1,1,0,0,0,1
1232usa voter,1150,1,0,0,0,1,1,0,1,0,0,0,1,0,0,1
1232usa voter,1150,1,1,0,1,0,0,0,0,1,0,0,1,0,0,0
1232usa voter,1150,2,0,0,0,1,0,0,0,0,1,0,1,0,0,0
1232usa voter,1150,2,1,0,1,0,0,1,1,0,0,0,0,0,0,1
1232usa voter,1150,3,1,0,1,0,0,0,0,1,0,1,0,0,1,0
1232usa voter,1150,3,0,0,0,1,0,1,0,0,0,0,0,0,0,1
1233usa voter,1151,1,1,0,0,0,1,0,0,0,0,0,0,0,0,0
1233usa voter,1151,1,0,0,0,0,1,0,0,0,0,1,0,1,0,1
1233usa voter,1151,2,1,0,0,0,1,0,0,1,0,0,1,1,0,1
1233usa voter,1151,2,0,1,0,0,0,1,1,0,0,0,1,1,0,0
1233usa voter,1151,3,0,1,0,0,0,1,1,0,0,1,0,0,1,0
1233usa voter,1151,3,1,0,1,0,1,0,0,0,0,0,1,0,0,1
1234usa voter,1152,1,0,1,0,0,1,0,0,1,0,1,0,0,0,1
1234usa voter,1152,1,1,0,1,0,0,0,0,0,0,1,0,0,1,1
1234usa voter,1152,2,0,1,0,0,0,1,0,1,0,0,0,1,0,1
1234usa voter,1152,2,1,1,0,0,1,0,0,0,0,0,1,1,0,0
1234usa voter,1152,3,1,0,0,0,0,0,0,0,1,0,1,0,0,1
1234usa voter,1152,3,0,1,0,0,0,0,0,0,0,0,0,0,1,0
1235usa voter,1153,1,0,1,0,0,0,0,0,0,1,1,0,1,0,1
1235usa voter,1153,1,1,0,0,1,0,0,1,0,0,0,0,0,1,0
1235usa voter,1153,2,0,0,1,0,0,0,0,0,1,0,0,0,1,1
1235usa voter,1153,2,1,0,1,0,0,1,0,1,0,0,1,0,0,1
1235usa voter,1153,3,1,0,0,1,0,0,1,0,0,1,0,0,0,0
1235usa voter,1153,3,0,0,0,0,0,0,0,1,0,0,1,0,0,0
1236usa voter,1154,1,1,0,1,0,0,1,1,0,0,0,0,0,1,1
1236usa voter,1154,1,0,1,0,0,0,1,1,0,0,1,0,0,0,1
1236usa voter,1154,2,1,0,1,0,0,1,0,0,1,0,0,0,0,1
1236usa voter,1154,2,0,0,0,0,0,0,0,1,0,0,1,1,0,0
1236usa voter,1154,3,1,0,1,0,0,0,0,0,1,1,0,0,0,0
1236usa voter,1154,3,0,0,0,0,0,1,1,0,0,0,1,0,1,0
1237usa voter,1155,1,1,0,1,0,0,1,0,0,0,0,1,1,0,1
1237usa voter,1155,1,0,1,0,0,0,0,0,1,0,1,0,0,0,1
1237usa voter,1155,2,1,1,0,0,0,0,1,0,0,1,0,1,0,1
1237usa voter,1155,2,0,1,0,0,1,0,0,1,0,0,1,0,0,0
1237usa voter,1155,3,0,1,0,0,0,0,0,0,0,1,0,0,0,0
1237usa voter,1155,3,1,1,0,0,0,1,0,0,1,0,1,0,0,1
1238usa voter,1156,1,0,0,0,0,0,1,0,0,0,1,0,1,0,1
1238usa voter,1156,1,1,0,0,1,0,1,0,1,0,0,0,0,0,1
1238usa voter,1156,2,0,0,0,1,0,0,0,0,1,0,0,0,1,1
1238usa voter,1156,2,1,0,0,1,1,0,0,0,1,1,0,0,1,0
1238usa voter,1156,3,1,0,0,1,1,0,0,0,1,1,0,0,0,0
1238usa voter,1156,3,0,0,0,0,0,1,0,0,1,0,1,0,1,1
1239usa voter,1157,1,0,0,0,0,1,0,1,0,0,0,0,1,0,1
1239usa voter,1157,1,1,1,0,0,0,1,1,0,0,0,1,1,0,1
1239usa voter,1157,2,0,0,0,0,0,0,0,0,0,1,0,0,1,1
1239usa voter,1157,2,1,1,0,0,0,0,0,0,0,0,1,0,0,0
1239usa voter,1157,3,0,0,1,0,1,0,0,1,0,0,1,0,1,0
1239usa voter,1157,3,1,0,0,1,1,0,1,0,0,0,1,0,0,1
1240usa voter,1158,1,0,0,0,0,0,1,0,0,1,0,0,1,0,0
1240usa voter,1158,1,1,1,0,0,1,0,1,0,0,0,1,1,0,0
1240usa voter,1158,2,0,1,0,0,0,0,0,0,1,0,0,0,0,0
1240usa voter,1158,2,1,1,0,0,0,1,0,0,1,0,1,0,0,0
1240usa voter,1158,3,1,1,0,0,0,1,0,1,0,0,0,0,0,1
1240usa voter,1158,3,0,0,0,1,0,0,0,0,0,0,0,0,1,1
1241usa voter,1159,1,1,0,0,1,0,0,0,0,1,1,0,0,1,1
1241usa voter,1159,1,0,0,0,0,0,1,0,1,0,1,0,0,0,0
1241usa voter,1159,2,0,0,0,0,0,1,0,0,0,0,0,0,1,0
1241usa voter,1159,2,1,0,0,1,0,1,0,0,1,0,0,1,0,1
1241usa voter,1159,3,1,1,0,0,0,1,0,0,1,1,0,1,0,0
1241usa voter,1159,3,0,0,0,0,1,0,0,0,1,0,0,0,1,1
1242usa voter,1160,1,0,1,0,0,0,0,0,0,0,0,1,0,1,1
1242usa voter,1160,1,1,0,1,0,1,0,1,0,0,0,1,1,0,0
1242usa voter,1160,2,1,1,0,0,0,0,0,0,0,1,0,0,0,0
1242usa voter,1160,2,0,0,1,0,0,0,1,0,0,1,0,0,0,0
1242usa voter,1160,3,0,0,0,1,0,0,0,0,0,1,0,0,1,1
1242usa voter,1160,3,1,0,0,1,0,1,0,0,1,0,1,1,0,1
1243usa voter,1161,1,1,0,1,0,1,0,1,0,0,0,1,0,0,1
1243usa voter,1161,1,0,1,0,0,1,0,1,0,0,0,1,0,0,0
1243usa voter,1161,2,0,0,0,0,0,1,0,1,0,1,0,1,0,0
1243usa voter,1161,2,1,0,0,0,1,0,1,0,0,0,1,1,0,0
1243usa voter,1161,3,1,0,0,0,0,1,0,0,1,1,0,1,0,1
1243usa voter,1161,3,0,1,0,0,0,1,0,0,0,1,0,0,0,0
1244usa voter,1162,1,1,0,0,1,0,0,0,0,1,0,0,1,0,0
1244usa voter,1162,1,0,0,0,0,1,0,0,1,0,1,0,0,0,0
1244usa voter,1162,2,0,0,1,0,1,0,1,0,0,1,0,0,0,0
1244usa voter,1162,2,1,0,0,0,0,1,0,1,0,1,0,1,0,1
1244usa voter,1162,3,0,0,0,0,0,0,1,0,0,0,1,1,0,1
1244usa voter,1162,3,1,0,0,1,0,0,0,1,0,0,0,0,0,0
1245usa voter,1163,1,0,0,1,0,0,0,0,0,0,0,1,1,0,0
1245usa voter,1163,1,1,0,0,1,0,0,0,1,0,0,0,0,0,1
1245usa voter,1163,2,1,0,1,0,0,1,0,0,0,0,0,0,1,0
1245usa voter,1163,2,0,0,0,0,0,1,1,0,0,0,0,0,1,0
1245usa voter,1163,3,0,1,0,0,0,0,1,0,0,0,0,1,0,0
1245usa voter,1163,3,1,0,0,1,1,0,0,0,0,0,0,1,0,1
1247usa voter,1164,1,0,0,1,0,0,1,0,1,0,0,1,0,1,0
1247usa voter,1164,1,1,0,0,0,0,0,0,1,0,0,1,0,1,1
1247usa voter,1164,2,1,1,0,0,0,0,0,0,0,0,0,0,1,0
1247usa voter,1164,2,0,0,1,0,0,0,0,0,0,0,1,0,1,0
1247usa voter,1164,3,1,0,1,0,0,1,0,0,1,0,1,1,0,0
1247usa voter,1164,3,0,0,0,1,0,1,1,0,0,0,0,1,0,0
1248usa voter,1165,1,0,0,1,0,0,0,0,0,1,0,0,0,0,0
1248usa voter,1165,1,1,0,1,0,1,0,0,0,0,1,0,0,1,0
1248usa voter,1165,2,0,1,0,0,0,1,0,0,0,0,0,0,0,0
1248usa voter,1165,2,1,0,0,1,0,1,1,0,0,1,0,0,0,0
1248usa voter,1165,3,1,0,0,0,0,1,0,1,0,0,1,1,0,1
1248usa voter,1165,3,0,1,0,0,0,0,1,0,0,0,1,1,0,1
1249usa voter,1166,1,1,0,0,1,0,0,0,0,0,0,1,0,0,1
1249usa voter,1166,1,0,0,0,1,1,0,0,0,1,1,0,1,0,1
1249usa voter,1166,2,0,0,1,0,1,0,0,1,0,0,1,0,0,0
1249usa voter,1166,2,1,0,1,0,0,0,1,0,0,0,1,0,0,1
1249usa voter,1166,3,0,0,0,1,1,0,1,0,0,0,1,1,0,0
1249usa voter,1166,3,1,0,0,1,0,0,0,0,0,0,0,0,1,0
1250usa voter,1167,1,0,0,0,0,0,1,0,1,0,0,0,0,1,1
1250usa voter,1167,1,1,0,0,1,1,0,0,0,0,1,0,1,0,0
1250usa voter,1167,2,0,0,0,0,0,1,1,0,0,1,0,0,0,0
1250usa voter,1167,2,1,0,0,0,1,0,0,0,1,0,0,1,0,1
1250usa voter,1167,3,0,0,1,0,0,0,0,1,0,0,1,0,0,1
1250usa voter,1167,3,1,0,0,1,1,0,0,0,0,0,0,0,0,1
1251usa voter,1168,1,0,0,0,1,0,0,1,0,0,0,0,0,0,0
1251usa voter,1168,1,1,0,1,0,1,0,0,0,1,0,1,0,1,1
1251usa voter,1168,2,1,0,0,0,0,0,0,0,1,0,0,0,1,1
1251usa voter,1168,2,0,1,0,0,1,0,1,0,0,0,0,1,0,0
1251usa voter,1168,3,1,1,0,0,0,0,0,0,0,0,0,0,1,0
1251usa voter,1168,3,0,0,0,0,0,0,0,0,0,0,0,1,0,0
1252usa voter,1169,1,1,0,0,0,0,1,0,1,0,0,1,0,0,1
1252usa voter,1169,1,0,0,0,1,0,0,0,0,1,0,0,0,0,1
1252usa voter,1169,2,0,0,0,1,0,0,0,0,1,0,1,0,1,0
1252usa voter,1169,2,1,0,1,0,1,0,0,0,1,0,0,0,1,0
1252usa voter,1169,3,1,0,0,0,1,0,0,0,0,0,0,0,0,0
1252usa voter,1169,3,0,0,0,0,0,0,0,0,0,0,1,0,1,0
1253usa voter,1170,1,0,0,1,0,0,1,0,0,0,1,0,0,0,1
1253usa voter,1170,1,1,0,0,1,0,0,0,1,0,1,0,1,0,1
1253usa voter,1170,2,0,1,0,0,1,0,0,1,0,0,0,1,0,1
1253usa voter,1170,2,1,1,0,0,0,1,0,1,0,0,1,0,1,0
1253usa voter,1170,3,1,0,0,1,0,1,0,1,0,1,0,0,0,0
1253usa voter,1170,3,0,0,1,0,1,0,0,0,1,0,0,0,1,1
1254usa voter,1171,1,1,0,0,0,1,0,0,1,0,0,0,0,1,0
1254usa voter,1171,1,0,0,0,1,0,0,0,0,0,0,0,0,1,0
1254usa voter,1171,2,0,1,0,0,1,0,0,0,0,0,0,1,0,0
1254usa voter,1171,2,1,0,0,1,1,0,1,0,0,0,0,0,1,1
1254usa voter,1171,3,0,1,0,0,1,0,0,0,0,1,0,0,1,0
1254usa voter,1171,3,1,0,1,0,0,0,0,1,0,0,1,0,0,0
1255usa voter,1172,1,0,1,0,0,0,1,0,0,0,1,0,0,0,0
1255usa voter,1172,1,1,0,1,0,0,0,0,0,0,0,0,1,0,1
1255usa voter,1172,2,1,0,1,0,1,0,0,0,1,1,0,1,0,1
1255usa voter,1172,2,0,1,0,0,1,0,1,0,0,1,0,0,1,0
1255usa voter,1172,3,1,0,1,0,0,1,0,0,1,1,0,1,0,0
1255usa voter,1172,3,0,0,0,0,0,0,1,0,0,0,1,1,0,0
1256usa voter,1173,1,0,0,0,1,0,0,0,1,0,0,1,1,0,0
1256usa voter,1173,1,1,0,0,0,0,0,0,0,0,1,0,0,0,1
1256usa voter,1173,2,1,1,0,0,0,0,0,0,0,1,0,0,1,1
1256usa voter,1173,2,0,1,0,0,0,0,1,0,0,0,1,1,0,0
1256usa voter,1173,3,0,1,0,0,1,0,0,0,1,0,1,0,1,0
1256usa voter,1173,3,1,1,0,0,1,0,0,0,0,0,1,0,1,1
1257usa voter,1174,1,0,0,0,1,0,0,1,0,0,0,1,0,1,0
1257usa voter,1174,1,1,0,0,1,1,0,1,0,0,1,0,1,0,0
1257usa voter,1174,2,1,1,0,0,1,0,0,0,1,0,1,1,0,1
1257usa voter,1174,2,0,0,1,0,1,0,0,0,0,1,0,1,0,0
1257usa voter,1174,3,0,0,0,0,1,0,1,0,0,0,0,1,0,0
1257usa voter,1174,3,1,0,0,0,0,0,0,0,1,1,0,1,0,0
1258usa voter,1175,1,0,1,0,0,0,0,1,0,0,0,0,1,0,1
1258usa voter,1175,1,1,1,0,0,1,0,0,0,1,0,0,1,0,1
1258usa voter,1175,2,1,0,1,0,0,1,0,0,0,1,0,0,0,1
1258usa voter,1175,2,0,1,0,0,0,1,1,0,0,1,0,0,1,0
1258usa voter,1175,3,0,0,0,1,0,1,0,1,0,1,0,1,0,0
1258usa voter,1175,3,1,0,1,0,1,0,0,0,1,1,0,0,1,1
1259usa voter,1176,1,0,0,0,0,0,1,0,0,0,0,1,0,0,0
1259usa voter,1176,1,1,1,0,0,1,0,0,0,0,0,0,1,0,0
1259usa voter,1176,2,0,0,0,1,0,1,1,0,0,0,0,0,0,0
1259usa voter,1176,2,1,0,1,0,0,1,1,0,0,0,0,1,0,1
1259usa voter,1176,3,1,0,1,0,0,0,0,0,0,1,0,1,0,0
1259usa voter,1176,3,0,1,0,0,0,0,0,1,0,1,0,0,1,1
1260usa voter,1177,1,0,0,0,0,0,0,0,1,0,0,0,1,0,1
1260usa voter,1177,1,1,0,0,0,0,1,0,0,1,0,0,1,0,1
1260usa voter,1177,2,0,0,0,0,1,0,0,0,0,1,0,1,0,0
1260usa voter,1177,2,1,0,0,1,0,1,0,1,0,0,1,0,1,0
1260usa voter,1177,3,1,0,0,0,1,0,1,0,0,1,0,1,0,0
1260usa voter,1177,3,0,0,0,0,0,1,0,1,0,0,0,1,0,1
1261usa voter,1178,1,0,0,0,0,1,0,0,0,0,0,1,0,1,1
1261usa voter,1178,1,1,1,0,0,1,0,0,1,0,0,1,0,0,0
1261usa voter,1178,2,1,0,0,1,0,0,0,0,1,1,0,1,0,0
1261usa voter,1178,2,0,0,0,1,1,0,0,0,1,1,0,0,1,0
1261usa voter,1178,3,1,1,0,0,0,1,0,0,0,0,1,1,0,0
1261usa voter,1178,3,0,0,0,0,0,1,0,0,0,0,1,0,1,1
1262usa voter,1179,1,0,0,0,0,0,0,0,1,0,1,0,1,0,1
1262usa voter,1179,1,1,1,0,0,1,0,0,1,0,1,0,1,0,0
1262usa voter,1179,2,1,0,0,1,0,1,0,0,0,0,1,0,0,1
1262usa voter,1179,2,0,1,0,0,0,0,0,0,1,0,0,0,0,0
1262usa voter,1179,3,1,0,0,1,0,1,0,0,0,1,0,0,1,1
1262usa voter,1179,3,0,0,0,1,1,0,1,0,0,0,0,1,0,1
1263usa voter,1180,1,1,0,0,1,0,1,1,0,0,1,0,0,1,0
1263usa voter,1180,1,0,1,0,0,1,0,0,0,0,1,0,0,1,0
1263usa voter,1180,2,1,0,0,1,0,0,0,0,0,0,0,0,1,1
1263usa voter,1180,2,0,0,0,1,1,0,0,1,0,0,1,1,0,1
1263usa voter,1180,3,1,0,0,0,1,0,0,1,0,0,0,1,0,1
1263usa voter,1180,3,0,0,0,0,1,0,0,0,1,0,0,0,0,0
1264usa voter,1181,1,0,1,0,0,0,1,1,0,0,0,1,0,1,0
1264usa voter,1181,1,1,1,0,0,0,0,0,0,0,1,0,1,0,0
1264usa voter,1181,2,0,0,1,0,1,0,1,0,0,0,0,0,1,0
1264usa voter,1181,2,1,1,0,0,0,0,1,0,0,0,0,0,0,1
1264usa voter,1181,3,0,1,0,0,0,0,0,1,0,0,1,1,0,0
1264usa voter,1181,3,1,0,0,1,0,1,0,0,0,0,0,1,0,1
1265usa voter,1182,1,1,1,0,0,0,0,1,0,0,1,0,0,1,0
1265usa voter,1182,1,0,1,0,0,0,0,1,0,0,0,1,0,0,0
1265usa voter,1182,2,0,0,1,0,1,0,1,0,0,1,0,1,0,0
1265usa voter,1182,2,1,0,1,0,1,0,0,0,1,0,1,1,0,0
1265usa voter,1182,3,0,0,0,0,0,1,0,0,1,0,0,1,0,1
1265usa voter,1182,3,1,0,1,0,0,0,0,0,0,1,0,1,0,1
1266usa voter,1183,1,0,0,0,0,0,1,0,0,0,0,1,1,0,1
1266usa voter,1183,1,1,0,0,1,0,1,0,0,0,0,0,0,0,1
1266usa voter,1183,2,1,1,0,0,0,0,0,0,1,0,0,0,0,1
1266usa voter,1183,2,0,1,0,0,0,0,0,1,0,0,1,1,0,0
1266usa voter,1183,3,1,0,0,0,1,0,0,0,1,0,0,1,0,0
1266usa voter,1183,3,0,1,0,0,1,0,0,1,0,1,0,1,0,1
1268usa voter,1184,1,1,0,0,0,0,1,0,0,1,0,0,1,0,0
1268usa voter,1184,1,0,1,0,0,0,0,0,0,1,1,0,0,1,0
1268usa voter,1184,2,0,1,0,0,0,0,0,0,0,0,0,1,0,0
1268usa voter,1184,2,1,1,0,0,0,1,0,1,0,1,0,0,1,1
1268usa voter,1184,3,1,1,0,0,0,0,0,0,1,0,1,0,1,1
1268usa voter,1184,3,0,0,1,0,0,0,0,1,0,0,1,0,1,0
1269usa voter,1185,1,1,1,0,0,0,1,0,0,0,0,1,1,0,1
1269usa voter,1185,1,0,0,0,0,0,0,0,0,0,0,0,0,1,1
1269usa voter,1185,2,1,1,0,0,1,0,0,0,1,1,0,0,1,0
1269usa voter,1185,2,0,0,1,0,1,0,1,0,0,0,0,0,1,1
1269usa voter,1185,3,1,1,0,0,0,0,0,0,1,0,0,0,0,0
1269usa voter,1185,3,0,0,0,0,1,0,0,0,0,1,0,0,1,0
1270usa voter,1186,1,0,1,0,0,1,0,0,1,0,1,0,0,0,0
1270usa voter,1186,1,1,0,0,0,0,0,0,1,0,0,1,1,0,1
1270usa voter,1186,2,1,1,0,0,0,0,0,1,0,0,0,0,1,0
1270usa voter,1186,2,0,1,0,0,1,0,0,0,1,0,0,0,0,1
1270usa voter,1186,3,1,1,0,0,0,1,0,0,1,1,0,1,0,1
1270usa voter,1186,3,0,1,0,0,1,0,1,0,0,0,0,1,0,0
1271usa voter,1187,1,0,0,0,1,0,0,0,0,1,1,0,0,0,0
1271usa voter,1187,1,1,0,0,1,1,0,1,0,0,0,1,0,1,1
1271usa voter,1187,2,0,0,0,1,1,0,1,0,0,1,0,0,1,1
1271usa voter,1187,2,1,0,1,0,0,1,0,0,1,1,0,0,1,1
1271usa voter,1187,3,1,0,0,1,0,0,0,0,0,0,1,1,0,0
1271usa voter,1187,3,0,0,1,0,0,0,0,0,1,0,0,0,1,0
1272usa voter,1188,1,1,0,0,0,1,0,0,0,0,0,0,0,1,1
1272usa voter,1188,1,0,0,1,0,0,1,0,0,1,0,0,0,0,0
1272usa voter,1188,2,0,0,0,0,0,1,1,0,0,0,1,0,0,1
1272usa voter,1188,2,1,0,0,0,0,0,0,1,0,0,1,1,0,0
1272usa voter,1188,3,0,0,0,0,1,0,0,1,0,1,0,0,0,0
1272usa voter,1188,3,1,0,0,0,1,0,0,0,1,0,1,0,0,0
1273usa voter,1189,1,1,0,0,1,0,1,0,0,0,1,0,1,0,0
1273usa voter,1189,1,0,0,1,0,0,1,0,0,1,0,0,0,0,0
1273usa voter,1189,2,0,0,1,0,0,1,1,0,0,1,0,0,1,0
1273usa voter,1189,2,1,0,1,0,1,0,0,0,0,1,0,0,1,0
1273usa voter,1189,3,1,1,0,0,0,1,1,0,0,1,0,0,1,1
1273usa voter,1189,3,0,0,0,0,0,0,0,0,1,0,0,0,0,0
1274usa voter,1190,1,0,0,0,0,1,0,1,0,0,0,0,0,1,1
1274usa voter,1190,1,1,0,0,0,0,1,1,0,0,1,0,0,0,0
1274usa voter,1190,2,1,1,0,0,0,0,0,0,0,1,0,0,0,1
1274usa voter,1190,2,0,0,0,0,0,1,1,0,0,0,1,0,1,1
1274usa voter,1190,3,1,1,0,0,1,0,1,0,0,1,0,1,0,0
1274usa voter,1190,3,0,0,1,0,0,0,1,0,0,1,0,1,0,0
1275usa voter,1191,1,1,0,1,0,1,0,1,0,0,0,1,0,0,0
1275usa voter,1191,1,0,0,0,1,0,0,0,0,1,0,0,1,0,1
1275usa voter,1191,2,1,0,0,1,0,1,0,0,1,1,0,0,1,1
1275usa voter,1191,2,0,0,0,1,0,0,0,0,0,1,0,0,0,0
1275usa voter,1191,3,1,0,1,0,0,1,1,0,0,1,0,0,1,0
1275usa voter,1191,3,0,1,0,0,1,0,1,0,0,1,0,1,0,1
1276usa voter,1192,1,0,0,0,0,0,1,1,0,0,1,0,0,0,0
1276usa voter,1192,1,1,1,0,0,1,0,0,0,1,1,0,0,0,0
1276usa voter,1192,2,0,0,1,0,1,0,1,0,0,0,1,0,0,0
1276usa voter,1192,2,1,0,0,1,1,0,0,1,0,0,0,0,1,0
1276usa voter,1192,3,1,0,1,0,1,0,0,0,0,1,0,1,0,0
1276usa voter,1192,3,0,0,0,0,0,0,1,0,0,1,0,0,0,1
1277usa voter,1193,1,1,0,1,0,0,1,0,1,0,1,0,1,0,0
1277usa voter,1193,1,0,0,0,1,1,0,0,0,1,1,0,1,0,0
1277usa voter,1193,2,0,0,0,0,1,0,1,0,0,1,0,0,1,0
1277usa voter,1193,2,1,0,0,1,0,0,0,0,1,1,0,0,0,0
1277usa voter,1193,3,1,1,0,0,0,1,0,0,0,0,1,0,1,0
1277usa voter,1193,3,0,0,0,1,0,0,0,1,0,1,0,0,0,0
1278usa voter,1194,1,1,0,1,0,1,0,1,0,0,0,1,0,1,1
1278usa voter,1194,1,0,1,0,0,0,0,1,0,0,1,0,1,0,1
1278usa voter,1194,2,0,0,1,0,0,0,0,1,0,0,1,0,0,0
1278usa voter,1194,2,1,0,1,0,0,1,0,0,1,1,0,0,1,1
1278usa voter,1194,3,1,0,0,1,0,1,0,0,1,0,1,1,0,0
1278usa voter,1194,3,0,0,0,0,0,0,0,0,0,0,0,0,1,1
1279usa voter,1195,1,0,0,0,0,1,0,0,1,0,0,0,0,0,0
1279usa voter,1195,1,1,1,0,0,1,0,0,1,0,0,1,0,1,0
1279usa voter,1195,2,0,0,1,0,0,0,0,0,0,0,1,0,0,1
1279usa voter,1195,2,1,1,0,0,0,0,0,1,0,0,1,0,1,1
1279usa voter,1195,3,1,0,0,0,1,0,0,0,1,0,0,0,1,1
1279usa voter,1195,3,0,0,0,1,0,0,1,0,0,1,0,0,0,0
1280usa voter,1196,1,0,0,0,1,0,0,0,0,0,1,0,1,0,0
1280usa voter,1196,1,1,1,0,0,0,1,1,0,0,1,0,1,0,0
1280usa voter,1196,2,0,0,0,1,0,0,0,0,0,0,0,0,1,1
1280usa voter,1196,2,1,0,1,0,0,0,0,0,0,0,0,0,0,1
1280usa voter,1196,3,1,0,0,0,0,1,0,1,0,0,1,0,0,1
1280usa voter,1196,3,0,1,0,0,0,1,0,0,0,0,0,1,0,1
1281usa voter,1197,1,1,1,0,0,1,0,0,0,1,0,1,0,1,1
1281usa voter,1197,1,0,0,0,1,0,1,0,0,0,1,0,1,0,1
1281usa voter,1197,2,1,0,1,0,0,1,0,1,0,1,0,1,0,1
1281usa voter,1197,2,0,0,0,1,0,1,0,0,1,0,0,1,0,1
1281usa voter,1197,3,1,0,1,0,1,0,0,1,0,0,1,0,0,1
1281usa voter,1197,3,0,1,0,0,0,1,1,0,0,1,0,0,1,0
1282usa voter,1198,1,0,1,0,0,0,0,0,1,0,1,0,0,0,1
1282usa voter,1198,1,1,0,1,0,0,0,0,0,1,0,0,0,1,1
1282usa voter,1198,2,0,1,0,0,0,1,0,0,1,0,1,1,0,0
1282usa voter,1198,2,1,1,0,0,1,0,0,0,1,0,0,0,1,1
1282usa voter,1198,3,1,0,0,0,1,0,0,0,0,0,0,0,0,1
1282usa voter,1198,3,0,0,1,0,0,1,0,1,0,0,1,1,0,0
1283usa voter,1199,1,1,1,0,0,0,0,0,1,0,0,0,1,0,0
1283usa voter,1199,1,0,0,0,0,0,0,1,0,0,0,0,0,1,1
1283usa voter,1199,2,1,0,0,0,1,0,0,0,1,1,0,1,0,0
1283usa voter,1199,2,0,0,0,0,1,0,1,0,0,0,1,1,0,1
1283usa voter,1199,3,1,0,0,0,0,0,0,0,1,0,1,0,1,0
1283usa voter,1199,3,0,0,0,0,1,0,1,0,0,0,1,0,0,1
1284usa voter,1200,1,0,0,0,0,0,1,0,0,0,0,1,0,0,1
1284usa voter,1200,1,1,1,0,0,1,0,0,1,0,0,0,1,0,1
1284usa voter,1200,2,0,0,1,0,0,0,1,0,0,0,1,0,1,0
1284usa voter,1200,2,1,0,0,1,0,1,1,0,0,1,0,1,0,0
1284usa voter,1200,3,0,0,0,1,0,1,0,0,0,0,0,0,0,1
1284usa voter,1200,3,1,1,0,0,0,1,0,0,1,0,1,1,0,1
1285usa voter,1201,1,1,0,1,0,1,0,0,1,0,0,1,0,0,1
1285usa voter,1201,1,0,1,0,0,1,0,0,1,0,0,1,0,1,0
1285usa voter,1201,2,0,1,0,0,0,1,0,0,1,1,0,1,0,0
1285usa voter,1201,2,1,0,1,0,0,1,0,0,1,1,0,1,0,0
1285usa voter,1201,3,0,0,0,0,0,0,0,0,1,1,0,0,0,1
1285usa voter,1201,3,1,0,0,0,0,1,0,1,0,0,0,1,0,1
1286usa voter,1202,1,0,0,1,0,0,0,0,0,0,1,0,0,1,0
1286usa voter,1202,1,1,0,0,1,0,0,0,0,1,0,0,0,0,1
1286usa voter,1202,2,1,1,0,0,0,0,0,0,1,0,1,0,1,1
1286usa voter,1202,2,0,1,0,0,0,1,0,0,0,1,0,1,0,0
1286usa voter,1202,3,1,0,0,1,0,0,0,1,0,1,0,1,0,0
1286usa voter,1202,3,0,1,0,0,1,0,0,1,0,0,1,0,0,1
1287usa voter,1203,1,1,0,0,1,0,1,0,1,0,0,1,0,0,0
1287usa voter,1203,1,0,1,0,0,1,0,0,0,1,0,1,1,0,1
1287usa voter,1203,2,1,0,0,0,0,0,0,1,0,0,1,0,1,0
1287usa voter,1203,2,0,0,1,0,0,0,1,0,0,1,0,0,1,0
1287usa voter,1203,3,1,0,1,0,0,1,0,1,0,1,0,1,0,1
1287usa voter,1203,3,0,0,0,0,0,0,0,0,1,0,0,0,1,1
1288usa voter,1204,1,1,0,1,0,0,1,0,1,0,0,0,0,1,1
1288usa voter,1204,1,0,0,0,0,0,0,0,0,1,1,0,1,0,1
1288usa voter,1204,2,1,1,0,0,0,0,0,1,0,0,0,1,0,0
1288usa voter,1204,2,0,0,0,0,0,0,0,0,1,0,1,0,1,1
1288usa voter,1204,3,1,1,0,0,0,1,0,0,0,1,0,0,0,1
1288usa voter,1204,3,0,1,0,0,1,0,0,1,0,0,1,0,0,0
1289usa voter,1205,1,1,0,0,0,0,1,0,0,1,0,1,1,0,1
1289usa voter,1205,1,0,1,0,0,0,0,0,0,0,0,1,0,1,0
1289usa voter,1205,2,1,0,0,0,1,0,0,0,1,0,1,1,0,1
1289usa voter,1205,2,0,1,0,0,0,0,0,0,0,0,0,0,0,1
1289usa voter,1205,3,0,0,0,0,0,0,0,0,0,1,0,0,0,1
1289usa voter,1205,3,1,0,0,1,1,0,0,0,1,0,1,1,0,1
1290usa voter,1206,1,0,0,0,1,1,0,1,0,0,0,1,0,0,0
1290usa voter,1206,1,1,0,0,1,1,0,0,0,1,0,1,1,0,1
1290usa voter,1206,2,0,0,1,0,0,0,1,0,0,1,0,0,0,0
1290usa voter,1206,2,1,0,0,0,0,0,1,0,0,0,1,1,0,1
1290usa voter,1206,3,0,1,0,0,0,0,0,0,0,1,0,0,1,1
1290usa voter,1206,3,1,0,0,0,0,1,0,1,0,1,0,1,0,0
1291usa voter,1207,1,0,0,0,0,1,0,1,0,0,0,1,1,0,0
1291usa voter,1207,1,1,0,0,0,1,0,0,0,1,0,1,0,1,1
1291usa voter,1207,2,1,1,0,0,0,0,0,0,1,0,1,1,0,0
1291usa voter,1207,2,0,0,1,0,1,0,0,0,1,1,0,1,0,1
1291usa voter,1207,3,1,1,0,0,0,0,1,0,0,1,0,1,0,1
1291usa voter,1207,3,0,0,1,0,1,0,0,1,0,0,0,0,1,1
1292usa voter,1208,1,1,0,0,1,0,0,1,0,0,0,0,1,0,1
1292usa voter,1208,1,0,0,0,1,0,1,0,0,1,1,0,0,0,1
1292usa voter,1208,2,0,0,1,0,1,0,0,0,0,0,0,0,1,0
1292usa voter,1208,2,1,0,0,1,0,0,0,1,0,0,1,0,1,1
1292usa voter,1208,3,0,0,1,0,1,0,0,0,0,0,1,0,0,0
1292usa voter,1208,3,1,0,0,1,1,0,1,0,0,1,0,1,0,0
1293usa voter,1209,1,0,1,0,0,1,0,1,0,0,0,1,0,1,0
1293usa voter,1209,1,1,0,1,0,0,1,0,0,1,0,1,0,0,0
1293usa voter,1209,2,0,0,0,0,1,0,0,0,0,0,0,0,1,0
1293usa voter,1209,2,1,0,0,0,1,0,0,0,0,0,1,0,1,0
1293usa voter,1209,3,1,0,0,1,1,0,0,1,0,0,0,0,1,1
1293usa voter,1209,3,0,0,0,0,0,1,0,0,0,1,0,0,1,0
1294usa voter,1210,1,0,0,0,0,0,0,0,0,1,0,1,1,0,1
1294usa voter,1210,1,1,0,0,0,0,1,1,0,0,0,0,0,1,0
1294usa voter,1210,2,0,0,1,0,1,0,0,0,0,0,0,0,0,1
1294usa voter,1210,2,1,0,0,1,0,0,0,0,0,1,0,0,0,0
1294usa voter,1210,3,0,0,0,0,1,0,0,0,0,0,1,0,1,1
1294usa voter,1210,3,1,0,0,1,1,0,1,0,0,0,0,1,0,0
1295usa voter,1211,1,0,1,0,0,0,1,0,1,0,0,0,0,0,0
1295usa voter,1211,1,1,0,1,0,0,0,0,0,1,1,0,1,0,1
1295usa voter,1211,2,0,0,0,0,0,0,0,0,0,1,0,0,0,1
1295usa voter,1211,2,1,1,0,0,1,0,1,0,0,0,1,1,0,1
1295usa voter,1211,3,0,0,0,1,0,1,0,0,0,1,0,0,1,0
1295usa voter,1211,3,1,0,1,0,0,0,0,1,0,0,1,0,1,0
1296usa voter,1212,1,1,0,0,1,0,1,1,0,0,1,0,0,1,1
1296usa voter,1212,1,0,0,1,0,0,1,1,0,0,0,1,1,0,0
1296usa voter,1212,2,1,0,1,0,0,0,1,0,0,0,1,1,0,1
1296usa voter,1212,2,0,1,0,0,0,1,0,0,1,0,1,0,1,1
1296usa voter,1212,3,1,0,1,0,0,0,1,0,0,1,0,0,0,1
1296usa voter,1212,3,0,0,1,0,1,0,1,0,0,0,1,0,1,0
1297usa voter,1213,1,0,1,0,0,0,1,0,0,0,1,0,0,0,1
1297usa voter,1213,1,1,0,1,0,1,0,0,1,0,0,1,1,0,1
1297usa voter,1213,2,0,1,0,0,1,0,0,0,0,0,1,0,0,1
1297usa voter,1213,2,1,1,0,0,1,0,0,1,0,0,1,0,1,1
1297usa voter,1213,3,1,1,0,0,1,0,0,0,1,0,1,0,0,0
1297usa voter,1213,3,0,0,0,0,0,1,0,1,0,0,0,0,0,1
1299usa voter,1214,1,1,0,0,1,0,1,0,1,0,0,0,1,0,0
1299usa voter,1214,1,0,0,0,0,1,0,1,0,0,1,0,0,0,1
1299usa voter,1214,2,0,0,0,1,1,0,0,0,1,0,1,0,1,1
1299usa voter,1214,2,1,1,0,0,1,0,0,0,1,0,0,0,0,1
1300usa voter,1215,1,0,1,0,0,0,1,0,0,1,0,0,0,1,0
1300usa voter,1215,1,1,0,0,0,1,0,0,0,0,0,0,0,0,0
1300usa voter,1215,3,0,0,0,0,1,0,0,1,0,0,0,0,0,1
1300usa voter,1215,3,1,0,1,0,0,1,0,0,1,0,0,1,0,1
1301usa voter,1216,1,1,0,1,0,1,0,1,0,0,0,1,0,1,0
1301usa voter,1216,1,0,0,1,0,1,0,0,0,0,0,1,0,1,1
1301usa voter,1216,2,0,0,1,0,0,1,0,1,0,0,1,0,0,1
1301usa voter,1216,2,1,1,0,0,1,0,0,0,0,1,0,0,1,0
1301usa voter,1216,3,1,0,0,0,1,0,0,0,1,0,0,1,0,0
1301usa voter,1216,3,0,0,0,0,0,0,0,0,0,0,0,0,1,1
1304usa voter,1217,1,0,0,0,1,1,0,0,0,1,0,1,0,0,1
1304usa voter,1217,1,1,0,1,0,1,0,0,0,1,0,1,0,0,0
1304usa voter,1217,2,1,1,0,0,0,0,0,0,1,0,1,0,0,1
1304usa voter,1217,2,0,0,1,0,0,0,1,0,0,0,0,0,0,0
1304usa voter,1217,3,1,0,1,0,1,0,0,0,1,0,1,1,0,1
1304usa voter,1217,3,0,0,0,1,1,0,1,0,0,1,0,1,0,0
1305usa voter,1218,1,0,0,0,1,0,0,1,0,0,1,0,1,0,0
1305usa voter,1218,1,1,0,1,0,1,0,0,0,1,0,1,0,0,0
1305usa voter,1218,2,1,0,1,0,1,0,1,0,0,0,1,0,0,0
1305usa voter,1218,2,0,0,1,0,1,0,0,1,0,0,0,0,1,1
1305usa voter,1218,3,1,0,1,0,0,0,1,0,0,1,0,0,1,1
1305usa voter,1218,3,0,0,0,0,1,0,0,0,0,0,0,1,0,0
1306usa voter,1219,1,1,1,0,0,0,0,1,0,0,1,0,0,1,1
1306usa voter,1219,1,0,0,0,0,0,0,1,0,0,1,0,0,1,1
1306usa voter,1219,2,0,0,0,0,0,1,0,0,0,0,0,1,0,0
1306usa voter,1219,2,1,1,0,0,0,1,0,0,0,0,1,1,0,1
1306usa voter,1219,3,1,0,0,1,0,1,0,0,1,0,0,0,1,1
1306usa voter,1219,3,0,0,1,0,1,0,1,0,0,0,0,0,1,1
1307usa voter,1220,1,0,0,1,0,0,0,0,0,1,0,1,0,0,0
1307usa voter,1220,1,1,1,0,0,1,0,0,1,0,0,1,0,1,1
1307usa voter,1220,2,0,1,0,0,0,1,0,0,1,0,0,0,0,1
1307usa voter,1220,2,1,1,0,0,1,0,0,0,1,0,1,1,0,0
1307usa voter,1220,3,0,1,0,0,0,0,0,0,0,1,0,0,0,0
1307usa voter,1220,3,1,0,0,0,0,1,0,0,1,0,1,0,0,0
1308usa voter,1221,1,1,0,1,0,1,0,1,0,0,0,0,1,0,1
1308usa voter,1221,1,0,0,0,0,0,0,0,0,1,1,0,0,0,1
1308usa voter,1221,2,1,0,0,1,0,0,1,0,0,0,1,0,0,1
1308usa voter,1221,2,0,0,0,0,1,0,1,0,0,1,0,0,1,0
1308usa voter,1221,3,0,0,1,0,0,0,0,0,0,1,0,0,0,1
1308usa voter,1221,3,1,0,0,1,0,0,0,0,0,1,0,0,1,1
1309usa voter,1222,1,1,0,0,0,0,1,0,0,0,0,0,1,0,0
1309usa voter,1222,1,0,0,0,0,1,0,1,0,0,0,1,0,1,1
1309usa voter,1222,2,1,0,1,0,1,0,0,0,0,1,0,0,0,1
1309usa voter,1222,2,0,0,0,1,0,0,0,0,1,0,0,0,0,0
1309usa voter,1222,3,1,1,0,0,0,0,0,0,0,1,0,0,1,0
1309usa voter,1222,3,0,0,0,1,0,0,0,0,1,0,1,1,0,1
1311usa voter,1223,1,1,0,0,1,0,0,0,0,1,1,0,0,0,0
1311usa voter,1223,1,0,0,0,0,0,0,0,1,0,0,1,1,0,0
1311usa voter,1223,2,1,0,1,0,0,0,0,1,0,0,1,0,1,0
1311usa voter,1223,2,0,1,0,0,1,0,0,0,0,1,0,0,1,1
1311usa voter,1223,3,0,1,0,0,1,0,0,0,0,0,1,0,1,1
1311usa voter,1223,3,1,0,0,0,0,0,0,1,0,0,0,1,0,0
1312usa voter,1224,1,0,0,1,0,1,0,1,0,0,1,0,1,0,1
1312usa voter,1224,1,1,0,1,0,1,0,0,0,0,0,0,0,1,1
1312usa voter,1224,2,0,0,0,0,0,0,0,1,0,0,1,1,0,1
1312usa voter,1224,2,1,1,0,0,0,1,1,0,0,0,0,0,0,0
1312usa voter,1224,3,0,0,0,0,1,0,0,1,0,1,0,1,0,0
1312usa voter,1224,3,1,0,0,0,0,1,1,0,0,0,0,1,0,1
1313usa voter,1225,1,0,0,0,1,1,0,0,0,1,0,1,0,1,1
1313usa voter,1225,1,1,0,1,0,1,0,0,0,1,0,1,1,0,0
1313usa voter,1225,2,0,0,1,0,0,1,1,0,0,0,0,0,0,0
1313usa voter,1225,2,1,0,1,0,0,1,0,1,0,1,0,1,0,1
1313usa voter,1225,3,0,0,1,0,0,0,0,0,1,0,0,0,1,1
1313usa voter,1225,3,1,0,0,1,1,0,1,0,0,0,1,0,1,0
1314usa voter,1226,1,0,1,0,0,0,0,1,0,0,0,0,0,0,0
1314usa voter,1226,1,1,1,0,0,0,1,1,0,0,0,1,0,0,1
1314usa voter,1226,2,1,1,0,0,0,1,0,0,0,1,0,0,1,1
1314usa voter,1226,2,0,0,0,0,0,0,0,0,0,1,0,0,1,1
1314usa voter,1226,3,0,0,0,0,0,1,0,0,0,1,0,0,1,0
1314usa voter,1226,3,1,1,0,0,0,0,0,0,0,1,0,0,1,0
1315usa voter,1227,1,1,0,1,0,1,0,1,0,0,0,1,0,1,0
1315usa voter,1227,1,0,1,0,0,1,0,0,0,0,0,1,1,0,1
1315usa voter,1227,2,0,0,0,1,0,0,0,0,1,1,0,0,0,0
1315usa voter,1227,2,1,0,1,0,1,0,0,0,0,0,1,1,0,1
1315usa voter,1227,3,0,0,0,0,1,0,0,0,1,0,1,0,0,1
1315usa voter,1227,3,1,0,1,0,0,1,0,0,0,0,0,0,1,0
1316usa voter,1228,1,1,1,0,0,1,0,0,1,0,1,0,0,1,0
1316usa voter,1228,1,0,0,0,1,1,0,0,1,0,0,1,0,1,0
1316usa voter,1228,2,1,0,0,0,0,1,0,0,0,0,1,1,0,1
1316usa voter,1228,2,0,1,0,0,0,0,0,0,1,0,0,1,0,0
1316usa voter,1228,3,0,1,0,0,1,0,0,0,1,0,0,0,0,1
1316usa voter,1228,3,1,0,0,1,0,0,0,0,0,0,1,0,1,1
1317usa voter,1229,1,1,0,0,0,0,0,0,1,0,1,0,0,1,0
1317usa voter,1229,1,0,1,0,0,0,1,0,1,0,0,0,0,0,0
1317usa voter,1229,2,0,0,0,1,0,0,0,0,1,1,0,0,1,1
1317usa voter,1229,2,1,0,0,1,0,0,0,0,1,0,1,1,0,1
1317usa voter,1229,3,0,1,0,0,0,0,1,0,0,0,0,0,1,0
1317usa voter,1229,3,1,0,0,0,0,1,0,0,0,0,0,0,0,1
1318usa voter,1230,1,0,0,0,0,1,0,1,0,0,1,0,0,0,0
1318usa voter,1230,1,1,0,0,0,1,0,0,1,0,0,1,0,0,0
1318usa voter,1230,2,0,0,0,0,1,0,0,0,1,0,1,0,0,0
1318usa voter,1230,2,1,1,0,0,0,1,1,0,0,0,0,1,0,0
1319usa voter,1231,1,0,0,1,0,1,0,0,0,1,1,0,0,1,0
1319usa voter,1231,1,1,0,0,0,0,1,0,0,0,1,0,0,1,1
1319usa voter,1231,2,1,0,0,1,0,0,1,0,0,0,1,1,0,1
1319usa voter,1231,2,0,1,0,0,0,0,1,0,0,1,0,0,1,0
1319usa voter,1231,3,1,0,0,0,1,0,1,0,0,0,1,0,1,1
1319usa voter,1231,3,0,0,0,0,0,1,0,1,0,1,0,0,1,1
1320usa voter,1232,1,1,0,0,1,0,1,0,0,0,0,1,0,1,0
1320usa voter,1232,1,0,1,0,0,0,0,0,1,0,1,0,1,0,0
1320usa voter,1232,2,0,0,0,0,0,0,0,1,0,0,0,0,1,0
1320usa voter,1232,2,1,0,1,0,0,1,0,1,0,0,0,1,0,1
1320usa voter,1232,3,1,1,0,0,0,0,0,0,0,1,0,0,1,1
1320usa voter,1232,3,0,0,0,0,0,1,1,0,0,0,0,0,1,1
1321usa voter,1233,1,0,0,0,0,0,0,0,1,0,0,0,1,0,1
1321usa voter,1233,1,1,0,0,0,0,0,0,0,0,1,0,1,0,1
1321usa voter,1233,2,1,0,0,0,0,0,0,0,1,0,1,1,0,0
1321usa voter,1233,2,0,0,1,0,0,1,0,1,0,0,1,1,0,0
1321usa voter,1233,3,1,0,1,0,0,1,0,0,0,0,1,1,0,0
1321usa voter,1233,3,0,1,0,0,0,1,0,1,0,1,0,0,1,1
1322usa voter,1234,1,1,0,0,0,0,1,0,0,1,1,0,0,1,0
1322usa voter,1234,1,0,0,0,1,0,0,0,1,0,1,0,0,0,1
1322usa voter,1234,2,1,0,1,0,1,0,0,0,1,1,0,0,1,1
1322usa voter,1234,2,0,0,0,0,0,1,0,0,0,0,0,0,0,1
1322usa voter,1234,3,0,1,0,0,0,0,0,1,0,0,1,1,0,0
1322usa voter,1234,3,1,0,1,0,1,0,0,1,0,0,0,0,1,1
1324usa voter,1235,1,0,0,0,0,1,0,0,0,1,0,1,1,0,0
1324usa voter,1235,1,1,1,0,0,1,0,0,0,0,0,1,0,1,1
1324usa voter,1235,2,1,0,0,1,0,0,0,1,0,0,1,0,0,1
1324usa voter,1235,2,0,0,0,1,0,1,0,0,1,0,0,0,0,0
1324usa voter,1235,3,1,1,0,0,1,0,0,0,1,0,1,0,1,0
1324usa voter,1235,3,0,0,0,0,0,1,1,0,0,0,1,1,0,0
1325usa voter,1236,1,0,0,1,0,0,0,0,1,0,0,1,0,1,0
1325usa voter,1236,1,1,1,0,0,0,0,0,0,0,0,0,0,1,0
1325usa voter,1236,2,1,0,0,0,0,0,0,1,0,0,0,1,0,0
1325usa voter,1236,2,0,0,1,0,1,0,1,0,0,1,0,1,0,1
1325usa voter,1236,3,0,0,0,1,1,0,1,0,0,0,1,0,1,1
1325usa voter,1236,3,1,0,0,0,0,1,0,1,0,0,1,1,0,1
1326usa voter,1237,1,0,0,0,0,0,0,0,0,1,0,1,1,0,1
1326usa voter,1237,1,1,1,0,0,1,0,1,0,0,0,0,1,0,1
1326usa voter,1237,2,1,0,0,1,0,0,0,1,0,1,0,0,0,1
1326usa voter,1237,2,0,0,0,0,1,0,1,0,0,1,0,0,0,1
1326usa voter,1237,3,1,0,1,0,0,1,0,1,0,1,0,1,0,1
1326usa voter,1237,3,0,0,0,0,0,1,1,0,0,0,0,0,1,0
1327usa voter,1238,1,1,0,1,0,1,0,1,0,0,1,0,0,1,1
1327usa voter,1238,1,0,0,1,0,0,1,0,1,0,0,1,0,0,0
1327usa voter,1238,2,1,1,0,0,1,0,0,1,0,0,0,0,0,1
1327usa voter,1238,2,0,0,0,0,0,0,1,0,0,1,0,0,1,0
1327usa voter,1238,3,1,0,0,0,1,0,1,0,0,0,1,0,1,1
1327usa voter,1238,3,0,1,0,0,0,0,0,1,0,0,0,0,0,0
1328usa voter,1239,1,0,0,1,0,0,0,0,0,0,0,1,0,1,1
1328usa voter,1239,1,1,0,1,0,0,0,1,0,0,1,0,0,1,1
1328usa voter,1239,2,0,0,0,1,0,0,1,0,0,0,1,0,0,0
1328usa voter,1239,2,1,1,0,0,0,0,0,1,0,0,1,1,0,1
1328usa voter,1239,3,0,0,0,0,0,0,1,0,0,0,1,0,1,1
1328usa voter,1239,3,1,0,1,0,1,0,1,0,0,0,1,0,1,1
1329usa voter,1240,1,1,1,0,0,0,1,1,0,0,0,0,0,1,1
1329usa voter,1240,1,0,1,0,0,0,0,0,1,0,0,0,0,1,0
1329usa voter,1240,2,0,0,0,0,0,0,0,0,1,0,1,0,0,0
1329usa voter,1240,2,1,0,1,0,0,0,0,1,0,1,0,1,0,1
1329usa voter,1240,3,1,0,1,0,1,0,0,1,0,0,1,0,1,1
1329usa voter,1240,3,0,0,0,0,0,0,1,0,0,0,1,0,0,1
1330usa voter,1241,1,1,0,0,0,0,0,0,1,0,0,1,0,1,1
1330usa voter,1241,1,0,0,0,0,0,0,0,0,0,0,0,0,0,0
1330usa voter,1241,2,1,1,0,0,0,1,0,0,1,1,0,0,0,1
1330usa voter,1241,2,0,0,0,0,1,0,0,0,0,0,0,1,0,1
1330usa voter,1241,3,1,0,1,0,0,1,0,1,0,1,0,0,0,1
1330usa voter,1241,3,0,0,0,0,0,0,0,1,0,1,0,0,0,0
1331usa voter,1242,1,1,0,1,0,0,0,0,0,0,1,0,0,1,0
1331usa voter,1242,1,0,0,1,0,0,0,0,0,1,0,1,0,1,1
1331usa voter,1242,2,0,1,0,0,0,1,0,0,0,1,0,0,0,0
1331usa voter,1242,2,1,0,0,1,0,1,0,1,0,0,0,1,0,1
1331usa voter,1242,3,0,1,0,0,1,0,1,0,0,1,0,0,1,1
1331usa voter,1242,3,1,0,0,1,0,0,0,1,0,1,0,1,0,1
1332usa voter,1243,1,0,1,0,0,0,1,0,0,0,0,1,1,0,1
1332usa voter,1243,1,1,0,1,0,1,0,1,0,0,0,1,0,1,1
1332usa voter,1243,2,1,0,0,1,0,0,1,0,0,0,1,1,0,0
1332usa voter,1243,2,0,1,0,0,0,0,0,1,0,0,0,0,1,0
1332usa voter,1243,3,0,0,0,0,1,0,0,1,0,0,0,1,0,0
1332usa voter,1243,3,1,1,0,0,0,1,1,0,0,1,0,1,0,0
1333usa voter,1244,1,0,0,0,0,0,0,0,1,0,0,0,0,0,0
1333usa voter,1244,1,1,0,0,0,0,0,0,0,0,1,0,0,0,1
1333usa voter,1244,2,1,0,0,0,1,0,0,1,0,0,1,0,1,1
1333usa voter,1244,2,0,0,0,0,0,1,0,1,0,0,0,0,0,0
1333usa voter,1244,3,0,0,1,0,1,0,0,0,1,0,0,0,1,1
1333usa voter,1244,3,1,0,0,1,0,1,0,0,1,0,0,1,0,0
1334usa voter,1245,1,1,0,0,0,0,0,0,1,0,0,1,0,1,0
1334usa voter,1245,1,0,1,0,0,0,1,0,0,0,1,0,0,0,1
1334usa voter,1245,2,0,1,0,0,0,0,1,0,0,0,1,0,1,0
1334usa voter,1245,2,1,1,0,0,0,0,0,0,1,0,1,1,0,1
1334usa voter,1245,3,0,1,0,0,1,0,1,0,0,0,0,0,0,1
1334usa voter,1245,3,1,0,1,0,1,0,0,1,0,0,1,1,0,1
1335usa voter,1246,1,1,0,1,0,1,0,0,0,0,1,0,1,0,1
1335usa voter,1246,1,0,1,0,0,0,0,0,1,0,1,0,1,0,1
1335usa voter,1246,2,0,1,0,0,1,0,1,0,0,1,0,0,0,0
1335usa voter,1246,2,1,0,0,1,0,0,0,1,0,0,1,0,1,1
1335usa voter,1246,3,1,1,0,0,1,0,0,0,0,1,0,0,1,0
1335usa voter,1246,3,0,1,0,0,1,0,1,0,0,0,1,0,0,1
1336usa voter,1247,1,0,0,0,1,0,1,0,0,0,0,1,0,1,1
1336usa voter,1247,1,1,0,0,1,1,0,0,0,1,0,1,1,0,0
1336usa voter,1247,2,0,0,0,1,0,1,0,0,0,0,0,1,0,1
1336usa voter,1247,2,1,0,0,1,1,0,1,0,0,0,1,1,0,0
1336usa voter,1247,3,1,0,0,1,0,0,1,0,0,1,0,1,0,0
1336usa voter,1247,3,0,0,0,1,0,0,1,0,0,0,1,0,0,1
1337usa voter,1248,1,0,0,1,0,1,0,0,0,0,0,0,1,0,0
1337usa voter,1248,1,1,0,0,1,1,0,0,1,0,0,1,0,0,1
1337usa voter,1248,2,0,0,0,1,0,1,0,1,0,1,0,0,0,0
1337usa voter,1248,2,1,0,1,0,0,1,0,0,1,0,1,0,1,0
1337usa voter,1248,3,0,0,1,0,1,0,0,0,1,0,0,0,1,0
1337usa voter,1248,3,1,0,0,1,0,0,0,0,0,1,0,1,0,1
1339usa voter,1249,1,1,0,0,0,0,1,0,0,0,1,0,1,0,0
1339usa voter,1249,1,0,1,0,0,0,1,1,0,0,0,1,1,0,0
1339usa voter,1249,2,0,0,0,0,0,0,0,0,1,0,0,0,0,0
1339usa voter,1249,2,1,0,0,0,0,0,0,0,1,0,1,1,0,0
1339usa voter,1249,3,1,1,0,0,1,0,0,0,0,0,0,1,0,1
1339usa voter,1249,3,0,1,0,0,0,0,1,0,0,1,0,0,1,1
1340usa voter,1250,1,0,0,1,0,0,1,1,0,0,1,0,0,0,1
1340usa voter,1250,1,1,0,0,1,0,0,0,1,0,1,0,0,1,0
1340usa voter,1250,2,1,0,0,1,0,1,0,0,1,0,0,1,0,1
1340usa voter,1250,2,0,1,0,0,0,1,0,0,1,0,0,1,0,0
1340usa voter,1250,3,1,0,0,1,0,0,1,0,0,0,0,1,0,1
1340usa voter,1250,3,0,1,0,0,1,0,1,0,0,1,0,0,1,1
1341usa voter,1251,1,1,0,1,0,0,0,0,1,0,0,1,0,1,0
1341usa voter,1251,1,0,0,0,1,1,0,1,0,0,0,1,1,0,1
1341usa voter,1251,2,0,1,0,0,0,1,0,1,0,0,1,0,0,0
1341usa voter,1251,2,1,0,0,1,0,0,0,0,1,0,0,1,0,1
1341usa voter,1251,3,1,0,0,1,0,0,0,0,1,0,1,1,0,1
1341usa voter,1251,3,0,0,0,1,0,0,1,0,0,0,1,0,1,1
1342usa voter,1252,1,1,0,0,0,0,1,0,1,0,0,1,1,0,0
1342usa voter,1252,1,0,0,0,0,1,0,0,0,1,1,0,0,0,1
1342usa voter,1252,2,0,1,0,0,0,0,0,1,0,0,0,0,1,1
1342usa voter,1252,2,1,0,0,1,1,0,0,0,1,1,0,0,0,0
1343usa voter,1253,1,1,0,0,0,0,0,1,0,0,1,0,1,0,1
1343usa voter,1253,1,0,0,0,1,0,1,0,0,0,1,0,0,1,0
1343usa voter,1253,2,0,1,0,0,0,0,0,1,0,0,0,0,0,1
1343usa voter,1253,2,1,1,0,0,0,1,0,1,0,0,0,1,0,1
1343usa voter,1253,3,1,1,0,0,1,0,0,0,0,1,0,0,0,1
1343usa voter,1253,3,0,0,0,0,0,1,1,0,0,0,1,0,0,1
1344usa voter,1254,1,1,0,0,1,1,0,0,1,0,0,1,1,0,1
1344usa voter,1254,1,0,0,1,0,0,1,0,1,0,0,1,0,0,1
1344usa voter,1254,2,0,0,1,0,1,0,0,0,0,1,0,0,0,1
1344usa voter,1254,2,1,0,0,0,1,0,1,0,0,1,0,0,0,1
1344usa voter,1254,3,0,0,0,1,1,0,1,0,0,0,0,0,0,0
1344usa voter,1254,3,1,1,0,0,0,1,0,0,1,1,0,0,1,0
1345usa voter,1255,1,1,1,0,0,0,0,0,0,0,1,0,0,1,1
1345usa voter,1255,1,0,1,0,0,1,0,0,0,0,0,1,1,0,0
1345usa voter,1255,2,1,0,0,1,0,0,0,0,0,0,1,0,0,1
1345usa voter,1255,2,0,0,0,0,0,1,0,0,1,0,1,0,0,0
1345usa voter,1255,3,1,0,0,0,0,0,0,1,0,0,1,0,0,1
1345usa voter,1255,3,0,0,0,0,0,0,0,1,0,1,0,0,0,1
1348usa voter,1256,1,0,0,0,1,0,1,0,0,1,0,0,0,0,1
1348usa voter,1256,1,1,1,0,0,1,0,0,1,0,1,0,1,0,0
1348usa voter,1256,2,1,1,0,0,1,0,0,0,1,1,0,0,1,1
1348usa voter,1256,2,0,0,0,0,1,0,1,0,0,0,0,0,0,0
1348usa voter,1256,3,1,1,0,0,0,1,0,0,1,0,1,1,0,0
1348usa voter,1256,3,0,0,0,0,0,1,1,0,0,0,0,1,0,0
1349usa voter,1257,1,1,0,0,0,1,0,0,0,0,0,1,0,1,1
1349usa voter,1257,1,0,0,0,0,1,0,0,0,1,0,0,1,0,1
1349usa voter,1257,2,0,1,0,0,0,1,1,0,0,1,0,0,0,1
1349usa voter,1257,2,1,1,0,0,1,0,1,0,0,0,1,1,0,0
1349usa voter,1257,3,1,0,0,1,0,0,0,0,1,0,1,0,1,0
1349usa voter,1257,3,0,0,0,1,0,0,0,1,0,0,0,0,0,0
1350usa voter,1258,1,1,0,0,1,1,0,0,0,0,0,0,0,1,1
1350usa voter,1258,1,0,0,0,1,1,0,1,0,0,0,1,1,0,0
1350usa voter,1258,2,1,1,0,0,0,1,0,1,0,0,1,1,0,1
1350usa voter,1258,2,0,0,0,1,1,0,1,0,0,1,0,1,0,0
1350usa voter,1258,3,1,1,0,0,1,0,1,0,0,1,0,0,0,1
1350usa voter,1258,3,0,0,0,0,0,0,1,0,0,0,0,0,1,0
1352usa voter,1259,1,1,0,0,1,0,0,0,0,0,0,0,1,0,1
1352usa voter,1259,1,0,0,1,0,1,0,0,0,1,0,1,0,0,1
1352usa voter,1259,2,0,0,1,0,0,1,0,0,0,0,1,1,0,0
1352usa voter,1259,2,1,0,0,1,1,0,1,0,0,0,1,0,1,1
1352usa voter,1259,3,0,0,0,1,0,1,0,1,0,0,0,1,0,0
1352usa voter,1259,3,1,0,0,0,0,1,1,0,0,0,0,0,0,1
1353usa voter,1260,1,1,0,0,0,0,0,1,0,0,0,0,0,1,0
1353usa voter,1260,1,0,1,0,0,0,0,0,0,1,0,1,1,0,1
1353usa voter,1260,2,0,1,0,0,1,0,1,0,0,0,1,0,0,1
1353usa voter,1260,2,1,0,0,0,1,0,0,0,1,0,0,1,0,1
1353usa voter,1260,3,0,1,0,0,0,1,0,0,1,0,0,1,0,1
1353usa voter,1260,3,1,1,0,0,0,1,0,0,1,0,1,0,1,1
1354usa voter,1261,1,0,0,1,0,0,0,0,0,1,1,0,1,0,1
1354usa voter,1261,1,1,0,0,1,1,0,0,0,1,0,0,1,0,0
1354usa voter,1261,2,1,0,0,0,1,0,1,0,0,0,0,0,1,1
1354usa voter,1261,2,0,0,0,0,0,1,1,0,0,0,0,1,0,1
1354usa voter,1261,3,1,1,0,0,0,1,0,0,1,0,1,0,1,1
1354usa voter,1261,3,0,1,0,0,0,1,0,0,1,0,1,1,0,0
1355usa voter,1262,1,1,0,1,0,1,0,0,0,1,0,0,0,0,1
1355usa voter,1262,1,0,0,0,0,0,1,0,1,0,0,0,1,0,0
1355usa voter,1262,2,1,0,0,1,0,1,0,0,1,0,0,1,0,1
1355usa voter,1262,2,0,0,0,0,0,0,0,0,1,0,1,0,0,1
1355usa voter,1262,3,0,0,0,0,0,0,0,0,1,1,0,1,0,1
1355usa voter,1262,3,1,0,1,0,0,0,0,1,0,0,1,1,0,0
1356usa voter,1263,1,1,0,1,0,1,0,0,1,0,0,0,1,0,0
1356usa voter,1263,1,0,1,0,0,0,1,0,0,1,0,0,0,0,1
1356usa voter,1263,2,1,1,0,0,0,0,0,0,1,0,0,0,1,1
1356usa voter,1263,2,0,0,0,0,0,1,0,0,0,1,0,0,1,1
1356usa voter,1263,3,1,0,0,0,0,0,1,0,0,1,0,1,0,1
1356usa voter,1263,3,0,1,0,0,0,0,0,0,0,1,0,0,1,0
1357usa voter,1264,1,1,0,0,1,0,1,0,0,0,0,0,0,0,0
1357usa voter,1264,1,0,0,0,1,1,0,1,0,0,0,1,1,0,0
1357usa voter,1264,2,1,1,0,0,0,1,1,0,0,1,0,0,1,1
1357usa voter,1264,2,0,1,0,0,0,0,0,0,1,0,1,0,0,0
1357usa voter,1264,3,0,1,0,0,0,0,0,0,1,0,0,0,0,0
1357usa voter,1264,3,1,0,0,1,0,1,1,0,0,0,1,0,1,1
1359usa voter,1265,1,1,0,0,0,0,0,0,1,0,1,0,1,0,1
1359usa voter,1265,1,0,0,0,0,0,0,1,0,0,0,1,0,1,1
1359usa voter,1265,2,1,0,0,0,1,0,0,1,0,0,1,0,1,0
1359usa voter,1265,2,0,1,0,0,0,0,1,0,0,0,1,0,0,1
1359usa voter,1265,3,0,0,0,1,1,0,0,1,0,0,1,0,1,0
1359usa voter,1265,3,1,0,0,1,0,1,0,1,0,0,1,0,1,1
1360usa voter,1266,1,0,0,0,1,0,1,0,0,0,0,0,0,0,1
1360usa voter,1266,1,1,1,0,0,1,0,0,0,0,1,0,1,0,1
1360usa voter,1266,2,1,0,1,0,0,1,0,0,1,0,0,0,0,1
1360usa voter,1266,2,0,0,1,0,0,0,0,1,0,0,0,1,0,1
1360usa voter,1266,3,0,1,0,0,0,1,0,0,0,1,0,0,1,1
1360usa voter,1266,3,1,0,1,0,1,0,0,0,0,0,1,0,1,0
1361usa voter,1267,1,0,0,0,0,1,0,0,0,0,1,0,0,1,1
1361usa voter,1267,1,1,0,0,1,0,1,0,0,1,1,0,0,1,0
1361usa voter,1267,2,1,0,1,0,1,0,0,0,0,0,1,1,0,0
1361usa voter,1267,2,0,0,1,0,1,0,1,0,0,1,0,1,0,0
1361usa voter,1267,3,1,0,0,1,0,1,0,1,0,1,0,0,1,1
1361usa voter,1267,3,0,0,1,0,0,1,0,0,0,1,0,1,0,1
1362usa voter,1268,1,0,0,0,0,0,1,0,0,0,1,0,0,1,0
1362usa voter,1268,1,1,1,0,0,1,0,1,0,0,1,0,0,1,0
1362usa voter,1268,2,0,0,1,0,0,1,0,1,0,0,1,1,0,1
1362usa voter,1268,2,1,0,0,0,0,1,0,0,1,0,1,1,0,1
1362usa voter,1268,3,1,1,0,0,0,0,0,0,1,0,1,1,0,1
1362usa voter,1268,3,0,1,0,0,0,1,0,1,0,1,0,1,0,1
1363usa voter,1269,1,0,1,0,0,1,0,0,0,1,0,0,0,0,1
1363usa voter,1269,1,1,0,0,0,1,0,1,0,0,0,0,0,1,1
1363usa voter,1269,2,0,0,0,1,1,0,1,0,0,0,1,0,0,1
1363usa voter,1269,2,1,0,0,0,0,1,0,0,1,1,0,0,0,1
1363usa voter,1269,3,0,0,0,1,0,0,0,0,1,1,0,0,1,0
1363usa voter,1269,3,1,0,1,0,1,0,0,1,0,0,0,0,1,0
1364usa voter,1270,1,0,1,0,0,0,0,0,1,0,1,0,1,0,1
1364usa voter,1270,1,1,0,0,1,0,1,0,0,1,1,0,0,0,0
1364usa voter,1270,2,0,0,0,1,0,0,0,0,0,0,1,1,0,1
1364usa voter,1270,2,1,0,0,1,1,0,0,0,0,0,0,1,0,0
1364usa voter,1270,3,1,0,0,1,0,1,1,0,0,0,1,1,0,1
1364usa voter,1270,3,0,0,1,0,1,0,1,0,0,0,0,1,0,1
1365usa voter,1271,1,0,0,0,0,0,0,0,0,0,1,0,1,0,0
1365usa voter,1271,1,1,0,0,1,0,0,0,0,1,1,0,0,0,1
1365usa voter,1271,2,0,0,1,0,0,0,1,0,0,0,0,0,0,1
1365usa voter,1271,2,1,1,0,0,0,0,0,0,0,0,1,1,0,1
1365usa voter,1271,3,1,0,0,0,1,0,0,1,0,0,1,0,1,0
1365usa voter,1271,3,0,0,0,0,0,0,0,0,1,0,1,0,0,0
1366usa voter,1272,1,0,0,0,1,1,0,0,0,1,1,0,0,0,0
1366usa voter,1272,1,1,0,0,0,0,0,0,0,0,1,0,0,1,0
1366usa voter,1272,2,1,0,0,0,1,0,1,0,0,1,0,0,1,1
1366usa voter,1272,2,0,0,0,1,1,0,0,0,1,1,0,0,0,1
1366usa voter,1272,3,0,0,0,1,1,0,1,0,0,1,0,1,0,1
1366usa voter,1272,3,1,0,1,0,0,0,0,0,0,0,1,0,1,1
1367usa voter,1273,1,0,0,0,1,0,1,1,0,0,0,0,0,0,1
1367usa voter,1273,1,1,1,0,0,0,1,0,0,1,0,1,1,0,1
1367usa voter,1273,2,0,0,0,0,1,0,0,0,0,1,0,0,1,1
1367usa voter,1273,2,1,1,0,0,0,0,0,0,0,1,0,1,0,1
1367usa voter,1273,3,0,1,0,0,0,0,0,0,0,0,0,1,0,1
1367usa voter,1273,3,1,1,0,0,0,1,0,0,1,0,0,0,0,0
1368usa voter,1274,1,0,1,0,0,0,1,0,0,0,1,0,1,0,0
1368usa voter,1274,1,1,0,0,0,1,0,0,1,0,0,0,0,1,0
1368usa voter,1274,2,0,1,0,0,0,0,0,0,0,1,0,1,0,1
1368usa voter,1274,2,1,0,0,1,0,1,0,1,0,0,1,0,0,0
1368usa voter,1274,3,0,1,0,0,0,0,0,0,0,0,0,0,1,0
1368usa voter,1274,3,1,1,0,0,1,0,0,0,0,0,1,0,0,0
1369usa voter,1275,1,1,1,0,0,1,0,0,0,0,1,0,1,0,1
1369usa voter,1275,1,0,0,1,0,0,1,1,0,0,0,1,0,1,1
1369usa voter,1275,2,0,0,0,0,1,0,0,0,0,1,0,0,0,1
1369usa voter,1275,2,1,0,1,0,1,0,0,0,0,0,1,1,0,1
1369usa voter,1275,3,1,0,0,0,1,0,0,0,0,0,0,0,0,0
1369usa voter,1275,3,0,0,0,1,0,0,0,1,0,0,0,0,0,1
1370usa voter,1276,1,0,0,1,0,0,1,0,1,0,0,1,0,0,1
1370usa voter,1276,1,1,0,0,1,1,0,0,0,1,0,1,0,1,1
1370usa voter,1276,2,1,0,1,0,0,1,0,0,1,1,0,1,0,1
1370usa voter,1276,2,0,1,0,0,0,1,0,0,1,0,0,0,0,1
1370usa voter,1276,3,0,0,0,0,0,1,1,0,0,0,1,1,0,0
1370usa voter,1276,3,1,1,0,0,0,1,0,0,1,0,1,0,0,0
1371usa voter,1277,1,0,0,1,0,0,0,1,0,0,0,1,0,1,0
1371usa voter,1277,1,1,0,0,1,0,0,0,1,0,1,0,0,1,1
1371usa voter,1277,2,0,0,0,0,1,0,0,0,0,0,1,0,0,0
1371usa voter,1277,2,1,0,0,0,1,0,0,0,0,0,0,1,0,1
1371usa voter,1277,3,1,0,0,1,1,0,0,0,1,0,0,0,1,1
1371usa voter,1277,3,0,1,0,0,1,0,1,0,0,0,1,0,1,1
1372usa voter,1278,1,0,1,0,0,1,0,1,0,0,1,0,0,1,0
1372usa voter,1278,1,1,0,0,0,0,1,0,1,0,1,0,1,0,1
1372usa voter,1278,2,0,0,0,0,1,0,0,1,0,0,1,0,1,1
1372usa voter,1278,2,1,0,0,1,0,0,0,1,0,0,1,0,0,1
1372usa voter,1278,3,1,0,0,1,1,0,0,1,0,0,0,1,0,0
1372usa voter,1278,3,0,0,0,1,0,1,0,0,0,0,1,0,1,1
1373usa voter,1279,1,1,1,0,0,0,0,0,0,0,0,1,0,0,0
1373usa voter,1279,1,0,0,0,0,1,0,0,0,0,1,0,0,0,1
1373usa voter,1279,2,1,0,0,0,0,1,0,0,1,0,0,1,0,0
1373usa voter,1279,2,0,0,0,1,0,0,0,1,0,1,0,1,0,1
1373usa voter,1279,3,0,0,0,1,0,0,0,0,0,0,0,0,0,1
1373usa voter,1279,3,1,0,0,1,0,1,0,0,0,1,0,0,1,1
1374usa voter,1280,1,0,1,0,0,0,0,1,0,0,1,0,0,0,0
1374usa voter,1280,1,1,0,0,1,0,0,0,1,0,1,0,0,0,0
1374usa voter,1280,2,1,1,0,0,1,0,0,0,0,0,0,1,0,1
1374usa voter,1280,2,0,0,0,0,0,0,1,0,0,1,0,0,0,1
1374usa voter,1280,3,0,0,0,0,0,0,0,1,0,0,0,0,0,1
1374usa voter,1280,3,1,1,0,0,0,1,0,0,0,0,0,1,0,1
1375usa voter,1281,1,1,0,0,1,0,0,1,0,0,1,0,1,0,1
1375usa voter,1281,1,0,0,0,1,0,0,1,0,0,0,0,0,0,1
1375usa voter,1281,2,1,0,1,0,0,0,0,0,1,1,0,1,0,1
1375usa voter,1281,2,0,0,0,0,1,0,0,1,0,0,0,0,0,0
1375usa voter,1281,3,0,0,0,0,0,1,0,1,0,0,0,0,0,0
1375usa voter,1281,3,1,0,0,0,0,0,0,1,0,0,0,1,0,1
1378usa voter,1282,1,1,0,0,1,1,0,1,0,0,0,1,1,0,0
1378usa voter,1282,1,0,0,1,0,1,0,0,0,0,1,0,0,1,1
1378usa voter,1282,2,1,0,1,0,1,0,0,0,1,0,1,0,0,1
1378usa voter,1282,2,0,0,0,1,0,0,0,1,0,0,0,0,1,1
1378usa voter,1282,3,0,0,0,0,0,1,0,0,0,0,0,0,0,0
1378usa voter,1282,3,1,0,0,1,1,0,0,0,0,0,0,0,1,0
1379usa voter,1283,1,0,0,1,0,1,0,1,0,0,0,0,1,0,0
1379usa voter,1283,1,1,0,0,1,0,0,0,0,1,1,0,0,0,0
1379usa voter,1283,2,1,1,0,0,1,0,0,0,1,0,1,1,0,0
1379usa voter,1283,2,0,0,1,0,1,0,0,1,0,1,0,1,0,1
1379usa voter,1283,3,0,0,1,0,0,1,1,0,0,0,0,0,0,1
1379usa voter,1283,3,1,0,1,0,1,0,0,1,0,0,0,1,0,0
1380usa voter,1284,1,1,0,0,0,0,0,0,0,1,1,0,0,0,1
1380usa voter,1284,1,0,1,0,0,0,1,0,0,0,0,1,1,0,1
1380usa voter,1284,2,1,0,1,0,0,0,0,0,1,0,0,1,0,0
1380usa voter,1284,2,0,1,0,0,0,1,0,0,0,0,0,1,0,0
1380usa voter,1284,3,0,0,0,1,0,1,0,0,1,1,0,0,1,0
1380usa voter,1284,3,1,1,0,0,0,0,0,1,0,1,0,0,0,1
1382usa voter,1285,1,0,0,0,0,1,0,1,0,0,0,1,1,0,1
1382usa voter,1285,1,1,0,0,0,0,1,1,0,0,1,0,0,1,1
1382usa voter,1285,2,1,0,0,1,0,1,0,1,0,0,1,0,1,1
1382usa voter,1285,2,0,0,0,1,0,1,0,1,0,0,0,1,0,1
1382usa voter,1285,3,0,0,1,0,1,0,0,0,0,1,0,1,0,0
1382usa voter,1285,3,1,1,0,0,0,1,0,1,0,0,1,1,0,0
1384usa voter,1286,1,1,0,1,0,0,0,0,1,0,0,0,1,0,1
1384usa voter,1286,1,0,0,1,0,0,0,0,0,0,0,1,1,0,0
1384usa voter,1286,2,1,0,0,1,0,1,1,0,0,1,0,0,1,1
1384usa voter,1286,2,0,1,0,0,0,1,0,0,0,0,1,1,0,0
1384usa voter,1286,3,1,1,0,0,0,1,0,0,1,0,1,1,0,1
1384usa voter,1286,3,0,1,0,0,0,0,1,0,0,0,1,0,1,1
1385usa voter,1287,1,0,1,0,0,0,1,0,0,1,1,0,0,0,1
1385usa voter,1287,1,1,0,0,0,1,0,0,1,0,0,0,0,1,0
1385usa voter,1287,2,0,0,0,1,0,1,0,1,0,1,0,0,1,1
1385usa voter,1287,2,1,1,0,0,1,0,0,0,1,1,0,1,0,0
1385usa voter,1287,3,1,0,1,0,0,1,0,0,1,1,0,0,1,0
1385usa voter,1287,3,0,0,0,1,0,1,0,0,1,0,0,0,0,0
1386usa voter,1288,1,1,0,0,0,0,1,0,0,0,0,0,0,0,1
1386usa voter,1288,1,0,0,0,1,0,0,0,1,0,0,0,0,1,1
1386usa voter,1288,2,0,0,0,0,0,1,0,0,1,1,0,0,1,1
1386usa voter,1288,2,1,0,0,1,1,0,1,0,0,1,0,0,1,1
1386usa voter,1288,3,1,1,0,0,1,0,0,1,0,0,1,0,0,0
1386usa voter,1288,3,0,0,0,1,0,0,0,0,0,1,0,0,1,1
1387usa voter,1289,1,0,1,0,0,0,1,0,1,0,1,0,1,0,0
1387usa voter,1289,1,1,0,0,1,0,1,0,0,1,0,1,0,1,1
1387usa voter,1289,2,1,0,1,0,1,0,0,0,0,1,0,0,0,0
1387usa voter,1289,2,0,1,0,0,0,1,0,1,0,1,0,1,0,0
1387usa voter,1289,3,0,0,0,1,0,1,0,0,1,0,0,0,1,1
1387usa voter,1289,3,1,0,1,0,0,0,1,0,0,0,1,0,0,0
1388usa voter,1290,1,0,0,1,0,1,0,0,1,0,1,0,0,0,0
1388usa voter,1290,1,1,0,1,0,1,0,0,0,0,0,1,0,0,1
1388usa voter,1290,2,1,0,0,0,1,0,0,0,0,0,0,0,1,0
1388usa voter,1290,2,0,0,1,0,1,0,0,1,0,0,1,0,1,1
1388usa voter,1290,3,1,0,0,1,0,0,0,0,0,0,0,0,0,1
1388usa voter,1290,3,0,0,1,0,1,0,0,0,1,0,0,1,0,0
1389usa voter,1291,1,1,0,1,0,0,1,0,1,0,0,0,0,1,0
1389usa voter,1291,1,0,1,0,0,0,1,1,0,0,1,0,0,0,1
1389usa voter,1291,2,0,0,0,0,0,0,0,0,1,0,0,0,0,1
1389usa voter,1291,2,1,0,1,0,1,0,0,1,0,0,1,0,0,1
1389usa voter,1291,3,1,0,0,0,0,1,0,1,0,0,1,0,1,1
1389usa voter,1291,3,0,0,0,1,1,0,0,1,0,1,0,1,0,0
1390usa voter,1292,1,0,0,1,0,0,0,1,0,0,0,0,0,1,0
1390usa voter,1292,1,1,0,0,1,0,0,0,0,0,0,1,0,1,0
1390usa voter,1292,2,0,0,1,0,0,1,1,0,0,0,1,0,0,1
1390usa voter,1292,2,1,0,1,0,0,0,0,0,1,1,0,0,0,1
1390usa voter,1292,3,1,0,1,0,0,0,0,0,0,1,0,0,0,0
1390usa voter,1292,3,0,0,0,1,1,0,0,0,0,0,1,0,0,0
1391usa voter,1293,1,0,1,0,0,0,1,0,1,0,0,1,0,1,1
1391usa voter,1293,1,1,0,0,0,0,1,0,0,1,1,0,0,0,1
1391usa voter,1293,2,1,0,0,1,1,0,0,1,0,0,1,0,0,0
1391usa voter,1293,2,0,0,0,0,0,1,1,0,0,1,0,1,0,0
1391usa voter,1293,3,0,0,0,0,1,0,1,0,0,0,0,0,0,0
1391usa voter,1293,3,1,0,0,0,0,1,0,1,0,0,0,1,0,1
1392usa voter,1294,1,0,0,0,0,1,0,0,0,0,0,0,1,0,1
1392usa voter,1294,1,1,0,0,0,0,1,0,1,0,1,0,0,0,0
1392usa voter,1294,2,0,0,0,0,0,1,0,0,0,1,0,1,0,0
1392usa voter,1294,2,1,1,0,0,1,0,0,0,1,0,0,0,0,1
1392usa voter,1294,3,0,1,0,0,0,1,0,0,0,0,1,0,1,1
1392usa voter,1294,3,1,0,0,1,0,1,1,0,0,1,0,0,0,1
1393usa voter,1295,1,0,0,0,0,0,1,0,1,0,0,0,0,1,1
1393usa voter,1295,1,1,0,0,0,0,1,0,0,0,1,0,0,1,1
1393usa voter,1295,2,0,1,0,0,0,0,0,1,0,1,0,0,1,1
1393usa voter,1295,2,1,1,0,0,1,0,0,0,0,0,0,0,0,1
1393usa voter,1295,3,0,0,1,0,0,1,0,0,1,0,1,1,0,1
1393usa voter,1295,3,1,0,1,0,0,0,0,0,1,0,0,0,1,1
1394usa voter,1296,1,0,0,0,0,0,1,0,0,1,0,1,0,1,0
1394usa voter,1296,1,1,0,0,0,1,0,0,0,1,0,0,1,0,0
1394usa voter,1296,2,1,0,1,0,0,0,1,0,0,0,1,1,0,0
1394usa voter,1296,2,0,0,1,0,0,1,0,0,0,1,0,0,1,0
1394usa voter,1296,3,0,0,0,1,0,0,0,0,1,0,0,0,1,1
1394usa voter,1296,3,1,0,0,0,0,1,1,0,0,0,1,0,0,1
1395usa voter,1297,1,0,0,1,0,0,0,0,1,0,0,1,0,0,0
1395usa voter,1297,1,1,0,0,1,1,0,0,0,1,1,0,0,0,0
1395usa voter,1297,2,1,1,0,0,0,0,1,0,0,0,1,1,0,1
1395usa voter,1297,2,0,0,0,0,1,0,0,0,0,0,0,0,1,1
1395usa voter,1297,3,1,0,0,0,1,0,1,0,0,0,0,1,0,1
1395usa voter,1297,3,0,0,1,0,0,1,0,1,0,1,0,0,1,0
1396usa voter,1298,1,0,0,1,0,1,0,0,0,0,1,0,1,0,1
1396usa voter,1298,1,1,0,1,0,1,0,1,0,0,1,0,1,0,0
1396usa voter,1298,2,0,0,0,1,0,1,0,1,0,0,1,1,0,0
1396usa voter,1298,2,1,0,1,0,1,0,0,0,0,0,1,0,1,1
1396usa voter,1298,3,1,0,0,0,0,0,0,1,0,1,0,0,1,1
1396usa voter,1298,3,0,1,0,0,0,0,0,1,0,0,0,1,0,0
1397usa voter,1299,1,0,0,0,0,0,1,0,0,0,1,0,0,1,0
1397usa voter,1299,1,1,0,1,0,0,1,0,1,0,0,0,0,0,0
1397usa voter,1299,2,1,1,0,0,0,1,0,0,0,0,1,0,1,0
1397usa voter,1299,2,0,0,0,1,1,0,0,0,1,0,1,0,0,1
1397usa voter,1299,3,1,0,0,0,0,0,0,0,1,1,0,0,1,1
1397usa voter,1299,3,0,0,0,0,0,0,0,0,1,1,0,0,1,0
1398usa voter,1300,1,1,0,0,0,0,0,1,0,0,1,0,1,0,1
1398usa voter,1300,1,0,0,1,0,0,0,0,0,1,0,0,0,0,1
1398usa voter,1300,2,0,0,0,0,0,0,1,0,0,0,0,0,1,0
1398usa voter,1300,2,1,0,1,0,0,1,0,1,0,0,0,0,1,1
1398usa voter,1300,3,0,0,0,0,0,1,0,1,0,1,0,0,0,1
1398usa voter,1300,3,1,0,0,0,0,1,0,1,0,1,0,0,0,0
1399usa voter,1301,1,0,0,0,0,1,0,1,0,0,0,1,0,1,1
1399usa voter,1301,1,1,0,0,1,0,1,0,1,0,0,0,0,1,1
1399usa voter,1301,2,1,0,1,0,0,1,0,1,0,0,1,0,1,0
1399usa voter,1301,2,0,0,0,1,0,0,0,1,0,1,0,0,1,1
1399usa voter,1301,3,1,0,1,0,0,0,0,1,0,0,0,0,0,0
1399usa voter,1301,3,0,0,1,0,0,0,0,0,1,1,0,1,0,1
1400usa voter,1302,1,1,0,0,1,1,0,0,0,1,0,0,1,0,1
1400usa voter,1302,1,0,0,0,0,0,1,0,0,1,0,0,0,0,0
1400usa voter,1302,2,0,1,0,0,0,1,0,0,0,0,0,0,0,0
1400usa voter,1302,2,1,0,0,0,1,0,0,0,0,0,1,0,1,1
1400usa voter,1302,3,0,1,0,0,0,0,0,0,0,1,0,0,0,0
1400usa voter,1302,3,1,1,0,0,0,1,1,0,0,0,1,0,1,0
1402usa voter,1303,1,0,0,0,0,0,0,0,0,1,0,1,0,1,1
1402usa voter,1303,1,1,0,1,0,1,0,0,1,0,0,1,0,1,0
1402usa voter,1303,2,1,0,0,1,1,0,0,0,1,0,0,1,0,1
1402usa voter,1303,2,0,0,1,0,1,0,1,0,0,1,0,0,0,1
1402usa voter,1303,3,0,0,0,0,0,0,1,0,0,0,0,0,1,0
1402usa voter,1303,3,1,0,0,0,0,1,1,0,0,0,0,1,0,0
1403usa voter,1304,1,1,1,0,0,1,0,0,0,0,0,0,0,1,0
1403usa voter,1304,1,0,0,0,0,1,0,1,0,0,0,1,0,1,0
1403usa voter,1304,2,0,1,0,0,0,0,0,0,1,0,0,0,0,1
1403usa voter,1304,2,1,0,1,0,0,1,1,0,0,0,0,1,0,0
1403usa voter,1304,3,1,1,0,0,1,0,1,0,0,1,0,0,1,1
1403usa voter,1304,3,0,0,1,0,1,0,0,1,0,0,0,0,0,0
1404usa voter,1305,1,0,0,0,1,0,0,1,0,0,0,0,0,1,0
1404usa voter,1305,1,1,0,0,1,0,0,0,0,1,1,0,0,0,0
1404usa voter,1305,2,0,0,0,1,1,0,0,1,0,1,0,0,0,1
1404usa voter,1305,2,1,0,0,1,0,1,0,0,0,0,0,0,0,1
1404usa voter,1305,3,1,0,0,0,0,0,1,0,0,0,0,0,1,1
1404usa voter,1305,3,0,1,0,0,0,1,0,0,0,1,0,1,0,1
1405usa voter,1306,1,0,0,0,0,0,0,0,1,0,0,1,0,1,1
1405usa voter,1306,1,1,0,1,0,1,0,0,0,1,1,0,0,1,1
1405usa voter,1306,2,1,0,0,1,0,1,1,0,0,0,0,1,0,0
1405usa voter,1306,2,0,0,0,1,0,0,0,0,0,0,0,0,0,0
1405usa voter,1306,3,0,0,1,0,0,1,0,1,0,0,0,0,0,1
1405usa voter,1306,3,1,0,0,1,0,0,1,0,0,0,0,0,0,1
1406usa voter,1307,1,0,0,1,0,0,0,0,0,1,0,0,0,1,1
1406usa voter,1307,1,1,0,0,1,1,0,0,0,0,0,1,1,0,0
1406usa voter,1307,2,0,0,0,0,1,0,1,0,0,0,1,0,1,1
1406usa voter,1307,2,1,0,0,0,0,0,0,0,0,0,0,0,1,0
1406usa voter,1307,3,0,0,0,0,0,0,0,1,0,1,0,0,1,1
1406usa voter,1307,3,1,0,0,0,1,0,0,0,1,0,1,1,0,1
1407usa voter,1308,1,1,0,0,0,0,0,0,1,0,0,0,1,0,1
1407usa voter,1308,1,0,0,0,0,0,1,0,0,0,1,0,0,0,1
1407usa voter,1308,2,0,0,1,0,1,0,0,0,1,0,1,0,1,1
1407usa voter,1308,2,1,1,0,0,0,0,0,0,1,0,0,0,0,0
1407usa voter,1308,3,1,0,1,0,0,1,0,0,1,0,0,1,0,1
1407usa voter,1308,3,0,0,0,1,1,0,0,0,0,0,0,1,0,1
1408usa voter,1309,1,0,0,1,0,1,0,0,0,1,0,0,0,1,0
1408usa voter,1309,1,1,0,1,0,0,1,0,0,1,0,0,1,0,1
1408usa voter,1309,2,1,0,0,1,0,0,0,0,1,0,1,0,1,0
1408usa voter,1309,2,0,0,0,1,0,1,1,0,0,1,0,0,1,0
1408usa voter,1309,3,1,0,1,0,0,1,0,0,0,1,0,1,0,0
1408usa voter,1309,3,0,0,0,1,1,0,0,1,0,1,0,0,0,0
1409usa voter,1310,1,1,0,0,1,0,1,1,0,0,0,0,1,0,1
1409usa voter,1310,1,0,0,0,0,0,0,0,0,0,0,1,0,1,0
1409usa voter,1310,2,1,0,0,0,0,0,0,0,1,0,0,0,0,1
1409usa voter,1310,2,0,1,0,0,0,0,0,0,0,0,0,0,0,0
1409usa voter,1310,3,1,0,0,1,0,0,0,1,0,0,1,1,0,1
1409usa voter,1310,3,0,1,0,0,0,1,0,0,1,1,0,0,0,1
1410usa voter,1311,1,1,0,1,0,0,0,0,0,1,0,0,0,1,1
1410usa voter,1311,1,0,1,0,0,0,1,0,0,1,1,0,0,0,0
1410usa voter,1311,2,0,1,0,0,1,0,1,0,0,0,0,0,0,1
1410usa voter,1311,2,1,0,0,0,1,0,0,1,0,0,0,1,0,1
1410usa voter,1311,3,1,1,0,0,0,1,0,1,0,0,0,1,0,1
1410usa voter,1311,3,0,1,0,0,0,1,0,1,0,0,0,0,0,1
1411usa voter,1312,1,1,0,0,0,1,0,1,0,0,0,1,0,0,0
1411usa voter,1312,1,0,0,0,0,0,1,0,0,1,0,0,1,0,0
1411usa voter,1312,2,0,0,0,0,0,1,0,0,1,1,0,0,0,0
1411usa voter,1312,2,1,0,0,1,0,1,0,0,0,0,0,1,0,1
1411usa voter,1312,3,0,1,0,0,0,0,1,0,0,0,0,0,0,0
1411usa voter,1312,3,1,0,0,1,1,0,0,0,0,0,1,0,0,1
1412usa voter,1313,1,0,1,0,0,0,1,0,0,0,0,1,0,0,1
1412usa voter,1313,1,1,0,0,1,1,0,0,1,0,0,1,0,1,1
1412usa voter,1313,2,1,0,1,0,0,0,1,0,0,0,1,0,0,1
1412usa voter,1313,2,0,0,1,0,0,0,0,0,1,1,0,0,0,0
1412usa voter,1313,3,0,0,0,0,1,0,0,0,0,1,0,0,0,0
1412usa voter,1313,3,1,0,0,0,0,1,0,0,1,1,0,0,1,1
1413usa voter,1314,1,1,1,0,0,0,0,1,0,0,0,1,0,1,0
1413usa voter,1314,1,0,0,1,0,0,1,0,0,0,1,0,0,0,1
1413usa voter,1314,2,0,0,0,0,1,0,0,0,0,0,0,0,1,0
1413usa voter,1314,2,1,1,0,0,0,0,0,1,0,1,0,0,1,1
1413usa voter,1314,3,1,1,0,0,0,0,1,0,0,1,0,1,0,0
1413usa voter,1314,3,0,0,0,0,1,0,0,0,1,0,0,1,0,1
1414usa voter,1315,1,0,1,0,0,0,0,1,0,0,0,0,0,0,1
1414usa voter,1315,1,1,0,1,0,0,0,1,0,0,1,0,0,0,1
1414usa voter,1315,2,0,0,0,1,0,1,0,1,0,0,0,1,0,1
1414usa voter,1315,2,1,0,1,0,0,0,0,0,0,0,0,1,0,0
1414usa voter,1315,3,1,0,1,0,1,0,0,0,0,0,1,1,0,0
1414usa voter,1315,3,0,0,0,1,0,0,0,1,0,0,0,0,0,0
1415usa voter,1316,1,0,0,1,0,0,0,0,1,0,0,1,0,0,0
1415usa voter,1316,1,1,0,0,0,0,1,0,0,0,0,0,0,1,0
1415usa voter,1316,2,1,0,0,0,1,0,0,1,0,0,0,0,1,0
1415usa voter,1316,2,0,1,0,0,1,0,1,0,0,0,0,0,0,1
1415usa voter,1316,3,1,0,0,1,1,0,1,0,0,1,0,0,1,1
1415usa voter,1316,3,0,0,1,0,0,1,0,0,0,0,1,0,1,1
1416usa voter,1317,1,1,0,0,1,0,0,1,0,0,1,0,0,0,1
1416usa voter,1317,1,0,0,1,0,0,0,0,0,0,0,1,0,1,1
1416usa voter,1317,2,1,0,0,0,1,0,0,0,0,1,0,1,0,1
1416usa voter,1317,2,0,1,0,0,0,1,0,0,1,1,0,0,0,0
1416usa voter,1317,3,1,0,0,0,0,1,1,0,0,0,0,1,0,1
1416usa voter,1317,3,0,1,0,0,0,1,0,0,0,1,0,1,0,0
1417usa voter,1318,1,0,0,1,0,0,0,1,0,0,0,1,0,1,1
1417usa voter,1318,1,1,0,1,0,1,0,0,0,1,0,0,0,1,0
1417usa voter,1318,2,1,0,0,1,1,0,0,0,1,0,1,0,0,0
1417usa voter,1318,2,0,1,0,0,0,0,0,0,0,1,0,0,0,0
1417usa voter,1318,3,0,0,0,0,1,0,0,0,1,0,0,1,0,1
1417usa voter,1318,3,1,0,0,0,0,0,0,0,0,0,1,0,0,0
1418usa voter,1319,1,1,0,1,0,1,0,0,0,1,0,0,0,1,0
1418usa voter,1319,1,0,0,0,1,0,0,1,0,0,0,0,0,1,0
1418usa voter,1319,2,0,0,1,0,0,0,0,0,1,1,0,1,0,1
1418usa voter,1319,2,1,1,0,0,0,1,0,0,1,0,0,0,0,1
1418usa voter,1319,3,0,0,1,0,0,1,1,0,0,0,1,1,0,0
1418usa voter,1319,3,1,0,1,0,1,0,0,1,0,0,1,1,0,0
1419usa voter,1320,1,0,0,0,0,0,1,1,0,0,0,0,1,0,0
1419usa voter,1320,1,1,1,0,0,0,1,0,1,0,1,0,0,1,1
1419usa voter,1320,2,1,0,1,0,0,1,1,0,0,0,1,0,1,1
1419usa voter,1320,2,0,0,1,0,1,0,1,0,0,1,0,1,0,0
1419usa voter,1320,3,0,0,1,0,0,0,0,1,0,1,0,1,0,1
1419usa voter,1320,3,1,1,0,0,1,0,0,0,0,0,1,0,0,1
1420usa voter,1321,1,0,1,0,0,0,0,0,0,0,1,0,1,0,1
1420usa voter,1321,1,1,1,0,0,0,0,0,1,0,1,0,0,0,1
1420usa voter,1321,2,0,0,0,1,1,0,1,0,0,1,0,0,1,0
1420usa voter,1321,2,1,0,0,0,0,1,0,0,0,0,1,1,0,1
1420usa voter,1321,3,1,1,0,0,0,1,0,1,0,0,1,1,0,0
1420usa voter,1321,3,0,0,0,0,0,1,0,0,1,0,0,0,0,1
1421usa voter,1322,1,1,0,0,0,0,1,1,0,0,0,0,1,0,0
1421usa voter,1322,1,0,0,0,1,1,0,0,1,0,1,0,0,1,0
1421usa voter,1322,3,1,0,1,0,1,0,0,0,1,0,1,0,1,1
1421usa voter,1322,3,0,0,0,1,0,1,0,0,0,0,1,0,0,1
1422usa voter,1323,1,1,0,1,0,1,0,0,1,0,1,0,1,0,1
1422usa voter,1323,1,0,0,0,1,0,1,0,1,0,0,1,0,1,0
1422usa voter,1323,2,0,0,0,0,1,0,0,0,1,1,0,0,0,0
1422usa voter,1323,2,1,1,0,0,0,0,0,1,0,0,1,0,1,1
1422usa voter,1323,3,0,1,0,0,0,0,0,1,0,0,1,0,0,1
1422usa voter,1323,3,1,0,0,1,0,0,0,0,1,0,1,0,0,1
1423usa voter,1324,1,1,0,0,0,0,1,1,0,0,1,0,1,0,1
1423usa voter,1324,1,0,0,0,0,0,0,1,0,0,1,0,0,1,1
1423usa voter,1324,2,1,0,0,1,0,1,1,0,0,0,0,0,0,0
1423usa voter,1324,2,0,1,0,0,0,1,0,0,0,1,0,1,0,1
1423usa voter,1324,3,1,1,0,0,1,0,0,0,1,0,0,0,1,0
1423usa voter,1324,3,0,1,0,0,1,0,0,0,0,0,0,0,0,0
1425usa voter,1325,1,1,0,0,1,1,0,0,1,0,0,1,0,0,1
1425usa voter,1325,1,0,0,0,1,0,1,0,0,1,0,1,0,0,0
1425usa voter,1325,2,1,0,1,0,0,1,0,1,0,1,0,1,0,0
1425usa voter,1325,2,0,0,1,0,0,1,0,0,0,0,0,0,0,1
1425usa voter,1325,3,1,0,0,1,0,0,1,0,0,0,1,1,0,1
1425usa voter,1325,3,0,0,0,1,0,0,0,0,0,0,0,1,0,1
1426usa voter,1326,1,1,1,0,0,1,0,1,0,0,0,1,0,1,1
1426usa voter,1326,1,0,0,1,0,0,0,0,1,0,0,1,0,1,1
1426usa voter,1326,2,1,0,1,0,0,1,1,0,0,1,0,0,1,1
1426usa voter,1326,2,0,0,0,1,0,1,0,0,1,1,0,1,0,1
1426usa voter,1326,3,1,0,0,1,1,0,0,0,1,0,1,0,1,1
1426usa voter,1326,3,0,0,1,0,0,0,1,0,0,1,0,0,0,1
1427usa voter,1327,1,1,1,0,0,0,1,0,0,1,0,1,1,0,0
1427usa voter,1327,1,0,0,0,1,0,0,0,1,0,0,0,1,0,0
1427usa voter,1327,2,0,0,1,0,0,1,0,0,1,1,0,0,0,0
1427usa voter,1327,2,1,0,0,0,0,0,0,0,1,1,0,1,0,0
1427usa voter,1327,3,0,0,1,0,1,0,1,0,0,0,0,1,0,0
1427usa voter,1327,3,1,0,0,0,1,0,0,0,1,0,0,0,1,0
1428usa voter,1328,1,1,0,0,1,1,0,0,0,0,0,0,1,0,1
1428usa voter,1328,1,0,1,0,0,1,0,0,0,1,0,0,0,0,1
1428usa voter,1328,2,0,1,0,0,1,0,0,0,0,0,1,1,0,1
1428usa voter,1328,2,1,0,1,0,0,1,0,0,1,0,1,1,0,0
1428usa voter,1328,3,1,1,0,0,1,0,0,1,0,0,0,1,0,0
1428usa voter,1328,3,0,0,0,0,1,0,1,0,0,0,0,0,0,0
1429usa voter,1329,1,0,0,0,0,1,0,0,0,0,0,1,1,0,0
1429usa voter,1329,1,1,0,0,1,0,0,0,0,0,0,1,0,0,1
1429usa voter,1329,2,1,0,1,0,1,0,0,1,0,1,0,0,1,1
1429usa voter,1329,2,0,0,1,0,1,0,0,1,0,1,0,1,0,0
1429usa voter,1329,3,0,0,1,0,0,0,0,0,0,0,1,0,0,1
1429usa voter,1329,3,1,1,0,0,0,0,1,0,0,0,0,0,0,1
1430usa voter,1330,1,0,0,0,0,1,0,0,1,0,1,0,0,1,0
1430usa voter,1330,1,1,0,0,0,1,0,0,0,1,1,0,1,0,1
1430usa voter,1330,2,1,1,0,0,0,1,1,0,0,0,0,0,1,1
1430usa voter,1330,2,0,0,0,1,0,1,1,0,0,1,0,0,0,0
1430usa voter,1330,3,0,1,0,0,0,1,0,1,0,1,0,1,0,1
1430usa voter,1330,3,1,0,0,1,0,1,1,0,0,1,0,1,0,0
1431usa voter,1331,1,0,0,0,0,1,0,0,0,0,0,1,0,1,0
1431usa voter,1331,1,1,1,0,0,0,0,1,0,0,0,1,1,0,1
1431usa voter,1331,2,0,0,0,1,0,0,0,1,0,0,0,0,1,1
1431usa voter,1331,2,1,0,0,1,0,1,0,0,0,0,1,0,1,0
1431usa voter,1331,3,0,0,0,1,0,1,0,0,1,0,1,0,1,1
1431usa voter,1331,3,1,0,0,0,0,1,0,1,0,1,0,0,0,0
1432usa voter,1332,1,1,1,0,0,1,0,1,0,0,0,0,1,0,1
1432usa voter,1332,1,0,0,1,0,0,0,0,0,1,0,0,0,0,1
1432usa voter,1332,2,1,1,0,0,0,1,0,0,1,1,0,1,0,0
1432usa voter,1332,2,0,0,0,0,0,1,0,0,1,0,0,0,1,0
1432usa voter,1332,3,1,0,0,1,0,0,0,0,0,0,0,0,1,1
1432usa voter,1332,3,0,0,0,0,0,1,0,0,1,0,0,1,0,0
1433usa voter,1333,1,0,1,0,0,0,1,0,0,0,0,1,0,0,0
1433usa voter,1333,1,1,0,0,0,1,0,1,0,0,0,0,1,0,0
1433usa voter,1333,2,1,0,0,1,0,1,0,1,0,0,1,0,1,1
1433usa voter,1333,2,0,0,0,1,0,1,1,0,0,0,0,0,0,0
1433usa voter,1333,3,1,0,0,1,0,1,0,0,0,0,0,1,0,1
1433usa voter,1333,3,0,0,0,1,0,0,1,0,0,0,1,1,0,0
1434usa voter,1334,1,1,1,0,0,1,0,0,0,0,0,0,1,0,0
1434usa voter,1334,1,0,0,0,0,1,0,0,0,0,1,0,1,0,1
1434usa voter,1334,2,0,1,0,0,1,0,0,0,1,1,0,0,1,0
1434usa voter,1334,2,1,0,0,0,1,0,1,0,0,0,1,0,0,0
1434usa voter,1334,3,0,0,0,1,1,0,0,0,0,1,0,1,0,0
1434usa voter,1334,3,1,0,0,1,0,0,0,0,0,0,1,0,0,1
1435usa voter,1335,1,1,1,0,0,0,0,0,0,0,1,0,0,0,0
1435usa voter,1335,1,0,0,0,1,0,1,0,0,0,0,0,1,0,1
1435usa voter,1335,2,0,0,0,1,1,0,1,0,0,0,0,1,0,1
1435usa voter,1335,2,1,1,0,0,0,1,1,0,0,0,0,0,1,1
1435usa voter,1335,3,0,0,0,1,1,0,0,0,0,0,0,0,1,0
1435usa voter,1335,3,1,0,1,0,0,1,0,1,0,0,1,0,0,1
1436usa voter,1336,1,1,0,1,0,1,0,1,0,0,1,0,0,1,1
1436usa voter,1336,1,0,0,0,0,0,0,1,0,0,0,0,0,1,0
1436usa voter,1336,2,0,1,0,0,0,1,0,1,0,0,1,1,0,1
1436usa voter,1336,2,1,0,1,0,1,0,0,1,0,0,1,1,0,0
1436usa voter,1336,3,0,1,0,0,0,0,1,0,0,0,1,0,0,1
1436usa voter,1336,3,1,0,1,0,0,0,0,0,1,0,1,1,0,0
1437usa voter,1337,1,0,1,0,0,0,1,1,0,0,0,0,1,0,0
1437usa voter,1337,1,1,0,0,0,1,0,1,0,0,1,0,0,0,1
1437usa voter,1337,2,1,1,0,0,0,0,0,0,0,1,0,0,1,1
1437usa voter,1337,2,0,0,1,0,0,0,0,0,1,0,1,0,1,0
1437usa voter,1337,3,1,1,0,0,0,0,1,0,0,1,0,0,0,0
1437usa voter,1337,3,0,0,0,1,0,1,0,0,1,0,1,0,0,1
1438usa voter,1338,1,1,0,1,0,0,1,0,0,1,1,0,1,0,1
1438usa voter,1338,1,0,0,1,0,0,1,0,0,0,1,0,1,0,0
1438usa voter,1338,2,1,0,1,0,0,0,0,0,0,0,1,0,0,1
1438usa voter,1338,2,0,0,1,0,0,1,1,0,0,0,1,0,1,0
1438usa voter,1338,3,0,0,0,0,1,0,0,1,0,1,0,0,1,0
1438usa voter,1338,3,1,1,0,0,0,0,0,0,1,1,0,0,1,1
1440usa voter,1339,1,0,0,0,0,0,1,0,1,0,1,0,1,0,1
1440usa voter,1339,1,1,0,1,0,1,0,0,0,0,0,0,0,0,1
1440usa voter,1339,2,0,1,0,0,0,0,0,0,0,0,0,0,0,1
1440usa voter,1339,2,1,1,0,0,1,0,0,0,1,0,1,0,0,0
1440usa voter,1339,3,0,0,0,1,0,0,0,1,0,0,1,0,0,0
1440usa voter,1339,3,1,1,0,0,1,0,1,0,0,1,0,0,0,1
1441usa voter,1340,1,1,0,1,0,1,0,0,0,0,1,0,1,0,1
1441usa voter,1340,1,0,1,0,0,0,1,0,1,0,0,1,0,1,0
1441usa voter,1340,2,1,0,0,0,1,0,1,0,0,0,1,0,0,0
1441usa voter,1340,2,0,0,0,0,0,0,1,0,0,1,0,0,0,1
1441usa voter,1340,3,1,0,1,0,0,0,0,0,0,0,1,0,0,1
1441usa voter,1340,3,0,0,0,0,1,0,0,1,0,0,1,0,1,0
1442usa voter,1341,1,0,0,1,0,0,1,0,0,0,0,0,0,0,0
1442usa voter,1341,1,1,0,0,1,0,0,0,1,0,0,0,0,0,0
1442usa voter,1341,2,0,1,0,0,0,1,0,1,0,0,1,1,0,0
1442usa voter,1341,2,1,1,0,0,0,0,0,0,0,0,0,1,0,1
1442usa voter,1341,3,1,1,0,0,1,0,0,1,0,0,0,1,0,0
1442usa voter,1341,3,0,0,0,1,0,1,1,0,0,0,1,0,1,1
1443usa voter,1342,1,1,0,0,0,0,0,0,0,1,0,1,0,0,0
1443usa voter,1342,1,0,1,0,0,1,0,1,0,0,0,1,0,0,0
1443usa voter,1342,2,0,0,0,1,0,0,0,0,1,0,0,0,0,1
1443usa voter,1342,2,1,0,1,0,0,1,0,0,1,1,0,0,1,0
1443usa voter,1342,3,1,1,0,0,0,1,0,1,0,0,0,0,1,0
1443usa voter,1342,3,0,0,0,1,0,0,0,1,0,0,0,1,0,1
1444usa voter,1343,1,1,1,0,0,1,0,0,0,1,1,0,0,1,0
1444usa voter,1343,1,0,0,1,0,0,0,0,0,1,0,0,0,0,0
1444usa voter,1343,2,0,0,0,1,0,1,0,0,0,0,0,1,0,1
1444usa voter,1343,2,1,0,0,1,1,0,0,0,0,0,1,0,1,1
1444usa voter,1343,3,0,0,1,0,0,1,0,1,0,1,0,0,0,0
1444usa voter,1343,3,1,0,1,0,1,0,1,0,0,1,0,0,0,0
1446usa voter,1344,1,1,0,1,0,0,1,0,0,1,0,1,0,0,0
1446usa voter,1344,1,0,1,0,0,1,0,1,0,0,0,1,0,0,1
1446usa voter,1344,2,1,0,0,1,0,0,1,0,0,0,0,0,1,1
1446usa voter,1344,2,0,0,0,0,0,1,0,0,0,0,1,0,1,1
1446usa voter,1344,3,1,1,0,0,0,1,0,0,1,0,0,1,0,1
1446usa voter,1344,3,0,0,1,0,1,0,0,0,1,1,0,0,0,0
1447usa voter,1345,1,1,0,1,0,0,0,1,0,0,0,1,0,0,1
1447usa voter,1345,1,0,0,1,0,0,1,0,1,0,0,1,0,0,0
1447usa voter,1345,2,0,0,0,0,1,0,0,1,0,1,0,0,1,1
1447usa voter,1345,2,1,0,0,1,1,0,1,0,0,0,1,0,1,1
1447usa voter,1345,3,0,1,0,0,0,0,0,0,1,1,0,0,0,1
1447usa voter,1345,3,1,1,0,0,1,0,0,0,1,1,0,0,1,0
1448usa voter,1346,1,1,0,0,0,0,1,0,1,0,0,0,0,1,0
1448usa voter,1346,1,0,0,0,1,0,0,0,0,1,1,0,0,1,1
1448usa voter,1346,2,0,0,0,1,0,1,0,1,0,0,0,1,0,1
1448usa voter,1346,2,1,0,1,0,1,0,1,0,0,0,0,1,0,1
1448usa voter,1346,3,1,0,0,1,0,1,0,1,0,1,0,1,0,0
1448usa voter,1346,3,0,0,0,0,0,0,1,0,0,1,0,0,1,1
1449usa voter,1347,1,1,0,1,0,1,0,1,0,0,0,0,0,0,0
1449usa voter,1347,1,0,1,0,0,0,1,0,1,0,0,1,0,0,0
1449usa voter,1347,2,1,0,0,1,1,0,0,0,1,0,0,0,1,1
1449usa voter,1347,2,0,0,1,0,0,0,1,0,0,0,1,1,0,0
1449usa voter,1347,3,1,0,0,1,0,0,0,1,0,0,1,0,0,1
1449usa voter,1347,3,0,0,0,0,0,0,1,0,0,1,0,0,0,0
1450usa voter,1348,1,1,0,0,1,0,1,0,0,0,0,0,1,0,0
1450usa voter,1348,1,0,1,0,0,0,1,0,0,0,1,0,0,0,0
1450usa voter,1348,2,0,1,0,0,1,0,1,0,0,1,0,0,1,0
1450usa voter,1348,2,1,1,0,0,0,1,1,0,0,1,0,0,0,0
1450usa voter,1348,3,1,0,0,0,0,1,0,0,0,0,1,0,0,1
1450usa voter,1348,3,0,1,0,0,0,1,1,0,0,0,1,0,0,1
1451usa voter,1349,1,1,0,0,0,1,0,1,0,0,0,0,0,1,1
1451usa voter,1349,1,0,0,0,1,1,0,0,0,0,0,0,0,0,1
1451usa voter,1349,2,1,0,0,0,1,0,0,1,0,0,0,0,1,0
1451usa voter,1349,2,0,1,0,0,0,0,1,0,0,1,0,1,0,0
1451usa voter,1349,3,0,1,0,0,0,1,0,1,0,1,0,0,1,1
1451usa voter,1349,3,1,0,0,0,0,0,1,0,0,0,0,0,1,0
1452usa voter,1350,1,1,0,0,1,0,0,0,1,0,0,0,0,0,1
1452usa voter,1350,1,0,0,1,0,0,1,1,0,0,1,0,0,0,1
1452usa voter,1350,2,1,0,1,0,0,0,0,0,0,0,1,0,1,0
1452usa voter,1350,2,0,1,0,0,0,1,1,0,0,1,0,0,0,0
1452usa voter,1350,3,1,0,0,1,1,0,0,0,1,1,0,0,0,1
1452usa voter,1350,3,0,0,0,0,0,1,0,0,1,1,0,1,0,0
1454usa voter,1351,1,0,0,0,1,0,0,1,0,0,0,0,1,0,0
1454usa voter,1351,1,1,0,0,1,1,0,0,0,0,0,1,0,0,0
1454usa voter,1351,2,1,0,0,1,0,0,1,0,0,1,0,0,1,0
1454usa voter,1351,2,0,0,1,0,1,0,1,0,0,0,1,0,1,0
1454usa voter,1351,3,1,0,0,1,0,1,0,1,0,1,0,0,1,0
1454usa voter,1351,3,0,0,1,0,0,1,1,0,0,0,1,0,0,1
1455usa voter,1352,1,0,1,0,0,0,0,0,0,1,1,0,0,0,0
1455usa voter,1352,1,1,0,0,1,0,0,0,0,1,0,0,1,0,1
1455usa voter,1352,2,0,1,0,0,0,1,0,0,1,0,1,0,0,1
1455usa voter,1352,2,1,0,1,0,0,1,1,0,0,0,0,1,0,1
1455usa voter,1352,3,0,0,1,0,0,1,1,0,0,1,0,0,1,0
1455usa voter,1352,3,1,0,1,0,1,0,1,0,0,1,0,1,0,0
1456usa voter,1353,1,0,0,0,0,0,1,1,0,0,0,0,0,1,1
1456usa voter,1353,1,1,0,0,1,0,0,0,1,0,1,0,0,1,1
1456usa voter,1353,2,0,1,0,0,0,1,0,0,0,1,0,1,0,0
1456usa voter,1353,2,1,0,0,0,0,0,0,1,0,0,0,1,0,1
1457usa voter,1354,1,0,0,0,0,0,1,0,0,0,1,0,0,0,0
1457usa voter,1354,1,1,0,0,1,0,1,0,0,1,0,0,0,1,1
1457usa voter,1354,2,1,0,0,1,1,0,1,0,0,0,1,1,0,0
1457usa voter,1354,2,0,0,0,1,0,0,0,0,1,1,0,0,1,0
1457usa voter,1354,3,1,0,1,0,0,0,1,0,0,0,1,1,0,0
1457usa voter,1354,3,0,0,0,0,1,0,0,0,0,0,0,0,0,1
1458usa voter,1355,1,1,0,0,0,1,0,0,1,0,1,0,1,0,1
1458usa voter,1355,1,0,0,1,0,1,0,0,0,0,1,0,0,1,1
1458usa voter,1355,2,1,0,0,1,0,1,1,0,0,0,1,1,0,1
1458usa voter,1355,2,0,1,0,0,0,1,0,0,0,1,0,0,1,1
1458usa voter,1355,3,1,0,1,0,1,0,0,0,0,0,1,1,0,0
1458usa voter,1355,3,0,0,0,0,0,1,0,0,0,0,1,0,0,0
1459usa voter,1356,1,1,0,0,0,0,0,0,0,0,0,1,0,1,1
1459usa voter,1356,1,0,0,0,0,0,0,0,1,0,1,0,0,1,1
1459usa voter,1356,2,0,0,0,1,0,1,1,0,0,0,1,0,0,0
1459usa voter,1356,2,1,0,0,0,0,0,0,0,1,0,0,1,0,0
1459usa voter,1356,3,1,0,0,0,1,0,0,1,0,0,0,0,0,0
1459usa voter,1356,3,0,0,0,0,0,0,0,0,1,0,0,1,0,0
1460usa voter,1357,1,1,0,0,1,1,0,1,0,0,1,0,1,0,1
1460usa voter,1357,1,0,0,1,0,0,1,1,0,0,0,1,0,1,0
1460usa voter,1357,2,0,1,0,0,1,0,0,0,1,1,0,1,0,0
1460usa voter,1357,2,1,0,0,1,0,1,0,0,0,0,1,0,0,0
1460usa voter,1357,3,0,1,0,0,0,1,1,0,0,0,1,0,1,1
1460usa voter,1357,3,1,1,0,0,1,0,0,0,1,0,1,0,0,0
1461usa voter,1358,1,0,0,0,0,0,0,0,1,0,0,1,1,0,1
1461usa voter,1358,1,1,0,0,0,0,0,0,0,0,0,0,1,0,1
1461usa voter,1358,2,0,0,0,1,1,0,0,0,1,0,0,0,1,0
1461usa voter,1358,2,1,0,0,0,0,1,0,1,0,1,0,0,0,1
1461usa voter,1358,3,0,0,1,0,0,0,1,0,0,0,1,0,0,0
1461usa voter,1358,3,1,1,0,0,1,0,0,1,0,0,1,0,0,0
1463usa voter,1359,1,0,0,0,0,0,0,1,0,0,0,0,0,0,1
1463usa voter,1359,1,1,1,0,0,0,1,0,1,0,1,0,0,1,0
1463usa voter,1359,2,1,1,0,0,0,1,0,1,0,0,1,0,0,0
1463usa voter,1359,2,0,0,0,1,1,0,1,0,0,0,0,1,0,0
1463usa voter,1359,3,0,0,0,0,1,0,0,1,0,0,1,0,1,0
1463usa voter,1359,3,1,1,0,0,0,1,0,0,1,0,1,0,0,1
1464usa voter,1360,1,1,0,0,1,0,1,0,0,1,0,1,0,1,1
1464usa voter,1360,1,0,0,0,1,1,0,0,0,1,0,1,1,0,1
1464usa voter,1360,2,0,1,0,0,0,1,1,0,0,0,0,0,0,0
1464usa voter,1360,2,1,1,0,0,0,1,0,1,0,1,0,0,0,0
1464usa voter,1360,3,0,0,0,1,0,0,0,0,0,1,0,0,0,0
1464usa voter,1360,3,1,0,1,0,0,1,0,1,0,0,0,1,0,0
1465usa voter,1361,1,0,0,1,0,0,0,0,1,0,0,0,0,1,1
1465usa voter,1361,1,1,0,0,1,1,0,0,1,0,1,0,0,1,0
1465usa voter,1361,2,0,0,0,0,0,1,0,0,1,0,0,1,0,0
1465usa voter,1361,2,1,0,0,1,0,0,0,0,0,1,0,0,1,0
1465usa voter,1361,3,1,0,0,1,0,1,0,0,0,1,0,0,0,1
1465usa voter,1361,3,0,1,0,0,0,1,1,0,0,0,1,0,0,1
1466usa voter,1362,1,1,1,0,0,1,0,0,0,1,0,0,1,0,0
1466usa voter,1362,1,0,1,0,0,1,0,0,0,1,1,0,0,0,0
1466usa voter,1362,2,1,0,0,1,0,0,1,0,0,0,0,0,1,1
1466usa voter,1362,2,0,0,0,0,0,0,0,0,1,0,0,1,0,0
1466usa voter,1362,3,0,0,0,0,0,1,0,1,0,0,0,0,0,0
1466usa voter,1362,3,1,0,0,1,0,0,0,0,1,0,1,1,0,0
1467usa voter,1363,1,0,0,1,0,0,0,0,0,0,0,0,0,1,1
1467usa voter,1363,1,1,0,0,0,0,0,0,0,0,0,1,0,0,0
1467usa voter,1363,2,1,0,1,0,1,0,0,1,0,0,1,1,0,0
1467usa voter,1363,2,0,0,1,0,0,0,1,0,0,1,0,0,0,1
1467usa voter,1363,3,1,0,0,1,0,0,0,0,0,1,0,1,0,1
1467usa voter,1363,3,0,0,0,1,1,0,0,0,1,0,0,0,1,1
1468usa voter,1364,1,1,0,0,1,1,0,0,1,0,1,0,0,0,1
1468usa voter,1364,1,0,1,0,0,0,0,1,0,0,0,0,0,0,1
1468usa voter,1364,2,0,1,0,0,0,0,0,1,0,1,0,0,0,1
1468usa voter,1364,2,1,0,1,0,1,0,0,0,1,0,1,1,0,1
1468usa voter,1364,3,1,0,1,0,0,0,1,0,0,0,0,0,0,0
1468usa voter,1364,3,0,1,0,0,1,0,0,1,0,1,0,0,0,0
1469usa voter,1365,1,1,0,1,0,1,0,0,1,0,1,0,0,0,0
1469usa voter,1365,1,0,0,1,0,0,1,1,0,0,0,1,0,1,0
1469usa voter,1365,2,0,0,0,0,1,0,0,0,0,0,0,1,0,0
1469usa voter,1365,2,1,0,0,1,1,0,0,0,0,0,0,0,0,1
1469usa voter,1365,3,0,0,1,0,0,1,0,0,0,0,0,0,1,1
1469usa voter,1365,3,1,0,0,1,0,0,0,0,0,0,1,0,0,1
1470usa voter,1366,1,0,1,0,0,0,1,0,1,0,0,0,0,0,0
1470usa voter,1366,1,1,1,0,0,0,0,0,0,1,0,0,0,1,0
1470usa voter,1366,2,0,0,0,0,1,0,0,1,0,0,0,0,1,1
1470usa voter,1366,2,1,0,0,0,1,0,0,1,0,1,0,1,0,1
1471usa voter,1367,1,1,0,0,0,0,0,0,0,0,0,0,0,1,0
1471usa voter,1367,1,0,0,0,1,0,1,1,0,0,1,0,0,1,0
1471usa voter,1367,2,1,1,0,0,0,1,0,1,0,1,0,0,1,0
1471usa voter,1367,2,0,0,0,1,1,0,0,0,1,0,1,1,0,0
1471usa voter,1367,3,1,1,0,0,0,0,0,1,0,0,0,0,1,0
1471usa voter,1367,3,0,1,0,0,1,0,0,0,0,0,1,1,0,0
1472usa voter,1368,1,0,0,0,0,1,0,0,0,0,0,0,1,0,1
1472usa voter,1368,1,1,0,0,1,1,0,1,0,0,1,0,0,1,1
1472usa voter,1368,2,1,0,1,0,0,0,0,1,0,1,0,1,0,1
1472usa voter,1368,2,0,0,0,0,1,0,0,0,0,0,1,1,0,0
1472usa voter,1368,3,1,0,0,1,1,0,1,0,0,1,0,0,0,1
1472usa voter,1368,3,0,0,0,0,1,0,0,0,1,0,0,0,1,1
1473usa voter,1369,1,0,0,0,0,0,0,0,0,0,0,0,0,0,1
1473usa voter,1369,1,1,0,1,0,0,1,1,0,0,1,0,0,1,1
1473usa voter,1369,2,1,0,1,0,1,0,0,0,0,0,1,1,0,0
1473usa voter,1369,2,0,0,1,0,0,0,0,0,1,0,0,0,1,0
1473usa voter,1369,3,0,0,0,0,1,0,0,1,0,0,0,0,1,0
1473usa voter,1369,3,1,0,1,0,0,0,1,0,0,1,0,0,0,0
1474usa voter,1370,1,0,0,0,0,0,0,0,0,1,0,1,1,0,1
1474usa voter,1370,1,1,0,0,1,1,0,1,0,0,1,0,0,1,1
1474usa voter,1370,2,1,1,0,0,0,0,0,0,0,0,1,0,1,0
1474usa voter,1370,2,0,0,0,1,0,0,0,0,0,0,0,1,0,1
1474usa voter,1370,3,0,0,0,0,0,0,0,0,0,0,0,0,1,1
1474usa voter,1370,3,1,0,1,0,1,0,0,0,0,1,0,0,0,0
1476usa voter,1371,1,0,0,0,1,0,1,1,0,0,0,0,0,1,1
1476usa voter,1371,1,1,0,0,1,0,1,0,0,0,1,0,0,1,1
1476usa voter,1371,2,0,1,0,0,0,1,0,0,1,1,0,0,0,0
1476usa voter,1371,2,1,0,1,0,1,0,1,0,0,1,0,0,1,0
1476usa voter,1371,3,0,0,0,1,1,0,0,0,0,0,1,1,0,1
1476usa voter,1371,3,1,0,1,0,0,0,0,0,0,0,1,0,1,0
1477usa voter,1372,1,1,0,0,1,0,1,0,0,0,0,1,1,0,0
1477usa voter,1372,1,0,0,1,0,1,0,1,0,0,0,1,1,0,1
1477usa voter,1372,2,1,1,0,0,1,0,0,1,0,0,1,1,0,1
1477usa voter,1372,2,0,0,1,0,1,0,1,0,0,1,0,0,0,1
1477usa voter,1372,3,0,0,1,0,1,0,0,1,0,1,0,1,0,1
1477usa voter,1372,3,1,0,0,0,0,0,0,0,1,0,0,1,0,0
1478usa voter,1373,1,1,0,0,0,0,1,0,0,0,1,0,1,0,0
1478usa voter,1373,1,0,0,0,0,0,1,1,0,0,0,0,0,0,0
1478usa voter,1373,2,0,0,0,1,1,0,1,0,0,0,0,1,0,0
1478usa voter,1373,2,1,0,1,0,0,0,0,1,0,1,0,0,0,1
1478usa voter,1373,3,1,0,0,0,0,1,0,0,0,0,0,1,0,1
1478usa voter,1373,3,0,0,0,0,0,1,0,0,0,1,0,0,1,0
1480usa voter,1374,1,1,0,0,1,1,0,0,0,1,0,0,0,0,0
1480usa voter,1374,1,0,1,0,0,0,1,1,0,0,1,0,0,1,0
1480usa voter,1374,2,0,0,0,1,1,0,0,0,0,1,0,1,0,0
1480usa voter,1374,2,1,1,0,0,0,0,0,1,0,0,1,0,0,1
1480usa voter,1374,3,1,0,0,0,0,0,0,1,0,0,0,0,1,1
1480usa voter,1374,3,0,1,0,0,0,0,0,0,1,1,0,1,0,0
1481usa voter,1375,1,1,0,0,0,0,1,0,0,0,1,0,0,1,0
1481usa voter,1375,1,0,1,0,0,1,0,0,1,0,0,1,0,1,1
1481usa voter,1375,2,0,0,1,0,0,1,1,0,0,0,0,0,1,1
1481usa voter,1375,2,1,1,0,0,0,0,0,0,0,0,1,0,1,0
1481usa voter,1375,3,0,0,0,1,0,1,1,0,0,1,0,1,0,0
1481usa voter,1375,3,1,0,0,1,1,0,0,1,0,0,1,0,0,1
1482usa voter,1376,1,1,1,0,0,1,0,0,0,1,0,1,0,0,0
1482usa voter,1376,1,0,0,1,0,1,0,1,0,0,0,1,0,0,0
1482usa voter,1376,2,0,1,0,0,1,0,1,0,0,0,1,1,0,0
1482usa voter,1376,2,1,0,0,1,0,1,0,0,1,1,0,1,0,1
1482usa voter,1376,3,0,1,0,0,0,0,0,0,0,1,0,0,1,1
1482usa voter,1376,3,1,0,1,0,0,0,0,0,0,0,1,0,1,1
1483usa voter,1377,1,1,0,0,1,0,1,1,0,0,0,1,1,0,1
1483usa voter,1377,1,0,0,1,0,0,0,0,0,1,0,1,0,1,1
1483usa voter,1377,2,0,0,0,1,1,0,1,0,0,1,0,0,1,0
1483usa voter,1377,2,1,1,0,0,0,0,1,0,0,0,1,0,1,0
1483usa voter,1377,3,0,0,0,0,0,1,0,1,0,0,1,1,0,1
1483usa voter,1377,3,1,0,0,1,1,0,0,0,0,1,0,0,0,1
1484usa voter,1378,1,0,0,0,0,0,1,1,0,0,0,1,0,1,0
1484usa voter,1378,1,1,0,1,0,0,1,1,0,0,0,1,0,0,1
1484usa voter,1378,2,1,0,0,1,0,0,0,1,0,1,0,1,0,0
1484usa voter,1378,2,0,1,0,0,1,0,1,0,0,1,0,1,0,1
1484usa voter,1378,3,0,0,0,0,0,0,0,0,0,0,0,0,0,0
1484usa voter,1378,3,1,0,0,1,1,0,0,1,0,0,0,0,0,1
1485usa voter,1379,1,0,0,1,0,0,0,0,1,0,1,0,0,0,1
1485usa voter,1379,1,1,0,0,1,0,1,1,0,0,0,0,0,1,1
1485usa voter,1379,2,1,0,0,1,0,0,0,0,0,0,0,1,0,0
1485usa voter,1379,2,0,1,0,0,1,0,0,1,0,0,1,0,0,0
1485usa voter,1379,3,0,0,0,0,1,0,0,0,0,1,0,0,1,1
1485usa voter,1379,3,1,0,0,0,1,0,0,0,1,0,0,0,1,0
1486usa voter,1380,1,0,0,0,0,1,0,1,0,0,1,0,0,1,1
1486usa voter,1380,1,1,0,1,0,0,1,0,1,0,1,0,1,0,0
1486usa voter,1380,2,1,1,0,0,1,0,1,0,0,0,0,0,1,1
1486usa voter,1380,2,0,1,0,0,0,1,1,0,0,1,0,0,0,1
1486usa voter,1380,3,0,1,0,0,0,0,0,0,1,1,0,1,0,0
1486usa voter,1380,3,1,0,0,1,0,0,1,0,0,1,0,1,0,1
1487usa voter,1381,1,0,1,0,0,0,0,0,0,1,1,0,1,0,1
1487usa voter,1381,1,1,1,0,0,0,0,1,0,0,1,0,0,1,1
1487usa voter,1381,2,0,0,0,0,0,1,1,0,0,0,1,0,0,1
1487usa voter,1381,2,1,0,0,0,1,0,0,1,0,0,1,0,0,1
1487usa voter,1381,3,0,0,0,1,1,0,1,0,0,1,0,0,0,1
1487usa voter,1381,3,1,0,0,0,1,0,1,0,0,1,0,0,1,0
1488usa voter,1382,1,0,1,0,0,0,1,1,0,0,1,0,0,1,1
1488usa voter,1382,1,1,0,0,1,0,0,1,0,0,0,0,0,0,0
1488usa voter,1382,2,0,0,1,0,0,0,0,0,0,0,1,0,0,0
1488usa voter,1382,2,1,1,0,0,0,0,0,0,1,0,0,0,0,0
1488usa voter,1382,3,0,0,0,0,0,0,0,0,0,0,1,0,1,0
1488usa voter,1382,3,1,0,1,0,0,0,0,0,1,0,1,0,1,1
1491usa voter,1383,1,1,0,0,1,0,1,1,0,0,1,0,1,0,0
1491usa voter,1383,1,0,0,0,1,1,0,0,0,1,0,0,1,0,1
1491usa voter,1383,2,0,0,0,0,0,0,0,0,1,0,1,0,0,0
1491usa voter,1383,2,1,0,0,0,0,1,0,0,0,0,0,1,0,1
1491usa voter,1383,3,1,0,0,0,0,1,1,0,0,0,1,0,1,1
1491usa voter,1383,3,0,0,0,0,0,0,1,0,0,1,0,0,1,0
1492usa voter,1384,1,0,0,0,0,0,1,1,0,0,1,0,1,0,0
1492usa voter,1384,1,1,0,1,0,0,1,0,1,0,0,1,0,1,0
1492usa voter,1384,2,1,0,0,1,0,1,0,0,1,0,0,0,0,1
1492usa voter,1384,2,0,0,0,0,0,0,0,0,1,1,0,0,0,0
1492usa voter,1384,3,0,1,0,0,0,0,1,0,0,1,0,0,0,1
1492usa voter,1384,3,1,0,1,0,1,0,0,0,0,0,1,0,0,1
1493usa voter,1385,1,1,1,0,0,0,1,0,0,1,1,0,0,0,0
1493usa voter,1385,1,0,0,0,0,0,0,0,0,0,0,1,1,0,1
1493usa voter,1385,2,1,0,0,1,1,0,0,0,1,0,0,1,0,1
1493usa voter,1385,2,0,0,1,0,0,0,0,0,1,0,0,0,0,1
1493usa voter,1385,3,1,1,0,0,0,1,0,1,0,1,0,0,0,1
1493usa voter,1385,3,0,1,0,0,0,1,0,0,0,0,0,1,0,1
1494usa voter,1386,1,0,1,0,0,1,0,0,0,0,0,0,1,0,1
1494usa voter,1386,1,1,1,0,0,1,0,0,1,0,1,0,1,0,1
1494usa voter,1386,2,1,0,1,0,1,0,0,0,1,0,1,1,0,0
1494usa voter,1386,2,0,0,1,0,1,0,0,0,0,1,0,0,0,0
1494usa voter,1386,3,0,0,0,0,1,0,0,0,1,0,1,0,0,1
1494usa voter,1386,3,1,1,0,0,0,0,0,0,1,0,0,0,0,1
1496usa voter,1387,1,1,0,1,0,0,0,1,0,0,0,0,0,1,1
1496usa voter,1387,1,0,1,0,0,0,0,0,1,0,1,0,0,0,0
1496usa voter,1387,2,1,0,0,1,1,0,1,0,0,1,0,1,0,0
1496usa voter,1387,2,0,1,0,0,0,0,0,0,0,0,1,1,0,0
1496usa voter,1387,3,1,0,0,1,0,1,0,0,1,0,0,0,1,0
1496usa voter,1387,3,0,0,0,0,1,0,0,0,0,1,0,0,0,0
1497usa voter,1388,1,1,0,1,0,1,0,0,0,1,1,0,0,1,0
1497usa voter,1388,1,0,1,0,0,0,0,1,0,0,0,0,0,1,1
1497usa voter,1388,2,1,0,1,0,0,1,0,0,1,1,0,0,1,1
1497usa voter,1388,2,0,0,0,0,1,0,1,0,0,1,0,1,0,1
1497usa voter,1388,3,1,0,1,0,1,0,0,1,0,0,1,0,1,0
1497usa voter,1388,3,0,0,0,1,0,1,0,0,0,1,0,0,0,1
1498usa voter,1389,1,1,0,0,0,0,0,0,0,0,1,0,0,0,0
1498usa voter,1389,1,0,1,0,0,1,0,1,0,0,1,0,1,0,0
1498usa voter,1389,2,0,1,0,0,1,0,1,0,0,0,1,0,0,0
1498usa voter,1389,2,1,0,1,0,1,0,0,0,1,0,0,1,0,0
1498usa voter,1389,3,0,1,0,0,1,0,0,1,0,0,1,0,1,0
1498usa voter,1389,3,1,0,0,0,1,0,0,0,0,0,1,0,0,0
1499usa voter,1390,1,0,1,0,0,0,1,0,0,0,0,1,0,1,0
1499usa voter,1390,1,1,0,0,1,1,0,0,1,0,0,1,0,1,1
1499usa voter,1390,2,1,0,1,0,0,0,0,0,1,1,0,1,0,0
1499usa voter,1390,2,0,1,0,0,1,0,1,0,0,0,0,0,0,1
1499usa voter,1390,3,0,0,0,0,1,0,0,0,0,0,1,1,0,1
1499usa voter,1390,3,1,1,0,0,1,0,1,0,0,1,0,1,0,1
1500usa voter,1391,1,0,1,0,0,0,0,0,0,1,0,0,0,0,0
1500usa voter,1391,1,1,0,1,0,1,0,0,1,0,1,0,1,0,1
1500usa voter,1391,2,1,0,0,0,0,1,0,1,0,0,0,1,0,0
1500usa voter,1391,2,0,1,0,0,1,0,0,0,1,0,0,1,0,0
1500usa voter,1391,3,0,1,0,0,0,1,1,0,0,0,1,1,0,0
1500usa voter,1391,3,1,1,0,0,1,0,1,0,0,0,1,0,0,1
1501usa voter,1392,1,0,1,0,0,1,0,0,0,0,1,0,1,0,0
1501usa voter,1392,1,1,0,0,1,1,0,0,0,0,0,0,0,1,1
1501usa voter,1392,2,0,0,0,1,0,0,0,1,0,0,1,0,1,0
1501usa voter,1392,2,1,0,0,1,0,1,1,0,0,1,0,0,0,1
1501usa voter,1392,3,0,0,1,0,0,0,1,0,0,0,1,1,0,1
1501usa voter,1392,3,1,0,1,0,0,1,0,1,0,0,1,0,0,0
1502usa voter,1393,1,1,0,0,1,0,0,1,0,0,1,0,0,1,1
1502usa voter,1393,1,0,0,0,1,1,0,0,0,0,0,1,0,1,1
1502usa voter,1393,2,1,0,0,1,1,0,1,0,0,0,0,0,1,0
1502usa voter,1393,2,0,0,0,0,0,1,1,0,0,0,1,0,0,0
1502usa voter,1393,3,0,1,0,0,0,0,0,0,0,0,0,0,0,0
1502usa voter,1393,3,1,0,1,0,1,0,0,0,0,0,0,0,1,0
1503usa voter,1394,2,0,0,1,0,0,0,0,0,0,0,1,1,0,0
1503usa voter,1394,2,1,1,0,0,1,0,0,0,0,1,0,1,0,0
1503usa voter,1394,3,0,0,1,0,0,1,0,0,1,1,0,1,0,1
1503usa voter,1394,3,1,0,1,0,0,0,0,0,0,0,0,0,0,1
1504usa voter,1395,1,1,1,0,0,0,0,0,0,0,1,0,1,0,1
1504usa voter,1395,1,0,0,0,0,0,1,0,1,0,1,0,1,0,0
1504usa voter,1395,2,0,1,0,0,0,1,0,1,0,0,0,0,0,0
1504usa voter,1395,2,1,1,0,0,1,0,0,0,1,1,0,0,1,0
1504usa voter,1395,3,1,1,0,0,1,0,0,0,1,0,1,0,0,0
1504usa voter,1395,3,0,0,0,0,0,1,0,1,0,0,0,0,0,0
1505usa voter,1396,1,1,0,0,0,0,1,1,0,0,1,0,1,0,1
1505usa voter,1396,1,0,0,0,1,0,0,0,0,1,1,0,1,0,1
1505usa voter,1396,2,0,0,0,1,0,1,0,0,0,0,1,0,0,0
1505usa voter,1396,2,1,0,0,1,0,0,0,0,0,0,0,0,0,0
1505usa voter,1396,3,1,0,0,1,0,0,0,0,1,0,1,1,0,1
1505usa voter,1396,3,0,0,1,0,1,0,0,0,1,0,1,0,0,0
1506usa voter,1397,1,1,0,0,1,0,0,0,0,0,1,0,0,0,0
1506usa voter,1397,1,0,0,0,1,1,0,0,0,1,0,0,1,0,0
1506usa voter,1397,2,1,0,0,0,0,0,0,0,0,0,1,0,1,1
1506usa voter,1397,2,0,0,1,0,1,0,0,1,0,1,0,0,0,0
1506usa voter,1397,3,0,0,1,0,0,1,0,0,0,0,0,0,1,0
1506usa voter,1397,3,1,0,1,0,1,0,0,1,0,0,1,1,0,0
1507usa voter,1398,1,1,1,0,0,0,1,0,1,0,0,1,0,1,1
1507usa voter,1398,1,0,0,0,0,1,0,0,1,0,0,0,0,1,1
1507usa voter,1398,2,1,1,0,0,1,0,1,0,0,0,0,0,0,1
1507usa voter,1398,2,0,0,0,0,1,0,0,1,0,0,0,0,1,0
1507usa voter,1398,3,0,1,0,0,1,0,0,1,0,0,1,0,1,0
1507usa voter,1398,3,1,1,0,0,1,0,0,0,1,0,1,1,0,0
1509usa voter,1399,1,0,0,0,1,1,0,0,0,1,0,0,1,0,1
1509usa voter,1399,1,1,0,0,0,0,0,0,0,1,1,0,0,0,0
1509usa voter,1399,2,0,1,0,0,1,0,0,0,1,0,1,0,1,1
1509usa voter,1399,2,1,0,0,1,0,0,0,0,1,1,0,1,0,0
1509usa voter,1399,3,0,0,1,0,1,0,1,0,0,1,0,0,1,1
1509usa voter,1399,3,1,0,1,0,0,0,0,1,0,0,1,1,0,0
1510usa voter,1400,1,1,0,1,0,0,0,0,0,0,1,0,1,0,0
1510usa voter,1400,1,0,0,0,0,0,0,0,0,0,0,0,0,1,0
1510usa voter,1400,2,1,0,0,1,0,1,0,0,0,0,0,1,0,0
1510usa voter,1400,2,0,0,0,1,0,1,1,0,0,0,1,1,0,1
1510usa voter,1400,3,1,0,1,0,1,0,0,1,0,1,0,1,0,0
1510usa voter,1400,3,0,0,1,0,0,0,0,0,1,0,1,0,0,0
1511usa voter,1401,1,1,1,0,0,0,0,1,0,0,0,1,0,0,1
1511usa voter,1401,1,0,1,0,0,0,0,1,0,0,1,0,0,0,0
1511usa voter,1401,2,1,0,0,0,1,0,0,1,0,0,1,1,0,0
1511usa voter,1401,2,0,1,0,0,0,1,0,1,0,0,0,1,0,1
1511usa voter,1401,3,0,1,0,0,0,1,0,0,0,0,0,0,1,1
1511usa voter,1401,3,1,0,0,1,0,1,0,0,1,0,0,0,1,1
1512usa voter,1402,1,1,1,0,0,0,1,1,0,0,0,1,0,1,1
1512usa voter,1402,1,0,0,0,1,0,1,0,1,0,0,1,0,1,0
1512usa voter,1402,2,1,1,0,0,0,0,0,0,1,0,0,0,0,0
1512usa voter,1402,2,0,1,0,0,0,0,1,0,0,0,0,0,0,1
1512usa voter,1402,3,0,0,1,0,1,0,0,1,0,1,0,0,1,0
1512usa voter,1402,3,1,1,0,0,0,0,1,0,0,0,0,0,0,0
1513usa voter,1403,1,1,1,0,0,0,1,0,1,0,1,0,0,1,0
1513usa voter,1403,1,0,0,1,0,0,0,0,0,1,1,0,1,0,0
1513usa voter,1403,2,0,0,1,0,1,0,1,0,0,1,0,0,1,1
1513usa voter,1403,2,1,0,0,0,0,1,0,1,0,0,0,1,0,1
1513usa voter,1403,3,1,0,0,0,0,1,1,0,0,0,1,0,0,0
1513usa voter,1403,3,0,0,0,1,0,1,0,1,0,0,0,0,0,0
1514usa voter,1404,1,0,1,0,0,0,1,0,0,1,0,1,0,1,1
1514usa voter,1404,1,1,0,0,1,0,0,0,0,1,0,1,1,0,0
1514usa voter,1404,2,1,0,0,1,0,0,0,0,0,0,1,0,0,0
1514usa voter,1404,2,0,0,0,0,1,0,1,0,0,0,0,0,1,1
1514usa voter,1404,3,0,0,1,0,0,1,0,0,0,1,0,0,1,0
1514usa voter,1404,3,1,0,0,0,0,0,0,0,0,0,0,1,0,0
1515usa voter,1405,1,0,1,0,0,0,0,1,0,0,0,0,1,0,0
1515usa voter,1405,1,1,0,1,0,0,0,0,0,0,0,0,0,1,1
1515usa voter,1405,2,1,0,0,0,1,0,0,0,1,0,0,0,1,0
1515usa voter,1405,2,0,0,1,0,0,0,1,0,0,0,0,1,0,1
1515usa voter,1405,3,0,0,1,0,1,0,1,0,0,0,1,1,0,0
1515usa voter,1405,3,1,1,0,0,1,0,0,1,0,1,0,0,1,0
1516usa voter,1406,1,0,0,0,1,0,1,0,0,0,1,0,0,1,0
1516usa voter,1406,1,1,0,1,0,0,1,0,0,0,1,0,1,0,1
1516usa voter,1406,2,0,0,0,1,0,0,1,0,0,1,0,1,0,0
1516usa voter,1406,2,1,0,0,0,0,0,0,0,0,1,0,1,0,0
1516usa voter,1406,3,1,1,0,0,0,1,0,0,0,1,0,0,0,1
1516usa voter,1406,3,0,0,1,0,0,0,1,0,0,1,0,0,0,0
1518usa voter,1407,1,1,0,0,1,0,1,1,0,0,0,0,0,1,1
1518usa voter,1407,1,0,1,0,0,0,1,0,0,1,1,0,1,0,0
1518usa voter,1407,2,1,0,0,0,0,0,1,0,0,0,1,0,1,1
1518usa voter,1407,2,0,1,0,0,0,0,1,0,0,0,1,0,0,1
1518usa voter,1407,3,0,1,0,0,1,0,0,1,0,1,0,0,1,0
1518usa voter,1407,3,1,0,0,0,0,0,0,1,0,0,1,0,1,0
1519usa voter,1408,1,1,0,0,1,0,1,0,0,1,0,0,0,0,1
1519usa voter,1408,1,0,1,0,0,1,0,0,0,0,0,0,0,1,0
1519usa voter,1408,2,0,0,1,0,0,1,0,0,1,0,1,0,1,1
1519usa voter,1408,2,1,0,1,0,0,1,1,0,0,1,0,1,0,1
1519usa voter,1408,3,1,0,0,1,0,1,1,0,0,1,0,1,0,1
1519usa voter,1408,3,0,0,0,1,0,1,0,0,1,1,0,0,0,1
1520usa voter,1409,1,1,0,1,0,0,1,0,0,0,0,0,1,0,1
1520usa voter,1409,1,0,1,0,0,0,1,0,0,1,1,0,0,0,0
1520usa voter,1409,2,0,1,0,0,0,1,0,0,1,0,1,0,0,1
1520usa voter,1409,2,1,0,1,0,0,1,0,0,0,0,1,0,0,1
1520usa voter,1409,3,0,0,1,0,0,1,1,0,0,0,0,0,1,0
1520usa voter,1409,3,1,0,0,0,0,1,0,0,0,1,0,0,1,1
1521usa voter,1410,1,1,0,1,0,0,1,0,1,0,1,0,0,0,1
1521usa voter,1410,1,0,1,0,0,0,1,0,0,1,1,0,1,0,1
1521usa voter,1410,2,1,0,0,1,0,0,0,0,0,0,1,0,1,0
1521usa voter,1410,2,0,0,1,0,1,0,0,0,0,0,0,0,1,0
1521usa voter,1410,3,0,0,0,0,0,0,0,1,0,0,0,0,0,1
1521usa voter,1410,3,1,0,0,1,1,0,1,0,0,0,1,0,1,1
1522usa voter,1411,1,1,0,1,0,1,0,0,1,0,0,0,0,1,0
1522usa voter,1411,1,0,0,1,0,0,0,0,1,0,0,1,0,0,1
1522usa voter,1411,2,1,1,0,0,0,0,0,0,0,0,0,1,0,1
1522usa voter,1411,2,0,1,0,0,1,0,0,1,0,0,0,0,1,1
1522usa voter,1411,3,1,0,0,1,1,0,0,1,0,1,0,0,0,0
1522usa voter,1411,3,0,0,0,0,0,1,1,0,0,1,0,0,1,1
1523usa voter,1412,1,0,1,0,0,0,0,0,1,0,1,0,0,1,0
1523usa voter,1412,1,1,0,0,0,1,0,0,1,0,1,0,0,0,1
1523usa voter,1412,2,1,1,0,0,0,1,0,0,1,1,0,0,0,1
1523usa voter,1412,2,0,1,0,0,1,0,0,0,1,0,1,0,1,0
1523usa voter,1412,3,0,0,0,0,0,0,0,0,0,0,1,0,1,1
1523usa voter,1412,3,1,0,1,0,0,0,1,0,0,0,1,0,1,0
1524usa voter,1413,1,1,0,0,1,1,0,0,0,0,1,0,0,1,0
1524usa voter,1413,1,0,0,0,1,1,0,0,1,0,0,0,1,0,0
1524usa voter,1413,2,0,0,0,0,0,0,0,1,0,0,0,1,0,1
1524usa voter,1413,2,1,1,0,0,1,0,0,0,0,0,1,0,1,1
1524usa voter,1413,3,0,1,0,0,0,1,0,0,0,0,1,0,0,1
1524usa voter,1413,3,1,1,0,0,1,0,0,1,0,0,1,0,1,1
1525usa voter,1414,1,1,0,0,1,0,0,0,1,0,0,0,0,1,0
1525usa voter,1414,1,0,0,1,0,1,0,0,1,0,0,0,1,0,0
1525usa voter,1414,2,0,1,0,0,0,1,0,0,1,0,1,0,1,1
1525usa voter,1414,2,1,0,1,0,0,1,0,0,1,0,1,1,0,0
1525usa voter,1414,3,0,1,0,0,0,0,0,0,0,0,1,0,0,1
1525usa voter,1414,3,1,0,1,0,0,0,0,1,0,0,1,0,1,1
1526usa voter,1415,1,0,0,0,0,0,1,0,1,0,1,0,1,0,0
1526usa voter,1415,1,1,0,0,0,1,0,0,0,0,1,0,0,0,0
1526usa voter,1415,2,1,0,0,0,1,0,0,0,0,0,1,1,0,0
1526usa voter,1415,2,0,1,0,0,1,0,1,0,0,0,1,0,0,0
1526usa voter,1415,3,1,0,1,0,1,0,0,0,1,0,1,0,1,0
1526usa voter,1415,3,0,1,0,0,0,1,0,0,0,0,1,0,1,0
1527usa voter,1416,1,0,1,0,0,0,1,0,0,1,0,1,0,1,1
1527usa voter,1416,1,1,0,0,0,1,0,0,0,1,1,0,1,0,0
1527usa voter,1416,2,1,0,0,1,1,0,1,0,0,0,0,0,0,0
1527usa voter,1416,2,0,0,1,0,0,1,1,0,0,0,0,1,0,0
1527usa voter,1416,3,1,1,0,0,0,1,0,0,1,0,1,1,0,1
1527usa voter,1416,3,0,0,0,0,0,0,0,0,1,0,0,1,0,0
1528usa voter,1417,1,1,0,1,0,1,0,1,0,0,0,1,0,0,1
1528usa voter,1417,1,0,0,0,0,1,0,0,0,0,0,0,0,0,1
1528usa voter,1417,2,0,1,0,0,0,1,0,0,0,0,0,0,1,1
1528usa voter,1417,2,1,0,0,0,1,0,0,1,0,0,0,0,1,1
1528usa voter,1417,3,1,1,0,0,0,1,0,1,0,0,1,0,1,1
1528usa voter,1417,3,0,0,1,0,0,1,0,1,0,1,0,0,1,1
1529usa voter,1418,1,1,1,0,0,0,0,0,0,1,0,0,0,1,0
1529usa voter,1418,1,0,0,1,0,1,0,1,0,0,0,0,1,0,1
1529usa voter,1418,2,1,0,0,1,0,1,0,1,0,0,0,0,1,0
1529usa voter,1418,2,0,0,1,0,1,0,1,0,0,1,0,0,1,0
1529usa voter,1418,3,0,0,1,0,0,0,1,0,0,0,0,1,0,0
1529usa voter,1418,3,1,0,1,0,0,0,1,0,0,0,0,0,1,1
1530usa voter,1419,1,1,0,0,0,0,0,0,1,0,1,0,0,1,1
1530usa voter,1419,1,0,0,0,1,0,1,0,0,1,1,0,0,1,1
1530usa voter,1419,2,1,1,0,0,0,1,0,0,1,1,0,1,0,1
1530usa voter,1419,2,0,1,0,0,0,0,0,0,1,1,0,1,0,1
1530usa voter,1419,3,1,1,0,0,1,0,0,0,1,0,1,1,0,1
1530usa voter,1419,3,0,0,0,0,0,0,0,0,0,0,1,1,0,1
1531usa voter,1420,1,0,0,0,1,0,0,0,1,0,0,0,0,0,0
1531usa voter,1420,1,1,0,0,1,1,0,1,0,0,0,1,0,0,1
1531usa voter,1420,2,0,0,0,1,0,0,0,0,1,0,0,0,0,1
1531usa voter,1420,2,1,0,1,0,1,0,0,0,0,0,0,0,0,1
1531usa voter,1420,3,1,0,1,0,1,0,0,0,1,0,1,1,0,0
1531usa voter,1420,3,0,0,1,0,0,0,0,1,0,1,0,0,1,0
1532usa voter,1421,1,1,0,0,1,1,0,1,0,0,1,0,0,0,1
1532usa voter,1421,1,0,0,0,1,0,0,1,0,0,0,0,0,1,0
1532usa voter,1421,2,1,0,0,0,0,0,0,0,0,0,0,1,0,1
1532usa voter,1421,2,0,0,1,0,1,0,1,0,0,0,1,0,1,0
1532usa voter,1421,3,1,0,1,0,0,0,0,0,1,1,0,1,0,0
1532usa voter,1421,3,0,1,0,0,0,1,0,0,1,0,0,1,0,1
1533usa voter,1422,1,0,1,0,0,0,0,0,0,1,1,0,0,0,1
1533usa voter,1422,1,1,1,0,0,0,1,0,0,0,0,0,0,0,0
1533usa voter,1422,2,0,0,1,0,0,1,0,0,0,0,1,0,0,1
1533usa voter,1422,2,1,0,0,1,0,0,0,0,0,1,0,0,0,0
1533usa voter,1422,3,1,0,0,1,0,1,1,0,0,0,0,0,0,0
1533usa voter,1422,3,0,1,0,0,0,0,0,0,1,0,0,0,1,1
1534usa voter,1423,1,1,0,1,0,0,1,1,0,0,1,0,0,1,0
1534usa voter,1423,1,0,1,0,0,0,0,1,0,0,1,0,0,1,0
1534usa voter,1423,2,0,0,0,0,0,0,1,0,0,1,0,0,0,0
1534usa voter,1423,2,1,1,0,0,0,1,0,1,0,0,0,1,0,0
1534usa voter,1423,3,0,0,1,0,0,1,1,0,0,1,0,0,1,1
1534usa voter,1423,3,1,0,1,0,0,1,0,0,1,0,1,0,1,0
1535usa voter,1424,1,0,0,0,0,0,0,0,0,1,1,0,0,0,0
1535usa voter,1424,1,1,0,0,1,0,1,0,0,0,0,1,0,0,0
1535usa voter,1424,2,1,0,1,0,1,0,0,1,0,1,0,1,0,0
1535usa voter,1424,2,0,0,0,0,0,0,0,0,0,0,1,0,1,0
1535usa voter,1424,3,0,0,1,0,0,0,0,1,0,0,0,0,0,1
1535usa voter,1424,3,1,0,0,0,1,0,1,0,0,0,1,0,1,1
1536usa voter,1425,1,1,0,1,0,1,0,0,0,1,0,1,1,0,0
1536usa voter,1425,1,0,0,1,0,0,0,1,0,0,0,0,1,0,1
1536usa voter,1425,2,1,0,0,1,1,0,0,1,0,0,0,0,1,1
1536usa voter,1425,2,0,1,0,0,1,0,0,0,0,0,1,0,1,1
1536usa voter,1425,3,1,0,0,1,1,0,0,0,0,0,1,1,0,1
1536usa voter,1425,3,0,0,0,0,0,1,0,1,0,1,0,0,1,0
1537usa voter,1426,1,1,0,0,1,0,0,1,0,0,0,1,1,0,1
1537usa voter,1426,1,0,0,1,0,0,1,0,0,0,0,1,0,1,1
1537usa voter,1426,2,0,0,1,0,0,0,1,0,0,0,0,0,0,1
1537usa voter,1426,2,1,0,0,1,0,1,0,0,0,0,1,1,0,0
1537usa voter,1426,3,0,0,0,0,0,1,0,0,0,1,0,0,0,0
1537usa voter,1426,3,1,0,0,0,0,1,0,0,0,1,0,0,1,0
1538usa voter,1427,1,0,0,0,0,1,0,0,1,0,0,0,1,0,0
1538usa voter,1427,1,1,0,1,0,0,1,0,0,0,0,0,0,0,1
1538usa voter,1427,2,1,1,0,0,0,0,0,0,0,0,1,0,1,0
1538usa voter,1427,2,0,0,0,0,0,0,0,0,1,0,1,0,1,1
1538usa voter,1427,3,1,0,1,0,0,0,0,0,0,0,0,0,1,1
1538usa voter,1427,3,0,0,1,0,1,0,1,0,0,1,0,1,0,0
1539usa voter,1428,1,0,0,0,0,0,0,0,0,0,1,0,0,1,0
1539usa voter,1428,1,1,0,0,1,0,0,0,0,1,0,0,0,1,1
1539usa voter,1428,2,1,0,0,1,0,1,0,0,1,0,1,0,1,1
1539usa voter,1428,2,0,1,0,0,0,0,0,0,0,0,1,0,0,1
1539usa voter,1428,3,1,1,0,0,0,0,1,0,0,0,0,1,0,0
1539usa voter,1428,3,0,0,1,0,1,0,1,0,0,0,0,0,1,1
1540usa voter,1429,1,1,0,1,0,0,0,0,0,1,0,1,0,0,0
1540usa voter,1429,1,0,0,0,0,0,1,0,0,1,0,0,1,0,1
1540usa voter,1429,2,0,0,0,0,0,1,0,0,0,0,1,1,0,0
1540usa voter,1429,2,1,1,0,0,0,1,0,0,0,0,1,0,0,0
1540usa voter,1429,3,0,0,0,0,1,0,1,0,0,1,0,0,0,1
1540usa voter,1429,3,1,0,1,0,0,1,0,1,0,0,0,0,0,0
1541usa voter,1430,1,1,0,0,1,0,1,0,0,0,0,1,0,0,0
1541usa voter,1430,1,0,1,0,0,0,1,0,0,0,0,1,0,0,0
1541usa voter,1430,2,0,0,0,1,0,0,1,0,0,1,0,0,0,0
1541usa voter,1430,2,1,0,0,1,1,0,0,0,0,0,1,0,0,1
1541usa voter,1430,3,0,0,0,1,0,1,0,1,0,0,1,0,1,1
1541usa voter,1430,3,1,0,0,1,1,0,0,1,0,0,1,0,1,0
1542usa voter,1431,1,0,0,0,0,0,0,1,0,0,1,0,0,1,1
1542usa voter,1431,1,1,0,1,0,1,0,1,0,0,0,1,1,0,1
1542usa voter,1431,2,1,0,0,0,0,1,1,0,0,1,0,0,0,0
1542usa voter,1431,2,0,0,0,1,0,0,0,0,1,0,0,1,0,1
1542usa voter,1431,3,0,0,1,0,0,1,0,1,0,0,1,0,1,1
1542usa voter,1431,3,1,0,0,0,0,1,0,1,0,1,0,0,0,1
1543usa voter,1432,1,0,1,0,0,0,0,0,1,0,0,1,1,0,1
1543usa voter,1432,1,1,0,1,0,0,1,0,1,0,0,1,1,0,1
1543usa voter,1432,2,1,0,1,0,0,1,1,0,0,0,0,0,0,1
1543usa voter,1432,2,0,0,0,1,0,0,0,0,1,0,1,0,0,0
1543usa voter,1432,3,1,0,0,0,0,1,0,0,1,0,1,0,0,0
1543usa voter,1432,3,0,1,0,0,0,0,0,0,1,1,0,0,0,0
1544usa voter,1433,1,1,0,0,1,0,1,0,0,1,1,0,0,0,0
1544usa voter,1433,1,0,0,1,0,0,1,0,1,0,1,0,1,0,1
1544usa voter,1433,2,0,0,0,1,0,0,0,1,0,0,0,0,0,0
1544usa voter,1433,2,1,0,1,0,1,0,1,0,0,1,0,1,0,0
1544usa voter,1433,3,1,0,0,0,0,1,0,0,1,0,1,0,1,0
1544usa voter,1433,3,0,0,0,0,0,1,0,1,0,0,0,0,1,0
1545usa voter,1434,1,0,1,0,0,1,0,0,0,0,0,0,0,1,1
1545usa voter,1434,1,1,0,0,1,1,0,0,1,0,0,0,1,0,1
1545usa voter,1434,2,1,0,1,0,1,0,0,0,1,0,0,1,0,0
1545usa voter,1434,2,0,0,0,0,0,0,0,0,0,1,0,1,0,1
1545usa voter,1434,3,0,0,0,0,0,1,1,0,0,0,0,0,0,0
1545usa voter,1434,3,1,0,0,0,0,0,0,0,0,1,0,0,0,0
1547usa voter,1435,1,0,0,0,1,1,0,0,1,0,0,1,0,0,1
1547usa voter,1435,1,1,0,1,0,0,0,0,0,0,0,0,0,1,1
1547usa voter,1435,2,0,0,0,0,1,0,1,0,0,1,0,0,1,1
1547usa voter,1435,2,1,0,0,0,0,0,0,0,0,0,1,0,0,0
1547usa voter,1435,3,1,0,0,1,1,0,0,1,0,0,1,0,1,0
1547usa voter,1435,3,0,0,0,0,0,0,1,0,0,0,0,0,1,1
1548usa voter,1436,1,0,0,0,0,0,1,0,0,1,0,0,0,0,1
1548usa voter,1436,1,1,0,1,0,0,0,0,1,0,0,1,1,0,0
1548usa voter,1436,2,0,0,0,0,0,0,0,0,0,0,1,0,0,0
1548usa voter,1436,2,1,0,0,1,1,0,0,1,0,1,0,0,0,0
1548usa voter,1436,3,1,0,0,0,0,0,0,0,0,1,0,0,0,1
1548usa voter,1436,3,0,0,0,1,0,1,0,0,0,0,0,0,0,1
1549usa voter,1437,1,1,1,0,0,0,1,0,1,0,0,1,0,1,0
1549usa voter,1437,1,0,1,0,0,0,0,0,0,1,0,1,1,0,0
1549usa voter,1437,2,0,0,1,0,0,0,0,0,0,0,0,0,1,0
1549usa voter,1437,2,1,0,1,0,1,0,0,0,1,0,1,1,0,0
1549usa voter,1437,3,1,1,0,0,0,1,0,1,0,0,1,0,0,1
1549usa voter,1437,3,0,0,0,1,1,0,0,0,1,0,1,1,0,0
1550usa voter,1438,1,0,1,0,0,0,0,0,0,1,1,0,0,0,0
1550usa voter,1438,1,1,0,0,0,0,1,0,0,1,1,0,1,0,0
1550usa voter,1438,2,0,0,0,1,0,1,0,0,1,0,0,0,0,1
1550usa voter,1438,2,1,0,0,0,1,0,0,0,1,1,0,0,0,1
1550usa voter,1438,3,0,0,1,0,1,0,0,0,1,1,0,0,1,0
1550usa voter,1438,3,1,0,0,1,0,1,1,0,0,1,0,0,1,1
1551usa voter,1439,1,1,0,1,0,0,1,0,1,0,0,1,0,0,1
1551usa voter,1439,1,0,0,1,0,0,1,0,0,0,0,1,1,0,0
1551usa voter,1439,2,1,1,0,0,0,1,0,0,0,1,0,1,0,1
1551usa voter,1439,2,0,0,0,1,0,1,0,0,1,0,1,1,0,1
1551usa voter,1439,3,1,0,1,0,1,0,0,0,0,0,1,1,0,0
1551usa voter,1439,3,0,0,0,1,0,0,0,0,1,0,1,0,1,0
1552usa voter,1440,1,1,0,0,1,1,0,0,1,0,1,0,0,0,0
1552usa voter,1440,1,0,0,1,0,0,0,0,1,0,0,1,0,0,1
1552usa voter,1440,2,1,1,0,0,0,1,0,0,1,1,0,1,0,0
1552usa voter,1440,2,0,0,0,0,0,0,0,0,0,1,0,0,0,1
1552usa voter,1440,3,0,0,0,1,1,0,0,0,0,0,1,0,1,0
1552usa voter,1440,3,1,0,1,0,0,0,0,1,0,0,1,1,0,0
1553usa voter,1441,1,0,1,0,0,0,0,0,1,0,1,0,0,0,1
1553usa voter,1441,1,1,0,0,1,0,1,0,0,0,0,0,1,0,1
1553usa voter,1441,2,0,0,1,0,0,0,0,0,0,0,0,0,0,1
1553usa voter,1441,2,1,1,0,0,0,1,0,0,1,0,1,1,0,1
1553usa voter,1441,3,0,1,0,0,1,0,0,0,0,1,0,0,0,1
1553usa voter,1441,3,1,0,0,0,1,0,1,0,0,0,1,0,1,1
1554usa voter,1442,1,0,0,0,0,0,0,0,0,0,1,0,0,0,1
1554usa voter,1442,1,1,0,0,1,0,0,0,1,0,0,1,0,0,0
1554usa voter,1442,2,0,0,1,0,0,1,0,0,1,1,0,0,0,1
1554usa voter,1442,2,1,1,0,0,0,0,1,0,0,0,0,1,0,0
1554usa voter,1442,3,0,0,1,0,1,0,1,0,0,0,1,1,0,1
1554usa voter,1442,3,1,0,1,0,0,0,0,0,0,1,0,0,0,1
1556usa voter,1443,1,1,0,0,1,0,0,0,0,1,0,0,0,0,1
1556usa voter,1443,1,0,0,0,0,0,0,1,0,0,0,1,1,0,0
1556usa voter,1443,2,0,0,1,0,0,0,0,0,0,0,1,1,0,0
1556usa voter,1443,2,1,0,0,0,0,0,0,1,0,0,1,0,1,1
1556usa voter,1443,3,0,0,1,0,0,0,1,0,0,0,1,1,0,1
1556usa voter,1443,3,1,1,0,0,1,0,0,0,0,0,0,0,0,1
1557usa voter,1444,1,0,1,0,0,1,0,1,0,0,1,0,0,0,1
1557usa voter,1444,1,1,0,0,0,0,0,0,1,0,0,0,1,0,1
1557usa voter,1444,2,0,1,0,0,1,0,1,0,0,1,0,0,1,0
1557usa voter,1444,2,1,1,0,0,1,0,0,1,0,0,0,1,0,0
1557usa voter,1444,3,0,0,0,1,0,1,0,1,0,0,1,0,0,0
1557usa voter,1444,3,1,1,0,0,0,1,0,1,0,0,0,1,0,1
1558usa voter,1445,3,0,0,0,0,0,1,0,0,0,0,0,0,0,1
1558usa voter,1445,3,1,0,0,0,0,1,0,0,1,0,1,0,1,1
1559usa voter,1446,1,1,0,1,0,1,0,0,0,0,0,1,1,0,1
1559usa voter,1446,1,0,1,0,0,0,0,0,1,0,1,0,0,0,0
1559usa voter,1446,2,0,0,0,0,1,0,1,0,0,1,0,0,0,0
1559usa voter,1446,2,1,1,0,0,1,0,0,1,0,0,1,1,0,0
1559usa voter,1446,3,1,0,0,1,0,1,0,0,0,1,0,1,0,1
1559usa voter,1446,3,0,0,0,0,1,0,1,0,0,0,1,0,1,0
1560usa voter,1447,1,0,0,1,0,0,0,0,1,0,0,0,1,0,0
1560usa voter,1447,1,1,0,0,1,1,0,1,0,0,1,0,0,1,1
1560usa voter,1447,2,0,1,0,0,0,0,1,0,0,0,0,0,0,1
1560usa voter,1447,2,1,1,0,0,0,1,0,0,0,0,0,0,0,1
1560usa voter,1447,3,0,1,0,0,0,0,0,1,0,0,0,0,1,1
1560usa voter,1447,3,1,0,1,0,0,1,0,0,1,0,1,1,0,1
1561usa voter,1448,1,0,0,1,0,0,0,0,0,0,0,0,0,1,0
1561usa voter,1448,1,1,1,0,0,0,0,0,1,0,0,1,0,0,0
1561usa voter,1448,2,1,0,0,0,0,1,0,0,1,0,0,0,0,1
1561usa voter,1448,2,0,0,1,0,0,1,0,1,0,1,0,0,1,0
1561usa voter,1448,3,0,0,1,0,0,0,0,0,0,0,0,0,0,1
1561usa voter,1448,3,1,0,0,1,0,0,0,1,0,0,0,0,0,1
1562usa voter,1449,1,1,0,0,1,0,1,1,0,0,0,0,0,1,0
1562usa voter,1449,1,0,0,1,0,0,0,1,0,0,0,1,1,0,1
1562usa voter,1449,2,1,1,0,0,0,0,0,0,1,0,1,1,0,1
1562usa voter,1449,2,0,0,1,0,0,1,1,0,0,0,1,0,1,1
1562usa voter,1449,3,1,0,0,0,0,0,0,0,1,0,0,0,1,0
1562usa voter,1449,3,0,0,0,1,0,1,1,0,0,1,0,0,1,1
1563usa voter,1450,1,1,0,0,0,0,1,1,0,0,0,1,1,0,0
1563usa voter,1450,1,0,0,0,1,1,0,0,0,1,0,0,0,0,0
1563usa voter,1450,2,1,1,0,0,0,1,0,1,0,1,0,1,0,0
1563usa voter,1450,2,0,0,0,0,0,1,0,0,0,0,1,0,1,1
1563usa voter,1450,3,1,0,0,1,1,0,0,0,1,0,0,1,0,0
1563usa voter,1450,3,0,0,0,1,1,0,0,1,0,1,0,0,1,1
1564usa voter,1451,1,1,0,0,1,0,0,0,0,1,1,0,0,1,0
1564usa voter,1451,1,0,1,0,0,0,0,0,0,0,1,0,1,0,0
1564usa voter,1451,2,1,0,0,0,0,0,1,0,0,0,1,0,0,0
1564usa voter,1451,2,0,0,0,1,0,0,0,0,1,1,0,0,1,0
1564usa voter,1451,3,1,0,0,1,0,1,0,1,0,0,0,1,0,0
1564usa voter,1451,3,0,0,1,0,1,0,0,0,0,1,0,1,0,0
1565usa voter,1452,1,0,1,0,0,1,0,0,1,0,1,0,0,0,0
1565usa voter,1452,1,1,0,1,0,0,0,0,0,0,1,0,1,0,1
1565usa voter,1452,2,0,0,0,1,0,1,0,1,0,0,1,0,0,0
1565usa voter,1452,2,1,0,1,0,1,0,1,0,0,1,0,0,1,1
1565usa voter,1452,3,0,0,0,0,0,1,0,0,1,1,0,0,1,0
1565usa voter,1452,3,1,1,0,0,0,1,0,0,0,1,0,0,1,1
1566usa voter,1453,1,1,1,0,0,1,0,0,0,1,0,1,0,1,0
1566usa voter,1453,1,0,1,0,0,1,0,0,0,1,1,0,1,0,1
1566usa voter,1453,2,1,0,1,0,1,0,0,0,1,1,0,0,1,0
1566usa voter,1453,2,0,0,0,0,0,0,1,0,0,1,0,1,0,0
1566usa voter,1453,3,1,0,0,1,1,0,0,1,0,0,1,1,0,0
1566usa voter,1453,3,0,0,0,0,0,1,0,1,0,0,1,1,0,0
1567usa voter,1454,1,1,0,1,0,0,1,0,1,0,0,1,0,1,1
1567usa voter,1454,1,0,0,1,0,1,0,0,0,1,1,0,1,0,0
1567usa voter,1454,2,1,0,0,1,0,0,0,0,1,1,0,1,0,1
1567usa voter,1454,2,0,0,0,1,0,1,0,0,1,1,0,0,0,0
1567usa voter,1454,3,0,1,0,0,0,1,1,0,0,0,0,1,0,0
1567usa voter,1454,3,1,0,0,0,1,0,0,1,0,0,1,1,0,0
1568usa voter,1455,1,0,0,0,0,0,0,0,0,0,0,0,1,0,1
1568usa voter,1455,1,1,0,1,0,0,0,0,0,1,1,0,0,1,1
1568usa voter,1455,2,1,0,0,0,0,0,1,0,0,0,0,1,0,1
1568usa voter,1455,2,0,0,0,0,1,0,0,0,0,1,0,0,1,1
1568usa voter,1455,3,0,0,0,1,1,0,0,0,1,1,0,1,0,1
1568usa voter,1455,3,1,0,0,1,1,0,0,0,1,0,1,1,0,0
1569usa voter,1456,1,0,0,0,0,0,0,0,0,0,0,0,1,0,1
1569usa voter,1456,1,1,0,1,0,1,0,0,0,0,0,0,0,1,1
1569usa voter,1456,2,1,0,1,0,1,0,0,1,0,0,1,1,0,0
1569usa voter,1456,2,0,1,0,0,0,1,1,0,0,0,0,0,1,0
1569usa voter,1456,3,0,0,0,0,1,0,1,0,0,1,0,0,1,1
1569usa voter,1456,3,1,0,1,0,1,0,0,0,1,0,1,0,1,0
1570usa voter,1457,1,1,0,0,1,1,0,0,0,0,1,0,1,0,1
1570usa voter,1457,1,0,0,0,1,0,0,1,0,0,0,1,1,0,1
1570usa voter,1457,2,1,0,0,1,1,0,1,0,0,0,1,1,0,1
1570usa voter,1457,2,0,0,1,0,1,0,0,1,0,1,0,1,0,0
1570usa voter,1457,3,1,0,0,0,1,0,0,1,0,0,0,0,0,0
1570usa voter,1457,3,0,0,1,0,0,1,0,0,1,0,1,0,1,1
1571usa voter,1458,1,0,0,0,1,0,1,1,0,0,0,1,1,0,0
1571usa voter,1458,1,1,0,0,0,0,0,0,0,0,1,0,1,0,0
1571usa voter,1458,2,0,0,0,1,0,0,0,0,1,0,0,0,1,1
1571usa voter,1458,2,1,0,0,1,0,1,0,1,0,0,0,0,1,0
1571usa voter,1458,3,0,0,1,0,0,1,0,0,0,0,1,0,0,0
1571usa voter,1458,3,1,0,0,0,1,0,0,0,0,1,0,0,1,1
1573usa voter,1459,1,0,1,0,0,0,1,1,0,0,0,0,0,1,1
1573usa voter,1459,1,1,1,0,0,1,0,0,0,1,1,0,0,0,0
1573usa voter,1459,2,1,0,1,0,0,1,0,1,0,0,1,1,0,0
1573usa voter,1459,2,0,0,1,0,0,1,0,1,0,0,0,0,1,0
1573usa voter,1459,3,1,0,0,1,1,0,0,1,0,1,0,0,0,1
1573usa voter,1459,3,0,0,0,1,0,0,0,0,1,1,0,1,0,0
1574usa voter,1460,1,0,1,0,0,0,1,0,0,0,0,1,0,0,0
1574usa voter,1460,1,1,0,0,0,1,0,0,0,1,0,0,0,1,1
1574usa voter,1460,2,0,0,0,0,0,0,0,0,1,0,1,0,0,0
1574usa voter,1460,2,1,1,0,0,0,0,0,1,0,0,1,1,0,1
1574usa voter,1460,3,0,0,1,0,0,0,1,0,0,0,1,1,0,1
1574usa voter,1460,3,1,1,0,0,0,0,0,0,1,0,1,0,1,0
1575usa voter,1461,1,1,0,0,1,1,0,0,1,0,0,0,1,0,1
1575usa voter,1461,1,0,0,0,0,0,1,0,0,0,1,0,1,0,1
1575usa voter,1461,2,0,0,0,0,0,0,0,1,0,1,0,1,0,1
1575usa voter,1461,2,1,0,1,0,1,0,0,0,1,0,1,0,1,0
1575usa voter,1461,3,0,0,0,0,0,1,1,0,0,0,1,0,0,1
1575usa voter,1461,3,1,0,1,0,0,0,0,0,1,1,0,0,0,1
1576usa voter,1462,1,0,0,1,0,1,0,0,0,1,0,1,0,1,0
1576usa voter,1462,1,1,0,1,0,0,0,1,0,0,0,1,1,0,0
1576usa voter,1462,2,0,1,0,0,0,0,0,1,0,0,1,1,0,1
1576usa voter,1462,2,1,1,0,0,0,1,1,0,0,0,0,1,0,1
1576usa voter,1462,3,0,0,0,1,0,0,0,0,0,0,1,0,0,0
1576usa voter,1462,3,1,0,1,0,0,0,0,0,1,1,0,0,0,0
1577usa voter,1463,1,1,0,0,0,1,0,1,0,0,0,1,1,0,0
1577usa voter,1463,1,0,1,0,0,1,0,1,0,0,1,0,0,1,1
1577usa voter,1463,2,1,1,0,0,0,0,0,0,1,0,0,1,0,0
1577usa voter,1463,2,0,0,0,0,1,0,0,0,1,1,0,0,0,0
1577usa voter,1463,3,1,1,0,0,1,0,0,1,0,1,0,0,1,1
1577usa voter,1463,3,0,0,1,0,0,0,1,0,0,1,0,0,0,0
1579usa voter,1464,1,1,1,0,0,0,1,0,0,0,0,0,0,0,0
1579usa voter,1464,1,0,0,0,1,0,1,0,0,1,0,1,0,0,0
1579usa voter,1464,2,0,0,0,0,1,0,1,0,0,0,0,0,1,1
1579usa voter,1464,2,1,1,0,0,1,0,0,0,0,0,1,0,1,1
1579usa voter,1464,3,0,1,0,0,0,0,0,1,0,1,0,0,0,0
1579usa voter,1464,3,1,1,0,0,0,1,0,0,0,0,1,1,0,1
1580usa voter,1465,1,1,0,0,0,0,0,0,0,1,0,1,0,1,1
1580usa voter,1465,1,0,0,0,0,1,0,0,0,0,0,0,1,0,1
1580usa voter,1465,2,1,0,1,0,1,0,0,1,0,0,0,0,1,0
1580usa voter,1465,2,0,0,0,1,1,0,0,1,0,0,0,0,1,1
1580usa voter,1465,3,1,0,1,0,0,0,0,1,0,0,1,0,1,1
1580usa voter,1465,3,0,0,0,1,0,1,0,0,0,0,1,1,0,0
1582usa voter,1466,1,1,0,0,0,1,0,0,0,1,0,0,0,1,1
1582usa voter,1466,1,0,0,1,0,1,0,0,0,1,0,0,0,1,0
1582usa voter,1466,2,0,0,0,1,0,1,1,0,0,1,0,0,0,0
1582usa voter,1466,2,1,1,0,0,0,0,0,0,0,1,0,0,0,0
1582usa voter,1466,3,1,0,1,0,0,1,0,0,0,0,0,1,0,0
1582usa voter,1466,3,0,0,0,1,0,1,1,0,0,1,0,0,1,0
1583usa voter,1467,1,1,1,0,0,0,1,0,0,0,1,0,1,0,0
1583usa voter,1467,1,0,0,1,0,0,0,1,0,0,0,1,1,0,1
1583usa voter,1467,2,1,0,0,0,0,0,0,0,0,1,0,1,0,0
1583usa voter,1467,2,0,0,0,0,0,1,0,0,0,0,0,0,0,1
1583usa voter,1467,3,0,0,1,0,0,0,1,0,0,0,0,1,0,0
1583usa voter,1467,3,1,0,0,1,0,0,0,0,1,0,0,1,0,1
1584usa voter,1468,1,1,0,1,0,1,0,0,1,0,1,0,1,0,0
1584usa voter,1468,1,0,0,1,0,0,1,0,1,0,0,0,0,0,0
1584usa voter,1468,2,0,0,0,1,1,0,0,0,1,0,0,1,0,1
1584usa voter,1468,2,1,1,0,0,1,0,0,1,0,0,1,0,1,0
1584usa voter,1468,3,0,0,0,1,1,0,0,0,1,0,1,0,0,1
1584usa voter,1468,3,1,1,0,0,0,0,0,0,0,0,1,0,0,1
1586usa voter,1469,1,1,0,0,1,1,0,0,0,0,0,0,1,0,0
1586usa voter,1469,1,0,0,0,0,0,0,1,0,0,0,0,0,1,0
1586usa voter,1469,2,1,0,1,0,1,0,0,1,0,0,1,0,0,0
1586usa voter,1469,2,0,0,0,1,0,1,1,0,0,0,1,0,0,1
1586usa voter,1469,3,0,0,0,1,1,0,0,1,0,0,0,0,1,0
1586usa voter,1469,3,1,0,1,0,0,1,0,0,1,1,0,1,0,0
1587usa voter,1470,1,0,0,0,0,0,0,1,0,0,0,1,0,0,0
1587usa voter,1470,1,1,1,0,0,1,0,0,0,0,0,1,0,1,0
1587usa voter,1470,2,0,0,1,0,0,0,1,0,0,0,0,0,0,0
1587usa voter,1470,2,1,1,0,0,0,0,0,1,0,1,0,1,0,0
1587usa voter,1470,3,0,0,0,0,1,0,0,1,0,0,1,1,0,1
1587usa voter,1470,3,1,1,0,0,0,1,1,0,0,1,0,0,1,1
1588usa voter,1471,1,0,1,0,0,0,1,0,0,1,0,0,0,1,1
1588usa voter,1471,1,1,0,0,1,1,0,1,0,0,0,0,0,1,0
1588usa voter,1471,2,1,0,0,1,0,1,0,1,0,1,0,1,0,1
1588usa voter,1471,2,0,0,0,1,0,1,0,1,0,1,0,0,0,0
1588usa voter,1471,3,1,0,0,0,1,0,0,1,0,1,0,0,0,0
1588usa voter,1471,3,0,0,0,0,1,0,0,0,0,0,0,0,1,1
1589usa voter,1472,1,0,1,0,0,0,1,0,0,1,0,0,1,0,0
1589usa voter,1472,1,1,1,0,0,0,0,0,0,1,0,0,0,0,1
1589usa voter,1472,2,0,0,0,1,1,0,0,0,0,1,0,0,1,1
1589usa voter,1472,2,1,0,1,0,1,0,0,0,0,0,1,0,0,0
1589usa voter,1472,3,1,1,0,0,1,0,1,0,0,0,0,0,0,0
1589usa voter,1472,3,0,0,0,0,1,0,0,0,0,0,1,1,0,1
1590usa voter,1473,1,0,1,0,0,0,0,1,0,0,0,0,0,0,1
1590usa voter,1473,1,1,0,0,0,1,0,0,1,0,1,0,1,0,1
1590usa voter,1473,2,0,0,1,0,0,1,0,1,0,0,1,0,1,0
1590usa voter,1473,2,1,1,0,0,0,0,0,1,0,1,0,0,1,0
1590usa voter,1473,3,0,0,0,0,0,0,0,1,0,1,0,1,0,0
1590usa voter,1473,3,1,0,0,1,1,0,1,0,0,1,0,0,1,0
1591usa voter,1474,1,1,0,0,0,1,0,0,1,0,0,0,0,1,1
1591usa voter,1474,1,0,0,0,0,0,1,0,0,1,0,1,0,0,1
1591usa voter,1474,2,0,0,0,0,0,1,0,0,0,0,1,1,0,0
1591usa voter,1474,2,1,1,0,0,0,0,1,0,0,0,1,1,0,1
1591usa voter,1474,3,0,0,0,0,0,0,0,1,0,0,1,0,1,1
1591usa voter,1474,3,1,0,0,0,0,0,1,0,0,1,0,0,0,1
1592usa voter,1475,1,0,1,0,0,1,0,0,0,1,0,0,0,1,1
1592usa voter,1475,1,1,0,1,0,0,1,0,0,1,0,1,0,1,0
1592usa voter,1475,2,0,1,0,0,0,1,0,1,0,0,1,0,0,1
1592usa voter,1475,2,1,0,0,1,1,0,1,0,0,0,1,1,0,1
1592usa voter,1475,3,0,0,0,0,0,1,0,0,0,0,0,1,0,0
1592usa voter,1475,3,1,1,0,0,1,0,1,0,0,0,1,0,0,0
1593usa voter,1476,1,1,0,0,1,1,0,0,0,1,0,0,0,0,1
1593usa voter,1476,1,0,0,0,0,0,1,0,0,1,0,1,0,1,1
1593usa voter,1476,2,1,0,0,0,1,0,1,0,0,0,0,0,1,0
1593usa voter,1476,2,0,0,1,0,0,0,0,0,0,0,0,0,1,1
1593usa voter,1476,3,0,1,0,0,0,0,0,1,0,0,1,0,0,1
1593usa voter,1476,3,1,0,0,1,0,0,0,0,1,0,0,1,0,0
1594usa voter,1477,1,1,0,0,1,0,0,0,0,1,1,0,0,0,0
1594usa voter,1477,1,0,0,0,0,0,0,0,1,0,0,1,1,0,1
1594usa voter,1477,2,1,1,0,0,0,1,0,1,0,0,1,0,0,1
1594usa voter,1477,2,0,0,1,0,1,0,0,0,1,1,0,0,1,1
1594usa voter,1477,3,1,1,0,0,0,1,0,0,0,1,0,1,0,0
1594usa voter,1477,3,0,0,0,0,1,0,1,0,0,0,0,0,1,1
1595usa voter,1478,1,1,1,0,0,0,1,1,0,0,0,1,1,0,1
1595usa voter,1478,1,0,0,0,1,0,1,1,0,0,0,1,1,0,1
1595usa voter,1478,2,1,1,0,0,1,0,0,1,0,0,0,1,0,0
1595usa voter,1478,2,0,1,0,0,0,1,1,0,0,0,1,0,0,1
1595usa voter,1478,3,0,0,0,0,1,0,0,1,0,0,0,0,0,1
1595usa voter,1478,3,1,0,1,0,1,0,1,0,0,0,1,0,1,0
1596usa voter,1479,1,1,0,0,0,1,0,1,0,0,0,1,1,0,1
1596usa voter,1479,1,0,1,0,0,1,0,0,1,0,0,1,0,1,0
1596usa voter,1479,2,0,0,0,1,1,0,0,0,1,0,0,0,0,1
1596usa voter,1479,2,1,1,0,0,1,0,0,0,0,1,0,1,0,1
1596usa voter,1479,3,0,0,1,0,1,0,0,1,0,0,0,1,0,1
1596usa voter,1479,3,1,0,0,0,0,1,0,1,0,0,0,0,1,1
1597usa voter,1480,1,0,0,0,0,0,0,0,1,0,1,0,0,1,1
1597usa voter,1480,1,1,0,1,0,0,0,0,1,0,1,0,1,0,1
1597usa voter,1480,3,0,0,1,0,0,0,0,0,0,1,0,1,0,1
1597usa voter,1480,3,1,0,0,0,0,1,0,0,0,1,0,0,1,1
1598usa voter,1481,1,0,0,1,0,1,0,0,1,0,0,0,1,0,1
1598usa voter,1481,1,1,0,0,0,1,0,0,0,1,0,0,0,0,1
1598usa voter,1481,2,1,0,0,1,1,0,0,1,0,1,0,0,1,1
1598usa voter,1481,2,0,0,0,0,1,0,0,0,1,0,1,0,1,0
1598usa voter,1481,3,0,0,1,0,1,0,0,1,0,0,1,0,1,0
1598usa voter,1481,3,1,0,1,0,0,0,0,1,0,0,1,1,0,0
1599usa voter,1482,1,0,0,0,1,0,1,0,0,1,0,0,0,0,1
1599usa voter,1482,1,1,0,1,0,0,1,0,0,0,0,1,0,1,0
1599usa voter,1482,2,1,1,0,0,0,0,0,1,0,0,1,0,1,0
1599usa voter,1482,2,0,1,0,0,0,1,0,0,0,0,1,0,1,1
1599usa voter,1482,3,0,0,1,0,0,1,1,0,0,0,0,0,1,1
1599usa voter,1482,3,1,0,1,0,0,1,0,1,0,1,0,0,1,1
1600usa voter,1483,1,0,0,1,0,0,0,0,1,0,0,1,1,0,1
1600usa voter,1483,1,1,0,1,0,0,1,0,0,1,1,0,0,1,1
1600usa voter,1483,2,0,1,0,0,1,0,0,0,1,1,0,0,0,0
1600usa voter,1483,2,1,1,0,0,1,0,0,0,0,0,0,0,0,1
1600usa voter,1483,3,0,0,1,0,0,1,0,0,0,0,1,0,0,0
1600usa voter,1483,3,1,0,0,1,0,1,0,1,0,1,0,0,0,1
1601usa voter,1484,1,1,1,0,0,1,0,1,0,0,0,0,1,0,1
1601usa voter,1484,1,0,0,1,0,1,0,0,0,1,0,0,1,0,0
1601usa voter,1484,2,1,0,1,0,0,1,0,0,1,0,1,1,0,0
1601usa voter,1484,2,0,0,0,0,0,1,0,0,1,0,0,0,0,1
1601usa voter,1484,3,0,0,0,1,0,0,0,1,0,1,0,0,1,0
1601usa voter,1484,3,1,0,0,1,1,0,1,0,0,0,0,0,0,1
1602usa voter,1485,1,0,0,1,0,0,1,1,0,0,1,0,0,0,1
1602usa voter,1485,1,1,1,0,0,0,1,0,1,0,0,1,0,1,1
1602usa voter,1485,2,0,1,0,0,1,0,0,0,1,0,1,1,0,0
1602usa voter,1485,2,1,1,0,0,0,1,0,0,0,1,0,0,1,1
1602usa voter,1485,3,1,1,0,0,0,1,0,1,0,1,0,0,1,1
1602usa voter,1485,3,0,0,0,1,0,1,0,0,1,0,0,0,1,0
1603usa voter,1486,1,1,0,0,1,1,0,0,1,0,0,1,0,1,1
1603usa voter,1486,1,0,0,0,0,0,0,1,0,0,0,1,1,0,0
1603usa voter,1486,2,0,1,0,0,0,1,0,1,0,1,0,0,1,0
1603usa voter,1486,2,1,0,0,1,0,0,0,0,0,0,1,0,0,0
1603usa voter,1486,3,0,1,0,0,1,0,0,1,0,0,0,0,0,1
1603usa voter,1486,3,1,0,0,0,0,1,0,0,0,0,0,0,1,1
1604usa voter,1487,1,0,0,0,0,0,1,0,0,0,0,0,0,0,1
1604usa voter,1487,1,1,0,0,0,0,0,0,1,0,0,1,0,1,1
1604usa voter,1487,2,1,0,1,0,0,1,0,1,0,0,0,0,1,0
1604usa voter,1487,2,0,0,1,0,0,0,0,0,0,0,1,1,0,0
1604usa voter,1487,3,1,0,0,1,1,0,0,0,0,0,1,0,1,0
1604usa voter,1487,3,0,1,0,0,0,0,0,0,0,1,0,0,1,1
1605usa voter,1488,1,0,0,0,1,1,0,0,0,1,0,0,0,0,1
1605usa voter,1488,1,1,0,1,0,0,0,0,1,0,0,0,1,0,1
1605usa voter,1488,2,0,0,1,0,1,0,1,0,0,1,0,1,0,0
1605usa voter,1488,2,1,0,0,1,0,0,0,0,0,0,1,0,1,0
1605usa voter,1488,3,1,1,0,0,1,0,1,0,0,0,0,0,0,1
1605usa voter,1488,3,0,0,1,0,1,0,1,0,0,0,1,1,0,0
1606usa voter,1489,1,1,0,0,0,0,0,0,0,0,0,1,0,1,1
1606usa voter,1489,1,0,0,1,0,1,0,1,0,0,1,0,1,0,0
1606usa voter,1489,2,0,0,0,0,1,0,1,0,0,0,1,0,1,0
1606usa voter,1489,2,1,0,1,0,0,1,0,1,0,1,0,1,0,1
1606usa voter,1489,3,1,0,0,0,1,0,0,1,0,1,0,1,0,1
1606usa voter,1489,3,0,0,0,0,0,1,0,0,0,1,0,0,0,0
1607usa voter,1490,1,0,0,0,0,1,0,0,0,0,0,1,0,1,0
1607usa voter,1490,1,1,0,1,0,0,0,0,0,1,0,0,0,1,1
1607usa voter,1490,2,0,1,0,0,0,1,0,1,0,1,0,0,1,1
1607usa voter,1490,2,1,0,0,1,0,1,0,0,1,0,1,0,1,1
1607usa voter,1490,3,1,0,0,0,0,1,1,0,0,0,1,1,0,1
1607usa voter,1490,3,0,0,1,0,0,1,0,0,0,1,0,1,0,0
1608usa voter,1491,1,1,0,0,1,1,0,0,0,0,0,0,0,1,1
1608usa voter,1491,1,0,0,0,1,0,1,0,0,1,0,1,0,1,1
1608usa voter,1491,2,0,0,1,0,1,0,1,0,0,0,0,0,0,0
1608usa voter,1491,2,1,0,0,0,0,0,1,0,0,0,0,0,1,0
1608usa voter,1491,3,1,0,0,0,0,0,0,0,0,1,0,0,1,0
1608usa voter,1491,3,0,0,1,0,1,0,0,0,0,0,1,0,1,1
1609usa voter,1492,1,0,0,0,1,0,1,0,0,0,1,0,0,1,1
1609usa voter,1492,1,1,0,1,0,0,0,0,0,0,0,1,1,0,1
1609usa voter,1492,2,1,0,1,0,1,0,0,0,0,0,0,0,1,1
1609usa voter,1492,2,0,0,0,1,1,0,0,0,0,1,0,0,1,1
1609usa voter,1492,3,0,1,0,0,0,1,0,0,0,0,0,0,0,0
1609usa voter,1492,3,1,0,0,1,0,1,1,0,0,0,1,0,1,0
1610usa voter,1493,1,1,0,0,1,0,0,0,0,1,0,1,0,0,1
1610usa voter,1493,1,0,0,1,0,1,0,0,1,0,1,0,1,0,0
1610usa voter,1493,2,0,0,1,0,1,0,0,0,1,0,1,0,1,0
1610usa voter,1493,2,1,0,0,0,1,0,0,1,0,1,0,0,0,0
1610usa voter,1493,3,0,1,0,0,0,0,1,0,0,1,0,0,0,0
1610usa voter,1493,3,1,0,1,0,1,0,0,0,0,0,1,0,0,0
1611usa voter,1494,1,1,0,0,0,0,1,0,0,0,0,1,0,1,1
1611usa voter,1494,1,0,0,1,0,0,0,0,1,0,1,0,0,0,0
1611usa voter,1494,2,0,0,0,1,0,1,0,0,1,0,0,1,0,1
1611usa voter,1494,2,1,0,0,0,0,1,1,0,0,1,0,1,0,0
1611usa voter,1494,3,0,1,0,0,0,1,0,0,1,1,0,0,0,1
1611usa voter,1494,3,1,0,1,0,1,0,1,0,0,1,0,1,0,1
1612usa voter,1495,1,1,0,1,0,1,0,0,1,0,0,0,0,1,0
1612usa voter,1495,1,0,0,1,0,0,1,0,1,0,0,0,1,0,0
1612usa voter,1495,2,1,0,0,1,0,1,1,0,0,0,0,1,0,1
1612usa voter,1495,2,0,1,0,0,0,0,0,0,0,0,1,1,0,0
1613usa voter,1496,1,0,1,0,0,0,0,0,1,0,0,0,1,0,0
1613usa voter,1496,1,1,0,0,0,0,1,0,0,0,0,0,0,1,1
1613usa voter,1496,2,1,1,0,0,0,1,0,1,0,0,0,0,0,0
1613usa voter,1496,2,0,0,0,0,0,0,1,0,0,0,0,0,0,0
1613usa voter,1496,3,0,1,0,0,1,0,0,0,0,0,0,1,0,1
1613usa voter,1496,3,1,1,0,0,1,0,0,0,1,0,1,1,0,1
1615usa voter,1497,1,0,0,0,1,0,1,0,0,0,0,1,0,1,1
1615usa voter,1497,1,1,1,0,0,0,0,0,0,0,0,0,0,0,1
1615usa voter,1497,2,1,1,0,0,1,0,0,0,1,0,0,1,0,0
1615usa voter,1497,2,0,0,0,0,0,1,1,0,0,1,0,1,0,0
1615usa voter,1497,3,0,0,0,1,0,0,0,0,1,1,0,1,0,0
1615usa voter,1497,3,1,0,0,1,1,0,1,0,0,1,0,0,0,0
1616usa voter,1498,1,0,0,0,1,0,0,0,1,0,0,1,1,0,0
1616usa voter,1498,1,1,0,1,0,1,0,0,1,0,1,0,0,0,1
1616usa voter,1498,2,1,0,0,1,0,0,0,0,1,0,1,1,0,0
1616usa voter,1498,2,0,0,1,0,0,0,0,1,0,0,1,1,0,1
1616usa voter,1498,3,1,0,0,1,0,1,1,0,0,0,0,1,0,1
1616usa voter,1498,3,0,0,1,0,0,0,0,0,0,0,0,0,0,1
1617usa voter,1499,1,1,0,1,0,1,0,0,0,0,0,0,1,0,1
1617usa voter,1499,1,0,0,1,0,0,1,1,0,0,1,0,0,1,0
1617usa voter,1499,2,1,1,0,0,0,1,1,0,0,0,1,1,0,0
1617usa voter,1499,2,0,0,0,0,1,0,0,0,1,1,0,0,1,1
1617usa voter,1499,3,1,1,0,0,1,0,0,0,1,0,1,1,0,0
1617usa voter,1499,3,0,0,0,1,0,0,0,0,0,0,0,1,0,0
1618usa voter,1500,1,1,1,0,0,0,0,0,0,0,1,0,1,0,0
1618usa voter,1500,1,0,1,0,0,0,0,0,0,1,0,0,0,1,0
1618usa voter,1500,2,0,0,0,0,0,1,0,0,0,0,0,0,0,1
1618usa voter,1500,2,1,0,0,1,1,0,0,0,1,0,0,1,0,1
1618usa voter,1500,3,1,1,0,0,0,0,0,0,0,0,1,0,1,1
1618usa voter,1500,3,0,0,0,1,0,1,1,0,0,0,0,0,1,0
1619usa voter,1501,1,1,0,0,0,1,0,0,0,1,1,0,0,1,1
1619usa voter,1501,1,0,1,0,0,0,1,0,1,0,0,0,0,0,0
1619usa voter,1501,2,1,0,0,0,0,0,0,0,1,0,1,0,1,0
1619usa voter,1501,2,0,0,0,0,0,0,0,0,1,0,1,0,0,0
1619usa voter,1501,3,1,0,0,0,0,1,1,0,0,0,0,1,0,1
1619usa voter,1501,3,0,0,0,0,1,0,0,0,0,1,0,1,0,1
1620usa voter,1502,1,1,1,0,0,1,0,0,1,0,0,1,0,1,0
1620usa voter,1502,1,0,0,1,0,1,0,0,0,1,0,0,0,0,1
1620usa voter,1502,2,0,1,0,0,0,0,0,1,0,1,0,0,1,0
1620usa voter,1502,2,1,0,1,0,0,1,0,0,0,1,0,1,0,1
1620usa voter,1502,3,0,0,0,0,0,1,1,0,0,0,1,0,0,0
1620usa voter,1502,3,1,0,1,0,0,1,0,0,1,0,1,0,1,0
1621usa voter,1503,1,1,0,1,0,1,0,0,0,0,0,1,0,0,1
1621usa voter,1503,1,0,0,0,0,0,0,1,0,0,1,0,0,0,0
1621usa voter,1503,2,1,0,0,0,0,0,0,0,0,0,0,1,0,0
1621usa voter,1503,2,0,0,0,0,1,0,0,0,0,0,1,0,1,1
1621usa voter,1503,3,1,1,0,0,0,0,1,0,0,0,0,0,0,1
1621usa voter,1503,3,0,0,0,0,1,0,0,0,0,0,0,0,1,1
1622usa voter,1504,1,0,0,1,0,0,0,0,1,0,0,0,1,0,0
1622usa voter,1504,1,1,0,0,0,0,0,0,0,0,0,1,1,0,1
1622usa voter,1504,2,1,1,0,0,1,0,0,1,0,0,0,0,1,0
1622usa voter,1504,2,0,1,0,0,1,0,1,0,0,1,0,0,1,0
1622usa voter,1504,3,1,0,1,0,1,0,0,1,0,0,1,1,0,0
1622usa voter,1504,3,0,0,1,0,0,1,0,0,0,1,0,0,1,1
1623usa voter,1505,1,1,0,0,0,1,0,0,0,1,0,1,0,0,1
1623usa voter,1505,1,0,1,0,0,1,0,0,0,1,1,0,0,1,0
1623usa voter,1505,2,0,0,1,0,0,0,0,0,1,0,1,0,0,0
1623usa voter,1505,2,1,0,1,0,1,0,0,0,1,0,0,0,0,1
1623usa voter,1505,3,0,0,1,0,0,1,0,0,0,0,0,1,0,1
1623usa voter,1505,3,1,0,0,1,0,1,1,0,0,1,0,1,0,0
1624usa voter,1506,1,1,0,0,1,0,0,0,1,0,0,0,0,0,1
1624usa voter,1506,1,0,0,0,0,0,1,1,0,0,0,0,1,0,0
1624usa voter,1506,2,0,0,0,1,0,1,0,0,0,0,1,0,0,0
1624usa voter,1506,2,1,0,0,0,0,1,0,0,0,1,0,0,1,0
1624usa voter,1506,3,0,0,1,0,0,1,0,1,0,0,1,0,1,1
1624usa voter,1506,3,1,0,0,1,1,0,0,0,0,0,1,0,1,0
1625usa voter,1507,1,1,0,0,1,0,1,0,1,0,0,1,0,0,1
1625usa voter,1507,1,0,1,0,0,0,1,1,0,0,0,0,0,1,1
1625usa voter,1507,2,1,1,0,0,0,1,0,1,0,0,1,0,0,1
1625usa voter,1507,2,0,0,1,0,0,1,0,0,1,1,0,1,0,1
1625usa voter,1507,3,1,0,1,0,1,0,1,0,0,0,1,0,0,0
1625usa voter,1507,3,0,1,0,0,1,0,0,1,0,1,0,0,0,0
1626usa voter,1508,1,1,0,1,0,1,0,0,0,1,1,0,0,1,1
1626usa voter,1508,1,0,1,0,0,0,0,0,0,1,0,0,1,0,1
1626usa voter,1508,2,0,0,1,0,0,1,1,0,0,0,0,0,1,1
1626usa voter,1508,2,1,0,0,1,1,0,0,1,0,0,0,1,0,1
1626usa voter,1508,3,1,0,1,0,0,0,0,0,1,0,0,0,0,0
1626usa voter,1508,3,0,0,0,0,0,0,1,0,0,0,1,0,1,0
1627usa voter,1509,1,1,0,1,0,1,0,0,0,0,0,1,1,0,1
1627usa voter,1509,1,0,1,0,0,0,0,0,0,1,0,1,0,1,0
1627usa voter,1509,2,0,0,0,0,0,1,0,0,0,0,0,1,0,0
1627usa voter,1509,2,1,1,0,0,0,1,1,0,0,1,0,1,0,0
1627usa voter,1509,3,0,1,0,0,1,0,1,0,0,0,0,1,0,0
1627usa voter,1509,3,1,0,1,0,0,1,0,0,0,0,0,0,1,0
1628usa voter,1510,3,1,0,0,0,1,0,0,1,0,0,1,1,0,1
1628usa voter,1510,3,0,0,0,0,0,0,0,0,1,1,0,1,0,1
1629usa voter,1511,1,1,0,0,0,1,0,0,0,0,0,0,0,0,0
1629usa voter,1511,1,0,0,0,1,1,0,0,0,1,0,1,0,1,1
1629usa voter,1511,2,0,0,0,0,1,0,0,1,0,0,1,0,1,1
1629usa voter,1511,2,1,0,1,0,0,1,0,0,0,0,1,1,0,1
1629usa voter,1511,3,0,1,0,0,1,0,0,0,1,1,0,0,1,1
1629usa voter,1511,3,1,1,0,0,0,1,0,1,0,1,0,0,1,1
1630usa voter,1512,1,1,1,0,0,0,0,1,0,0,0,1,1,0,0
1630usa voter,1512,1,0,0,0,1,0,1,1,0,0,1,0,0,0,1
1630usa voter,1512,2,1,0,0,1,0,1,0,0,0,0,0,0,0,0
1630usa voter,1512,2,0,1,0,0,0,0,0,0,1,1,0,0,0,1
1630usa voter,1512,3,1,0,0,1,0,1,1,0,0,0,0,0,1,1
1630usa voter,1512,3,0,0,0,0,0,0,1,0,0,1,0,0,0,1
1631usa voter,1513,1,1,0,0,0,0,1,1,0,0,0,1,1,0,0
1631usa voter,1513,1,0,0,0,0,1,0,1,0,0,0,0,1,0,0
1631usa voter,1513,2,0,1,0,0,1,0,0,0,0,0,0,0,0,0
1631usa voter,1513,2,1,0,1,0,1,0,0,0,1,1,0,1,0,1
1631usa voter,1513,3,0,0,1,0,0,1,0,0,0,1,0,0,1,0
1631usa voter,1513,3,1,0,0,0,0,1,0,0,0,0,1,1,0,1
1632usa voter,1514,1,1,0,0,1,1,0,0,1,0,0,0,0,1,1
1632usa voter,1514,1,0,1,0,0,0,1,0,1,0,0,0,0,0,0
1632usa voter,1514,2,0,0,0,0,1,0,0,1,0,1,0,1,0,1
1632usa voter,1514,2,1,0,0,1,0,0,0,0,1,1,0,1,0,1
1632usa voter,1514,3,1,1,0,0,1,0,0,0,1,1,0,0,0,1
1632usa voter,1514,3,0,0,0,1,0,1,1,0,0,1,0,1,0,0
1633usa voter,1515,1,0,0,1,0,0,1,0,1,0,1,0,1,0,1
1633usa voter,1515,1,1,0,0,1,0,0,0,1,0,1,0,0,1,1
1633usa voter,1515,2,0,0,0,1,1,0,0,0,0,0,0,0,1,0
1633usa voter,1515,2,1,0,0,1,0,1,0,0,1,1,0,1,0,0
1633usa voter,1515,3,0,1,0,0,1,0,0,0,1,0,1,0,0,1
1633usa voter,1515,3,1,0,0,0,0,0,0,1,0,0,1,0,0,1
1634usa voter,1516,1,0,0,0,1,0,0,0,1,0,0,1,0,1,1
1634usa voter,1516,1,1,0,0,1,0,0,0,0,1,0,1,0,0,1
1634usa voter,1516,2,1,0,0,1,0,1,1,0,0,0,1,1,0,0
1634usa voter,1516,2,0,0,0,0,0,0,0,0,0,0,0,1,0,1
1634usa voter,1516,3,0,0,1,0,0,0,1,0,0,1,0,0,0,0
1634usa voter,1516,3,1,0,0,0,1,0,0,0,1,0,1,0,0,0
1635usa voter,1517,1,1,1,0,0,0,1,0,0,1,0,1,0,0,1
1635usa voter,1517,1,0,0,0,1,0,1,0,0,1,0,0,0,1,0
1635usa voter,1517,2,0,1,0,0,0,0,1,0,0,0,0,0,0,1
1635usa voter,1517,2,1,0,0,1,0,0,0,1,0,0,1,1,0,0
1635usa voter,1517,3,1,0,0,1,0,1,0,0,1,0,1,0,0,0
1635usa voter,1517,3,0,1,0,0,0,0,1,0,0,0,0,1,0,0
1636usa voter,1518,1,1,0,0,1,0,1,0,0,0,0,1,0,1,1
1636usa voter,1518,1,0,1,0,0,0,1,1,0,0,1,0,0,0,0
1636usa voter,1518,2,0,1,0,0,1,0,0,1,0,1,0,1,0,0
1636usa voter,1518,2,1,0,1,0,1,0,0,0,1,0,1,0,0,0
1636usa voter,1518,3,1,1,0,0,1,0,0,1,0,0,0,0,1,0
1636usa voter,1518,3,0,0,0,0,1,0,0,1,0,0,1,0,0,0
1637usa voter,1519,1,0,0,1,0,0,0,0,0,0,0,0,0,0,1
1637usa voter,1519,1,1,0,0,1,1,0,0,0,0,0,0,0,1,0
1637usa voter,1519,2,0,1,0,0,0,0,0,0,0,0,0,0,0,0
1637usa voter,1519,2,1,0,1,0,1,0,0,1,0,0,1,1,0,1
1637usa voter,1519,3,1,0,1,0,1,0,0,1,0,1,0,0,0,0
1637usa voter,1519,3,0,1,0,0,1,0,0,0,1,0,0,1,0,1
1638usa voter,1520,1,0,0,1,0,0,0,1,0,0,0,0,1,0,0
1638usa voter,1520,1,1,1,0,0,1,0,0,0,0,0,1,0,0,1
1638usa voter,1520,2,1,0,0,1,1,0,0,0,0,1,0,1,0,0
1638usa voter,1520,2,0,0,0,0,1,0,0,1,0,0,1,0,1,0
1638usa voter,1520,3,1,1,0,0,1,0,0,0,0,0,0,1,0,1
1638usa voter,1520,3,0,0,0,1,0,1,0,0,0,1,0,1,0,0
1640usa voter,1521,1,0,0,0,0,1,0,0,0,1,0,0,1,0,0
1640usa voter,1521,1,1,0,1,0,0,1,0,0,0,0,1,0,0,0
1640usa voter,1521,2,1,0,0,0,0,0,0,1,0,0,1,0,1,1
1640usa voter,1521,2,0,0,1,0,1,0,1,0,0,0,0,1,0,0
1640usa voter,1521,3,0,0,0,1,1,0,0,0,1,1,0,0,1,0
1640usa voter,1521,3,1,0,1,0,1,0,0,0,0,0,0,1,0,0
1641usa voter,1522,1,1,0,0,1,1,0,0,0,0,0,0,0,0,1
1641usa voter,1522,1,0,0,0,1,1,0,0,0,0,0,0,0,1,1
1641usa voter,1522,2,1,0,0,0,0,1,1,0,0,0,1,1,0,0
1641usa voter,1522,2,0,1,0,0,0,1,0,1,0,1,0,0,1,1
1641usa voter,1522,3,0,0,0,0,1,0,1,0,0,0,0,1,0,1
1641usa voter,1522,3,1,0,0,1,0,1,0,0,1,1,0,0,1,1
1642usa voter,1523,1,1,0,0,0,0,0,1,0,0,1,0,0,1,0
1642usa voter,1523,1,0,0,0,0,0,0,0,0,0,0,0,0,1,1
1642usa voter,1523,2,1,1,0,0,1,0,0,1,0,1,0,0,1,0
1642usa voter,1523,2,0,0,0,0,1,0,1,0,0,0,0,0,1,1
1642usa voter,1523,3,0,0,1,0,0,1,0,0,0,0,0,0,1,0
1642usa voter,1523,3,1,0,1,0,1,0,0,1,0,0,0,0,0,0
1643usa voter,1524,1,1,0,0,1,0,0,1,0,0,0,0,0,0,1
1643usa voter,1524,1,0,0,0,0,1,0,1,0,0,0,1,1,0,1
1643usa voter,1524,2,1,0,0,1,0,0,1,0,0,0,0,1,0,1
1643usa voter,1524,2,0,1,0,0,0,1,0,0,0,1,0,1,0,0
1643usa voter,1524,3,0,0,0,0,1,0,0,0,0,1,0,0,1,0
1643usa voter,1524,3,1,1,0,0,0,0,1,0,0,0,0,0,1,1
1644usa voter,1525,1,0,0,0,0,0,1,1,0,0,1,0,1,0,0
1644usa voter,1525,1,1,1,0,0,0,0,1,0,0,0,0,1,0,1
1644usa voter,1525,2,0,0,1,0,0,1,0,1,0,0,1,0,0,0
1644usa voter,1525,2,1,0,0,1,1,0,0,0,0,0,1,1,0,0
1644usa voter,1525,3,1,0,0,0,1,0,0,0,1,0,0,1,0,1
1644usa voter,1525,3,0,0,0,0,1,0,1,0,0,0,1,0,1,1
1645usa voter,1526,1,1,0,0,0,1,0,0,0,0,0,1,0,1,1
1645usa voter,1526,1,0,0,0,0,0,1,0,0,1,0,0,0,1,1
1645usa voter,1526,2,1,1,0,0,1,0,0,0,1,1,0,0,0,1
1645usa voter,1526,2,0,1,0,0,0,1,0,0,0,0,0,0,0,1
1645usa voter,1526,3,1,1,0,0,1,0,1,0,0,0,0,0,1,1
1645usa voter,1526,3,0,0,0,0,0,0,1,0,0,1,0,0,0,1
1646usa voter,1527,1,0,0,0,1,0,1,1,0,0,0,0,1,0,1
1646usa voter,1527,1,1,0,1,0,0,1,0,1,0,1,0,1,0,1
1646usa voter,1527,2,1,1,0,0,0,1,0,0,0,0,0,0,0,1
1646usa voter,1527,2,0,0,0,0,0,0,0,0,0,0,1,0,0,0
1646usa voter,1527,3,1,0,0,1,1,0,0,0,1,0,0,1,0,1
1646usa voter,1527,3,0,0,0,0,0,1,0,1,0,1,0,1,0,0
1647usa voter,1528,1,0,0,1,0,1,0,0,1,0,0,0,1,0,1
1647usa voter,1528,1,1,0,0,0,0,0,0,0,1,1,0,0,1,0
1647usa voter,1528,2,1,0,0,1,0,1,0,0,1,0,0,0,1,1
1647usa voter,1528,2,0,0,0,0,1,0,0,0,1,0,0,1,0,1
1647usa voter,1528,3,1,0,1,0,1,0,0,1,0,1,0,0,1,1
1647usa voter,1528,3,0,0,0,0,0,1,1,0,0,1,0,1,0,1
1648usa voter,1529,1,0,1,0,0,1,0,0,0,1,0,1,0,1,0
1648usa voter,1529,1,1,1,0,0,0,0,1,0,0,1,0,0,1,0
1648usa voter,1529,2,0,0,0,0,1,0,0,0,0,0,1,0,1,1
1648usa voter,1529,2,1,1,0,0,0,0,0,1,0,1,0,0,1,0
1648usa voter,1529,3,1,0,1,0,0,1,0,0,0,1,0,0,0,1
1648usa voter,1529,3,0,0,1,0,0,1,0,0,0,0,0,0,1,1
1650usa voter,1530,1,0,1,0,0,0,0,0,0,1,0,1,0,0,0
1650usa voter,1530,1,1,1,0,0,1,0,0,1,0,0,0,1,0,1
1650usa voter,1530,3,0,0,0,1,1,0,0,0,1,0,0,0,0,0
1650usa voter,1530,3,1,0,0,0,1,0,0,0,0,0,0,0,0,1
1651usa voter,1531,1,0,1,0,0,0,0,0,0,1,0,0,0,0,0
1651usa voter,1531,1,1,1,0,0,0,0,0,1,0,0,0,0,0,0
1651usa voter,1531,2,0,0,0,1,1,0,0,0,1,0,0,0,1,1
1651usa voter,1531,2,1,0,0,1,0,1,0,0,0,0,0,1,0,1
1651usa voter,1531,3,1,0,1,0,1,0,0,1,0,0,0,0,0,1
1651usa voter,1531,3,0,0,0,0,0,0,0,0,0,0,1,0,0,0
1652usa voter,1532,1,1,0,1,0,0,1,0,0,0,1,0,0,1,0
1652usa voter,1532,1,0,1,0,0,1,0,0,0,0,1,0,0,0,0
1652usa voter,1532,2,0,1,0,0,1,0,0,0,0,0,0,1,0,0
1652usa voter,1532,2,1,1,0,0,0,1,0,1,0,1,0,0,1,0
1652usa voter,1532,3,0,1,0,0,1,0,1,0,0,1,0,0,0,0
1652usa voter,1532,3,1,0,1,0,1,0,1,0,0,0,1,0,1,0
1653usa voter,1533,1,1,0,1,0,1,0,1,0,0,0,0,1,0,0
1653usa voter,1533,1,0,0,1,0,0,0,1,0,0,0,0,0,1,1
1653usa voter,1533,2,0,0,1,0,0,1,0,1,0,0,0,0,1,1
1653usa voter,1533,2,1,0,1,0,0,1,0,0,1,0,1,0,1,0
1653usa voter,1533,3,0,0,0,0,1,0,0,0,0,0,1,0,0,1
1653usa voter,1533,3,1,0,1,0,1,0,1,0,0,0,0,0,1,0
1654usa voter,1534,1,1,0,1,0,1,0,0,0,1,1,0,1,0,0
1654usa voter,1534,1,0,1,0,0,0,1,0,0,1,0,0,1,0,0
1654usa voter,1534,2,1,0,0,1,1,0,1,0,0,1,0,1,0,1
1654usa voter,1534,2,0,0,1,0,1,0,0,1,0,1,0,0,1,1
1654usa voter,1534,3,1,1,0,0,0,1,0,0,0,0,1,0,0,1
1654usa voter,1534,3,0,0,1,0,0,0,0,0,1,1,0,0,1,0
1655usa voter,1535,1,1,0,1,0,0,1,0,0,1,0,1,0,1,1
1655usa voter,1535,1,0,0,0,0,0,1,1,0,0,0,1,0,0,0
1655usa voter,1535,2,1,0,1,0,1,0,1,0,0,0,1,0,1,0
1655usa voter,1535,2,0,0,0,1,0,1,1,0,0,1,0,1,0,1
1655usa voter,1535,3,0,0,0,1,0,0,0,0,0,1,0,0,0,0
1655usa voter,1535,3,1,1,0,0,0,1,0,0,0,0,1,0,1,0
1656usa voter,1536,1,0,0,1,0,1,0,0,0,1,0,0,0,1,0
1656usa voter,1536,1,1,0,0,0,0,1,0,1,0,0,0,1,0,1
1656usa voter,1536,2,1,1,0,0,0,0,0,1,0,0,1,1,0,1
1656usa voter,1536,2,0,0,0,1,0,0,0,0,0,0,1,0,0,0
1656usa voter,1536,3,0,0,1,0,0,0,0,0,0,0,1,0,0,0
1656usa voter,1536,3,1,0,0,0,1,0,0,0,0,0,0,1,0,0
1657usa voter,1537,1,0,0,0,0,0,0,0,0,1,1,0,1,0,1
1657usa voter,1537,1,1,0,1,0,0,0,0,0,1,0,1,0,0,1
1657usa voter,1537,2,1,0,1,0,0,0,0,1,0,1,0,0,0,0
1657usa voter,1537,2,0,1,0,0,1,0,0,0,1,1,0,1,0,1
1657usa voter,1537,3,1,0,0,1,0,0,0,1,0,1,0,0,1,0
1657usa voter,1537,3,0,0,0,0,0,1,1,0,0,1,0,0,1,0
1658usa voter,1538,1,1,0,0,0,1,0,0,1,0,1,0,0,0,0
1658usa voter,1538,1,0,0,1,0,1,0,0,0,1,0,1,0,0,0
1658usa voter,1538,2,0,0,1,0,1,0,0,0,0,0,0,0,0,0
1658usa voter,1538,2,1,0,1,0,1,0,0,1,0,0,1,1,0,1
1658usa voter,1538,3,0,0,1,0,0,0,0,0,1,0,0,1,0,0
1658usa voter,1538,3,1,0,0,0,0,0,0,1,0,0,1,0,0,0
1659usa voter,1539,1,0,0,1,0,0,0,1,0,0,1,0,1,0,0
1659usa voter,1539,1,1,0,0,1,1,0,0,1,0,0,0,1,0,1
1659usa voter,1539,3,0,1,0,0,1,0,0,0,1,0,1,0,1,0
1659usa voter,1539,3,1,0,0,1,1,0,0,1,0,0,1,0,0,0
1660usa voter,1540,1,0,1,0,0,1,0,1,0,0,1,0,1,0,0
1660usa voter,1540,1,1,0,0,1,1,0,0,1,0,0,1,0,0,0
1660usa voter,1540,2,0,0,0,0,0,1,0,1,0,0,1,1,0,0
1660usa voter,1540,2,1,0,0,0,0,0,1,0,0,0,1,1,0,0
1660usa voter,1540,3,1,1,0,0,1,0,0,0,0,0,0,0,0,1
1660usa voter,1540,3,0,1,0,0,0,1,0,0,0,0,0,0,0,0
1661usa voter,1541,1,1,0,0,0,0,0,0,0,1,1,0,1,0,0
1661usa voter,1541,1,0,1,0,0,1,0,0,1,0,0,0,0,1,0
1661usa voter,1541,2,0,0,0,1,0,0,0,0,1,0,0,1,0,0
1661usa voter,1541,2,1,1,0,0,0,1,0,1,0,0,1,1,0,0
1661usa voter,1541,3,0,1,0,0,0,1,0,1,0,0,0,1,0,0
1661usa voter,1541,3,1,1,0,0,1,0,0,0,1,0,0,0,0,0
1662usa voter,1542,1,1,1,0,0,0,0,1,0,0,1,0,1,0,1
1662usa voter,1542,1,0,0,0,0,1,0,1,0,0,0,1,0,0,0
1662usa voter,1542,2,0,0,0,0,1,0,0,0,1,1,0,1,0,0
1662usa voter,1542,2,1,1,0,0,1,0,0,0,1,0,1,1,0,0
1662usa voter,1542,3,1,0,1,0,0,1,0,0,1,0,0,0,1,0
1662usa voter,1542,3,0,0,1,0,1,0,1,0,0,1,0,1,0,0
1663usa voter,1543,1,0,0,0,0,0,0,1,0,0,0,1,0,0,0
1663usa voter,1543,1,1,0,0,0,0,0,0,0,0,0,0,1,0,0
1663usa voter,1543,2,1,0,0,1,0,1,0,1,0,0,1,0,0,1
1663usa voter,1543,2,0,0,0,0,0,0,0,0,0,0,0,1,0,0
1663usa voter,1543,3,0,0,0,0,0,1,1,0,0,0,1,0,0,0
1663usa voter,1543,3,1,0,0,0,0,0,0,0,0,0,0,0,1,1
1664usa voter,1544,1,0,0,0,0,1,0,1,0,0,0,0,0,1,0
1664usa voter,1544,1,1,0,0,0,0,1,0,1,0,0,0,0,0,1
1664usa voter,1544,2,0,0,0,0,0,0,1,0,0,1,0,0,1,0
1664usa voter,1544,2,1,0,0,0,0,1,0,0,0,1,0,0,1,0
1664usa voter,1544,3,1,0,0,0,1,0,0,1,0,0,0,0,0,0
1664usa voter,1544,3,0,0,0,0,0,1,0,1,0,1,0,0,1,1
1665usa voter,1545,1,1,0,0,1,0,1,0,0,0,0,1,0,1,1
1665usa voter,1545,1,0,0,0,0,0,1,1,0,0,1,0,0,1,0
1665usa voter,1545,2,0,0,0,0,0,0,0,0,0,0,1,0,1,0
1665usa voter,1545,2,1,0,0,0,0,0,1,0,0,0,0,0,0,1
1665usa voter,1545,3,0,0,1,0,0,0,1,0,0,0,0,0,1,1
1665usa voter,1545,3,1,0,0,0,1,0,0,0,1,0,1,1,0,1
1666usa voter,1546,1,0,0,1,0,0,0,0,0,1,0,1,0,0,0
1666usa voter,1546,1,1,0,1,0,1,0,0,0,1,1,0,0,0,0
1666usa voter,1546,2,1,0,0,1,0,0,0,0,1,0,1,0,0,1
1666usa voter,1546,2,0,1,0,0,0,0,0,1,0,0,0,0,1,0
1666usa voter,1546,3,0,0,0,0,0,0,0,0,0,0,1,1,0,0
1666usa voter,1546,3,1,0,0,0,1,0,0,0,0,0,0,1,0,0
1667usa voter,1547,1,1,1,0,0,0,1,0,0,1,0,0,0,1,0
1667usa voter,1547,1,0,0,0,0,0,1,1,0,0,0,1,1,0,0
1667usa voter,1547,2,0,0,0,1,0,1,0,1,0,0,1,1,0,1
1667usa voter,1547,2,1,0,1,0,0,1,0,1,0,0,1,1,0,1
1667usa voter,1547,3,0,1,0,0,0,0,1,0,0,0,0,1,0,0
1667usa voter,1547,3,1,0,1,0,1,0,0,1,0,1,0,0,0,0
1668usa voter,1548,1,1,0,0,1,0,1,0,0,1,0,1,0,0,1
1668usa voter,1548,1,0,0,0,0,0,0,0,1,0,0,0,0,0,0
1668usa voter,1548,2,0,0,0,0,0,0,0,0,1,0,1,1,0,0
1668usa voter,1548,2,1,0,1,0,1,0,0,0,0,1,0,0,1,0
1668usa voter,1548,3,0,0,0,0,0,1,0,0,0,0,0,0,0,1
1668usa voter,1548,3,1,0,1,0,1,0,0,1,0,0,1,1,0,0
1669usa voter,1549,1,0,0,0,0,0,1,0,0,1,0,0,0,0,1
1669usa voter,1549,1,1,0,1,0,1,0,1,0,0,0,1,1,0,0
1669usa voter,1549,2,1,1,0,0,1,0,0,0,0,0,0,0,1,1
1669usa voter,1549,2,0,0,0,1,0,1,0,0,0,1,0,0,1,0
1669usa voter,1549,3,1,0,1,0,0,1,0,1,0,0,0,0,0,0
1669usa voter,1549,3,0,0,0,0,1,0,0,0,1,0,1,0,0,1
1670usa voter,1550,1,1,1,0,0,1,0,0,1,0,1,0,0,1,0
1670usa voter,1550,1,0,1,0,0,0,0,0,1,0,0,0,1,0,0
1670usa voter,1550,2,1,1,0,0,0,0,0,0,0,1,0,0,0,0
1670usa voter,1550,2,0,0,0,1,0,0,1,0,0,0,0,1,0,0
1670usa voter,1550,3,0,0,1,0,1,0,1,0,0,0,0,0,1,0
1670usa voter,1550,3,1,1,0,0,1,0,1,0,0,0,1,1,0,0
1673usa voter,1551,1,1,1,0,0,0,1,0,0,1,0,1,1,0,1
1673usa voter,1551,1,0,0,1,0,0,1,0,1,0,0,0,0,0,0
1673usa voter,1551,2,0,0,0,1,0,1,0,1,0,0,0,0,0,0
1673usa voter,1551,2,1,0,0,1,0,0,0,0,0,0,0,1,0,0
1673usa voter,1551,3,1,1,0,0,0,0,1,0,0,0,0,0,1,0
1673usa voter,1551,3,0,0,0,0,1,0,0,0,0,1,0,0,0,0
1674usa voter,1552,1,0,1,0,0,0,1,0,1,0,1,0,1,0,1
1674usa voter,1552,1,1,0,0,1,0,1,1,0,0,0,0,0,1,0
1674usa voter,1552,2,0,0,1,0,1,0,1,0,0,1,0,0,0,0
1674usa voter,1552,2,1,1,0,0,0,0,0,1,0,0,0,0,0,1
1674usa voter,1552,3,0,0,1,0,0,0,0,0,1,0,0,0,0,0
1674usa voter,1552,3,1,0,0,1,1,0,0,0,1,0,1,1,0,0
1675usa voter,1553,1,1,0,0,1,1,0,0,0,0,0,0,0,1,0
1675usa voter,1553,1,0,0,0,0,1,0,0,1,0,1,0,0,0,0
1675usa voter,1553,2,0,1,0,0,0,1,1,0,0,1,0,0,1,0
1675usa voter,1553,2,1,1,0,0,1,0,0,1,0,0,1,0,0,1
1675usa voter,1553,3,1,0,0,1,0,1,0,0,1,0,0,1,0,1
1675usa voter,1553,3,0,0,1,0,0,1,0,0,0,0,0,1,0,0
1676usa voter,1554,1,1,0,0,0,0,0,1,0,0,1,0,1,0,1
1676usa voter,1554,1,0,0,1,0,0,0,0,1,0,0,0,0,0,0
1676usa voter,1554,2,0,1,0,0,1,0,0,0,0,0,0,0,1,1
1676usa voter,1554,2,1,0,0,1,1,0,1,0,0,0,0,1,0,0
1676usa voter,1554,3,0,1,0,0,0,0,1,0,0,1,0,0,0,0
1676usa voter,1554,3,1,0,0,0,0,1,0,1,0,0,0,0,1,1
1678usa voter,1555,1,0,0,1,0,0,1,0,1,0,0,0,1,0,0
1678usa voter,1555,1,1,0,1,0,1,0,0,0,1,0,1,0,0,1
1678usa voter,1555,2,1,0,1,0,0,0,0,0,1,1,0,0,1,0
1678usa voter,1555,2,0,0,0,1,0,0,0,0,0,1,0,0,1,0
1678usa voter,1555,3,0,0,0,0,1,0,0,0,1,0,0,0,0,0
1678usa voter,1555,3,1,1,0,0,1,0,0,0,1,0,0,0,1,1
1679usa voter,1556,1,0,0,0,1,0,1,0,0,1,0,0,0,1,0
1679usa voter,1556,1,1,0,1,0,0,1,0,0,1,0,1,1,0,1
1679usa voter,1556,2,1,0,0,1,1,0,0,1,0,0,1,0,0,0
1679usa voter,1556,2,0,0,0,1,0,1,0,1,0,0,1,1,0,1
1679usa voter,1556,3,1,1,0,0,1,0,0,0,0,0,1,0,1,1
1679usa voter,1556,3,0,1,0,0,0,0,0,1,0,1,0,0,0,1
1680usa voter,1557,1,0,0,0,0,1,0,0,0,1,0,1,0,0,0
1680usa voter,1557,1,1,0,0,1,1,0,0,1,0,1,0,0,1,1
1680usa voter,1557,2,1,0,1,0,0,1,0,0,0,0,0,0,1,0
1680usa voter,1557,2,0,1,0,0,1,0,1,0,0,1,0,0,1,0
1680usa voter,1557,3,0,1,0,0,0,0,0,1,0,0,0,0,1,0
1680usa voter,1557,3,1,0,0,1,0,0,0,1,0,1,0,1,0,1
1681usa voter,1558,1,1,1,0,0,0,0,0,0,0,0,0,1,0,1
1681usa voter,1558,1,0,1,0,0,0,0,0,0,0,0,0,0,0,1
1681usa voter,1558,2,1,0,0,0,1,0,0,1,0,1,0,0,0,1
1681usa voter,1558,2,0,0,1,0,1,0,1,0,0,0,1,0,0,1
1681usa voter,1558,3,1,1,0,0,0,0,0,1,0,0,0,0,0,1
1681usa voter,1558,3,0,0,0,1,0,0,0,1,0,0,0,0,1,1
1682usa voter,1559,1,0,0,1,0,1,0,1,0,0,0,1,0,0,1
1682usa voter,1559,1,1,0,0,0,0,0,0,0,1,0,1,1,0,1
1682usa voter,1559,2,1,0,0,0,1,0,0,1,0,1,0,1,0,1
1682usa voter,1559,2,0,0,1,0,0,1,0,1,0,1,0,0,1,1
1682usa voter,1559,3,0,1,0,0,0,0,0,0,0,1,0,0,1,0
1682usa voter,1559,3,1,0,0,0,0,1,0,0,0,0,1,0,1,0
1683usa voter,1560,1,1,0,0,1,0,0,0,0,0,0,1,0,1,0
1683usa voter,1560,1,0,0,0,0,1,0,0,0,0,0,1,0,1,0
1683usa voter,1560,2,1,1,0,0,0,0,0,0,1,0,1,0,0,0
1683usa voter,1560,2,0,0,0,1,0,1,0,0,1,0,1,1,0,0
1683usa voter,1560,3,0,0,0,0,0,0,0,1,0,1,0,1,0,1
1683usa voter,1560,3,1,0,0,1,1,0,0,0,0,0,0,1,0,0
1684usa voter,1561,1,0,1,0,0,0,0,0,0,0,0,1,0,1,1
1684usa voter,1561,1,1,0,1,0,0,0,0,0,1,1,0,1,0,1
1684usa voter,1561,2,1,0,1,0,0,0,0,1,0,1,0,1,0,1
1684usa voter,1561,2,0,0,1,0,0,0,0,1,0,0,0,0,1,0
1684usa voter,1561,3,1,0,0,1,1,0,0,0,0,1,0,0,0,0
1684usa voter,1561,3,0,0,0,0,1,0,1,0,0,0,0,0,0,1
1685usa voter,1562,1,1,0,0,1,0,1,0,1,0,0,1,0,1,1
1685usa voter,1562,1,0,1,0,0,1,0,0,0,0,1,0,0,0,0
1685usa voter,1562,2,1,0,0,0,0,1,1,0,0,0,1,0,1,1
1685usa voter,1562,2,0,1,0,0,0,0,1,0,0,1,0,0,0,0
1685usa voter,1562,3,0,0,1,0,1,0,1,0,0,0,1,0,1,0
1685usa voter,1562,3,1,1,0,0,0,0,1,0,0,1,0,1,0,0
1686usa voter,1563,1,0,1,0,0,0,0,1,0,0,1,0,0,1,0
1686usa voter,1563,1,1,0,0,0,0,0,0,0,0,1,0,1,0,0
1686usa voter,1563,2,0,0,0,1,0,1,0,1,0,0,0,0,1,0
1686usa voter,1563,2,1,1,0,0,0,1,0,0,0,1,0,0,1,1
1686usa voter,1563,3,1,0,0,0,0,1,1,0,0,1,0,0,0,0
1686usa voter,1563,3,0,0,0,0,0,1,1,0,0,0,1,1,0,0
1687usa voter,1564,1,1,1,0,0,1,0,0,0,1,0,1,0,1,0
1687usa voter,1564,1,0,0,0,1,1,0,1,0,0,0,1,0,0,0
1687usa voter,1564,2,1,0,0,0,0,0,0,0,0,0,1,1,0,0
1687usa voter,1564,2,0,0,1,0,1,0,0,0,0,0,0,1,0,0
1687usa voter,1564,3,1,0,0,0,0,1,0,0,0,1,0,0,0,1
1687usa voter,1564,3,0,0,0,0,0,1,0,0,0,1,0,0,1,0
1688usa voter,1565,1,1,1,0,0,0,1,0,0,1,0,0,1,0,0
1688usa voter,1565,1,0,0,0,0,1,0,1,0,0,0,1,0,0,0
1688usa voter,1565,2,0,0,0,0,0,0,0,0,1,0,0,0,0,0
1688usa voter,1565,2,1,0,1,0,0,0,0,0,1,0,1,0,1,0
1688usa voter,1565,3,1,1,0,0,0,0,1,0,0,0,0,1,0,0
1688usa voter,1565,3,0,0,0,1,0,0,0,1,0,0,0,1,0,0
1689usa voter,1566,1,0,0,0,1,0,0,1,0,0,0,0,1,0,0
1689usa voter,1566,1,1,0,0,0,0,0,0,1,0,1,0,1,0,1
1689usa voter,1566,2,0,0,0,1,0,1,1,0,0,0,0,0,0,0
1689usa voter,1566,2,1,0,1,0,0,0,1,0,0,0,0,1,0,0
1689usa voter,1566,3,1,0,0,0,0,0,0,0,1,0,1,0,0,1
1689usa voter,1566,3,0,1,0,0,0,1,1,0,0,0,1,0,0,0
1691usa voter,1567,1,1,0,0,0,0,0,1,0,0,1,0,1,0,0
1691usa voter,1567,1,0,0,0,0,1,0,0,0,0,0,0,1,0,0
1691usa voter,1567,2,0,0,1,0,0,1,0,0,1,0,0,0,0,1
1691usa voter,1567,2,1,0,1,0,0,1,1,0,0,0,1,1,0,0
1691usa voter,1567,3,0,1,0,0,0,1,0,1,0,0,1,0,1,1
1691usa voter,1567,3,1,0,0,0,0,1,1,0,0,0,1,1,0,0
1692usa voter,1568,2,0,0,1,0,0,0,0,0,1,1,0,0,1,0
1692usa voter,1568,2,1,0,0,0,0,0,1,0,0,0,0,1,0,1
1692usa voter,1568,3,0,0,0,0,1,0,0,0,1,0,1,0,1,1
1692usa voter,1568,3,1,0,1,0,0,0,0,0,0,1,0,1,0,1
1693usa voter,1569,1,0,0,1,0,1,0,0,0,0,0,0,0,0,0
1693usa voter,1569,1,1,0,1,0,1,0,0,0,0,1,0,0,1,1
1693usa voter,1569,2,0,0,1,0,0,0,0,0,0,1,0,0,0,1
1693usa voter,1569,2,1,0,0,1,0,0,0,0,0,0,0,0,1,1
1693usa voter,1569,3,0,1,0,0,1,0,1,0,0,1,0,0,1,1
1693usa voter,1569,3,1,0,1,0,0,1,0,0,1,0,0,0,1,0
1694usa voter,1570,1,1,0,1,0,0,1,0,1,0,0,0,0,1,0
1694usa voter,1570,1,0,1,0,0,0,0,0,0,0,0,1,0,0,1
1694usa voter,1570,2,1,0,1,0,1,0,0,1,0,0,1,0,1,0
1694usa voter,1570,2,0,0,1,0,0,0,0,0,1,1,0,0,1,0
1694usa voter,1570,3,1,0,0,1,0,1,0,0,1,0,0,0,0,1
1694usa voter,1570,3,0,0,0,0,0,1,1,0,0,0,1,0,1,1
1695usa voter,1571,1,0,0,0,0,0,0,0,1,0,0,1,1,0,1
1695usa voter,1571,1,1,0,0,0,1,0,0,0,1,1,0,1,0,1
1695usa voter,1571,2,0,0,1,0,0,0,0,0,0,0,1,0,0,0
1695usa voter,1571,2,1,0,1,0,0,0,0,0,0,1,0,0,1,1
1695usa voter,1571,3,0,0,1,0,0,1,1,0,0,1,0,0,1,0
1695usa voter,1571,3,1,0,0,0,0,1,0,0,1,0,0,1,0,0
1696usa voter,1572,1,0,0,1,0,0,1,0,0,0,1,0,0,0,1
1696usa voter,1572,1,1,0,1,0,1,0,0,1,0,0,1,1,0,1
1696usa voter,1572,2,1,1,0,0,1,0,0,1,0,0,1,0,0,1
1696usa voter,1572,2,0,0,0,0,0,0,0,1,0,1,0,1,0,0
1696usa voter,1572,3,1,1,0,0,0,0,1,0,0,0,1,0,0,0
1696usa voter,1572,3,0,1,0,0,0,1,0,0,0,0,0,1,0,1
1697usa voter,1573,1,0,0,0,0,0,0,0,0,0,0,1,0,0,0
1697usa voter,1573,1,1,0,0,1,1,0,1,0,0,0,0,0,0,1
1697usa voter,1573,2,0,0,1,0,0,0,0,0,1,1,0,0,1,0
1697usa voter,1573,2,1,0,0,1,1,0,0,0,1,0,1,0,0,1
1697usa voter,1573,3,0,0,1,0,0,1,0,0,0,0,1,1,0,0
1697usa voter,1573,3,1,0,0,1,1,0,0,1,0,1,0,0,1,1
1698usa voter,1574,1,0,0,0,1,0,1,0,1,0,0,0,0,0,1
1698usa voter,1574,1,1,1,0,0,1,0,0,1,0,0,0,0,1,0
1698usa voter,1574,2,1,0,0,0,0,0,0,0,0,1,0,0,0,1
1698usa voter,1574,2,0,0,1,0,0,0,0,1,0,0,0,0,1,0
1698usa voter,1574,3,0,0,1,0,1,0,1,0,0,0,0,0,0,1
1698usa voter,1574,3,1,0,0,0,0,0,0,0,1,0,0,1,0,0
1699usa voter,1575,1,0,0,0,0,0,0,0,1,0,0,0,0,0,0
1699usa voter,1575,1,1,0,1,0,0,1,0,1,0,1,0,0,1,0
1699usa voter,1575,2,0,0,1,0,0,0,1,0,0,1,0,0,1,0
1699usa voter,1575,2,1,0,0,1,1,0,1,0,0,1,0,0,0,0
1699usa voter,1575,3,0,0,0,1,0,0,1,0,0,0,0,0,1,1
1699usa voter,1575,3,1,0,1,0,1,0,0,1,0,0,0,0,1,1
1700usa voter,1576,1,1,0,0,0,0,0,0,1,0,0,0,0,0,0
1700usa voter,1576,1,0,1,0,0,1,0,1,0,0,1,0,0,0,1
1700usa voter,1576,2,0,0,1,0,0,1,1,0,0,1,0,0,0,0
1700usa voter,1576,2,1,1,0,0,0,1,1,0,0,1,0,0,0,1
1700usa voter,1576,3,1,0,0,0,1,0,1,0,0,1,0,0,0,1
1700usa voter,1576,3,0,0,0,1,0,1,0,0,0,0,1,1,0,1
1701usa voter,1577,1,1,0,0,1,0,1,0,1,0,0,1,0,0,0
1701usa voter,1577,1,0,0,0,1,0,1,1,0,0,0,0,0,0,1
1701usa voter,1577,2,1,0,0,0,1,0,0,0,1,1,0,1,0,0
1701usa voter,1577,2,0,0,0,0,0,1,0,1,0,0,1,0,1,1
1701usa voter,1577,3,1,1,0,0,1,0,0,1,0,1,0,0,1,0
1701usa voter,1577,3,0,0,0,0,0,1,1,0,0,1,0,1,0,0
1702usa voter,1578,1,1,0,1,0,0,1,0,0,1,0,0,1,0,0
1702usa voter,1578,1,0,0,0,0,1,0,1,0,0,0,0,0,1,1
1702usa voter,1578,2,1,1,0,0,0,0,0,0,1,1,0,1,0,1
1702usa voter,1578,2,0,0,1,0,0,0,1,0,0,0,1,0,0,0
1702usa voter,1578,3,1,0,0,1,0,0,0,0,0,1,0,0,0,1
1702usa voter,1578,3,0,0,0,1,1,0,0,0,1,0,0,0,1,0
1703usa voter,1579,1,0,0,0,0,0,1,0,0,0,0,1,1,0,0
1703usa voter,1579,1,1,1,0,0,1,0,1,0,0,0,0,0,1,0
1703usa voter,1579,2,0,0,1,0,0,0,0,0,0,0,1,1,0,1
1703usa voter,1579,2,1,1,0,0,0,1,0,0,1,1,0,0,0,0
1703usa voter,1579,3,0,0,1,0,1,0,0,0,0,0,0,1,0,1
1703usa voter,1579,3,1,1,0,0,0,1,0,1,0,0,0,0,0,0
1704usa voter,1580,1,0,0,0,1,1,0,0,0,0,0,1,0,1,1
1704usa voter,1580,1,1,0,1,0,1,0,1,0,0,0,1,0,1,1
1704usa voter,1580,2,0,1,0,0,0,1,0,1,0,1,0,1,0,0
1704usa voter,1580,2,1,1,0,0,1,0,1,0,0,0,1,1,0,1
1704usa voter,1580,3,1,0,1,0,0,0,1,0,0,1,0,1,0,1
1704usa voter,1580,3,0,1,0,0,1,0,1,0,0,0,1,0,0,0
1705usa voter,1581,1,0,0,1,0,0,0,0,0,0,0,0,0,0,1
1705usa voter,1581,1,1,0,1,0,1,0,1,0,0,0,1,0,1,1
1705usa voter,1581,2,1,0,0,0,1,0,0,1,0,0,1,1,0,1
1705usa voter,1581,2,0,0,1,0,0,0,0,0,1,0,0,0,0,1
1705usa voter,1581,3,0,1,0,0,0,1,0,1,0,1,0,0,1,1
1705usa voter,1581,3,1,0,1,0,0,0,1,0,0,1,0,1,0,1
1707usa voter,1582,1,0,1,0,0,0,0,0,0,1,0,1,0,0,0
1707usa voter,1582,1,1,0,1,0,0,1,0,1,0,0,1,0,0,1
1707usa voter,1582,2,0,1,0,0,0,1,1,0,0,0,1,1,0,1
1707usa voter,1582,2,1,1,0,0,0,0,0,0,1,0,0,0,1,0
1707usa voter,1582,3,1,0,1,0,0,0,0,1,0,0,0,0,1,1
1707usa voter,1582,3,0,1,0,0,1,0,0,1,0,0,0,0,1,0
1708usa voter,1583,1,1,0,0,1,0,1,0,1,0,1,0,1,0,0
1708usa voter,1583,1,0,0,1,0,0,1,1,0,0,0,1,1,0,0
1708usa voter,1583,2,1,0,0,0,0,0,0,0,0,0,1,1,0,1
1708usa voter,1583,2,0,0,0,1,1,0,0,1,0,0,0,0,0,0
1708usa voter,1583,3,0,1,0,0,1,0,1,0,0,0,0,0,1,0
1708usa voter,1583,3,1,1,0,0,0,0,0,0,1,1,0,0,1,1
1710usa voter,1584,1,0,1,0,0,0,0,0,0,0,0,0,1,0,0
1710usa voter,1584,1,1,1,0,0,0,0,1,0,0,0,1,0,0,1
1710usa voter,1584,3,1,0,0,1,0,0,0,1,0,0,1,0,1,1
1710usa voter,1584,3,0,0,0,0,0,1,1,0,0,1,0,0,1,1
1711usa voter,1585,1,1,0,0,0,0,0,0,1,0,1,0,1,0,1
1711usa voter,1585,1,0,1,0,0,1,0,0,0,1,0,0,1,0,0
1711usa voter,1585,2,1,0,0,0,0,0,0,0,1,0,0,1,0,1
1711usa voter,1585,2,0,0,0,0,0,0,0,0,0,0,0,0,0,0
1711usa voter,1585,3,0,1,0,0,1,0,0,0,0,0,1,0,0,1
1711usa voter,1585,3,1,1,0,0,0,0,0,0,1,1,0,0,1,0
1712usa voter,1586,1,0,0,1,0,0,0,0,1,0,0,1,1,0,0
1712usa voter,1586,1,1,0,0,1,0,0,0,0,0,0,1,0,1,1
1712usa voter,1586,2,0,0,0,0,0,1,1,0,0,1,0,0,0,1
1712usa voter,1586,2,1,0,0,0,1,0,0,0,0,0,0,1,0,0
1712usa voter,1586,3,1,0,0,1,1,0,0,1,0,0,0,1,0,0
1712usa voter,1586,3,0,0,0,0,0,0,0,1,0,0,1,1,0,0
1713usa voter,1587,1,0,0,0,0,0,1,0,0,0,1,0,0,0,0
1713usa voter,1587,1,1,0,1,0,1,0,0,0,0,0,0,0,1,0
1713usa voter,1587,2,1,0,0,1,0,1,1,0,0,0,0,1,0,1
1713usa voter,1587,2,0,1,0,0,0,0,0,1,0,1,0,0,1,1
1713usa voter,1587,3,1,0,0,0,0,1,0,0,1,0,0,0,0,0
1713usa voter,1587,3,0,1,0,0,1,0,1,0,0,0,0,0,1,0
1714usa voter,1588,1,1,0,0,1,0,1,0,0,0,0,0,0,1,1
1714usa voter,1588,1,0,1,0,0,1,0,0,0,0,0,1,0,1,1
1714usa voter,1588,2,1,0,0,0,0,1,1,0,0,0,0,0,1,0
1714usa voter,1588,2,0,0,1,0,1,0,0,0,1,0,0,1,0,1
1714usa voter,1588,3,0,1,0,0,1,0,0,1,0,0,1,1,0,0
1714usa voter,1588,3,1,1,0,0,0,0,0,0,0,0,1,1,0,0
1715usa voter,1589,1,1,0,0,0,0,0,0,1,0,1,0,0,0,0
1715usa voter,1589,1,0,0,0,0,0,1,0,0,0,0,1,0,0,0
1715usa voter,1589,2,1,0,1,0,0,1,1,0,0,0,0,0,1,1
1715usa voter,1589,2,0,0,1,0,0,0,0,1,0,1,0,0,0,0
1715usa voter,1589,3,1,0,1,0,0,0,0,0,0,0,0,0,0,1
1715usa voter,1589,3,0,1,0,0,1,0,0,0,0,0,1,0,0,1
1716usa voter,1590,2,1,0,1,0,0,1,0,0,1,0,1,0,1,1
1716usa voter,1590,2,0,0,0,1,1,0,1,0,0,0,0,0,1,1
1716usa voter,1590,3,0,1,0,0,0,0,0,0,0,1,0,0,0,0
1716usa voter,1590,3,1,0,0,1,0,0,0,1,0,0,1,0,1,1
1717usa voter,1591,1,1,1,0,0,0,1,0,0,1,0,0,0,0,0
1717usa voter,1591,1,0,1,0,0,0,1,0,0,1,0,0,0,0,1
1717usa voter,1591,2,0,0,1,0,1,0,0,0,1,0,1,1,0,0
1717usa voter,1591,2,1,0,0,1,0,1,0,1,0,0,1,0,0,1
1717usa voter,1591,3,1,0,0,1,0,0,0,1,0,0,1,0,1,1
1717usa voter,1591,3,0,0,0,0,0,1,0,1,0,1,0,1,0,0
1719usa voter,1592,1,0,0,1,0,1,0,0,1,0,0,1,1,0,0
1719usa voter,1592,1,1,0,1,0,1,0,0,1,0,0,0,1,0,1
1719usa voter,1592,2,1,0,0,1,1,0,0,0,0,0,0,0,0,0
1719usa voter,1592,2,0,0,0,0,0,0,0,0,1,0,0,1,0,0
1719usa voter,1592,3,0,1,0,0,0,0,0,0,1,1,0,1,0,0
1719usa voter,1592,3,1,0,0,0,0,1,0,1,0,1,0,1,0,1
1720usa voter,1593,1,0,0,0,1,0,0,0,0,0,0,1,1,0,1
1720usa voter,1593,1,1,0,0,0,0,0,0,0,1,0,1,1,0,1
1720usa voter,1593,2,1,0,0,1,1,0,0,1,0,0,0,1,0,0
1720usa voter,1593,2,0,0,0,1,0,1,0,0,1,0,1,0,1,1
1720usa voter,1593,3,1,0,1,0,0,0,0,0,1,1,0,0,0,1
1720usa voter,1593,3,0,1,0,0,0,0,0,1,0,1,0,0,1,0
1721usa voter,1594,1,0,1,0,0,0,1,0,1,0,1,0,0,1,0
1721usa voter,1594,1,1,0,0,0,1,0,1,0,0,0,1,0,0,0
1721usa voter,1594,2,0,1,0,0,1,0,1,0,0,1,0,0,0,1
1721usa voter,1594,2,1,1,0,0,1,0,0,1,0,0,0,1,0,0
1721usa voter,1594,3,0,0,1,0,0,1,0,0,1,0,0,0,1,1
1721usa voter,1594,3,1,1,0,0,0,0,0,0,1,0,0,1,0,0
1722usa voter,1595,1,0,0,1,0,1,0,1,0,0,1,0,1,0,1
1722usa voter,1595,1,1,0,1,0,1,0,0,1,0,0,0,1,0,1
1722usa voter,1595,2,0,1,0,0,0,0,0,1,0,0,0,1,0,1
1722usa voter,1595,2,1,0,1,0,0,0,0,1,0,0,1,0,0,1
1722usa voter,1595,3,0,0,0,0,0,1,1,0,0,0,1,0,0,0
1722usa voter,1595,3,1,0,0,0,0,0,0,0,1,0,0,0,0,1
1723usa voter,1596,1,1,0,0,1,1,0,1,0,0,0,0,1,0,1
1723usa voter,1596,1,0,0,0,0,0,1,0,0,1,0,0,0,0,0
1723usa voter,1596,2,0,0,1,0,0,0,1,0,0,0,0,0,1,0
1723usa voter,1596,2,1,1,0,0,1,0,0,0,0,0,1,0,0,0
1723usa voter,1596,3,0,0,1,0,0,0,0,0,0,0,1,0,1,1
1723usa voter,1596,3,1,0,0,1,1,0,0,0,0,0,1,0,0,0
1724usa voter,1597,3,0,1,0,0,1,0,0,1,0,0,1,0,0,0
1724usa voter,1597,3,1,1,0,0,0,1,1,0,0,0,1,0,1,0
1725usa voter,1598,1,1,0,0,0,0,0,0,0,0,0,1,1,0,1
1725usa voter,1598,1,0,0,1,0,0,1,0,0,0,0,1,0,0,1
1725usa voter,1598,2,1,0,1,0,0,0,0,0,0,1,0,1,0,1
1725usa voter,1598,2,0,0,0,1,0,1,1,0,0,0,1,1,0,1
1725usa voter,1598,3,0,0,1,0,1,0,0,0,0,0,1,0,1,0
1725usa voter,1598,3,1,0,0,0,1,0,0,0,0,0,1,1,0,1
1726usa voter,1599,1,1,0,0,1,0,1,1,0,0,0,0,0,0,1
1726usa voter,1599,1,0,0,0,1,0,1,0,1,0,0,1,0,1,0
1726usa voter,1599,2,0,0,0,0,0,0,1,0,0,0,1,0,0,1
1726usa voter,1599,2,1,0,0,1,0,0,0,1,0,1,0,0,1,1
1726usa voter,1599,3,1,1,0,0,1,0,1,0,0,1,0,1,0,1
1726usa voter,1599,3,0,0,0,0,0,0,1,0,0,1,0,0,1,1
1727usa voter,1600,1,0,1,0,0,0,1,0,0,0,0,0,1,0,0
1727usa voter,1600,1,1,0,0,1,1,0,0,0,0,1,0,1,0,1
1727usa voter,1600,2,1,0,0,0,1,0,0,0,1,1,0,1,0,0
1727usa voter,1600,2,0,1,0,0,1,0,0,1,0,1,0,0,1,1
1727usa voter,1600,3,1,0,0,0,1,0,1,0,0,0,1,1,0,0
1727usa voter,1600,3,0,1,0,0,0,1,1,0,0,0,0,0,0,1
1728usa voter,1601,1,1,1,0,0,0,1,0,0,1,0,0,1,0,0
1728usa voter,1601,1,0,1,0,0,0,0,0,0,0,0,1,1,0,1
1728usa voter,1601,2,1,0,1,0,0,0,0,0,1,1,0,1,0,0
1728usa voter,1601,2,0,0,0,0,0,1,0,1,0,1,0,0,0,1
1728usa voter,1601,3,1,0,0,0,0,1,1,0,0,1,0,0,0,0
1728usa voter,1601,3,0,1,0,0,0,0,1,0,0,0,1,0,1,1
1729usa voter,1602,1,1,1,0,0,0,1,0,0,0,0,1,0,0,0
1729usa voter,1602,1,0,0,0,0,0,1,1,0,0,1,0,0,1,0
1729usa voter,1602,2,1,0,1,0,0,0,0,0,1,0,1,0,0,0
1729usa voter,1602,2,0,1,0,0,0,0,0,1,0,1,0,0,1,1
1729usa voter,1602,3,0,0,1,0,1,0,0,1,0,0,0,0,1,1
1729usa voter,1602,3,1,1,0,0,1,0,1,0,0,0,1,0,0,0
1730usa voter,1603,1,0,0,1,0,0,1,1,0,0,0,1,0,0,0
1730usa voter,1603,1,1,0,0,1,1,0,1,0,0,0,1,1,0,0
1730usa voter,1603,2,0,0,0,0,0,0,0,1,0,0,0,1,0,1
1730usa voter,1603,2,1,0,1,0,0,1,0,0,1,0,0,0,0,0
1730usa voter,1603,3,1,0,1,0,0,0,0,0,0,1,0,1,0,0
1730usa voter,1603,3,0,1,0,0,1,0,0,0,0,1,0,0,0,0
1731usa voter,1604,1,0,1,0,0,0,1,1,0,0,0,0,0,1,0
1731usa voter,1604,1,1,1,0,0,0,0,0,1,0,1,0,1,0,0
1731usa voter,1604,2,1,0,1,0,0,0,0,1,0,0,0,0,1,0
1731usa voter,1604,2,0,0,0,0,0,0,0,0,1,0,0,0,0,1
1731usa voter,1604,3,0,1,0,0,0,1,1,0,0,0,1,1,0,1
1731usa voter,1604,3,1,0,1,0,1,0,0,0,0,0,1,1,0,1
1732usa voter,1605,1,0,0,1,0,0,1,1,0,0,0,0,0,1,1
1732usa voter,1605,1,1,0,0,0,0,1,0,0,0,0,1,0,1,0
1732usa voter,1605,2,1,0,0,1,1,0,0,0,0,0,1,1,0,1
1732usa voter,1605,2,0,1,0,0,0,1,0,1,0,1,0,0,1,0
1732usa voter,1605,3,0,0,0,0,1,0,1,0,0,1,0,0,1,1
1732usa voter,1605,3,1,0,1,0,1,0,0,0,0,1,0,1,0,1
1733usa voter,1606,1,1,0,0,0,0,1,0,0,0,0,1,0,1,1
1733usa voter,1606,1,0,1,0,0,0,0,0,0,0,1,0,0,0,0
1733usa voter,1606,2,1,0,1,0,0,0,0,0,0,1,0,1,0,1
1733usa voter,1606,2,0,0,0,0,0,1,0,0,0,0,1,0,0,0
1733usa voter,1606,3,1,0,0,0,0,0,1,0,0,0,1,0,1,0
1733usa voter,1606,3,0,0,0,0,0,0,0,0,0,0,1,1,0,1
1734usa voter,1607,1,0,0,0,0,1,0,0,1,0,1,0,0,1,1
1734usa voter,1607,1,1,0,0,0,0,1,1,0,0,0,0,1,0,0
1734usa voter,1607,2,1,0,0,1,0,1,1,0,0,1,0,0,0,1
1734usa voter,1607,2,0,1,0,0,0,1,0,0,1,1,0,0,0,0
1734usa voter,1607,3,1,0,0,1,0,1,0,1,0,0,1,0,1,1
1734usa voter,1607,3,0,0,0,0,0,1,0,0,1,0,1,0,1,0
1735usa voter,1608,1,0,0,0,1,1,0,0,0,0,0,1,0,0,1
1735usa voter,1608,1,1,0,0,1,1,0,0,0,1,1,0,1,0,0
1735usa voter,1608,2,1,0,0,1,1,0,1,0,0,0,1,0,0,1
1735usa voter,1608,2,0,0,0,0,0,0,1,0,0,0,0,0,0,0
1735usa voter,1608,3,1,0,0,1,0,1,0,0,1,0,1,1,0,1
1735usa voter,1608,3,0,0,0,1,0,1,0,1,0,1,0,1,0,0
1739usa voter,1609,1,1,0,0,0,1,0,0,0,0,0,1,1,0,0
1739usa voter,1609,1,0,0,0,0,1,0,1,0,0,1,0,1,0,0
1739usa voter,1609,2,0,0,1,0,0,1,0,1,0,0,0,0,0,0
1739usa voter,1609,2,1,1,0,0,0,1,0,0,1,0,0,0,0,0
1739usa voter,1609,3,0,0,0,0,0,1,1,0,0,0,0,0,0,0
1739usa voter,1609,3,1,0,0,0,0,1,0,1,0,1,0,0,0,0
1740usa voter,1610,1,1,1,0,0,0,0,0,0,1,0,0,0,1,0
1740usa voter,1610,1,0,1,0,0,1,0,0,1,0,0,0,0,1,1
1740usa voter,1610,2,0,1,0,0,0,0,0,1,0,1,0,0,0,1
1740usa voter,1610,2,1,0,0,0,0,0,0,1,0,1,0,1,0,0
1740usa voter,1610,3,1,0,0,1,1,0,0,0,1,1,0,1,0,0
1740usa voter,1610,3,0,0,1,0,0,1,0,0,0,1,0,1,0,0
1741usa voter,1611,1,0,1,0,0,0,0,1,0,0,0,1,0,0,1
1741usa voter,1611,1,1,0,0,1,0,1,0,0,0,0,0,0,1,1
1741usa voter,1611,2,0,1,0,0,1,0,0,1,0,0,1,0,1,1
1741usa voter,1611,2,1,0,0,0,0,0,0,1,0,0,0,0,0,1
1741usa voter,1611,3,0,0,0,1,0,0,1,0,0,0,1,0,0,0
1741usa voter,1611,3,1,0,0,1,1,0,0,0,1,1,0,0,0,1
1742usa voter,1612,1,1,1,0,0,0,0,0,1,0,0,0,0,0,0
1742usa voter,1612,1,0,0,0,0,1,0,1,0,0,0,1,0,1,0
1742usa voter,1612,2,1,0,1,0,0,0,0,1,0,0,1,1,0,0
1742usa voter,1612,2,0,0,0,1,0,0,0,1,0,1,0,1,0,0
1742usa voter,1612,3,0,1,0,0,0,1,0,1,0,1,0,1,0,0
1742usa voter,1612,3,1,0,1,0,0,0,0,0,0,0,0,1,0,0
1743usa voter,1613,1,1,0,1,0,0,1,1,0,0,1,0,0,0,0
1743usa voter,1613,1,0,0,1,0,0,1,0,0,0,0,0,0,1,1
1743usa voter,1613,2,1,0,1,0,0,1,1,0,0,0,1,0,0,1
1743usa voter,1613,2,0,0,1,0,0,0,1,0,0,1,0,1,0,0
1743usa voter,1613,3,1,0,0,1,0,0,0,0,0,0,0,0,0,1
1743usa voter,1613,3,0,0,0,1,1,0,0,0,0,1,0,1,0,0
1744usa voter,1614,1,1,0,0,0,0,0,0,1,0,0,0,0,0,1
1744usa voter,1614,1,0,0,0,0,0,1,0,0,0,0,1,0,0,1
1744usa voter,1614,2,1,0,0,0,0,0,0,1,0,0,0,1,0,1
1744usa voter,1614,2,0,0,0,0,1,0,0,0,1,0,1,1,0,1
1744usa voter,1614,3,0,1,0,0,0,1,0,1,0,0,1,0,0,0
1744usa voter,1614,3,1,0,0,1,0,0,1,0,0,0,0,0,1,0
1746usa voter,1615,1,0,0,1,0,1,0,1,0,0,0,0,0,0,1
1746usa voter,1615,1,1,0,0,0,1,0,0,1,0,1,0,1,0,1
1746usa voter,1615,2,1,0,1,0,0,1,0,1,0,0,1,0,1,0
1746usa voter,1615,2,0,1,0,0,0,1,1,0,0,0,1,0,0,0
1746usa voter,1615,3,1,1,0,0,0,0,0,1,0,1,0,0,1,0
1746usa voter,1615,3,0,0,0,0,0,0,0,0,0,1,0,1,0,1
1749usa voter,1616,1,0,0,1,0,1,0,1,0,0,0,1,1,0,1
1749usa voter,1616,1,1,0,0,1,0,0,0,1,0,1,0,1,0,1
1749usa voter,1616,2,0,1,0,0,0,1,0,0,0,1,0,0,0,1
1749usa voter,1616,2,1,0,0,0,0,0,0,0,0,0,0,1,0,0
1749usa voter,1616,3,0,0,0,1,1,0,1,0,0,0,0,1,0,1
1749usa voter,1616,3,1,0,1,0,1,0,0,0,1,0,1,0,1,0
1750usa voter,1617,1,1,0,0,1,0,0,0,1,0,0,0,1,0,0
1750usa voter,1617,1,0,0,1,0,1,0,0,0,0,0,0,1,0,0
1750usa voter,1617,2,0,0,0,0,0,1,0,0,0,1,0,1,0,0
1750usa voter,1617,2,1,0,1,0,1,0,0,0,1,0,0,0,0,1
1750usa voter,1617,3,0,0,0,0,0,0,0,0,1,0,0,0,1,1
1750usa voter,1617,3,1,0,1,0,1,0,1,0,0,1,0,0,1,0
1751usa voter,1618,1,1,0,1,0,0,1,0,1,0,1,0,0,0,1
1751usa voter,1618,1,0,0,0,0,0,1,0,0,0,1,0,1,0,0
1751usa voter,1618,2,1,0,0,0,1,0,0,0,0,0,1,1,0,0
1751usa voter,1618,2,0,0,0,1,0,0,0,1,0,0,0,0,0,0
1751usa voter,1618,3,1,0,1,0,0,1,0,0,0,0,0,1,0,1
1751usa voter,1618,3,0,1,0,0,0,1,1,0,0,0,0,0,1,1
1752usa voter,1619,1,0,0,0,0,1,0,0,0,0,0,1,0,1,0
1752usa voter,1619,1,1,0,1,0,0,0,0,1,0,0,0,0,1,1
1752usa voter,1619,2,1,0,0,1,1,0,0,0,0,1,0,0,0,1
1752usa voter,1619,2,0,0,0,0,0,1,1,0,0,0,0,1,0,0
1752usa voter,1619,3,1,0,0,0,1,0,0,1,0,0,1,1,0,0
1752usa voter,1619,3,0,0,0,0,0,0,1,0,0,0,1,0,1,0
1753usa voter,1620,1,0,1,0,0,0,1,0,0,1,1,0,0,0,0
1753usa voter,1620,1,1,1,0,0,0,0,0,0,0,0,1,1,0,0
1753usa voter,1620,2,0,1,0,0,1,0,0,1,0,0,0,0,0,1
1753usa voter,1620,2,1,0,0,0,1,0,0,0,0,1,0,1,0,0
1753usa voter,1620,3,0,0,0,0,0,1,0,0,1,0,0,0,0,1
1753usa voter,1620,3,1,0,0,0,0,0,0,0,1,0,1,0,0,0
1754usa voter,1621,1,1,0,1,0,1,0,0,0,0,1,0,1,0,1
1754usa voter,1621,1,0,1,0,0,0,0,1,0,0,0,1,1,0,1
1754usa voter,1621,2,1,0,1,0,0,1,0,1,0,0,1,1,0,0
1754usa voter,1621,2,0,0,0,1,0,1,1,0,0,0,0,0,0,0
1754usa voter,1621,3,1,0,1,0,1,0,0,1,0,0,0,1,0,0
1754usa voter,1621,3,0,0,0,0,1,0,0,0,0,0,1,0,0,0
1755usa voter,1622,1,0,0,1,0,0,0,0,0,0,0,0,0,0,1
1755usa voter,1622,1,1,0,0,0,1,0,1,0,0,0,1,1,0,0
1755usa voter,1622,2,1,1,0,0,0,1,0,0,1,1,0,0,1,0
1755usa voter,1622,2,0,0,0,1,0,0,1,0,0,0,1,0,1,1
1755usa voter,1622,3,0,0,0,1,0,1,1,0,0,1,0,0,0,1
1755usa voter,1622,3,1,0,1,0,1,0,1,0,0,1,0,1,0,0
1756usa voter,1623,1,1,0,0,0,0,1,0,1,0,0,1,0,1,1
1756usa voter,1623,1,0,0,0,0,0,0,0,1,0,1,0,0,1,0
1756usa voter,1623,2,1,1,0,0,1,0,1,0,0,0,0,0,1,0
1756usa voter,1623,2,0,0,0,0,0,1,0,0,1,1,0,0,0,0
1756usa voter,1623,3,1,0,0,1,1,0,0,0,0,1,0,0,1,0
1756usa voter,1623,3,0,1,0,0,0,0,0,0,0,0,0,1,0,0
1757usa voter,1624,1,0,0,0,0,0,0,1,0,0,0,0,0,1,0
1757usa voter,1624,1,1,1,0,0,0,0,0,1,0,1,0,0,0,0
1757usa voter,1624,2,0,0,0,0,0,1,1,0,0,1,0,0,0,1
1757usa voter,1624,2,1,0,1,0,0,1,1,0,0,0,0,0,0,1
1757usa voter,1624,3,1,0,0,1,0,0,0,0,0,0,1,1,0,0
1757usa voter,1624,3,0,0,0,0,0,0,1,0,0,0,1,0,1,1
1758usa voter,1625,1,1,0,1,0,0,1,0,0,0,1,0,0,1,1
1758usa voter,1625,1,0,0,1,0,0,1,0,1,0,0,0,0,0,0
1758usa voter,1625,2,1,1,0,0,0,0,0,0,1,0,0,0,1,1
1758usa voter,1625,2,0,0,0,0,0,1,0,0,1,0,1,0,0,0
1758usa voter,1625,3,0,0,0,1,0,0,0,0,0,0,1,0,1,0
1758usa voter,1625,3,1,0,1,0,1,0,0,1,0,1,0,0,0,1
1759usa voter,1626,1,1,1,0,0,0,1,0,1,0,1,0,1,0,0
1759usa voter,1626,1,0,0,1,0,1,0,1,0,0,0,1,0,0,0
1759usa voter,1626,2,1,1,0,0,1,0,0,0,1,1,0,0,1,1
1759usa voter,1626,2,0,1,0,0,0,1,0,1,0,0,0,0,1,1
1759usa voter,1626,3,1,1,0,0,0,1,0,0,1,0,1,0,0,0
1759usa voter,1626,3,0,1,0,0,0,0,0,0,1,1,0,1,0,1
1760usa voter,1627,1,1,1,0,0,1,0,0,1,0,0,1,0,0,1
1760usa voter,1627,1,0,1,0,0,0,0,1,0,0,0,1,0,1,1
1760usa voter,1627,2,1,0,0,1,0,1,0,1,0,1,0,0,0,0
1760usa voter,1627,2,0,0,0,0,0,1,0,1,0,0,0,1,0,0
1760usa voter,1627,3,1,0,1,0,0,1,0,1,0,0,1,0,0,0
1760usa voter,1627,3,0,1,0,0,0,1,0,0,1,0,1,1,0,0
1761usa voter,1628,1,0,0,0,1,0,0,0,0,1,0,0,1,0,1
1761usa voter,1628,1,1,0,0,0,1,0,0,1,0,0,1,0,0,0
1761usa voter,1628,2,0,0,0,1,0,0,0,1,0,0,1,0,1,1
1761usa voter,1628,2,1,1,0,0,0,1,1,0,0,0,1,0,1,1
1761usa voter,1628,3,0,0,0,0,0,1,1,0,0,1,0,1,0,0
1761usa voter,1628,3,1,1,0,0,1,0,0,0,1,1,0,0,1,1
1762usa voter,1629,1,1,0,1,0,1,0,1,0,0,0,1,0,0,0
1762usa voter,1629,1,0,0,0,0,0,0,0,0,0,0,0,1,0,1
1762usa voter,1629,2,0,0,0,0,1,0,0,1,0,0,0,0,1,0
1762usa voter,1629,2,1,0,1,0,0,1,1,0,0,0,0,0,1,0
1762usa voter,1629,3,0,1,0,0,1,0,1,0,0,1,0,0,0,0
1762usa voter,1629,3,1,0,1,0,1,0,1,0,0,0,0,0,1,0
1763usa voter,1630,1,0,1,0,0,0,1,1,0,0,0,0,1,0,1
1763usa voter,1630,1,1,0,0,0,0,0,1,0,0,1,0,0,0,1
1763usa voter,1630,2,1,1,0,0,0,1,0,0,0,0,0,0,0,1
1763usa voter,1630,2,0,0,0,1,1,0,1,0,0,1,0,1,0,1
1763usa voter,1630,3,1,0,1,0,0,0,1,0,0,0,0,0,1,0
1763usa voter,1630,3,0,0,0,1,0,1,0,0,1,1,0,1,0,0
1764usa voter,1631,1,0,1,0,0,0,1,0,0,1,0,0,0,0,1
1764usa voter,1631,1,1,0,1,0,0,1,0,0,0,0,1,1,0,0
1764usa voter,1631,2,1,0,0,0,1,0,0,0,0,1,0,1,0,0
1764usa voter,1631,2,0,0,1,0,0,0,0,0,1,0,0,0,0,1
1764usa voter,1631,3,0,0,1,0,0,0,1,0,0,0,1,1,0,0
1764usa voter,1631,3,1,0,1,0,1,0,0,1,0,0,1,0,1,1
1765usa voter,1632,1,1,0,0,1,0,0,0,0,0,0,0,0,1,0
1765usa voter,1632,1,0,0,1,0,1,0,0,1,0,0,1,0,1,1
1765usa voter,1632,2,1,0,1,0,1,0,0,0,1,0,0,0,1,0
1765usa voter,1632,2,0,0,0,1,0,0,0,0,0,0,1,0,1,1
1765usa voter,1632,3,0,0,1,0,1,0,0,0,0,0,1,0,0,0
1765usa voter,1632,3,1,0,1,0,1,0,0,0,1,1,0,0,0,1
1766usa voter,1633,1,0,0,0,0,0,0,0,1,0,0,1,0,0,0
1766usa voter,1633,1,1,1,0,0,0,1,0,0,0,1,0,0,1,1
1766usa voter,1633,2,1,0,0,1,0,1,0,0,1,0,1,0,0,0
1766usa voter,1633,2,0,0,0,0,0,1,0,0,1,0,1,0,0,0
1766usa voter,1633,3,0,1,0,0,0,0,0,0,0,0,0,0,1,0
1766usa voter,1633,3,1,0,1,0,0,0,0,1,0,0,1,0,0,0
1767usa voter,1634,1,0,0,0,0,0,0,0,0,1,0,0,0,0,1
1767usa voter,1634,1,1,0,1,0,0,0,1,0,0,0,0,0,0,1
1767usa voter,1634,2,1,0,1,0,0,0,0,0,0,1,0,1,0,1
1767usa voter,1634,2,0,0,0,0,0,1,0,1,0,0,1,0,0,0
1767usa voter,1634,3,1,0,0,1,0,0,0,1,0,0,0,0,0,0
1767usa voter,1634,3,0,0,0,0,0,1,0,1,0,0,1,0,1,0
1768usa voter,1635,1,1,0,0,1,0,1,1,0,0,1,0,0,1,1
1768usa voter,1635,1,0,0,1,0,0,0,0,1,0,1,0,0,1,1
1768usa voter,1635,2,1,0,1,0,0,0,0,0,1,0,1,0,1,0
1768usa voter,1635,2,0,1,0,0,0,0,1,0,0,1,0,1,0,1
1768usa voter,1635,3,0,0,0,0,0,1,1,0,0,0,0,0,1,1
1768usa voter,1635,3,1,1,0,0,1,0,1,0,0,1,0,0,1,0
1769usa voter,1636,1,0,0,1,0,0,0,0,0,0,0,0,0,0,1
1769usa voter,1636,1,1,1,0,0,1,0,1,0,0,0,1,0,1,0
1769usa voter,1636,2,0,0,0,0,1,0,1,0,0,1,0,0,1,1
1769usa voter,1636,2,1,1,0,0,0,0,0,0,0,0,0,0,0,0
1769usa voter,1636,3,0,0,1,0,0,1,0,1,0,0,0,0,1,0
1769usa voter,1636,3,1,0,0,1,1,0,0,1,0,0,0,0,1,1
1770usa voter,1637,1,0,0,0,0,0,1,0,1,0,1,0,0,0,1
1770usa voter,1637,1,1,0,0,1,1,0,0,0,0,0,1,0,1,1
1770usa voter,1637,2,1,1,0,0,0,0,0,1,0,0,0,1,0,0
1770usa voter,1637,2,0,1,0,0,0,0,0,1,0,0,0,0,1,0
1770usa voter,1637,3,0,0,0,1,0,0,0,1,0,0,0,0,0,0
1770usa voter,1637,3,1,0,0,0,0,0,0,0,0,1,0,1,0,1
1771usa voter,1638,1,0,1,0,0,0,0,0,0,0,1,0,0,0,1
1771usa voter,1638,1,1,1,0,0,0,0,1,0,0,1,0,1,0,0
1771usa voter,1638,2,1,0,0,0,1,0,0,0,0,0,1,0,0,0
1771usa voter,1638,2,0,1,0,0,1,0,0,0,0,0,1,0,1,1
1771usa voter,1638,3,0,0,0,1,0,1,0,1,0,1,0,0,1,1
1771usa voter,1638,3,1,0,1,0,0,1,0,0,1,0,0,0,0,0
1772usa voter,1639,1,0,0,1,0,0,0,0,0,0,0,0,1,0,0
1772usa voter,1639,1,1,0,0,1,0,0,0,0,1,1,0,1,0,0
1772usa voter,1639,2,1,0,0,1,0,1,0,0,0,0,1,0,1,1
1772usa voter,1639,2,0,1,0,0,0,1,1,0,0,0,0,0,1,0
1772usa voter,1639,3,1,0,1,0,0,1,0,0,0,1,0,0,0,0
1772usa voter,1639,3,0,0,1,0,0,1,1,0,0,0,1,0,0,0
1773usa voter,1640,1,0,0,0,0,1,0,0,0,0,0,1,0,0,1
1773usa voter,1640,1,1,0,0,1,0,0,0,0,1,0,0,1,0,0
1773usa voter,1640,2,0,0,0,0,0,0,0,0,0,0,0,1,0,0
1773usa voter,1640,2,1,0,0,1,0,1,0,1,0,0,0,0,1,0
1773usa voter,1640,3,1,0,0,1,1,0,0,0,1,0,0,0,0,1
1773usa voter,1640,3,0,0,0,0,1,0,1,0,0,1,0,1,0,1
1774usa voter,1641,1,0,0,0,0,1,0,0,1,0,0,0,0,0,0
1774usa voter,1641,1,1,0,1,0,1,0,0,0,0,0,0,0,1,1
1774usa voter,1641,2,1,1,0,0,0,1,1,0,0,0,1,1,0,0
1774usa voter,1641,2,0,1,0,0,0,1,0,0,1,0,0,1,0,0
1774usa voter,1641,3,0,1,0,0,0,0,1,0,0,1,0,0,1,0
1774usa voter,1641,3,1,1,0,0,1,0,0,0,1,0,0,0,0,1
1775usa voter,1642,1,1,0,0,1,0,1,0,1,0,1,0,0,1,0
1775usa voter,1642,1,0,1,0,0,1,0,0,0,0,0,1,0,1,0
1775usa voter,1642,2,0,1,0,0,0,0,1,0,0,0,0,0,1,0
1775usa voter,1642,2,1,1,0,0,0,1,0,0,0,0,1,0,0,0
1775usa voter,1642,3,1,1,0,0,1,0,0,0,1,1,0,0,0,1
1775usa voter,1642,3,0,0,0,0,0,0,0,0,0,1,0,0,0,0
1776usa voter,1643,1,1,0,0,1,0,0,0,0,0,1,0,1,0,0
1776usa voter,1643,1,0,1,0,0,0,1,0,0,0,1,0,0,1,1
1776usa voter,1643,2,0,1,0,0,0,1,0,1,0,0,1,1,0,1
1776usa voter,1643,2,1,1,0,0,0,0,1,0,0,1,0,1,0,0
1776usa voter,1643,3,0,1,0,0,0,1,0,0,0,0,0,0,1,0
1776usa voter,1643,3,1,0,0,0,0,1,1,0,0,0,0,0,1,1
1777usa voter,1644,1,1,1,0,0,0,0,1,0,0,0,0,0,0,1
1777usa voter,1644,1,0,0,0,0,0,1,0,1,0,1,0,0,0,0
1777usa voter,1644,2,1,0,0,1,0,1,0,1,0,0,1,1,0,1
1777usa voter,1644,2,0,0,0,1,0,1,0,0,0,0,1,0,1,1
1777usa voter,1644,3,1,0,0,0,0,0,0,0,0,0,0,1,0,0
1777usa voter,1644,3,0,0,1,0,1,0,1,0,0,0,0,0,1,1
1778usa voter,1645,1,1,0,1,0,1,0,1,0,0,0,0,0,0,1
1778usa voter,1645,1,0,0,0,0,0,0,1,0,0,0,0,0,0,1
1778usa voter,1645,2,1,0,0,1,1,0,0,1,0,1,0,0,0,1
1778usa voter,1645,2,0,0,0,1,1,0,1,0,0,0,0,0,1,0
1778usa voter,1645,3,0,0,0,0,0,0,0,1,0,0,0,0,0,0
1778usa voter,1645,3,1,0,0,1,0,0,0,1,0,0,1,0,0,1
1779usa voter,1646,1,0,0,1,0,0,0,1,0,0,1,0,1,0,1
1779usa voter,1646,1,1,0,0,1,1,0,1,0,0,1,0,1,0,0
1779usa voter,1646,3,1,0,0,0,1,0,0,0,0,0,0,0,0,0
1779usa voter,1646,3,0,0,0,0,0,1,0,0,0,1,0,1,0,1
1780usa voter,1647,1,0,0,0,1,0,1,0,1,0,0,0,0,1,0
1780usa voter,1647,1,1,0,1,0,1,0,0,0,1,0,0,1,0,1
1780usa voter,1647,2,0,1,0,0,0,0,0,0,1,1,0,1,0,1
1780usa voter,1647,2,1,0,1,0,0,1,0,0,0,0,1,1,0,0
1780usa voter,1647,3,0,0,0,0,1,0,0,0,0,0,0,0,1,1
1780usa voter,1647,3,1,0,0,1,0,0,0,0,0,0,1,0,0,1
1781usa voter,1648,1,0,0,0,0,0,0,0,0,1,1,0,0,1,0
1781usa voter,1648,1,1,1,0,0,0,0,0,0,0,0,0,1,0,1
1781usa voter,1648,2,1,0,0,0,0,1,1,0,0,0,1,1,0,1
1781usa voter,1648,2,0,0,1,0,0,0,1,0,0,0,1,0,1,0
1781usa voter,1648,3,1,1,0,0,0,0,0,0,0,0,0,0,1,1
1781usa voter,1648,3,0,0,0,0,0,1,1,0,0,0,1,1,0,0
1783usa voter,1649,1,1,1,0,0,1,0,0,0,0,0,1,1,0,1
1783usa voter,1649,1,0,0,0,0,0,1,0,1,0,1,0,1,0,1
1783usa voter,1649,2,1,0,0,1,1,0,0,0,0,1,0,0,0,0
1783usa voter,1649,2,0,0,1,0,1,0,1,0,0,1,0,0,1,1
1783usa voter,1649,3,1,0,1,0,0,0,0,0,1,1,0,0,1,0
1783usa voter,1649,3,0,0,0,0,0,1,1,0,0,1,0,0,1,1
1784usa voter,1650,1,0,1,0,0,1,0,1,0,0,0,0,0,0,1
1784usa voter,1650,1,1,0,1,0,0,0,0,1,0,0,0,1,0,1
1784usa voter,1650,2,0,0,0,0,0,0,1,0,0,0,0,0,1,0
1784usa voter,1650,2,1,0,0,0,0,1,0,0,1,1,0,0,1,1
1784usa voter,1650,3,0,0,0,1,1,0,1,0,0,1,0,0,1,0
1784usa voter,1650,3,1,0,0,1,0,1,0,0,0,0,1,1,0,1
1785usa voter,1651,1,1,1,0,0,1,0,0,0,0,0,1,1,0,1
1785usa voter,1651,1,0,0,1,0,0,0,1,0,0,0,0,0,0,0
1785usa voter,1651,2,0,0,0,0,0,1,1,0,0,0,0,0,0,0
1785usa voter,1651,2,1,0,0,0,0,1,0,0,0,1,0,1,0,0
1785usa voter,1651,3,1,0,1,0,0,1,0,0,1,0,1,0,1,1
1785usa voter,1651,3,0,1,0,0,0,0,1,0,0,1,0,0,1,0
1787usa voter,1652,1,1,0,1,0,0,1,0,1,0,0,0,0,1,1
1787usa voter,1652,1,0,0,1,0,1,0,0,1,0,0,0,0,1,0
1787usa voter,1652,2,0,0,0,0,1,0,0,0,0,0,0,1,0,0
1787usa voter,1652,2,1,0,0,1,0,0,1,0,0,0,0,0,1,1
1787usa voter,1652,3,1,0,0,1,0,0,0,0,1,1,0,1,0,0
1787usa voter,1652,3,0,1,0,0,0,0,0,0,0,1,0,1,0,0
1788usa voter,1653,1,0,1,0,0,0,1,0,1,0,0,1,0,1,1
1788usa voter,1653,1,1,0,0,1,1,0,0,0,1,0,0,0,0,1
1788usa voter,1653,2,0,1,0,0,1,0,0,0,0,1,0,0,0,1
1788usa voter,1653,2,1,0,1,0,0,1,0,1,0,0,0,0,0,1
1788usa voter,1653,3,0,0,0,1,0,0,0,1,0,0,0,0,1,0
1788usa voter,1653,3,1,0,1,0,1,0,0,0,1,1,0,0,1,0
1789usa voter,1654,1,1,1,0,0,0,1,0,0,0,0,1,0,0,0
1789usa voter,1654,1,0,1,0,0,0,0,0,0,0,1,0,0,0,1
1789usa voter,1654,2,1,0,1,0,1,0,0,1,0,0,0,1,0,1
1789usa voter,1654,2,0,0,0,0,1,0,0,1,0,0,1,0,0,0
1789usa voter,1654,3,0,1,0,0,1,0,0,0,0,0,0,1,0,0
1789usa voter,1654,3,1,0,0,1,1,0,1,0,0,1,0,1,0,0
1790usa voter,1655,1,1,0,0,1,0,1,0,1,0,0,1,0,0,1
1790usa voter,1655,1,0,0,0,1,1,0,0,0,1,0,1,0,1,0
1790usa voter,1655,2,0,0,1,0,0,0,1,0,0,0,0,1,0,1
1790usa voter,1655,2,1,0,0,1,0,0,0,0,0,1,0,0,1,1
1790usa voter,1655,3,1,1,0,0,1,0,0,1,0,1,0,1,0,0
1790usa voter,1655,3,0,0,1,0,0,1,0,0,1,1,0,0,1,0
1791usa voter,1656,1,1,1,0,0,1,0,1,0,0,0,0,1,0,1
1791usa voter,1656,1,0,0,0,1,0,1,0,0,1,0,0,0,0,0
1791usa voter,1656,2,0,1,0,0,0,1,1,0,0,1,0,1,0,0
1791usa voter,1656,2,1,0,1,0,0,0,0,1,0,0,0,0,0,0
1791usa voter,1656,3,0,1,0,0,1,0,0,0,1,1,0,1,0,1
1791usa voter,1656,3,1,0,0,0,0,0,0,1,0,1,0,1,0,1
1792usa voter,1657,1,1,0,0,0,1,0,0,0,0,0,1,1,0,0
1792usa voter,1657,1,0,0,1,0,0,1,0,1,0,1,0,0,0,0
1792usa voter,1657,2,1,0,1,0,0,0,1,0,0,1,0,0,0,1
1792usa voter,1657,2,0,1,0,0,0,0,1,0,0,1,0,1,0,0
1792usa voter,1657,3,0,0,0,0,1,0,0,0,1,0,1,0,1,1
1792usa voter,1657,3,1,0,1,0,0,0,0,0,0,0,0,0,0,1
1793usa voter,1658,1,0,0,1,0,1,0,0,1,0,0,1,0,0,1
1793usa voter,1658,1,1,1,0,0,0,1,0,0,1,0,0,0,1,1
1793usa voter,1658,2,1,0,0,1,0,0,0,0,1,0,0,0,1,1
1793usa voter,1658,2,0,1,0,0,0,1,0,0,1,0,0,1,0,0
1793usa voter,1658,3,1,0,1,0,0,1,1,0,0,0,0,0,1,0
1793usa voter,1658,3,0,1,0,0,1,0,0,0,1,0,1,0,0,1
1794usa voter,1659,1,0,0,0,0,0,0,0,0,1,0,1,1,0,0
1794usa voter,1659,1,1,1,0,0,0,1,0,0,1,1,0,1,0,0
1794usa voter,1659,2,0,0,1,0,0,0,0,0,1,0,1,0,1,0
1794usa voter,1659,2,1,0,0,1,1,0,0,1,0,0,1,1,0,0
1794usa voter,1659,3,0,0,1,0,0,0,0,0,0,0,0,0,1,0
1794usa voter,1659,3,1,1,0,0,1,0,0,0,0,0,0,1,0,0
1795usa voter,1660,1,0,0,0,0,0,1,1,0,0,0,1,1,0,1
1795usa voter,1660,1,1,0,1,0,1,0,0,0,0,0,0,0,1,1
1795usa voter,1660,2,1,1,0,0,0,0,0,0,0,0,0,1,0,0
1795usa voter,1660,2,0,0,0,1,0,0,1,0,0,0,1,0,0,1
1795usa voter,1660,3,1,1,0,0,0,0,0,0,1,0,1,0,1,1
1795usa voter,1660,3,0,1,0,0,0,1,0,0,0,1,0,1,0,0
1796usa voter,1661,1,1,0,0,0,0,1,0,0,1,1,0,1,0,1
1796usa voter,1661,1,0,0,1,0,0,0,1,0,0,0,0,0,0,0
1796usa voter,1661,2,1,0,0,0,0,0,0,1,0,0,1,1,0,1
1796usa voter,1661,2,0,0,1,0,0,1,1,0,0,0,0,0,0,0
1796usa voter,1661,3,1,0,0,0,0,1,0,0,1,0,0,0,0,0
1796usa voter,1661,3,0,0,0,1,0,0,0,0,0,1,0,1,0,1
1797usa voter,1662,1,0,1,0,0,0,0,1,0,0,1,0,0,1,0
1797usa voter,1662,1,1,0,1,0,0,0,0,0,1,0,0,1,0,1
1797usa voter,1662,2,1,0,1,0,1,0,0,0,1,0,1,0,1,0
1797usa voter,1662,2,0,0,1,0,0,1,0,1,0,0,0,1,0,0
1797usa voter,1662,3,0,1,0,0,0,1,0,1,0,0,1,0,1,0
1797usa voter,1662,3,1,1,0,0,1,0,1,0,0,1,0,0,1,0
1798usa voter,1663,1,1,0,1,0,0,1,0,0,0,0,1,0,0,1
1798usa voter,1663,1,0,0,1,0,1,0,0,0,1,0,0,0,1,0
1798usa voter,1663,2,0,1,0,0,0,1,0,1,0,0,0,1,0,0
1798usa voter,1663,2,1,0,1,0,1,0,1,0,0,1,0,0,1,0
1798usa voter,1663,3,0,0,0,0,0,1,0,1,0,0,1,1,0,0
1798usa voter,1663,3,1,1,0,0,0,0,0,1,0,1,0,0,1,1
1799usa voter,1664,1,0,1,0,0,1,0,0,0,1,0,0,0,0,0
1799usa voter,1664,1,1,0,1,0,0,0,0,1,0,1,0,0,1,0
1799usa voter,1664,2,0,0,0,0,0,1,0,0,0,0,0,1,0,1
1799usa voter,1664,2,1,0,0,0,1,0,0,0,1,0,1,0,0,1
1799usa voter,1664,3,0,1,0,0,0,0,0,0,0,1,0,0,0,0
1799usa voter,1664,3,1,0,0,0,0,1,0,0,0,1,0,0,1,1
1800usa voter,1665,1,1,1,0,0,0,0,0,0,0,0,0,0,0,1
1800usa voter,1665,1,0,0,1,0,1,0,0,0,0,1,0,0,0,1
1800usa voter,1665,2,0,0,0,0,0,1,0,0,1,0,0,1,0,1
1800usa voter,1665,2,1,0,1,0,1,0,0,0,1,1,0,0,0,0
1800usa voter,1665,3,1,1,0,0,0,1,0,1,0,1,0,0,1,0
1800usa voter,1665,3,0,0,0,0,0,0,0,0,1,0,1,0,0,1
1801usa voter,1666,1,1,0,1,0,0,1,1,0,0,1,0,0,1,1
1801usa voter,1666,1,0,0,1,0,0,0,0,0,0,1,0,0,0,1
1801usa voter,1666,2,0,0,0,0,0,1,1,0,0,1,0,1,0,0
1801usa voter,1666,2,1,0,1,0,0,0,0,0,0,0,0,1,0,1
1801usa voter,1666,3,1,0,1,0,0,1,1,0,0,1,0,0,1,0
1801usa voter,1666,3,0,0,0,1,0,0,0,1,0,1,0,0,0,0
1803usa voter,1667,1,0,0,0,0,0,1,0,1,0,0,0,1,0,1
1803usa voter,1667,1,1,0,0,1,0,1,0,0,1,0,1,0,1,1
1803usa voter,1667,2,1,1,0,0,0,0,0,0,1,1,0,1,0,1
1803usa voter,1667,2,0,0,0,0,0,1,0,0,1,1,0,0,0,0
1803usa voter,1667,3,1,1,0,0,1,0,0,0,0,1,0,0,1,1
1803usa voter,1667,3,0,0,1,0,0,0,0,0,0,0,1,0,1,0
1804usa voter,1668,1,1,0,1,0,0,1,0,1,0,0,1,0,0,1
1804usa voter,1668,1,0,1,0,0,0,0,0,1,0,1,0,0,0,0
1804usa voter,1668,2,1,0,0,1,1,0,0,1,0,0,1,0,0,0
1804usa voter,1668,2,0,1,0,0,1,0,1,0,0,0,1,1,0,0
1804usa voter,1668,3,0,0,0,0,0,0,1,0,0,1,0,0,0,1
1804usa voter,1668,3,1,0,1,0,0,1,0,1,0,1,0,0,1,1
1805usa voter,1669,1,0,0,0,0,1,0,0,1,0,0,1,0,1,1
1805usa voter,1669,1,1,0,0,1,0,1,1,0,0,0,0,1,0,1
1805usa voter,1669,2,1,0,0,1,0,1,0,1,0,0,1,1,0,1
1805usa voter,1669,2,0,0,0,0,0,1,0,0,1,0,1,0,1,1
1805usa voter,1669,3,1,0,0,0,0,1,1,0,0,0,1,1,0,0
1805usa voter,1669,3,0,0,1,0,1,0,0,0,0,0,1,0,0,0
1806usa voter,1670,1,0,0,0,0,0,0,1,0,0,0,0,1,0,1
1806usa voter,1670,1,1,0,0,0,1,0,1,0,0,0,1,0,0,1
1806usa voter,1670,2,0,0,0,1,1,0,0,0,0,1,0,0,0,1
1806usa voter,1670,2,1,0,0,0,1,0,0,0,0,0,1,0,0,0
1806usa voter,1670,3,0,0,1,0,1,0,1,0,0,0,0,1,0,1
1806usa voter,1670,3,1,0,0,0,1,0,0,0,1,0,1,0,1,0
1807usa voter,1671,1,1,0,0,0,1,0,0,0,0,0,0,1,0,1
1807usa voter,1671,1,0,0,0,1,1,0,0,0,1,0,0,1,0,0
1807usa voter,1671,2,1,0,0,0,0,1,0,1,0,0,1,1,0,0
1807usa voter,1671,2,0,1,0,0,1,0,1,0,0,1,0,0,1,1
1807usa voter,1671,3,0,0,1,0,1,0,0,1,0,1,0,1,0,1
1807usa voter,1671,3,1,0,1,0,0,1,1,0,0,1,0,0,1,1
1808usa voter,1672,1,0,0,1,0,0,1,0,0,1,0,0,1,0,0
1808usa voter,1672,1,1,1,0,0,0,0,0,0,0,0,1,1,0,0
1808usa voter,1672,2,1,0,1,0,0,1,0,1,0,0,0,0,1,1
1808usa voter,1672,2,0,1,0,0,0,1,0,0,1,1,0,0,1,1
1808usa voter,1672,3,1,1,0,0,1,0,1,0,0,0,1,1,0,0
1808usa voter,1672,3,0,0,0,1,0,1,0,0,0,0,0,0,0,1
1809usa voter,1673,1,1,0,0,0,0,1,0,0,1,0,0,0,1,0
1809usa voter,1673,1,0,0,0,1,1,0,0,0,0,0,1,1,0,0
1809usa voter,1673,2,1,0,0,0,0,1,0,1,0,0,1,0,1,1
1809usa voter,1673,2,0,0,1,0,0,0,0,0,0,1,0,0,0,0
1809usa voter,1673,3,1,1,0,0,1,0,0,0,1,0,0,0,1,1
1809usa voter,1673,3,0,1,0,0,0,0,0,0,0,1,0,0,0,1
1810usa voter,1674,1,0,1,0,0,1,0,0,1,0,0,0,0,1,1
1810usa voter,1674,1,1,1,0,0,1,0,0,0,1,1,0,1,0,1
1810usa voter,1674,2,1,1,0,0,1,0,0,1,0,0,0,1,0,1
1810usa voter,1674,2,0,0,1,0,0,0,0,0,0,0,0,0,0,0
1810usa voter,1674,3,0,0,0,1,1,0,0,0,0,1,0,1,0,1
1810usa voter,1674,3,1,0,1,0,0,1,0,0,1,0,0,1,0,0
1811usa voter,1675,1,1,0,1,0,0,0,1,0,0,0,1,1,0,1
1811usa voter,1675,1,0,1,0,0,0,1,0,1,0,1,0,0,0,0
1811usa voter,1675,2,0,1,0,0,0,1,0,0,0,1,0,0,1,0
1811usa voter,1675,2,1,0,0,0,0,0,0,0,1,0,1,0,1,1
1811usa voter,1675,3,0,0,0,0,0,1,0,1,0,0,1,0,1,1
1811usa voter,1675,3,1,1,0,0,0,0,1,0,0,1,0,1,0,0
1812usa voter,1676,1,1,0,1,0,0,1,0,0,1,0,1,1,0,0
1812usa voter,1676,1,0,0,0,1,0,0,1,0,0,0,0,1,0,0
1812usa voter,1676,2,0,1,0,0,1,0,0,0,0,0,0,1,0,0
1812usa voter,1676,2,1,0,1,0,0,1,0,0,1,0,0,1,0,1
1812usa voter,1676,3,0,1,0,0,0,1,0,0,1,0,0,1,0,0
1812usa voter,1676,3,1,0,0,0,1,0,0,0,0,0,0,0,1,0
1813usa voter,1677,1,0,0,1,0,1,0,1,0,0,0,0,0,0,1
1813usa voter,1677,1,1,0,0,0,0,0,0,1,0,0,1,0,1,0
1813usa voter,1677,2,1,0,1,0,0,1,0,1,0,0,1,1,0,0
1813usa voter,1677,2,0,0,0,1,0,0,0,1,0,0,1,0,1,0
1813usa voter,1677,3,0,1,0,0,0,1,0,1,0,1,0,0,0,1
1813usa voter,1677,3,1,0,0,1,1,0,0,0,1,0,1,0,1,1
1814usa voter,1678,1,0,0,0,1,0,0,0,0,1,0,0,0,1,1
1814usa voter,1678,1,1,0,1,0,0,1,0,1,0,0,0,0,0,0
1814usa voter,1678,2,0,0,1,0,1,0,1,0,0,0,0,0,1,1
1814usa voter,1678,2,1,1,0,0,1,0,0,0,1,1,0,0,1,1
1814usa voter,1678,3,0,0,0,0,0,1,0,1,0,0,0,0,1,1
1814usa voter,1678,3,1,1,0,0,1,0,0,0,1,1,0,0,0,0
1815usa voter,1679,1,1,0,0,1,0,0,0,0,1,0,0,0,0,1
1815usa voter,1679,1,0,0,0,0,0,1,0,0,1,0,1,1,0,0
1815usa voter,1679,2,1,0,0,1,0,1,0,1,0,0,1,0,1,1
1815usa voter,1679,2,0,0,1,0,0,0,0,1,0,0,1,0,1,1
1815usa voter,1679,3,0,1,0,0,0,1,0,0,0,0,0,0,1,0
1815usa voter,1679,3,1,0,1,0,0,0,1,0,0,1,0,1,0,0
1817usa voter,1680,1,0,1,0,0,1,0,0,0,1,0,0,0,0,0
1817usa voter,1680,1,1,0,0,1,1,0,0,0,1,1,0,1,0,0
1817usa voter,1680,2,1,1,0,0,1,0,1,0,0,0,1,0,0,0
1817usa voter,1680,2,0,0,0,0,0,0,1,0,0,1,0,0,1,1
1817usa voter,1680,3,0,0,0,1,1,0,1,0,0,0,0,0,0,0
1817usa voter,1680,3,1,1,0,0,0,0,0,0,1,1,0,1,0,0
1818usa voter,1681,1,1,0,0,0,0,1,1,0,0,0,1,0,0,1
1818usa voter,1681,1,0,0,1,0,0,0,1,0,0,0,1,1,0,0
1818usa voter,1681,2,1,1,0,0,1,0,0,0,0,0,0,1,0,1
1818usa voter,1681,2,0,0,1,0,1,0,0,1,0,0,0,0,1,1
1819usa voter,1682,1,1,0,0,0,0,0,0,0,0,0,0,0,0,1
1819usa voter,1682,1,0,1,0,0,0,0,0,1,0,0,1,1,0,1
1819usa voter,1682,2,1,0,0,1,0,1,0,1,0,0,1,0,1,0
1819usa voter,1682,2,0,0,0,1,1,0,0,0,0,1,0,0,1,0
1819usa voter,1682,3,0,0,1,0,0,1,0,0,0,1,0,0,1,1
1819usa voter,1682,3,1,0,1,0,0,1,0,1,0,0,1,0,1,1
1820usa voter,1683,1,0,0,0,0,0,1,0,0,0,0,1,1,0,1
1820usa voter,1683,1,1,0,0,1,1,0,0,0,0,0,1,0,1,0
1820usa voter,1683,2,1,1,0,0,0,0,1,0,0,1,0,1,0,1
1820usa voter,1683,2,0,0,0,0,1,0,0,0,1,0,1,0,1,1
1820usa voter,1683,3,1,0,1,0,1,0,1,0,0,0,0,0,0,0
1820usa voter,1683,3,0,1,0,0,1,0,1,0,0,0,1,0,0,0
1821usa voter,1684,1,0,0,0,0,0,0,0,0,0,1,0,0,1,0
1821usa voter,1684,1,1,1,0,0,0,1,0,0,0,1,0,1,0,0
1821usa voter,1684,2,1,0,1,0,0,1,0,0,1,1,0,1,0,0
1821usa voter,1684,2,0,1,0,0,0,0,0,0,0,1,0,1,0,1
1821usa voter,1684,3,0,0,0,0,0,1,0,0,0,0,0,0,1,0
1821usa voter,1684,3,1,0,0,1,0,0,1,0,0,1,0,1,0,1
1822usa voter,1685,1,0,0,0,0,1,0,1,0,0,0,0,0,0,0
1822usa voter,1685,1,1,0,0,1,0,0,0,0,1,0,0,0,0,0
1822usa voter,1685,2,0,0,1,0,0,1,0,0,1,0,0,1,0,1
1822usa voter,1685,2,1,0,1,0,1,0,0,1,0,1,0,0,1,0
1822usa voter,1685,3,1,0,0,0,1,0,1,0,0,0,1,1,0,1
1822usa voter,1685,3,0,1,0,0,0,0,1,0,0,1,0,0,0,1
1823usa voter,1686,1,0,0,0,0,1,0,1,0,0,0,1,0,1,0
1823usa voter,1686,1,1,0,0,0,0,1,0,0,0,0,1,0,1,0
1823usa voter,1686,2,1,1,0,0,0,0,1,0,0,1,0,0,0,1
1823usa voter,1686,2,0,1,0,0,0,1,0,0,1,1,0,0,1,0
1823usa voter,1686,3,1,0,0,0,1,0,0,0,0,0,1,1,0,1
1823usa voter,1686,3,0,1,0,0,1,0,1,0,0,1,0,1,0,0
1824usa voter,1687,1,1,1,0,0,1,0,0,0,1,0,0,1,0,0
1824usa voter,1687,1,0,0,0,0,0,0,0,1,0,0,1,1,0,1
1824usa voter,1687,2,0,0,0,0,1,0,1,0,0,0,1,0,1,0
1824usa voter,1687,2,1,0,0,1,0,1,0,0,1,1,0,0,0,0
1824usa voter,1687,3,1,0,1,0,0,0,0,0,0,0,0,0,0,0
1824usa voter,1687,3,0,1,0,0,1,0,1,0,0,1,0,0,1,1
1825usa voter,1688,1,1,1,0,0,0,0,0,1,0,0,0,1,0,1
1825usa voter,1688,1,0,1,0,0,0,1,0,0,1,1,0,0,0,0
1825usa voter,1688,2,1,0,0,0,0,1,0,0,0,0,0,0,1,1
1825usa voter,1688,2,0,0,1,0,0,1,0,1,0,0,1,1,0,0
1825usa voter,1688,3,1,0,1,0,0,1,0,1,0,1,0,0,1,0
1825usa voter,1688,3,0,0,0,1,1,0,1,0,0,1,0,0,1,1
1826usa voter,1689,1,0,1,0,0,0,0,0,0,1,0,0,1,0,1
1826usa voter,1689,1,1,1,0,0,0,0,0,0,1,0,0,0,1,0
1826usa voter,1689,2,0,0,1,0,0,0,0,0,0,0,1,0,1,0
1826usa voter,1689,2,1,0,1,0,0,1,0,1,0,0,0,0,1,1
1826usa voter,1689,3,0,0,0,0,0,0,1,0,0,0,1,0,1,1
1826usa voter,1689,3,1,0,0,1,0,0,0,0,0,0,1,1,0,1
1827usa voter,1690,1,0,1,0,0,0,1,0,0,0,1,0,0,0,1
1827usa voter,1690,1,1,1,0,0,1,0,0,0,0,0,0,0,0,0
1827usa voter,1690,2,0,1,0,0,1,0,0,0,0,0,0,0,1,0
1827usa voter,1690,2,1,0,0,1,0,0,0,1,0,0,0,1,0,1
1827usa voter,1690,3,1,1,0,0,0,1,0,0,1,0,1,0,0,0
1827usa voter,1690,3,0,0,0,1,1,0,0,0,0,1,0,0,0,0
1828usa voter,1691,1,1,0,0,1,0,0,0,1,0,0,0,1,0,1
1828usa voter,1691,1,0,0,1,0,1,0,0,0,0,1,0,0,1,0
1828usa voter,1691,2,1,0,0,1,1,0,1,0,0,1,0,1,0,0
1828usa voter,1691,2,0,1,0,0,0,0,1,0,0,0,1,0,0,0
1828usa voter,1691,3,0,0,0,0,0,1,0,1,0,1,0,1,0,1
1828usa voter,1691,3,1,0,0,0,0,1,0,1,0,0,0,0,0,1
1829usa voter,1692,1,0,0,0,0,0,0,0,0,1,0,1,0,0,1
1829usa voter,1692,1,1,0,0,0,0,1,1,0,0,0,0,0,1,1
1829usa voter,1692,2,1,0,0,1,0,0,0,1,0,1,0,0,0,1
1829usa voter,1692,2,0,0,1,0,0,0,1,0,0,0,0,0,1,0
1829usa voter,1692,3,1,0,1,0,1,0,0,0,1,0,0,0,1,0
1829usa voter,1692,3,0,0,0,0,1,0,0,1,0,0,1,1,0,1
1830usa voter,1693,1,1,0,0,1,1,0,1,0,0,0,0,0,0,1
1830usa voter,1693,1,0,1,0,0,0,1,0,0,1,0,0,1,0,1
1830usa voter,1693,2,1,0,1,0,0,1,0,1,0,0,0,1,0,1
1830usa voter,1693,2,0,0,1,0,1,0,0,0,1,0,1,0,1,1
1830usa voter,1693,3,0,1,0,0,1,0,0,1,0,0,1,1,0,0
1830usa voter,1693,3,1,0,0,1,1,0,0,0,0,1,0,0,0,1
1831usa voter,1694,1,0,0,0,0,0,1,0,0,1,0,1,1,0,1
1831usa voter,1694,1,1,0,1,0,0,1,0,0,1,0,1,0,1,0
1831usa voter,1694,2,0,1,0,0,0,1,0,0,0,0,0,0,0,0
1831usa voter,1694,2,1,1,0,0,0,0,1,0,0,0,0,0,1,1
1831usa voter,1694,3,0,0,0,1,1,0,0,1,0,0,1,0,1,1
1831usa voter,1694,3,1,1,0,0,0,1,0,1,0,1,0,0,1,1
1832usa voter,1695,1,1,0,0,0,0,1,0,0,1,0,1,0,1,0
1832usa voter,1695,1,0,0,1,0,0,1,0,0,1,0,0,1,0,1
1832usa voter,1695,2,0,1,0,0,1,0,0,0,1,0,1,1,0,1
1832usa voter,1695,2,1,0,0,0,1,0,0,1,0,0,0,0,1,1
1832usa voter,1695,3,1,0,0,1,0,0,0,0,0,0,1,1,0,0
1832usa voter,1695,3,0,0,0,0,0,1,0,0,0,0,0,0,0,0
1833usa voter,1696,1,0,1,0,0,0,0,1,0,0,1,0,0,0,0
1833usa voter,1696,1,1,0,0,1,1,0,0,1,0,1,0,0,0,1
1833usa voter,1696,2,0,0,0,0,0,1,0,0,0,0,1,1,0,0
1833usa voter,1696,2,1,0,1,0,1,0,0,0,0,0,1,1,0,0
1833usa voter,1696,3,1,0,1,0,1,0,1,0,0,0,0,0,0,0
1833usa voter,1696,3,0,0,1,0,0,1,1,0,0,0,0,0,0,0
1834usa voter,1697,1,1,0,0,0,0,0,0,0,1,0,1,0,0,0
1834usa voter,1697,1,0,0,0,0,0,0,0,0,0,1,0,0,1,1
1834usa voter,1697,2,1,0,0,1,0,1,0,0,1,0,1,0,0,1
1834usa voter,1697,2,0,0,1,0,0,1,0,1,0,1,0,1,0,1
1834usa voter,1697,3,0,0,0,0,0,0,0,0,1,0,1,1,0,0
1834usa voter,1697,3,1,1,0,0,0,0,0,0,0,0,1,1,0,1
1836usa voter,1698,1,1,0,0,1,1,0,0,0,0,0,0,1,0,1
1836usa voter,1698,1,0,0,1,0,1,0,0,1,0,0,1,0,0,0
1836usa voter,1698,2,1,1,0,0,0,0,1,0,0,0,0,0,1,0
1836usa voter,1698,2,0,0,0,1,1,0,0,1,0,0,1,0,1,0
1836usa voter,1698,3,1,0,0,1,0,1,0,0,0,1,0,0,0,0
1836usa voter,1698,3,0,1,0,0,0,1,0,1,0,0,1,1,0,1
1837usa voter,1699,1,0,0,0,0,0,1,1,0,0,1,0,0,1,0
1837usa voter,1699,1,1,0,0,0,1,0,1,0,0,1,0,0,0,0
1837usa voter,1699,2,0,1,0,0,0,1,1,0,0,0,1,0,0,1
1837usa voter,1699,2,1,0,1,0,0,0,0,0,0,0,1,1,0,0
1837usa voter,1699,3,0,0,0,0,1,0,0,0,0,0,1,1,0,1
1837usa voter,1699,3,1,0,1,0,0,0,0,0,1,0,1,0,1,1
1838usa voter,1700,1,1,0,0,0,0,0,0,0,1,1,0,1,0,1
1838usa voter,1700,1,0,0,1,0,0,1,0,0,0,0,0,1,0,1
1838usa voter,1700,2,1,0,0,1,1,0,1,0,0,1,0,0,1,0
1838usa voter,1700,2,0,0,1,0,0,0,0,0,0,1,0,0,0,0
1838usa voter,1700,3,0,0,0,1,0,0,1,0,0,1,0,0,1,0
1838usa voter,1700,3,1,0,1,0,0,0,0,1,0,0,0,0,0,0
1839usa voter,1701,1,1,0,0,0,0,0,0,0,0,0,1,1,0,1
1839usa voter,1701,1,0,0,0,0,0,0,0,0,0,0,0,0,1,0
1839usa voter,1701,2,1,0,0,0,0,1,0,1,0,0,0,1,0,0
1839usa voter,1701,2,0,0,1,0,0,1,0,0,1,0,0,1,0,1
1839usa voter,1701,3,1,0,0,0,0,1,0,0,1,0,1,1,0,0
1839usa voter,1701,3,0,0,0,1,1,0,0,0,1,0,1,1,0,0
1840usa voter,1702,1,1,1,0,0,0,1,1,0,0,1,0,1,0,1
1840usa voter,1702,1,0,1,0,0,0,0,0,0,0,0,1,0,1,0
1840usa voter,1702,2,1,0,1,0,0,0,0,0,1,0,0,0,0,0
1840usa voter,1702,2,0,0,1,0,0,0,0,0,1,0,0,0,1,1
1840usa voter,1702,3,1,0,1,0,1,0,1,0,0,1,0,1,0,0
1840usa voter,1702,3,0,1,0,0,0,0,0,0,0,0,1,1,0,1
1841usa voter,1703,1,0,0,0,0,0,1,0,0,0,1,0,0,1,1
1841usa voter,1703,1,1,0,0,0,0,0,0,0,1,1,0,0,1,0
1841usa voter,1703,2,1,0,1,0,0,0,0,0,1,0,0,1,0,1
1841usa voter,1703,2,0,0,0,1,0,0,0,1,0,0,0,0,0,0
1841usa voter,1703,3,1,1,0,0,1,0,1,0,0,0,0,0,1,0
1841usa voter,1703,3,0,1,0,0,0,0,1,0,0,0,0,0,1,0
1842usa voter,1704,1,0,0,0,1,0,0,0,0,0,1,0,0,0,0
1842usa voter,1704,1,1,0,0,1,0,1,1,0,0,1,0,0,1,1
1842usa voter,1704,2,0,0,1,0,0,1,0,0,0,0,0,0,0,0
1842usa voter,1704,2,1,0,1,0,0,1,0,0,1,0,0,1,0,0
1842usa voter,1704,3,0,0,0,0,0,0,0,0,1,1,0,1,0,0
1842usa voter,1704,3,1,0,1,0,0,0,0,0,1,1,0,1,0,0
1843usa voter,1705,1,1,1,0,0,0,1,0,1,0,1,0,0,1,0
1843usa voter,1705,1,0,1,0,0,0,1,0,0,1,0,1,0,1,0
1843usa voter,1705,2,0,0,0,1,0,0,0,1,0,0,1,0,1,0
1843usa voter,1705,2,1,0,0,0,0,1,1,0,0,0,1,0,0,0
1843usa voter,1705,3,1,0,0,1,1,0,0,0,0,0,1,1,0,1
1843usa voter,1705,3,0,0,0,1,0,0,0,1,0,0,1,1,0,1
1844usa voter,1706,1,0,0,1,0,0,0,0,1,0,0,0,1,0,0
1844usa voter,1706,1,1,0,1,0,0,1,0,0,1,0,1,0,1,0
1844usa voter,1706,2,0,0,0,0,0,1,0,0,1,0,0,0,1,1
1844usa voter,1706,2,1,0,0,0,0,0,0,0,1,0,1,0,1,0
1844usa voter,1706,3,1,1,0,0,1,0,0,1,0,1,0,0,0,0
1844usa voter,1706,3,0,0,0,0,0,0,0,1,0,0,1,0,0,0
1845usa voter,1707,1,1,0,1,0,1,0,0,0,0,0,1,1,0,0
1845usa voter,1707,1,0,1,0,0,0,1,0,0,0,1,0,0,0,1
1845usa voter,1707,2,0,0,0,1,1,0,1,0,0,0,1,0,1,0
1845usa voter,1707,2,1,0,0,0,1,0,0,1,0,1,0,0,0,1
1845usa voter,1707,3,1,1,0,0,0,1,0,1,0,0,0,0,0,0
1845usa voter,1707,3,0,0,0,1,0,0,0,1,0,0,1,0,0,0
1846usa voter,1708,1,0,1,0,0,0,0,0,1,0,0,0,0,0,0
1846usa voter,1708,1,1,1,0,0,1,0,0,0,0,1,0,1,0,0
1846usa voter,1708,2,1,0,0,1,0,0,0,1,0,0,0,1,0,0
1846usa voter,1708,2,0,0,1,0,1,0,0,0,0,1,0,0,0,0
1846usa voter,1708,3,1,1,0,0,1,0,0,0,1,1,0,0,0,1
1846usa voter,1708,3,0,0,0,0,1,0,0,1,0,0,0,0,0,1
1847usa voter,1709,1,1,1,0,0,0,0,1,0,0,0,1,0,0,1
1847usa voter,1709,1,0,0,0,1,1,0,0,1,0,0,1,0,1,1
1847usa voter,1709,2,0,0,0,1,0,1,0,0,0,0,1,1,0,1
1847usa voter,1709,2,1,0,1,0,0,0,0,0,0,1,0,0,0,0
1847usa voter,1709,3,0,0,1,0,0,0,0,0,1,0,0,1,0,0
1847usa voter,1709,3,1,0,1,0,0,0,1,0,0,0,1,0,1,1
1848usa voter,1710,1,0,0,0,0,0,0,0,1,0,0,0,0,1,1
1848usa voter,1710,1,1,0,0,1,0,1,0,0,0,0,1,1,0,0
1848usa voter,1710,2,1,1,0,0,1,0,0,0,0,1,0,1,0,1
1848usa voter,1710,2,0,0,0,1,0,0,0,0,1,1,0,0,1,1
1848usa voter,1710,3,0,0,0,0,0,1,1,0,0,0,1,0,1,1
1848usa voter,1710,3,1,0,0,0,1,0,0,1,0,0,0,0,1,1
1850usa voter,1711,1,0,0,1,0,0,0,1,0,0,0,0,0,1,0
1850usa voter,1711,1,1,0,0,0,1,0,0,0,1,0,0,0,1,0
1850usa voter,1711,2,1,0,1,0,0,1,0,0,1,1,0,1,0,0
1850usa voter,1711,2,0,0,0,0,0,0,1,0,0,0,0,1,0,0
1850usa voter,1711,3,0,1,0,0,0,0,0,0,1,1,0,1,0,0
1850usa voter,1711,3,1,0,0,1,0,1,0,0,1,0,1,1,0,1
1851usa voter,1712,1,1,0,1,0,0,0,0,1,0,1,0,0,0,0
1851usa voter,1712,1,0,1,0,0,0,1,1,0,0,0,1,1,0,0
1851usa voter,1712,2,0,0,0,1,1,0,0,1,0,1,0,1,0,1
1851usa voter,1712,2,1,1,0,0,1,0,0,0,1,0,1,1,0,1
1851usa voter,1712,3,1,1,0,0,0,1,1,0,0,0,0,1,0,1
1851usa voter,1712,3,0,0,1,0,0,0,1,0,0,1,0,0,0,1
1852usa voter,1713,1,0,0,0,0,1,0,0,0,0,0,1,0,1,1
1852usa voter,1713,1,1,0,0,0,0,1,0,0,0,0,1,1,0,1
1852usa voter,1713,2,0,0,1,0,1,0,0,0,1,1,0,1,0,0
1852usa voter,1713,2,1,0,0,1,1,0,0,1,0,0,0,0,0,0
1852usa voter,1713,3,0,0,0,0,0,0,0,0,0,0,1,0,1,1
1852usa voter,1713,3,1,0,0,0,1,0,0,0,1,1,0,0,0,1
1853usa voter,1714,1,0,0,1,0,0,1,0,0,1,0,1,0,0,1
1853usa voter,1714,1,1,0,0,0,0,1,0,0,1,0,0,0,0,1
1853usa voter,1714,2,0,1,0,0,0,1,0,0,1,0,0,1,0,1
1853usa voter,1714,2,1,0,0,0,0,1,0,0,0,0,0,1,0,0
1853usa voter,1714,3,1,0,0,0,1,0,0,0,0,0,1,0,1,0
1853usa voter,1714,3,0,0,1,0,1,0,0,0,0,1,0,1,0,1
1854usa voter,1715,1,0,0,0,0,0,1,0,0,0,0,0,1,0,1
1854usa voter,1715,1,1,1,0,0,1,0,1,0,0,1,0,1,0,1
1854usa voter,1715,2,0,1,0,0,0,0,1,0,0,1,0,1,0,0
1854usa voter,1715,2,1,1,0,0,0,0,0,1,0,1,0,0,1,1
1854usa voter,1715,3,0,0,0,0,0,1,0,0,0,0,1,0,0,0
1854usa voter,1715,3,1,1,0,0,1,0,0,0,1,1,0,1,0,0
1855usa voter,1716,1,0,1,0,0,0,0,1,0,0,0,0,1,0,0
1855usa voter,1716,1,1,1,0,0,0,1,0,0,1,1,0,0,1,1
1855usa voter,1716,2,1,0,1,0,0,1,0,0,0,0,0,0,1,0
1855usa voter,1716,2,0,0,1,0,0,1,0,0,1,0,1,0,0,1
1855usa voter,1716,3,0,1,0,0,0,1,0,0,0,0,0,0,0,1
1855usa voter,1716,3,1,1,0,0,0,1,0,0,0,0,1,0,1,1
1856usa voter,1717,1,0,1,0,0,0,1,1,0,0,0,1,0,0,1
1856usa voter,1717,1,1,0,0,1,1,0,0,0,1,0,0,1,0,0
1856usa voter,1717,2,1,0,0,0,1,0,0,0,1,0,0,0,0,1
1856usa voter,1717,2,0,0,0,0,0,0,0,1,0,1,0,0,0,1
1856usa voter,1717,3,0,1,0,0,0,0,0,0,0,0,0,0,0,0
1856usa voter,1717,3,1,0,1,0,1,0,1,0,0,1,0,0,1,0
1857usa voter,1718,1,1,1,0,0,0,0,1,0,0,0,0,0,1,1
1857usa voter,1718,1,0,0,0,0,1,0,0,0,1,0,1,0,0,1
1857usa voter,1718,2,0,1,0,0,0,1,0,0,0,0,0,0,1,0
1857usa voter,1718,2,1,0,1,0,0,1,1,0,0,0,1,0,0,1
1857usa voter,1718,3,1,0,0,1,1,0,0,0,1,1,0,0,1,0
1857usa voter,1718,3,0,1,0,0,0,0,0,0,1,0,0,0,0,0
1858usa voter,1719,1,0,0,1,0,0,1,0,0,0,1,0,0,1,0
1858usa voter,1719,1,1,1,0,0,0,0,1,0,0,1,0,0,0,1
1858usa voter,1719,2,1,1,0,0,1,0,1,0,0,0,0,0,0,0
1858usa voter,1719,2,0,1,0,0,1,0,0,0,1,0,0,0,1,0
1858usa voter,1719,3,0,0,1,0,0,0,0,0,1,0,0,0,1,1
1858usa voter,1719,3,1,0,1,0,0,1,0,1,0,1,0,0,0,1
1859usa voter,1720,1,1,0,0,0,0,0,0,0,0,0,0,0,0,1
1859usa voter,1720,1,0,0,0,1,1,0,0,0,1,1,0,0,0,0
1859usa voter,1720,2,1,1,0,0,0,0,0,1,0,1,0,0,0,0
1859usa voter,1720,2,0,0,0,1,0,1,0,1,0,0,1,1,0,0
1859usa voter,1720,3,1,0,1,0,1,0,0,0,1,0,0,0,0,1
1859usa voter,1720,3,0,0,0,1,0,0,0,1,0,0,1,0,0,1
1860usa voter,1721,1,0,0,0,1,0,0,0,1,0,0,1,0,1,0
1860usa voter,1721,1,1,0,1,0,1,0,1,0,0,1,0,0,1,0
1860usa voter,1721,2,0,0,0,1,1,0,0,0,0,0,1,0,1,1
1860usa voter,1721,2,1,0,0,1,0,0,1,0,0,0,0,1,0,0
1860usa voter,1721,3,0,0,0,1,0,0,1,0,0,1,0,1,0,0
1860usa voter,1721,3,1,0,0,1,1,0,0,1,0,1,0,0,1,0
1861usa voter,1722,1,1,1,0,0,0,0,0,1,0,0,1,1,0,1
1861usa voter,1722,1,0,1,0,0,0,1,0,0,1,1,0,0,1,0
1861usa voter,1722,2,0,1,0,0,1,0,1,0,0,1,0,0,0,1
1861usa voter,1722,2,1,1,0,0,0,1,0,0,0,0,1,0,1,0
1861usa voter,1722,3,0,0,0,1,0,0,1,0,0,0,1,0,0,0
1861usa voter,1722,3,1,1,0,0,1,0,0,1,0,1,0,0,0,0
1862usa voter,1723,1,0,0,0,0,0,1,0,0,0,0,1,0,0,0
1862usa voter,1723,1,1,0,0,0,0,1,0,0,0,0,1,0,1,1
1862usa voter,1723,2,1,0,0,0,0,1,0,0,1,1,0,0,0,0
1862usa voter,1723,2,0,0,0,0,0,0,0,0,1,0,0,0,0,1
1862usa voter,1723,3,0,0,0,0,0,1,0,0,1,0,0,0,1,1
1862usa voter,1723,3,1,0,0,1,1,0,0,1,0,1,0,1,0,1
1863usa voter,1724,1,1,0,1,0,0,0,0,0,1,0,0,0,0,0
1863usa voter,1724,1,0,1,0,0,0,1,0,0,0,0,0,0,1,0
1863usa voter,1724,2,1,1,0,0,0,1,0,1,0,1,0,1,0,0
1863usa voter,1724,2,0,0,1,0,1,0,1,0,0,1,0,0,0,1
1863usa voter,1724,3,0,1,0,0,1,0,1,0,0,0,0,1,0,1
1863usa voter,1724,3,1,1,0,0,0,0,0,1,0,1,0,0,1,1
1864usa voter,1725,2,1,0,0,1,1,0,0,1,0,0,1,1,0,0
1864usa voter,1725,2,0,0,0,1,0,0,0,1,0,0,1,0,1,0
1865usa voter,1726,1,0,0,1,0,1,0,0,0,1,1,0,0,0,0
1865usa voter,1726,1,1,0,0,0,1,0,1,0,0,0,1,0,1,0
1865usa voter,1726,2,1,1,0,0,0,1,0,0,0,0,1,1,0,1
1865usa voter,1726,2,0,0,0,1,1,0,0,0,0,0,1,0,0,0
1865usa voter,1726,3,1,0,0,0,1,0,1,0,0,0,0,1,0,0
1865usa voter,1726,3,0,0,1,0,0,0,1,0,0,0,1,0,1,1
1868usa voter,1727,1,1,0,1,0,0,0,1,0,0,1,0,1,0,1
1868usa voter,1727,1,0,1,0,0,0,0,0,1,0,1,0,0,0,0
1868usa voter,1727,2,1,1,0,0,0,1,0,0,1,0,0,0,1,1
1868usa voter,1727,2,0,0,1,0,0,0,0,0,0,0,0,0,0,0
1868usa voter,1727,3,0,0,0,0,0,1,0,0,0,0,1,1,0,0
1868usa voter,1727,3,1,0,0,0,1,0,0,1,0,1,0,0,0,1
1869usa voter,1728,1,0,0,0,0,1,0,0,0,0,0,1,0,0,0
1869usa voter,1728,1,1,0,0,1,0,1,0,0,0,0,1,1,0,0
1869usa voter,1728,2,1,0,0,1,1,0,0,1,0,0,0,1,0,1
1869usa voter,1728,2,0,0,0,1,0,0,0,1,0,0,0,1,0,1
1869usa voter,1728,3,1,0,1,0,0,1,0,0,1,0,0,1,0,0
1869usa voter,1728,3,0,0,0,0,0,1,0,0,0,1,0,0,0,1
1870usa voter,1729,1,1,1,0,0,1,0,0,0,0,0,1,0,1,1
1870usa voter,1729,1,0,0,0,1,0,1,0,0,1,0,1,1,0,0
1870usa voter,1729,2,0,0,1,0,0,1,0,1,0,1,0,1,0,0
1870usa voter,1729,2,1,0,0,1,1,0,0,0,1,1,0,1,0,0
1870usa voter,1729,3,0,0,1,0,0,1,1,0,0,1,0,1,0,0
1870usa voter,1729,3,1,0,0,1,1,0,0,1,0,0,1,1,0,0
1871usa voter,1730,1,1,0,0,1,1,0,0,0,0,1,0,0,1,1
1871usa voter,1730,1,0,0,0,0,0,0,0,1,0,0,0,1,0,1
1872usa voter,1731,1,1,0,0,0,1,0,1,0,0,1,0,1,0,0
1872usa voter,1731,1,0,1,0,0,0,0,0,0,0,0,0,1,0,1
1872usa voter,1731,2,1,0,0,0,0,1,1,0,0,0,1,0,0,1
1872usa voter,1731,2,0,0,0,1,1,0,0,0,0,0,0,0,0,1
1872usa voter,1731,3,0,0,0,0,1,0,0,1,0,0,0,0,1,0
1872usa voter,1731,3,1,0,1,0,0,0,1,0,0,0,1,1,0,0
1874usa voter,1732,1,1,0,1,0,0,1,0,1,0,0,1,0,1,0
1874usa voter,1732,1,0,1,0,0,1,0,1,0,0,1,0,1,0,0
1874usa voter,1732,2,0,0,1,0,1,0,1,0,0,0,0,0,1,0
1874usa voter,1732,2,1,0,0,1,0,1,1,0,0,0,0,1,0,1
1874usa voter,1732,3,1,0,0,1,0,1,0,0,0,0,0,1,0,0
1874usa voter,1732,3,0,0,0,1,0,0,0,1,0,0,1,1,0,1
1875usa voter,1733,1,0,0,0,0,0,1,0,0,1,0,1,1,0,0
1875usa voter,1733,1,1,1,0,0,0,0,0,1,0,0,1,1,0,1
1875usa voter,1733,2,1,1,0,0,0,0,0,1,0,0,0,0,1,1
1875usa voter,1733,2,0,0,0,0,0,1,1,0,0,1,0,0,1,1
1875usa voter,1733,3,1,0,0,1,0,1,0,0,1,0,1,0,1,1
1875usa voter,1733,3,0,0,0,0,1,0,0,0,1,0,1,0,1,1
1876usa voter,1734,1,1,0,0,0,0,1,0,0,1,1,0,0,0,0
1876usa voter,1734,1,0,0,0,0,1,0,0,0,0,1,0,0,1,1
1876usa voter,1734,2,0,0,0,1,1,0,1,0,0,0,0,0,1,1
1876usa voter,1734,2,1,0,0,0,0,1,1,0,0,0,0,0,0,1
1876usa voter,1734,3,0,0,0,1,0,1,0,1,0,0,1,0,1,1
1876usa voter,1734,3,1,1,0,0,0,0,0,0,0,0,0,1,0,1
1877usa voter,1735,1,0,0,1,0,1,0,0,0,1,1,0,0,0,1
1877usa voter,1735,1,1,0,0,0,0,0,0,1,0,0,0,0,1,0
1877usa voter,1735,2,1,0,1,0,0,0,0,0,1,0,0,0,1,1
1877usa voter,1735,2,0,1,0,0,0,1,1,0,0,0,1,1,0,0
1877usa voter,1735,3,0,0,0,1,0,0,0,1,0,0,1,0,1,0
1877usa voter,1735,3,1,0,0,1,0,1,0,1,0,1,0,0,1,1
1878usa voter,1736,1,0,0,0,0,0,0,0,0,1,0,0,0,0,1
1878usa voter,1736,1,1,0,0,1,0,0,0,0,1,0,0,0,1,1
1878usa voter,1736,2,1,0,1,0,0,1,1,0,0,1,0,0,0,1
1878usa voter,1736,2,0,0,1,0,0,1,0,0,1,1,0,0,1,0
1878usa voter,1736,3,0,0,0,0,0,1,0,0,0,0,0,0,1,0
1878usa voter,1736,3,1,1,0,0,0,0,0,0,0,1,0,1,0,0
1879usa voter,1737,1,1,1,0,0,0,0,0,0,1,1,0,1,0,1
1879usa voter,1737,1,0,0,0,0,0,0,0,1,0,1,0,1,0,0
1879usa voter,1737,2,1,0,1,0,0,1,0,0,1,0,1,0,1,0
1879usa voter,1737,2,0,1,0,0,1,0,0,1,0,0,0,0,0,0
1879usa voter,1737,3,1,0,0,0,0,0,0,1,0,0,0,0,0,1
1879usa voter,1737,3,0,1,0,0,0,1,0,1,0,0,1,0,0,1
1880usa voter,1738,1,1,0,0,1,0,0,0,0,0,0,1,1,0,1
1880usa voter,1738,1,0,0,1,0,0,0,0,0,0,0,0,0,0,1
1880usa voter,1738,2,1,0,1,0,1,0,0,1,0,1,0,0,1,1
1880usa voter,1738,2,0,0,0,1,1,0,0,0,1,1,0,0,1,1
1880usa voter,1738,3,0,0,0,1,0,1,0,0,0,0,0,0,1,1
1880usa voter,1738,3,1,1,0,0,1,0,0,1,0,0,1,0,1,1
1881usa voter,1739,1,1,0,1,0,0,0,1,0,0,0,0,1,0,1
1881usa voter,1739,1,0,0,1,0,1,0,0,0,1,0,0,0,0,0
1881usa voter,1739,2,0,0,1,0,0,1,0,1,0,1,0,1,0,1
1881usa voter,1739,2,1,0,0,1,1,0,0,0,0,1,0,0,0,0
1881usa voter,1739,3,0,0,1,0,1,0,0,0,1,0,0,0,0,0
1881usa voter,1739,3,1,0,1,0,1,0,1,0,0,0,1,0,1,0
1882usa voter,1740,1,0,0,0,0,1,0,1,0,0,1,0,1,0,0
1882usa voter,1740,1,1,0,0,0,1,0,1,0,0,1,0,1,0,1
1882usa voter,1740,2,1,0,0,0,0,0,0,0,1,1,0,0,1,1
1882usa voter,1740,2,0,0,1,0,0,1,0,0,1,0,1,0,1,0
1882usa voter,1740,3,0,1,0,0,1,0,0,0,0,1,0,0,0,1
1882usa voter,1740,3,1,0,1,0,0,0,0,0,0,0,1,0,0,0
1883usa voter,1741,2,0,0,1,0,1,0,1,0,0,1,0,1,0,1
1883usa voter,1741,2,1,0,1,0,0,1,1,0,0,0,0,0,0,1
1883usa voter,1741,3,1,0,1,0,1,0,0,1,0,1,0,0,0,1
1883usa voter,1741,3,0,1,0,0,0,1,0,1,0,0,0,1,0,1
1884usa voter,1742,1,0,0,0,1,1,0,0,0,0,0,0,1,0,0
1884usa voter,1742,1,1,0,0,1,1,0,1,0,0,1,0,0,1,0
1884usa voter,1742,2,0,0,0,0,0,0,0,0,0,0,1,0,1,1
1884usa voter,1742,2,1,1,0,0,0,0,0,0,1,0,0,0,0,1
1884usa voter,1742,3,1,0,0,1,0,0,0,0,0,0,0,1,0,1
1884usa voter,1742,3,0,1,0,0,0,0,0,1,0,0,1,0,0,0
1885usa voter,1743,1,1,1,0,0,1,0,1,0,0,0,1,1,0,1
1885usa voter,1743,1,0,0,1,0,0,0,0,1,0,0,0,0,0,0
1885usa voter,1743,2,1,0,0,1,0,1,0,0,1,1,0,0,1,0
1885usa voter,1743,2,0,1,0,0,1,0,0,0,1,0,0,0,0,1
1885usa voter,1743,3,1,0,0,1,0,0,0,0,0,1,0,1,0,1
1885usa voter,1743,3,0,1,0,0,0,1,0,0,0,0,1,0,1,1
1886usa voter,1744,1,1,0,0,1,0,1,1,0,0,0,0,1,0,0
1886usa voter,1744,1,0,0,1,0,0,0,0,0,1,1,0,0,1,0
1886usa voter,1744,2,1,0,0,1,0,1,0,1,0,1,0,0,0,1
1886usa voter,1744,2,0,0,0,0,0,0,0,0,0,0,0,0,0,1
1886usa voter,1744,3,1,0,0,0,1,0,0,0,1,0,1,1,0,1
1886usa voter,1744,3,0,0,0,0,0,0,0,0,0,0,1,0,1,0
1887usa voter,1745,1,1,0,0,1,0,1,0,0,1,1,0,1,0,1
1887usa voter,1745,1,0,1,0,0,0,1,0,1,0,0,0,0,0,1
1887usa voter,1745,2,0,0,0,0,1,0,1,0,0,0,1,0,1,1
1887usa voter,1745,2,1,0,0,1,1,0,0,1,0,1,0,0,0,0
1887usa voter,1745,3,1,0,0,1,1,0,0,1,0,1,0,0,1,1
1887usa voter,1745,3,0,0,1,0,0,0,0,0,1,0,1,0,1,1
1888usa voter,1746,1,1,1,0,0,1,0,0,1,0,0,0,0,0,1
1888usa voter,1746,1,0,0,0,0,1,0,0,1,0,1,0,0,1,1
1888usa voter,1746,2,0,0,0,1,0,1,0,1,0,0,0,1,0,1
1888usa voter,1746,2,1,0,0,1,0,0,1,0,0,0,1,1,0,0
1888usa voter,1746,3,0,0,0,0,0,1,1,0,0,0,0,0,0,1
1888usa voter,1746,3,1,0,0,1,1,0,0,1,0,1,0,1,0,1
1892usa voter,1747,1,1,0,1,0,0,0,0,1,0,1,0,1,0,1
1892usa voter,1747,1,0,0,0,0,1,0,0,0,0,0,0,0,0,0
1892usa voter,1747,2,1,0,1,0,0,0,1,0,0,1,0,0,0,1
1892usa voter,1747,2,0,1,0,0,0,0,1,0,0,1,0,0,1,0
1892usa voter,1747,3,0,0,0,0,0,1,0,0,1,0,1,0,1,0
1892usa voter,1747,3,1,0,0,0,0,1,0,0,1,0,0,1,0,0
1894usa voter,1748,1,0,0,1,0,1,0,0,0,0,0,0,0,0,1
1894usa voter,1748,1,1,0,0,0,0,1,0,0,1,0,0,1,0,1
1894usa voter,1748,2,0,0,1,0,1,0,0,1,0,0,0,0,0,1
1894usa voter,1748,2,1,0,0,1,0,1,1,0,0,1,0,1,0,1
1894usa voter,1748,3,0,0,0,0,0,1,0,0,0,0,0,0,1,1
1894usa voter,1748,3,1,0,0,0,1,0,0,0,1,0,0,1,0,1
1895usa voter,1749,1,1,0,1,0,1,0,0,0,1,0,0,1,0,1
1895usa voter,1749,1,0,0,1,0,0,1,0,1,0,0,1,0,1,1
1895usa voter,1749,2,0,0,0,0,0,1,0,1,0,0,1,0,1,0
1895usa voter,1749,2,1,0,0,1,0,0,0,1,0,0,0,0,0,1
1895usa voter,1749,3,0,0,0,0,1,0,0,1,0,1,0,0,1,1
1895usa voter,1749,3,1,0,0,1,1,0,0,0,0,1,0,1,0,0
1896usa voter,1750,1,0,1,0,0,0,0,1,0,0,0,0,1,0,0
1896usa voter,1750,1,1,0,0,1,1,0,0,1,0,0,0,0,0,1
1896usa voter,1750,2,1,0,0,1,1,0,0,1,0,0,0,0,1,0
1896usa voter,1750,2,0,0,1,0,1,0,0,0,0,1,0,0,1,0
1896usa voter,1750,3,0,1,0,0,0,1,0,1,0,0,0,0,0,1
1896usa voter,1750,3,1,0,0,1,1,0,0,0,1,0,0,0,1,0
1897usa voter,1751,1,1,1,0,0,0,0,0,0,1,0,0,0,1,1
1897usa voter,1751,1,0,0,0,1,1,0,0,1,0,1,0,1,0,0
1897usa voter,1751,2,0,0,0,1,0,1,0,0,1,1,0,0,1,0
1897usa voter,1751,2,1,0,1,0,0,1,0,0,1,1,0,0,1,1
1897usa voter,1751,3,0,0,0,1,0,0,0,1,0,0,0,1,0,0
1897usa voter,1751,3,1,1,0,0,1,0,0,1,0,0,1,1,0,1
1898usa voter,1752,1,1,0,0,0,1,0,0,0,0,0,0,0,1,0
1898usa voter,1752,1,0,1,0,0,0,0,0,0,0,0,0,0,0,0
1898usa voter,1752,2,1,0,0,0,0,0,0,0,1,0,1,1,0,1
1898usa voter,1752,2,0,0,0,0,0,1,0,0,1,0,1,0,1,0
1898usa voter,1752,3,0,0,0,1,0,0,0,1,0,0,0,0,1,0
1898usa voter,1752,3,1,0,1,0,1,0,0,1,0,0,1,0,0,1
1899usa voter,1753,1,1,0,1,0,1,0,0,0,1,1,0,0,0,1
1899usa voter,1753,1,0,1,0,0,0,1,1,0,0,1,0,0,1,0
1899usa voter,1753,2,1,1,0,0,1,0,1,0,0,1,0,0,0,0
1899usa voter,1753,2,0,0,0,1,1,0,0,0,0,0,1,0,0,1
1899usa voter,1753,3,0,1,0,0,0,1,0,1,0,1,0,0,1,1
1899usa voter,1753,3,1,0,0,1,0,0,0,0,0,0,0,0,0,1
1900usa voter,1754,1,1,1,0,0,1,0,1,0,0,0,1,1,0,1
1900usa voter,1754,1,0,0,1,0,0,1,0,1,0,1,0,0,1,0
1900usa voter,1754,2,1,0,0,0,1,0,0,0,0,0,0,0,0,1
1900usa voter,1754,2,0,1,0,0,0,0,0,1,0,1,0,0,1,1
1900usa voter,1754,3,0,1,0,0,1,0,0,0,1,0,0,0,1,0
1900usa voter,1754,3,1,1,0,0,0,1,0,0,0,0,1,0,0,0
1901usa voter,1755,1,1,1,0,0,0,0,0,1,0,1,0,1,0,0
1901usa voter,1755,1,0,0,1,0,0,1,0,0,1,0,0,1,0,0
1901usa voter,1755,2,0,0,0,1,1,0,0,0,0,0,0,0,1,0
1901usa voter,1755,2,1,1,0,0,0,0,1,0,0,0,0,0,1,1
1901usa voter,1755,3,0,0,0,0,0,1,1,0,0,0,0,0,1,0
1901usa voter,1755,3,1,0,0,0,0,0,1,0,0,0,0,0,1,0
1902usa voter,1756,1,1,0,1,0,0,0,0,0,1,0,1,1,0,1
1902usa voter,1756,1,0,0,1,0,0,0,0,1,0,0,1,0,1,0
1902usa voter,1756,2,0,0,0,0,1,0,0,0,0,0,0,0,0,0
1902usa voter,1756,2,1,0,0,1,1,0,0,1,0,1,0,0,0,1
1902usa voter,1756,3,1,0,0,1,0,0,1,0,0,0,0,0,1,1
1902usa voter,1756,3,0,0,1,0,0,1,0,0,1,0,0,0,1,0
1905usa voter,1757,1,1,0,1,0,0,0,0,0,1,1,0,0,0,0
1905usa voter,1757,1,0,1,0,0,0,1,0,0,0,0,1,0,1,1
1905usa voter,1757,2,1,0,1,0,0,1,0,0,1,0,1,1,0,1
1905usa voter,1757,2,0,0,0,0,1,0,0,1,0,1,0,0,1,0
1905usa voter,1757,3,0,0,0,0,0,1,0,0,0,0,0,1,0,0
1905usa voter,1757,3,1,0,1,0,1,0,1,0,0,0,1,0,0,1
1907usa voter,1758,1,0,0,1,0,0,0,0,1,0,1,0,1,0,0
1907usa voter,1758,1,1,0,0,1,0,1,0,1,0,0,1,0,1,0
1907usa voter,1758,2,1,0,0,1,1,0,1,0,0,0,0,1,0,0
1907usa voter,1758,2,0,0,0,0,0,1,1,0,0,0,0,1,0,0
1907usa voter,1758,3,1,0,0,1,0,1,1,0,0,0,1,1,0,0
1907usa voter,1758,3,0,0,0,0,0,1,0,0,1,0,0,0,1,1
1908usa voter,1759,1,0,1,0,0,1,0,0,1,0,1,0,0,0,0
1908usa voter,1759,1,1,0,0,1,1,0,0,1,0,1,0,0,0,1
1908usa voter,1759,2,1,1,0,0,1,0,1,0,0,0,1,0,1,1
1908usa voter,1759,2,0,0,0,0,0,0,0,1,0,0,0,1,0,1
1908usa voter,1759,3,0,1,0,0,0,0,0,0,0,0,1,0,0,1
1908usa voter,1759,3,1,0,1,0,0,0,0,1,0,0,1,0,1,1
1909usa voter,1760,1,0,0,0,1,0,1,0,1,0,0,1,0,1,0
1909usa voter,1760,1,1,0,1,0,0,0,0,0,1,1,0,0,0,1
1909usa voter,1760,2,0,0,0,0,0,0,1,0,0,0,0,0,1,1
1909usa voter,1760,2,1,0,1,0,1,0,0,0,1,0,1,0,0,1
1909usa voter,1760,3,0,0,0,0,1,0,0,0,1,1,0,0,1,1
1909usa voter,1760,3,1,0,0,1,1,0,1,0,0,1,0,0,1,0
1910usa voter,1761,1,0,0,0,0,1,0,0,1,0,1,0,0,0,1
1910usa voter,1761,1,1,0,0,0,1,0,1,0,0,0,1,0,0,0
1910usa voter,1761,2,1,1,0,0,0,1,0,0,1,0,1,0,0,1
1910usa voter,1761,2,0,0,0,1,0,0,0,0,1,0,1,0,1,0
1910usa voter,1761,3,1,0,1,0,0,1,1,0,0,1,0,1,0,0
1910usa voter,1761,3,0,1,0,0,0,1,0,1,0,0,0,0,1,1
1911usa voter,1762,1,0,0,1,0,0,1,0,1,0,1,0,0,1,1
1911usa voter,1762,1,1,0,1,0,0,1,1,0,0,0,1,0,0,0
1911usa voter,1762,2,0,1,0,0,0,0,0,0,0,0,1,1,0,0
1911usa voter,1762,2,1,0,0,0,1,0,0,0,1,0,1,0,0,1
1911usa voter,1762,3,0,0,1,0,0,1,1,0,0,1,0,1,0,0
1911usa voter,1762,3,1,0,0,1,1,0,0,0,0,0,0,0,0,0
1912usa voter,1763,1,0,0,0,0,0,0,0,1,0,0,0,0,0,1
1912usa voter,1763,1,1,0,0,0,1,0,0,0,1,0,0,1,0,0
1912usa voter,1763,2,0,0,0,1,0,0,0,0,1,0,0,0,1,0
1912usa voter,1763,2,1,1,0,0,1,0,1,0,0,1,0,0,0,1
1912usa voter,1763,3,1,1,0,0,1,0,0,0,0,0,1,0,0,0
1912usa voter,1763,3,0,0,0,1,0,1,0,0,1,0,0,0,0,0
1913usa voter,1764,1,0,0,0,0,0,0,0,0,0,0,1,0,0,1
1913usa voter,1764,1,1,0,1,0,0,1,1,0,0,1,0,0,1,0
1913usa voter,1764,2,0,0,0,0,0,0,1,0,0,0,0,1,0,1
1913usa voter,1764,2,1,0,1,0,0,1,1,0,0,1,0,0,0,1
1913usa voter,1764,3,1,0,0,0,0,1,0,0,1,0,1,0,1,0
1913usa voter,1764,3,0,1,0,0,1,0,1,0,0,0,0,0,1,0
1914usa voter,1765,1,0,0,0,1,0,0,0,0,0,0,1,0,0,1
1914usa voter,1765,1,1,0,0,1,0,1,0,0,1,1,0,0,1,1
1914usa voter,1765,2,0,0,0,0,1,0,1,0,0,1,0,0,0,0
1914usa voter,1765,2,1,1,0,0,1,0,0,1,0,0,0,0,0,1
1914usa voter,1765,3,0,1,0,0,1,0,1,0,0,0,1,0,0,0
1914usa voter,1765,3,1,1,0,0,0,0,0,1,0,0,0,0,0,1
1915usa voter,1766,1,0,1,0,0,1,0,0,1,0,1,0,1,0,1
1915usa voter,1766,1,1,1,0,0,0,0,0,0,0,0,0,1,0,1
1915usa voter,1766,2,1,0,1,0,0,0,0,0,0,0,0,1,0,1
1915usa voter,1766,2,0,0,1,0,0,1,1,0,0,0,1,1,0,0
1915usa voter,1766,3,0,1,0,0,0,0,0,1,0,0,1,1,0,0
1915usa voter,1766,3,1,0,0,0,1,0,0,1,0,1,0,0,0,1
1917usa voter,1767,1,0,1,0,0,1,0,0,0,1,1,0,0,1,0
1917usa voter,1767,1,1,1,0,0,1,0,0,0,1,0,0,0,1,1
1917usa voter,1767,2,0,0,0,0,0,0,1,0,0,1,0,0,1,0
1917usa voter,1767,2,1,0,0,0,0,1,0,0,1,0,1,0,1,1
1917usa voter,1767,3,1,0,1,0,0,0,0,0,1,1,0,0,1,0
1917usa voter,1767,3,0,0,1,0,1,0,0,0,0,1,0,1,0,0
1918usa voter,1768,1,0,1,0,0,1,0,0,0,1,0,0,0,0,1
1918usa voter,1768,1,1,0,0,1,0,0,0,0,1,0,0,0,1,0
1918usa voter,1768,2,0,0,1,0,0,1,0,0,0,0,0,0,1,1
1918usa voter,1768,2,1,0,0,0,1,0,0,0,0,0,0,1,0,0
1918usa voter,1768,3,0,0,0,1,0,0,1,0,0,0,0,0,0,0
1918usa voter,1768,3,1,0,0,0,1,0,0,1,0,0,1,0,0,0
1919usa voter,1769,1,0,0,0,0,1,0,0,0,0,1,0,0,1,1
1919usa voter,1769,1,1,0,1,0,0,0,0,0,0,0,1,0,0,1
1919usa voter,1769,2,0,0,1,0,1,0,0,1,0,0,0,0,1,0
1919usa voter,1769,2,1,0,1,0,0,1,1,0,0,0,0,1,0,1
1919usa voter,1769,3,1,0,0,1,0,0,0,1,0,0,0,0,0,0
1919usa voter,1769,3,0,0,1,0,0,0,1,0,0,1,0,0,1,0
1920usa voter,1770,1,0,0,0,1,1,0,0,1,0,0,1,1,0,1
1920usa voter,1770,1,1,0,0,1,0,0,0,1,0,0,0,0,1,0
1920usa voter,1770,2,1,0,0,1,0,0,0,1,0,1,0,0,0,0
1920usa voter,1770,2,0,1,0,0,1,0,0,0,0,1,0,0,0,1
1920usa voter,1770,3,1,0,0,1,1,0,1,0,0,0,0,1,0,0
1920usa voter,1770,3,0,1,0,0,1,0,0,1,0,1,0,1,0,0
1921usa voter,1771,1,1,0,1,0,0,0,0,1,0,0,1,0,0,1
1921usa voter,1771,1,0,0,0,1,1,0,0,1,0,0,0,0,1,0
1921usa voter,1771,2,1,0,0,0,0,1,1,0,0,0,1,0,0,1
1921usa voter,1771,2,0,0,0,0,0,1,0,0,0,1,0,0,1,0
1921usa voter,1771,3,1,0,0,0,1,0,1,0,0,0,0,0,1,1
1921usa voter,1771,3,0,0,0,0,0,1,0,0,0,1,0,0,1,0
1922usa voter,1772,1,0,0,1,0,0,0,0,0,0,0,1,0,0,1
1922usa voter,1772,1,1,0,1,0,0,1,0,1,0,0,0,0,1,1
1922usa voter,1772,2,1,1,0,0,1,0,0,1,0,0,0,0,0,0
1922usa voter,1772,2,0,0,0,1,0,0,0,0,1,1,0,0,1,0
1922usa voter,1772,3,0,1,0,0,1,0,0,0,1,0,0,0,0,0
1922usa voter,1772,3,1,1,0,0,1,0,1,0,0,0,0,0,1,0
1923usa voter,1773,1,0,0,0,0,0,0,1,0,0,0,0,0,1,0
1923usa voter,1773,1,1,0,0,0,0,0,1,0,0,1,0,1,0,1
1923usa voter,1773,2,1,0,0,0,0,0,0,1,0,0,1,1,0,1
1923usa voter,1773,2,0,1,0,0,1,0,1,0,0,1,0,0,0,0
1923usa voter,1773,3,1,1,0,0,1,0,1,0,0,1,0,1,0,0
1923usa voter,1773,3,0,0,1,0,0,1,0,0,0,1,0,1,0,0
1924usa voter,1774,1,1,0,0,0,0,1,0,0,0,0,0,0,0,0
1924usa voter,1774,1,0,0,0,1,0,1,0,0,0,0,0,0,1,1
1924usa voter,1774,2,0,0,1,0,0,1,0,0,0,1,0,0,1,0
1924usa voter,1774,2,1,0,0,1,0,0,0,0,0,1,0,1,0,0
1924usa voter,1774,3,0,0,1,0,1,0,0,0,0,0,1,0,1,0
1924usa voter,1774,3,1,0,0,0,0,0,0,0,1,0,0,0,1,1
1925usa voter,1775,1,1,1,0,0,0,1,0,0,1,1,0,0,1,1
1925usa voter,1775,1,0,1,0,0,0,0,0,0,1,0,1,0,1,0
1925usa voter,1775,2,1,0,0,1,0,1,0,1,0,0,1,0,1,1
1925usa voter,1775,2,0,1,0,0,0,1,0,1,0,1,0,0,0,1
1925usa voter,1775,3,0,0,0,1,1,0,0,1,0,0,1,0,0,0
1925usa voter,1775,3,1,0,0,1,0,1,0,0,1,0,1,0,1,1
1926usa voter,1776,1,1,1,0,0,0,0,0,0,1,0,0,1,0,1
1926usa voter,1776,1,0,0,0,0,1,0,0,0,1,1,0,1,0,0
1926usa voter,1776,2,1,0,0,1,0,0,1,0,0,0,1,0,0,0
1926usa voter,1776,2,0,0,1,0,0,1,1,0,0,1,0,0,1,0
1926usa voter,1776,3,1,1,0,0,1,0,0,0,1,0,1,0,1,1
1926usa voter,1776,3,0,0,0,0,0,0,0,0,1,0,1,1,0,0
1927usa voter,1777,1,0,0,0,1,1,0,0,1,0,0,0,1,0,0
1927usa voter,1777,1,1,1,0,0,0,1,0,1,0,0,1,1,0,1
1927usa voter,1777,2,0,0,0,0,1,0,1,0,0,0,1,0,0,0
1927usa voter,1777,2,1,0,0,0,0,1,1,0,0,0,0,0,0,1
1927usa voter,1777,3,1,1,0,0,1,0,0,1,0,0,0,0,0,1
1927usa voter,1777,3,0,0,0,1,0,1,0,1,0,0,0,0,0,0
1928usa voter,1778,1,1,0,0,1,0,1,0,0,0,0,0,0,0,1
1928usa voter,1778,1,0,0,0,0,1,0,0,0,1,1,0,0,1,0
1928usa voter,1778,2,1,0,0,0,0,1,0,0,0,0,0,0,1,0
1928usa voter,1778,2,0,0,1,0,1,0,1,0,0,0,0,1,0,0
1928usa voter,1778,3,0,0,1,0,0,0,0,1,0,0,1,1,0,0
1928usa voter,1778,3,1,0,0,1,1,0,0,0,1,1,0,0,0,0
1929usa voter,1779,1,1,0,0,0,0,1,0,0,1,0,0,0,1,1
1929usa voter,1779,1,0,0,1,0,1,0,0,1,0,0,0,0,0,1
1931usa voter,1780,1,0,0,0,0,0,0,0,0,1,0,1,0,0,0
1931usa voter,1780,1,1,0,1,0,1,0,1,0,0,1,0,0,0,0
1931usa voter,1780,2,0,0,0,1,0,0,0,1,0,0,0,1,0,1
1931usa voter,1780,2,1,0,1,0,0,0,0,0,1,0,0,0,1,0
1931usa voter,1780,3,1,0,0,1,0,0,0,1,0,0,1,0,1,1
1931usa voter,1780,3,0,0,0,1,0,1,0,0,1,1,0,0,0,0
1932usa voter,1781,1,1,0,0,1,0,0,0,0,0,1,0,0,1,0
1932usa voter,1781,1,0,0,1,0,0,0,0,0,1,0,1,0,1,1
1932usa voter,1781,2,0,0,1,0,0,1,0,0,1,0,1,0,0,1
1932usa voter,1781,2,1,0,0,1,0,0,1,0,0,0,0,1,0,0
1932usa voter,1781,3,1,0,0,1,0,1,0,0,1,0,0,1,0,0
1932usa voter,1781,3,0,0,0,0,1,0,0,0,1,0,0,0,0,1
1934usa voter,1782,1,0,1,0,0,0,1,0,0,0,0,0,0,1,1
1934usa voter,1782,1,1,0,0,1,0,1,0,0,0,1,0,0,1,1
1934usa voter,1782,2,1,0,0,0,0,1,1,0,0,1,0,0,0,1
1934usa voter,1782,2,0,0,0,1,1,0,0,1,0,0,1,1,0,1
1934usa voter,1782,3,0,0,0,0,0,1,0,0,0,1,0,0,1,1
1934usa voter,1782,3,1,0,0,0,1,0,0,0,1,0,1,0,0,0
1935usa voter,1783,1,0,1,0,0,1,0,0,0,0,0,0,0,1,0
1935usa voter,1783,1,1,1,0,0,0,1,0,0,1,0,1,0,0,0
1935usa voter,1783,2,1,0,0,1,0,1,0,0,0,0,1,0,1,1
1935usa voter,1783,2,0,0,1,0,0,1,0,1,0,1,0,0,1,1
1935usa voter,1783,3,0,0,0,0,0,0,0,0,1,0,0,0,1,1
1935usa voter,1783,3,1,0,0,0,0,1,0,0,0,0,1,1,0,0
1936usa voter,1784,1,0,0,0,0,0,0,0,0,0,0,1,0,1,0
1936usa voter,1784,1,1,0,0,0,1,0,0,0,0,0,1,0,0,0
1936usa voter,1784,2,1,1,0,0,0,1,0,0,0,0,0,0,0,1
1936usa voter,1784,2,0,1,0,0,1,0,0,0,0,0,0,1,0,1
1936usa voter,1784,3,1,0,0,1,0,1,1,0,0,0,1,1,0,0
1936usa voter,1784,3,0,0,0,1,1,0,0,0,1,0,0,0,1,0
1937usa voter,1785,1,1,0,0,1,0,0,0,1,0,1,0,1,0,1
1937usa voter,1785,1,0,0,0,0,0,0,0,0,1,0,1,1,0,0
1937usa voter,1785,2,1,0,1,0,1,0,0,0,1,0,1,1,0,0
1937usa voter,1785,2,0,0,0,0,0,0,1,0,0,0,1,1,0,0
1937usa voter,1785,3,0,0,0,1,1,0,1,0,0,1,0,0,0,1
1937usa voter,1785,3,1,0,0,1,0,0,0,0,0,0,1,0,1,0
1938usa voter,1786,1,0,0,0,0,0,0,1,0,0,0,0,1,0,0
1938usa voter,1786,1,1,1,0,0,0,1,0,0,1,0,1,1,0,0
1938usa voter,1786,2,0,0,1,0,0,0,1,0,0,0,0,0,1,0
1938usa voter,1786,2,1,1,0,0,0,1,0,0,1,1,0,1,0,1
1938usa voter,1786,3,1,0,1,0,0,0,0,1,0,0,0,0,1,0
1938usa voter,1786,3,0,0,1,0,0,1,1,0,0,0,0,0,0,0
1939usa voter,1787,1,1,0,0,0,0,1,0,0,0,0,0,1,0,0
1939usa voter,1787,1,0,1,0,0,0,0,0,1,0,1,0,0,0,1
1939usa voter,1787,2,0,0,1,0,0,0,0,0,1,1,0,1,0,1
1939usa voter,1787,2,1,0,0,0,1,0,0,0,1,1,0,0,0,1
1939usa voter,1787,3,1,0,0,0,0,1,0,0,0,0,1,1,0,1
1939usa voter,1787,3,0,0,0,1,1,0,0,0,0,0,0,0,1,0
1941usa voter,1788,1,1,0,0,1,0,1,0,0,0,0,0,0,0,1
1941usa voter,1788,1,0,0,0,1,0,0,1,0,0,0,0,1,0,0
1941usa voter,1788,2,1,0,1,0,0,0,0,1,0,1,0,0,1,0
1941usa voter,1788,2,0,1,0,0,1,0,0,1,0,0,1,0,0,1
1941usa voter,1788,3,1,0,0,0,1,0,1,0,0,0,0,1,0,0
1941usa voter,1788,3,0,0,1,0,0,1,1,0,0,1,0,0,1,1
1942usa voter,1789,1,0,0,0,1,0,1,0,0,1,0,1,0,1,1
1942usa voter,1789,1,1,1,0,0,0,1,0,0,0,1,0,0,0,0
1942usa voter,1789,2,1,0,0,1,1,0,1,0,0,0,0,0,1,0
1942usa voter,1789,2,0,0,0,0,0,0,0,1,0,1,0,0,1,1
1942usa voter,1789,3,0,0,0,1,0,1,0,1,0,0,1,0,1,0
1942usa voter,1789,3,1,0,0,1,1,0,1,0,0,0,1,1,0,0
1943usa voter,1790,1,1,0,0,1,0,0,0,0,0,0,1,0,0,1
1943usa voter,1790,1,0,0,0,0,1,0,0,0,0,0,0,0,0,1
1943usa voter,1790,2,0,0,0,0,1,0,1,0,0,1,0,0,1,0
1943usa voter,1790,2,1,0,0,1,1,0,0,1,0,1,0,1,0,1
1943usa voter,1790,3,1,0,1,0,1,0,0,0,1,0,1,0,0,1
1943usa voter,1790,3,0,1,0,0,0,1,0,1,0,0,0,1,0,0
1944usa voter,1791,1,0,0,0,0,0,1,0,1,0,1,0,0,0,1
1944usa voter,1791,1,1,0,1,0,0,0,0,1,0,0,0,0,1,0
1944usa voter,1791,2,0,0,0,0,0,0,0,1,0,0,1,0,1,0
1944usa voter,1791,2,1,1,0,0,0,1,1,0,0,0,1,1,0,0
1944usa voter,1791,3,0,0,0,1,0,0,0,0,1,0,1,0,1,0
1944usa voter,1791,3,1,0,0,1,1,0,1,0,0,0,1,0,0,1
1945usa voter,1792,1,1,0,0,0,1,0,0,1,0,0,0,0,1,1
1945usa voter,1792,1,0,0,0,1,0,0,0,0,0,1,0,0,1,0
1945usa voter,1792,2,0,0,0,0,0,0,1,0,0,0,1,1,0,0
1945usa voter,1792,2,1,0,0,0,1,0,0,0,1,1,0,0,1,1
1945usa voter,1792,3,1,0,1,0,1,0,0,1,0,0,0,1,0,1
1945usa voter,1792,3,0,0,0,1,0,1,0,0,0,0,1,0,0,1
1946usa voter,1793,1,1,0,1,0,0,0,0,1,0,1,0,0,0,0
1946usa voter,1793,1,0,1,0,0,0,1,0,1,0,0,0,0,0,0
1946usa voter,1793,2,1,0,0,1,1,0,1,0,0,0,0,1,0,0
1946usa voter,1793,2,0,0,0,1,0,0,0,0,0,0,0,0,0,1
1946usa voter,1793,3,1,0,0,1,0,0,0,0,0,1,0,1,0,0
1946usa voter,1793,3,0,0,0,0,1,0,1,0,0,0,0,0,1,0
1947usa voter,1794,1,0,0,0,0,0,1,0,1,0,0,1,0,1,0
1947usa voter,1794,1,1,0,0,1,1,0,1,0,0,0,1,0,1,0
1947usa voter,1794,2,0,0,1,0,0,1,0,0,0,0,1,0,1,1
1947usa voter,1794,2,1,0,1,0,0,1,0,0,1,0,0,0,1,0
1947usa voter,1794,3,1,1,0,0,1,0,0,0,1,0,0,0,0,0
1947usa voter,1794,3,0,0,0,0,1,0,0,1,0,1,0,1,0,0
1948usa voter,1795,1,0,0,0,0,0,0,0,0,0,1,0,0,0,1
1948usa voter,1795,1,1,0,0,0,1,0,0,1,0,0,1,0,1,1
1948usa voter,1795,2,0,0,0,0,0,0,1,0,0,0,1,0,0,1
1948usa voter,1795,2,1,0,0,0,0,1,0,0,0,0,1,0,0,1
1948usa voter,1795,3,0,1,0,0,1,0,1,0,0,0,0,1,0,0
1948usa voter,1795,3,1,0,1,0,0,0,0,1,0,0,1,1,0,0
1949usa voter,1796,1,0,0,0,0,0,0,0,0,1,1,0,0,1,1
1949usa voter,1796,1,1,0,1,0,0,1,1,0,0,1,0,0,0,0
1949usa voter,1796,2,0,0,0,0,0,1,1,0,0,0,1,1,0,1
1949usa voter,1796,2,1,0,0,1,1,0,0,0,1,0,0,1,0,1
1949usa voter,1796,3,0,0,0,0,0,0,0,0,0,0,1,0,0,1
1949usa voter,1796,3,1,1,0,0,0,0,1,0,0,0,1,0,0,1
1950usa voter,1797,1,0,0,0,1,0,1,1,0,0,0,1,0,1,0
1950usa voter,1797,1,1,0,0,0,0,0,1,0,0,1,0,1,0,0
1950usa voter,1797,2,0,0,0,1,0,0,0,1,0,0,1,0,1,1
1950usa voter,1797,2,1,0,1,0,1,0,1,0,0,0,0,1,0,1
1950usa voter,1797,3,0,0,0,1,0,0,0,0,0,0,1,1,0,1
1950usa voter,1797,3,1,0,1,0,0,1,0,1,0,0,0,0,0,1
1951usa voter,1798,1,0,1,0,0,0,1,0,0,0,0,1,0,1,1
1951usa voter,1798,1,1,0,0,0,0,1,0,0,0,0,1,0,1,1
1951usa voter,1798,2,0,1,0,0,0,1,0,0,0,1,0,1,0,1
1951usa voter,1798,2,1,1,0,0,0,1,0,1,0,1,0,0,1,0
1951usa voter,1798,3,1,0,1,0,0,0,0,0,1,1,0,0,0,0
1951usa voter,1798,3,0,1,0,0,0,0,0,0,0,1,0,0,0,0
1952usa voter,1799,1,1,0,0,0,1,0,1,0,0,0,0,0,1,1
1952usa voter,1799,1,0,1,0,0,0,0,0,0,0,0,0,1,0,0
1952usa voter,1799,2,1,1,0,0,1,0,0,0,0,0,0,0,0,1
1952usa voter,1799,2,0,1,0,0,0,1,1,0,0,1,0,0,0,0
1952usa voter,1799,3,1,0,0,0,0,0,0,0,1,1,0,0,0,1
1952usa voter,1799,3,0,0,0,0,0,0,0,0,1,0,1,1,0,0
1953usa voter,1800,1,1,0,1,0,0,0,1,0,0,0,0,0,0,1
1953usa voter,1800,1,0,0,0,0,0,0,0,0,1,0,1,1,0,1
1953usa voter,1800,2,0,0,1,0,1,0,0,1,0,1,0,1,0,0
1953usa voter,1800,2,1,0,0,1,0,0,1,0,0,0,0,1,0,1
1953usa voter,1800,3,1,1,0,0,1,0,0,0,0,1,0,1,0,0
1953usa voter,1800,3,0,0,1,0,0,1,0,1,0,0,1,1,0,0
1954usa voter,1801,1,0,1,0,0,0,0,0,0,0,1,0,0,1,0
1954usa voter,1801,1,1,1,0,0,0,1,0,0,1,0,0,1,0,1
1954usa voter,1801,2,0,1,0,0,1,0,1,0,0,0,0,1,0,1
1954usa voter,1801,2,1,0,0,0,0,0,0,1,0,0,1,0,0,1
1954usa voter,1801,3,1,0,0,0,1,0,1,0,0,0,1,0,1,0
1954usa voter,1801,3,0,0,0,0,0,0,0,0,0,0,1,0,0,0
1955usa voter,1802,1,1,0,1,0,0,0,0,1,0,1,0,0,1,0
1955usa voter,1802,1,0,1,0,0,0,0,0,0,1,0,0,1,0,0
1955usa voter,1802,2,0,0,0,0,0,1,1,0,0,0,1,1,0,1
1955usa voter,1802,2,1,0,1,0,0,0,0,0,1,0,0,0,0,1
1955usa voter,1802,3,1,1,0,0,0,1,0,1,0,0,0,1,0,1
1955usa voter,1802,3,0,1,0,0,1,0,0,0,0,0,1,0,1,0
1956usa voter,1803,1,0,1,0,0,0,1,1,0,0,0,0,0,0,1
1956usa voter,1803,1,1,0,1,0,1,0,0,0,0,1,0,0,1,0
1956usa voter,1803,2,0,0,0,1,0,0,0,0,0,1,0,0,1,0
1956usa voter,1803,2,1,1,0,0,0,0,0,0,0,1,0,1,0,1
1956usa voter,1803,3,0,0,1,0,0,0,1,0,0,0,0,0,0,1
1956usa voter,1803,3,1,0,1,0,1,0,0,1,0,0,0,0,0,1
1957usa voter,1804,1,0,1,0,0,0,1,0,0,0,0,1,0,1,0
1957usa voter,1804,1,1,0,0,0,1,0,0,0,1,1,0,1,0,1
1957usa voter,1804,2,0,0,0,0,0,1,0,1,0,0,0,0,1,0
1957usa voter,1804,2,1,0,1,0,1,0,1,0,0,1,0,0,0,1
1957usa voter,1804,3,1,1,0,0,0,1,0,1,0,0,0,0,1,0
1957usa voter,1804,3,0,0,1,0,0,0,1,0,0,1,0,0,0,0
1958usa voter,1805,1,0,0,0,1,1,0,0,1,0,0,1,0,0,0
1958usa voter,1805,1,1,0,0,0,0,1,0,0,0,0,1,0,1,0
1958usa voter,1805,2,0,0,0,0,1,0,1,0,0,1,0,0,0,1
1958usa voter,1805,2,1,0,1,0,1,0,0,1,0,1,0,1,0,1
1958usa voter,1805,3,1,0,0,0,1,0,0,0,1,1,0,0,1,1
1958usa voter,1805,3,0,1,0,0,1,0,1,0,0,0,0,0,0,0
1959usa voter,1806,1,0,0,0,0,0,1,0,0,0,0,1,0,0,0
1959usa voter,1806,1,1,1,0,0,0,0,0,1,0,0,0,0,1,1
1959usa voter,1806,2,1,0,0,1,0,1,0,1,0,0,1,1,0,1
1959usa voter,1806,2,0,0,0,0,0,0,0,0,0,0,0,0,0,0
1959usa voter,1806,3,0,0,1,0,0,1,1,0,0,0,0,0,1,1
1959usa voter,1806,3,1,0,1,0,1,0,0,1,0,0,1,0,0,1
1960usa voter,1807,1,1,0,0,1,1,0,1,0,0,0,0,1,0,1
1960usa voter,1807,1,0,0,0,1,1,0,1,0,0,0,0,0,1,0
1960usa voter,1807,2,1,0,0,0,1,0,1,0,0,0,1,1,0,0
1960usa voter,1807,2,0,0,0,1,0,0,1,0,0,0,0,0,1,1
1960usa voter,1807,3,0,1,0,0,0,1,0,0,0,0,1,0,1,0
1960usa voter,1807,3,1,0,0,1,1,0,1,0,0,0,0,0,0,1
1961usa voter,1808,1,0,0,1,0,1,0,0,0,1,0,0,1,0,1
1961usa voter,1808,1,1,0,0,1,0,0,0,0,1,0,0,1,0,0
1961usa voter,1808,2,0,0,0,0,0,0,0,0,0,0,1,0,0,1
1961usa voter,1808,2,1,1,0,0,1,0,1,0,0,0,1,1,0,0
1961usa voter,1808,3,0,1,0,0,0,1,0,0,0,0,1,0,1,1
1961usa voter,1808,3,1,1,0,0,0,0,1,0,0,0,1,0,0,0
1962usa voter,1809,1,1,0,0,1,0,1,0,0,1,0,1,1,0,1
1962usa voter,1809,1,0,0,0,1,0,1,1,0,0,0,0,0,1,1
1962usa voter,1809,2,1,1,0,0,1,0,1,0,0,1,0,0,0,1
1962usa voter,1809,2,0,0,0,0,0,0,1,0,0,0,1,0,0,1
1962usa voter,1809,3,0,0,0,0,1,0,0,1,0,0,1,0,0,1
1962usa voter,1809,3,1,0,1,0,1,0,0,0,1,1,0,1,0,0
1963usa voter,1810,1,1,0,0,1,1,0,0,1,0,1,0,0,0,1
1963usa voter,1810,1,0,0,1,0,0,0,1,0,0,0,0,0,0,0
1963usa voter,1810,2,1,0,0,1,1,0,1,0,0,1,0,0,1,0
1963usa voter,1810,2,0,0,0,1,0,1,0,1,0,0,1,0,1,1
1963usa voter,1810,3,0,0,0,0,1,0,1,0,0,1,0,0,1,1
1963usa voter,1810,3,1,0,1,0,1,0,0,0,1,0,0,0,0,1
1964usa voter,1811,1,1,0,0,1,0,1,1,0,0,0,0,1,0,1
1964usa voter,1811,1,0,0,1,0,0,1,0,1,0,1,0,1,0,0
1964usa voter,1811,2,1,0,1,0,1,0,1,0,0,0,1,0,0,0
1964usa voter,1811,2,0,0,0,0,0,1,0,0,0,0,1,0,0,0
1964usa voter,1811,3,1,0,0,1,0,0,0,1,0,1,0,1,0,0
1964usa voter,1811,3,0,0,1,0,0,1,0,0,0,1,0,0,0,1
1965usa voter,1812,1,1,0,0,1,1,0,1,0,0,0,1,0,1,0
1965usa voter,1812,1,0,0,0,0,1,0,0,1,0,0,1,0,0,1
1965usa voter,1812,2,1,1,0,0,1,0,0,0,1,1,0,0,1,0
1965usa voter,1812,2,0,0,0,0,0,1,0,0,0,1,0,0,1,0
1965usa voter,1812,3,0,0,1,0,1,0,1,0,0,0,1,0,1,1
1965usa voter,1812,3,1,1,0,0,1,0,0,1,0,0,1,1,0,0
1966usa voter,1813,1,0,1,0,0,0,1,0,0,0,1,0,0,1,1
1966usa voter,1813,1,1,0,1,0,1,0,0,0,1,1,0,0,1,0
1966usa voter,1813,2,1,1,0,0,1,0,0,1,0,1,0,0,1,0
1966usa voter,1813,2,0,1,0,0,0,0,0,1,0,0,1,1,0,1
1966usa voter,1813,3,0,1,0,0,0,1,0,0,0,0,1,1,0,0
1966usa voter,1813,3,1,0,0,1,0,0,0,0,1,1,0,1,0,0
1967usa voter,1814,1,1,0,0,1,1,0,0,0,0,0,1,1,0,0
1967usa voter,1814,1,0,0,0,0,0,1,0,0,0,1,0,0,1,0
1967usa voter,1814,2,0,0,1,0,0,0,0,0,1,0,0,1,0,0
1967usa voter,1814,2,1,0,1,0,0,0,0,0,1,1,0,0,1,1
1967usa voter,1814,3,0,0,0,0,1,0,0,0,0,1,0,1,0,0
1967usa voter,1814,3,1,0,0,1,1,0,0,0,0,0,1,0,1,1
1969usa voter,1815,1,1,0,0,0,0,1,0,1,0,0,1,1,0,0
1969usa voter,1815,1,0,0,1,0,0,0,0,1,0,1,0,0,1,0
1969usa voter,1815,2,1,0,1,0,1,0,1,0,0,0,0,0,0,1
1969usa voter,1815,2,0,0,0,0,0,0,0,0,1,0,0,0,1,0
1969usa voter,1815,3,1,0,1,0,1,0,1,0,0,1,0,1,0,1
1969usa voter,1815,3,0,1,0,0,0,0,0,0,1,1,0,0,1,1
1970usa voter,1816,1,1,0,0,1,1,0,1,0,0,1,0,0,1,1
1970usa voter,1816,1,0,0,1,0,0,1,1,0,0,0,0,0,0,0
1970usa voter,1816,2,1,0,0,0,0,0,0,1,0,1,0,0,1,0
1970usa voter,1816,2,0,0,0,0,1,0,1,0,0,0,0,0,0,0
1970usa voter,1816,3,0,0,0,0,0,1,0,0,0,0,1,0,0,1
1970usa voter,1816,3,1,0,0,0,0,0,1,0,0,0,1,0,0,0
1971usa voter,1817,1,0,0,0,1,0,0,1,0,0,0,1,0,1,0
1971usa voter,1817,1,1,1,0,0,0,1,0,1,0,1,0,0,0,1
1971usa voter,1817,2,0,0,0,0,0,0,0,1,0,0,0,1,0,1
1971usa voter,1817,2,1,0,0,0,0,1,0,0,0,1,0,1,0,1
1971usa voter,1817,3,0,1,0,0,0,1,1,0,0,0,0,0,1,0
1971usa voter,1817,3,1,0,1,0,0,1,0,0,0,0,1,0,0,0
1972usa voter,1818,1,1,0,0,0,0,0,0,0,1,0,1,1,0,0
1972usa voter,1818,1,0,0,0,0,0,0,1,0,0,0,1,0,1,0
1972usa voter,1818,2,0,0,0,0,0,1,0,0,1,1,0,1,0,1
1972usa voter,1818,2,1,0,0,1,0,0,0,0,1,1,0,0,1,1
1972usa voter,1818,3,0,0,1,0,0,1,0,0,0,0,1,0,1,0
1972usa voter,1818,3,1,1,0,0,0,1,0,1,0,1,0,0,1,0
1973usa voter,1819,1,0,1,0,0,1,0,1,0,0,1,0,1,0,0
1973usa voter,1819,1,1,0,1,0,0,0,1,0,0,1,0,0,0,1
1973usa voter,1819,2,1,0,1,0,1,0,0,0,0,1,0,1,0,0
1973usa voter,1819,2,0,0,1,0,0,0,0,0,1,0,1,0,1,1
1973usa voter,1819,3,1,0,1,0,0,0,0,0,1,1,0,1,0,1
1973usa voter,1819,3,0,0,0,0,1,0,1,0,0,1,0,0,1,1
1974usa voter,1820,1,1,1,0,0,0,1,1,0,0,0,1,1,0,1
1974usa voter,1820,1,0,0,1,0,0,1,0,0,1,0,1,1,0,0
1974usa voter,1820,2,0,0,1,0,0,1,0,1,0,1,0,1,0,0
1974usa voter,1820,2,1,0,0,1,1,0,0,0,1,0,0,0,0,0
1974usa voter,1820,3,0,1,0,0,0,1,0,0,0,0,1,0,1,0
1974usa voter,1820,3,1,1,0,0,0,0,1,0,0,1,0,1,0,0
1975usa voter,1821,1,1,0,1,0,0,0,1,0,0,0,0,0,1,1
1975usa voter,1821,1,0,1,0,0,0,0,0,1,0,0,1,0,0,0
1975usa voter,1821,2,0,1,0,0,0,0,0,0,1,0,1,0,1,1
1975usa voter,1821,2,1,1,0,0,0,0,0,0,0,0,0,1,0,1
1975usa voter,1821,3,0,0,1,0,1,0,0,1,0,0,1,0,1,0
1975usa voter,1821,3,1,1,0,0,0,1,0,1,0,0,1,1,0,1
1976usa voter,1822,1,1,0,0,1,0,0,0,0,1,1,0,0,1,0
1976usa voter,1822,1,0,0,1,0,0,0,0,1,0,1,0,1,0,1
1976usa voter,1822,2,1,1,0,0,0,1,0,1,0,0,0,0,1,1
1976usa voter,1822,2,0,0,0,0,1,0,0,1,0,0,0,1,0,0
1976usa voter,1822,3,0,0,0,0,0,1,0,1,0,0,0,0,0,1
1976usa voter,1822,3,1,0,1,0,1,0,0,0,1,1,0,1,0,0
1977usa voter,1823,1,1,0,0,0,0,0,0,0,0,0,1,0,0,1
1977usa voter,1823,1,0,0,0,1,0,0,0,1,0,1,0,0,0,0
1977usa voter,1823,2,1,0,1,0,0,0,0,0,0,1,0,1,0,1
1977usa voter,1823,2,0,1,0,0,1,0,0,0,1,0,0,0,0,1
1977usa voter,1823,3,0,1,0,0,0,1,1,0,0,0,0,1,0,1
1977usa voter,1823,3,1,0,1,0,1,0,0,0,1,0,0,0,0,0
1978usa voter,1824,1,1,0,0,1,0,1,0,0,1,0,0,0,1,1
1978usa voter,1824,1,0,0,0,0,0,0,0,1,0,1,0,0,0,1
1978usa voter,1824,2,1,1,0,0,0,0,0,0,1,0,1,0,0,1
1978usa voter,1824,2,0,1,0,0,1,0,0,1,0,0,0,0,0,1
1978usa voter,1824,3,0,0,1,0,1,0,0,0,1,0,1,0,0,1
1978usa voter,1824,3,1,0,1,0,0,1,0,0,1,1,0,1,0,1
1980usa voter,1825,1,0,0,0,0,0,0,0,0,0,0,0,0,0,1
1980usa voter,1825,1,1,1,0,0,0,1,1,0,0,0,0,0,0,0
1980usa voter,1825,2,0,0,1,0,1,0,0,1,0,0,1,0,0,0
1980usa voter,1825,2,1,0,0,1,0,0,1,0,0,0,0,1,0,1
1980usa voter,1825,3,0,0,1,0,0,1,0,1,0,1,0,1,0,1
1980usa voter,1825,3,1,0,1,0,0,1,0,1,0,0,0,1,0,1
1981usa voter,1826,1,0,0,1,0,0,1,0,1,0,0,0,0,1,0
1981usa voter,1826,1,1,0,0,1,0,1,1,0,0,1,0,0,1,0
1981usa voter,1826,2,0,0,1,0,1,0,0,0,0,0,0,1,0,0
1981usa voter,1826,2,1,1,0,0,1,0,0,0,1,0,1,0,1,0
1981usa voter,1826,3,0,0,0,0,1,0,0,1,0,0,0,0,1,0
1981usa voter,1826,3,1,1,0,0,1,0,1,0,0,0,0,0,0,0
1982usa voter,1827,1,1,0,0,0,0,1,0,0,1,0,0,0,0,1
1982usa voter,1827,1,0,0,0,0,1,0,1,0,0,1,0,1,0,0
1982usa voter,1827,2,1,0,0,0,1,0,1,0,0,0,0,0,0,1
1982usa voter,1827,2,0,1,0,0,0,1,0,0,0,1,0,1,0,0
1982usa voter,1827,3,1,0,0,1,0,0,0,1,0,1,0,0,1,1
1982usa voter,1827,3,0,0,0,0,1,0,0,0,1,0,0,1,0,1
1983usa voter,1828,1,1,0,0,1,0,1,1,0,0,0,1,1,0,1
1983usa voter,1828,1,0,0,0,1,0,0,0,0,0,0,0,0,1,1
1983usa voter,1828,2,0,0,1,0,0,0,0,0,0,1,0,1,0,1
1983usa voter,1828,2,1,0,1,0,0,1,0,0,1,0,0,0,1,1
1983usa voter,1828,3,0,1,0,0,0,1,0,1,0,0,0,0,0,1
1983usa voter,1828,3,1,1,0,0,1,0,0,0,0,0,1,0,1,1
1984usa voter,1829,1,0,0,1,0,0,1,1,0,0,0,1,1,0,0
1984usa voter,1829,1,1,0,0,1,1,0,0,0,1,0,1,0,0,0
1984usa voter,1829,2,1,0,0,0,0,0,1,0,0,0,0,1,0,1
1984usa voter,1829,2,0,1,0,0,0,0,0,1,0,1,0,0,0,0
1984usa voter,1829,3,0,0,0,0,1,0,0,0,1,0,0,1,0,0
1984usa voter,1829,3,1,1,0,0,0,1,0,1,0,1,0,0,1,0
1985usa voter,1830,1,1,0,0,1,1,0,1,0,0,1,0,1,0,1
1985usa voter,1830,1,0,0,0,1,0,1,0,0,1,0,1,0,1,0
1985usa voter,1830,2,0,0,0,0,1,0,0,0,0,1,0,0,1,1
1985usa voter,1830,2,1,0,1,0,0,0,0,0,0,0,0,0,1,1
1985usa voter,1830,3,1,1,0,0,0,0,0,1,0,1,0,1,0,1
1985usa voter,1830,3,0,0,0,1,1,0,0,0,0,1,0,1,0,0
1986usa voter,1831,1,1,0,0,1,1,0,0,0,0,0,0,1,0,1
1986usa voter,1831,1,0,1,0,0,0,0,1,0,0,0,0,0,1,1
1986usa voter,1831,2,0,0,1,0,0,0,1,0,0,0,0,0,1,0
1986usa voter,1831,2,1,0,0,0,1,0,0,1,0,1,0,0,0,0
1986usa voter,1831,3,1,0,0,0,1,0,0,0,1,0,0,0,1,0
1986usa voter,1831,3,0,0,0,0,0,0,0,0,0,0,0,0,1,0
1987usa voter,1832,1,0,0,1,0,0,1,0,0,0,0,1,0,1,1
1987usa voter,1832,1,1,0,0,0,1,0,0,1,0,0,0,0,1,1
1987usa voter,1832,2,0,0,0,1,0,1,0,0,0,0,1,0,1,1
1987usa voter,1832,2,1,0,0,0,0,0,0,0,1,1,0,0,0,0
1987usa voter,1832,3,0,0,0,1,0,1,0,0,0,0,0,0,0,0
1987usa voter,1832,3,1,0,0,0,0,0,0,1,0,0,1,0,0,1
1988usa voter,1833,1,0,1,0,0,0,0,0,1,0,0,0,1,0,1
1988usa voter,1833,1,1,0,0,1,0,0,0,0,0,0,0,1,0,0
1988usa voter,1833,2,1,0,1,0,0,0,0,0,1,0,0,0,0,0
1988usa voter,1833,2,0,0,0,1,1,0,0,0,0,0,0,0,1,0
1988usa voter,1833,3,1,0,0,1,0,1,0,0,1,1,0,1,0,0
1988usa voter,1833,3,0,0,1,0,0,0,0,0,1,1,0,0,1,0
1989usa voter,1834,1,0,0,0,1,0,0,1,0,0,0,0,0,0,0
1989usa voter,1834,1,1,0,1,0,0,1,1,0,0,1,0,1,0,0
1989usa voter,1834,2,0,0,0,0,0,1,1,0,0,1,0,1,0,1
1989usa voter,1834,2,1,0,0,0,0,1,0,0,1,0,1,0,0,0
1989usa voter,1834,3,1,0,1,0,0,1,0,0,1,1,0,1,0,0
1989usa voter,1834,3,0,0,1,0,1,0,0,0,1,0,0,0,1,1
1990usa voter,1835,1,1,0,0,0,0,1,1,0,0,0,1,0,0,0
1990usa voter,1835,1,0,0,0,1,1,0,0,0,1,0,1,0,1,0
1990usa voter,1835,2,0,0,0,0,1,0,0,0,1,0,0,0,1,1
1990usa voter,1835,2,1,0,0,1,0,1,0,1,0,1,0,0,1,1
1990usa voter,1835,3,0,0,0,1,0,0,0,0,1,0,1,0,0,1
1990usa voter,1835,3,1,1,0,0,0,1,1,0,0,1,0,0,0,0
1992usa voter,1836,1,0,1,0,0,0,1,0,1,0,0,0,0,1,0
1992usa voter,1836,1,1,1,0,0,1,0,0,0,1,1,0,0,1,0
1992usa voter,1836,2,0,0,0,0,1,0,0,1,0,0,0,0,0,1
1992usa voter,1836,2,1,1,0,0,0,1,1,0,0,0,1,0,0,1
1992usa voter,1836,3,0,0,1,0,0,1,1,0,0,0,0,0,0,0
1992usa voter,1836,3,1,0,1,0,0,1,0,1,0,1,0,0,1,0
1994usa voter,1837,1,0,1,0,0,1,0,0,1,0,0,1,1,0,0
1994usa voter,1837,1,1,0,1,0,0,1,0,1,0,0,1,1,0,0
1994usa voter,1837,2,0,0,1,0,0,1,0,0,1,1,0,0,0,0
1994usa voter,1837,2,1,0,1,0,0,1,1,0,0,1,0,1,0,1
1994usa voter,1837,3,0,0,0,1,0,0,0,0,1,1,0,1,0,0
1994usa voter,1837,3,1,0,0,1,0,0,0,1,0,0,0,0,1,0
1995usa voter,1838,1,1,1,0,0,0,1,0,0,0,0,1,1,0,0
1995usa voter,1838,1,0,0,1,0,0,1,0,0,0,1,0,0,0,1
1995usa voter,1838,2,0,0,0,0,1,0,0,1,0,1,0,0,0,0
1995usa voter,1838,2,1,0,0,1,1,0,0,0,0,0,1,0,1,0
1995usa voter,1838,3,1,0,1,0,0,0,0,0,0,0,0,1,0,1
1995usa voter,1838,3,0,1,0,0,0,1,0,1,0,0,1,0,1,0
1997usa voter,1839,1,0,0,1,0,0,0,0,0,0,0,0,0,1,0
1997usa voter,1839,1,1,0,0,0,0,1,0,0,0,0,0,1,0,0
1997usa voter,1839,2,1,0,1,0,1,0,0,0,1,0,0,1,0,0
1997usa voter,1839,2,0,0,0,0,0,0,0,0,0,0,0,1,0,0
1997usa voter,1839,3,1,0,0,0,1,0,0,1,0,0,1,0,1,0
1997usa voter,1839,3,0,1,0,0,0,1,1,0,0,1,0,0,1,0
1998usa voter,1840,1,1,0,0,0,0,1,0,1,0,1,0,0,1,0
1998usa voter,1840,1,0,0,0,1,0,1,0,0,1,1,0,0,0,1
1998usa voter,1840,2,1,0,1,0,0,1,0,0,1,0,1,1,0,1
1998usa voter,1840,2,0,0,0,0,0,1,0,0,0,0,1,1,0,0
1998usa voter,1840,3,0,0,0,1,1,0,1,0,0,1,0,1,0,1
1998usa voter,1840,3,1,0,0,0,0,1,0,0,1,1,0,0,1,1
1999usa voter,1841,1,1,0,0,1,1,0,0,0,0,1,0,1,0,1
1999usa voter,1841,1,0,0,0,1,0,1,0,1,0,0,0,0,0,1
1999usa voter,1841,2,0,0,0,1,1,0,1,0,0,0,1,1,0,0
1999usa voter,1841,2,1,0,0,0,0,1,1,0,0,0,0,0,0,1
1999usa voter,1841,3,1,1,0,0,0,1,1,0,0,0,0,0,1,1
1999usa voter,1841,3,0,0,0,1,1,0,0,1,0,1,0,1,0,1
2000usa voter,1842,1,1,0,0,0,0,0,0,0,1,0,1,0,1,0
2000usa voter,1842,1,0,1,0,0,0,1,1,0,0,0,1,0,0,1
2000usa voter,1842,2,0,1,0,0,1,0,1,0,0,0,0,1,0,1
2000usa voter,1842,2,1,1,0,0,1,0,0,0,1,1,0,0,1,0
2000usa voter,1842,3,0,0,1,0,0,1,0,0,0,0,0,1,0,0
2000usa voter,1842,3,1,0,1,0,1,0,1,0,0,0,1,0,1,1
2001usa voter,1843,1,0,0,1,0,0,1,1,0,0,0,0,1,0,0
2001usa voter,1843,1,1,0,0,1,0,1,0,0,1,0,1,0,1,0
2001usa voter,1843,2,1,1,0,0,0,0,0,0,0,0,1,0,1,1
2001usa voter,1843,2,0,0,0,1,1,0,1,0,0,0,0,1,0,1
2001usa voter,1843,3,1,0,1,0,1,0,0,1,0,0,1,0,0,0
2001usa voter,1843,3,0,0,0,1,0,0,1,0,0,0,1,0,0,1
2002usa voter,1844,1,1,1,0,0,1,0,0,0,1,1,0,0,0,1
2002usa voter,1844,1,0,1,0,0,1,0,0,0,0,1,0,1,0,0
2002usa voter,1844,2,0,0,1,0,1,0,1,0,0,0,1,0,0,0
2002usa voter,1844,2,1,0,0,1,1,0,0,1,0,0,0,1,0,1
2002usa voter,1844,3,1,1,0,0,0,1,0,0,1,0,1,0,0,0
2002usa voter,1844,3,0,1,0,0,0,1,1,0,0,1,0,0,1,0
2003usa voter,1845,1,0,1,0,0,1,0,1,0,0,0,1,1,0,0
2003usa voter,1845,1,1,0,0,1,0,1,0,1,0,0,1,1,0,0
2003usa voter,1845,2,1,1,0,0,1,0,1,0,0,0,0,1,0,1
2003usa voter,1845,2,0,0,0,1,0,0,0,0,0,1,0,1,0,1
2003usa voter,1845,3,1,0,1,0,1,0,0,0,1,0,0,0,0,1
2003usa voter,1845,3,0,0,1,0,0,0,1,0,0,0,1,0,1,0
2004usa voter,1846,1,0,1,0,0,0,0,0,0,1,0,1,0,1,1
2004usa voter,1846,1,1,0,0,0,0,1,0,0,0,0,0,0,0,1
2004usa voter,1846,2,1,1,0,0,0,1,0,1,0,0,1,0,0,0
2004usa voter,1846,2,0,0,0,1,0,0,1,0,0,1,0,0,1,0
2004usa voter,1846,3,1,1,0,0,0,0,0,0,1,0,0,0,1,1
2004usa voter,1846,3,0,0,1,0,0,1,1,0,0,0,0,1,0,0
2005usa voter,1847,1,0,0,0,0,1,0,0,0,0,0,1,1,0,1
2005usa voter,1847,1,1,0,1,0,1,0,0,0,0,1,0,1,0,0
2005usa voter,1847,2,0,0,1,0,0,0,0,0,0,0,0,0,0,1
2005usa voter,1847,2,1,1,0,0,0,0,0,0,1,0,1,1,0,1
2006usa voter,1848,1,1,1,0,0,1,0,0,0,0,0,0,1,0,1
2006usa voter,1848,1,0,0,0,0,1,0,0,0,0,0,1,0,0,1
2006usa voter,1848,2,0,0,0,0,1,0,0,1,0,0,0,0,0,0
2006usa voter,1848,2,1,0,1,0,1,0,0,1,0,1,0,0,0,0
2006usa voter,1848,3,0,0,0,1,0,0,0,0,0,0,1,0,1,1
2006usa voter,1848,3,1,0,1,0,0,1,0,0,1,0,1,0,1,0
2007usa voter,1849,1,0,0,0,1,1,0,0,1,0,1,0,0,1,1
2007usa voter,1849,1,1,1,0,0,0,1,0,0,0,0,0,0,1,0
2007usa voter,1849,2,0,0,0,1,0,1,1,0,0,1,0,1,0,0
2007usa voter,1849,2,1,1,0,0,0,1,0,0,0,1,0,1,0,1
2007usa voter,1849,3,1,1,0,0,1,0,0,0,1,0,1,1,0,0
2007usa voter,1849,3,0,1,0,0,0,0,0,0,1,0,1,0,1,1
2008usa voter,1850,1,0,0,1,0,0,1,0,0,0,0,0,1,0,0
2008usa voter,1850,1,1,0,0,1,0,0,0,1,0,0,0,1,0,0
2008usa voter,1850,2,1,0,0,1,0,0,0,0,0,1,0,1,0,1
2008usa voter,1850,2,0,0,0,0,0,0,0,0,0,0,0,1,0,1
2008usa voter,1850,3,1,0,1,0,0,0,0,0,1,0,0,0,1,1
2008usa voter,1850,3,0,0,0,1,0,0,1,0,0,1,0,1,0,0
2009usa voter,1851,1,0,1,0,0,0,0,0,1,0,1,0,0,0,1
2009usa voter,1851,1,1,0,0,1,1,0,0,1,0,0,0,1,0,1
2009usa voter,1851,2,1,0,1,0,0,0,0,0,0,0,0,0,0,1
2009usa voter,1851,2,0,1,0,0,0,0,0,1,0,1,0,0,1,0
2009usa voter,1851,3,1,1,0,0,0,0,0,0,1,0,1,0,0,1
2009usa voter,1851,3,0,0,1,0,0,1,0,1,0,1,0,0,0,1
2010usa voter,1852,1,0,0,1,0,0,1,1,0,0,0,0,0,0,0
2010usa voter,1852,1,1,0,0,1,0,0,0,0,0,0,1,0,1,0
2010usa voter,1852,2,0,0,1,0,0,1,1,0,0,1,0,0,0,1
2010usa voter,1852,2,1,1,0,0,1,0,1,0,0,1,0,0,1,0
2010usa voter,1852,3,0,0,0,0,0,0,0,0,0,0,1,0,0,1
2010usa voter,1852,3,1,0,1,0,1,0,0,0,1,0,0,1,0,1
2011usa voter,1853,1,0,0,0,0,0,1,0,1,0,1,0,0,1,0
2011usa voter,1853,1,1,0,0,0,1,0,0,0,0,0,1,0,1,1
2011usa voter,1853,2,1,0,0,1,0,0,0,1,0,0,0,0,1,1
2011usa voter,1853,2,0,0,0,1,0,0,0,0,0,1,0,0,0,0
2011usa voter,1853,3,1,1,0,0,1,0,0,1,0,0,1,0,0,1
2011usa voter,1853,3,0,1,0,0,0,1,0,1,0,0,0,0,1,0
2012usa voter,1854,1,1,0,1,0,0,1,0,1,0,1,0,0,0,1
2012usa voter,1854,1,0,1,0,0,0,1,0,0,0,0,1,1,0,1
2012usa voter,1854,2,1,0,1,0,0,0,0,0,0,0,0,1,0,1
2012usa voter,1854,2,0,0,1,0,0,0,0,1,0,1,0,0,0,1
2012usa voter,1854,3,1,0,0,1,0,1,0,1,0,1,0,0,1,1
2012usa voter,1854,3,0,0,0,0,0,1,0,1,0,0,1,0,0,0
2013usa voter,1855,1,0,0,1,0,0,0,0,0,0,1,0,0,0,0
2013usa voter,1855,1,1,0,0,1,0,1,1,0,0,0,0,0,1,0
2013usa voter,1855,2,1,0,0,1,0,0,0,1,0,0,1,0,1,1
2013usa voter,1855,2,0,0,0,1,1,0,0,0,1,0,0,0,1,0
2013usa voter,1855,3,0,0,0,1,0,1,0,0,1,0,0,0,1,1
2013usa voter,1855,3,1,1,0,0,1,0,0,1,0,1,0,0,0,0
2014usa voter,1856,1,0,0,0,1,0,1,1,0,0,1,0,0,0,1
2014usa voter,1856,1,1,1,0,0,0,0,0,0,0,1,0,0,1,0
2014usa voter,1856,2,0,1,0,0,1,0,1,0,0,0,1,0,1,0
2014usa voter,1856,2,1,0,0,0,0,0,1,0,0,0,1,0,0,1
2014usa voter,1856,3,1,1,0,0,1,0,0,0,0,1,0,1,0,0
2014usa voter,1856,3,0,0,0,1,1,0,0,0,0,1,0,1,0,1
2015usa voter,1857,1,0,1,0,0,0,1,0,0,0,0,0,0,0,0
2015usa voter,1857,1,1,1,0,0,1,0,0,0,1,0,1,0,1,0
2015usa voter,1857,2,1,0,0,1,0,0,0,0,0,0,0,0,0,1
2015usa voter,1857,2,0,0,1,0,0,0,0,0,1,0,1,1,0,0
2015usa voter,1857,3,1,0,0,0,1,0,0,0,0,0,1,1,0,0
2015usa voter,1857,3,0,0,0,0,0,0,0,0,1,0,1,0,0,0
2016usa voter,1858,1,0,0,0,0,0,1,0,0,1,0,0,0,0,1
2016usa voter,1858,1,1,0,1,0,0,0,0,0,1,0,1,0,0,0
2016usa voter,1858,2,0,0,0,1,0,0,0,0,0,1,0,0,1,1
2016usa voter,1858,2,1,0,0,1,1,0,1,0,0,0,1,1,0,1
2016usa voter,1858,3,0,0,0,0,0,0,0,1,0,0,0,0,1,0
2016usa voter,1858,3,1,0,0,1,1,0,0,0,1,0,0,1,0,0
2017usa voter,1859,1,0,0,1,0,0,1,1,0,0,0,1,0,1,0
2017usa voter,1859,1,1,0,1,0,0,0,0,0,0,1,0,0,0,0
2017usa voter,1859,2,0,1,0,0,1,0,1,0,0,1,0,0,1,0
2017usa voter,1859,2,1,0,0,0,0,1,0,1,0,1,0,0,1,1
2017usa voter,1859,3,1,1,0,0,0,1,0,0,1,1,0,0,1,0
2017usa voter,1859,3,0,1,0,0,0,1,1,0,0,0,1,1,0,1
2019usa voter,1860,1,1,0,1,0,0,0,0,0,0,1,0,1,0,1
2019usa voter,1860,1,0,0,0,0,0,1,0,1,0,0,0,1,0,0
2020usa voter,1861,1,1,0,0,1,1,0,0,0,0,0,1,1,0,1
2020usa voter,1861,1,0,0,0,0,0,1,0,1,0,0,0,1,0,0
2020usa voter,1861,2,1,1,0,0,0,1,1,0,0,0,0,1,0,0
2020usa voter,1861,2,0,1,0,0,0,0,0,0,1,1,0,0,0,0
2020usa voter,1861,3,1,0,1,0,0,0,1,0,0,1,0,0,1,0
2020usa voter,1861,3,0,0,0,1,0,1,0,0,1,0,1,0,1,1
2021usa voter,1862,1,0,1,0,0,0,1,0,1,0,1,0,0,0,1
2021usa voter,1862,1,1,0,0,1,0,0,1,0,0,0,1,1,0,0
2021usa voter,1862,2,1,0,0,1,0,0,1,0,0,0,0,0,0,0
2021usa voter,1862,2,0,0,0,0,0,0,1,0,0,1,0,0,1,0
2021usa voter,1862,3,1,1,0,0,0,1,0,1,0,0,0,1,0,0
2021usa voter,1862,3,0,0,0,1,1,0,0,0,0,0,1,0,0,0
2022usa voter,1863,1,0,0,0,0,0,1,0,0,1,0,1,1,0,0
2022usa voter,1863,1,1,0,1,0,0,0,0,1,0,1,0,0,1,0
2022usa voter,1863,2,0,0,0,1,0,1,0,1,0,0,0,0,1,0
2022usa voter,1863,2,1,1,0,0,1,0,0,0,0,0,1,0,1,0
2022usa voter,1863,3,0,0,0,0,0,0,0,0,1,1,0,1,0,1
2022usa voter,1863,3,1,0,1,0,0,1,0,1,0,1,0,0,1,1
2023usa voter,1864,1,0,1,0,0,0,0,0,0,1,0,1,0,1,0
2023usa voter,1864,1,1,1,0,0,0,1,0,0,0,1,0,1,0,0
2023usa voter,1864,2,1,0,0,1,0,1,0,0,1,0,1,0,0,1
2023usa voter,1864,2,0,0,1,0,0,1,0,1,0,1,0,0,1,1
2023usa voter,1864,3,0,0,1,0,0,0,0,0,1,0,0,1,0,0
2023usa voter,1864,3,1,0,0,1,0,1,0,1,0,0,0,1,0,1
2024usa voter,1865,1,1,0,0,0,0,0,0,1,0,0,0,0,0,1
2024usa voter,1865,1,0,1,0,0,1,0,1,0,0,0,1,0,1,1
2024usa voter,1865,2,1,0,1,0,1,0,0,0,1,0,1,0,0,1
2024usa voter,1865,2,0,0,0,1,0,0,0,0,0,1,0,0,1,1
2024usa voter,1865,3,0,0,0,0,0,1,1,0,0,0,1,1,0,0
2024usa voter,1865,3,1,0,1,0,0,0,0,1,0,1,0,0,0,1
2025usa voter,1866,1,0,0,1,0,1,0,1,0,0,0,1,0,1,1
2025usa voter,1866,1,1,0,1,0,0,0,0,0,1,1,0,1,0,0
2025usa voter,1866,2,0,0,1,0,1,0,0,0,0,0,1,0,0,1
2025usa voter,1866,2,1,0,1,0,0,0,0,1,0,0,0,0,1,1
2025usa voter,1866,3,0,0,0,1,1,0,0,0,1,0,0,0,0,0
2025usa voter,1866,3,1,0,0,1,0,0,0,1,0,1,0,0,1,0
2026usa voter,1867,1,1,0,1,0,0,0,0,0,1,1,0,0,1,0
2026usa voter,1867,1,0,0,0,0,0,0,0,0,0,0,1,1,0,0
2026usa voter,1867,2,0,0,1,0,1,0,0,0,0,0,0,0,1,1
2026usa voter,1867,2,1,0,1,0,0,1,1,0,0,1,0,0,0,1
2026usa voter,1867,3,0,0,0,1,0,1,0,0,0,1,0,0,1,0
2026usa voter,1867,3,1,0,1,0,0,1,0,0,1,0,1,0,1,1
2027usa voter,1868,1,1,0,0,0,0,0,0,0,0,1,0,1,0,1
2027usa voter,1868,1,0,0,0,1,1,0,0,0,0,0,0,0,1,0
2027usa voter,1868,2,1,0,0,1,1,0,0,0,1,1,0,1,0,1
2027usa voter,1868,2,0,0,0,0,0,0,0,0,0,1,0,0,0,1
2027usa voter,1868,3,0,0,0,0,0,0,0,0,0,0,0,1,0,0
2027usa voter,1868,3,1,0,1,0,0,0,0,0,1,0,1,1,0,0
2028usa voter,1869,1,1,1,0,0,0,0,0,1,0,0,1,0,0,0
2028usa voter,1869,1,0,0,0,0,1,0,0,0,0,0,1,0,0,1
2028usa voter,1869,2,0,0,0,1,0,1,0,0,1,0,0,0,1,1
2028usa voter,1869,2,1,0,0,1,1,0,0,1,0,0,0,0,1,1
2028usa voter,1869,3,1,0,0,0,0,0,0,1,0,0,0,0,1,0
2028usa voter,1869,3,0,0,0,0,0,1,1,0,0,0,0,1,0,0
2029usa voter,1870,2,1,0,0,1,1,0,0,1,0,0,1,1,0,0
2029usa voter,1870,2,0,0,0,1,0,1,0,0,1,0,1,1,0,0
2029usa voter,1870,3,0,0,0,0,0,0,0,0,0,0,1,0,1,1
2029usa voter,1870,3,1,1,0,0,0,0,0,0,1,0,1,0,0,1
2030usa voter,1871,1,1,0,0,1,0,1,1,0,0,1,0,0,1,0
2030usa voter,1871,1,0,0,0,1,0,0,0,0,1,0,0,1,0,0
2030usa voter,1871,2,1,0,0,0,0,1,0,1,0,0,1,0,0,1
2030usa voter,1871,2,0,1,0,0,0,1,1,0,0,0,0,1,0,1
2030usa voter,1871,3,1,1,0,0,1,0,1,0,0,0,0,1,0,0
2030usa voter,1871,3,0,0,0,1,0,0,0,0,1,0,0,0,1,0
2031usa voter,1872,1,1,1,0,0,0,0,0,1,0,1,0,1,0,1
2031usa voter,1872,1,0,0,1,0,0,0,1,0,0,0,1,0,0,1
2031usa voter,1872,2,1,0,0,1,0,0,0,0,1,0,0,0,0,0
2031usa voter,1872,2,0,0,1,0,0,1,1,0,0,1,0,0,1,0
2031usa voter,1872,3,0,0,0,0,1,0,0,0,0,0,1,0,1,0
2031usa voter,1872,3,1,1,0,0,0,1,0,0,0,0,1,0,0,0
2033usa voter,1873,1,1,0,0,1,0,1,0,0,0,1,0,0,1,1
2033usa voter,1873,1,0,0,0,1,0,1,0,1,0,0,1,1,0,1
2033usa voter,1873,2,0,0,0,1,0,0,0,0,1,1,0,1,0,0
2033usa voter,1873,2,1,0,0,1,1,0,0,0,1,0,1,1,0,1
2033usa voter,1873,3,1,1,0,0,0,1,0,0,1,1,0,0,0,1
2033usa voter,1873,3,0,0,0,1,0,0,0,0,0,0,0,1,0,0
2034usa voter,1874,1,1,1,0,0,0,0,0,1,0,0,0,0,1,1
2034usa voter,1874,1,0,0,1,0,0,1,0,0,0,0,1,0,0,1
2034usa voter,1874,2,0,1,0,0,0,1,1,0,0,0,1,0,1,1
2034usa voter,1874,2,1,0,1,0,0,0,0,0,0,0,0,0,1,0
2034usa voter,1874,3,1,0,0,0,0,1,0,0,0,0,0,0,0,1
2034usa voter,1874,3,0,1,0,0,0,1,0,1,0,0,1,0,1,1
2035usa voter,1875,1,1,0,0,0,1,0,0,0,0,0,1,0,0,0
2035usa voter,1875,1,0,0,0,0,0,0,0,0,0,0,1,0,0,0
2035usa voter,1875,2,1,0,0,1,0,1,0,1,0,0,1,1,0,1
2035usa voter,1875,2,0,0,0,0,0,0,0,0,0,1,0,1,0,1
2035usa voter,1875,3,0,1,0,0,1,0,1,0,0,0,0,1,0,0
2035usa voter,1875,3,1,1,0,0,1,0,0,0,0,0,1,0,1,1
2036usa voter,1876,1,0,0,0,1,0,1,1,0,0,0,1,1,0,1
2036usa voter,1876,1,1,1,0,0,0,1,1,0,0,0,0,1,0,0
2036usa voter,1876,2,1,1,0,0,0,0,0,1,0,0,0,0,0,0
2036usa voter,1876,2,0,1,0,0,1,0,0,0,0,0,0,1,0,0
2036usa voter,1876,3,0,0,0,1,0,1,0,1,0,0,0,1,0,0
2036usa voter,1876,3,1,0,0,0,1,0,0,0,1,1,0,0,0,0
2038usa voter,1877,1,0,0,0,0,0,0,0,1,0,1,0,0,0,1
2038usa voter,1877,1,1,1,0,0,1,0,0,1,0,1,0,0,0,1
2038usa voter,1877,2,1,0,0,1,1,0,0,0,1,0,1,0,0,1
2038usa voter,1877,2,0,0,0,0,1,0,1,0,0,0,0,1,0,0
2038usa voter,1877,3,1,0,0,1,0,0,1,0,0,0,1,1,0,1
2038usa voter,1877,3,0,0,0,0,0,1,1,0,0,1,0,1,0,1
2039usa voter,1878,1,1,0,1,0,0,1,0,0,0,1,0,0,0,1
2039usa voter,1878,1,0,0,1,0,1,0,1,0,0,0,0,1,0,0
2039usa voter,1878,2,1,1,0,0,0,0,0,0,0,0,0,1,0,1
2039usa voter,1878,2,0,1,0,0,0,1,1,0,0,0,1,1,0,0
2039usa voter,1878,3,0,0,0,0,0,0,0,0,0,0,1,0,1,1
2039usa voter,1878,3,1,0,0,0,0,1,1,0,0,1,0,1,0,0
2040usa voter,1879,1,0,0,1,0,1,0,0,0,1,0,0,0,0,0
2040usa voter,1879,1,1,1,0,0,1,0,0,0,0,1,0,0,0,1
2040usa voter,1879,2,0,0,0,0,0,0,0,1,0,1,0,1,0,0
2040usa voter,1879,2,1,0,1,0,0,1,0,0,0,0,1,0,1,1
2040usa voter,1879,3,0,1,0,0,0,0,0,0,0,1,0,0,1,0
2040usa voter,1879,3,1,0,0,0,1,0,0,0,1,1,0,0,0,0
2041usa voter,1880,1,1,1,0,0,0,0,0,1,0,0,1,1,0,1
2041usa voter,1880,1,0,1,0,0,0,0,0,1,0,0,0,0,0,0
2041usa voter,1880,2,1,0,0,0,0,0,1,0,0,1,0,1,0,1
2041usa voter,1880,2,0,0,0,0,0,1,0,0,0,1,0,0,1,0
2041usa voter,1880,3,0,0,1,0,0,0,0,0,0,1,0,0,0,0
2041usa voter,1880,3,1,0,0,0,0,0,0,1,0,1,0,0,0,0
2042usa voter,1881,1,1,0,0,0,0,0,0,0,1,1,0,0,1,1
2042usa voter,1881,1,0,0,1,0,0,0,1,0,0,0,0,1,0,0
2042usa voter,1881,2,0,0,0,0,0,0,0,0,1,1,0,1,0,1
2042usa voter,1881,2,1,0,1,0,0,0,0,0,0,1,0,0,0,1
2042usa voter,1881,3,1,0,0,1,0,1,0,0,1,0,0,0,0,1
2042usa voter,1881,3,0,0,0,0,0,1,0,0,1,0,1,1,0,1
2043usa voter,1882,1,0,0,1,0,0,0,0,0,1,0,0,0,0,0
2043usa voter,1882,1,1,0,1,0,1,0,0,0,0,0,1,1,0,1
2043usa voter,1882,2,0,0,0,0,1,0,0,0,1,0,0,0,0,0
2043usa voter,1882,2,1,0,0,0,1,0,0,1,0,1,0,0,1,0
2043usa voter,1882,3,1,0,0,1,1,0,0,0,1,1,0,0,0,0
2043usa voter,1882,3,0,0,0,0,0,1,0,0,0,1,0,0,0,0
2044usa voter,1883,1,0,1,0,0,0,0,1,0,0,0,0,0,1,1
2044usa voter,1883,1,1,0,0,1,0,1,1,0,0,0,0,0,1,0
2044usa voter,1883,2,0,0,0,0,0,0,0,0,1,0,1,0,0,1
2044usa voter,1883,2,1,0,1,0,0,0,0,1,0,1,0,1,0,0
2044usa voter,1883,3,1,1,0,0,0,0,0,0,0,1,0,0,0,0
2044usa voter,1883,3,0,0,0,0,0,1,0,0,1,1,0,1,0,0
2045usa voter,1884,1,0,0,1,0,0,0,0,1,0,0,1,0,0,0
2045usa voter,1884,1,1,0,0,1,0,0,0,0,0,0,1,0,1,1
2045usa voter,1884,2,0,0,0,0,0,1,0,0,1,0,1,1,0,1
2045usa voter,1884,2,1,0,0,0,1,0,0,0,1,0,0,0,1,1
2045usa voter,1884,3,0,1,0,0,0,0,1,0,0,0,0,1,0,0
2045usa voter,1884,3,1,1,0,0,1,0,0,1,0,1,0,0,0,0
2048usa voter,1885,1,0,0,0,1,0,0,0,1,0,1,0,0,1,0
2048usa voter,1885,1,1,0,1,0,1,0,1,0,0,1,0,0,1,1
2048usa voter,1885,2,1,0,0,1,1,0,0,1,0,1,0,1,0,0
2048usa voter,1885,2,0,0,0,0,0,1,1,0,0,0,1,1,0,1
2048usa voter,1885,3,1,0,0,0,0,1,0,1,0,1,0,0,0,0
2048usa voter,1885,3,0,0,0,1,0,1,1,0,0,0,1,1,0,0
2049usa voter,1886,1,1,0,0,0,0,0,0,1,0,1,0,0,0,1
2049usa voter,1886,1,0,0,0,1,0,1,1,0,0,0,0,0,1,1
2049usa voter,1886,2,0,0,0,1,0,0,0,1,0,0,0,0,0,1
2049usa voter,1886,2,1,0,1,0,1,0,0,0,1,0,0,1,0,1
2049usa voter,1886,3,1,0,0,0,1,0,1,0,0,1,0,1,0,1
2049usa voter,1886,3,0,1,0,0,1,0,0,1,0,0,0,0,0,1
2050usa voter,1887,1,1,0,0,1,0,1,1,0,0,1,0,1,0,0
2050usa voter,1887,1,0,0,1,0,0,0,0,0,1,0,1,1,0,0
2050usa voter,1887,2,0,0,1,0,1,0,0,0,0,0,1,0,1,0
2050usa voter,1887,2,1,1,0,0,1,0,1,0,0,0,0,0,1,1
2050usa voter,1887,3,1,1,0,0,0,0,0,0,0,1,0,0,0,1
2050usa voter,1887,3,0,1,0,0,1,0,0,0,1,1,0,1,0,1
2051usa voter,1888,1,0,0,1,0,0,0,1,0,0,0,1,1,0,1
2051usa voter,1888,1,1,0,0,0,1,0,1,0,0,1,0,1,0,0
2051usa voter,1888,2,0,0,0,0,0,0,0,1,0,0,0,0,0,1
2051usa voter,1888,2,1,0,0,0,0,0,0,0,1,0,0,0,0,0
2051usa voter,1888,3,0,0,1,0,0,1,0,0,1,0,0,0,1,1
2051usa voter,1888,3,1,1,0,0,0,1,1,0,0,0,0,0,0,0
2052usa voter,1889,1,0,1,0,0,0,1,0,1,0,0,0,0,0,0
2052usa voter,1889,1,1,0,0,0,0,0,0,0,0,1,0,0,1,0
2052usa voter,1889,2,0,0,0,1,0,0,0,0,0,0,1,1,0,0
2052usa voter,1889,2,1,0,0,0,0,1,0,0,0,0,1,0,0,1
2052usa voter,1889,3,1,0,0,1,0,1,0,1,0,1,0,0,0,0
2052usa voter,1889,3,0,0,0,1,0,0,0,1,0,0,0,1,0,0
2053usa voter,1890,1,1,0,0,0,0,1,0,1,0,0,0,0,0,1
2053usa voter,1890,1,0,0,0,0,0,0,0,0,0,0,0,0,1,0
2053usa voter,1890,2,1,0,1,0,1,0,0,0,1,0,1,0,0,0
2053usa voter,1890,2,0,1,0,0,0,1,0,0,0,0,0,0,0,0
2053usa voter,1890,3,0,0,1,0,0,1,0,0,0,0,1,1,0,0
2053usa voter,1890,3,1,0,1,0,1,0,0,0,1,0,0,0,0,0
2054usa voter,1891,1,1,1,0,0,1,0,0,0,1,1,0,1,0,1
2054usa voter,1891,1,0,0,1,0,1,0,1,0,0,0,0,1,0,0
2054usa voter,1891,2,1,0,0,1,1,0,0,0,0,0,0,0,1,0
2054usa voter,1891,2,0,0,0,1,0,1,0,0,0,0,0,0,1,0
2054usa voter,1891,3,1,0,0,0,0,0,0,0,1,1,0,0,1,1
2054usa voter,1891,3,0,0,0,0,0,0,0,0,0,0,0,1,0,0
2055usa voter,1892,1,0,1,0,0,1,0,1,0,0,0,0,1,0,1
2055usa voter,1892,1,1,0,1,0,1,0,0,1,0,0,0,1,0,0
2055usa voter,1892,2,1,0,1,0,0,0,0,0,1,0,1,1,0,1
2055usa voter,1892,2,0,0,0,0,0,0,1,0,0,1,0,0,0,0
2055usa voter,1892,3,1,0,1,0,1,0,1,0,0,1,0,1,0,0
2055usa voter,1892,3,0,1,0,0,1,0,0,0,0,1,0,0,1,1
2056usa voter,1893,1,0,0,0,0,0,0,0,1,0,1,0,0,1,1
2056usa voter,1893,1,1,0,0,1,0,1,0,0,0,0,0,0,1,1
2056usa voter,1893,2,1,1,0,0,0,1,0,0,1,1,0,0,0,1
2056usa voter,1893,2,0,0,0,1,0,1,0,0,1,0,0,0,0,0
2056usa voter,1893,3,1,0,0,1,1,0,0,0,0,1,0,1,0,1
2056usa voter,1893,3,0,0,1,0,1,0,1,0,0,0,0,1,0,1
2057usa voter,1894,1,0,0,0,0,0,0,0,0,0,0,1,1,0,1
2057usa voter,1894,1,1,0,0,0,0,1,0,1,0,0,1,0,0,0
2057usa voter,1894,2,1,0,1,0,0,0,0,1,0,1,0,0,0,1
2057usa voter,1894,2,0,0,1,0,0,1,0,0,0,1,0,0,0,0
2057usa voter,1894,3,0,0,0,0,0,1,0,0,0,0,0,0,1,0
2057usa voter,1894,3,1,1,0,0,0,1,0,0,0,1,0,0,0,1
2058usa voter,1895,1,0,0,0,0,0,0,0,0,0,0,1,0,0,1
2058usa voter,1895,1,1,0,0,0,0,1,1,0,0,1,0,0,1,0
2058usa voter,1895,2,1,0,0,1,1,0,0,0,1,1,0,0,1,1
2058usa voter,1895,2,0,0,0,0,1,0,0,1,0,1,0,0,1,1
2058usa voter,1895,3,1,0,1,0,1,0,0,0,0,0,1,0,0,0
2058usa voter,1895,3,0,0,1,0,0,1,0,0,0,0,0,0,0,1
2060usa voter,1896,1,0,0,0,0,0,1,0,1,0,0,1,0,1,1
2060usa voter,1896,1,1,0,0,0,0,1,0,0,1,0,0,1,0,0
2060usa voter,1896,2,1,0,0,1,0,1,0,0,1,0,0,0,1,1
2060usa voter,1896,2,0,0,0,0,0,0,0,0,1,0,0,0,0,0
2060usa voter,1896,3,0,0,0,0,0,0,1,0,0,0,1,0,1,0
2060usa voter,1896,3,1,0,0,1,0,0,0,0,1,0,0,0,0,0
2062usa voter,1897,1,0,0,0,0,0,1,1,0,0,0,0,0,0,0
2062usa voter,1897,1,1,1,0,0,1,0,1,0,0,0,1,0,1,0
2062usa voter,1897,2,1,0,0,1,0,1,0,0,1,0,0,0,1,0
2062usa voter,1897,2,0,0,0,0,0,1,0,0,1,0,0,0,1,1
2062usa voter,1897,3,0,0,0,1,0,0,0,0,0,0,1,1,0,1
2062usa voter,1897,3,1,0,0,1,1,0,0,0,0,0,1,1,0,0
2063usa voter,1898,1,1,1,0,0,0,1,0,0,1,1,0,1,0,0
2063usa voter,1898,1,0,0,1,0,0,0,0,0,0,0,0,1,0,1
2063usa voter,1898,2,1,0,0,1,0,0,0,0,1,0,0,1,0,0
2063usa voter,1898,2,0,0,1,0,0,0,0,0,0,1,0,0,1,1
2063usa voter,1898,3,0,0,1,0,1,0,0,1,0,1,0,0,0,0
2063usa voter,1898,3,1,0,0,1,0,1,0,0,1,1,0,0,0,1
2064usa voter,1899,1,0,0,0,1,1,0,0,1,0,0,0,0,0,1
2064usa voter,1899,1,1,1,0,0,0,0,0,0,1,1,0,1,0,1
2064usa voter,1899,2,0,1,0,0,0,0,0,0,0,0,0,1,0,0
2064usa voter,1899,2,1,0,0,1,0,0,0,0,0,1,0,0,0,1
2064usa voter,1899,3,1,0,1,0,1,0,0,1,0,0,0,0,1,1
2064usa voter,1899,3,0,0,0,1,1,0,0,1,0,0,0,0,1,0
2065usa voter,1900,1,0,0,0,1,1,0,1,0,0,1,0,0,1,1
2065usa voter,1900,1,1,0,0,0,1,0,0,0,1,0,0,0,0,0
2065usa voter,1900,2,0,1,0,0,1,0,1,0,0,0,1,0,1,0
2065usa voter,1900,2,1,0,0,0,1,0,0,0,1,0,0,0,1,1
2065usa voter,1900,3,0,0,0,1,0,1,0,0,1,0,1,0,1,0
2065usa voter,1900,3,1,0,1,0,1,0,0,0,1,0,1,1,0,1
2066usa voter,1901,1,0,1,0,0,1,0,0,0,0,0,0,0,0,0
2066usa voter,1901,1,1,0,1,0,0,0,1,0,0,0,1,0,0,0
2066usa voter,1901,2,0,1,0,0,0,1,0,0,0,0,1,0,1,1
2066usa voter,1901,2,1,0,1,0,0,1,0,0,1,0,1,1,0,0
2066usa voter,1901,3,1,0,1,0,0,1,0,0,1,0,0,0,1,1
2066usa voter,1901,3,0,0,0,0,0,1,1,0,0,0,1,1,0,1
2067usa voter,1902,1,0,0,0,1,1,0,0,0,0,0,0,0,0,0
2067usa voter,1902,1,1,0,0,0,0,0,0,1,0,0,0,0,0,1
2067usa voter,1902,2,0,0,0,0,0,0,0,0,1,1,0,0,0,1
2067usa voter,1902,2,1,0,1,0,1,0,0,0,0,0,1,0,0,0
2067usa voter,1902,3,0,0,1,0,0,1,1,0,0,0,0,0,0,0
2067usa voter,1902,3,1,1,0,0,0,1,0,0,1,0,1,0,0,0
2068usa voter,1903,1,0,0,0,0,0,1,0,1,0,1,0,0,1,0
2068usa voter,1903,1,1,0,1,0,0,1,0,1,0,1,0,0,1,1
2068usa voter,1903,2,1,0,1,0,0,1,1,0,0,1,0,0,1,0
2068usa voter,1903,2,0,1,0,0,0,1,0,0,0,0,0,0,1,0
2068usa voter,1903,3,0,1,0,0,0,1,0,0,0,0,0,0,0,1
2068usa voter,1903,3,1,0,0,0,0,0,1,0,0,0,1,1,0,1
2069usa voter,1904,1,1,0,0,1,0,1,0,0,0,0,0,0,1,0
2069usa voter,1904,1,0,0,0,0,1,0,0,0,1,0,1,0,1,0
2069usa voter,1904,2,1,0,0,1,0,0,0,1,0,1,0,1,0,1
2069usa voter,1904,2,0,0,1,0,0,0,0,0,0,0,0,0,0,0
2069usa voter,1904,3,1,1,0,0,0,0,0,0,0,1,0,0,1,0
2069usa voter,1904,3,0,1,0,0,1,0,0,0,1,1,0,1,0,0
2070usa voter,1905,1,0,0,0,1,0,0,0,1,0,0,1,0,0,1
2070usa voter,1905,1,1,1,0,0,0,0,0,0,1,0,0,1,0,1
2070usa voter,1905,2,1,0,0,1,0,0,0,1,0,1,0,0,1,0
2070usa voter,1905,2,0,0,0,0,0,1,0,0,1,1,0,1,0,1
2070usa voter,1905,3,0,0,0,1,1,0,1,0,0,0,1,0,0,1
2070usa voter,1905,3,1,0,0,1,0,0,0,1,0,0,1,1,0,1
2071usa voter,1906,1,1,0,0,0,0,0,0,0,0,1,0,1,0,0
2071usa voter,1906,1,0,0,1,0,1,0,1,0,0,1,0,0,1,0
2071usa voter,1906,2,1,1,0,0,0,0,0,1,0,0,1,0,1,0
2071usa voter,1906,2,0,1,0,0,0,1,0,0,0,0,0,0,0,1
2071usa voter,1906,3,0,0,1,0,0,1,1,0,0,0,0,1,0,1
2071usa voter,1906,3,1,0,0,1,0,1,1,0,0,0,1,0,0,0
2072usa voter,1907,1,1,1,0,0,0,0,0,1,0,0,1,1,0,1
2072usa voter,1907,1,0,0,0,1,1,0,0,0,1,0,1,1,0,0
2072usa voter,1907,2,1,0,0,0,0,0,0,1,0,1,0,0,1,1
2072usa voter,1907,2,0,1,0,0,0,1,1,0,0,1,0,0,1,1
2072usa voter,1907,3,0,0,1,0,0,0,0,1,0,0,0,1,0,1
2072usa voter,1907,3,1,0,0,1,1,0,0,1,0,1,0,0,0,1
2073usa voter,1908,1,0,0,1,0,0,1,0,0,0,0,1,1,0,0
2073usa voter,1908,1,1,0,1,0,0,1,0,1,0,1,0,0,0,1
2073usa voter,1908,2,0,1,0,0,1,0,1,0,0,0,1,1,0,1
2073usa voter,1908,2,1,0,1,0,1,0,0,1,0,0,1,0,0,1
2073usa voter,1908,3,1,1,0,0,1,0,0,1,0,1,0,0,0,1
2073usa voter,1908,3,0,1,0,0,1,0,0,0,0,0,0,0,1,0
2074usa voter,1909,1,0,0,1,0,0,1,1,0,0,0,0,0,0,1
2074usa voter,1909,1,1,0,1,0,0,0,0,1,0,0,0,0,1,0
2074usa voter,1909,2,1,0,0,1,0,0,0,0,1,0,1,0,0,0
2074usa voter,1909,2,0,0,0,1,0,1,0,0,1,0,1,0,0,1
2074usa voter,1909,3,0,1,0,0,0,1,1,0,0,1,0,0,0,1
2074usa voter,1909,3,1,1,0,0,0,1,0,1,0,1,0,1,0,0
2075usa voter,1910,1,1,1,0,0,0,1,1,0,0,1,0,0,0,1
2075usa voter,1910,1,0,0,0,0,0,0,0,0,0,0,0,1,0,1
2075usa voter,1910,2,1,1,0,0,0,0,1,0,0,0,1,0,1,1
2075usa voter,1910,2,0,0,0,1,1,0,0,0,0,1,0,1,0,0
2075usa voter,1910,3,0,0,0,1,0,0,0,0,0,0,0,1,0,1
2075usa voter,1910,3,1,0,1,0,0,0,0,1,0,1,0,0,0,1
2076usa voter,1911,1,0,0,0,1,1,0,1,0,0,0,0,0,1,0
2076usa voter,1911,1,1,0,0,0,0,1,0,0,1,0,1,0,0,1
2076usa voter,1911,2,1,0,0,1,0,1,0,0,0,0,1,0,0,1
2076usa voter,1911,2,0,0,0,1,1,0,0,1,0,1,0,0,0,0
2076usa voter,1911,3,1,0,0,1,1,0,0,0,0,0,1,0,0,1
2076usa voter,1911,3,0,1,0,0,0,0,1,0,0,1,0,1,0,1
2078usa voter,1912,1,1,0,1,0,0,1,0,0,0,0,0,0,1,0
2078usa voter,1912,1,0,1,0,0,0,0,0,0,0,0,1,0,1,0
2078usa voter,1912,2,1,1,0,0,0,0,0,1,0,0,0,1,0,1
2078usa voter,1912,2,0,0,0,0,1,0,0,1,0,0,1,0,0,1
2078usa voter,1912,3,0,0,0,1,0,1,0,0,0,0,1,0,0,0
2078usa voter,1912,3,1,0,0,1,1,0,0,0,0,0,1,0,0,0
2079usa voter,1913,1,1,0,1,0,0,0,0,0,1,0,0,0,1,1
2079usa voter,1913,1,0,0,0,1,0,0,1,0,0,0,1,1,0,0
2079usa voter,1913,2,1,0,1,0,0,1,0,0,0,1,0,0,1,1
2079usa voter,1913,2,0,0,0,0,1,0,1,0,0,1,0,1,0,1
2079usa voter,1913,3,1,0,0,0,1,0,0,0,0,0,1,1,0,1
2079usa voter,1913,3,0,1,0,0,1,0,1,0,0,1,0,0,1,0
2080usa voter,1914,1,1,0,1,0,0,1,0,0,0,0,0,0,0,1
2080usa voter,1914,1,0,0,0,1,0,1,1,0,0,0,0,0,1,0
2080usa voter,1914,2,1,0,1,0,1,0,1,0,0,0,1,0,0,0
2080usa voter,1914,2,0,1,0,0,0,0,0,0,0,0,1,0,1,1
2080usa voter,1914,3,0,0,1,0,0,0,0,1,0,1,0,0,1,0
2080usa voter,1914,3,1,0,0,1,0,1,0,1,0,0,1,0,0,0
2081usa voter,1915,1,1,0,0,0,1,0,0,0,0,0,0,1,0,0
2081usa voter,1915,1,0,0,0,1,0,1,0,1,0,0,0,0,1,1
2081usa voter,1915,2,0,1,0,0,1,0,0,0,1,1,0,1,0,1
2081usa voter,1915,2,1,1,0,0,0,1,0,0,1,0,1,0,0,1
2081usa voter,1915,3,1,0,0,0,0,0,0,1,0,0,0,0,0,1
2081usa voter,1915,3,0,0,0,1,0,0,1,0,0,0,1,0,1,0
2082usa voter,1916,1,0,1,0,0,1,0,0,1,0,0,1,1,0,0
2082usa voter,1916,1,1,1,0,0,0,1,0,0,0,1,0,1,0,1
2082usa voter,1916,2,0,1,0,0,0,0,0,0,0,0,1,1,0,1
2082usa voter,1916,2,1,0,0,1,0,0,0,0,0,0,1,0,1,0
2082usa voter,1916,3,1,0,0,1,0,0,0,1,0,0,1,0,1,1
2082usa voter,1916,3,0,0,0,0,0,0,0,0,0,0,0,1,0,1
2083usa voter,1917,1,1,0,0,1,0,0,0,1,0,0,1,1,0,0
2083usa voter,1917,1,0,0,0,1,1,0,0,0,1,1,0,1,0,0
2083usa voter,1917,2,1,0,0,0,0,1,0,1,0,0,0,0,1,1
2083usa voter,1917,2,0,0,0,1,0,1,0,0,1,0,0,1,0,0
2083usa voter,1917,3,0,0,1,0,0,0,0,0,1,1,0,1,0,0
2083usa voter,1917,3,1,0,0,0,0,1,0,0,1,0,1,0,0,0
2084usa voter,1918,1,1,0,0,1,1,0,1,0,0,0,1,0,1,0
2084usa voter,1918,1,0,0,0,0,0,1,0,0,1,1,0,0,1,1
2084usa voter,1918,2,0,0,1,0,0,0,1,0,0,0,0,0,0,0
2084usa voter,1918,2,1,0,0,0,1,0,0,1,0,0,1,0,1,0
2084usa voter,1918,3,1,0,0,1,0,0,0,0,0,1,0,0,1,0
2084usa voter,1918,3,0,0,0,1,0,1,0,0,1,0,0,0,0,0
2085usa voter,1919,1,0,0,0,0,1,0,0,0,0,0,0,1,0,1
2085usa voter,1919,1,1,0,0,0,1,0,1,0,0,1,0,0,1,0
2085usa voter,1919,2,1,0,0,1,0,1,0,1,0,1,0,0,1,1
2085usa voter,1919,2,0,1,0,0,0,1,0,0,0,1,0,0,1,1
2085usa voter,1919,3,0,0,0,0,0,0,1,0,0,0,0,0,1,1
2085usa voter,1919,3,1,0,0,0,0,1,0,0,1,1,0,0,0,0
2087usa voter,1920,1,1,1,0,0,0,0,0,0,0,1,0,1,0,0
2087usa voter,1920,1,0,0,1,0,0,0,0,0,1,1,0,1,0,0
2087usa voter,1920,2,0,0,1,0,1,0,0,1,0,1,0,0,0,1
2087usa voter,1920,2,1,0,0,0,1,0,0,1,0,1,0,1,0,1
2087usa voter,1920,3,1,0,1,0,0,0,1,0,0,1,0,0,1,1
2087usa voter,1920,3,0,1,0,0,0,0,0,0,0,1,0,1,0,0
2089usa voter,1921,1,1,1,0,0,0,1,0,1,0,0,0,1,0,0
2089usa voter,1921,1,0,0,0,1,1,0,0,0,0,0,0,1,0,0
2089usa voter,1921,2,0,1,0,0,1,0,0,1,0,1,0,1,0,0
2089usa voter,1921,2,1,0,0,1,0,1,1,0,0,0,0,1,0,1
2089usa voter,1921,3,1,0,0,1,1,0,0,0,1,0,1,0,0,1
2089usa voter,1921,3,0,0,0,0,1,0,0,0,0,1,0,1,0,0
2090usa voter,1922,1,1,0,1,0,0,1,0,1,0,1,0,0,0,0
2090usa voter,1922,1,0,0,0,0,0,1,0,0,0,1,0,1,0,0
2090usa voter,1922,2,1,1,0,0,1,0,0,0,0,1,0,0,0,0
2090usa voter,1922,2,0,0,1,0,0,0,0,1,0,0,0,1,0,1
2090usa voter,1922,3,1,0,1,0,1,0,0,1,0,0,1,0,1,1
2090usa voter,1922,3,0,0,1,0,0,0,1,0,0,1,0,0,1,1
2091usa voter,1923,1,0,0,0,1,1,0,1,0,0,0,0,0,1,0
2091usa voter,1923,1,1,0,0,1,1,0,0,0,0,0,0,0,1,1
2091usa voter,1923,2,1,0,0,1,0,1,0,1,0,1,0,1,0,1
2091usa voter,1923,2,0,1,0,0,0,0,0,1,0,0,0,1,0,1
2091usa voter,1923,3,0,0,0,0,0,0,0,1,0,0,1,0,1,1
2091usa voter,1923,3,1,0,1,0,0,0,0,1,0,1,0,0,1,1
2094usa voter,1924,1,0,0,0,0,0,0,1,0,0,1,0,0,0,1
2094usa voter,1924,1,1,0,0,0,0,1,0,0,0,0,0,1,0,1
2094usa voter,1924,2,1,0,0,0,0,0,0,1,0,0,0,1,0,0
2094usa voter,1924,2,0,0,1,0,0,0,0,0,1,1,0,0,0,0
2094usa voter,1924,3,1,0,0,0,0,1,0,0,0,1,0,0,0,1
2094usa voter,1924,3,0,0,0,1,1,0,0,0,0,0,0,0,0,1
2096usa voter,1925,1,1,0,1,0,0,0,0,1,0,0,1,0,1,1
2096usa voter,1925,1,0,1,0,0,1,0,0,0,1,1,0,0,1,1
2096usa voter,1925,2,1,0,1,0,0,1,1,0,0,1,0,0,0,0
2096usa voter,1925,2,0,1,0,0,0,0,0,1,0,1,0,0,0,0
2096usa voter,1925,3,0,0,0,1,1,0,1,0,0,1,0,0,0,0
2096usa voter,1925,3,1,0,1,0,0,1,0,0,0,0,1,0,0,1
2097usa voter,1926,1,0,0,1,0,0,0,0,1,0,1,0,0,0,1
2097usa voter,1926,1,1,0,0,1,0,0,1,0,0,0,1,1,0,0
2097usa voter,1926,2,0,0,0,0,0,0,1,0,0,0,1,1,0,0
2097usa voter,1926,2,1,0,1,0,0,0,0,0,1,0,1,1,0,0
2097usa voter,1926,3,1,0,1,0,0,0,0,0,1,1,0,0,1,0
2097usa voter,1926,3,0,1,0,0,0,1,0,0,0,0,0,0,0,1
2098usa voter,1927,1,1,0,0,0,0,1,0,0,1,1,0,0,1,0
2098usa voter,1927,1,0,0,0,0,1,0,0,0,0,0,1,1,0,1
2098usa voter,1927,2,0,0,1,0,0,1,0,0,0,1,0,1,0,1
2098usa voter,1927,2,1,1,0,0,1,0,0,1,0,0,0,1,0,1
2098usa voter,1927,3,0,0,0,0,0,0,0,1,0,1,0,0,0,1
2098usa voter,1927,3,1,1,0,0,0,1,0,1,0,1,0,1,0,1
2100usa voter,1928,1,0,1,0,0,0,1,0,0,1,1,0,1,0,1
2100usa voter,1928,1,1,0,1,0,1,0,0,0,0,0,1,0,1,1
2100usa voter,1928,2,0,0,1,0,0,1,0,1,0,0,0,1,0,0
2100usa voter,1928,2,1,0,0,1,0,1,0,0,0,1,0,0,1,1
2100usa voter,1928,3,1,0,0,1,1,0,0,1,0,0,0,0,1,0
2100usa voter,1928,3,0,1,0,0,0,0,1,0,0,0,1,1,0,1
2101usa voter,1929,1,1,1,0,0,1,0,0,0,0,0,0,0,1,1
2101usa voter,1929,1,0,0,0,1,0,0,0,1,0,1,0,0,0,1
2101usa voter,1929,2,0,0,0,1,0,0,0,0,0,0,1,1,0,0
2101usa voter,1929,2,1,0,0,0,0,1,0,1,0,1,0,1,0,1
2101usa voter,1929,3,1,1,0,0,0,0,0,0,1,0,0,1,0,1
2101usa voter,1929,3,0,0,1,0,1,0,0,1,0,0,0,0,1,1
2102usa voter,1930,1,1,0,1,0,0,0,0,0,1,0,1,1,0,1
2102usa voter,1930,1,0,0,0,0,1,0,0,0,0,1,0,0,0,0
2102usa voter,1930,2,0,1,0,0,0,1,1,0,0,1,0,1,0,0
2102usa voter,1930,2,1,0,0,0,0,1,0,0,1,0,0,0,0,1
2102usa voter,1930,3,0,0,0,0,1,0,0,0,0,0,0,1,0,1
2102usa voter,1930,3,1,0,1,0,1,0,0,0,1,1,0,0,0,0
2104usa voter,1931,1,1,0,0,0,0,0,0,1,0,0,0,0,0,0
2104usa voter,1931,1,0,0,0,1,0,1,0,0,0,1,0,0,0,0
2104usa voter,1931,2,0,0,0,0,1,0,0,0,1,0,1,0,1,0
2104usa voter,1931,2,1,1,0,0,0,1,0,0,1,1,0,0,0,1
2104usa voter,1931,3,1,1,0,0,0,1,0,0,1,1,0,0,1,0
2104usa voter,1931,3,0,0,1,0,1,0,0,0,0,1,0,1,0,0
2105usa voter,1932,1,1,0,0,0,0,0,0,0,1,0,1,0,0,0
2105usa voter,1932,1,0,0,0,0,1,0,1,0,0,0,1,0,0,1
2105usa voter,1932,2,0,0,1,0,1,0,0,0,0,1,0,0,0,1
2105usa voter,1932,2,1,0,1,0,0,1,0,0,1,1,0,1,0,0
2105usa voter,1932,3,1,0,1,0,0,0,0,1,0,0,0,0,0,0
2105usa voter,1932,3,0,0,0,1,1,0,1,0,0,0,0,1,0,0
2106usa voter,1933,1,1,0,0,0,0,1,0,1,0,0,0,1,0,1
2106usa voter,1933,1,0,0,0,1,0,1,0,0,1,1,0,0,0,0
2106usa voter,1933,2,1,0,0,1,0,1,1,0,0,0,0,1,0,0
2106usa voter,1933,2,0,0,0,1,0,1,0,1,0,0,1,0,1,0
2106usa voter,1933,3,0,1,0,0,1,0,1,0,0,0,1,0,0,1
2106usa voter,1933,3,1,0,0,0,1,0,1,0,0,1,0,1,0,1
2107usa voter,1934,1,1,0,0,0,0,0,0,0,1,0,0,0,0,1
2107usa voter,1934,1,0,0,1,0,0,1,0,0,0,0,0,0,1,0
2107usa voter,1934,3,0,0,1,0,0,0,1,0,0,0,1,1,0,1
2107usa voter,1934,3,1,1,0,0,0,1,1,0,0,0,1,1,0,1
2108usa voter,1935,1,0,1,0,0,1,0,0,1,0,0,1,0,1,1
2108usa voter,1935,1,1,0,0,1,0,1,1,0,0,0,0,0,0,0
2108usa voter,1935,2,0,0,1,0,1,0,1,0,0,0,1,1,0,1
2108usa voter,1935,2,1,0,0,1,1,0,1,0,0,1,0,0,0,0
2108usa voter,1935,3,0,0,1,0,1,0,0,1,0,1,0,0,1,0
2108usa voter,1935,3,1,0,1,0,0,1,0,0,1,1,0,0,0,0
2110usa voter,1936,1,0,0,1,0,1,0,1,0,0,0,1,1,0,0
2110usa voter,1936,1,1,0,0,1,1,0,0,1,0,0,0,1,0,0
2110usa voter,1936,2,0,1,0,0,0,1,1,0,0,1,0,0,1,1
2110usa voter,1936,2,1,0,1,0,0,0,1,0,0,0,0,1,0,1
2111usa voter,1937,1,0,0,1,0,0,0,1,0,0,1,0,0,1,0
2111usa voter,1937,1,1,0,1,0,1,0,1,0,0,1,0,0,1,0
2111usa voter,1937,2,1,1,0,0,1,0,1,0,0,0,1,0,0,1
2111usa voter,1937,2,0,0,1,0,1,0,0,0,0,1,0,0,1,0
2111usa voter,1937,3,1,1,0,0,0,0,0,0,0,1,0,1,0,1
2111usa voter,1937,3,0,1,0,0,0,0,0,0,1,1,0,1,0,1
2113usa voter,1938,1,0,1,0,0,0,0,0,0,1,1,0,0,0,1
2113usa voter,1938,1,1,0,0,1,0,0,0,0,0,1,0,0,0,1
2113usa voter,1938,2,0,1,0,0,0,1,0,1,0,0,1,1,0,1
2113usa voter,1938,2,1,0,0,0,1,0,0,0,1,1,0,1,0,0
2113usa voter,1938,3,1,0,1,0,0,0,0,1,0,0,1,1,0,0
2113usa voter,1938,3,0,1,0,0,0,0,0,0,1,0,0,1,0,0
2114usa voter,1939,1,1,0,1,0,1,0,0,0,1,0,1,0,0,1
2114usa voter,1939,1,0,0,0,0,0,1,0,0,0,0,1,0,1,0
2114usa voter,1939,2,0,0,0,1,0,0,1,0,0,0,0,1,0,0
2114usa voter,1939,2,1,0,0,1,1,0,0,1,0,0,1,1,0,1
2114usa voter,1939,3,1,0,1,0,1,0,0,1,0,1,0,0,1,1
2114usa voter,1939,3,0,1,0,0,0,1,0,0,0,1,0,0,1,0
2115usa voter,1940,3,1,1,0,0,0,1,0,0,1,0,0,0,0,0
2115usa voter,1940,3,0,0,0,0,0,0,0,0,1,1,0,0,1,0
2116usa voter,1941,1,0,0,0,1,0,0,0,0,0,0,1,0,0,0
2116usa voter,1941,1,1,0,1,0,0,0,1,0,0,0,0,0,1,0
2116usa voter,1941,2,0,0,1,0,0,0,0,1,0,0,1,1,0,1
2116usa voter,1941,2,1,0,0,1,1,0,0,0,0,0,0,1,0,1
2116usa voter,1941,3,1,0,1,0,0,1,1,0,0,0,1,0,0,0
2116usa voter,1941,3,0,0,0,0,0,0,0,1,0,1,0,1,0,0
2117usa voter,1942,1,0,1,0,0,0,0,1,0,0,0,0,1,0,1
2117usa voter,1942,1,1,0,0,1,1,0,1,0,0,0,0,0,1,0
2117usa voter,1942,2,1,0,0,0,0,0,0,1,0,1,0,0,0,1
2117usa voter,1942,2,0,1,0,0,0,1,0,0,0,1,0,0,1,1
2117usa voter,1942,3,0,0,0,0,0,1,1,0,0,0,1,0,0,1
2117usa voter,1942,3,1,0,1,0,0,1,0,1,0,0,1,1,0,0
2120usa voter,1943,1,1,0,1,0,1,0,0,0,0,1,0,0,0,0
2120usa voter,1943,1,0,0,1,0,0,0,0,0,1,1,0,1,0,0
2120usa voter,1943,2,0,0,0,0,0,1,1,0,0,0,0,1,0,0
2120usa voter,1943,2,1,0,0,0,1,0,0,0,0,0,1,1,0,0
2120usa voter,1943,3,1,0,0,0,1,0,0,1,0,0,1,0,0,0
2120usa voter,1943,3,0,0,0,0,1,0,1,0,0,0,0,1,0,1
2122usa voter,1944,1,0,1,0,0,0,0,0,0,1,0,0,0,1,0
2122usa voter,1944,1,1,0,1,0,0,1,0,0,1,1,0,1,0,0
2122usa voter,1944,2,0,0,0,1,1,0,0,1,0,0,1,0,1,0
2122usa voter,1944,2,1,1,0,0,0,0,0,1,0,0,0,0,0,1
2122usa voter,1944,3,1,1,0,0,0,1,0,0,1,0,1,1,0,0
2122usa voter,1944,3,0,1,0,0,0,0,0,0,0,0,0,0,0,0
2123usa voter,1945,1,1,1,0,0,0,1,0,1,0,1,0,1,0,0
2123usa voter,1945,1,0,0,1,0,0,0,0,1,0,1,0,1,0,1
2123usa voter,1945,2,0,0,0,0,0,0,0,0,1,0,0,0,0,0
2123usa voter,1945,2,1,1,0,0,1,0,0,1,0,1,0,0,0,0
2123usa voter,1945,3,0,0,1,0,0,0,0,1,0,0,0,0,0,0
2123usa voter,1945,3,1,0,1,0,1,0,0,1,0,0,0,0,0,0
2124usa voter,1946,1,1,0,0,0,0,0,0,1,0,1,0,1,0,1
2124usa voter,1946,1,0,0,0,0,0,0,1,0,0,0,1,0,1,0
2124usa voter,1946,2,0,0,0,0,0,1,0,0,0,0,0,0,0,0
2124usa voter,1946,2,1,0,0,0,1,0,0,1,0,0,1,1,0,0
2124usa voter,1946,3,1,0,0,1,0,1,0,0,0,1,0,1,0,1
2124usa voter,1946,3,0,0,0,0,0,0,0,0,0,0,0,0,0,0
2125usa voter,1947,1,1,1,0,0,0,0,0,0,0,0,1,0,1,0
2125usa voter,1947,1,0,0,0,1,0,0,1,0,0,1,0,0,0,1
2125usa voter,1947,2,0,0,0,0,0,1,0,0,1,0,0,1,0,0
2125usa voter,1947,2,1,0,0,1,0,0,0,0,0,0,0,0,0,0
2125usa voter,1947,3,0,0,0,0,0,1,1,0,0,1,0,0,0,1
2125usa voter,1947,3,1,0,0,1,0,0,0,0,0,0,1,0,1,1
2126usa voter,1948,1,0,1,0,0,0,1,0,0,0,0,1,0,0,0
2126usa voter,1948,1,1,0,0,1,0,0,0,0,0,1,0,0,0,1
2126usa voter,1948,2,0,0,0,0,0,0,0,1,0,0,0,1,0,1
2126usa voter,1948,2,1,0,1,0,1,0,1,0,0,0,1,0,0,1
2126usa voter,1948,3,0,0,0,1,1,0,1,0,0,0,1,1,0,1
2126usa voter,1948,3,1,0,0,0,0,1,0,1,0,1,0,0,1,1
2127usa voter,1949,1,1,0,1,0,0,0,1,0,0,0,0,0,1,1
2127usa voter,1949,1,0,1,0,0,0,1,1,0,0,1,0,1,0,1
2127usa voter,1949,2,1,0,0,0,0,0,0,0,0,1,0,0,1,1
2127usa voter,1949,2,0,0,0,0,0,0,0,0,0,0,1,0,0,1
2127usa voter,1949,3,1,1,0,0,0,1,0,0,0,1,0,0,0,1
2127usa voter,1949,3,0,0,0,1,1,0,1,0,0,0,1,0,1,1
2128usa voter,1950,1,0,0,0,0,0,0,0,0,0,1,0,1,0,0
2128usa voter,1950,1,1,1,0,0,1,0,0,1,0,0,1,0,0,0
2128usa voter,1950,2,0,0,0,0,0,1,0,1,0,0,0,0,1,0
2128usa voter,1950,2,1,1,0,0,1,0,1,0,0,0,1,1,0,0
2128usa voter,1950,3,0,0,1,0,1,0,1,0,0,0,0,0,0,0
2128usa voter,1950,3,1,0,1,0,0,0,0,0,1,0,0,1,0,1
2129usa voter,1951,1,0,0,0,1,1,0,0,1,0,0,0,0,0,0
2129usa voter,1951,1,1,0,1,0,1,0,0,0,1,1,0,0,0,1
2129usa voter,1951,2,1,0,0,1,1,0,0,0,1,1,0,0,1,0
2129usa voter,1951,2,0,0,0,0,1,0,0,0,1,1,0,0,1,0
2129usa voter,1951,3,1,0,0,1,0,0,0,0,0,0,1,0,1,1
2129usa voter,1951,3,0,0,0,0,1,0,0,0,0,0,1,0,0,1
2130usa voter,1952,1,1,0,0,0,1,0,0,0,0,0,1,1,0,0
2130usa voter,1952,1,0,0,0,1,1,0,0,0,0,0,1,0,0,0
2130usa voter,1952,2,1,0,0,1,1,0,0,1,0,1,0,1,0,0
2130usa voter,1952,2,0,0,0,0,1,0,1,0,0,0,0,0,0,1
2130usa voter,1952,3,0,0,1,0,0,0,0,0,0,1,0,0,1,1
2130usa voter,1952,3,1,0,0,0,1,0,0,1,0,0,1,1,0,1
2131usa voter,1953,1,1,0,0,1,1,0,0,0,1,1,0,0,0,0
2131usa voter,1953,1,0,1,0,0,1,0,0,0,1,1,0,0,1,1
2131usa voter,1953,2,1,0,1,0,0,1,0,0,0,0,1,0,1,1
2131usa voter,1953,2,0,0,1,0,0,0,0,0,0,0,1,0,0,1
2131usa voter,1953,3,0,0,1,0,1,0,0,0,1,0,0,0,1,1
2131usa voter,1953,3,1,0,1,0,0,1,0,1,0,1,0,1,0,1
2133usa voter,1954,1,0,1,0,0,1,0,0,1,0,0,0,0,1,0
2133usa voter,1954,1,1,1,0,0,0,1,0,0,1,0,1,1,0,0
2133usa voter,1954,2,0,0,1,0,0,0,0,1,0,0,0,0,1,0
2133usa voter,1954,2,1,1,0,0,0,0,0,0,1,0,0,1,0,1
2133usa voter,1954,3,0,0,1,0,0,1,0,0,1,0,0,0,0,0
2133usa voter,1954,3,1,0,0,1,0,1,0,0,1,1,0,0,0,0
2135usa voter,1955,1,0,0,0,1,0,1,0,0,1,0,1,0,0,0
2135usa voter,1955,1,1,0,1,0,1,0,0,0,0,0,0,0,0,0
2135usa voter,1955,2,0,1,0,0,0,1,1,0,0,1,0,0,1,0
2135usa voter,1955,2,1,0,0,1,0,1,0,0,1,1,0,1,0,1
2135usa voter,1955,3,1,0,1,0,0,0,0,0,0,0,1,0,1,0
2135usa voter,1955,3,0,0,0,1,0,0,0,1,0,0,1,0,1,0
2136usa voter,1956,1,0,0,1,0,0,1,1,0,0,0,0,1,0,0
2136usa voter,1956,1,1,1,0,0,0,1,1,0,0,0,1,1,0,0
2136usa voter,1956,2,1,0,0,1,0,0,0,0,1,1,0,1,0,0
2136usa voter,1956,2,0,0,0,1,1,0,0,1,0,0,1,0,0,0
2136usa voter,1956,3,0,1,0,0,1,0,0,1,0,0,0,0,1,0
2136usa voter,1956,3,1,0,1,0,0,1,0,0,0,1,0,0,1,0
2137usa voter,1957,1,1,0,1,0,0,0,0,0,0,0,1,0,0,1
2137usa voter,1957,1,0,1,0,0,0,1,1,0,0,0,0,1,0,0
2137usa voter,1957,2,0,1,0,0,0,0,1,0,0,1,0,1,0,1
2137usa voter,1957,2,1,0,1,0,0,0,1,0,0,0,1,0,1,0
2137usa voter,1957,3,1,0,1,0,0,0,0,0,1,0,1,0,1,0
2137usa voter,1957,3,0,0,0,1,0,0,0,0,0,0,0,1,0,0
2138usa voter,1958,1,1,0,1,0,0,0,0,0,0,0,1,0,1,0
2138usa voter,1958,1,0,0,0,1,1,0,1,0,0,0,1,1,0,1
2138usa voter,1958,2,1,0,1,0,0,1,0,0,0,0,0,0,1,1
2138usa voter,1958,2,0,0,0,0,0,1,1,0,0,0,0,1,0,1
2138usa voter,1958,3,0,0,0,0,0,1,1,0,0,1,0,0,0,0
2138usa voter,1958,3,1,0,1,0,0,0,0,0,0,1,0,0,0,1
2139usa voter,1959,1,0,0,1,0,0,1,0,1,0,0,1,1,0,1
2139usa voter,1959,1,1,1,0,0,1,0,0,1,0,0,1,0,0,0
2139usa voter,1959,3,0,0,0,0,1,0,1,0,0,0,0,0,0,1
2139usa voter,1959,3,1,1,0,0,0,0,0,1,0,0,1,1,0,0
2140usa voter,1960,1,1,0,0,0,1,0,0,0,0,0,0,0,1,0
2140usa voter,1960,1,0,0,0,0,0,1,0,0,0,0,1,0,0,1
2140usa voter,1960,2,1,0,0,1,0,0,0,1,0,1,0,0,1,0
2140usa voter,1960,2,0,0,0,0,0,1,0,0,0,0,0,0,0,1
2140usa voter,1960,3,0,0,0,0,0,1,0,0,1,1,0,0,1,0
2140usa voter,1960,3,1,0,1,0,0,1,0,1,0,1,0,0,0,0
2141usa voter,1961,1,1,1,0,0,0,0,1,0,0,0,0,1,0,1
2141usa voter,1961,1,0,0,0,0,0,1,0,0,0,1,0,1,0,1
2141usa voter,1961,2,1,0,0,1,0,1,0,0,1,1,0,1,0,1
2141usa voter,1961,2,0,0,0,1,0,1,0,0,1,1,0,0,0,0
2141usa voter,1961,3,1,0,0,1,1,0,0,1,0,0,0,1,0,1
2141usa voter,1961,3,0,0,0,0,1,0,0,0,0,0,0,1,0,1
2142usa voter,1962,1,0,0,1,0,0,1,1,0,0,1,0,0,0,1
2142usa voter,1962,1,1,0,1,0,1,0,1,0,0,0,1,0,0,0
2142usa voter,1962,2,1,0,0,0,0,0,0,1,0,1,0,1,0,1
2142usa voter,1962,2,0,0,1,0,0,0,0,0,1,0,0,0,0,1
2142usa voter,1962,3,0,0,1,0,0,0,0,0,1,1,0,0,0,1
2142usa voter,1962,3,1,0,0,1,0,1,0,0,0,1,0,0,0,0
2143usa voter,1963,1,1,0,0,0,0,0,0,0,1,1,0,0,1,1
2143usa voter,1963,1,0,0,1,0,1,0,0,1,0,1,0,0,1,1
2143usa voter,1963,2,1,0,1,0,0,1,0,0,1,1,0,0,0,0
2143usa voter,1963,2,0,0,0,0,0,1,0,1,0,1,0,1,0,1
2143usa voter,1963,3,1,1,0,0,0,0,0,1,0,0,1,0,0,1
2143usa voter,1963,3,0,0,0,1,1,0,1,0,0,1,0,1,0,1
2144usa voter,1964,1,1,0,0,0,0,0,0,1,0,0,1,1,0,1
2144usa voter,1964,1,0,0,0,0,1,0,0,0,1,0,1,0,1,0
2144usa voter,1964,2,1,1,0,0,1,0,0,0,0,0,0,0,0,1
2144usa voter,1964,2,0,0,0,0,1,0,1,0,0,0,0,0,0,0
2144usa voter,1964,3,1,1,0,0,1,0,1,0,0,0,0,0,1,1
2144usa voter,1964,3,0,1,0,0,0,0,0,0,0,0,1,0,1,1
2145usa voter,1965,1,1,0,0,1,0,0,1,0,0,0,1,0,1,0
2145usa voter,1965,1,0,0,0,0,1,0,0,0,0,0,1,0,0,0
2145usa voter,1965,2,1,0,1,0,1,0,0,0,0,0,1,0,1,1
2145usa voter,1965,2,0,0,0,0,0,1,0,0,0,0,1,1,0,0
2145usa voter,1965,3,1,0,0,1,1,0,0,1,0,0,0,0,1,0
2145usa voter,1965,3,0,0,0,0,0,0,0,0,1,0,0,0,0,1
2146usa voter,1966,1,1,1,0,0,1,0,0,0,1,1,0,0,1,0
2146usa voter,1966,1,0,0,0,0,0,0,0,0,1,1,0,0,0,1
2146usa voter,1966,2,1,0,0,0,1,0,0,0,0,0,0,0,1,0
2146usa voter,1966,2,0,0,1,0,0,0,0,0,0,0,0,0,1,0
2146usa voter,1966,3,0,0,0,0,0,0,0,0,0,0,0,0,1,1
2146usa voter,1966,3,1,1,0,0,1,0,0,0,1,0,1,1,0,0
2149usa voter,1967,1,0,0,0,0,1,0,1,0,0,0,1,1,0,1
2149usa voter,1967,1,1,1,0,0,0,1,0,0,0,1,0,0,0,1
2149usa voter,1967,2,0,0,0,0,0,1,0,0,1,0,0,1,0,0
2149usa voter,1967,2,1,1,0,0,0,1,0,1,0,1,0,0,1,1
2149usa voter,1967,3,0,0,1,0,0,1,0,1,0,0,1,0,1,0
2149usa voter,1967,3,1,0,0,1,1,0,0,0,1,0,1,0,1,1
2150usa voter,1968,1,1,0,0,1,1,0,0,0,1,0,1,0,1,1
2150usa voter,1968,1,0,0,1,0,0,1,1,0,0,0,0,0,1,0
2150usa voter,1968,2,1,0,0,0,0,0,0,0,0,0,1,0,0,0
2150usa voter,1968,2,0,0,0,1,1,0,1,0,0,0,1,1,0,0
2150usa voter,1968,3,0,0,0,0,0,1,0,1,0,0,1,0,0,1
2150usa voter,1968,3,1,0,0,1,0,0,0,0,1,0,1,1,0,1
2151usa voter,1969,1,1,0,1,0,0,0,1,0,0,0,0,1,0,1
2151usa voter,1969,1,0,0,1,0,0,1,0,0,1,0,0,0,1,0
2151usa voter,1969,2,1,0,1,0,0,1,1,0,0,0,1,1,0,1
2151usa voter,1969,2,0,0,0,0,1,0,0,0,1,0,0,1,0,0
2151usa voter,1969,3,0,0,0,0,1,0,0,0,1,0,1,0,0,1
2151usa voter,1969,3,1,0,0,1,0,1,0,0,0,1,0,0,1,0
2152usa voter,1970,1,1,0,0,1,0,0,0,1,0,0,0,0,0,0
2152usa voter,1970,1,0,0,1,0,0,1,1,0,0,0,0,0,0,1
2152usa voter,1970,2,0,0,1,0,1,0,0,0,1,0,0,1,0,1
2152usa voter,1970,2,1,0,1,0,0,1,0,1,0,0,1,0,0,0
2152usa voter,1970,3,1,0,0,0,0,1,0,1,0,0,1,0,1,0
2152usa voter,1970,3,0,1,0,0,1,0,0,0,1,0,0,0,1,0
2153usa voter,1971,1,0,0,1,0,0,1,1,0,0,0,1,0,1,0
2153usa voter,1971,1,1,1,0,0,1,0,0,0,1,1,0,1,0,0
2153usa voter,1971,2,0,0,0,0,0,0,0,1,0,0,0,0,0,1
2153usa voter,1971,2,1,0,0,1,0,1,0,1,0,1,0,1,0,1
2153usa voter,1971,3,0,0,0,1,0,0,0,0,0,1,0,0,0,1
2153usa voter,1971,3,1,0,0,1,1,0,0,1,0,0,1,0,0,1
2154usa voter,1972,1,0,0,0,0,0,1,1,0,0,0,0,1,0,1
2154usa voter,1972,1,1,0,0,1,1,0,0,0,0,0,0,0,0,0
2154usa voter,1972,2,0,0,0,0,0,0,0,0,0,0,0,0,0,0
2154usa voter,1972,2,1,0,0,0,0,1,1,0,0,0,1,0,0,1
2154usa voter,1972,3,1,0,0,1,1,0,0,1,0,0,1,1,0,1
2154usa voter,1972,3,0,0,0,0,0,1,0,0,0,0,0,0,0,0
2155usa voter,1973,1,1,0,0,0,1,0,1,0,0,1,0,1,0,1
2155usa voter,1973,1,0,0,0,1,1,0,0,0,0,0,1,1,0,1
2155usa voter,1973,3,0,0,1,0,0,1,0,1,0,0,1,1,0,0
2155usa voter,1973,3,1,0,0,1,0,0,0,0,1,1,0,0,1,1
2156usa voter,1974,1,0,1,0,0,0,1,1,0,0,0,1,0,1,1
2156usa voter,1974,1,1,1,0,0,1,0,0,1,0,1,0,0,0,0
2156usa voter,1974,2,0,1,0,0,0,1,0,0,1,0,0,0,0,1
2156usa voter,1974,2,1,0,1,0,0,1,0,0,1,0,0,0,0,0
2156usa voter,1974,3,1,0,1,0,1,0,0,0,1,1,0,0,0,1
2156usa voter,1974,3,0,0,0,0,1,0,0,1,0,0,0,0,1,0
2157usa voter,1975,1,0,1,0,0,0,0,1,0,0,0,1,1,0,1
2157usa voter,1975,1,1,0,1,0,1,0,0,1,0,0,1,1,0,0
2157usa voter,1975,2,1,0,1,0,0,1,0,1,0,0,1,1,0,1
2157usa voter,1975,2,0,0,1,0,0,1,1,0,0,1,0,0,1,1
2157usa voter,1975,3,0,0,1,0,0,0,1,0,0,0,1,0,0,1
2157usa voter,1975,3,1,1,0,0,0,0,0,1,0,0,0,0,0,1
2158usa voter,1976,1,1,0,1,0,0,1,0,1,0,0,1,1,0,1
2158usa voter,1976,1,0,1,0,0,1,0,0,0,0,0,0,0,1,1
2158usa voter,1976,2,1,0,0,1,0,1,0,1,0,1,0,0,1,0
2158usa voter,1976,2,0,0,0,1,1,0,0,0,0,1,0,1,0,1
2158usa voter,1976,3,1,0,0,0,0,1,0,0,1,0,0,1,0,0
2158usa voter,1976,3,0,1,0,0,0,1,0,1,0,0,0,0,0,1
2159usa voter,1977,1,1,1,0,0,0,1,0,0,1,0,1,0,0,0
2159usa voter,1977,1,0,0,1,0,0,0,0,0,1,1,0,0,0,0
2159usa voter,1977,2,0,1,0,0,1,0,0,0,1,1,0,1,0,1
2159usa voter,1977,2,1,0,0,1,0,1,0,1,0,1,0,0,0,0
2159usa voter,1977,3,1,0,1,0,0,1,0,1,0,1,0,0,1,1
2159usa voter,1977,3,0,0,1,0,0,1,0,0,0,0,0,0,1,1
2160usa voter,1978,1,1,0,0,0,0,1,0,1,0,0,0,0,1,1
2160usa voter,1978,1,0,1,0,0,1,0,0,0,0,1,0,0,1,0
2160usa voter,1978,2,0,0,1,0,0,1,0,1,0,0,0,0,1,0
2160usa voter,1978,2,1,1,0,0,0,0,0,0,0,1,0,0,1,1
2160usa voter,1978,3,0,0,0,1,0,1,0,0,0,0,1,1,0,0
2160usa voter,1978,3,1,0,0,1,1,0,0,0,1,0,1,0,0,1
2161usa voter,1979,1,1,0,1,0,0,1,0,1,0,0,1,0,1,1
2161usa voter,1979,1,0,1,0,0,0,0,0,0,1,0,1,1,0,1
2161usa voter,1979,2,1,0,1,0,1,0,0,0,0,1,0,1,0,1
2161usa voter,1979,2,0,1,0,0,1,0,0,0,1,1,0,1,0,0
2161usa voter,1979,3,1,0,0,0,1,0,0,0,1,0,1,0,0,1
2161usa voter,1979,3,0,0,0,1,0,0,0,1,0,0,0,0,1,0
2162usa voter,1980,1,0,0,0,0,0,0,1,0,0,1,0,1,0,1
2162usa voter,1980,1,1,0,0,1,1,0,0,0,1,0,1,1,0,0
2162usa voter,1980,2,1,0,0,0,0,1,0,1,0,0,0,0,0,0
2162usa voter,1980,2,0,0,0,1,1,0,1,0,0,0,1,0,1,0
2162usa voter,1980,3,1,0,0,1,0,1,1,0,0,1,0,0,1,0
2162usa voter,1980,3,0,0,1,0,1,0,0,0,1,1,0,0,0,0
2163usa voter,1981,1,0,1,0,0,0,1,0,0,0,1,0,0,0,0
2163usa voter,1981,1,1,0,0,1,0,1,0,0,1,1,0,0,0,1
2163usa voter,1981,2,0,0,0,1,0,0,0,0,0,0,0,0,0,1
2163usa voter,1981,2,1,1,0,0,1,0,0,1,0,0,1,1,0,0
2163usa voter,1981,3,0,1,0,0,1,0,1,0,0,0,1,0,0,0
2163usa voter,1981,3,1,0,0,1,0,1,1,0,0,1,0,0,0,0
2164usa voter,1982,1,0,0,0,0,1,0,0,1,0,0,1,0,1,1
2164usa voter,1982,1,1,0,0,1,1,0,0,0,0,1,0,0,1,0
2164usa voter,1982,2,1,0,1,0,1,0,0,1,0,1,0,0,0,0
2164usa voter,1982,2,0,0,0,0,1,0,0,1,0,1,0,1,0,1
2164usa voter,1982,3,0,1,0,0,0,0,0,0,0,0,1,0,0,1
2164usa voter,1982,3,1,0,0,1,0,0,1,0,0,1,0,1,0,0
2165usa voter,1983,1,0,0,1,0,0,0,0,1,0,0,1,0,1,0
2165usa voter,1983,1,1,0,0,0,1,0,0,0,1,0,0,1,0,0
2165usa voter,1983,2,0,0,1,0,0,0,0,0,0,0,0,1,0,0
2165usa voter,1983,2,1,0,1,0,0,1,0,0,1,0,0,0,0,1
2165usa voter,1983,3,0,1,0,0,0,1,0,0,0,1,0,0,1,0
2165usa voter,1983,3,1,0,0,0,1,0,0,0,1,1,0,1,0,1
2166usa voter,1984,1,0,1,0,0,0,1,0,0,1,0,1,0,1,0
2166usa voter,1984,1,1,0,0,1,1,0,0,0,1,1,0,0,1,1
2166usa voter,1984,2,0,0,0,0,0,0,0,0,0,0,1,0,1,0
2166usa voter,1984,2,1,1,0,0,0,1,0,0,0,0,0,0,1,1
2166usa voter,1984,3,0,0,0,1,1,0,1,0,0,1,0,0,0,0
2166usa voter,1984,3,1,0,0,1,0,1,0,0,1,0,0,1,0,1
2167usa voter,1985,1,1,0,1,0,1,0,0,0,1,0,1,0,0,1
2167usa voter,1985,1,0,0,1,0,1,0,0,1,0,0,0,1,0,0
2167usa voter,1985,2,0,1,0,0,1,0,0,1,0,0,1,0,1,1
2167usa voter,1985,2,1,0,1,0,1,0,0,0,0,0,1,0,0,0
2167usa voter,1985,3,1,0,1,0,1,0,1,0,0,0,1,0,0,0
2167usa voter,1985,3,0,1,0,0,0,0,0,0,0,0,1,0,1,1
2169usa voter,1986,1,0,0,0,0,0,1,0,0,1,0,1,0,0,0
2169usa voter,1986,1,1,0,0,0,0,0,1,0,0,0,1,1,0,1
2169usa voter,1986,2,1,0,0,1,0,0,0,0,1,0,1,0,1,0
2169usa voter,1986,2,0,1,0,0,0,0,0,0,0,0,0,0,1,0
2169usa voter,1986,3,1,0,0,0,0,1,0,0,0,1,0,0,1,0
2169usa voter,1986,3,0,1,0,0,1,0,0,0,1,0,1,0,0,0
2170usa voter,1987,1,0,0,0,0,1,0,0,1,0,0,1,1,0,1
2170usa voter,1987,1,1,0,0,1,0,0,0,0,1,0,1,0,1,1
2170usa voter,1987,2,0,0,0,0,0,1,0,0,0,1,0,1,0,0
2170usa voter,1987,2,1,0,1,0,0,1,1,0,0,1,0,1,0,1
2170usa voter,1987,3,1,0,0,0,0,1,0,0,1,1,0,0,0,1
2170usa voter,1987,3,0,0,1,0,1,0,1,0,0,0,1,0,1,0
2171usa voter,1988,1,1,0,0,0,1,0,0,0,1,0,0,0,0,1
2171usa voter,1988,1,0,1,0,0,0,0,0,1,0,0,0,1,0,0
2171usa voter,1988,2,1,1,0,0,1,0,0,0,0,0,1,0,1,1
2171usa voter,1988,2,0,0,0,0,0,1,0,0,1,0,1,0,1,1
2171usa voter,1988,3,1,1,0,0,0,1,0,1,0,1,0,0,1,0
2171usa voter,1988,3,0,0,0,1,0,1,1,0,0,0,0,1,0,0
2172usa voter,1989,1,0,1,0,0,1,0,1,0,0,0,1,1,0,0
2172usa voter,1989,1,1,0,1,0,1,0,1,0,0,0,1,1,0,0
2172usa voter,1989,2,0,0,0,1,0,0,0,0,0,0,1,0,0,1
2172usa voter,1989,2,1,0,0,0,0,1,0,1,0,0,1,1,0,0
2172usa voter,1989,3,1,1,0,0,0,1,0,0,1,0,1,0,1,1
2172usa voter,1989,3,0,0,0,1,1,0,0,1,0,1,0,0,0,0
2173usa voter,1990,1,0,0,0,1,0,1,0,0,0,1,0,0,0,1
2173usa voter,1990,1,1,0,0,0,1,0,1,0,0,0,0,0,1,0
2173usa voter,1990,2,1,0,0,1,0,1,0,1,0,1,0,1,0,1
2173usa voter,1990,2,0,0,0,1,0,0,0,0,1,0,1,1,0,0
2173usa voter,1990,3,0,0,1,0,0,1,0,1,0,0,1,0,1,1
2173usa voter,1990,3,1,0,0,1,0,1,0,0,0,0,1,1,0,1
2174usa voter,1991,1,1,0,1,0,0,0,0,0,0,0,0,1,0,1
2174usa voter,1991,1,0,1,0,0,0,1,1,0,0,0,1,0,1,0
2174usa voter,1991,2,0,1,0,0,0,0,0,0,1,0,0,1,0,1
2174usa voter,1991,2,1,0,1,0,0,1,0,0,1,1,0,0,0,0
2174usa voter,1991,3,1,1,0,0,0,0,1,0,0,1,0,1,0,1
2174usa voter,1991,3,0,0,0,0,0,1,0,1,0,0,1,0,1,1
2175usa voter,1992,1,1,0,0,1,0,0,0,0,1,0,0,1,0,1
2175usa voter,1992,1,0,0,0,0,0,0,0,0,1,0,0,1,0,1
2175usa voter,1992,2,0,0,1,0,1,0,1,0,0,0,1,0,0,0
2175usa voter,1992,2,1,0,0,1,0,0,1,0,0,0,0,0,1,1
2175usa voter,1992,3,0,0,1,0,0,0,0,0,1,1,0,0,1,0
2175usa voter,1992,3,1,0,0,1,0,1,0,0,1,0,1,1,0,1
2176usa voter,1993,1,1,0,0,1,0,1,0,0,1,0,0,0,1,0
2176usa voter,1993,1,0,0,0,0,0,1,0,0,1,0,1,0,0,0
2176usa voter,1993,2,1,0,1,0,0,0,1,0,0,0,0,0,0,0
2176usa voter,1993,2,0,0,0,0,0,0,0,1,0,1,0,0,0,1
2176usa voter,1993,3,0,1,0,0,1,0,0,1,0,1,0,0,0,0
2176usa voter,1993,3,1,0,0,1,0,1,0,1,0,0,1,0,0,1
2177usa voter,1994,1,1,0,1,0,1,0,0,0,1,1,0,1,0,0
2177usa voter,1994,1,0,0,1,0,0,0,1,0,0,0,1,1,0,0
2177usa voter,1994,2,0,0,0,0,1,0,0,0,1,0,0,0,1,0
2177usa voter,1994,2,1,0,0,0,1,0,0,0,0,1,0,0,1,1
2177usa voter,1994,3,0,0,0,0,1,0,0,1,0,1,0,0,1,0
2177usa voter,1994,3,1,0,0,0,0,1,0,0,1,0,0,1,0,1
2179usa voter,1995,1,0,0,1,0,1,0,1,0,0,0,0,1,0,0
2179usa voter,1995,1,1,0,0,1,1,0,0,0,0,0,0,0,0,1
2179usa voter,1995,2,1,1,0,0,0,0,0,0,0,1,0,0,1,1
2179usa voter,1995,2,0,0,0,0,0,0,0,0,0,0,0,0,0,0
2179usa voter,1995,3,1,0,0,1,0,1,0,0,0,1,0,1,0,0
2179usa voter,1995,3,0,0,0,0,1,0,0,1,0,0,0,0,0,1
2180usa voter,1996,1,1,0,1,0,0,1,0,0,1,0,1,0,1,0
2180usa voter,1996,1,0,0,1,0,1,0,0,1,0,0,0,0,0,0
2180usa voter,1996,2,0,0,1,0,0,1,0,0,1,0,0,0,1,1
2180usa voter,1996,2,1,0,1,0,1,0,0,0,0,0,1,0,0,1
2180usa voter,1996,3,0,0,1,0,0,1,0,1,0,0,0,0,1,0
2180usa voter,1996,3,1,0,0,1,0,1,0,0,0,0,1,0,0,0
2181usa voter,1997,1,0,0,0,0,0,0,0,1,0,0,0,0,1,0
2181usa voter,1997,1,1,1,0,0,1,0,0,0,0,0,0,1,0,1
2181usa voter,1997,2,0,0,0,1,0,0,0,0,1,0,0,0,1,0
2181usa voter,1997,2,1,0,0,1,0,0,0,0,1,0,0,0,0,1
2181usa voter,1997,3,1,0,0,1,0,1,1,0,0,0,1,1,0,1
2181usa voter,1997,3,0,0,1,0,0,1,0,1,0,0,1,0,1,1
2182usa voter,1998,1,1,0,1,0,1,0,1,0,0,0,1,0,0,0
2182usa voter,1998,1,0,1,0,0,0,1,0,1,0,1,0,0,0,1
2182usa voter,1998,2,1,0,0,1,0,1,0,1,0,0,0,0,0,1
2182usa voter,1998,2,0,0,1,0,0,0,0,1,0,1,0,1,0,0
2182usa voter,1998,3,0,0,0,0,0,0,0,0,0,0,1,0,1,0
2182usa voter,1998,3,1,1,0,0,0,1,0,0,1,1,0,0,1,0
2183usa voter,1999,1,0,1,0,0,0,1,0,0,0,0,0,0,0,0
2183usa voter,1999,1,1,0,0,1,0,0,1,0,0,0,0,0,1,1
2183usa voter,1999,2,0,0,0,0,0,1,0,0,0,0,0,0,1,0
2183usa voter,1999,2,1,0,1,0,1,0,0,0,1,1,0,0,0,1
2183usa voter,1999,3,1,0,0,0,0,0,0,0,1,1,0,0,1,1
2183usa voter,1999,3,0,0,0,1,0,1,0,0,1,0,1,0,0,0
2184usa voter,2000,1,0,0,1,0,0,1,0,1,0,0,1,1,0,1
2184usa voter,2000,1,1,0,0,1,0,1,1,0,0,0,1,1,0,1
2184usa voter,2000,2,0,0,0,1,0,1,0,0,0,0,0,1,0,1
2184usa voter,2000,2,1,0,0,0,1,0,0,1,0,1,0,1,0,0
2184usa voter,2000,3,0,0,0,0,1,0,0,1,0,1,0,0,0,0
2184usa voter,2000,3,1,1,0,0,0,1,0,0,1,1,0,1,0,0
2185usa voter,2001,1,1,0,0,1,1,0,1,0,0,0,0,0,0,1
2185usa voter,2001,1,0,0,0,0,0,1,0,0,1,0,0,0,1,0
2185usa voter,2001,2,1,0,1,0,0,1,0,1,0,1,0,0,0,1
2185usa voter,2001,2,0,0,1,0,1,0,0,1,0,1,0,1,0,0
2185usa voter,2001,3,1,0,1,0,1,0,0,0,0,0,0,0,0,0
2185usa voter,2001,3,0,1,0,0,0,0,1,0,0,0,1,0,0,0
2186usa voter,2002,1,0,0,0,0,0,0,0,1,0,0,1,0,0,1
2186usa voter,2002,1,1,0,1,0,1,0,0,1,0,0,0,0,1,1
2186usa voter,2002,2,0,0,1,0,0,1,1,0,0,0,1,1,0,0
2186usa voter,2002,2,1,1,0,0,1,0,1,0,0,0,0,1,0,0
2186usa voter,2002,3,0,0,0,1,0,0,0,0,1,1,0,0,1,0
2186usa voter,2002,3,1,0,1,0,0,1,0,0,1,1,0,0,0,1
2187usa voter,2003,1,0,0,0,1,0,0,1,0,0,0,1,1,0,0
2187usa voter,2003,1,1,0,0,0,0,1,0,0,1,1,0,1,0,0
2187usa voter,2003,2,0,0,0,0,1,0,0,1,0,0,1,0,1,0
2187usa voter,2003,2,1,1,0,0,0,1,0,0,1,0,0,0,1,1
2187usa voter,2003,3,1,0,1,0,0,1,0,0,0,0,0,0,0,0
2187usa voter,2003,3,0,0,1,0,0,1,1,0,0,0,0,0,1,0
2188usa voter,2004,1,0,0,0,1,0,0,0,1,0,1,0,1,0,1
2188usa voter,2004,1,1,0,0,0,0,0,1,0,0,1,0,0,0,0
2188usa voter,2004,2,0,1,0,0,1,0,0,0,1,0,1,0,0,0
2188usa voter,2004,2,1,0,0,0,0,1,1,0,0,0,1,0,1,1
2188usa voter,2004,3,0,0,0,0,1,0,1,0,0,0,0,0,1,0
2188usa voter,2004,3,1,0,0,0,0,1,0,0,0,0,0,1,0,1
2190usa voter,2005,1,1,0,0,0,1,0,0,0,1,0,0,1,0,1
2190usa voter,2005,1,0,0,0,0,0,0,0,1,0,0,1,0,0,1
2190usa voter,2005,2,1,0,0,0,0,1,0,1,0,0,0,1,0,0
2190usa voter,2005,2,0,0,0,0,0,1,0,1,0,0,0,0,0,0
2190usa voter,2005,3,1,0,1,0,0,1,0,0,1,1,0,0,1,1
2190usa voter,2005,3,0,1,0,0,0,1,1,0,0,0,0,1,0,0
2191usa voter,2006,1,0,0,0,0,1,0,0,0,1,1,0,1,0,1
2191usa voter,2006,1,1,0,0,1,1,0,1,0,0,0,0,0,0,1
2191usa voter,2006,2,1,1,0,0,0,0,1,0,0,0,0,0,1,1
2191usa voter,2006,2,0,1,0,0,1,0,0,1,0,0,1,0,1,0
2191usa voter,2006,3,1,0,0,0,0,1,0,0,1,1,0,1,0,0
2191usa voter,2006,3,0,0,0,1,1,0,1,0,0,0,0,0,0,0
2192usa voter,2007,1,1,0,0,1,0,1,0,0,0,0,1,0,0,1
2192usa voter,2007,1,0,0,1,0,0,0,0,0,1,0,1,1,0,1
2192usa voter,2007,2,0,0,1,0,1,0,0,0,0,0,1,0,0,0
2192usa voter,2007,2,1,1,0,0,1,0,0,0,0,0,1,1,0,0
2192usa voter,2007,3,1,0,1,0,0,0,0,1,0,0,1,0,1,1
2192usa voter,2007,3,0,0,0,0,0,1,0,0,1,0,0,0,0,1
2193usa voter,2008,1,0,0,0,0,0,0,1,0,0,0,1,0,0,1
2193usa voter,2008,1,1,0,0,0,1,0,0,0,0,0,1,0,1,0
2193usa voter,2008,2,0,0,0,0,0,1,0,0,0,0,0,0,1,1
2193usa voter,2008,2,1,0,0,1,1,0,0,0,0,1,0,1,0,1
2193usa voter,2008,3,1,1,0,0,0,1,0,0,0,0,1,0,0,1
2193usa voter,2008,3,0,0,0,1,0,0,0,1,0,0,0,1,0,0
2194usa voter,2009,1,1,0,0,0,0,1,0,1,0,0,1,1,0,1
2194usa voter,2009,1,0,0,1,0,0,0,0,1,0,0,0,1,0,0
2194usa voter,2009,2,1,1,0,0,0,1,0,0,1,0,1,0,0,0
2194usa voter,2009,2,0,1,0,0,0,0,0,0,0,0,1,0,1,0
2194usa voter,2009,3,0,0,1,0,0,1,1,0,0,0,0,0,1,0
2194usa voter,2009,3,1,0,1,0,0,1,1,0,0,0,1,0,1,1
2195usa voter,2010,1,1,1,0,0,1,0,0,0,1,0,1,0,1,0
2195usa voter,2010,1,0,0,0,1,0,1,0,0,1,0,1,0,0,1
2195usa voter,2010,2,1,0,0,0,0,1,0,0,0,0,0,0,0,0
2195usa voter,2010,2,0,0,0,1,1,0,1,0,0,0,0,1,0,1
2195usa voter,2010,3,1,0,0,0,0,0,0,1,0,1,0,0,1,0
2195usa voter,2010,3,0,0,0,1,0,0,1,0,0,0,1,1,0,0
2196usa voter,2011,1,1,0,0,1,0,0,0,0,1,0,1,0,0,0
2196usa voter,2011,1,0,0,0,0,0,1,1,0,0,0,0,0,0,1
2196usa voter,2011,2,1,0,0,0,0,1,1,0,0,0,0,1,0,0
2196usa voter,2011,2,0,0,0,1,0,1,0,1,0,0,0,0,0,0
2196usa voter,2011,3,0,0,0,0,0,1,0,0,1,0,0,1,0,0
2196usa voter,2011,3,1,0,0,0,0,0,0,0,1,1,0,1,0,0
2197usa voter,2012,1,0,0,1,0,0,1,0,1,0,0,0,1,0,0
2197usa voter,2012,1,1,0,1,0,1,0,1,0,0,1,0,0,1,0
2197usa voter,2012,2,0,0,0,1,0,0,0,0,1,0,0,0,0,1
2197usa voter,2012,2,1,0,0,0,0,1,0,0,0,1,0,0,1,0
2197usa voter,2012,3,0,1,0,0,0,0,0,1,0,1,0,0,1,0
2197usa voter,2012,3,1,1,0,0,0,0,1,0,0,0,1,1,0,0
2198usa voter,2013,1,0,1,0,0,0,0,0,0,1,1,0,0,1,0
2198usa voter,2013,1,1,0,0,1,1,0,0,0,0,0,1,0,0,0
2198usa voter,2013,2,0,0,1,0,0,1,0,0,0,1,0,0,0,1
2198usa voter,2013,2,1,0,1,0,0,1,0,0,1,0,0,0,0,0
2198usa voter,2013,3,0,0,0,0,0,1,0,0,0,1,0,1,0,1
2198usa voter,2013,3,1,0,0,1,0,0,0,0,1,0,0,1,0,1
2200usa voter,2014,1,1,0,0,1,0,0,0,0,0,0,0,0,0,0
2200usa voter,2014,1,0,0,0,0,1,0,0,0,1,1,0,0,1,0
2200usa voter,2014,2,0,1,0,0,0,0,0,0,0,1,0,0,0,1
2200usa voter,2014,2,1,0,0,0,0,0,1,0,0,0,0,1,0,0
2200usa voter,2014,3,1,0,1,0,0,0,1,0,0,0,1,1,0,0
2200usa voter,2014,3,0,1,0,0,0,0,0,0,0,0,0,0,0,0
2201usa voter,2015,1,1,1,0,0,1,0,0,0,0,0,1,1,0,1
2201usa voter,2015,1,0,0,0,0,0,1,0,0,1,1,0,0,1,0
2201usa voter,2015,2,0,0,1,0,0,0,0,0,0,0,1,1,0,1
2201usa voter,2015,2,1,1,0,0,0,1,1,0,0,0,1,0,0,0
2201usa voter,2015,3,1,1,0,0,0,1,1,0,0,1,0,0,0,1
2201usa voter,2015,3,0,0,1,0,0,0,0,1,0,0,0,1,0,1
2203usa voter,2016,1,0,0,0,1,0,1,0,0,0,0,0,1,0,0
2203usa voter,2016,1,1,1,0,0,0,1,0,0,1,0,0,0,0,0
2203usa voter,2016,2,0,0,1,0,0,1,0,0,0,0,1,1,0,1
2203usa voter,2016,2,1,0,1,0,1,0,1,0,0,1,0,0,1,0
2203usa voter,2016,3,0,1,0,0,0,0,1,0,0,1,0,0,1,1
2203usa voter,2016,3,1,0,1,0,1,0,1,0,0,0,1,1,0,0
2204usa voter,2017,1,0,0,0,1,1,0,0,1,0,1,0,0,0,0
2204usa voter,2017,1,1,0,0,1,0,1,1,0,0,0,1,0,1,0
2204usa voter,2017,2,0,0,0,0,1,0,0,0,1,0,0,1,0,0
2204usa voter,2017,2,1,0,0,0,0,0,0,0,0,0,1,0,1,1
2205usa voter,2018,3,1,1,0,0,0,1,1,0,0,1,0,0,0,0
2205usa voter,2018,3,0,0,1,0,0,1,0,0,0,1,0,0,0,0
2207usa voter,2019,1,1,0,0,1,1,0,0,0,1,1,0,0,0,0
2207usa voter,2019,1,0,1,0,0,0,0,0,1,0,0,1,0,1,1
2207usa voter,2019,2,0,1,0,0,0,1,0,0,1,0,1,0,1,0
2207usa voter,2019,2,1,0,0,1,0,0,0,1,0,0,0,0,1,1
2207usa voter,2019,3,0,1,0,0,0,1,0,0,0,0,0,0,0,0
2207usa voter,2019,3,1,0,0,1,0,1,1,0,0,0,0,0,0,0
2208usa voter,2020,1,0,0,0,1,0,1,0,1,0,0,0,1,0,0
2208usa voter,2020,1,1,0,0,1,1,0,0,0,1,1,0,1,0,0
2208usa voter,2020,2,1,0,1,0,0,1,0,1,0,0,1,0,1,0
2208usa voter,2020,2,0,0,0,1,0,1,1,0,0,0,0,0,1,0
2208usa voter,2020,3,0,0,0,0,0,0,0,0,1,0,1,0,1,0
2208usa voter,2020,3,1,1,0,0,0,1,0,1,0,0,1,0,0,1
2209usa voter,2021,1,0,0,0,0,0,0,0,0,0,0,0,0,1,0
2209usa voter,2021,1,1,0,0,0,1,0,0,1,0,0,1,0,1,1
2209usa voter,2021,2,0,1,0,0,0,1,0,0,0,0,0,0,0,1
2209usa voter,2021,2,1,0,1,0,0,0,1,0,0,0,1,1,0,1
2209usa voter,2021,3,0,0,0,0,0,0,0,0,0,1,0,0,0,0
2209usa voter,2021,3,1,0,0,0,0,1,0,0,0,1,0,1,0,0
2210usa voter,2022,1,1,1,0,0,0,1,0,0,1,1,0,1,0,1
2210usa voter,2022,1,0,0,0,1,1,0,0,0,1,1,0,1,0,0
2210usa voter,2022,2,0,0,1,0,0,0,0,1,0,0,1,0,1,1
2210usa voter,2022,2,1,0,0,1,0,1,0,0,0,1,0,0,1,0
2210usa voter,2022,3,1,0,0,1,1,0,0,0,1,0,1,0,0,1
2210usa voter,2022,3,0,0,0,0,0,0,1,0,0,0,1,0,0,0
2211usa voter,2023,1,1,0,1,0,1,0,0,1,0,0,1,0,0,0
2211usa voter,2023,1,0,0,1,0,0,1,0,0,1,1,0,0,1,0
2211usa voter,2023,2,1,1,0,0,0,1,1,0,0,0,1,1,0,0
2211usa voter,2023,2,0,1,0,0,1,0,0,1,0,0,1,1,0,1
2211usa voter,2023,3,0,1,0,0,1,0,0,1,0,1,0,0,1,0
2211usa voter,2023,3,1,0,0,1,0,0,0,1,0,1,0,0,1,1
2212usa voter,2024,1,1,0,1,0,1,0,0,1,0,1,0,1,0,1
2212usa voter,2024,1,0,0,0,1,1,0,1,0,0,1,0,1,0,1
2212usa voter,2024,2,1,0,1,0,0,1,0,0,1,1,0,1,0,1
2212usa voter,2024,2,0,1,0,0,1,0,0,0,0,1,0,1,0,1
2212usa voter,2024,3,1,0,1,0,0,0,1,0,0,1,0,1,0,0
2212usa voter,2024,3,0,0,0,1,0,0,1,0,0,0,0,0,1,0
2214usa voter,2025,1,1,0,0,0,0,1,1,0,0,1,0,1,0,0
2214usa voter,2025,1,0,1,0,0,0,1,0,0,1,0,1,0,0,1
2214usa voter,2025,2,0,1,0,0,0,0,0,0,1,1,0,0,0,0
2214usa voter,2025,2,1,0,0,1,0,1,0,1,0,0,0,0,0,0
2214usa voter,2025,3,1,0,0,1,0,1,0,0,0,0,1,0,1,1
2214usa voter,2025,3,0,1,0,0,0,0,0,0,0,0,1,0,0,1
2216usa voter,2026,1,1,0,0,1,0,1,0,1,0,0,0,0,0,1
2216usa voter,2026,1,0,1,0,0,0,1,0,0,0,0,0,0,1,1
2216usa voter,2026,2,0,0,0,0,0,1,0,0,1,0,0,0,1,0
2216usa voter,2026,2,1,0,1,0,0,1,1,0,0,1,0,0,0,0
2216usa voter,2026,3,1,1,0,0,1,0,1,0,0,1,0,1,0,1
2216usa voter,2026,3,0,0,0,0,0,0,0,0,0,1,0,0,0,0
2217usa voter,2027,1,1,0,1,0,1,0,1,0,0,1,0,1,0,0
2217usa voter,2027,1,0,1,0,0,0,0,0,0,1,1,0,0,1,0
2217usa voter,2027,2,0,0,1,0,0,0,0,0,1,0,0,0,1,1
2217usa voter,2027,2,1,1,0,0,1,0,0,0,1,0,1,0,0,1
2217usa voter,2027,3,1,0,0,0,0,0,0,0,0,1,0,0,0,1
2217usa voter,2027,3,0,0,0,0,0,1,0,1,0,0,0,0,1,1
2218usa voter,2028,1,1,0,1,0,1,0,0,0,1,1,0,1,0,0
2218usa voter,2028,1,0,1,0,0,0,1,0,1,0,0,1,0,0,0
2218usa voter,2028,2,0,0,0,0,1,0,0,0,1,0,1,1,0,0
2218usa voter,2028,2,1,1,0,0,1,0,1,0,0,0,1,0,0,0
2218usa voter,2028,3,1,0,0,1,1,0,1,0,0,0,0,1,0,0
2218usa voter,2028,3,0,0,0,0,1,0,1,0,0,0,1,1,0,0
2219usa voter,2029,1,0,0,0,0,0,0,0,0,0,1,0,1,0,0
2219usa voter,2029,1,1,0,1,0,0,1,0,1,0,0,1,0,0,1
2219usa voter,2029,2,0,0,0,1,0,0,0,0,1,0,1,0,1,0
2219usa voter,2029,2,1,0,1,0,1,0,0,1,0,0,0,0,1,1
2219usa voter,2029,3,1,1,0,0,1,0,0,0,0,0,0,0,0,0
2219usa voter,2029,3,0,0,0,1,1,0,1,0,0,0,0,0,1,0
2221usa voter,2030,1,1,0,1,0,0,0,0,0,1,0,0,0,0,1
2221usa voter,2030,1,0,0,0,1,1,0,0,0,1,0,0,1,0,0
2221usa voter,2030,2,1,0,0,0,1,0,0,0,0,0,1,0,0,1
2221usa voter,2030,2,0,0,1,0,1,0,1,0,0,0,0,0,1,0
2221usa voter,2030,3,1,0,1,0,0,1,0,0,0,0,0,1,0,1
2221usa voter,2030,3,0,0,0,1,1,0,1,0,0,1,0,1,0,0
2222usa voter,2031,1,1,0,1,0,0,1,0,0,1,0,1,1,0,0
2222usa voter,2031,1,0,1,0,0,0,0,1,0,0,0,0,0,0,0
2222usa voter,2031,2,0,0,1,0,1,0,1,0,0,0,0,0,0,0
2222usa voter,2031,2,1,0,0,1,0,1,0,0,1,1,0,0,1,0
2222usa voter,2031,3,0,0,1,0,1,0,0,0,1,0,0,1,0,0
2222usa voter,2031,3,1,0,0,1,1,0,0,0,1,0,0,0,0,1
2223usa voter,2032,1,1,1,0,0,1,0,0,1,0,0,0,0,1,1
2223usa voter,2032,1,0,0,0,0,1,0,0,0,0,0,1,0,0,1
2224usa voter,2033,1,0,1,0,0,0,0,0,0,0,0,1,0,1,1
2224usa voter,2033,1,1,1,0,0,0,1,0,1,0,0,0,0,1,1
2224usa voter,2033,2,0,0,0,1,1,0,0,1,0,0,1,0,1,1
2224usa voter,2033,2,1,0,0,1,1,0,0,1,0,1,0,1,0,1
2224usa voter,2033,3,1,1,0,0,0,1,0,0,1,0,1,0,0,0
2224usa voter,2033,3,0,0,1,0,0,1,0,0,1,1,0,0,0,1
2225usa voter,2034,1,1,0,0,1,0,1,0,0,0,1,0,1,0,0
2225usa voter,2034,1,0,1,0,0,0,1,0,0,0,1,0,1,0,1
2225usa voter,2034,2,1,0,0,1,1,0,0,0,1,0,1,0,0,1
2225usa voter,2034,2,0,0,1,0,0,1,1,0,0,0,1,0,0,0
2225usa voter,2034,3,1,0,0,0,1,0,0,0,1,1,0,1,0,1
2225usa voter,2034,3,0,1,0,0,0,0,0,1,0,0,1,0,1,0
2226usa voter,2035,1,0,0,1,0,1,0,0,0,1,0,0,0,1,0
2226usa voter,2035,1,1,0,1,0,0,0,0,0,0,0,1,0,1,1
2226usa voter,2035,2,1,0,0,1,0,1,0,0,1,1,0,0,1,0
2226usa voter,2035,2,0,0,0,1,1,0,1,0,0,0,0,0,1,0
2226usa voter,2035,3,1,0,0,1,0,1,0,1,0,1,0,0,1,0
2226usa voter,2035,3,0,0,0,0,0,1,0,1,0,1,0,0,1,1
2227usa voter,2036,1,0,0,0,1,0,1,0,1,0,1,0,1,0,1
2227usa voter,2036,1,1,0,1,0,0,0,0,1,0,1,0,0,1,1
2227usa voter,2036,2,1,0,1,0,1,0,1,0,0,0,0,0,1,1
2227usa voter,2036,2,0,0,0,0,0,1,0,0,1,1,0,1,0,1
2227usa voter,2036,3,0,0,0,0,0,1,1,0,0,0,1,1,0,1
2227usa voter,2036,3,1,1,0,0,0,0,0,0,1,1,0,1,0,1
2228usa voter,2037,1,0,0,0,1,0,1,0,0,0,0,0,0,0,1
2228usa voter,2037,1,1,0,0,1,1,0,0,1,0,1,0,1,0,1
2228usa voter,2037,2,1,0,0,0,0,1,0,0,0,0,0,0,1,1
2228usa voter,2037,2,0,0,1,0,0,0,0,1,0,1,0,0,1,0
2228usa voter,2037,3,1,1,0,0,1,0,0,0,1,1,0,0,1,1
2228usa voter,2037,3,0,1,0,0,0,1,0,1,0,1,0,0,0,1
2229usa voter,2038,1,1,0,1,0,1,0,1,0,0,0,1,1,0,1
2229usa voter,2038,1,0,0,1,0,1,0,1,0,0,1,0,0,0,1
2229usa voter,2038,2,0,0,1,0,1,0,0,1,0,1,0,0,1,0
2229usa voter,2038,2,1,0,0,0,1,0,0,1,0,0,1,0,1,1
2229usa voter,2038,3,0,0,0,1,1,0,0,1,0,0,0,0,1,1
2229usa voter,2038,3,1,0,0,1,1,0,1,0,0,0,0,0,0,1
2230usa voter,2039,1,1,0,0,1,1,0,1,0,0,0,1,0,1,0
2230usa voter,2039,1,0,0,0,1,1,0,0,1,0,1,0,0,0,0
2230usa voter,2039,2,1,0,0,0,1,0,0,1,0,0,1,0,0,1
2230usa voter,2039,2,0,0,0,1,1,0,0,1,0,0,1,0,0,1
2230usa voter,2039,3,1,0,0,0,1,0,0,0,0,0,1,0,0,0
2230usa voter,2039,3,0,0,0,1,0,0,0,0,0,0,1,0,0,0
2231usa voter,2040,1,0,0,0,1,0,0,1,0,0,0,0,0,0,0
2231usa voter,2040,1,1,0,0,0,0,0,0,1,0,0,1,0,1,0
2231usa voter,2040,2,0,0,0,0,0,0,0,0,0,0,1,1,0,0
2231usa voter,2040,2,1,0,1,0,0,0,0,1,0,0,0,1,0,1
2231usa voter,2040,3,1,0,0,1,0,0,0,0,1,0,1,0,0,1
2231usa voter,2040,3,0,0,0,0,1,0,0,0,1,0,1,0,0,0
2233usa voter,2041,1,1,1,0,0,1,0,0,0,0,1,0,1,0,1
2233usa voter,2041,1,0,1,0,0,1,0,1,0,0,0,1,0,0,0
2233usa voter,2041,2,0,1,0,0,1,0,0,1,0,0,1,1,0,0
2233usa voter,2041,2,1,0,0,0,1,0,0,0,1,0,1,0,0,0
2233usa voter,2041,3,1,0,0,0,1,0,0,0,0,0,0,0,0,1
2233usa voter,2041,3,0,1,0,0,0,0,1,0,0,0,0,0,1,1
2234usa voter,2042,1,0,0,0,1,1,0,1,0,0,0,1,0,0,0
2234usa voter,2042,1,1,0,0,0,0,0,0,0,0,0,0,1,0,0
2234usa voter,2042,2,0,1,0,0,1,0,1,0,0,0,0,0,1,0
2234usa voter,2042,2,1,0,0,0,0,0,1,0,0,0,1,0,1,1
2234usa voter,2042,3,0,0,1,0,0,1,1,0,0,0,0,0,0,1
2234usa voter,2042,3,1,0,0,0,1,0,0,0,0,0,1,1,0,0
2235usa voter,2043,1,1,0,0,1,0,0,0,0,0,1,0,0,1,0
2235usa voter,2043,1,0,1,0,0,1,0,0,0,1,0,1,0,1,1
2235usa voter,2043,2,1,0,0,1,0,1,1,0,0,0,0,1,0,1
2235usa voter,2043,2,0,0,0,0,1,0,0,0,1,0,1,0,1,1
2235usa voter,2043,3,1,0,0,0,1,0,1,0,0,0,1,1,0,0
2235usa voter,2043,3,0,1,0,0,0,0,0,1,0,0,1,0,0,1
2236usa voter,2044,1,1,0,1,0,0,1,1,0,0,0,0,0,0,1
2236usa voter,2044,1,0,0,1,0,0,1,0,1,0,0,1,0,1,1
2236usa voter,2044,2,1,0,0,0,0,1,1,0,0,1,0,0,0,1
2236usa voter,2044,2,0,0,1,0,1,0,0,0,0,0,1,0,1,1
2236usa voter,2044,3,0,0,0,1,1,0,1,0,0,0,1,0,1,1
2236usa voter,2044,3,1,0,0,0,1,0,1,0,0,0,0,0,0,0
2237usa voter,2045,1,1,0,0,1,1,0,0,1,0,0,0,1,0,0
2237usa voter,2045,1,0,1,0,0,0,0,0,0,0,0,1,1,0,1
2237usa voter,2045,2,0,0,1,0,0,0,1,0,0,1,0,0,1,0
2237usa voter,2045,2,1,0,0,1,0,1,0,0,1,1,0,0,1,1
2237usa voter,2045,3,1,0,0,1,0,0,1,0,0,0,0,1,0,1
2237usa voter,2045,3,0,0,1,0,1,0,0,0,0,1,0,0,0,1
2238usa voter,2046,1,1,0,0,1,1,0,0,0,1,0,0,0,0,0
2238usa voter,2046,1,0,0,1,0,0,0,0,1,0,0,0,0,1,1
2238usa voter,2046,2,1,0,0,1,0,1,1,0,0,1,0,1,0,1
2238usa voter,2046,2,0,0,0,0,0,0,1,0,0,0,1,0,0,0
2238usa voter,2046,3,1,0,1,0,0,1,0,0,0,0,1,1,0,0
2238usa voter,2046,3,0,1,0,0,1,0,0,0,1,1,0,0,0,0
2240usa voter,2047,1,1,0,1,0,1,0,0,0,0,1,0,0,0,1
2240usa voter,2047,1,0,0,0,0,0,1,0,0,1,0,1,1,0,1
2240usa voter,2047,2,1,0,0,0,0,0,0,0,1,0,0,1,0,0
2240usa voter,2047,2,0,1,0,0,0,1,1,0,0,0,0,0,1,0
2240usa voter,2047,3,0,0,0,1,0,0,0,1,0,1,0,0,1,1
2240usa voter,2047,3,1,0,0,1,0,1,0,0,0,0,0,1,0,1
2241usa voter,2048,1,1,1,0,0,0,0,0,1,0,0,0,0,0,0
2241usa voter,2048,1,0,0,1,0,0,1,0,1,0,0,0,0,1,1
2241usa voter,2048,2,0,0,0,0,1,0,1,0,0,0,1,1,0,1
2241usa voter,2048,2,1,0,1,0,1,0,0,0,1,0,1,1,0,0
2241usa voter,2048,3,0,0,0,0,0,0,0,0,0,0,1,0,1,0
2241usa voter,2048,3,1,0,1,0,0,1,0,0,0,0,0,1,0,0
2242usa voter,2049,1,0,0,1,0,0,0,0,0,1,1,0,1,0,1
2242usa voter,2049,1,1,0,0,0,0,0,0,0,0,0,0,1,0,1
2242usa voter,2049,2,1,0,0,0,0,1,0,1,0,0,0,0,1,1
2242usa voter,2049,2,0,1,0,0,1,0,1,0,0,0,1,0,1,0
2242usa voter,2049,3,1,0,0,1,1,0,1,0,0,0,0,0,0,1
2242usa voter,2049,3,0,0,1,0,0,0,0,1,0,0,0,0,1,1
2244usa voter,2050,1,1,0,0,0,0,1,0,0,1,0,1,0,1,1
2244usa voter,2050,1,0,1,0,0,0,0,0,1,0,0,1,0,1,0
2244usa voter,2050,2,1,1,0,0,0,0,0,0,0,1,0,1,0,0
2244usa voter,2050,2,0,1,0,0,0,1,0,0,1,0,1,1,0,0
2244usa voter,2050,3,0,0,0,0,0,0,1,0,0,0,1,0,0,1
2244usa voter,2050,3,1,0,1,0,0,1,0,0,0,0,0,0,1,1
2245usa voter,2051,1,1,0,0,0,0,0,0,0,1,1,0,0,1,0
2245usa voter,2051,1,0,0,0,1,1,0,0,0,1,1,0,1,0,1
2245usa voter,2051,2,0,0,1,0,0,1,1,0,0,1,0,0,0,1
2245usa voter,2051,2,1,1,0,0,0,1,0,1,0,0,1,0,0,1
2246usa voter,2052,1,0,0,0,0,1,0,0,0,1,1,0,1,0,0
2246usa voter,2052,1,1,0,1,0,0,1,0,0,0,0,0,0,1,1
2246usa voter,2052,2,0,0,0,1,0,1,1,0,0,0,0,0,0,1
2246usa voter,2052,2,1,0,0,1,0,1,1,0,0,0,1,0,0,1
2246usa voter,2052,3,0,0,1,0,0,0,1,0,0,1,0,0,0,1
2246usa voter,2052,3,1,1,0,0,0,0,0,0,0,0,1,1,0,1
2247usa voter,2053,1,1,0,0,0,1,0,0,0,1,1,0,0,0,1
2247usa voter,2053,1,0,0,1,0,0,0,0,0,1,0,0,0,0,1
2247usa voter,2053,2,0,1,0,0,0,1,0,0,0,0,1,1,0,1
2247usa voter,2053,2,1,0,0,0,1,0,0,0,1,1,0,1,0,1
2247usa voter,2053,3,0,0,0,0,0,0,0,0,0,0,0,1,0,0
2247usa voter,2053,3,1,0,0,0,1,0,0,0,0,0,1,1,0,0
2248usa voter,2054,1,1,0,0,1,0,1,0,0,0,0,1,0,0,0
2248usa voter,2054,1,0,0,0,1,1,0,0,0,0,1,0,1,0,0
2248usa voter,2054,2,1,0,0,1,0,0,0,0,0,0,0,0,0,0
2248usa voter,2054,2,0,1,0,0,1,0,0,0,0,0,1,0,1,0
2248usa voter,2054,3,1,0,0,0,0,1,0,0,0,0,0,0,0,0
2248usa voter,2054,3,0,0,0,0,0,0,0,0,0,0,1,0,1,1
2249usa voter,2055,1,1,0,1,0,0,1,0,0,1,0,0,0,1,1
2249usa voter,2055,1,0,0,0,1,0,1,0,0,0,0,1,0,0,1
2249usa voter,2055,2,0,0,1,0,0,0,0,0,0,1,0,0,0,0
2249usa voter,2055,2,1,1,0,0,0,0,1,0,0,1,0,1,0,0
2249usa voter,2055,3,0,0,0,0,0,0,1,0,0,1,0,1,0,0
2249usa voter,2055,3,1,0,0,0,1,0,1,0,0,1,0,0,0,1
2250usa voter,2056,1,1,1,0,0,0,0,0,0,1,0,0,0,1,0
2250usa voter,2056,1,0,1,0,0,0,0,0,0,1,1,0,0,1,1
2250usa voter,2056,2,1,1,0,0,0,0,1,0,0,0,1,1,0,0
2250usa voter,2056,2,0,0,0,0,1,0,0,0,0,0,0,0,1,1
2250usa voter,2056,3,1,0,1,0,0,0,0,0,0,1,0,0,1,1
2250usa voter,2056,3,0,1,0,0,1,0,0,0,0,0,1,1,0,0
2251usa voter,2057,1,1,0,0,1,0,1,0,0,0,1,0,1,0,1
2251usa voter,2057,1,0,0,1,0,1,0,0,1,0,0,0,0,1,0
2251usa voter,2057,2,1,1,0,0,0,1,0,1,0,0,1,0,1,1
2251usa voter,2057,2,0,1,0,0,1,0,0,1,0,0,1,1,0,0
2251usa voter,2057,3,1,0,1,0,1,0,0,1,0,0,1,0,1,0
2251usa voter,2057,3,0,0,0,1,0,1,1,0,0,0,0,0,1,1
2252usa voter,2058,1,0,1,0,0,0,0,0,1,0,0,1,0,1,0
2252usa voter,2058,1,1,1,0,0,0,0,1,0,0,0,1,1,0,0
2252usa voter,2058,2,0,1,0,0,1,0,0,0,0,0,0,0,0,1
2252usa voter,2058,2,1,0,1,0,0,0,0,0,0,0,0,1,0,1
2252usa voter,2058,3,0,0,1,0,0,0,0,0,0,0,1,0,0,0
2252usa voter,2058,3,1,0,0,1,0,0,1,0,0,1,0,0,0,0
2253usa voter,2059,1,1,0,1,0,0,1,1,0,0,0,0,0,0,1
2253usa voter,2059,1,0,1,0,0,0,0,1,0,0,0,0,0,1,1
2253usa voter,2059,2,0,0,0,1,1,0,0,0,0,1,0,0,1,1
2253usa voter,2059,2,1,0,0,1,0,0,0,0,0,0,0,0,0,0
2253usa voter,2059,3,0,0,1,0,1,0,0,0,1,0,0,0,0,1
2253usa voter,2059,3,1,0,0,1,1,0,0,0,1,1,0,1,0,1
2254usa voter,2060,1,0,1,0,0,1,0,1,0,0,0,0,0,1,1
2254usa voter,2060,1,1,0,0,0,0,0,0,0,0,1,0,0,0,0
2254usa voter,2060,2,0,0,0,1,0,0,0,1,0,0,1,1,0,0
2254usa voter,2060,2,1,0,1,0,0,1,0,0,1,0,0,1,0,1
2254usa voter,2060,3,0,0,0,1,0,0,0,0,0,0,0,1,0,1
2254usa voter,2060,3,1,0,1,0,0,1,1,0,0,0,1,0,1,1
2255usa voter,2061,1,0,1,0,0,0,1,0,0,0,0,0,1,0,0
2255usa voter,2061,1,1,0,0,1,0,1,0,0,1,1,0,0,1,1
2255usa voter,2061,2,0,1,0,0,0,1,0,1,0,1,0,0,1,1
2255usa voter,2061,2,1,0,0,1,0,0,1,0,0,0,1,1,0,1
2255usa voter,2061,3,1,0,0,1,0,0,0,1,0,0,1,0,1,1
2255usa voter,2061,3,0,0,0,0,0,1,0,0,0,0,1,0,0,0
2256usa voter,2062,1,0,0,0,0,0,0,0,0,1,0,1,0,0,0
2256usa voter,2062,1,1,0,0,1,1,0,0,0,0,0,0,0,0,0
2256usa voter,2062,2,1,0,1,0,0,0,1,0,0,0,1,0,0,1
2256usa voter,2062,2,0,1,0,0,0,0,1,0,0,0,0,0,1,0
2256usa voter,2062,3,1,0,0,1,0,1,0,0,1,0,0,0,1,1
2256usa voter,2062,3,0,0,0,1,0,0,1,0,0,0,0,0,0,0
2257usa voter,2063,1,0,0,1,0,0,0,0,0,0,0,0,0,0,0
2257usa voter,2063,1,1,0,1,0,1,0,0,0,0,0,0,0,1,0
2257usa voter,2063,2,1,0,0,1,0,1,1,0,0,0,0,0,0,1
2257usa voter,2063,2,0,0,0,1,0,1,0,1,0,1,0,1,0,1
2257usa voter,2063,3,0,0,0,1,0,0,0,0,1,0,0,0,1,1
2257usa voter,2063,3,1,0,0,1,0,1,0,0,0,1,0,1,0,1
2258usa voter,2064,1,0,0,1,0,0,0,0,0,0,0,0,0,0,1
2258usa voter,2064,1,1,0,1,0,0,1,0,0,0,1,0,1,0,1
2258usa voter,2064,2,1,0,1,0,1,0,0,0,0,1,0,1,0,0
2258usa voter,2064,2,0,0,0,0,1,0,0,0,0,1,0,0,1,0
2258usa voter,2064,3,1,0,0,1,0,1,1,0,0,1,0,0,1,0
2258usa voter,2064,3,0,0,1,0,0,1,1,0,0,1,0,1,0,0
2259usa voter,2065,1,1,0,1,0,0,1,0,1,0,1,0,1,0,1
2259usa voter,2065,1,0,0,0,1,0,0,0,1,0,1,0,0,1,0
2259usa voter,2065,2,1,0,0,0,0,0,0,0,0,1,0,0,1,1
2259usa voter,2065,2,0,1,0,0,1,0,0,0,1,1,0,0,0,1
2259usa voter,2065,3,0,1,0,0,0,1,0,0,0,0,1,1,0,0
2259usa voter,2065,3,1,1,0,0,0,1,1,0,0,0,1,0,1,0
2260usa voter,2066,1,1,1,0,0,0,0,1,0,0,0,1,0,1,0
2260usa voter,2066,1,0,0,0,1,0,0,1,0,0,0,0,1,0,0
2260usa voter,2066,2,1,0,0,0,0,0,0,1,0,0,0,0,1,0
2260usa voter,2066,2,0,1,0,0,1,0,0,1,0,1,0,1,0,1
2260usa voter,2066,3,1,1,0,0,0,0,0,1,0,1,0,1,0,1
2260usa voter,2066,3,0,1,0,0,0,1,0,1,0,1,0,1,0,0
2262usa voter,2067,1,0,0,1,0,0,1,0,1,0,0,0,1,0,0
2262usa voter,2067,1,1,0,1,0,1,0,1,0,0,0,0,0,1,1
2262usa voter,2067,2,0,0,0,1,0,1,0,0,0,0,1,0,1,0
2262usa voter,2067,2,1,1,0,0,0,0,0,0,1,0,0,0,1,0
2262usa voter,2067,3,1,0,1,0,0,1,0,0,1,1,0,1,0,1
2262usa voter,2067,3,0,0,0,1,1,0,0,0,0,0,0,0,1,1
2263usa voter,2068,1,1,0,0,0,0,1,0,0,1,0,0,0,1,1
2263usa voter,2068,1,0,1,0,0,1,0,1,0,0,0,0,0,1,1
2263usa voter,2068,2,0,0,0,1,1,0,0,1,0,0,0,0,0,1
2263usa voter,2068,2,1,0,0,0,0,0,0,0,0,0,0,1,0,0
2263usa voter,2068,3,0,0,0,0,0,0,0,0,1,1,0,0,1,0
2263usa voter,2068,3,1,1,0,0,0,1,1,0,0,1,0,1,0,1
2264usa voter,2069,1,1,1,0,0,0,0,1,0,0,1,0,0,1,0
2264usa voter,2069,1,0,0,0,1,0,1,1,0,0,0,1,0,0,1
2264usa voter,2069,2,1,1,0,0,1,0,1,0,0,0,0,0,1,0
2264usa voter,2069,2,0,0,0,0,0,0,1,0,0,1,0,0,0,1
2264usa voter,2069,3,0,0,0,0,0,1,0,0,1,1,0,0,1,0
2264usa voter,2069,3,1,0,0,1,1,0,1,0,0,0,1,0,0,0
2265usa voter,2070,1,1,0,0,1,0,1,1,0,0,1,0,1,0,1
2265usa voter,2070,1,0,0,0,0,0,0,0,0,0,1,0,0,0,1
2265usa voter,2070,2,1,0,0,1,1,0,0,1,0,0,0,1,0,1
2265usa voter,2070,2,0,0,1,0,1,0,1,0,0,0,0,1,0,1
2265usa voter,2070,3,0,0,0,0,0,1,0,0,0,1,0,0,0,1
2265usa voter,2070,3,1,0,1,0,0,1,0,0,1,0,0,0,1,1
2266usa voter,2071,1,1,0,0,0,0,1,0,0,1,0,0,1,0,0
2266usa voter,2071,1,0,0,0,0,0,0,0,1,0,1,0,0,1,0
2266usa voter,2071,2,1,0,0,0,1,0,1,0,0,1,0,0,0,1
2266usa voter,2071,2,0,1,0,0,0,1,0,1,0,0,0,0,1,0
2266usa voter,2071,3,1,0,0,1,0,1,0,1,0,1,0,1,0,1
2266usa voter,2071,3,0,1,0,0,0,0,1,0,0,0,1,0,1,1
2267usa voter,2072,1,0,0,0,1,0,1,1,0,0,0,0,0,1,0
2267usa voter,2072,1,1,0,0,1,0,1,0,1,0,0,0,0,1,0
2267usa voter,2072,2,0,1,0,0,1,0,0,0,0,0,1,1,0,1
2267usa voter,2072,2,1,0,1,0,0,1,1,0,0,0,1,0,1,0
2267usa voter,2072,3,1,1,0,0,1,0,0,0,1,0,1,0,0,0
2267usa voter,2072,3,0,0,0,0,1,0,1,0,0,0,1,1,0,0
2268usa voter,2073,1,1,1,0,0,0,0,0,0,1,0,1,0,1,1
2268usa voter,2073,1,0,0,0,0,0,0,0,1,0,1,0,0,1,1
2268usa voter,2073,2,1,0,1,0,0,0,1,0,0,0,1,1,0,0
2268usa voter,2073,2,0,1,0,0,1,0,0,0,1,0,1,0,1,1
2268usa voter,2073,3,1,0,0,0,0,1,0,1,0,0,1,1,0,0
2268usa voter,2073,3,0,0,0,0,0,0,0,1,0,1,0,0,1,0
2269usa voter,2074,1,0,0,1,0,0,0,0,0,1,1,0,0,0,0
2269usa voter,2074,1,1,0,0,0,0,0,0,0,0,0,1,0,1,1
2269usa voter,2074,2,1,0,0,1,0,1,1,0,0,0,1,1,0,0
2269usa voter,2074,2,0,1,0,0,0,1,0,1,0,0,1,0,1,0
2269usa voter,2074,3,0,0,1,0,1,0,0,0,0,0,1,0,1,0
2269usa voter,2074,3,1,0,0,0,1,0,0,0,0,0,1,0,0,0
2270usa voter,2075,1,1,1,0,0,0,1,0,0,1,0,1,0,1,0
2270usa voter,2075,1,0,0,1,0,0,1,0,0,0,0,1,0,1,0
2270usa voter,2075,2,1,0,0,1,1,0,0,0,1,1,0,1,0,1
2270usa voter,2075,2,0,1,0,0,0,1,1,0,0,0,0,1,0,1
2270usa voter,2075,3,0,1,0,0,0,1,0,0,1,0,0,0,1,1
2270usa voter,2075,3,1,0,1,0,0,1,0,1,0,1,0,0,1,0
2271usa voter,2076,1,1,0,0,1,0,0,0,1,0,1,0,0,1,1
2271usa voter,2076,1,0,1,0,0,0,0,0,1,0,1,0,0,1,1
2271usa voter,2076,2,1,0,1,0,1,0,0,0,1,0,1,0,0,0
2271usa voter,2076,2,0,0,0,0,0,0,0,0,0,0,1,0,1,0
2271usa voter,2076,3,0,0,1,0,0,1,0,0,0,0,1,1,0,0
2271usa voter,2076,3,1,0,0,0,0,0,0,1,0,0,1,0,1,1
2272usa voter,2077,1,0,0,0,0,1,0,0,1,0,0,1,0,0,0
2272usa voter,2077,1,1,0,0,1,1,0,0,0,1,0,1,1,0,0
2272usa voter,2077,2,1,1,0,0,1,0,0,0,0,1,0,0,0,1
2272usa voter,2077,2,0,1,0,0,0,1,0,1,0,0,0,0,1,0
2272usa voter,2077,3,1,0,0,1,1,0,0,0,0,1,0,0,0,0
2272usa voter,2077,3,0,0,0,1,0,0,0,1,0,0,0,1,0,1
2273usa voter,2078,1,1,1,0,0,0,0,0,1,0,0,0,1,0,1
2273usa voter,2078,1,0,1,0,0,0,0,0,0,1,0,1,1,0,1
2273usa voter,2078,2,0,0,1,0,0,1,0,0,0,1,0,0,1,0
2273usa voter,2078,2,1,0,1,0,1,0,0,0,1,1,0,0,1,0
2273usa voter,2078,3,1,0,0,1,0,0,1,0,0,1,0,0,0,0
2273usa voter,2078,3,0,0,0,1,1,0,0,0,1,0,0,0,1,0
2274usa voter,2079,1,1,1,0,0,1,0,1,0,0,0,1,0,1,1
2274usa voter,2079,1,0,0,0,1,0,1,0,0,1,1,0,1,0,1
2274usa voter,2079,2,1,0,0,1,0,0,0,0,1,1,0,0,1,0
2274usa voter,2079,2,0,0,1,0,0,0,0,0,1,0,0,0,1,0
2274usa voter,2079,3,1,0,1,0,0,1,0,0,0,0,0,0,0,1
2274usa voter,2079,3,0,1,0,0,0,1,0,1,0,1,0,1,0,0
2275usa voter,2080,1,1,0,1,0,0,0,0,1,0,1,0,0,0,1
2275usa voter,2080,1,0,1,0,0,0,1,0,0,1,0,0,0,0,0
2275usa voter,2080,2,0,0,1,0,0,0,0,0,0,0,0,0,1,1
2275usa voter,2080,2,1,1,0,0,0,0,0,1,0,0,1,1,0,0
2275usa voter,2080,3,0,0,0,0,0,0,0,0,0,1,0,0,1,0
2275usa voter,2080,3,1,0,0,1,0,1,0,0,0,0,0,0,1,0
2276usa voter,2081,1,0,1,0,0,0,0,0,1,0,0,1,1,0,1
2276usa voter,2081,1,1,1,0,0,0,1,0,1,0,0,1,0,0,1
2276usa voter,2081,2,0,1,0,0,0,0,1,0,0,1,0,0,0,0
2276usa voter,2081,2,1,0,1,0,0,1,0,0,0,0,1,0,1,1
2276usa voter,2081,3,0,0,0,1,1,0,0,0,1,1,0,0,1,1
2276usa voter,2081,3,1,0,0,1,1,0,0,0,1,0,1,0,0,0
2277usa voter,2082,1,0,0,0,0,1,0,1,0,0,0,1,0,0,1
2277usa voter,2082,1,1,0,0,0,0,1,1,0,0,0,0,0,1,1
2277usa voter,2082,2,0,1,0,0,1,0,1,0,0,1,0,0,1,0
2277usa voter,2082,2,1,1,0,0,1,0,1,0,0,0,1,1,0,0
2277usa voter,2082,3,1,1,0,0,0,1,1,0,0,1,0,0,1,1
2277usa voter,2082,3,0,0,0,0,0,0,0,0,0,1,0,1,0,1
2278usa voter,2083,1,0,0,0,1,0,0,1,0,0,0,1,0,1,1
2278usa voter,2083,1,1,0,0,0,0,1,0,0,1,0,1,0,0,1
2278usa voter,2083,2,1,0,1,0,0,0,0,0,0,1,0,0,0,1
2278usa voter,2083,2,0,0,0,1,0,1,0,1,0,1,0,0,0,0
2278usa voter,2083,3,0,0,0,1,1,0,0,0,1,0,1,0,1,0
2278usa voter,2083,3,1,0,0,0,0,0,0,0,0,1,0,1,0,0
2279usa voter,2084,1,0,0,0,1,1,0,0,0,1,1,0,1,0,1
2279usa voter,2084,1,1,0,1,0,0,0,0,0,0,0,0,0,1,1
2279usa voter,2084,2,0,0,0,1,0,0,0,0,1,0,0,0,1,1
2279usa voter,2084,2,1,1,0,0,1,0,0,0,1,0,0,0,0,1
2279usa voter,2084,3,0,1,0,0,1,0,0,0,0,0,0,1,0,0
2279usa voter,2084,3,1,0,0,0,1,0,0,0,1,1,0,1,0,1
2280usa voter,2085,1,0,0,1,0,0,0,0,0,1,0,0,0,0,1
2280usa voter,2085,1,1,0,0,0,1,0,1,0,0,0,1,1,0,0
2280usa voter,2085,2,0,0,1,0,0,1,1,0,0,0,1,0,1,0
2280usa voter,2085,2,1,1,0,0,1,0,0,1,0,0,0,0,1,0
2280usa voter,2085,3,0,0,0,1,0,0,0,0,0,1,0,0,1,1
2280usa voter,2085,3,1,1,0,0,0,0,1,0,0,0,0,1,0,1
2283usa voter,2086,1,1,0,1,0,1,0,0,1,0,0,0,0,1,1
2283usa voter,2086,1,0,0,0,0,0,1,0,1,0,1,0,0,0,1
2283usa voter,2086,2,0,1,0,0,0,1,0,1,0,1,0,0,1,1
2283usa voter,2086,2,1,1,0,0,0,1,0,0,0,1,0,0,1,1
2283usa voter,2086,3,1,0,1,0,1,0,0,0,1,1,0,0,1,1
2283usa voter,2086,3,0,0,0,1,1,0,0,0,1,1,0,0,0,0
2284usa voter,2087,1,1,1,0,0,0,0,1,0,0,1,0,0,1,1
2284usa voter,2087,1,0,1,0,0,0,0,0,1,0,1,0,0,1,0
2284usa voter,2087,2,0,1,0,0,0,1,0,1,0,0,1,0,0,1
2284usa voter,2087,2,1,0,1,0,1,0,1,0,0,0,0,0,1,0
2284usa voter,2087,3,0,0,1,0,0,0,0,1,0,0,1,0,1,1
2284usa voter,2087,3,1,1,0,0,0,0,1,0,0,0,0,1,0,0
2286usa voter,2088,1,1,0,0,1,1,0,0,0,0,0,0,0,1,1
2286usa voter,2088,1,0,0,0,1,0,0,1,0,0,0,1,0,0,1
2286usa voter,2088,2,0,1,0,0,0,0,1,0,0,0,0,0,0,1
2286usa voter,2088,2,1,0,0,0,0,1,1,0,0,1,0,0,0,0
2286usa voter,2088,3,0,0,0,1,1,0,0,0,1,1,0,1,0,0
2286usa voter,2088,3,1,1,0,0,0,0,0,0,1,0,1,0,1,1
2287usa voter,2089,1,1,1,0,0,0,0,0,0,0,0,1,1,0,1
2287usa voter,2089,1,0,0,0,1,0,1,0,1,0,0,1,0,0,1
2287usa voter,2089,2,1,1,0,0,1,0,1,0,0,1,0,0,1,1
2287usa voter,2089,2,0,0,0,0,0,0,0,1,0,0,0,0,1,0
2287usa voter,2089,3,1,0,0,1,0,1,0,0,0,0,0,0,0,0
2287usa voter,2089,3,0,1,0,0,0,0,0,0,0,0,1,1,0,1
2288usa voter,2090,1,1,0,0,0,0,1,0,1,0,1,0,0,0,0
2288usa voter,2090,1,0,0,0,0,0,0,0,1,0,1,0,1,0,1
2288usa voter,2090,2,1,1,0,0,1,0,1,0,0,0,0,1,0,1
2288usa voter,2090,2,0,1,0,0,0,0,1,0,0,0,1,0,1,1
2288usa voter,2090,3,1,1,0,0,0,1,1,0,0,0,1,1,0,0
2288usa voter,2090,3,0,0,0,0,0,0,0,1,0,0,1,1,0,1
2289usa voter,2091,1,0,1,0,0,1,0,0,1,0,0,0,1,0,0
2289usa voter,2091,1,1,1,0,0,1,0,1,0,0,0,1,1,0,1
2289usa voter,2091,2,1,0,0,0,0,1,1,0,0,1,0,0,0,1
2289usa voter,2091,2,0,0,0,1,0,0,0,0,1,0,0,0,0,1
2289usa voter,2091,3,0,1,0,0,1,0,0,0,1,0,0,0,0,1
2289usa voter,2091,3,1,0,0,0,1,0,1,0,0,0,1,0,0,0
2290usa voter,2092,1,1,0,0,0,0,0,0,0,1,1,0,1,0,0
2290usa voter,2092,1,0,1,0,0,1,0,0,0,1,0,0,0,0,0
2290usa voter,2092,2,1,0,0,1,0,0,0,0,0,0,0,0,0,0
2290usa voter,2092,2,0,1,0,0,1,0,0,0,0,0,1,0,1,1
2290usa voter,2092,3,0,0,1,0,0,1,0,0,0,1,0,1,0,0
2290usa voter,2092,3,1,0,0,1,0,1,0,1,0,0,0,1,0,0
2291usa voter,2093,1,0,1,0,0,0,1,0,1,0,0,0,0,1,1
2291usa voter,2093,1,1,0,1,0,1,0,0,0,1,0,1,0,1,0
2291usa voter,2093,2,1,1,0,0,0,1,1,0,0,0,1,1,0,1
2291usa voter,2093,2,0,0,0,1,0,1,0,0,1,0,0,0,0,0
2291usa voter,2093,3,0,0,0,0,0,0,1,0,0,0,1,0,1,0
2291usa voter,2093,3,1,0,0,1,0,0,1,0,0,0,0,0,1,1
2292usa voter,2094,1,0,0,0,1,1,0,0,0,1,0,1,1,0,0
2292usa voter,2094,1,1,0,1,0,1,0,1,0,0,1,0,0,0,1
2292usa voter,2094,2,1,0,0,1,1,0,1,0,0,0,1,0,0,1
2292usa voter,2094,2,0,0,0,1,0,1,0,1,0,0,0,0,0,1
2292usa voter,2094,3,0,0,1,0,1,0,1,0,0,0,0,0,1,0
2292usa voter,2094,3,1,0,1,0,0,1,0,0,1,1,0,1,0,0
2293usa voter,2095,1,1,0,0,0,0,0,0,0,1,0,1,1,0,1
2293usa voter,2095,1,0,0,0,0,1,0,0,1,0,0,0,0,0,1
2293usa voter,2095,2,1,0,0,1,0,0,0,0,1,0,0,0,0,0
2293usa voter,2095,2,0,1,0,0,1,0,0,0,1,0,1,0,0,1
2293usa voter,2095,3,0,0,0,1,0,0,1,0,0,1,0,0,0,1
2293usa voter,2095,3,1,0,0,1,1,0,0,0,1,0,1,0,1,0
2294usa voter,2096,1,0,0,0,1,0,0,0,0,1,0,1,0,1,0
2294usa voter,2096,1,1,0,0,1,0,0,0,0,0,0,0,0,1,1
2294usa voter,2096,2,0,0,1,0,0,0,0,0,0,0,0,1,0,1
2294usa voter,2096,2,1,0,0,1,0,0,0,0,0,0,1,0,0,1
2294usa voter,2096,3,1,0,0,1,0,0,0,1,0,0,0,1,0,0
2294usa voter,2096,3,0,0,1,0,0,0,0,0,0,1,0,1,0,1
2296usa voter,2097,1,0,0,0,1,1,0,0,1,0,1,0,0,0,1
2296usa voter,2097,1,1,1,0,0,1,0,0,1,0,0,1,1,0,1
2296usa voter,2097,2,1,0,1,0,0,0,0,0,1,0,1,1,0,1
2296usa voter,2097,2,0,0,0,1,1,0,1,0,0,0,0,1,0,1
2296usa voter,2097,3,1,1,0,0,0,1,0,0,1,0,1,0,0,0
2296usa voter,2097,3,0,1,0,0,0,1,0,0,0,0,1,0,1,0
2298usa voter,2098,1,0,0,0,1,1,0,0,0,0,0,1,0,1,0
2298usa voter,2098,1,1,0,0,0,0,1,1,0,0,0,1,0,1,0
2298usa voter,2098,2,0,0,0,0,0,1,1,0,0,1,0,0,0,1
2298usa voter,2098,2,1,1,0,0,1,0,0,0,1,0,1,0,0,1
2298usa voter,2098,3,0,0,0,1,0,0,0,0,0,0,0,0,1,1
2298usa voter,2098,3,1,0,0,1,0,1,0,0,0,0,1,0,0,0
2299usa voter,2099,1,1,0,1,0,1,0,0,0,0,0,0,1,0,0
2299usa voter,2099,1,0,1,0,0,0,0,0,0,1,0,0,0,0,1
2299usa voter,2099,2,0,0,1,0,1,0,1,0,0,0,1,1,0,1
2299usa voter,2099,2,1,1,0,0,0,0,1,0,0,0,1,1,0,0
2299usa voter,2099,3,0,0,1,0,1,0,0,0,0,0,0,0,0,0
2299usa voter,2099,3,1,0,0,0,0,1,0,1,0,0,0,0,0,1
2300usa voter,2100,1,0,0,0,0,0,1,0,0,0,1,0,0,0,0
2300usa voter,2100,1,1,1,0,0,1,0,0,0,1,0,0,0,0,0
2300usa voter,2100,2,0,0,0,0,0,0,0,1,0,0,0,0,1,1
2300usa voter,2100,2,1,0,0,0,1,0,1,0,0,0,0,1,0,1
2300usa voter,2100,3,1,1,0,0,0,1,1,0,0,0,1,1,0,1
2300usa voter,2100,3,0,0,0,0,0,0,0,0,0,0,0,1,0,0
2301usa voter,2101,1,0,0,1,0,1,0,0,0,1,1,0,0,0,1
2301usa voter,2101,1,1,0,1,0,0,1,0,0,1,0,0,0,0,1
2301usa voter,2101,2,0,0,1,0,0,0,0,0,0,0,0,0,0,0
2301usa voter,2101,2,1,0,0,0,0,1,0,0,1,0,1,1,0,0
2301usa voter,2101,3,0,0,0,0,0,0,0,0,0,1,0,0,0,0
2301usa voter,2101,3,1,0,1,0,0,1,0,0,1,0,0,0,0,0
2302usa voter,2102,1,1,1,0,0,0,1,0,0,1,0,0,0,0,0
2302usa voter,2102,1,0,0,0,0,0,0,0,0,1,1,0,0,0,1
2302usa voter,2102,2,0,0,0,0,1,0,1,0,0,0,1,1,0,0
2302usa voter,2102,2,1,0,1,0,0,0,1,0,0,1,0,1,0,1
2302usa voter,2102,3,0,0,0,0,1,0,0,0,0,0,1,0,0,1
2302usa voter,2102,3,1,0,0,1,1,0,0,1,0,0,0,0,1,1
2303usa voter,2103,1,1,1,0,0,0,0,0,0,1,0,1,0,1,1
2303usa voter,2103,1,0,0,0,1,0,0,0,0,1,0,1,1,0,1
2303usa voter,2103,2,0,1,0,0,0,1,1,0,0,1,0,0,0,1
2303usa voter,2103,2,1,1,0,0,0,1,0,0,0,1,0,0,1,0
2303usa voter,2103,3,1,0,0,1,0,1,0,1,0,1,0,1,0,0
2303usa voter,2103,3,0,1,0,0,0,0,0,0,1,0,1,0,0,0
2304usa voter,2104,1,0,0,0,1,0,1,1,0,0,0,0,0,0,0
2304usa voter,2104,1,1,0,0,1,1,0,0,0,1,0,1,1,0,1
2304usa voter,2104,2,1,0,0,0,0,0,0,0,1,0,1,0,1,0
2304usa voter,2104,2,0,0,0,1,0,0,0,0,1,0,0,0,0,1
2304usa voter,2104,3,1,0,0,0,0,1,1,0,0,1,0,0,0,0
2304usa voter,2104,3,0,1,0,0,0,1,0,0,1,0,0,1,0,0
2305usa voter,2105,1,1,1,0,0,0,0,0,1,0,1,0,1,0,0
2305usa voter,2105,1,0,1,0,0,0,0,0,1,0,0,1,0,1,0
2305usa voter,2105,2,0,1,0,0,0,1,0,0,1,1,0,1,0,0
2305usa voter,2105,2,1,0,0,1,0,0,0,0,0,0,0,1,0,1
2305usa voter,2105,3,0,0,0,1,1,0,0,1,0,0,0,0,1,1
2305usa voter,2105,3,1,0,0,0,1,0,0,1,0,0,1,1,0,1
