Test,Method,G,p_false_positive,se,ci_low,ci_high,rho,lambda,calibration_G,n_sim
Scalar region null,Anytime-valid,1,0,0,0,0,0.995,303.8730841675049,2500,5000
Scalar region null,Conventional,1,0,0,0,0,0.995,303.8730841675049,2500,5000
Scalar region null,Anytime-valid,2,0,0,0,0,0.995,303.8730841675049,2500,5000
Scalar region null,Conventional,2,0.072,0.003655571090814676,0.06483508066200323,0.07916491933799676,0.995,303.8730841675049,2500,5000
Scalar region null,Anytime-valid,3,0,0,0,0,0.995,303.8730841675049,2500,5000
Scalar region null,Conventional,3,0.1418,0.004933411801177761,0.1321305128696916,0.15146948713030842,0.995,303.8730841675049,2500,5000
Scalar region null,Anytime-valid,4,0,0,0,0,0.995,303.8730841675049,2500,5000
Scalar region null,Conventional,4,0.2366,0.006010331771208641,0.22481974972843108,0.24838025027156893,0.995,303.8730841675049,2500,5000
Scalar region null,Anytime-valid,5,0,0,0,0,0.995,303.8730841675049,2500,5000
Scalar region null,Conventional,5,0.2904,0.006419779435463496,0.2778172323064915,0.30298276769350846,0.995,303.8730841675049,2500,5000
Scalar region null,Anytime-valid,6,0,0,0,0,0.995,303.8730841675049,2500,5000
Scalar region null,Conventional,6,0.3106,0.006544121637011341,0.29777352159145776,0.3234264784085422,0.995,303.8730841675049,2500,5000
Scalar region null,Anytime-valid,7,0,0,0,0,0.995,303.8730841675049,2500,5000
Scalar region null,Conventional,7,0.3254,0.006625931481686179,0.3124131742958951,0.33838682570410494,0.995,303.8730841675049,2500,5000
Scalar region null,Anytime-valid,8,0,0,0,0,0.995,303.8730841675049,2500,5000
Scalar region null,Conventional,8,0.3352,0.006675941281946689,0.3221151550873845,0.3482848449126155,0.995,303.8730841675049,2500,5000
Scalar region null,Anytime-valid,9,0,0,0,0,0.995,303.8730841675049,2500,5000
Scalar region null,Conventional,9,0.3424,0.006710622027800404,0.3292471808255112,0.3555528191744888,0.995,303.8730841675049,2500,5000
Scalar region null,Anytime-valid,10,0,0,0,0,0.995,303.8730841675049,2500,5000
Scalar region null,Conventional,10,0.3522,0.006755074536968485,0.3389600539075418,0.3654399460924582,0.995,303.8730841675049,2500,5000
Scalar region null,Anytime-valid,11,0,0,0,0,0.995,303.8730841675049,2500,5000
Scalar region null,Conventional,11,0.36,0.006788225099390856,0.3466950788051939,0.37330492119480607,0.995,303.8730841675049,2500,5000
Scalar region null,Anytime-valid,12,0,0,0,0,0.995,303.8730841675049,2500,5000
Scalar region null,Conventional,12,0.3656,0.0068108243260269164,0.3522507843209872,0.37894921567901274,0.995,303.8730841675049,2500,5000
Scalar region null,Anytime-valid,13,0,0,0,0,0.995,303.8730841675049,2500,5000
Scalar region null,Conventional,13,0.3716,0.006833936493705513,0.3582054844723372,0.3849945155276628,0.995,303.8730841675049,2500,5000
Scalar region null,Anytime-valid,14,0,0,0,0,0.995,303.8730841675049,2500,5000
Scalar region null,Conventional,14,0.377,0.0068537726837122346,0.36356660553992404,0.39043339446007597,0.995,303.8730841675049,2500,5000
Scalar region null,Anytime-valid,15,0,0,0,0,0.995,303.8730841675049,2500,5000
Scalar region null,Conventional,15,0.3814,0.006869265462915231,0.3679362396926862,0.39486376030731385,0.995,303.8730841675049,2500,5000
Scalar region null,Anytime-valid,16,0,0,0,0,0.995,303.8730841675049,2500,5000
Scalar region null,Conventional,16,0.3858,0.006884160951052786,0.3723070445359365,0.39929295546406346,0.995,303.8730841675049,2500,5000
Scalar region null,Anytime-valid,17,0,0,0,0,0.995,303.8730841675049,2500,5000
Scalar region null,Conventional,17,0.3912,0.006901631111556166,0.3776728030213499,0.40472719697865006,0.995,303.8730841675049,2500,5000
Scalar region null,Anytime-valid,18,0,0,0,0,0.995,303.8730841675049,2500,5000
Scalar region null,Conventional,18,0.3958,0.006915813184290045,0.3822450061587915,0.4093549938412085,0.995,303.8730841675049,2500,5000
Scalar region null,Anytime-valid,19,0,0,0,0,0.995,303.8730841675049,2500,5000
Scalar region null,Conventional,19,0.3992,0.006925884203479005,0.38562526696118116,0.41277473303881884,0.995,303.8730841675049,2500,5000
Scalar region null,Anytime-valid,20,0,0,0,0,0.995,303.8730841675049,2500,5000
Scalar region null,Conventional,20,0.4024,0.006935044916941779,0.3888073119627941,0.41599268803720585,0.995,303.8730841675049,2500,5000
Scalar region null,Anytime-valid,21,0,0,0,0,0.995,303.8730841675049,2500,5000
Scalar region null,Conventional,21,0.4072,0.006948210704922527,0.3935815070183519,0.42081849298164814,0.995,303.8730841675049,2500,5000
Scalar region null,Anytime-valid,22,0,0,0,0,0.995,303.8730841675049,2500,5000
Scalar region null,Conventional,22,0.4118,0.006960183330918806,0.39815804067139915,0.42544195932860085,0.995,303.8730841675049,2500,5000
Scalar region null,Anytime-valid,23,0,0,0,0,0.995,303.8730841675049,2500,5000
Scalar region null,Conventional,23,0.414,0.006965687331484238,0.4003472528302909,0.4276527471697091,0.995,303.8730841675049,2500,5000
Scalar region null,Anytime-valid,24,0,0,0,0,0.995,303.8730841675049,2500,5000
Scalar region null,Conventional,24,0.4162,0.006971048127792549,0.40253674566952663,0.4298632543304734,0.995,303.8730841675049,2500,5000
Scalar region null,Anytime-valid,25,0,0,0,0,0.995,303.8730841675049,2500,5000
Scalar region null,Conventional,25,0.4178,0.006974857131153297,0.4041292800229395,0.4314707199770605,0.995,303.8730841675049,2500,5000
Scalar region null,Anytime-valid,26,0,0,0,0,0.995,303.8730841675049,2500,5000
Scalar region null,Conventional,26,0.421,0.006982248921371967,0.4073147921141109,0.43468520788588905,0.995,303.8730841675049,2500,5000
Scalar region null,Anytime-valid,27,0,0,0,0,0.995,303.8730841675049,2500,5000
Scalar region null,Conventional,27,0.4238,0.006988469932681975,0.41010259893194334,0.4374974010680567,0.995,303.8730841675049,2500,5000
Scalar region null,Anytime-valid,28,0,0,0,0,0.995,303.8730841675049,2500,5000
Scalar region null,Conventional,28,0.426,0.006993196693930466,0.4122933344798963,0.4397066655201037,0.995,303.8730841675049,2500,5000
Scalar region null,Anytime-valid,29,0,0,0,0,0.995,303.8730841675049,2500,5000
Scalar region null,Conventional,29,0.4284,0.006998191766449387,0.4146835441377592,0.4421164558622408,0.995,303.8730841675049,2500,5000
Scalar region null,Anytime-valid,30,0,0,0,0,0.995,303.8730841675049,2500,5000
Scalar region null,Conventional,30,0.431,0.007003413453452538,0.41727330963123305,0.44472669036876694,0.995,303.8730841675049,2500,5000
Scalar region null,Anytime-valid,31,0,0,0,0,0.995,303.8730841675049,2500,5000
Scalar region null,Conventional,31,0.4332,0.007007678074797671,0.41946495097339653,0.4469350490266034,0.995,303.8730841675049,2500,5000
Scalar region null,Anytime-valid,32,0,0,0,0,0.995,303.8730841675049,2500,5000
Scalar region null,Conventional,32,0.4344,0.007009944935589723,0.42066050792624415,0.44813949207375586,0.995,303.8730841675049,2500,5000
Scalar region null,Anytime-valid,33,0,0,0,0,0.995,303.8730841675049,2500,5000
Scalar region null,Conventional,33,0.4366,0.007013992301107837,0.42285257508982865,0.4503474249101713,0.995,303.8730841675049,2500,5000
Scalar region null,Anytime-valid,34,0,0,0,0,0.995,303.8730841675049,2500,5000
Scalar region null,Conventional,34,0.4406,0.007020991952708677,0.426838855772691,0.454361144227309,0.995,303.8730841675049,2500,5000
Scalar region null,Anytime-valid,35,0,0,0,0,0.995,303.8730841675049,2500,5000
Scalar region null,Conventional,35,0.4428,0.007024644617345421,0.429031696550003,0.45656830344999705,0.995,303.8730841675049,2500,5000
Scalar region null,Anytime-valid,36,0,0,0,0,0.995,303.8730841675049,2500,5000
Scalar region null,Conventional,36,0.446,0.007029708386554879,0.4322217715623524,0.4597782284376476,0.995,303.8730841675049,2500,5000
Scalar region null,Anytime-valid,37,0,0,0,0,0.995,303.8730841675049,2500,5000
Scalar region null,Conventional,37,0.4474,0.007031831055991035,0.4336176111302576,0.46118238886974244,0.995,303.8730841675049,2500,5000
Scalar region null,Anytime-valid,38,0,0,0,0,0.995,303.8730841675049,2500,5000
Scalar region null,Conventional,38,0.4484,0.007033312732987209,0.4346147070433451,0.46218529295665495,0.995,303.8730841675049,2500,5000
Scalar region null,Anytime-valid,39,0,0,0,0,0.995,303.8730841675049,2500,5000
Scalar region null,Conventional,39,0.4496,0.007035052807193419,0.4358112964979009,0.4633887035020991,0.995,303.8730841675049,2500,5000
Scalar region null,Anytime-valid,40,0,0,0,0,0.995,303.8730841675049,2500,5000
Scalar region null,Conventional,40,0.4504,0.007036189878051899,0.4366090678390183,0.46419093216098173,0.995,303.8730841675049,2500,5000
Scalar region null,Anytime-valid,41,0,0,0,0,0.995,303.8730841675049,2500,5000
Scalar region null,Conventional,41,0.4518,0.007038135548566822,0.438005254324809,0.46559474567519094,0.995,303.8730841675049,2500,5000
Scalar region null,Anytime-valid,42,0,0,0,0,0.995,303.8730841675049,2500,5000
Scalar region null,Conventional,42,0.4536,0.007040554523615309,0.439800513133714,0.467399486866286,0.995,303.8730841675049,2500,5000
Scalar region null,Anytime-valid,43,0,0,0,0,0.995,303.8730841675049,2500,5000
Scalar region null,Conventional,43,0.4542,0.007041340213340071,0.44039897318185345,0.46800102681814654,0.995,303.8730841675049,2500,5000
Scalar region null,Anytime-valid,44,0,0,0,0,0.995,303.8730841675049,2500,5000
Scalar region null,Conventional,44,0.4568,0.007044625753012008,0.44299253352409645,0.4706074664759035,0.995,303.8730841675049,2500,5000
Scalar region null,Anytime-valid,45,0,0,0,0,0.995,303.8730841675049,2500,5000
Scalar region null,Conventional,45,0.4584,0.007046551497009016,0.4445887590658623,0.47221124093413763,0.995,303.8730841675049,2500,5000
Scalar region null,Anytime-valid,46,0,0,0,0,0.995,303.8730841675049,2500,5000
Scalar region null,Conventional,46,0.4606,0.007049079939963797,0.446783803317671,0.47441619668232904,0.995,303.8730841675049,2500,5000
Scalar region null,Anytime-valid,47,0,0,0,0,0.995,303.8730841675049,2500,5000
Scalar region null,Conventional,47,0.4624,0.007051045879867752,0.4485799500754592,0.47622004992454076,0.995,303.8730841675049,2500,5000
Scalar region null,Anytime-valid,48,0,0,0,0,0.995,303.8730841675049,2500,5000
Scalar region null,Conventional,48,0.4638,0.007052511042174979,0.449977078357337,0.47762292164266296,0.995,303.8730841675049,2500,5000
Scalar region null,Anytime-valid,49,0,0,0,0,0.995,303.8730841675049,2500,5000
Scalar region null,Conventional,49,0.4642,0.007052919395541112,0.45037627798473945,0.47802372201526055,0.995,303.8730841675049,2500,5000
Scalar region null,Anytime-valid,50,0,0,0,0,0.995,303.8730841675049,2500,5000
Scalar region null,Conventional,50,0.4652,0.007053920328441483,0.4513743161562547,0.47902568384374533,0.995,303.8730841675049,2500,5000
Scalar region null,Anytime-valid,51,0,0,0,0,0.995,303.8730841675049,2500,5000
Scalar region null,Conventional,51,0.4666,0.007055273772150873,0.4527716634065843,0.4804283365934157,0.995,303.8730841675049,2500,5000
Scalar region null,Anytime-valid,52,0,0,0,0,0.995,303.8730841675049,2500,5000
Scalar region null,Conventional,52,0.4678,0.007056389445034904,0.4539694766877316,0.4816305233122684,0.995,303.8730841675049,2500,5000
Scalar region null,Anytime-valid,53,0,0,0,0,0.995,303.8730841675049,2500,5000
Scalar region null,Conventional,53,0.4688,0.007057287864328619,0.4549677157859159,0.4826322842140841,0.995,303.8730841675049,2500,5000
Scalar region null,Anytime-valid,54,0,0,0,0,0.995,303.8730841675049,2500,5000
Scalar region null,Conventional,54,0.4702,0.007058497857193129,0.4563653441999015,0.4840346558000985,0.995,303.8730841675049,2500,5000
Scalar region null,Anytime-valid,55,0,0,0,0,0.995,303.8730841675049,2500,5000
Scalar region null,Conventional,55,0.4724,0.007060286679731922,0.45856183810772544,0.48623816189227453,0.995,303.8730841675049,2500,5000
Scalar region null,Anytime-valid,56,0,0,0,0,0.995,303.8730841675049,2500,5000
Scalar region null,Conventional,56,0.4728,0.00706059714188538,0.45896122960190466,0.48663877039809533,0.995,303.8730841675049,2500,5000
Scalar region null,Anytime-valid,57,0,0,0,0,0.995,303.8730841675049,2500,5000
Scalar region null,Conventional,57,0.4742,0.007061647966303617,0.4603591699860449,0.4880408300139551,0.995,303.8730841675049,2500,5000
Scalar region null,Anytime-valid,58,0,0,0,0,0.995,303.8730841675049,2500,5000
Scalar region null,Conventional,58,0.4756,0.007062643131292986,0.4617572194626658,0.48944278053733425,0.995,303.8730841675049,2500,5000
Scalar region null,Anytime-valid,59,0,0,0,0,0.995,303.8730841675049,2500,5000
Scalar region null,Conventional,59,0.4766,0.007063319899310805,0.46275589299735087,0.4904441070026492,0.995,303.8730841675049,2500,5000
Scalar region null,Anytime-valid,60,0,0,0,0,0.995,303.8730841675049,2500,5000
Scalar region null,Conventional,60,0.4776,0.007063968289849552,0.4637546221518949,0.49144537784810516,0.995,303.8730841675049,2500,5000
Scalar region null,Anytime-valid,61,0,0,0,0,0.995,303.8730841675049,2500,5000
Scalar region null,Conventional,61,0.4782,0.007064343706247595,0.46435388633575475,0.4920461136642453,0.995,303.8730841675049,2500,5000
Scalar region null,Anytime-valid,62,0,0,0,0,0.995,303.8730841675049,2500,5000
Scalar region null,Conventional,62,0.4784,0.007064466575757862,0.46455364551151457,0.4922463544884854,0.995,303.8730841675049,2500,5000
Scalar region null,Anytime-valid,63,0,0,0,0,0.995,303.8730841675049,2500,5000
Scalar region null,Conventional,63,0.4786,0.007064588310722713,0.4647534069109835,0.49244659308901656,0.995,303.8730841675049,2500,5000
Scalar region null,Anytime-valid,64,0,0,0,0,0.995,303.8730841675049,2500,5000
Scalar region null,Conventional,64,0.4792,0.007064946708928524,0.4653527044505001,0.49304729554949994,0.995,303.8730841675049,2500,5000
Scalar region null,Anytime-valid,65,0,0,0,0,0.995,303.8730841675049,2500,5000
Scalar region null,Conventional,65,0.4806,0.00706574327300391,0.46675114318491234,0.4944488568150877,0.995,303.8730841675049,2500,5000
Scalar region null,Anytime-valid,66,0,0,0,0,0.995,303.8730841675049,2500,5000
Scalar region null,Conventional,66,0.4812,0.007066067647567492,0.4673505074107677,0.4950494925892323,0.995,303.8730841675049,2500,5000
Scalar region null,Anytime-valid,67,0,0,0,0,0.995,303.8730841675049,2500,5000
Scalar region null,Conventional,67,0.4822,0.007066585597019256,0.4683494922298423,0.49605050777015774,0.995,303.8730841675049,2500,5000
Scalar region null,Anytime-valid,68,0,0,0,0,0.995,303.8730841675049,2500,5000
Scalar region null,Conventional,68,0.4832,0.00706707520831638,0.4693485325916999,0.49705146740830014,0.995,303.8730841675049,2500,5000
Scalar region null,Anytime-valid,69,0,0,0,0,0.995,303.8730841675049,2500,5000
Scalar region null,Conventional,69,0.484,0.007067446497851964,0.47014780486421015,0.4978521951357898,0.995,303.8730841675049,2500,5000
Scalar region null,Anytime-valid,70,0,0,0,0,0.995,303.8730841675049,2500,5000
Scalar region null,Conventional,70,0.4862,0.007068374070463447,0.47234598682189166,0.5000540131781084,0.995,303.8730841675049,2500,5000
Scalar region null,Anytime-valid,71,0,0,0,0,0.995,303.8730841675049,2500,5000
Scalar region null,Conventional,71,0.4886,0.007069229661002675,0.4747443098644347,0.5024556901355652,0.995,303.8730841675049,2500,5000
Scalar region null,Anytime-valid,72,0,0,0,0,0.995,303.8730841675049,2500,5000
Scalar region null,Conventional,72,0.49,0.007069653456853455,0.47614347922456723,0.5038565207754327,0.995,303.8730841675049,2500,5000
Scalar region null,Anytime-valid,73,0,0,0,0,0.995,303.8730841675049,2500,5000
Scalar region null,Conventional,73,0.491,0.007069922206078367,0.4771429524760864,0.5048570475239136,0.995,303.8730841675049,2500,5000
Scalar region null,Anytime-valid,74,0,0,0,0,0.995,303.8730841675049,2500,5000
Scalar region null,Conventional,74,0.4912,0.007069972560059904,0.47734285378228264,0.5050571462177175,0.995,303.8730841675049,2500,5000
Scalar region null,Anytime-valid,75,0,0,0,0,0.995,303.8730841675049,2500,5000
Scalar region null,Conventional,75,0.4922,0.007070207351980563,0.4783423935901181,0.506057606409882,0.995,303.8730841675049,2500,5000
Scalar region null,Anytime-valid,76,0,0,0,0,0.995,303.8730841675049,2500,5000
Scalar region null,Conventional,76,0.493,0.007070374813261317,0.4791420653660078,0.5068579346339922,0.995,303.8730841675049,2500,5000
Scalar region null,Anytime-valid,77,0,0,0,0,0.995,303.8730841675049,2500,5000
Scalar region null,Conventional,77,0.4934,0.0070704517536010385,0.479541914562942,0.5072580854370581,0.995,303.8730841675049,2500,5000
Scalar region null,Anytime-valid,78,0,0,0,0,0.995,303.8730841675049,2500,5000
Scalar region null,Conventional,78,0.494,0.007070558676653493,0.48014170499375913,0.5078582950062408,0.995,303.8730841675049,2500,5000
Scalar region null,Anytime-valid,79,0,0,0,0,0.995,303.8730841675049,2500,5000
Scalar region null,Conventional,79,0.4946,0.007070655415164849,0.48074151538627685,0.5084584846137231,0.995,303.8730841675049,2500,5000
Scalar region null,Anytime-valid,80,0,0,0,0,0.995,303.8730841675049,2500,5000
Scalar region null,Conventional,80,0.4958,0.007070818340192315,0.48194119605322305,0.509658803946777,0.995,303.8730841675049,2500,5000
Scalar region null,Anytime-valid,81,0,0,0,0,0.995,303.8730841675049,2500,5000
Scalar region null,Conventional,81,0.4968,0.007070922994913747,0.48294099092996906,0.5106590090700309,0.995,303.8730841675049,2500,5000
Scalar region null,Anytime-valid,82,0,0,0,0,0.995,303.8730841675049,2500,5000
Scalar region null,Conventional,82,0.4976,0.007070986352695075,0.48374086674871764,0.5114591332512823,0.995,303.8730841675049,2500,5000
Scalar region null,Anytime-valid,83,0,0,0,0,0.995,303.8730841675049,2500,5000
Scalar region null,Conventional,83,0.498,0.0070710112430967045,0.4841408179635305,0.5118591820364695,0.995,303.8730841675049,2500,5000
Scalar region null,Anytime-valid,84,0,0,0,0,0.995,303.8730841675049,2500,5000
Scalar region null,Conventional,84,0.4982,0.007071021991197595,0.4843407968972527,0.5120592031027472,0.995,303.8730841675049,2500,5000
Scalar region null,Anytime-valid,85,0,0,0,0,0.995,303.8730841675049,2500,5000
Scalar region null,Conventional,85,0.499,0.00707105366971571,0.4851407348073572,0.5128592651926428,0.995,303.8730841675049,2500,5000
Scalar region null,Anytime-valid,86,0,0,0,0,0.995,303.8730841675049,2500,5000
Scalar region null,Conventional,86,0.4994,0.0070710627206948175,0.4855407170674382,0.5132592829325618,0.995,303.8730841675049,2500,5000
Scalar region null,Anytime-valid,87,0,0,0,0,0.995,303.8730841675049,2500,5000
Scalar region null,Conventional,87,0.4996,0.007071065549123413,0.4857407115237181,0.5134592884762819,0.995,303.8730841675049,2500,5000
Scalar region null,Anytime-valid,88,0,0,0,0,0.995,303.8730841675049,2500,5000
Scalar region null,Conventional,88,0.5006,0.0070710627206948175,0.4867407170674382,0.5144592829325619,0.995,303.8730841675049,2500,5000
Scalar region null,Anytime-valid,89,0,0,0,0,0.995,303.8730841675049,2500,5000
Scalar region null,Conventional,89,0.5014,0.007071040093225324,0.4875407614172783,0.5152592385827216,0.995,303.8730841675049,2500,5000
Scalar region null,Anytime-valid,90,0,0,0,0,0.995,303.8730841675049,2500,5000
Scalar region null,Conventional,90,0.5014,0.007071040093225324,0.4875407614172783,0.5152592385827216,0.995,303.8730841675049,2500,5000
Scalar region null,Anytime-valid,91,0,0,0,0,0.995,303.8730841675049,2500,5000
Scalar region null,Conventional,91,0.5022,0.007070999363597765,0.48834084124734833,0.5160591587526516,0.995,303.8730841675049,2500,5000
Scalar region null,Anytime-valid,92,0,0,0,0,0.995,303.8730841675049,2500,5000
Scalar region null,Conventional,92,0.5034,0.007070904326887757,0.48954102751929995,0.5172589724807,0.995,303.8730841675049,2500,5000
Scalar region null,Anytime-valid,93,0,0,0,0,0.995,303.8730841675049,2500,5000
Scalar region null,Conventional,93,0.5038,0.007070863596478156,0.48994110735090285,0.5176588926490973,0.995,303.8730841675049,2500,5000
Scalar region null,Anytime-valid,94,0,0,0,0,0.995,303.8730841675049,2500,5000
Scalar region null,Conventional,94,0.5042,0.007070818340192315,0.490341196053223,0.518058803946777,0.995,303.8730841675049,2500,5000
Scalar region null,Anytime-valid,95,0,0,0,0,0.995,303.8730841675049,2500,5000
Scalar region null,Conventional,95,0.505,0.007070714249635605,0.4911414000707142,0.5188585999292858,0.995,303.8730841675049,2500,5000
Scalar region null,Anytime-valid,96,0,0,0,0,0.995,303.8730841675049,2500,5000
Scalar region null,Conventional,96,0.505,0.007070714249635605,0.4911414000707142,0.5188585999292858,0.995,303.8730841675049,2500,5000
Scalar region null,Anytime-valid,97,0,0,0,0,0.995,303.8730841675049,2500,5000
Scalar region null,Conventional,97,0.5054,0.007070655415164849,0.4915415153862769,0.519258484613723,0.995,303.8730841675049,2500,5000
Scalar region null,Anytime-valid,98,0,0,0,0,0.995,303.8730841675049,2500,5000
Scalar region null,Conventional,98,0.5066,0.0070704517536010385,0.49274191456294203,0.5204580854370581,0.995,303.8730841675049,2500,5000
Scalar region null,Anytime-valid,99,0,0,0,0,0.995,303.8730841675049,2500,5000
Scalar region null,Conventional,99,0.5066,0.0070704517536010385,0.49274191456294203,0.5204580854370581,0.995,303.8730841675049,2500,5000
Scalar region null,Anytime-valid,100,0,0,0,0,0.995,303.8730841675049,2500,5000
Scalar region null,Conventional,100,0.5068,0.007070413849273605,0.4929419888554238,0.5206580111445763,0.995,303.8730841675049,2500,5000
Scalar region null,Anytime-valid,101,0,0,0,0,0.995,303.8730841675049,2500,5000
Scalar region null,Conventional,101,0.5068,0.007070413849273605,0.4929419888554238,0.5206580111445763,0.995,303.8730841675049,2500,5000
Scalar region null,Anytime-valid,102,0,0,0,0,0.995,303.8730841675049,2500,5000
Scalar region null,Conventional,102,0.5074,0.007070293346106652,0.4935422250416309,0.521257774958369,0.995,303.8730841675049,2500,5000
Scalar region null,Anytime-valid,103,0,0,0,0,0.995,303.8730841675049,2500,5000
Scalar region null,Conventional,103,0.5078,0.007070207351980562,0.49394239359011816,0.5216576064098819,0.995,303.8730841675049,2500,5000
Scalar region null,Anytime-valid,104,0,0,0,0,0.995,303.8730841675049,2500,5000
Scalar region null,Conventional,104,0.5084,0.007070069872356284,0.49454266305018163,0.5222573369498182,0.995,303.8730841675049,2500,5000
Scalar region null,Anytime-valid,105,0,0,0,0,0.995,303.8730841675049,2500,5000
Scalar region null,Conventional,105,0.5086,0.007070021782144663,0.4947427573069965,0.5224572426930036,0.995,303.8730841675049,2500,5000
Scalar region null,Anytime-valid,106,0,0,0,0,0.995,303.8730841675049,2500,5000
Scalar region null,Conventional,106,0.5088,0.007069972560059904,0.49494285378228264,0.5226571462177174,0.995,303.8730841675049,2500,5000
Scalar region null,Anytime-valid,107,0,0,0,0,0.995,303.8730841675049,2500,5000
Scalar region null,Conventional,107,0.5096,0.007069764352508505,0.4957432618690834,0.5234567381309168,0.995,303.8730841675049,2500,5000
Scalar region null,Anytime-valid,108,0,0,0,0,0.995,303.8730841675049,2500,5000
Scalar region null,Conventional,108,0.5098,0.007069709470692555,0.4959433694374426,0.5236566305625574,0.995,303.8730841675049,2500,5000
Scalar region null,Anytime-valid,109,0,0,0,0,0.995,303.8730841675049,2500,5000
Scalar region null,Conventional,109,0.5108,0.007069418080719233,0.4969439405617903,0.5246560594382097,0.995,303.8730841675049,2500,5000
Scalar region null,Anytime-valid,110,0,0,0,0,0.995,303.8730841675049,2500,5000
Scalar region null,Conventional,110,0.511,0.007069356406349874,0.4971440614435543,0.5248559385564457,0.995,303.8730841675049,2500,5000
Scalar region null,Anytime-valid,111,0,0,0,0,0.995,303.8730841675049,2500,5000
Scalar region null,Conventional,111,0.5118,0.007069098386640265,0.4979445671621851,0.5256554328378149,0.995,303.8730841675049,2500,5000
Scalar region null,Anytime-valid,112,0,0,0,0,0.995,303.8730841675049,2500,5000
Scalar region null,Conventional,112,0.512,0.007069031050999847,0.49814469914004034,0.5258553008599597,0.995,303.8730841675049,2500,5000
Scalar region null,Anytime-valid,114,0,0,0,0,0.995,303.8730841675049,2500,5000
Scalar region null,Conventional,114,0.513,0.007068677386894949,0.4991453923216859,0.5268546076783142,0.995,303.8730841675049,2500,5000
Scalar region null,Anytime-valid,115,0,0,0,0,0.995,303.8730841675049,2500,5000
Scalar region null,Conventional,115,0.5144,0.007068134690284276,0.5005464560070428,0.5282535439929571,0.995,303.8730841675049,2500,5000
Scalar region null,Anytime-valid,116,0,0,0,0,0.995,303.8730841675049,2500,5000
Scalar region null,Conventional,116,0.5146,0.007068052631382989,0.5007466168424893,0.5284533831575106,0.995,303.8730841675049,2500,5000
Scalar region null,Anytime-valid,117,0,0,0,0,0.995,303.8730841675049,2500,5000
Scalar region null,Conventional,117,0.5148,0.007067969439662285,0.500946779898262,0.5286532201017381,0.995,303.8730841675049,2500,5000
Scalar region null,Anytime-valid,118,0,0,0,0,0.995,303.8730841675049,2500,5000
Scalar region null,Conventional,118,0.515,0.007067885115082163,0.501146945174439,0.528853054825561,0.995,303.8730841675049,2500,5000
Scalar region null,Anytime-valid,119,0,0,0,0,0.995,303.8730841675049,2500,5000
Scalar region null,Conventional,119,0.5156,0.007067625343777074,0.5017474543261968,0.5294525456738031,0.995,303.8730841675049,2500,5000
Scalar region null,Anytime-valid,121,0,0,0,0,0.995,303.8730841675049,2500,5000
Scalar region null,Conventional,121,0.517,0.0070669795528217,0.5031487200764695,0.5308512799235305,0.995,303.8730841675049,2500,5000
Scalar region null,Anytime-valid,122,0,0,0,0,0.995,303.8730841675049,2500,5000
Scalar region null,Conventional,122,0.5174,0.007066784841779181,0.5035491017101128,0.5312508982898871,0.995,303.8730841675049,2500,5000
Scalar region null,Anytime-valid,123,0,0,0,0,0.995,303.8730841675049,2500,5000
Scalar region null,Conventional,123,0.5182,0.0070663818181584265,0.5043498916364095,0.5320501083635905,0.995,303.8730841675049,2500,5000
Scalar region null,Anytime-valid,124,0,0,0,0,0.995,303.8730841675049,2500,5000
Scalar region null,Conventional,124,0.5186,0.007066173504804422,0.5047502999305833,0.5324497000694166,0.995,303.8730841675049,2500,5000
Scalar region null,Anytime-valid,125,0,0,0,0,0.995,303.8730841675049,2500,5000
Scalar region null,Conventional,125,0.519,0.007065960656556191,0.5051507171131498,0.5328492828868502,0.995,303.8730841675049,2500,5000
Scalar region null,Anytime-valid,127,0,0,0,0,0.995,303.8730841675049,2500,5000
Scalar region null,Conventional,127,0.52,0.007065408693062277,0.506151798961598,0.533848201038402,0.995,303.8730841675049,2500,5000
Scalar region null,Anytime-valid,128,0,0,0,0,0.995,303.8730841675049,2500,5000
Scalar region null,Conventional,128,0.5202,0.007065294898303962,0.5063520219993243,0.5340479780006757,0.995,303.8730841675049,2500,5000
Scalar region null,Anytime-valid,129,0,0,0,0,0.995,303.8730841675049,2500,5000
Scalar region null,Conventional,129,0.5212,0.007064708911200801,0.5073531705340464,0.5350468294659536,0.995,303.8730841675049,2500,5000
Scalar region null,Anytime-valid,131,0,0,0,0,0.995,303.8730841675049,2500,5000
Scalar region null,Conventional,131,0.5214,0.007064588310722713,0.5075534069109835,0.5352465930890165,0.995,303.8730841675049,2500,5000
Scalar region null,Anytime-valid,132,0,0,0,0,0.995,303.8730841675049,2500,5000
Scalar region null,Conventional,132,0.522,0.007064219702132713,0.5081541293838199,0.5358458706161802,0.995,303.8730841675049,2500,5000
Scalar region null,Anytime-valid,133,0,0,0,0,0.995,303.8730841675049,2500,5000
Scalar region null,Conventional,133,0.5224,0.007063968289849552,0.5085546221518948,0.5362453778481051,0.995,303.8730841675049,2500,5000
Scalar region null,Anytime-valid,135,0,0,0,0,0.995,303.8730841675049,2500,5000
Scalar region null,Conventional,135,0.5228,0.007063712338423756,0.5089551238166895,0.5366448761833106,0.995,303.8730841675049,2500,5000
Scalar region null,Anytime-valid,136,0,0,0,0,0.995,303.8730841675049,2500,5000
Scalar region null,Conventional,136,0.523,0.007063582660378514,0.5091553779856581,0.5368446220143419,0.995,303.8730841675049,2500,5000
Scalar region null,Anytime-valid,137,0,0,0,0,0.995,303.8730841675049,2500,5000
Scalar region null,Conventional,137,0.5238,0.0070630525978503085,0.5099564169082135,0.5376435830917866,0.995,303.8730841675049,2500,5000
Scalar region null,Anytime-valid,139,0,0,0,0,0.995,303.8730841675049,2500,5000
Scalar region null,Conventional,139,0.524,0.0070629172443120135,0.5101566822011485,0.5378433177988515,0.995,303.8730841675049,2500,5000
Scalar region null,Anytime-valid,140,0,0,0,0,0.995,303.8730841675049,2500,5000
Scalar region null,Conventional,140,0.5254,0.007061937977637583,0.5115586015638303,0.5392413984361697,0.995,303.8730841675049,2500,5000
Scalar region null,Anytime-valid,142,0,0,0,0,0.995,303.8730841675049,2500,5000
Scalar region null,Conventional,142,0.5256,0.007061793539887725,0.5117588846618201,0.5394411153381798,0.995,303.8730841675049,2500,5000
Scalar region null,Anytime-valid,143,0,0,0,0,0.995,303.8730841675049,2500,5000
Scalar region null,Conventional,143,0.5258,0.007061647966303616,0.511959169986045,0.5396408300139551,0.995,303.8730841675049,2500,5000
Scalar region null,Anytime-valid,144,0,0,0,0,0.995,303.8730841675049,2500,5000
Scalar region null,Conventional,144,0.5264,0.007061204429840564,0.5125600393175125,0.5402399606824875,0.995,303.8730841675049,2500,5000
Scalar region null,Anytime-valid,146,0,0,0,0,0.995,303.8730841675049,2500,5000
Scalar region null,Conventional,146,0.5272,0.00706059714188538,0.5133612296019047,0.5410387703980953,0.995,303.8730841675049,2500,5000
Scalar region null,Anytime-valid,147,0,0,0,0,0.995,303.8730841675049,2500,5000
Scalar region null,Conventional,147,0.5274,0.007060442479051862,0.5135615327410583,0.5412384672589416,0.995,303.8730841675049,2500,5000
Scalar region null,Anytime-valid,149,0,0,0,0,0.995,303.8730841675049,2500,5000
Scalar region null,Conventional,149,0.5282,0.007059812462098409,0.5143627675742871,0.5420372324257129,0.995,303.8730841675049,2500,5000
Scalar region null,Anytime-valid,150,0,0,0,0,0.995,303.8730841675049,2500,5000
Scalar region null,Conventional,150,0.5286,0.007059490633183105,0.5147633983589611,0.5424366016410388,0.995,303.8730841675049,2500,5000
Scalar region null,Anytime-valid,152,0,0,0,0,0.995,303.8730841675049,2500,5000
Scalar region null,Conventional,152,0.5294,0.0070588333313657435,0.5155646866705231,0.5432353133294768,0.995,303.8730841675049,2500,5000
Scalar region null,Anytime-valid,153,0,0,0,0,0.995,303.8730841675049,2500,5000
Scalar region null,Conventional,153,0.5298,0.007058497857193129,0.5159653441999015,0.5436346558000986,0.995,303.8730841675049,2500,5000
Scalar region null,Anytime-valid,155,0,0,0,0,0.995,303.8730841675049,2500,5000
Scalar region null,Conventional,155,0.5304,0.007057986115033097,0.5165663472145351,0.5442336527854649,0.995,303.8730841675049,2500,5000
Scalar region null,Anytime-valid,156,0,0,0,0,0.995,303.8730841675049,2500,5000
Scalar region null,Conventional,156,0.5306,0.0070578132590767804,0.5167666860122094,0.5444333139877905,0.995,303.8730841675049,2500,5000
Scalar region null,Anytime-valid,158,0,0,0,0,0.995,303.8730841675049,2500,5000
Scalar region null,Conventional,158,0.5308,0.007057639265363454,0.5169670270398877,0.5446329729601124,0.995,303.8730841675049,2500,5000
Scalar region null,Anytime-valid,160,0,0,0,0,0.995,303.8730841675049,2500,5000
Scalar region null,Conventional,160,0.5314,0.0070571104568371325,0.5175680635045992,0.5452319364954008,0.995,303.8730841675049,2500,5000
Scalar region null,Anytime-valid,161,0,0,0,0,0.995,303.8730841675049,2500,5000
Scalar region null,Conventional,161,0.5318,0.007056752227476887,0.5179687656341454,0.5456312343658547,0.995,303.8730841675049,2500,5000
Scalar region null,Anytime-valid,163,0,0,0,0,0.995,303.8730841675049,2500,5000
Scalar region null,Conventional,163,0.533,0.007055650218087629,0.5191709255725483,0.5468290744274518,0.995,303.8730841675049,2500,5000
Scalar region null,Anytime-valid,164,0,0,0,0,0.995,303.8730841675049,2500,5000
Scalar region null,Conventional,164,0.5336,0.007055083840749166,0.5197720356721316,0.5474279643278683,0.995,303.8730841675049,2500,5000
Scalar region null,Anytime-valid,166,0,0,0,0,0.995,303.8730841675049,2500,5000
Scalar region null,Conventional,166,0.5344,0.007054312723433801,0.5205735470620697,0.5482264529379303,0.995,303.8730841675049,2500,5000
Scalar region null,Anytime-valid,168,0,0,0,0,0.995,303.8730841675049,2500,5000
Scalar region null,Conventional,168,0.5348,0.007053920328441483,0.5209743161562548,0.5486256838437453,0.995,303.8730841675049,2500,5000
Scalar region null,Anytime-valid,169,0,0,0,0,0.995,303.8730841675049,2500,5000
Scalar region null,Conventional,169,0.5352,0.007053523374881521,0.5213750941852322,0.5490249058147678,0.995,303.8730841675049,2500,5000
Scalar region null,Anytime-valid,171,0,0,0,0,0.995,303.8730841675049,2500,5000
Scalar region null,Conventional,171,0.5356,0.007053121861984237,0.5217758811505109,0.549424118849489,0.995,303.8730841675049,2500,5000
Scalar region null,Anytime-valid,173,2e-4,1.9997999899989998e-4,0,5.919607980398039e-4,0.995,303.8730841675049,2500,5000
Scalar region null,Conventional,173,0.5358,0.0070529193955411115,0.5219762779847394,0.5496237220152607,0.995,303.8730841675049,2500,5000
Scalar region null,Anytime-valid,175,2e-4,1.9997999899989998e-4,0,5.919607980398039e-4,0.995,303.8730841675049,2500,5000
Scalar region null,Conventional,175,0.536,0.007052715788970941,0.522176677053617,0.549823322946383,0.995,303.8730841675049,2500,5000
Scalar region null,Anytime-valid,176,2e-4,1.9997999899989998e-4,0,5.919607980398039e-4,0.995,303.8730841675049,2500,5000
Scalar region null,Conventional,176,0.5362,0.007052511042174979,0.522377078357337,0.550022921642663,0.995,303.8730841675049,2500,5000
Scalar region null,Anytime-valid,178,2e-4,1.9997999899989998e-4,0,5.919607980398039e-4,0.995,303.8730841675049,2500,5000
Scalar region null,Conventional,178,0.537,0.007051680650738517,0.5231787059245525,0.5508212940754476,0.995,303.8730841675049,2500,5000
Scalar region null,Anytime-valid,180,2e-4,1.9997999899989998e-4,0,5.919607980398039e-4,0.995,303.8730841675049,2500,5000
Scalar region null,Conventional,180,0.5374,0.007051258611056611,0.5235795331223291,0.5512204668776709,0.995,303.8730841675049,2500,5000
Scalar region null,Anytime-valid,182,2e-4,1.9997999899989998e-4,0,5.919607980398039e-4,0.995,303.8730841675049,2500,5000
Scalar region null,Conventional,182,0.5382,0.007050400839668621,0.5243812143542496,0.5520187856457505,0.995,303.8730841675049,2500,5000
Scalar region null,Anytime-valid,184,2e-4,1.9997999899989998e-4,0,5.919607980398039e-4,0.995,303.8730841675049,2500,5000
Scalar region null,Conventional,184,0.5394,0.007049079939963797,0.525583803317671,0.553216196682329,0.995,303.8730841675049,2500,5000
Scalar region null,Anytime-valid,186,2e-4,1.9997999899989998e-4,0,5.919607980398039e-4,0.995,303.8730841675049,2500,5000
Scalar region null,Conventional,186,0.5396,0.007048855793673183,0.5257842426444005,0.5534157573555994,0.995,303.8730841675049,2500,5000
Scalar region null,Anytime-valid,187,2e-4,1.9997999899989998e-4,0,5.919607980398039e-4,0.995,303.8730841675049,2500,5000
Scalar region null,Conventional,187,0.54,0.0070484040746824385,0.5261851280136225,0.5538148719863776,0.995,303.8730841675049,2500,5000
Scalar region null,Anytime-valid,189,2e-4,1.9997999899989998e-4,0,5.919607980398039e-4,0.995,303.8730841675049,2500,5000
Scalar region null,Conventional,189,0.5404,0.007047947786412723,0.526586022338631,0.5542139776613689,0.995,303.8730841675049,2500,5000
Scalar region null,Anytime-valid,191,2e-4,1.9997999899989998e-4,0,5.919607980398039e-4,0.995,303.8730841675049,2500,5000
Scalar region null,Conventional,191,0.5406,0.00704771792852126,0.5267864728600983,0.5544135271399017,0.995,303.8730841675049,2500,5000
Scalar region null,Anytime-valid,193,2e-4,1.9997999899989998e-4,0,5.919607980398039e-4,0.995,303.8730841675049,2500,5000
Scalar region null,Conventional,193,0.541,0.007047254784666153,0.5271873806220544,0.5548126193779457,0.995,303.8730841675049,2500,5000
Scalar region null,Anytime-valid,195,2e-4,1.9997999899989998e-4,0,5.919607980398039e-4,0.995,303.8730841675049,2500,5000
Scalar region null,Conventional,195,0.5414,0.007046787069296192,0.5275882973441794,0.5552117026558205,0.995,303.8730841675049,2500,5000
Scalar region null,Anytime-valid,197,2e-4,1.9997999899989998e-4,0,5.919607980398039e-4,0.995,303.8730841675049,2500,5000
Scalar region null,Conventional,197,0.542,0.0070460769226570324,0.5281896892315923,0.5558103107684078,0.995,303.8730841675049,2500,5000
Scalar region null,Anytime-valid,199,2e-4,1.9997999899989998e-4,0,5.919607980398039e-4,0.995,303.8730841675049,2500,5000
Scalar region null,Conventional,199,0.5422,0.007045837920361212,0.528390157676092,0.556009842323908,0.995,303.8730841675049,2500,5000
Scalar region null,Anytime-valid,201,2e-4,1.9997999899989998e-4,0,5.919607980398039e-4,0.995,303.8730841675049,2500,5000
Scalar region null,Conventional,201,0.5434,0.007044379887541557,0.5295930154204186,0.5572069845795814,0.995,303.8730841675049,2500,5000
Scalar region null,Anytime-valid,203,2e-4,1.9997999899989998e-4,0,5.919607980398039e-4,0.995,303.8730841675049,2500,5000
Scalar region null,Conventional,203,0.5438,0.007043884723645043,0.5299939859416557,0.5576060140583442,0.995,303.8730841675049,2500,5000
Scalar region null,Anytime-valid,205,2e-4,1.9997999899989998e-4,0,5.919607980398039e-4,0.995,303.8730841675049,2500,5000
Scalar region null,Conventional,205,0.5448,0.007042626782671363,0.5309964515059641,0.5586035484940358,0.995,303.8730841675049,2500,5000
Scalar region null,Anytime-valid,207,2e-4,1.9997999899989998e-4,0,5.919607980398039e-4,0.995,303.8730841675049,2500,5000
Scalar region null,Conventional,207,0.5456,0.007041599818223129,0.5317984643562826,0.5594015356437173,0.995,303.8730841675049,2500,5000
Scalar region null,Anytime-valid,209,2e-4,1.9997999899989998e-4,0,5.919607980398039e-4,0.995,303.8730841675049,2500,5000
Scalar region null,Conventional,209,0.5466,0.007040290334922275,0.5328010309435524,0.5603989690564476,0.995,303.8730841675049,2500,5000
Scalar region null,Anytime-valid,211,2e-4,1.9997999899989998e-4,0,5.919607980398039e-4,0.995,303.8730841675049,2500,5000
Scalar region null,Conventional,211,0.5466,0.007040290334922275,0.5328010309435524,0.5603989690564476,0.995,303.8730841675049,2500,5000
Scalar region null,Anytime-valid,213,2e-4,1.9997999899989998e-4,0,5.919607980398039e-4,0.995,303.8730841675049,2500,5000
Scalar region null,Conventional,213,0.547,0.007039758518585705,0.533202073303572,0.560797926696428,0.995,303.8730841675049,2500,5000
Scalar region null,Anytime-valid,216,2e-4,1.9997999899989998e-4,0,5.919607980398039e-4,0.995,303.8730841675049,2500,5000
Scalar region null,Conventional,216,0.5482,0.007038135548566822,0.534405254324809,0.561994745675191,0.995,303.8730841675049,2500,5000
Scalar region null,Anytime-valid,218,2e-4,1.9997999899989998e-4,0,5.919607980398039e-4,0.995,303.8730841675049,2500,5000
Scalar region null,Conventional,218,0.5486,0.007037585381364833,0.5348063326525249,0.5623936673474751,0.995,303.8730841675049,2500,5000
Scalar region null,Anytime-valid,220,2e-4,1.9997999899989998e-4,0,5.919607980398039e-4,0.995,303.8730841675049,2500,5000
Scalar region null,Conventional,220,0.5496,0.007036189878051899,0.5358090678390183,0.5633909321609817,0.995,303.8730841675049,2500,5000
Scalar region null,Anytime-valid,222,2e-4,1.9997999899989998e-4,0,5.919607980398039e-4,0.995,303.8730841675049,2500,5000
Scalar region null,Conventional,222,0.5498,0.007035907333102107,0.5360096216271198,0.5635903783728801,0.995,303.8730841675049,2500,5000
Scalar region null,Anytime-valid,224,4e-4,2.8278613827413816e-4,0,9.542608310173109e-4,0.995,303.8730841675049,2500,5000
Scalar region null,Conventional,224,0.551,0.007034187941759873,0.5372129916341507,0.5647870083658494,0.995,303.8730841675049,2500,5000
Scalar region null,Anytime-valid,227,4e-4,2.8278613827413816e-4,0,9.542608310173109e-4,0.995,303.8730841675049,2500,5000
Scalar region null,Conventional,227,0.5518,0.007033018697543751,0.5380152833528142,0.5655847166471857,0.995,303.8730841675049,2500,5000
Scalar region null,Anytime-valid,229,4e-4,2.8278613827413816e-4,0,9.542608310173109e-4,0.995,303.8730841675049,2500,5000
Scalar region null,Conventional,229,0.5522,0.007032427177013638,0.5384164427330533,0.5659835572669467,0.995,303.8730841675049,2500,5000
Scalar region null,Anytime-valid,231,4e-4,2.8278613827413816e-4,0,9.542608310173109e-4,0.995,303.8730841675049,2500,5000
Scalar region null,Conventional,231,0.5528,0.007031531269929758,0.5390181987109376,0.5665818012890623,0.995,303.8730841675049,2500,5000
Scalar region null,Anytime-valid,234,4e-4,2.8278613827413816e-4,0,9.542608310173109e-4,0.995,303.8730841675049,2500,5000
Scalar region null,Conventional,234,0.5534,0.007030625007778469,0.5396199749847542,0.5671800250152458,0.995,303.8730841675049,2500,5000
Scalar region null,Anytime-valid,236,6e-4,3.4630622287218577e-4,0,0.001278760196829484,0.995,303.8730841675049,2500,5000
Scalar region null,Conventional,236,0.5544,0.0070290915486995904,0.5406229805645488,0.5681770194354512,0.995,303.8730841675049,2500,5000
Scalar region null,Anytime-valid,238,6e-4,3.4630622287218577e-4,0,0.001278760196829484,0.995,303.8730841675049,2500,5000
Scalar region null,Conventional,238,0.5546,0.007028781402206217,0.5408235884516758,0.5683764115483242,0.995,303.8730841675049,2500,5000
Scalar region null,Anytime-valid,241,6e-4,3.4630622287218577e-4,0,0.001278760196829484,0.995,303.8730841675049,2500,5000
Scalar region null,Conventional,241,0.5564,0.007025938229161996,0.5426291610708425,0.5701708389291575,0.995,303.8730841675049,2500,5000
Scalar region null,Anytime-valid,243,6e-4,3.4630622287218577e-4,0,0.001278760196829484,0.995,303.8730841675049,2500,5000
Scalar region null,Conventional,243,0.5566,0.007025616556573523,0.5428297915491159,0.570370208450884,0.995,303.8730841675049,2500,5000
Scalar region null,Anytime-valid,246,8e-4,3.9983996798719363e-4,1.6313662745100557e-5,0.0015836863372548995,0.995,303.8730841675049,2500,5000
Scalar region null,Conventional,246,0.5574,0.0070243183299164335,0.5436323360733638,0.5711676639266362,0.995,303.8730841675049,2500,5000
Scalar region null,Anytime-valid,248,8e-4,3.9983996798719363e-4,1.6313662745100557e-5,0.0015836863372548995,0.995,303.8730841675049,2500,5000
Scalar region null,Conventional,248,0.5582,0.0070230016374766705,0.5444349167905458,0.5719650832094543,0.995,303.8730841675049,2500,5000
Scalar region null,Anytime-valid,251,8e-4,3.9983996798719363e-4,1.6313662745100557e-5,0.0015836863372548995,0.995,303.8730841675049,2500,5000
Scalar region null,Conventional,251,0.5588,0.007022001993733696,0.5450368760922819,0.572563123907718,0.995,303.8730841675049,2500,5000
Scalar region null,Anytime-valid,253,8e-4,3.9983996798719363e-4,1.6313662745100557e-5,0.0015836863372548995,0.995,303.8730841675049,2500,5000
Scalar region null,Conventional,253,0.5592,0.007021329788579938,0.5454381936143834,0.5729618063856167,0.995,303.8730841675049,2500,5000
Scalar region null,Anytime-valid,256,8e-4,3.9983996798719363e-4,1.6313662745100557e-5,0.0015836863372548995,0.995,303.8730841675049,2500,5000
Scalar region null,Conventional,256,0.56,0.007019971509913697,0.5462408558405693,0.5737591441594309,0.995,303.8730841675049,2500,5000
Scalar region null,Anytime-valid,258,8e-4,3.9983996798719363e-4,1.6313662745100557e-5,0.0015836863372548995,0.995,303.8730841675049,2500,5000
Scalar region null,Conventional,258,0.5604,0.007019285433717595,0.5466422005499135,0.5741577994500865,0.995,303.8730841675049,2500,5000
Scalar region null,Anytime-valid,261,8e-4,3.9983996798719363e-4,1.6313662745100557e-5,0.0015836863372548995,0.995,303.8730841675049,2500,5000
Scalar region null,Conventional,261,0.561,0.007018247644533499,0.5472442346167143,0.5747557653832858,0.995,303.8730841675049,2500,5000
Scalar region null,Anytime-valid,263,8e-4,3.9983996798719363e-4,1.6313662745100557e-5,0.0015836863372548995,0.995,303.8730841675049,2500,5000
Scalar region null,Conventional,263,0.5616,0.007017199441372605,0.5478462890949097,0.5753537109050902,0.995,303.8730841675049,2500,5000
Scalar region null,Anytime-valid,266,8e-4,3.9983996798719363e-4,1.6313662745100557e-5,0.0015836863372548995,0.995,303.8730841675049,2500,5000
Scalar region null,Conventional,266,0.562,0.00701649485141976,0.5482476700912173,0.5757523299087828,0.995,303.8730841675049,2500,5000
Scalar region null,Anytime-valid,269,8e-4,3.9983996798719363e-4,1.6313662745100557e-5,0.0015836863372548995,0.995,303.8730841675049,2500,5000
Scalar region null,Conventional,269,0.5626,0.0070154292812343285,0.5488497586087807,0.5763502413912193,0.995,303.8730841675049,2500,5000
Scalar region null,Anytime-valid,272,8e-4,3.9983996798719363e-4,1.6313662745100557e-5,0.0015836863372548995,0.995,303.8730841675049,2500,5000
Scalar region null,Conventional,272,0.563,0.007014713108887633,0.5492511623065802,0.5767488376934197,0.995,303.8730841675049,2500,5000
Scalar region null,Anytime-valid,274,8e-4,3.9983996798719363e-4,1.6313662745100557e-5,0.0015836863372548995,0.995,303.8730841675049,2500,5000
Scalar region null,Conventional,274,0.563,0.007014713108887633,0.5492511623065802,0.5767488376934197,0.995,303.8730841675049,2500,5000
Scalar region null,Anytime-valid,277,8e-4,3.9983996798719363e-4,1.6313662745100557e-5,0.0015836863372548995,0.995,303.8730841675049,2500,5000
Scalar region null,Conventional,277,0.5634,0.007013992301107837,0.5496525750898287,0.5771474249101713,0.995,303.8730841675049,2500,5000
Scalar region null,Anytime-valid,280,8e-4,3.9983996798719363e-4,1.6313662745100557e-5,0.0015836863372548995,0.995,303.8730841675049,2500,5000
Scalar region null,Conventional,280,0.564,0.007012902394871898,0.5502547113060511,0.5777452886939488,0.995,303.8730841675049,2500,5000
Scalar region null,Anytime-valid,283,8e-4,3.9983996798719363e-4,1.6313662745100557e-5,0.0015836863372548995,0.995,303.8730841675049,2500,5000
Scalar region null,Conventional,283,0.5644,0.007012169992234929,0.5506561468152196,0.5781438531847805,0.995,303.8730841675049,2500,5000
Scalar region null,Anytime-valid,285,0.001,4.469899327725402e-4,1.2389973176582124e-4,0.0018761002682341787,0.995,303.8730841675049,2500,5000
Scalar region null,Conventional,285,0.5648,0.007011432949119602,0.5510575914197255,0.5785424085802744,0.995,303.8730841675049,2500,5000
Scalar region null,Anytime-valid,288,0.0012,4.896039215529222e-4,2.4037631375627242e-4,0.0021596236862437275,0.995,303.8730841675049,2500,5000
Scalar region null,Conventional,288,0.5656,0.007009944935589723,0.5518605079262441,0.5793394920737559,0.995,303.8730841675049,2500,5000
Scalar region null,Anytime-valid,291,0.0012,4.896039215529222e-4,2.4037631375627242e-4,0.0021596236862437275,0.995,303.8730841675049,2500,5000
Scalar region null,Conventional,291,0.5656,0.007009944935589723,0.5518605079262441,0.5793394920737559,0.995,303.8730841675049,2500,5000
Scalar region null,Anytime-valid,294,0.0012,4.896039215529222e-4,2.4037631375627242e-4,0.0021596236862437275,0.995,303.8730841675049,2500,5000
Scalar region null,Conventional,294,0.5656,0.007009944935589723,0.5518605079262441,0.5793394920737559,0.995,303.8730841675049,2500,5000
Scalar region null,Anytime-valid,297,0.0012,4.896039215529222e-4,2.4037631375627242e-4,0.0021596236862437275,0.995,303.8730841675049,2500,5000
Scalar region null,Conventional,297,0.5658,0.007009570029609519,0.5520612427419653,0.5795387572580346,0.995,303.8730841675049,2500,5000
Scalar region null,Anytime-valid,300,0.0012,4.896039215529222e-4,2.4037631375627242e-4,0.0021596236862437275,0.995,303.8730841675049,2500,5000
Scalar region null,Conventional,300,0.5662,0.007008816733229654,0.5524627192028699,0.5799372807971301,0.995,303.8730841675049,2500,5000
Scalar region null,Anytime-valid,303,0.0012,4.896039215529222e-4,2.4037631375627242e-4,0.0021596236862437275,0.995,303.8730841675049,2500,5000
Scalar region null,Conventional,303,0.5668,0.007007678074797671,0.5530649509733966,0.5805350490266034,0.995,303.8730841675049,2500,5000
Scalar region null,Anytime-valid,306,0.0012,4.896039215529222e-4,2.4037631375627242e-4,0.0021596236862437275,0.995,303.8730841675049,2500,5000
Scalar region null,Conventional,306,0.5674,0.007006528955196004,0.5536672032478158,0.5811327967521842,0.995,303.8730841675049,2500,5000
Scalar region null,Anytime-valid,309,0.0012,4.896039215529222e-4,2.4037631375627242e-4,0.0021596236862437275,0.995,303.8730841675049,2500,5000
Scalar region null,Conventional,309,0.5684,0.007004590494811242,0.55467100263017,0.58212899736983,0.995,303.8730841675049,2500,5000
Scalar region null,Anytime-valid,312,0.0012,4.896039215529222e-4,2.4037631375627242e-4,0.0021596236862437275,0.995,303.8730841675049,2500,5000
Scalar region null,Conventional,312,0.5688,0.00700380696478708,0.5550725383490173,0.5825274616509827,0.995,303.8730841675049,2500,5000
Scalar region null,Anytime-valid,316,0.0012,4.896039215529222e-4,2.4037631375627242e-4,0.0021596236862437275,0.995,303.8730841675049,2500,5000
Scalar region null,Conventional,316,0.5696,0.007002225931801972,0.5558756371736682,0.5833243628263318,0.995,303.8730841675049,2500,5000
Scalar region null,Anytime-valid,319,0.0012,4.896039215529222e-4,2.4037631375627242e-4,0.0021596236862437275,0.995,303.8730841675049,2500,5000
Scalar region null,Conventional,319,0.57,0.007001428425685719,0.556277200285656,0.5837227997143439,0.995,303.8730841675049,2500,5000
Scalar region null,Anytime-valid,322,0.0012,4.896039215529222e-4,2.4037631375627242e-4,0.0021596236862437275,0.995,303.8730841675049,2500,5000
Scalar region null,Conventional,322,0.5714,0.006998600431514861,0.5576827431542309,0.5851172568457691,0.995,303.8730841675049,2500,5000
Scalar region null,Anytime-valid,325,0.0012,4.896039215529222e-4,2.4037631375627242e-4,0.0021596236862437275,0.995,303.8730841675049,2500,5000
Scalar region null,Conventional,325,0.5722,0.0069969587679219606,0.558485960814873,0.5859140391851271,0.995,303.8730841675049,2500,5000
Scalar region null,Anytime-valid,328,0.0012,4.896039215529222e-4,2.4037631375627242e-4,0.0021596236862437275,0.995,303.8730841675049,2500,5000
Scalar region null,Conventional,328,0.573,0.006995298421082549,0.5592892150946781,0.5867107849053218,0.995,303.8730841675049,2500,5000
Scalar region null,Anytime-valid,332,0.0012,4.896039215529222e-4,2.4037631375627242e-4,0.0021596236862437275,0.995,303.8730841675049,2500,5000
Scalar region null,Conventional,332,0.5738,0.006993619377689924,0.5600925060197277,0.5875074939802722,0.995,303.8730841675049,2500,5000
Scalar region null,Anytime-valid,335,0.0012,4.896039215529222e-4,2.4037631375627242e-4,0.0021596236862437275,0.995,303.8730841675049,2500,5000
Scalar region null,Conventional,335,0.575,0.006991065727054781,0.5612975111749726,0.5887024888250273,0.995,303.8730841675049,2500,5000
Scalar region null,Anytime-valid,339,0.0012,4.896039215529222e-4,2.4037631375627242e-4,0.0021596236862437275,0.995,303.8730841675049,2500,5000
Scalar region null,Conventional,339,0.577,0.0069867159667471816,0.5633060367051754,0.5906939632948245,0.995,303.8730841675049,2500,5000
Scalar region null,Anytime-valid,342,0.0012,4.896039215529222e-4,2.4037631375627242e-4,0.0021596236862437275,0.995,303.8730841675049,2500,5000
Scalar region null,Conventional,342,0.5774,0.006985831947592212,0.5637077693827193,0.5910922306172808,0.995,303.8730841675049,2500,5000
Scalar region null,Anytime-valid,345,0.0012,4.896039215529222e-4,2.4037631375627242e-4,0.0021596236862437275,0.995,303.8730841675049,2500,5000
Scalar region null,Conventional,345,0.5776,0.006985388178190243,0.5639086391707471,0.5912913608292529,0.995,303.8730841675049,2500,5000
Scalar region null,Anytime-valid,349,0.0016,5.652326954449822e-4,4.921439169278349e-4,0.0027078560830721653,0.995,303.8730841675049,2500,5000
Scalar region null,Conventional,349,0.5788,0.006982700910106346,0.5651139062161915,0.5924860937838085,0.995,303.8730841675049,2500,5000
Scalar region null,Anytime-valid,352,0.0016,5.652326954449822e-4,4.921439169278349e-4,0.0027078560830721653,0.995,303.8730841675049,2500,5000
Scalar region null,Conventional,352,0.5792,0.006981795757539746,0.5655156803152221,0.592884319684778,0.995,303.8730841675049,2500,5000
Scalar region null,Anytime-valid,356,0.0016,5.652326954449822e-4,4.921439169278349e-4,0.0027078560830721653,0.995,303.8730841675049,2500,5000
Scalar region null,Conventional,356,0.5792,0.006981795757539746,0.5655156803152221,0.592884319684778,0.995,303.8730841675049,2500,5000
Scalar region null,Anytime-valid,360,0.0018,5.994597567810536e-4,6.250588767091349e-4,0.002974941123290865,0.995,303.8730841675049,2500,5000
Scalar region null,Conventional,360,0.5796,0.006980885903665809,0.565917463628815,0.593282536371185,0.995,303.8730841675049,2500,5000
Scalar region null,Anytime-valid,363,0.002,6.318227599572526e-4,7.61627390483785e-4,0.003238372609516215,0.995,303.8730841675049,2500,5000
Scalar region null,Conventional,363,0.58,0.006979971346646059,0.5663192561605737,0.5936807438394263,0.995,303.8730841675049,2500,5000
Scalar region null,Anytime-valid,367,0.002,6.318227599572526e-4,7.61627390483785e-4,0.003238372609516215,0.995,303.8730841675049,2500,5000
Scalar region null,Conventional,367,0.5802,0.006979512303879118,0.566520155884397,0.5938798441156031,0.995,303.8730841675049,2500,5000
Scalar region null,Anytime-valid,370,0.002,6.318227599572526e-4,7.61627390483785e-4,0.003238372609516215,0.995,303.8730841675049,2500,5000
Scalar region null,Conventional,370,0.581,0.006977664365674234,0.5673237778432785,0.5946762221567214,0.995,303.8730841675049,2500,5000
Scalar region null,Anytime-valid,374,0.002,6.318227599572526e-4,7.61627390483785e-4,0.003238372609516215,0.995,303.8730841675049,2500,5000
Scalar region null,Conventional,374,0.5812,0.006977199438170017,0.5675246891011868,0.5948753108988133,0.995,303.8730841675049,2500,5000
Scalar region null,Anytime-valid,378,0.002,6.318227599572526e-4,7.61627390483785e-4,0.003238372609516215,0.995,303.8730841675049,2500,5000
Scalar region null,Conventional,378,0.5818,0.006975797588806602,0.568127436725939,0.595472563274061,0.995,303.8730841675049,2500,5000
Scalar region null,Anytime-valid,382,0.002,6.318227599572526e-4,7.61627390483785e-4,0.003238372609516215,0.995,303.8730841675049,2500,5000
Scalar region null,Conventional,382,0.5822,0.006974857131153297,0.5685292800229396,0.5958707199770605,0.995,303.8730841675049,2500,5000
Scalar region null,Anytime-valid,386,0.002,6.318227599572526e-4,7.61627390483785e-4,0.003238372609516215,0.995,303.8730841675049,2500,5000
Scalar region null,Conventional,386,0.5834,0.00697200745840106,0.569734865381534,0.5970651346184661,0.995,303.8730841675049,2500,5000
Scalar region null,Anytime-valid,390,0.002,6.318227599572526e-4,7.61627390483785e-4,0.003238372609516215,0.995,303.8730841675049,2500,5000
Scalar region null,Conventional,390,0.5838,0.006971048127792549,0.5701367456695265,0.5974632543304734,0.995,303.8730841675049,2500,5000
Scalar region null,Anytime-valid,393,0.002,6.318227599572526e-4,7.61627390483785e-4,0.003238372609516215,0.995,303.8730841675049,2500,5000
Scalar region null,Conventional,393,0.5844,0.006969600275482088,0.5707395834600552,0.5980604165399449,0.995,303.8730841675049,2500,5000
Scalar region null,Anytime-valid,397,0.002,6.318227599572526e-4,7.61627390483785e-4,0.003238372609516215,0.995,303.8730841675049,2500,5000
Scalar region null,Conventional,397,0.5852,0.006967653263474008,0.571543399603591,0.5988566003964091,0.995,303.8730841675049,2500,5000
Scalar region null,Anytime-valid,401,0.002,6.318227599572526e-4,7.61627390483785e-4,0.003238372609516215,0.995,303.8730841675049,2500,5000
Scalar region null,Conventional,401,0.5856,0.006966672663474293,0.5719453215795904,0.5992546784204096,0.995,303.8730841675049,2500,5000
Scalar region null,Anytime-valid,405,0.002,6.318227599572526e-4,7.61627390483785e-4,0.003238372609516215,0.995,303.8730841675049,2500,5000
Scalar region null,Conventional,405,0.5856,0.006966672663474293,0.5719453215795904,0.5992546784204096,0.995,303.8730841675049,2500,5000
Scalar region null,Anytime-valid,410,0.0022,6.625948988635515e-4,9.013139982274392e-4,0.0034986860017725612,0.995,303.8730841675049,2500,5000
Scalar region null,Conventional,410,0.5864,0.006964697265495465,0.5727491933596289,0.6000508066403711,0.995,303.8730841675049,2500,5000
Scalar region null,Anytime-valid,414,0.0022,6.625948988635515e-4,9.013139982274392e-4,0.0034986860017725612,0.995,303.8730841675049,2500,5000
Scalar region null,Conventional,414,0.587,0.006963203285844813,0.5733521215597441,0.6006478784402558,0.995,303.8730841675049,2500,5000
Scalar region null,Anytime-valid,418,0.0022,6.625948988635515e-4,9.013139982274392e-4,0.0034986860017725612,0.995,303.8730841675049,2500,5000
Scalar region null,Conventional,418,0.5878,0.006961194725045407,0.574156058338911,0.6014439416610889,0.995,303.8730841675049,2500,5000
Scalar region null,Anytime-valid,422,0.0024,6.91988439209789e-4,0.0010437026591488133,0.0037562973408511863,0.995,303.8730841675049,2500,5000
Scalar region null,Conventional,422,0.5888,0.006958657341757819,0.5751610316101546,0.6024389683898453,0.995,303.8730841675049,2500,5000
Scalar region null,Anytime-valid,426,0.0026,7.201722016295824e-4,0.0011884624848060184,0.004011537515193981,0.995,303.8730841675049,2500,5000
Scalar region null,Conventional,426,0.589,0.006958146304871723,0.5753620332424514,0.6026379667575485,0.995,303.8730841675049,2500,5000
Scalar region null,Anytime-valid,431,0.0028,7.472830788931326e-4,0.00133532516536946,0.00426467483463054,0.995,303.8730841675049,2500,5000
Scalar region null,Conventional,431,0.5896,0.0069566060690540756,0.575965052104654,0.603234947895346,0.995,303.8730841675049,2500,5000
Scalar region null,Anytime-valid,435,0.0028,7.472830788931326e-4,0.00133532516536946,0.00426467483463054,0.995,303.8730841675049,2500,5000
Scalar region null,Conventional,435,0.59,0.006955573304911681,0.576367076322373,0.6036329236776269,0.995,303.8730841675049,2500,5000
Scalar region null,Anytime-valid,439,0.0028,7.472830788931326e-4,0.00133532516536946,0.00426467483463054,0.995,303.8730841675049,2500,5000
Scalar region null,Conventional,439,0.5916,0.006951394680206268,0.5779752664267958,0.6052247335732043,0.995,303.8730841675049,2500,5000
Scalar region null,Anytime-valid,444,0.003,7.734339015067804e-4,0.0014840695530467106,0.00451593044695329,0.995,303.8730841675049,2500,5000
Scalar region null,Conventional,444,0.5928,0.006948210704922527,0.5791815070183518,0.6064184929816482,0.995,303.8730841675049,2500,5000
Scalar region null,Anytime-valid,448,0.0032,7.987189743583158e-4,0.001634510810257701,0.0047654891897422995,0.995,303.8730841675049,2500,5000
Scalar region null,Conventional,448,0.593,0.00694767587039004,0.5793825552940355,0.6066174447059645,0.995,303.8730841675049,2500,5000
Scalar region null,Anytime-valid,453,0.0032,7.987189743583158e-4,0.001634510810257701,0.0047654891897422995,0.995,303.8730841675049,2500,5000
Scalar region null,Conventional,453,0.5934,0.006946602622865367,0.579784658859184,0.6070153411408161,0.995,303.8730841675049,2500,5000
Scalar region null,Anytime-valid,457,0.0032,7.987189743583158e-4,0.001634510810257701,0.0047654891897422995,0.995,303.8730841675049,2500,5000
Scalar region null,Conventional,457,0.5938,0.006945524602216884,0.5801867717796549,0.607413228220345,0.995,303.8730841675049,2500,5000
Scalar region null,Anytime-valid,462,0.0032,7.987189743583158e-4,0.001634510810257701,0.0047654891897422995,0.995,303.8730841675049,2500,5000
Scalar region null,Conventional,462,0.5946,0.006943354232645775,0.5809910257040143,0.6082089742959857,0.995,303.8730841675049,2500,5000
Scalar region null,Anytime-valid,467,0.0032,7.987189743583158e-4,0.001634510810257701,0.0047654891897422995,0.995,303.8730841675049,2500,5000
Scalar region null,Conventional,467,0.5956,0.006940614382026997,0.5819963958112271,0.609203604188773,0.995,303.8730841675049,2500,5000
Scalar region null,Anytime-valid,471,0.0034,8.232180756032997e-4,0.0017864925718175325,0.005013507428182467,0.995,303.8730841675049,2500,5000
Scalar region null,Conventional,471,0.5958,0.0069400628239231375,0.5821974768651107,0.6094025231348893,0.995,303.8730841675049,2500,5000
Scalar region null,Anytime-valid,476,0.0034,8.232180756032997e-4,0.0017864925718175325,0.005013507428182467,0.995,303.8730841675049,2500,5000
Scalar region null,Conventional,476,0.5958,0.0069400628239231375,0.5821974768651107,0.6094025231348893,0.995,303.8730841675049,2500,5000
Scalar region null,Anytime-valid,481,0.0034,8.232180756032997e-4,0.0017864925718175325,0.005013507428182467,0.995,303.8730841675049,2500,5000
Scalar region null,Conventional,481,0.5966,0.006937844622071036,0.5830018245407408,0.6101981754592593,0.995,303.8730841675049,2500,5000
Scalar region null,Anytime-valid,486,0.0036,8.46999409681022e-4,0.0019398811570251967,0.005260118842974803,0.995,303.8730841675049,2500,5000
Scalar region null,Conventional,486,0.5968,0.006937287077813632,0.5832029173274853,0.6103970826725147,0.995,303.8730841675049,2500,5000
Scalar region null,Anytime-valid,491,0.0036,8.46999409681022e-4,0.0019398811570251967,0.005260118842974803,0.995,303.8730841675049,2500,5000
Scalar region null,Conventional,491,0.5974,0.006935607255316581,0.5838062097795795,0.6109937902204206,0.995,303.8730841675049,2500,5000
Scalar region null,Anytime-valid,495,0.0036,8.46999409681022e-4,0.0019398811570251967,0.005260118842974803,0.995,303.8730841675049,2500,5000
Scalar region null,Conventional,495,0.5978,0.0069344813793102075,0.584208416496552,0.611391583503448,0.995,303.8730841675049,2500,5000
Scalar region null,Anytime-valid,500,0.0036,8.46999409681022e-4,0.0019398811570251967,0.005260118842974803,0.995,303.8730841675049,2500,5000
Scalar region null,Conventional,500,0.5988,0.006931645692041681,0.5852139744435984,0.6123860255564016,0.995,303.8730841675049,2500,5000
Scalar region null,Anytime-valid,506,0.0036,8.46999409681022e-4,0.0019398811570251967,0.005260118842974803,0.995,303.8730841675049,2500,5000
Scalar region null,Conventional,506,0.5988,0.006931645692041681,0.5852139744435984,0.6123860255564016,0.995,303.8730841675049,2500,5000
Scalar region null,Anytime-valid,511,0.0036,8.46999409681022e-4,0.0019398811570251967,0.005260118842974803,0.995,303.8730841675049,2500,5000
Scalar region null,Conventional,511,0.5994,0.006929929869775018,0.585817337455241,0.6129826625447591,0.995,303.8730841675049,2500,5000
Scalar region null,Anytime-valid,516,0.0038,8.701218305501822e-4,0.002094561212121643,0.005505438787878357,0.995,303.8730841675049,2500,5000
Scalar region null,Conventional,516,0.5998,0.006928779979188255,0.586219591240791,0.613380408759209,0.995,303.8730841675049,2500,5000
Scalar region null,Anytime-valid,521,0.0038,8.701218305501822e-4,0.002094561212121643,0.005505438787878357,0.995,303.8730841675049,2500,5000
Scalar region null,Conventional,521,0.6004,0.006927046123709586,0.5868229895975292,0.6139770104024709,0.995,303.8730841675049,2500,5000
Scalar region null,Anytime-valid,526,0.004,8.926365441768558e-4,0.002250432373413363,0.005749567626586637,0.995,303.8730841675049,2500,5000
Scalar region null,Conventional,526,0.6004,0.006927046123709586,0.5868229895975292,0.6139770104024709,0.995,303.8730841675049,2500,5000
Scalar region null,Anytime-valid,531,0.004,8.926365441768558e-4,0.002250432373413363,0.005749567626586637,0.995,303.8730841675049,2500,5000
Scalar region null,Conventional,531,0.6008,0.006925884203479005,0.5872252669611812,0.6143747330388188,0.995,303.8730841675049,2500,5000
Scalar region null,Anytime-valid,537,0.004,8.926365441768558e-4,0.002250432373413363,0.005749567626586637,0.995,303.8730841675049,2500,5000
Scalar region null,Conventional,537,0.601,0.006925301437482704,0.5874264091825339,0.6145735908174661,0.995,303.8730841675049,2500,5000
Scalar region null,Anytime-valid,542,0.0042,9.145884320283086e-4,0.002407406673224515,0.005992593326775484,0.995,303.8730841675049,2500,5000
Scalar region null,Conventional,542,0.6012,0.006924717467160664,0.587627553764365,0.6147724462356349,0.995,303.8730841675049,2500,5000
Scalar region null,Anytime-valid,548,0.0042,9.145884320283086e-4,0.002407406673224515,0.005992593326775484,0.995,303.8730841675049,2500,5000
Scalar region null,Conventional,548,0.602,0.006922369536509879,0.5884321557084407,0.6155678442915593,0.995,303.8730841675049,2500,5000
Scalar region null,Anytime-valid,553,0.0044,9.360170938610043e-4,0.002565406496032432,0.006234593503967569,0.995,303.8730841675049,2500,5000
Scalar region null,Conventional,553,0.6022,0.006921779539973806,0.5886333121016513,0.6157666878983487,0.995,303.8730841675049,2500,5000
Scalar region null,Anytime-valid,559,0.0044,9.360170938610043e-4,0.002565406496032432,0.006234593503967569,0.995,303.8730841675049,2500,5000
Scalar region null,Conventional,559,0.6032,0.006918811458624956,0.5896391295410951,0.6167608704589048,0.995,303.8730841675049,2500,5000
Scalar region null,Anytime-valid,564,0.0044,9.360170938610043e-4,0.002565406496032432,0.006234593503967569,0.995,303.8730841675049,2500,5000
Scalar region null,Conventional,564,0.6036,0.006917615774238983,0.5900414730824917,0.6171585269175084,0.995,303.8730841675049,2500,5000
Scalar region null,Anytime-valid,570,0.0044,9.360170938610043e-4,0.002565406496032432,0.006234593503967569,0.995,303.8730841675049,2500,5000
Scalar region null,Conventional,570,0.6038,0.006917016119686291,0.5902426484054148,0.6173573515945852,0.995,303.8730841675049,2500,5000
Scalar region null,Anytime-valid,576,0.0046,9.569576793150259e-4,0.0027243629485425493,0.0064756370514574505,0.995,303.8730841675049,2500,5000
Scalar region null,Conventional,576,0.6048,0.006913999710731843,0.5912485605669656,0.6183514394330344,0.995,303.8730841675049,2500,5000
Scalar region null,Anytime-valid,582,0.0048,9.774415583552807e-4,0.002884214545623649,0.00671578545437635,0.995,303.8730841675049,2500,5000
Scalar region null,Conventional,582,0.6054,0.006912175344998129,0.5918521363238037,0.6189478636761964,0.995,303.8730841675049,2500,5000
Scalar region null,Anytime-valid,588,0.0048,9.774415583552807e-4,0.002884214545623649,0.00671578545437635,0.995,303.8730841675049,2500,5000
Scalar region null,Conventional,588,0.6062,0.006909725899049831,0.5926569372378623,0.6197430627621376,0.995,303.8730841675049,2500,5000
Scalar region null,Anytime-valid,593,0.0048,9.774415583552807e-4,0.002884214545623649,0.00671578545437635,0.995,303.8730841675049,2500,5000
Scalar region null,Conventional,593,0.6066,0.006908493902436334,0.5930593519512248,0.6201406480487752,0.995,303.8730841675049,2500,5000
Scalar region null,Anytime-valid,599,0.0048,9.774415583552807e-4,0.002884214545623649,0.00671578545437635,0.995,303.8730841675049,2500,5000
Scalar region null,Conventional,599,0.6068,0.006907876084586347,0.5932605628742108,0.6203394371257892,0.995,303.8730841675049,2500,5000
Scalar region null,Anytime-valid,605,0.0048,9.774415583552807e-4,0.002884214545623649,0.00671578545437635,0.995,303.8730841675049,2500,5000
Scalar region null,Conventional,605,0.6076,0.006905392675293709,0.5940654303564243,0.6211345696435757,0.995,303.8730841675049,2500,5000
Scalar region null,Anytime-valid,612,0.0048,9.774415583552807e-4,0.002884214545623649,0.00671578545437635,0.995,303.8730841675049,2500,5000
Scalar region null,Conventional,612,0.6086,0.006902261078805988,0.5950715682855403,0.6221284317144598,0.995,303.8730841675049,2500,5000
Scalar region null,Anytime-valid,618,0.0048,9.774415583552807e-4,0.002884214545623649,0.00671578545437635,0.995,303.8730841675049,2500,5000
Scalar region null,Conventional,618,0.6094,0.006899733907912681,0.5958765215404912,0.6229234784595089,0.995,303.8730841675049,2500,5000
Scalar region null,Anytime-valid,624,0.0048,9.774415583552807e-4,0.002884214545623649,0.00671578545437635,0.995,303.8730841675049,2500,5000
Scalar region null,Conventional,624,0.6096,0.006899099071617974,0.5960777658196288,0.6231222341803713,0.995,303.8730841675049,2500,5000
Scalar region null,Anytime-valid,630,0.005,9.97496867163e-4,0.00304490614036052,0.00695509385963948,0.995,303.8730841675049,2500,5000
Scalar region null,Conventional,630,0.6102,0.0068971872527864575,0.5966815129845385,0.6237184870154614,0.995,303.8730841675049,2500,5000
Scalar region null,Anytime-valid,637,0.005,9.97496867163e-4,0.00304490614036052,0.00695509385963948,0.995,303.8730841675049,2500,5000
Scalar region null,Conventional,637,0.611,0.006894621091836737,0.59748654266,0.62451345734,0.995,303.8730841675049,2500,5000
Scalar region null,Anytime-valid,643,0.0052,0.0010171489566430279,0.003206388044979665,0.0071936119550203344,0.995,303.8730841675049,2500,5000
Scalar region null,Conventional,643,0.6112,0.006893976501265434,0.5976878060575197,0.6247121939424802,0.995,303.8730841675049,2500,5000
Scalar region null,Anytime-valid,650,0.0052,0.0010171489566430279,0.003206388044979665,0.0071936119550203344,0.995,303.8730841675049,2500,5000
Scalar region null,Conventional,650,0.6116,0.006892683657328254,0.5980903400316366,0.6251096599683634,0.995,303.8730841675049,2500,5000
Scalar region null,Anytime-valid,656,0.0052,0.0010171489566430279,0.003206388044979665,0.0071936119550203344,0.995,303.8730841675049,2500,5000
Scalar region null,Conventional,656,0.6122,0.006890735229277062,0.598694158950617,0.625705841049383,0.995,303.8730841675049,2500,5000
Scalar region null,Anytime-valid,663,0.0054,0.001036420763975713,0.003368615302607603,0.007431384697392397,0.995,303.8730841675049,2500,5000
Scalar region null,Conventional,663,0.6128,0.006888775798354886,0.5992979994352244,0.6263020005647756,0.995,303.8730841675049,2500,5000
Scalar region null,Anytime-valid,669,0.0054,0.001036420763975713,0.003368615302607603,0.007431384697392397,0.995,303.8730841675049,2500,5000
Scalar region null,Conventional,669,0.6132,0.0068874633937321215,0.5997005717482851,0.6266994282517149,0.995,303.8730841675049,2500,5000
Scalar region null,Anytime-valid,676,0.0054,0.001036420763975713,0.003368615302607603,0.007431384697392397,0.995,303.8730841675049,2500,5000
Scalar region null,Conventional,676,0.6142,0.006884160951052786,0.6007070445359365,0.6276929554640635,0.995,303.8730841675049,2500,5000
Scalar region null,Anytime-valid,683,0.0054,0.001036420763975713,0.003368615302607603,0.007431384697392397,0.995,303.8730841675049,2500,5000
Scalar region null,Conventional,683,0.6154,0.006880157556335465,0.6019148911895824,0.6288851088104175,0.995,303.8730841675049,2500,5000
Scalar region null,Anytime-valid,690,0.0058,0.001073905023733477,0.0036951461534823846,0.007904853846517615,0.995,303.8730841675049,2500,5000
Scalar region null,Conventional,690,0.6158,0.006878813269743554,0.6023175259913026,0.6292824740086974,0.995,303.8730841675049,2500,5000
Scalar region null,Anytime-valid,697,0.006,0.0010921538353180838,0.003859378482776556,0.008140621517223445,0.995,303.8730841675049,2500,5000
Scalar region null,Conventional,697,0.616,0.006878139283265497,0.6025188470047996,0.6294811529952004,0.995,303.8730841675049,2500,5000
Scalar region null,Anytime-valid,704,0.006,0.0010921538353180838,0.003859378482776556,0.008140621517223445,0.995,303.8730841675049,2500,5000
Scalar region null,Conventional,704,0.6164,0.006876787622138697,0.6029214962606081,0.6298785037393918,0.995,303.8730841675049,2500,5000
Scalar region null,Anytime-valid,711,0.0064,0.0011277446519491901,0.004189620482179588,0.008610379517820413,0.995,303.8730841675049,2500,5000
Scalar region null,Conventional,711,0.6172,0.006874069537035539,0.6037268237074103,0.6306731762925897,0.995,303.8730841675049,2500,5000
Scalar region null,Anytime-valid,718,0.0064,0.0011277446519491901,0.004189620482179588,0.008610379517820413,0.995,303.8730841675049,2500,5000
Scalar region null,Conventional,718,0.618,0.006871331748649602,0.6045321897726468,0.6314678102273532,0.995,303.8730841675049,2500,5000
Scalar region null,Anytime-valid,725,0.0064,0.0011277446519491901,0.004189620482179588,0.008610379517820413,0.995,303.8730841675049,2500,5000
Scalar region null,Conventional,725,0.6182,0.006870644220158689,0.6047335373284889,0.631666462671511,0.995,303.8730841675049,2500,5000
Scalar region null,Anytime-valid,733,0.0064,0.0011277446519491901,0.004189620482179588,0.008610379517820413,0.995,303.8730841675049,2500,5000
Scalar region null,Conventional,733,0.6184,0.006869955458370891,0.604934887301593,0.631865112698407,0.995,303.8730841675049,2500,5000
Scalar region null,Anytime-valid,740,0.0064,0.0011277446519491901,0.004189620482179588,0.008610379517820413,0.995,303.8730841675049,2500,5000
Scalar region null,Conventional,740,0.6186,0.006869265462915231,0.6051362396926862,0.6320637603073139,0.995,303.8730841675049,2500,5000
Scalar region null,Anytime-valid,747,0.0064,0.0011277446519491901,0.004189620482179588,0.008610379517820413,0.995,303.8730841675049,2500,5000
Scalar region null,Conventional,747,0.6192,0.006867188070819089,0.6057403113811946,0.6326596886188054,0.995,303.8730841675049,2500,5000
Scalar region null,Anytime-valid,755,0.0066,0.001145114841402381,0.004355574910851333,0.008844425089148667,0.995,303.8730841675049,2500,5000
Scalar region null,Conventional,755,0.6206,0.0068622975744279694,0.6071498967541212,0.6340501032458788,0.995,303.8730841675049,2500,5000
Scalar region null,Anytime-valid,763,0.0066,0.001145114841402381,0.004355574910851333,0.008844425089148667,0.995,303.8730841675049,2500,5000
Scalar region null,Conventional,763,0.621,0.006860889155204303,0.6075526572557995,0.6344473427442004,0.995,303.8730841675049,2500,5000
Scalar region null,Anytime-valid,770,0.0068,0.001162218568084334,0.004522051606554705,0.009077948393445294,0.995,303.8730841675049,2500,5000
Scalar region null,Conventional,770,0.621,0.006860889155204303,0.6075526572557995,0.6344473427442004,0.995,303.8730841675049,2500,5000
Scalar region null,Anytime-valid,778,0.0068,0.001162218568084334,0.004522051606554705,0.009077948393445294,0.995,303.8730841675049,2500,5000
Scalar region null,Conventional,778,0.6212,0.006860183087935773,0.6077540411476459,0.6346459588523541,0.995,303.8730841675049,2500,5000
Scalar region null,Anytime-valid,786,0.007,0.0011790674280973078,0.004689027840929277,0.009310972159070723,0.995,303.8730841675049,2500,5000
Scalar region null,Conventional,786,0.6218,0.0068580574509113,0.6083582073962138,0.6352417926037862,0.995,303.8730841675049,2500,5000
Scalar region null,Anytime-valid,794,0.0072,0.0011956721958797903,0.004856482496075611,0.00954351750392439,0.995,303.8730841675049,2500,5000
Scalar region null,Conventional,794,0.6228,0.006854489915376636,0.6093651997658618,0.6362348002341383,0.995,303.8730841675049,2500,5000
Scalar region null,Anytime-valid,802,0.0072,0.0011956721958797903,0.004856482496075611,0.00954351750392439,0.995,303.8730841675049,2500,5000
Scalar region null,Conventional,802,0.623,0.0068537726837122346,0.609566605539924,0.636433394460076,0.995,303.8730841675049,2500,5000
Scalar region null,Anytime-valid,810,0.0072,0.0011956721958797903,0.004856482496075611,0.00954351750392439,0.995,303.8730841675049,2500,5000
Scalar region null,Conventional,810,0.6236,0.006851613532592159,0.6101708374761194,0.6370291625238806,0.995,303.8730841675049,2500,5000
Scalar region null,Anytime-valid,818,0.0076,0.0012281889105508158,0.005192749735320401,0.0100072502646796,0.995,303.8730841675049,2500,5000
Scalar region null,Conventional,818,0.6244,0.006848717252157516,0.6109765141857713,0.6378234858142287,0.995,303.8730841675049,2500,5000
Scalar region null,Anytime-valid,826,0.0076,0.0012281889105508158,0.005192749735320401,0.0100072502646796,0.995,303.8730841675049,2500,5000
Scalar region null,Conventional,826,0.6248,0.0068472616424378,0.611379367180822,0.6382206328191781,0.995,303.8730841675049,2500,5000
Scalar region null,Anytime-valid,834,0.0076,0.0012281889105508158,0.005192749735320401,0.0100072502646796,0.995,303.8730841675049,2500,5000
Scalar region null,Conventional,834,0.6256,0.006844335468107915,0.6121851024825086,0.6390148975174915,0.995,303.8730841675049,2500,5000
Scalar region null,Anytime-valid,843,0.0078,0.0012441189653726848,0.005361526827869537,0.010238473172130462,0.995,303.8730841675049,2500,5000
Scalar region null,Conventional,843,0.626,0.006842864897102675,0.6125879848016788,0.6394120151983212,0.995,303.8730841675049,2500,5000
Scalar region null,Anytime-valid,851,0.008,0.0012598412598418898,0.005530711130709897,0.010469288869290104,0.995,303.8730841675049,2500,5000
Scalar region null,Conventional,851,0.6268,0.006839908771321442,0.61339377880821,0.64020622119179,0.995,303.8730841675049,2500,5000
Scalar region null,Anytime-valid,860,0.008,0.0012598412598418898,0.005530711130709897,0.010469288869290104,0.995,303.8730841675049,2500,5000
Scalar region null,Conventional,860,0.6268,0.006839908771321442,0.61339377880821,0.64020622119179,0.995,303.8730841675049,2500,5000
Scalar region null,Anytime-valid,869,0.0082,0.0012753634776015816,0.005700287583900901,0.0106997124160991,0.995,303.8730841675049,2500,5000
Scalar region null,Conventional,869,0.6274,0.0068376785534273255,0.6139981500352824,0.6408018499647176,0.995,303.8730841675049,2500,5000
Scalar region null,Anytime-valid,877,0.0082,0.0012753634776015816,0.005700287583900901,0.0106997124160991,0.995,303.8730841675049,2500,5000
Scalar region null,Conventional,877,0.6282,0.0068346874105550725,0.614804012675312,0.6415959873246879,0.995,303.8730841675049,2500,5000
Scalar region null,Anytime-valid,886,0.0084,0.001290692837200238,0.005870242039087533,0.010929757960912466,0.995,303.8730841675049,2500,5000
Scalar region null,Conventional,886,0.6284,0.006833936493705513,0.6150054844723372,0.6417945155276628,0.995,303.8730841675049,2500,5000
Scalar region null,Anytime-valid,895,0.0084,0.001290692837200238,0.005870242039087533,0.010929757960912466,0.995,303.8730841675049,2500,5000
Scalar region null,Conventional,895,0.6284,0.006833936493705513,0.6150054844723372,0.6417945155276628,0.995,303.8730841675049,2500,5000
Scalar region null,Anytime-valid,904,0.0084,0.001290692837200238,0.005870242039087533,0.010929757960912466,0.995,303.8730841675049,2500,5000
Scalar region null,Conventional,904,0.6286,0.006833184323578575,0.615206958725786,0.6419930412742141,0.995,303.8730841675049,2500,5000
Scalar region null,Anytime-valid,913,0.0084,0.001290692837200238,0.005870242039087533,0.010929757960912466,0.995,303.8730841675049,2500,5000
Scalar region null,Conventional,913,0.6286,0.006833184323578575,0.615206958725786,0.6419930412742141,0.995,303.8730841675049,2500,5000
Scalar region null,Anytime-valid,922,0.0088,0.0013207997577225701,0.0062112324748637635,0.011388767525136238,0.995,303.8730841675049,2500,5000
Scalar region null,Conventional,922,0.6286,0.006833184323578575,0.615206958725786,0.6419930412742141,0.995,303.8730841675049,2500,5000
Scalar region null,Anytime-valid,932,0.009,0.001335589757373124,0.006382244075548676,0.011617755924451321,0.995,303.8730841675049,2500,5000
Scalar region null,Conventional,932,0.6292,0.006830920289390002,0.6158113962327956,0.6425886037672044,0.995,303.8730841675049,2500,5000
Scalar region null,Anytime-valid,941,0.0092,0.0013502118352317904,0.00655358480294569,0.01184641519705431,0.995,303.8730841675049,2500,5000
Scalar region null,Conventional,941,0.6294,0.0068301631020056906,0.6160128803200688,0.6427871196799311,0.995,303.8730841675049,2500,5000
Scalar region null,Anytime-valid,951,0.0094,0.0013646713890164183,0.006725244077527821,0.01207475592247218,0.995,303.8730841675049,2500,5000
Scalar region null,Conventional,951,0.6296,0.006829404659265697,0.6162143668678393,0.6429856331321608,0.995,303.8730841675049,2500,5000
Scalar region null,Anytime-valid,960,0.0096,0.0013789735312905755,0.006897211878670472,0.012302788121329527,0.995,303.8730841675049,2500,5000
Scalar region null,Conventional,960,0.6298,0.00682864496075173,0.6164158558769266,0.6431841441230735,0.995,303.8730841675049,2500,5000
Scalar region null,Anytime-valid,970,0.0096,0.0013789735312905755,0.006897211878670472,0.012302788121329527,0.995,303.8730841675049,2500,5000
Scalar region null,Conventional,970,0.6306,0.006825593600559588,0.6172218365429033,0.6439781634570968,0.995,303.8730841675049,2500,5000
Scalar region null,Anytime-valid,980,0.0098,0.0013931231101377939,0.007069478704129923,0.012530521295870076,0.995,303.8730841675049,2500,5000
Scalar region null,Conventional,980,0.632,0.006820205275503076,0.618632397660014,0.645367602339986,0.995,303.8730841675049,2500,5000
Scalar region null,Anytime-valid,990,0.0098,0.0013931231101377939,0.007069478704129923,0.012530521295870076,0.995,303.8730841675049,2500,5000
Scalar region null,Conventional,990,0.6322,0.0068194304747537385,0.6188339162694827,0.6455660837305173,0.995,303.8730841675049,2500,5000
Scalar region null,Anytime-valid,1000,0.0102,0.0014209827585160914,0.007414873793308461,0.01298512620669154,0.995,303.8730841675049,2500,5000
Scalar region null,Conventional,1000,0.6324,0.006818654412712233,0.619035437351084,0.6457645626489159,0.995,303.8730841675049,2500,5000
Scalar region null,Anytime-valid,1010,0.0104,0.0014347013626535663,0.00758798532919901,0.013212014670800989,0.995,303.8730841675049,2500,5000
Scalar region null,Conventional,1010,0.633,0.0068163186545231284,0.6196400154371347,0.6463599845628654,0.995,303.8730841675049,2500,5000
Scalar region null,Anytime-valid,1020,0.0104,0.0014347013626535663,0.00758798532919901,0.013212014670800989,0.995,303.8730841675049,2500,5000
Scalar region null,Conventional,1020,0.634,0.006812400457988359,0.6206476951023429,0.6473523048976572,0.995,303.8730841675049,2500,5000
Scalar region null,Anytime-valid,1030,0.0106,0.00144828450243728,0.007761362375222932,0.013438637624777068,0.995,303.8730841675049,2500,5000
Scalar region null,Conventional,1030,0.6342,0.0068116130248275265,0.620849238471338,0.647550761528662,0.995,303.8730841675049,2500,5000
Scalar region null,Anytime-valid,1040,0.0106,0.00144828450243728,0.007761362375222932,0.013438637624777068,0.995,303.8730841675049,2500,5000
Scalar region null,Conventional,1040,0.6342,0.0068116130248275265,0.620849238471338,0.647550761528662,0.995,303.8730841675049,2500,5000
Scalar region null,Anytime-valid,1051,0.0108,0.001461735954268075,0.007934997529634573,0.013665002470365428,0.995,303.8730841675049,2500,5000
Scalar region null,Conventional,1051,0.6348,0.0068092431297465065,0.6214538834656969,0.6481461165343032,0.995,303.8730841675049,2500,5000
Scalar region null,Anytime-valid,1061,0.0108,0.001461735954268075,0.007934997529634573,0.013665002470365428,0.995,303.8730841675049,2500,5000
Scalar region null,Conventional,1061,0.6354,0.006806861832004525,0.6220585508092711,0.6487414491907288,0.995,303.8730841675049,2500,5000
Scalar region null,Anytime-valid,1072,0.0112,0.001488258042141886,0.008283014237401904,0.014116985762598096,0.995,303.8730841675049,2500,5000
Scalar region null,Conventional,1072,0.6364,0.006802867630639303,0.6230663794439469,0.649733620556053,0.995,303.8730841675049,2500,5000
Scalar region null,Anytime-valid,1083,0.0112,0.001488258042141886,0.008283014237401904,0.014116985762598096,0.995,303.8730841675049,2500,5000
Scalar region null,Conventional,1083,0.6366,0.006802064980577589,0.623267952638068,0.6499320473619321,0.995,303.8730841675049,2500,5000
Scalar region null,Anytime-valid,1094,0.0112,0.001488258042141886,0.008283014237401904,0.014116985762598096,0.995,303.8730841675049,2500,5000
Scalar region null,Conventional,1094,0.637,0.006800455867072442,0.623671106500538,0.650328893499462,0.995,303.8730841675049,2500,5000
Scalar region null,Anytime-valid,1105,0.0112,0.001488258042141886,0.008283014237401904,0.014116985762598096,0.995,303.8730841675049,2500,5000
Scalar region null,Conventional,1105,0.6372,0.006799649402726585,0.6238726871706559,0.6505273128293441,0.995,303.8730841675049,2500,5000
Scalar region null,Anytime-valid,1116,0.0112,0.001488258042141886,0.008283014237401904,0.014116985762598096,0.995,303.8730841675049,2500,5000
Scalar region null,Conventional,1116,0.6378,0.0067972223738818486,0.6244774441471916,0.6511225558528084,0.995,303.8730841675049,2500,5000
Scalar region null,Anytime-valid,1127,0.0112,0.001488258042141886,0.008283014237401904,0.014116985762598096,0.995,303.8730841675049,2500,5000
Scalar region null,Conventional,1127,0.638,0.006796410817483004,0.6246790347977333,0.6513209652022667,0.995,303.8730841675049,2500,5000
Scalar region null,Anytime-valid,1139,0.0112,0.001488258042141886,0.008283014237401904,0.014116985762598096,0.995,303.8730841675049,2500,5000
Scalar region null,Conventional,1139,0.6382,0.006795597986932423,0.6248806279456124,0.6515193720543876,0.995,303.8730841675049,2500,5000
Scalar region null,Anytime-valid,1150,0.0114,0.0015013354055639933,0.008457382605094575,0.014342617394905426,0.995,303.8730841675049,2500,5000
Scalar region null,Conventional,1150,0.6388,0.006793151845792937,0.6254854223822459,0.6521145776177542,0.995,303.8730841675049,2500,5000
Scalar region null,Anytime-valid,1162,0.0114,0.0015013354055639933,0.008457382605094575,0.014342617394905426,0.995,303.8730841675049,2500,5000
Scalar region null,Conventional,1162,0.639,0.006792333914053402,0.6256870255284553,0.6523129744715447,0.995,303.8730841675049,2500,5000
Scalar region null,Anytime-valid,1173,0.0114,0.0015013354055639933,0.008457382605094575,0.014342617394905426,0.995,303.8730841675049,2500,5000
Scalar region null,Conventional,1173,0.6394,0.006790694220770068,0.6260902393272907,0.6527097606727092,0.995,303.8730841675049,2500,5000
Scalar region null,Anytime-valid,1185,0.0114,0.0015013354055639933,0.008457382605094575,0.014342617394905426,0.995,303.8730841675049,2500,5000
Scalar region null,Conventional,1185,0.6398,0.006789049417996602,0.6264934631407267,0.6531065368592733,0.995,303.8730841675049,2500,5000
Scalar region null,Anytime-valid,1197,0.0114,0.0015013354055639933,0.008457382605094575,0.014342617394905426,0.995,303.8730841675049,2500,5000
Scalar region null,Conventional,1197,0.6398,0.006789049417996602,0.6264934631407267,0.6531065368592733,0.995,303.8730841675049,2500,5000
Scalar region null,Anytime-valid,1209,0.0114,0.0015013354055639933,0.008457382605094575,0.014342617394905426,0.995,303.8730841675049,2500,5000
Scalar region null,Conventional,1209,0.6402,0.006787399502018428,0.6268966969760439,0.6535033030239561,0.995,303.8730841675049,2500,5000
Scalar region null,Anytime-valid,1221,0.0116,0.0015142945552302563,0.008631982671748696,0.014568017328251302,0.995,303.8730841675049,2500,5000
Scalar region null,Conventional,1221,0.6406,0.0067857444691058035,0.6272999408405526,0.6539000591594473,0.995,303.8730841675049,2500,5000
Scalar region null,Anytime-valid,1234,0.0116,0.0015142945552302563,0.008631982671748696,0.014568017328251302,0.995,303.8730841675049,2500,5000
Scalar region null,Conventional,1234,0.6408,0.0067849150326293696,0.6275015665360465,0.6540984334639536,0.995,303.8730841675049,2500,5000
Scalar region null,Anytime-valid,1246,0.0118,0.001527138500595149,0.008806808538833508,0.014793191461166491,0.995,303.8730841675049,2500,5000
Scalar region null,Conventional,1246,0.6414,0.006782419037482128,0.628106458686535,0.6546935413134649,0.995,303.8730841675049,2500,5000
Scalar region null,Anytime-valid,1259,0.0118,0.001527138500595149,0.008806808538833508,0.014793191461166491,0.995,303.8730841675049,2500,5000
Scalar region null,Conventional,1259,0.6418,0.006780748631235345,0.6285097326827788,0.6550902673172213,0.995,303.8730841675049,2500,5000
Scalar region null,Anytime-valid,1271,0.0118,0.001527138500595149,0.008806808538833508,0.014793191461166491,0.995,303.8730841675049,2500,5000
Scalar region null,Conventional,1271,0.6426,0.006777392418917471,0.6293163108589217,0.6558836891410782,0.995,303.8730841675049,2500,5000
Scalar region null,Anytime-valid,1284,0.0118,0.001527138500595149,0.008806808538833508,0.014793191461166491,0.995,303.8730841675049,2500,5000
Scalar region null,Conventional,1284,0.6428,0.006776550154761639,0.6295179616966672,0.6560820383033329,0.995,303.8730841675049,2500,5000
Scalar region null,Anytime-valid,1297,0.012,0.0015398701243936126,0.00898185455618852,0.01501814544381148,0.995,303.8730841675049,2500,5000
Scalar region null,Conventional,1297,0.6434,0.006774015648048062,0.6301229293298257,0.6566770706701742,0.995,303.8730841675049,2500,5000
Scalar region null,Anytime-valid,1310,0.012,0.0015398701243936126,0.00898185455618852,0.01501814544381148,0.995,303.8730841675049,2500,5000
Scalar region null,Conventional,1310,0.6436,0.006773168239457809,0.6303245902506627,0.6568754097493372,0.995,303.8730841675049,2500,5000
Scalar region null,Anytime-valid,1323,0.0122,0.0015524921899964586,0.009157115307606942,0.01524288469239306,0.995,303.8730841675049,2500,5000
Scalar region null,Conventional,1323,0.644,0.006771469559851835,0.6307279196626904,0.6572720803373097,0.995,303.8730841675049,2500,5000
Scalar region null,Anytime-valid,1337,0.0124,0.0015650073482255604,0.009332585597477901,0.015467414402522098,0.995,303.8730841675049,2500,5000
Scalar region null,Conventional,1337,0.6448,0.006768056737350832,0.6315346087947924,0.6580653912052077,0.995,303.8730841675049,2500,5000
Scalar region null,Anytime-valid,1350,0.0126,0.0015774181436765586,0.009508260438393945,0.015691739561606056,0.995,303.8730841675049,2500,5000
Scalar region null,Conventional,1350,0.645,0.00676720030736493,0.6317362873975647,0.6582637126024353,0.995,303.8730841675049,2500,5000
Scalar region null,Anytime-valid,1364,0.0128,0.0015897270205919003,0.009684135039639876,0.015915864960360127,0.995,303.8730841675049,2500,5000
Scalar region null,Conventional,1364,0.6452,0.006766342586656398,0.6319379685301535,0.6584620314698465,0.995,303.8730841675049,2500,5000
Scalar region null,Anytime-valid,1378,0.013,0.0016019363283226958,0.009860204796487516,0.016139795203512483,0.995,303.8730841675049,2500,5000
Scalar region null,Conventional,1378,0.6454,0.00676548357473433,0.6321396521935206,0.6586603478064793,0.995,303.8730841675049,2500,5000
Scalar region null,Anytime-valid,1391,0.013,0.0016019363283226958,0.009860204796487516,0.016139795203512483,0.995,303.8730841675049,2500,5000
Scalar region null,Conventional,1391,0.6454,0.00676548357473433,0.6321396521935206,0.6586603478064793,0.995,303.8730841675049,2500,5000
Scalar region null,Anytime-valid,1405,0.013,0.0016019363283226958,0.009860204796487516,0.016139795203512483,0.995,303.8730841675049,2500,5000
Scalar region null,Conventional,1405,0.646,0.006762898786762966,0.6327447183779447,0.6592552816220554,0.995,303.8730841675049,2500,5000
Scalar region null,Anytime-valid,1420,0.013,0.0016019363283226958,0.009860204796487516,0.016139795203512483,0.995,303.8730841675049,2500,5000
Scalar region null,Conventional,1420,0.6462,0.006762034605057859,0.6329464121740866,0.6594535878259133,0.995,303.8730841675049,2500,5000
Scalar region null,Anytime-valid,1434,0.013,0.0016019363283226958,0.009860204796487516,0.016139795203512483,0.995,303.8730841675049,2500,5000
Scalar region null,Conventional,1434,0.647,0.006758564936434361,0.6337532127245886,0.6602467872754114,0.995,303.8730841675049,2500,5000
Scalar region null,Anytime-valid,1448,0.0132,0.0016140483264140513,0.01003646528022846,0.01636353471977154,0.995,303.8730841675049,2500,5000
Scalar region null,Conventional,1448,0.6476,0.006755949082105341,0.6343583397990735,0.6608416602009264,0.995,303.8730841675049,2500,5000
Scalar region null,Anytime-valid,1463,0.0132,0.0016140483264140513,0.01003646528022846,0.01636353471977154,0.995,303.8730841675049,2500,5000
Scalar region null,Conventional,1463,0.6484,0.006752443113421986,0.6351652114976929,0.6616347885023071,0.995,303.8730841675049,2500,5000
Scalar region null,Anytime-valid,1478,0.0136,0.0016379890109521492,0.010389541538533787,0.016810458461466213,0.995,303.8730841675049,2500,5000
Scalar region null,Conventional,1478,0.6484,0.006752443113421986,0.6351652114976929,0.6616347885023071,0.995,303.8730841675049,2500,5000
Scalar region null,Anytime-valid,1493,0.0138,0.0016498218085599426,0.010566349255222512,0.017033650744777487,0.995,303.8730841675049,2500,5000
Scalar region null,Conventional,1493,0.6488,0.006750682335882796,0.6355686626216698,0.6620313373783303,0.995,303.8730841675049,2500,5000
Scalar region null,Anytime-valid,1508,0.0138,0.0016498218085599426,0.010566349255222512,0.017033650744777487,0.995,303.8730841675049,2500,5000
Scalar region null,Conventional,1508,0.649,0.0067497999970369494,0.6357703920058076,0.6622296079941924,0.995,303.8730841675049,2500,5000
Scalar region null,Anytime-valid,1523,0.014,0.0016615655268450895,0.010743331567383625,0.017256668432616376,0.995,303.8730841675049,2500,5000
Scalar region null,Conventional,1523,0.6496,0.006747145174071772,0.6363755954588193,0.6628244045411806,0.995,303.8730841675049,2500,5000
Scalar region null,Anytime-valid,1538,0.0144,0.0016847931623792875,0.011097805401736596,0.0177021945982634,0.995,303.8730841675049,2500,5000
Scalar region null,Conventional,1538,0.65,0.00674536878161602,0.6367790771880326,0.6632209228119674,0.995,303.8730841675049,2500,5000
Scalar region null,Anytime-valid,1554,0.0148,0.0017076861538350657,0.011452935138483271,0.01814706486151673,0.995,303.8730841675049,2500,5000
Scalar region null,Conventional,1554,0.6508,0.006741800353021439,0.637586071308078,0.6640139286919221,0.995,303.8730841675049,2500,5000
Scalar region null,Anytime-valid,1569,0.015,0.0017190113437671084,0.011630737766216467,0.01836926223378353,0.995,303.8730841675049,2500,5000
Scalar region null,Conventional,1569,0.6516,0.00673821103854725,0.6383931063644473,0.6648068936355526,0.995,303.8730841675049,2500,5000
Scalar region null,Anytime-valid,1585,0.015,0.0017190113437671084,0.011630737766216467,0.01836926223378353,0.995,303.8730841675049,2500,5000
Scalar region null,Conventional,1585,0.652,0.006736408538679939,0.6387966392641874,0.6652033607358127,0.995,303.8730841675049,2500,5000
Scalar region null,Anytime-valid,1601,0.015,0.0017190113437671084,0.011630737766216467,0.01836926223378353,0.995,303.8730841675049,2500,5000
Scalar region null,Conventional,1601,0.6528,0.006732787832688625,0.6396037358479303,0.6659962641520698,0.995,303.8730841675049,2500,5000
Scalar region null,Anytime-valid,1617,0.0152,0.001730257784262218,0.011808694742846054,0.018591305257153946,0.995,303.8730841675049,2500,5000
Scalar region null,Conventional,1617,0.6532,0.0067309696181159515,0.6400072995484928,0.6663927004515072,0.995,303.8730841675049,2500,5000
Scalar region null,Anytime-valid,1634,0.0154,0.0017414270010540206,0.01198680307793412,0.01881319692206588,0.995,303.8730841675049,2500,5000
Scalar region null,Conventional,1634,0.6534,0.006730058543578948,0.6402090852545852,0.6665909147454148,0.995,303.8730841675049,2500,5000
Scalar region null,Anytime-valid,1650,0.0154,0.0017414270010540206,0.01198680307793412,0.01881319692206588,0.995,303.8730841675049,2500,5000
Scalar region null,Conventional,1650,0.6538,0.006728232457339743,0.6406126643836142,0.6669873356163859,0.995,303.8730841675049,2500,5000
Scalar region null,Anytime-valid,1667,0.0154,0.0017414270010540206,0.01198680307793412,0.01881319692206588,0.995,303.8730841675049,2500,5000
Scalar region null,Conventional,1667,0.654,0.006727317444568823,0.6408144578086451,0.667185542191355,0.995,303.8730841675049,2500,5000
Scalar region null,Anytime-valid,1683,0.0154,0.0017414270010540206,0.01198680307793412,0.01881319692206588,0.995,303.8730841675049,2500,5000
Scalar region null,Conventional,1683,0.6542,0.006726401117982781,0.6410162538087537,0.6673837461912463,0.995,303.8730841675049,2500,5000
Scalar region null,Anytime-valid,1700,0.0162,0.0017853604678047513,0.012700693483102687,0.019699306516897313,0.995,303.8730841675049,2500,5000
Scalar region null,Conventional,1700,0.6546,0.006724564521216225,0.6414198535384161,0.6677801464615838,0.995,303.8730841675049,2500,5000
Scalar region null,Anytime-valid,1718,0.0162,0.0017853604678047513,0.012700693483102687,0.019699306516897313,0.995,303.8730841675049,2500,5000
Scalar region null,Conventional,1718,0.6548,0.006723644249958499,0.6416216572700814,0.6679783427299187,0.995,303.8730841675049,2500,5000
Scalar region null,Anytime-valid,1735,0.0162,0.0017853604678047513,0.012700693483102687,0.019699306516897313,0.995,303.8730841675049,2500,5000
Scalar region null,Conventional,1735,0.6548,0.006723644249958499,0.6416216572700814,0.6679783427299187,0.995,303.8730841675049,2500,5000
Scalar region null,Anytime-valid,1752,0.0162,0.0017853604678047513,0.012700693483102687,0.019699306516897313,0.995,303.8730841675049,2500,5000
Scalar region null,Conventional,1752,0.6548,0.006723644249958499,0.6416216572700814,0.6679783427299187,0.995,303.8730841675049,2500,5000
Scalar region null,Anytime-valid,1770,0.0164,0.0017961648031291561,0.012879516985866856,0.01992048301413315,0.995,303.8730841675049,2500,5000
Scalar region null,Conventional,1770,0.655,0.006722722662731224,0.6418234635810468,0.6681765364189532,0.995,303.8730841675049,2500,5000
Scalar region null,Anytime-valid,1788,0.0164,0.0017961648031291561,0.012879516985866856,0.01992048301413315,0.995,303.8730841675049,2500,5000
Scalar region null,Conventional,1788,0.6558,0.006719023143285041,0.6426307146391613,0.6689692853608388,0.995,303.8730841675049,2500,5000
Scalar region null,Anytime-valid,1806,0.0164,0.0017961648031291561,0.012879516985866856,0.01992048301413315,0.995,303.8730841675049,2500,5000
Scalar region null,Conventional,1806,0.656,0.006718094968069446,0.6428325338625839,0.6691674661374162,0.995,303.8730841675049,2500,5000
Scalar region null,Anytime-valid,1824,0.0166,0.0018069001079196382,0.013058475788477509,0.02014152421152249,0.995,303.8730841675049,2500,5000
Scalar region null,Conventional,1824,0.6562,0.006717165473620551,0.6430343556717038,0.6693656443282963,0.995,303.8730841675049,2500,5000
Scalar region null,Anytime-valid,1842,0.0166,0.0018069001079196382,0.013058475788477509,0.02014152421152249,0.995,303.8730841675049,2500,5000
Scalar region null,Conventional,1842,0.657,0.006713434292521228,0.6438416687866584,0.6701583312133417,0.995,303.8730841675049,2500,5000
Scalar region null,Anytime-valid,1861,0.0168,0.0018175676053451217,0.013237567493523561,0.020362432506476437,0.995,303.8730841675049,2500,5000
Scalar region null,Conventional,1861,0.6572,0.006712498193668285,0.6440435035404102,0.6703564964595898,0.995,303.8730841675049,2500,5000
Scalar region null,Anytime-valid,1880,0.0168,0.0018175676053451217,0.013237567493523561,0.020362432506476437,0.995,303.8730841675049,2500,5000
Scalar region null,Conventional,1880,0.6576,0.006710622027800404,0.6444471808255112,0.6707528191744887,0.995,303.8730841675049,2500,5000
Scalar region null,Anytime-valid,1899,0.0168,0.0018175676053451217,0.013237567493523561,0.020362432506476437,0.995,303.8730841675049,2500,5000
Scalar region null,Conventional,1899,0.6586,0.006705908439577743,0.6454564194584276,0.6717435805415723,0.995,303.8730841675049,2500,5000
Scalar region null,Anytime-valid,1918,0.0168,0.0018175676053451217,0.013237567493523561,0.020362432506476437,0.995,303.8730841675049,2500,5000
Scalar region null,Conventional,1918,0.659,0.006704013723136312,0.6458601331026529,0.6721398668973472,0.995,303.8730841675049,2500,5000
Scalar region null,Anytime-valid,1937,0.0168,0.0018175676053451217,0.013237567493523561,0.020362432506476437,0.995,303.8730841675049,2500,5000
Scalar region null,Conventional,1937,0.6592,0.006703064373851708,0.6460619938272507,0.6723380061727493,0.995,303.8730841675049,2500,5000
Scalar region null,Anytime-valid,1957,0.017,0.0018281684823888635,0.013416789774517828,0.020583210225482172,0.995,303.8730841675049,2500,5000
Scalar region null,Conventional,1957,0.6594,0.006702113696439356,0.6462638571549788,0.6725361428450212,0.995,303.8730841675049,2500,5000
Scalar region null,Anytime-valid,1976,0.017,0.0018281684823888635,0.013416789774517828,0.020583210225482172,0.995,303.8730841675049,2500,5000
Scalar region null,Conventional,1976,0.6596,0.006701161690333997,0.6464657230869453,0.6727342769130547,0.995,303.8730841675049,2500,5000
Scalar region null,Anytime-valid,1996,0.017,0.0018281684823888635,0.013416789774517828,0.020583210225482172,0.995,303.8730841675049,2500,5000
Scalar region null,Conventional,1996,0.6602,0.0066982976941906665,0.6470713365193863,0.6733286634806137,0.995,303.8730841675049,2500,5000
Scalar region null,Anytime-valid,2016,0.0172,0.0018387038913321525,0.013596140372988981,0.02080385962701102,0.995,303.8730841675049,2500,5000
Scalar region null,Conventional,2016,0.6608,0.006695421719354203,0.6476769734300658,0.6739230265699343,0.995,303.8730841675049,2500,5000
Scalar region null,Anytime-valid,2037,0.0172,0.0018387038913321525,0.013596140372988981,0.02080385962701102,0.995,303.8730841675049,2500,5000
Scalar region null,Conventional,2037,0.6608,0.006695421719354203,0.6476769734300658,0.6739230265699343,0.995,303.8730841675049,2500,5000
Scalar region null,Anytime-valid,2057,0.0174,0.001849174951160652,0.013775617095725121,0.02102438290427488,0.995,303.8730841675049,2500,5000
Scalar region null,Conventional,2057,0.6614,0.006692533750381839,0.6482826338492516,0.6745173661507484,0.995,303.8730841675049,2500,5000
Scalar region null,Anytime-valid,2078,0.0176,0.0018595827488982577,0.013955217812159415,0.021244782187840587,0.995,303.8730841675049,2500,5000
Scalar region null,Conventional,2078,0.6614,0.006692533750381839,0.6482826338492516,0.6745173661507484,0.995,303.8730841675049,2500,5000
Scalar region null,Anytime-valid,2099,0.0178,0.0018699283408729864,0.014134940451888947,0.02146505954811105,0.995,303.8730841675049,2500,5000
Scalar region null,Conventional,2099,0.6618,0.006690601766657465,0.6486864205373514,0.6749135794626487,0.995,303.8730841675049,2500,5000
Scalar region null,Anytime-valid,2120,0.018,0.0018802127539190876,0.014314783002318587,0.02168521699768141,0.995,303.8730841675049,2500,5000
Scalar region null,Conventional,2120,0.662,0.006689633771739676,0.6488883178073903,0.6751116821926098,0.995,303.8730841675049,2500,5000
Scalar region null,Anytime-valid,2141,0.0182,0.0018904369865192546,0.014494743506422263,0.02190525649357774,0.995,303.8730841675049,2500,5000
Scalar region null,Conventional,2141,0.6622,0.006688664440678722,0.6490902176962697,0.6753097823037303,0.995,303.8730841675049,2500,5000
Scalar region null,Anytime-valid,2163,0.0182,0.0018904369865192546,0.014494743506422263,0.02190525649357774,0.995,303.8730841675049,2500,5000
Scalar region null,Conventional,2163,0.6626,0.006686721767802217,0.6494940253351076,0.6757059746648924,0.995,303.8730841675049,2500,5000
Scalar region null,Anytime-valid,2185,0.0184,0.0019006020098905506,0.01467482006061452,0.022125179939385477,0.995,303.8730841675049,2500,5000
Scalar region null,Conventional,2185,0.663,0.006684773743366338,0.6498978434630021,0.676102156536998,0.995,303.8730841675049,2500,5000
Scalar region null,Anytime-valid,2207,0.0184,0.0019006020098905506,0.01467482006061452,0.022125179939385477,0.995,303.8730841675049,2500,5000
Scalar region null,Conventional,2207,0.664,0.006679880238447393,0.6509074347326431,0.677092565267357,0.995,303.8730841675049,2500,5000
Scalar region null,Anytime-valid,2229,0.0184,0.0019006020098905506,0.01467482006061452,0.022125179939385477,0.995,303.8730841675049,2500,5000
Scalar region null,Conventional,2229,0.6642,0.006678897513811692,0.6511093608729291,0.6772906391270709,0.995,303.8730841675049,2500,5000
Scalar region null,Anytime-valid,2251,0.0184,0.0019006020098905506,0.01467482006061452,0.022125179939385477,0.995,303.8730841675049,2500,5000
Scalar region null,Conventional,2251,0.6646,0.006676928036155549,0.6515132210491351,0.6776867789508648,0.995,303.8730841675049,2500,5000
Scalar region null,Anytime-valid,2274,0.0184,0.0019006020098905506,0.01467482006061452,0.022125179939385477,0.995,303.8730841675049,2500,5000
Scalar region null,Conventional,2274,0.6652,0.006673963739787623,0.6521190310700162,0.6782809689299838,0.995,303.8730841675049,2500,5000
Scalar region null,Anytime-valid,2297,0.0184,0.0019006020098905506,0.01467482006061452,0.022125179939385477,0.995,303.8730841675049,2500,5000
Scalar region null,Conventional,2297,0.6656,0.0066719808153201405,0.6525229176019725,0.6786770823980275,0.995,303.8730841675049,2500,5000
Scalar region null,Anytime-valid,2320,0.0186,0.001910708769017403,0.014855010812725888,0.02234498918727411,0.995,303.8730841675049,2500,5000
Scalar region null,Conventional,2320,0.6656,0.0066719808153201405,0.6525229176019725,0.6786770823980275,0.995,303.8730841675049,2500,5000
Scalar region null,Anytime-valid,2344,0.0188,0.0019207581836347854,0.015035313960075822,0.02256468603992418,0.995,303.8730841675049,2500,5000
Scalar region null,Conventional,2344,0.6662,0.006668996326284788,0.6531287672004819,0.6792712327995182,0.995,303.8730841675049,2500,5000
Scalar region null,Anytime-valid,2367,0.0188,0.0019207581836347854,0.015035313960075822,0.02256468603992418,0.995,303.8730841675049,2500,5000
Scalar region null,Conventional,2367,0.6668,0.0066659996999699905,0.6537346405880587,0.6798653594119412,0.995,303.8730841675049,2500,5000
Scalar region null,Anytime-valid,2391,0.0188,0.0019207581836347854,0.015035313960075822,0.02256468603992418,0.995,303.8730841675049,2500,5000
Scalar region null,Conventional,2391,0.6668,0.0066659996999699905,0.6537346405880587,0.6798653594119412,0.995,303.8730841675049,2500,5000
Scalar region null,Anytime-valid,2415,0.0188,0.0019207581836347854,0.015035313960075822,0.02256468603992418,0.995,303.8730841675049,2500,5000
Scalar region null,Conventional,2415,0.667,0.006664998124530868,0.6539366036759195,0.6800633963240805,0.995,303.8730841675049,2500,5000
Scalar region null,Anytime-valid,2439,0.0188,0.0019207581836347854,0.015035313960075822,0.02256468603992418,0.995,303.8730841675049,2500,5000
Scalar region null,Conventional,2439,0.6676,0.006661985289686551,0.6545425088322143,0.6806574911677856,0.995,303.8730841675049,2500,5000
Scalar region null,Anytime-valid,2464,0.0188,0.0019207581836347854,0.015035313960075822,0.02256468603992418,0.995,303.8730841675049,2500,5000
Scalar region null,Conventional,2464,0.668,0.006659969969902267,0.6549464588589916,0.6810535411410085,0.995,303.8730841675049,2500,5000
Scalar region null,Anytime-valid,2489,0.0188,0.0019207581836347854,0.015035313960075822,0.02256468603992418,0.995,303.8730841675049,2500,5000
Scalar region null,Conventional,2489,0.6684,0.006657949233810663,0.6553504195017311,0.6814495804982689,0.995,303.8730841675049,2500,5000
Scalar region null,Anytime-valid,2514,0.0194,0.001950571198392922,0.015576880451149874,0.02322311954885013,0.995,303.8730841675049,2500,5000
Scalar region null,Conventional,2514,0.6686,0.0066569368331087534,0.6555524038071068,0.6816475961928932,0.995,303.8730841675049,2500,5000
Scalar region null,Anytime-valid,2539,0.0194,0.001950571198392922,0.015576880451149874,0.02322311954885013,0.995,303.8730841675049,2500,5000
Scalar region null,Conventional,2539,0.6686,0.0066569368331087534,0.6555524038071068,0.6816475961928932,0.995,303.8730841675049,2500,5000
Scalar region null,Anytime-valid,2565,0.0196,0.0019603999591920013,0.015757616079983678,0.02344238392001632,0.995,303.8730841675049,2500,5000
Scalar region null,Conventional,2565,0.6692,0.0066538914929535785,0.656158372673811,0.682241627326189,0.995,303.8730841675049,2500,5000
Scalar region null,Anytime-valid,2591,0.0196,0.0019603999591920013,0.015757616079983678,0.02344238392001632,0.995,303.8730841675049,2500,5000
Scalar region null,Conventional,2591,0.67,0.0066498120274185194,0.6569663684262598,0.6830336315737403,0.995,303.8730841675049,2500,5000
Scalar region null,Anytime-valid,2617,0.0196,0.0019603999591920013,0.015757616079983678,0.02344238392001632,0.995,303.8730841675049,2500,5000
Scalar region null,Conventional,2617,0.67,0.0066498120274185194,0.6569663684262598,0.6830336315737403,0.995,303.8730841675049,2500,5000
Scalar region null,Anytime-valid,2643,0.0196,0.0019603999591920013,0.015757616079983678,0.02344238392001632,0.995,303.8730841675049,2500,5000
Scalar region null,Conventional,2643,0.6708,0.006645710797198446,0.657774406837491,0.6838255931625089,0.995,303.8730841675049,2500,5000
Scalar region null,Anytime-valid,2670,0.0198,0.001970175626689154,0.01593845577168926,0.023661544228310745,0.995,303.8730841675049,2500,5000
Scalar region null,Conventional,2670,0.671,0.006644682084193344,0.6579764231149811,0.684023576885019,0.995,303.8730841675049,2500,5000
Scalar region null,Anytime-valid,2697,0.0198,0.001970175626689154,0.01593845577168926,0.023661544228310745,0.995,303.8730841675049,2500,5000
Scalar region null,Conventional,2697,0.6714,0.006642620567215924,0.6583804636882568,0.6844195363117432,0.995,303.8730841675049,2500,5000
Scalar region null,Anytime-valid,2724,0.0198,0.001970175626689154,0.01593845577168926,0.023661544228310745,0.995,303.8730841675049,2500,5000
Scalar region null,Conventional,2724,0.6714,0.006642620567215924,0.6583804636882568,0.6844195363117432,0.995,303.8730841675049,2500,5000
Scalar region null,Anytime-valid,2751,0.02,0.001979898987322333,0.016119397984848228,0.023880602015151773,0.995,303.8730841675049,2500,5000
Scalar region null,Conventional,2751,0.6716,0.006641587761973789,0.6585824879865313,0.6846175120134687,0.995,303.8730841675049,2500,5000
Scalar region null,Anytime-valid,2779,0.02,0.001979898987322333,0.016119397984848228,0.023880602015151773,0.995,303.8730841675049,2500,5000
Scalar region null,Conventional,2779,0.6718,0.006640553591380767,0.6587845149608936,0.6848154850391063,0.995,303.8730841675049,2500,5000
Scalar region null,Anytime-valid,2807,0.02,0.001979898987322333,0.016119397984848228,0.023880602015151773,0.995,303.8730841675049,2500,5000
Scalar region null,Conventional,2807,0.6718,0.006640553591380767,0.6587845149608936,0.6848154850391063,0.995,303.8730841675049,2500,5000
Scalar region null,Anytime-valid,2835,0.02,0.001979898987322333,0.016119397984848228,0.023880602015151773,0.995,303.8730841675049,2500,5000
Scalar region null,Conventional,2835,0.672,0.006639518054798857,0.6589865446125943,0.6850134553874058,0.995,303.8730841675049,2500,5000
Scalar region null,Anytime-valid,2864,0.02,0.001979898987322333,0.016119397984848228,0.023880602015151773,0.995,303.8730841675049,2500,5000
Scalar region null,Conventional,2864,0.6722,0.006638481151588818,0.6591885769428859,0.6852114230571141,0.995,303.8730841675049,2500,5000
Scalar region null,Anytime-valid,2893,0.0204,0.0019991918367180273,0.01648158400003267,0.024318415999967334,0.995,303.8730841675049,2500,5000
Scalar region null,Conventional,2893,0.6724,0.006637442881110164,0.6593906119530241,0.6854093880469759,0.995,303.8730841675049,2500,5000
Scalar region null,Anytime-valid,2922,0.0206,0.002008762803319496,0.016662824905493787,0.024537175094506213,0.995,303.8730841675049,2500,5000
Scalar region null,Conventional,2922,0.6728,0.006635362235778843,0.6597946900178734,0.6858053099821265,0.995,303.8730841675049,2500,5000
Scalar region null,Anytime-valid,2951,0.021,0.002027757381937001,0.01702559553140348,0.02497440446859652,0.995,303.8730841675049,2500,5000
Scalar region null,Conventional,2951,0.6732,0.006633276113656056,0.6601987788172341,0.6862012211827659,0.995,303.8730841675049,2500,5000
Scalar region null,Anytime-valid,2981,0.0216,0.0020558910476968376,0.017570453546514198,0.025629546453485804,0.995,303.8730841675049,2500,5000
Scalar region null,Conventional,2981,0.674,0.006629087418340476,0.6610069886600527,0.6869930113399474,0.995,303.8730841675049,2500,5000
Scalar region null,Anytime-valid,3011,0.0216,0.0020558910476968376,0.017570453546514198,0.025629546453485804,0.995,303.8730841675049,2500,5000
Scalar region null,Conventional,3011,0.6742,0.006628036813416172,0.6612090478457043,0.6871909521542957,0.995,303.8730841675049,2500,5000
Scalar region null,Anytime-valid,3041,0.0216,0.0020558910476968376,0.017570453546514198,0.025629546453485804,0.995,303.8730841675049,2500,5000
Scalar region null,Conventional,3041,0.6746,0.006625931481686179,0.6616131742958951,0.6875868257041049,0.995,303.8730841675049,2500,5000
Scalar region null,Anytime-valid,3072,0.0216,0.0020558910476968376,0.017570453546514198,0.025629546453485804,0.995,303.8730841675049,2500,5000
Scalar region null,Conventional,3072,0.6748,0.0066248767535705905,0.6618152415630016,0.6877847584369983,0.995,303.8730841675049,2500,5000
Scalar region null,Anytime-valid,3103,0.0216,0.0020558910476968376,0.017570453546514198,0.025629546453485804,0.995,303.8730841675049,2500,5000
Scalar region null,Conventional,3103,0.6752,0.0066227631695539285,0.6622193841876743,0.6881806158123257,0.995,303.8730841675049,2500,5000
Scalar region null,Anytime-valid,3134,0.0222,0.002083610328252382,0.018116123756625333,0.02628387624337467,0.995,303.8730841675049,2500,5000
Scalar region null,Conventional,3134,0.6754,0.006621704312335307,0.6624214595478228,0.6883785404521772,0.995,303.8730841675049,2500,5000
Scalar region null,Anytime-valid,3166,0.0224,0.002092760855903034,0.018298188722430053,0.026501811277569946,0.995,303.8730841675049,2500,5000
Scalar region null,Conventional,3166,0.6758,0.006619582464174006,0.6628256183702189,0.688774381629781,0.995,303.8730841675049,2500,5000
Scalar region null,Anytime-valid,3198,0.0224,0.002092760855903034,0.018298188722430053,0.026501811277569946,0.995,303.8730841675049,2500,5000
Scalar region null,Conventional,3198,0.6758,0.006619582464174006,0.6628256183702189,0.688774381629781,0.995,303.8730841675049,2500,5000
Scalar region null,Anytime-valid,3230,0.0226,0.0021018677408438428,0.018480339227946067,0.02671966077205393,0.995,303.8730841675049,2500,5000
Scalar region null,Conventional,3230,0.676,0.006618519471906084,0.6630277018350641,0.688972298164936,0.995,303.8730841675049,2500,5000
Scalar region null,Anytime-valid,3262,0.0226,0.0021018677408438428,0.018480339227946067,0.02671966077205393,0.995,303.8730841675049,2500,5000
Scalar region null,Conventional,3262,0.6762,0.006617455099961011,0.6632297880040764,0.6891702119959237,0.995,303.8730841675049,2500,5000
Scalar region null,Anytime-valid,3295,0.0226,0.0021018677408438428,0.018480339227946067,0.02671966077205393,0.995,303.8730841675049,2500,5000
Scalar region null,Conventional,3295,0.677,0.006613183802072946,0.6640381597479371,0.689961840252063,0.995,303.8730841675049,2500,5000
Scalar region null,Anytime-valid,3329,0.0226,0.0021018677408438428,0.018480339227946067,0.02671966077205393,0.995,303.8730841675049,2500,5000
Scalar region null,Conventional,3329,0.677,0.006613183802072946,0.6640381597479371,0.689961840252063,0.995,303.8730841675049,2500,5000
Scalar region null,Anytime-valid,3362,0.023,0.0021199528296639053,0.018844892453858744,0.027155107546141255,0.995,303.8730841675049,2500,5000
Scalar region null,Conventional,3362,0.6776,0.0066099658092913,0.664644467013789,0.690555532986211,0.995,303.8730841675049,2500,5000
Scalar region null,Anytime-valid,3396,0.023,0.0021199528296639053,0.018844892453858744,0.027155107546141255,0.995,303.8730841675049,2500,5000
Scalar region null,Conventional,3396,0.6782,0.006606735351139774,0.6652507987117661,0.691149201288234,0.995,303.8730841675049,2500,5000
Scalar region null,Anytime-valid,3430,0.023,0.0021199528296639053,0.018844892453858744,0.027155107546141255,0.995,303.8730841675049,2500,5000
Scalar region null,Conventional,3430,0.6782,0.006606735351139774,0.6652507987117661,0.691149201288234,0.995,303.8730841675049,2500,5000
Scalar region null,Anytime-valid,3465,0.023,0.0021199528296639053,0.018844892453858744,0.027155107546141255,0.995,303.8730841675049,2500,5000
Scalar region null,Conventional,3465,0.6786,0.006604574778136743,0.665655033434852,0.691544966565148,0.995,303.8730841675049,2500,5000
Scalar region null,Anytime-valid,3500,0.023,0.0021199528296639053,0.018844892453858744,0.027155107546141255,0.995,303.8730841675049,2500,5000
Scalar region null,Conventional,3500,0.6792,0.006601323503661974,0.6662614059328226,0.6921385940671775,0.995,303.8730841675049,2500,5000
Scalar region null,Anytime-valid,3535,0.0232,0.0021289321266775977,0.019027293031711908,0.02737270696828809,0.995,303.8730841675049,2500,5000
Scalar region null,Conventional,3535,0.6792,0.006601323503661974,0.6662614059328226,0.6921385940671775,0.995,303.8730841675049,2500,5000
Scalar region null,Anytime-valid,3571,0.0234,0.0021378699679821503,0.019209774862754984,0.027590225137245017,0.995,303.8730841675049,2500,5000
Scalar region null,Conventional,3571,0.6796,0.006599149036050027,0.6666656678893419,0.6925343321106581,0.995,303.8730841675049,2500,5000
Scalar region null,Anytime-valid,3607,0.0236,0.002146766871367266,0.01939233693212016,0.02780766306787984,0.995,303.8730841675049,2500,5000
Scalar region null,Conventional,3607,0.6798,0.006598059714794949,0.6668678029590018,0.6927321970409981,0.995,303.8730841675049,2500,5000
Scalar region null,Anytime-valid,3643,0.0236,0.002146766871367266,0.01939233693212016,0.02780766306787984,0.995,303.8730841675049,2500,5000
Scalar region null,Conventional,3643,0.6804,0.006594783392955375,0.6674742245498074,0.6933257754501926,0.995,303.8730841675049,2500,5000
Scalar region null,Anytime-valid,3680,0.0238,0.002155623343722182,0.019574978246304525,0.028025021753695478,0.995,303.8730841675049,2500,5000
Scalar region null,Conventional,3680,0.681,0.006591494519454597,0.668080670741869,0.693919329258131,0.995,303.8730841675049,2500,5000
Scalar region null,Anytime-valid,3717,0.0238,0.002155623343722182,0.019574978246304525,0.028025021753695478,0.995,303.8730841675049,2500,5000
Scalar region null,Conventional,3717,0.6824,0.006583771563473326,0.6694958077355923,0.6953041922644078,0.995,303.8730841675049,2500,5000
Scalar region null,Anytime-valid,3754,0.0238,0.002155623343722182,0.019574978246304525,0.028025021753695478,0.995,303.8730841675049,2500,5000
Scalar region null,Conventional,3754,0.6824,0.006583771563473326,0.6694958077355923,0.6953041922644078,0.995,303.8730841675049,2500,5000
Scalar region null,Anytime-valid,3792,0.0238,0.002155623343722182,0.019574978246304525,0.028025021753695478,0.995,303.8730841675049,2500,5000
Scalar region null,Conventional,3792,0.6824,0.006583771563473326,0.6694958077355923,0.6953041922644078,0.995,303.8730841675049,2500,5000
Scalar region null,Anytime-valid,3830,0.0238,0.002155623343722182,0.019574978246304525,0.028025021753695478,0.995,303.8730841675049,2500,5000
Scalar region null,Conventional,3830,0.683,0.006580440714724204,0.6701023361991406,0.6958976638008595,0.995,303.8730841675049,2500,5000
Scalar region null,Anytime-valid,3869,0.0238,0.002155623343722182,0.019574978246304525,0.028025021753695478,0.995,303.8730841675049,2500,5000
Scalar region null,Conventional,3869,0.6834,0.006578213131238604,0.6705067022627723,0.6962932977372277,0.995,303.8730841675049,2500,5000
Scalar region null,Anytime-valid,3908,0.024,0.002164439881354989,0.019757697832544222,0.02824230216745578,0.995,303.8730841675049,2500,5000
Scalar region null,Conventional,3908,0.6836,0.006577097232062181,0.6707088894251582,0.6964911105748418,0.995,303.8730841675049,2500,5000
Scalar region null,Anytime-valid,3947,0.024,0.002164439881354989,0.019757697832544222,0.02824230216745578,0.995,303.8730841675049,2500,5000
Scalar region null,Conventional,3947,0.684,0.006574861215265308,0.67111327201808,0.6968867279819201,0.995,303.8730841675049,2500,5000
Scalar region null,Anytime-valid,3987,0.024,0.002164439881354989,0.019757697832544222,0.02824230216745578,0.995,303.8730841675049,2500,5000
Scalar region null,Conventional,3987,0.6844,0.0065726195690911544,0.6715176656445814,0.6972823343554186,0.995,303.8730841675049,2500,5000
Scalar region null,Anytime-valid,4027,0.024,0.002164439881354989,0.019757697832544222,0.02824230216745578,0.995,303.8730841675049,2500,5000
Scalar region null,Conventional,4027,0.6846,0.006571496633187907,0.6717198665989517,0.6974801334010483,0.995,303.8730841675049,2500,5000
Scalar region null,Anytime-valid,4068,0.024,0.002164439881354989,0.019757697832544222,0.02824230216745578,0.995,303.8730841675049,2500,5000
Scalar region null,Conventional,4068,0.685,0.0065692465321374564,0.6721242767970106,0.6978757232029895,0.995,303.8730841675049,2500,5000
Scalar region null,Anytime-valid,4109,0.024,0.002164439881354989,0.019757697832544222,0.02824230216745578,0.995,303.8730841675049,2500,5000
Scalar region null,Conventional,4109,0.6858,0.006564729392747275,0.6729331303902153,0.6986668696097846,0.995,303.8730841675049,2500,5000
Scalar region null,Anytime-valid,4150,0.0244,0.002181955086613838,0.020123368030236878,0.028676631969763125,0.995,303.8730841675049,2500,5000
Scalar region null,Conventional,4150,0.6858,0.006564729392747275,0.6729331303902153,0.6986668696097846,0.995,303.8730841675049,2500,5000
Scalar region null,Anytime-valid,4192,0.0244,0.002181955086613838,0.020123368030236878,0.028676631969763125,0.995,303.8730841675049,2500,5000
Scalar region null,Conventional,4192,0.6862,0.006562462342749099,0.6733375738082118,0.6990624261917883,0.995,303.8730841675049,2500,5000
Scalar region null,Anytime-valid,4234,0.0244,0.002181955086613838,0.020123368030236878,0.028676631969763125,0.995,303.8730841675049,2500,5000
Scalar region null,Conventional,4234,0.6862,0.006562462342749099,0.6733375738082118,0.6990624261917883,0.995,303.8730841675049,2500,5000
Scalar region null,Anytime-valid,4277,0.0248,0.002199316257385463,0.020489340135524493,0.029110659864475506,0.995,303.8730841675049,2500,5000
Scalar region null,Conventional,4277,0.6868,0.006559051150890653,0.6739442597442543,0.6996557402557456,0.995,303.8730841675049,2500,5000
Scalar region null,Anytime-valid,4320,0.0248,0.002199316257385463,0.020489340135524493,0.029110659864475506,0.995,303.8730841675049,2500,5000
Scalar region null,Conventional,4320,0.6874,0.006555627201115085,0.6745509706858145,0.7002490293141855,0.995,303.8730841675049,2500,5000
Scalar region null,Anytime-valid,4363,0.0248,0.002199316257385463,0.020489340135524493,0.029110659864475506,0.995,303.8730841675049,2500,5000
Scalar region null,Conventional,4363,0.6878,0.006553337470327619,0.6749554585581579,0.7006445414418421,0.995,303.8730841675049,2500,5000
Scalar region null,Anytime-valid,4407,0.025,0.002207940216581962,0.020672437175499356,0.029327562824500646,0.995,303.8730841675049,2500,5000
Scalar region null,Conventional,4407,0.6888,0.006547588258282587,0.6759667270137661,0.7016332729862338,0.995,303.8730841675049,2500,5000
Scalar region null,Anytime-valid,4452,0.025,0.002207940216581962,0.020672437175499356,0.029327562824500646,0.995,303.8730841675049,2500,5000
Scalar region null,Conventional,4452,0.6888,0.006547588258282587,0.6759667270137661,0.7016332729862338,0.995,303.8730841675049,2500,5000
Scalar region null,Anytime-valid,4496,0.0252,0.0022165270131446627,0.02085560705423646,0.02954439294576354,0.995,303.8730841675049,2500,5000
Scalar region null,Conventional,4496,0.6898,0.0065418034210758735,0.6769780652946913,0.7026219347053086,0.995,303.8730841675049,2500,5000
Scalar region null,Anytime-valid,4542,0.0252,0.0022165270131446627,0.02085560705423646,0.02954439294576354,0.995,303.8730841675049,2500,5000
Scalar region null,Conventional,4542,0.69,0.006540642170307133,0.677180341346198,0.7028196586538019,0.995,303.8730841675049,2500,5000
Scalar region null,Anytime-valid,4588,0.0254,0.002225077077316649,0.021038848928459367,0.02976115107154063,0.995,303.8730841675049,2500,5000
Scalar region null,Conventional,4588,0.6906,0.006537149837658611,0.6777871863181891,0.7034128136818109,0.995,303.8730841675049,2500,5000
Scalar region null,Anytime-valid,4634,0.0254,0.002225077077316649,0.021038848928459367,0.02976115107154063,0.995,303.8730841675049,2500,5000
Scalar region null,Conventional,4634,0.6916,0.006531300636167347,0.678798650753112,0.704401349246888,0.995,303.8730841675049,2500,5000
Scalar region null,Anytime-valid,4680,0.0254,0.002225077077316649,0.021038848928459367,0.02976115107154063,0.995,303.8730841675049,2500,5000
Scalar region null,Conventional,4680,0.692,0.006528950911134193,0.679203256214177,0.7047967437858229,0.995,303.8730841675049,2500,5000
Scalar region null,Anytime-valid,4728,0.0254,0.002225077077316649,0.021038848928459367,0.02976115107154063,0.995,303.8730841675049,2500,5000
Scalar region null,Conventional,4728,0.6924,0.006526595437132594,0.6796078729432201,0.7051921270567799,0.995,303.8730841675049,2500,5000
Scalar region null,Anytime-valid,4775,0.0254,0.002225077077316649,0.021038848928459367,0.02976115107154063,0.995,303.8730841675049,2500,5000
Scalar region null,Conventional,4775,0.6928,0.006524234207935825,0.6800125009524458,0.7055874990475541,0.995,303.8730841675049,2500,5000
Scalar region null,Anytime-valid,4823,0.0254,0.002225077077316649,0.021038848928459367,0.02976115107154063,0.995,303.8730841675049,2500,5000
Scalar region null,Conventional,4823,0.6934,0.006520681559469071,0.6806194641434407,0.7061805358565594,0.995,303.8730841675049,2500,5000
Scalar region null,Anytime-valid,4872,0.0256,0.002233590830926739,0.021222161971383595,0.029977838028616408,0.995,303.8730841675049,2500,5000
Scalar region null,Conventional,4872,0.6936,0.006519494458928545,0.6808217908605001,0.7063782091394999,0.995,303.8730841675049,2500,5000
Scalar region null,Anytime-valid,4921,0.0256,0.002233590830926739,0.021222161971383595,0.029977838028616408,0.995,303.8730841675049,2500,5000
Scalar region null,Conventional,4921,0.694,0.006517115926542968,0.6812264527839758,0.7067735472160241,0.995,303.8730841675049,2500,5000
Scalar region null,Anytime-valid,4971,0.0256,0.002233590830926739,0.021222161971383595,0.029977838028616408,0.995,303.8730841675049,2500,5000
Scalar region null,Conventional,4971,0.694,0.006517115926542968,0.6812264527839758,0.7067735472160241,0.995,303.8730841675049,2500,5000
Scalar region null,Anytime-valid,5021,0.0256,0.002233590830926739,0.021222161971383595,0.029977838028616408,0.995,303.8730841675049,2500,5000
Scalar region null,Conventional,5021,0.6948,0.006512341514386358,0.6820358106318027,0.7075641893681972,0.995,303.8730841675049,2500,5000
Scalar region null,Anytime-valid,5071,0.0256,0.002233590830926739,0.021222161971383595,0.029977838028616408,0.995,303.8730841675049,2500,5000
Scalar region null,Conventional,5071,0.695,0.006511144292672372,0.682238157186362,0.7077618428136379,0.995,303.8730841675049,2500,5000
Scalar region null,Anytime-valid,5122,0.0256,0.002233590830926739,0.021222161971383595,0.029977838028616408,0.995,303.8730841675049,2500,5000
Scalar region null,Conventional,5122,0.6952,0.006509945621892705,0.6824405065810903,0.7079594934189097,0.995,303.8730841675049,2500,5000
Scalar region null,Anytime-valid,5174,0.0258,0.0022420686876186463,0.021405545372267454,0.030194454627732546,0.995,303.8730841675049,2500,5000
Scalar region null,Conventional,5174,0.6952,0.006509945621892705,0.6824405065810903,0.7079594934189097,0.995,303.8730841675049,2500,5000
Scalar region null,Anytime-valid,5226,0.0262,0.0022589183252167398,0.021772520082575193,0.03062747991742481,0.995,303.8730841675049,2500,5000
Scalar region null,Conventional,5226,0.6954,0.006508745501246764,0.6826428588175564,0.7081571411824437,0.995,303.8730841675049,2500,5000
Scalar region null,Anytime-valid,5279,0.0262,0.0022589183252167398,0.021772520082575193,0.03062747991742481,0.995,303.8730841675049,2500,5000
Scalar region null,Conventional,5279,0.696,0.0065051364320819595,0.6832499325931193,0.7087500674068806,0.995,303.8730841675049,2500,5000
Scalar region null,Anytime-valid,5332,0.0264,0.0022672908944376766,0.021956109846902154,0.030843890153097846,0.995,303.8730841675049,2500,5000
Scalar region null,Conventional,5332,0.6966,0.006501514285149268,0.6838570320011075,0.7093429679988925,0.995,303.8730841675049,2500,5000
Scalar region null,Anytime-valid,5386,0.0264,0.0022672908944376766,0.021956109846902154,0.030843890153097846,0.995,303.8730841675049,2500,5000
Scalar region null,Conventional,5386,0.6966,0.006501514285149268,0.6838570320011075,0.7093429679988925,0.995,303.8730841675049,2500,5000
Scalar region null,Anytime-valid,5440,0.0268,0.0022839334491179903,0.02232349043972874,0.03127650956027126,0.995,303.8730841675049,2500,5000
Scalar region null,Conventional,5440,0.697,0.006499092244306124,0.6842617792011599,0.70973822079884,0.995,303.8730841675049,2500,5000
Scalar region null,Anytime-valid,5495,0.0268,0.0022839334491179903,0.02232349043972874,0.03127650956027126,0.995,303.8730841675049,2500,5000
Scalar region null,Conventional,5495,0.6974,0.006496664374892703,0.6846665378252104,0.7101334621747897,0.995,303.8730841675049,2500,5000
Scalar region null,Anytime-valid,5550,0.0268,0.0022839334491179903,0.02232349043972874,0.03127650956027126,0.995,303.8730841675049,2500,5000
Scalar region null,Conventional,5550,0.6976,0.006495448252430313,0.6848689214252366,0.7103310785747634,0.995,303.8730841675049,2500,5000
Scalar region null,Anytime-valid,5606,0.0268,0.0022839334491179903,0.02232349043972874,0.03127650956027126,0.995,303.8730841675049,2500,5000
Scalar region null,Conventional,5606,0.698,0.006493011627896565,0.6852736972093227,0.7107263027906772,0.995,303.8730841675049,2500,5000
Scalar region null,Anytime-valid,5663,0.0268,0.0022839334491179903,0.02232349043972874,0.03127650956027126,0.995,303.8730841675049,2500,5000
Scalar region null,Conventional,5663,0.6984,0.006490569158402058,0.6856784844495319,0.7111215155504681,0.995,303.8730841675049,2500,5000
Scalar region null,Anytime-valid,5720,0.027,0.002292204179387168,0.02250727980840115,0.03149272019159885,0.995,303.8730841675049,2500,5000
Scalar region null,Conventional,5720,0.6986,0.0064893457297326975,0.6858808823697239,0.7113191176302761,0.995,303.8730841675049,2500,5000
Scalar region null,Anytime-valid,5777,0.0272,0.002300441696718263,0.022691134274432204,0.031708865725567796,0.995,303.8730841675049,2500,5000
Scalar region null,Conventional,5777,0.6994,0.006484437369579569,0.686690502755624,0.712109497244376,0.995,303.8730841675049,2500,5000
Scalar region null,Anytime-valid,5835,0.0274,0.002308646356634121,0.022875053140997123,0.03192494685900288,0.995,303.8730841675049,2500,5000
Scalar region null,Conventional,5835,0.6998,0.006481974390569589,0.6870953301944835,0.7125046698055164,0.995,303.8730841675049,2500,5000
Scalar region null,Anytime-valid,5894,0.0274,0.002308646356634121,0.022875053140997123,0.03192494685900288,0.995,303.8730841675049,2500,5000
Scalar region null,Conventional,5894,0.7,0.006480740698407861,0.6872977482311206,0.7127022517688794,0.995,303.8730841675049,2500,5000
Scalar region null,Anytime-valid,5954,0.0276,0.0023168185082133646,0.023059035723901805,0.032140964276098194,0.995,303.8730841675049,2500,5000
Scalar region null,Conventional,5954,0.7004,0.006478268904576283,0.6877025929470305,0.7130974070529695,0.995,303.8730841675049,2500,5000
Scalar region null,Anytime-valid,6014,0.0276,0.0023168185082133646,0.023059035723901805,0.032140964276098194,0.995,303.8730841675049,2500,5000
Scalar region null,Conventional,6014,0.7006,0.006477030801223659,0.6879050196296016,0.7132949803703984,0.995,303.8730841675049,2500,5000
Scalar region null,Anytime-valid,6074,0.0276,0.0023168185082133646,0.023059035723901805,0.032140964276098194,0.995,303.8730841675049,2500,5000
Scalar region null,Conventional,6074,0.701,0.006474550177425456,0.688309881652246,0.7136901183477539,0.995,303.8730841675049,2500,5000
Scalar region null,Anytime-valid,6135,0.0278,0.002324958494253177,0.023243081351263774,0.03235691864873622,0.995,303.8730841675049,2500,5000
Scalar region null,Conventional,6135,0.7012,0.00647330765528721,0.6885123169956371,0.713887683004363,0.995,303.8730841675049,2500,5000
Scalar region null,Anytime-valid,6197,0.028,0.0023330666514268295,0.023427189363203413,0.03257281063679659,0.995,303.8730841675049,2500,5000
Scalar region null,Conventional,6197,0.7016,0.0064708181862883464,0.6889171963548748,0.7142828036451252,0.995,303.8730841675049,2500,5000
Scalar region null,Anytime-valid,6260,0.028,0.0023330666514268295,0.023427189363203413,0.03257281063679659,0.995,303.8730841675049,2500,5000
Scalar region null,Conventional,6260,0.7016,0.0064708181862883464,0.6889171963548748,0.7142828036451252,0.995,303.8730841675049,2500,5000
Scalar region null,Anytime-valid,6323,0.028,0.0023330666514268295,0.023427189363203413,0.03257281063679659,0.995,303.8730841675049,2500,5000
Scalar region null,Conventional,6323,0.7016,0.0064708181862883464,0.6889171963548748,0.7142828036451252,0.995,303.8730841675049,2500,5000
Scalar region null,Anytime-valid,6386,0.0282,0.0023411433104361637,0.02361135911154512,0.03278864088845488,0.995,303.8730841675049,2500,5000
Scalar region null,Conventional,6386,0.7024,0.006465821525529451,0.6897269898099623,0.7150730101900378,0.995,303.8730841675049,2500,5000
Scalar region null,Anytime-valid,6451,0.0282,0.0023411433104361637,0.02361135911154512,0.03278864088845488,0.995,303.8730841675049,2500,5000
Scalar region null,Conventional,6451,0.7026,0.006464568663105064,0.6899294454203141,0.7152705545796859,0.995,303.8730841675049,2500,5000
Scalar region null,Anytime-valid,6516,0.0282,0.0023411433104361637,0.02361135911154512,0.03278864088845488,0.995,303.8730841675049,2500,5000
Scalar region null,Conventional,6516,0.703,0.006462058495556969,0.6903343653487083,0.7156656346512916,0.995,303.8730841675049,2500,5000
Scalar region null,Anytime-valid,6581,0.0282,0.0023411433104361637,0.02361135911154512,0.03278864088845488,0.995,303.8730841675049,2500,5000
Scalar region null,Conventional,6581,0.7034,0.006459542398653329,0.6907392968986396,0.7160607031013605,0.995,303.8730841675049,2500,5000
Scalar region null,Anytime-valid,6648,0.0282,0.0023411433104361637,0.02361135911154512,0.03278864088845488,0.995,303.8730841675049,2500,5000
Scalar region null,Conventional,6648,0.7034,0.006459542398653329,0.6907392968986396,0.7160607031013605,0.995,303.8730841675049,2500,5000
Scalar region null,Anytime-valid,6715,0.0282,0.0023411433104361637,0.02361135911154512,0.03278864088845488,0.995,303.8730841675049,2500,5000
Scalar region null,Conventional,6715,0.7036,0.006458282124528163,0.6909417670359248,0.7162582329640752,0.995,303.8730841675049,2500,5000
Scalar region null,Anytime-valid,6782,0.0282,0.0023411433104361637,0.02361135911154512,0.03278864088845488,0.995,303.8730841675049,2500,5000
Scalar region null,Conventional,6782,0.7038,0.006457020365462696,0.6911442400836931,0.7164557599163068,0.995,303.8730841675049,2500,5000
Scalar region null,Anytime-valid,6851,0.0282,0.0023411433104361637,0.02361135911154512,0.03278864088845488,0.995,303.8730841675049,2500,5000
Scalar region null,Conventional,6851,0.7044,0.006453226169909125,0.6917516767069781,0.7170483232930219,0.995,303.8730841675049,2500,5000
Scalar region null,Anytime-valid,6920,0.0284,0.002349188796159219,0.023795589959527932,0.03300441004047207,0.995,303.8730841675049,2500,5000
Scalar region null,Conventional,6920,0.7054,0.006446872730246813,0.6927641294487162,0.7180358705512838,0.995,303.8730841675049,2500,5000
Scalar region null,Anytime-valid,6989,0.0284,0.002349188796159219,0.023795589959527932,0.03300441004047207,0.995,303.8730841675049,2500,5000
Scalar region null,Conventional,6989,0.7054,0.006446872730246813,0.6927641294487162,0.7180358705512838,0.995,303.8730841675049,2500,5000
Scalar region null,Anytime-valid,7060,0.0284,0.002349188796159219,0.023795589959527932,0.03300441004047207,0.995,303.8730841675049,2500,5000
Scalar region null,Conventional,7060,0.7058,0.0064443209106933835,0.693169131015041,0.718430868984959,0.995,303.8730841675049,2500,5000
Scalar region null,Anytime-valid,7131,0.0288,0.0023651875189929445,0.024164232462773827,0.03343576753722617,0.995,303.8730841675049,2500,5000
Scalar region null,Conventional,7131,0.7062,0.006441763112688947,0.6935741442991297,0.7188258557008704,0.995,303.8730841675049,2500,5000
Scalar region null,Anytime-valid,7203,0.0288,0.0023651875189929445,0.024164232462773827,0.03343576753722617,0.995,303.8730841675049,2500,5000
Scalar region null,Conventional,7203,0.7068,0.006437915190494513,0.6941816862266308,0.7194183137733692,0.995,303.8730841675049,2500,5000
Scalar region null,Anytime-valid,7275,0.0288,0.0023651875189929445,0.024164232462773827,0.03343576753722617,0.995,303.8730841675049,2500,5000
Scalar region null,Conventional,7275,0.707,0.006436629552801684,0.6943842060765086,0.7196157939234913,0.995,303.8730841675049,2500,5000
Scalar region null,Anytime-valid,7349,0.029,0.0023731413780051116,0.024348642899109985,0.03365135710089002,0.995,303.8730841675049,2500,5000
Scalar region null,Conventional,7349,0.707,0.006436629552801684,0.6943842060765086,0.7196157939234913,0.995,303.8730841675049,2500,5000
Scalar region null,Anytime-valid,7423,0.0292,0.002381065307798171,0.024533111996715585,0.03386688800328441,0.995,303.8730841675049,2500,5000
Scalar region null,Conventional,7423,0.7076,0.006432763636260857,0.6949917832729288,0.7202082167270712,0.995,303.8730841675049,2500,5000
Scalar region null,Anytime-valid,7497,0.0292,0.002381065307798171,0.024533111996715585,0.03386688800328441,0.995,303.8730841675049,2500,5000
Scalar region null,Conventional,7497,0.708,0.006430178846657378,0.6953968494605515,0.7206031505394485,0.995,303.8730841675049,2500,5000
Scalar region null,Anytime-valid,7573,0.0294,0.0023889596061884345,0.024717639171870667,0.03408236082812933,0.995,303.8730841675049,2500,5000
Scalar region null,Conventional,7573,0.708,0.006430178846657378,0.6953968494605515,0.7206031505394485,0.995,303.8730841675049,2500,5000
Scalar region null,Anytime-valid,7649,0.0294,0.0023889596061884345,0.024717639171870667,0.03408236082812933,0.995,303.8730841675049,2500,5000
Scalar region null,Conventional,7649,0.708,0.006430178846657378,0.6953968494605515,0.7206031505394485,0.995,303.8730841675049,2500,5000
Scalar region null,Anytime-valid,7726,0.0294,0.0023889596061884345,0.024717639171870667,0.03408236082812933,0.995,303.8730841675049,2500,5000
Scalar region null,Conventional,7726,0.7086,0.006426290376259075,0.6960044708625323,0.7211955291374678,0.995,303.8730841675049,2500,5000
Scalar region null,Anytime-valid,7804,0.0294,0.0023889596061884345,0.024717639171870667,0.03408236082812933,0.995,303.8730841675049,2500,5000
Scalar region null,Conventional,7804,0.7088,0.006424991206219663,0.6962070172358095,0.7213929827641905,0.995,303.8730841675049,2500,5000
Scalar region null,Anytime-valid,7883,0.0294,0.0023889596061884345,0.024717639171870667,0.03408236082812933,0.995,303.8730841675049,2500,5000
Scalar region null,Conventional,7883,0.709,0.006423690528037602,0.6964095665650463,0.7215904334349537,0.995,303.8730841675049,2500,5000
Scalar region null,Anytime-valid,7962,0.0294,0.0023889596061884345,0.024717639171870667,0.03408236082812933,0.995,303.8730841675049,2500,5000
Scalar region null,Conventional,7962,0.7094,0.006421084643578529,0.6968146740985861,0.721985325901414,0.995,303.8730841675049,2500,5000
Scalar region null,Anytime-valid,8043,0.0294,0.0023889596061884345,0.024717639171870667,0.03408236082812933,0.995,303.8730841675049,2500,5000
Scalar region null,Conventional,8043,0.7096,0.006419779435463496,0.6970172323064916,0.7221827676935084,0.995,303.8730841675049,2500,5000
Scalar region null,Anytime-valid,8124,0.0294,0.0023889596061884345,0.024717639171870667,0.03408236082812933,0.995,303.8730841675049,2500,5000
Scalar region null,Conventional,8124,0.7098,0.006418472715529762,0.6972197934775617,0.7223802065224383,0.995,303.8730841675049,2500,5000
Scalar region null,Anytime-valid,8205,0.0294,0.0023889596061884345,0.024717639171870667,0.03408236082812933,0.995,303.8730841675049,2500,5000
Scalar region null,Conventional,8205,0.7102,0.006415854736510171,0.6976249247164401,0.72277507528356,0.995,303.8730841675049,2500,5000
Scalar region null,Anytime-valid,8288,0.0294,0.0023889596061884345,0.024717639171870667,0.03408236082812933,0.995,303.8730841675049,2500,5000
Scalar region null,Conventional,8288,0.7106,0.0064132306991094585,0.6980300678297455,0.7231699321702545,0.995,303.8730841675049,2500,5000
Scalar region null,Anytime-valid,8372,0.0294,0.0023889596061884345,0.024717639171870667,0.03408236082812933,0.995,303.8730841675049,2500,5000
Scalar region null,Conventional,8372,0.7108,0.006411916406192457,0.6982326438438627,0.7233673561561372,0.995,303.8730841675049,2500,5000
Scalar region null,Anytime-valid,8456,0.0298,0.002404660474994339,0.025086865469011097,0.034513134530988906,0.995,303.8730841675049,2500,5000
Scalar region null,Conventional,8456,0.7114,0.006407964419376875,0.6988403897380213,0.7239596102619787,0.995,303.8730841675049,2500,5000
Scalar region null,Anytime-valid,8541,0.0298,0.002404660474994339,0.025086865469011097,0.034513134530988906,0.995,303.8730841675049,2500,5000
Scalar region null,Conventional,8541,0.7116,0.006406644051295499,0.6990429776594609,0.7241570223405391,0.995,303.8730841675049,2500,5000
Scalar region null,Anytime-valid,8627,0.0298,0.002404660474994339,0.025086865469011097,0.034513134530988906,0.995,303.8730841675049,2500,5000
Scalar region null,Conventional,8627,0.712,0.006403998750780641,0.6994481624484699,0.7245518375515301,0.995,303.8730841675049,2500,5000
Scalar region null,Anytime-valid,8714,0.0298,0.002404660474994339,0.025086865469011097,0.034513134530988906,0.995,303.8730841675049,2500,5000
Scalar region null,Conventional,8714,0.7124,0.006401347358173903,0.6998533591779792,0.7249466408220209,0.995,303.8730841675049,2500,5000
Scalar region null,Anytime-valid,8802,0.0298,0.002404660474994339,0.025086865469011097,0.034513134530988906,0.995,303.8730841675049,2500,5000
Scalar region null,Conventional,8802,0.7126,0.006400019374970672,0.7000559620250575,0.7251440379749425,0.995,303.8730841675049,2500,5000
Scalar region null,Anytime-valid,8891,0.0298,0.002404660474994339,0.025086865469011097,0.034513134530988906,0.995,303.8730841675049,2500,5000
Scalar region null,Conventional,8891,0.713,0.006397358830017275,0.7004611766931661,0.7255388233068338,0.995,303.8730841675049,2500,5000
Scalar region null,Anytime-valid,8980,0.0298,0.002404660474994339,0.025086865469011097,0.034513134530988906,0.995,303.8730841675049,2500,5000
Scalar region null,Conventional,8980,0.7132,0.006396026266362577,0.7006637885179293,0.7257362114820706,0.995,303.8730841675049,2500,5000
Scalar region null,Anytime-valid,9071,0.0298,0.002404660474994339,0.025086865469011097,0.034513134530988906,0.995,303.8730841675049,2500,5000
Scalar region null,Conventional,9071,0.7136,0.00639335655192169,0.7010690211582336,0.7261309788417665,0.995,303.8730841675049,2500,5000
Scalar region null,Anytime-valid,9162,0.03,0.0024124676163629634,0.02527156347192859,0.03472843652807141,0.995,303.8730841675049,2500,5000
Scalar region null,Conventional,9162,0.7136,0.00639335655192169,0.7010690211582336,0.7261309788417665,0.995,303.8730841675049,2500,5000
Scalar region null,Anytime-valid,9254,0.03,0.0024124676163629634,0.02527156347192859,0.03472843652807141,0.995,303.8730841675049,2500,5000
Scalar region null,Conventional,9254,0.7138,0.006392019399219624,0.7012716419775296,0.7263283580224704,0.995,303.8730841675049,2500,5000
Scalar region null,Anytime-valid,9348,0.03,0.0024124676163629634,0.02527156347192859,0.03472843652807141,0.995,303.8730841675049,2500,5000
Scalar region null,Conventional,9348,0.7142,0.006389340498048293,0.7016768926238253,0.7267231073761746,0.995,303.8730841675049,2500,5000
Scalar region null,Anytime-valid,9442,0.03,0.0024124676163629634,0.02527156347192859,0.03472843652807141,0.995,303.8730841675049,2500,5000
Scalar region null,Conventional,9442,0.7144,0.006387998747651724,0.7018795224546026,0.7269204775453975,0.995,303.8730841675049,2500,5000
Scalar region null,Anytime-valid,9537,0.03,0.0024124676163629634,0.02527156347192859,0.03472843652807141,0.995,303.8730841675049,2500,5000
Scalar region null,Conventional,9537,0.7148,0.006385310642404173,0.7022847911408878,0.7273152088591122,0.995,303.8730841675049,2500,5000
Scalar region null,Anytime-valid,9633,0.03,0.0024124676163629634,0.02527156347192859,0.03472843652807141,0.995,303.8730841675049,2500,5000
Scalar region null,Conventional,9633,0.715,0.006383964285614387,0.7024874300001958,0.7275125699998042,0.995,303.8730841675049,2500,5000
Scalar region null,Anytime-valid,9730,0.0302,0.002420246268461125,0.025456317313816194,0.03494368268618381,0.995,303.8730841675049,2500,5000
Scalar region null,Conventional,9730,0.7156,0.006379915986907664,0.703095364665661,0.728104635334339,0.995,303.8730841675049,2500,5000
Scalar region null,Anytime-valid,9828,0.0302,0.002420246268461125,0.025456317313816194,0.03494368268618381,0.995,303.8730841675049,2500,5000
Scalar region null,Conventional,9828,0.7158,0.006378563474639097,0.7032980155897074,0.7283019844102926,0.995,303.8730841675049,2500,5000
Scalar region null,Anytime-valid,9927,0.0302,0.002420246268461125,0.025456317313816194,0.03494368268618381,0.995,303.8730841675049,2500,5000
Scalar region null,Conventional,9927,0.716,0.006377209421055577,0.703500669534731,0.7284993304652689,0.995,303.8730841675049,2500,5000
Scalar region null,Anytime-valid,10027,0.0302,0.002420246268461125,0.025456317313816194,0.03494368268618381,0.995,303.8730841675049,2500,5000
Scalar region null,Conventional,10027,0.717,0.006370415998975263,0.7045139846420084,0.7294860153579915,0.995,303.8730841675049,2500,5000
Scalar region null,Anytime-valid,10128,0.0304,0.002427996705104848,0.025641126457994497,0.0351588735420055,0.995,303.8730841675049,2500,5000
Scalar region null,Conventional,10128,0.7172,0.006369052676811522,0.7047166567534494,0.7296833432465505,0.995,303.8730841675049,2500,5000
Scalar region null,Anytime-valid,10230,0.031,0.0024510813939973516,0.026195880467765192,0.03580411953223481,0.995,303.8730841675049,2500,5000
Scalar region null,Conventional,10230,0.7174,0.006367687806417647,0.7049193318994215,0.7298806681005786,0.995,303.8730841675049,2500,5000
Scalar region null,Anytime-valid,10333,0.031,0.0024510813939973516,0.026195880467765192,0.03580411953223481,0.995,303.8730841675049,2500,5000
Scalar region null,Conventional,10333,0.7178,0.006364953416954439,0.7053246913027693,0.7302753086972307,0.995,303.8730841675049,2500,5000
Scalar region null,Anytime-valid,10437,0.031,0.0024510813939973516,0.026195880467765192,0.03580411953223481,0.995,303.8730841675049,2500,5000
Scalar region null,Conventional,10437,0.718,0.0063635838958876,0.7055273755640603,0.7304726244359396,0.995,303.8730841675049,2500,5000
Scalar region null,Anytime-valid,10543,0.0312,0.0024587216190532835,0.026380905626655564,0.03601909437334443,0.995,303.8730841675049,2500,5000
Scalar region null,Conventional,10543,0.7184,0.006360840196074729,0.7059327532156936,0.7308672467843065,0.995,303.8730841675049,2500,5000
Scalar region null,Anytime-valid,10649,0.0312,0.0024587216190532835,0.026380905626655564,0.03601909437334443,0.995,303.8730841675049,2500,5000
Scalar region null,Conventional,10649,0.7188,0.0063580902793213,0.7063381430525303,0.7312618569474697,0.995,303.8730841675049,2500,5000
Scalar region null,Anytime-valid,10756,0.0312,0.0024587216190532835,0.026380905626655564,0.03601909437334443,0.995,303.8730841675049,2500,5000
Scalar region null,Conventional,10756,0.7198,0.0063511882352832215,0.7073516710588449,0.7322483289411551,0.995,303.8730841675049,2500,5000
Scalar region null,Anytime-valid,10864,0.0312,0.0024587216190532835,0.026380905626655564,0.03601909437334443,0.995,303.8730841675049,2500,5000
Scalar region null,Conventional,10864,0.7206,0.006345638502152482,0.7081625485357812,0.7330374514642188,0.995,303.8730841675049,2500,5000
Scalar region null,Anytime-valid,10974,0.0312,0.0024587216190532835,0.026380905626655564,0.03601909437334443,0.995,303.8730841675049,2500,5000
Scalar region null,Conventional,10974,0.721,0.006342854247103586,0.7085680056756769,0.733431994324323,0.995,303.8730841675049,2500,5000
Scalar region null,Anytime-valid,11084,0.0312,0.0024587216190532835,0.026380905626655564,0.03601909437334443,0.995,303.8730841675049,2500,5000
Scalar region null,Conventional,11084,0.7224,0.006333059923923031,0.7099872025491109,0.7348127974508892,0.995,303.8730841675049,2500,5000
Scalar region null,Anytime-valid,11196,0.0314,0.0024663349326480375,0.026565983532009844,0.036234016467990154,0.995,303.8730841675049,2500,5000
Scalar region null,Conventional,11196,0.7226,0.0063316544441401725,0.7101899572894853,0.7350100427105147,0.995,303.8730841675049,2500,5000
Scalar region null,Anytime-valid,11309,0.0314,0.0024663349326480375,0.026565983532009844,0.036234016467990154,0.995,303.8730841675049,2500,5000
Scalar region null,Conventional,11309,0.7236,0.006324603386774541,0.711203777361922,0.7359962226380781,0.995,303.8730841675049,2500,5000
Scalar region null,Anytime-valid,11423,0.0316,0.0024739215832358147,0.026751113696857808,0.0364488863031422,0.995,303.8730841675049,2500,5000
Scalar region null,Conventional,11423,0.7242,0.00632035378756601,0.7118121065763706,0.7365878934236293,0.995,303.8730841675049,2500,5000
Scalar region null,Anytime-valid,11538,0.0318,0.002481481815367584,0.026936295641879538,0.03666370435812047,0.995,303.8730841675049,2500,5000
Scalar region null,Conventional,11538,0.7246,0.0063175128017282246,0.7122176749086127,0.7369823250913874,0.995,303.8730841675049,2500,5000
Scalar region null,Anytime-valid,11654,0.032,0.002489015869776647,0.02712152889523777,0.03687847110476223,0.995,303.8730841675049,2500,5000
Scalar region null,Conventional,11654,0.7246,0.0063175128017282246,0.7122176749086127,0.7369823250913874,0.995,303.8730841675049,2500,5000
Scalar region null,Anytime-valid,11772,0.032,0.002489015869776647,0.02712152889523777,0.03687847110476223,0.995,303.8730841675049,2500,5000
Scalar region null,Conventional,11772,0.725,0.0063146654701575445,0.7126232556784912,0.7373767443215088,0.995,303.8730841675049,2500,5000
Scalar region null,Anytime-valid,11890,0.0324,0.002504006389768205,0.027492147476054316,0.03730785252394568,0.995,303.8730841675049,2500,5000
Scalar region null,Conventional,11890,0.7252,0.006313239422040004,0.7128260507328016,0.7375739492671983,0.995,303.8730841675049,2500,5000
Scalar region null,Anytime-valid,12010,0.0324,0.002504006389768205,0.027492147476054316,0.03730785252394568,0.995,303.8730841675049,2500,5000
Scalar region null,Conventional,12010,0.7256,0.006310382555756822,0.7132316501907167,0.7379683498092834,0.995,303.8730841675049,2500,5000
Scalar region null,Anytime-valid,12131,0.0326,0.0025114633184659496,0.027677531895806736,0.037522468104193255,0.995,303.8730841675049,2500,5000
Scalar region null,Conventional,12131,0.7256,0.006310382555756822,0.7132316501907167,0.7379683498092834,0.995,303.8730841675049,2500,5000
Scalar region null,Anytime-valid,12253,0.033,0.0025263016446972443,0.028048448776393405,0.0379515512236066,0.995,303.8730841675049,2500,5000
Scalar region null,Conventional,12253,0.7262,0.0063060853149953505,0.7138400727826091,0.7385599272173908,0.995,303.8730841675049,2500,5000
Scalar region null,Anytime-valid,12377,0.0332,0.002533683484573399,0.02823398037023614,0.03816601962976386,0.995,303.8730841675049,2500,5000
Scalar region null,Conventional,12377,0.7264,0.006304649712712039,0.7140428865630845,0.7387571134369156,0.995,303.8730841675049,2500,5000
Scalar region null,Anytime-valid,12501,0.0334,0.0025410407316688176,0.028419560165929118,0.038380439834070884,0.995,303.8730841675049,2500,5000
Scalar region null,Conventional,12501,0.7272,0.006298891331020087,0.7148541729912006,0.7395458270087993,0.995,303.8730841675049,2500,5000
Scalar region null,Anytime-valid,12627,0.0338,0.002555682296374101,0.02879086269910676,0.038809137300893234,0.995,303.8730841675049,2500,5000
Scalar region null,Conventional,12627,0.7274,0.0062974477369804344,0.7150570024355184,0.7397429975644817,0.995,303.8730841675049,2500,5000
Scalar region null,Anytime-valid,12755,0.034,0.0025629670306112017,0.028976584620002046,0.039023415379997956,0.995,303.8730841675049,2500,5000
Scalar region null,Conventional,12755,0.7274,0.0062974477369804344,0.7150570024355184,0.7397429975644817,0.995,303.8730841675049,2500,5000
Scalar region null,Anytime-valid,12883,0.034,0.0025629670306112017,0.028976584620002046,0.039023415379997956,0.995,303.8730841675049,2500,5000
Scalar region null,Conventional,12883,0.7276,0.006296002541295548,0.7152598350190608,0.7399401649809393,0.995,303.8730841675049,2500,5000
Scalar region null,Anytime-valid,13013,0.034,0.0025629670306112017,0.028976584620002046,0.039023415379997956,0.995,303.8730841675049,2500,5000
Scalar region null,Conventional,13013,0.7278,0.00629455574286224,0.7154626707439901,0.74013732925601,0.995,303.8730841675049,2500,5000
Scalar region null,Anytime-valid,13144,0.034,0.0025629670306112017,0.028976584620002046,0.039023415379997956,0.995,303.8730841675049,2500,5000
Scalar region null,Conventional,13144,0.7282,0.006291657333326411,0.7158683516266802,0.7405316483733198,0.995,303.8730841675049,2500,5000
Scalar region null,Anytime-valid,13277,0.0342,0.0025702280054501004,0.029162353109317807,0.039237646890682196,0.995,303.8730841675049,2500,5000
Scalar region null,Conventional,13277,0.7286,0.006288752499502584,0.7162740451009749,0.7409259548990251,0.995,303.8730841675049,2500,5000
Scalar region null,Anytime-valid,13410,0.0342,0.0025702280054501004,0.029162353109317807,0.039237646890682196,0.995,303.8730841675049,2500,5000
Scalar region null,Conventional,13410,0.7288,0.006287297670700824,0.7164768965654263,0.7411231034345737,0.995,303.8730841675049,2500,5000
Scalar region null,Anytime-valid,13545,0.0342,0.0025702280054501004,0.029162353109317807,0.039237646890682196,0.995,303.8730841675049,2500,5000
Scalar region null,Conventional,13545,0.7294,0.006282923523328929,0.7170854698942754,0.7417145301057247,0.995,303.8730841675049,2500,5000
Scalar region null,Anytime-valid,13682,0.0346,0.0025846794772273023,0.02953402822463449,0.03966597177536551,0.995,303.8730841675049,2500,5000
Scalar region null,Conventional,13682,0.7294,0.006282923523328929,0.7170854698942754,0.7417145301057247,0.995,303.8730841675049,2500,5000
Scalar region null,Anytime-valid,13820,0.0346,0.0025846794772273023,0.02953402822463449,0.03966597177536551,0.995,303.8730841675049,2500,5000
Scalar region null,Conventional,13820,0.7298,0.006279999363057293,0.7174912012484077,0.7421087987515923,0.995,303.8730841675049,2500,5000
Scalar region null,Anytime-valid,13959,0.0346,0.0025846794772273023,0.02953402822463449,0.03966597177536551,0.995,303.8730841675049,2500,5000
Scalar region null,Conventional,13959,0.7306,0.0062741316530656255,0.7183027019599914,0.7428972980400087,0.995,303.8730841675049,2500,5000
Scalar region null,Anytime-valid,14100,0.035,0.002599038283673405,0.02990588496400013,0.040094115035999876,0.995,303.8730841675049,2500,5000
Scalar region null,Conventional,14100,0.7306,0.0062741316530656255,0.7183027019599914,0.7428972980400087,0.995,303.8730841675049,2500,5000
Scalar region null,Anytime-valid,14242,0.035,0.002599038283673405,0.02990588496400013,0.040094115035999876,0.995,303.8730841675049,2500,5000
Scalar region null,Conventional,14242,0.7314,0.006268238029941109,0.7191142534613155,0.7436857465386846,0.995,303.8730841675049,2500,5000
Scalar region null,Anytime-valid,14385,0.035,0.002599038283673405,0.02990588496400013,0.040094115035999876,0.995,303.8730841675049,2500,5000
Scalar region null,Conventional,14385,0.7324,0.006260834449176882,0.7201287644796134,0.7446712355203867,0.995,303.8730841675049,2500,5000
Scalar region null,Anytime-valid,14530,0.035,0.002599038283673405,0.02990588496400013,0.040094115035999876,0.995,303.8730841675049,2500,5000
Scalar region null,Conventional,14530,0.7328,0.006257861615600013,0.720534591233424,0.745065408766576,0.995,303.8730841675049,2500,5000
Scalar region null,Anytime-valid,14677,0.035,0.002599038283673405,0.02990588496400013,0.040094115035999876,0.995,303.8730841675049,2500,5000
Scalar region null,Conventional,14677,0.7328,0.006257861615600013,0.720534591233424,0.745065408766576,0.995,303.8730841675049,2500,5000
Scalar region null,Anytime-valid,14824,0.035,0.002599038283673405,0.02990588496400013,0.040094115035999876,0.995,303.8730841675049,2500,5000
Scalar region null,Conventional,14824,0.7332,0.006254882253088383,0.7209404307839468,0.7454595692160532,0.995,303.8730841675049,2500,5000
Scalar region null,Anytime-valid,14974,0.035,0.002599038283673405,0.02990588496400013,0.040094115035999876,0.995,303.8730841675049,2500,5000
Scalar region null,Conventional,14974,0.7334,0.006253390120566603,0.7211433553636896,0.7456566446363105,0.995,303.8730841675049,2500,5000
Scalar region null,Anytime-valid,15125,0.035,0.002599038283673405,0.02990588496400013,0.040094115035999876,0.995,303.8730841675049,2500,5000
Scalar region null,Conventional,15125,0.7336,0.006251896352307834,0.7213462831494767,0.7458537168505234,0.995,303.8730841675049,2500,5000
Scalar region null,Anytime-valid,15277,0.0352,0.0026061834164156595,0.03009188050382531,0.040308119496174695,0.995,303.8730841675049,2500,5000
Scalar region null,Conventional,15277,0.7342,0.0062474052213699095,0.7219550857661149,0.746444914233885,0.995,303.8730841675049,2500,5000
Scalar region null,Anytime-valid,15431,0.0352,0.0026061834164156595,0.03009188050382531,0.040308119496174695,0.995,303.8730841675049,2500,5000
Scalar region null,Conventional,15431,0.7342,0.0062474052213699095,0.7219550857661149,0.746444914233885,0.995,303.8730841675049,2500,5000
Scalar region null,Anytime-valid,15586,0.0352,0.0026061834164156595,0.03009188050382531,0.040308119496174695,0.995,303.8730841675049,2500,5000
Scalar region null,Conventional,15586,0.7348,0.006242899326434794,0.7225639173201878,0.7470360826798123,0.995,303.8730841675049,2500,5000
Scalar region null,Anytime-valid,15743,0.0352,0.0026061834164156595,0.03009188050382531,0.040308119496174695,0.995,303.8730841675049,2500,5000
Scalar region null,Conventional,15743,0.7354,0.006238378635510993,0.7231727778743985,0.7476272221256016,0.995,303.8730841675049,2500,5000
Scalar region null,Anytime-valid,15902,0.0352,0.0026061834164156595,0.03009188050382531,0.040308119496174695,0.995,303.8730841675049,2500,5000
Scalar region null,Conventional,15902,0.7356,0.006236868444981022,0.7233757378478373,0.7478242621521628,0.995,303.8730841675049,2500,5000
Scalar region null,Anytime-valid,16062,0.0352,0.0026061834164156595,0.03009188050382531,0.040308119496174695,0.995,303.8730841675049,2500,5000
Scalar region null,Conventional,16062,0.7358,0.006235356605680223,0.7235787010528668,0.7480212989471332,0.995,303.8730841675049,2500,5000
Scalar region null,Anytime-valid,16224,0.0352,0.0026061834164156595,0.03009188050382531,0.040308119496174695,0.995,303.8730841675049,2500,5000
Scalar region null,Conventional,16224,0.736,0.00623384311640901,0.7237816674918384,0.7482183325081616,0.995,303.8730841675049,2500,5000
Scalar region null,Anytime-valid,16388,0.0356,0.0026204060754012916,0.03046400409221347,0.04073599590778653,0.995,303.8730841675049,2500,5000
Scalar region null,Conventional,16388,0.737,0.006226250878337621,0.7247965482784583,0.7492034517215417,0.995,303.8730841675049,2500,5000
Scalar region null,Anytime-valid,16553,0.0358,0.002627483967600944,0.030650131423502147,0.04094986857649785,0.995,303.8730841675049,2500,5000
Scalar region null,Conventional,16553,0.737,0.006226250878337621,0.7247965482784583,0.7492034517215417,0.995,303.8730841675049,2500,5000
Scalar region null,Anytime-valid,16720,0.0358,0.002627483967600944,0.030650131423502147,0.04094986857649785,0.995,303.8730841675049,2500,5000
Scalar region null,Conventional,16720,0.737,0.006226250878337621,0.7247965482784583,0.7492034517215417,0.995,303.8730841675049,2500,5000
Scalar region null,Anytime-valid,16888,0.0358,0.002627483967600944,0.030650131423502147,0.04094986857649785,0.995,303.8730841675049,2500,5000
Scalar region null,Conventional,16888,0.737,0.006226250878337621,0.7247965482784583,0.7492034517215417,0.995,303.8730841675049,2500,5000
Scalar region null,Anytime-valid,17058,0.036,0.002634539808012018,0.030836301976296443,0.04116369802370355,0.995,303.8730841675049,2500,5000
Scalar region null,Conventional,17058,0.7372,0.006224727463913581,0.7249995341707294,0.7494004658292706,0.995,303.8730841675049,2500,5000
Scalar region null,Anytime-valid,17230,0.0362,0.0026415737733404307,0.03102251540425276,0.04137748459574725,0.995,303.8730841675049,2500,5000
Scalar region null,Conventional,17230,0.7376,0.006221675658534443,0.7254055157092725,0.7497944842907276,0.995,303.8730841675049,2500,5000
Scalar region null,Anytime-valid,17404,0.0362,0.0026415737733404307,0.03102251540425276,0.04137748459574725,0.995,303.8730841675049,2500,5000
Scalar region null,Conventional,17404,0.7382,0.006217085490806766,0.7260145124380187,0.7503854875619812,0.995,303.8730841675049,2500,5000
Scalar region null,Anytime-valid,17579,0.0364,0.002648586037870018,0.031208771365774768,0.041591228634225236,0.995,303.8730841675049,2500,5000
Scalar region null,Conventional,17579,0.7384,0.0062155521074157205,0.7262175178694651,0.7505824821305348,0.995,303.8730841675049,2500,5000
Scalar region null,Anytime-valid,17756,0.0364,0.002648586037870018,0.031208771365774768,0.041591228634225236,0.995,303.8730841675049,2500,5000
Scalar region null,Conventional,17756,0.7388,0.006212480342021212,0.7266235385296385,0.7509764614703616,0.995,303.8730841675049,2500,5000
Scalar region null,Anytime-valid,17935,0.0364,0.002648586037870018,0.031208771365774768,0.041591228634225236,0.995,303.8730841675049,2500,5000
Scalar region null,Conventional,17935,0.739,0.00621094195754557,0.7268265537632107,0.7511734462367893,0.995,303.8730841675049,2500,5000
Scalar region null,Anytime-valid,18116,0.0364,0.002648586037870018,0.031208771365774768,0.041591228634225236,0.995,303.8730841675049,2500,5000
Scalar region null,Conventional,18116,0.739,0.00621094195754557,0.7268265537632107,0.7511734462367893,0.995,303.8730841675049,2500,5000
Scalar region null,Anytime-valid,18298,0.0364,0.002648586037870018,0.031208771365774768,0.041591228634225236,0.995,303.8730841675049,2500,5000
Scalar region null,Conventional,18298,0.739,0.00621094195754557,0.7268265537632107,0.7511734462367893,0.995,303.8730841675049,2500,5000
Scalar region null,Anytime-valid,18483,0.0364,0.002648586037870018,0.031208771365774768,0.041591228634225236,0.995,303.8730841675049,2500,5000
Scalar region null,Conventional,18483,0.7394,0.0062078601788377935,0.7272325940494778,0.7515674059505221,0.995,303.8730841675049,2500,5000
Scalar region null,Anytime-valid,18669,0.0364,0.002648586037870018,0.031208771365774768,0.041591228634225236,0.995,303.8730841675049,2500,5000
Scalar region null,Conventional,18669,0.7398,0.006204771712158313,0.7276386474441697,0.7519613525558303,0.995,303.8730841675049,2500,5000
Scalar region null,Anytime-valid,18857,0.0364,0.002648586037870018,0.031208771365774768,0.041591228634225236,0.995,303.8730841675049,2500,5000
Scalar region null,Conventional,18857,0.7402,0.006201676547515197,0.7280447139668702,0.7523552860331297,0.995,303.8730841675049,2500,5000
Scalar region null,Anytime-valid,19047,0.0364,0.002648586037870018,0.031208771365774768,0.041591228634225236,0.995,303.8730841675049,2500,5000
Scalar region null,Conventional,19047,0.7408,0.006197021219908804,0.7286538384089788,0.7529461615910212,0.995,303.8730841675049,2500,5000
Scalar region null,Anytime-valid,19239,0.0364,0.002648586037870018,0.031208771365774768,0.041591228634225236,0.995,303.8730841675049,2500,5000
Scalar region null,Conventional,19239,0.7408,0.006197021219908804,0.7286538384089788,0.7529461615910212,0.995,303.8730841675049,2500,5000
Scalar region null,Anytime-valid,19433,0.0366,0.0026555767735089116,0.031395069523922535,0.041804930476077466,0.995,303.8730841675049,2500,5000
Scalar region null,Conventional,19433,0.7414,0.006192350765258699,0.7292629925000929,0.753537007499907,0.995,303.8730841675049,2500,5000
Scalar region null,Anytime-valid,19628,0.0366,0.0026555767735089116,0.031395069523922535,0.041804930476077466,0.995,303.8730841675049,2500,5000
Scalar region null,Conventional,19628,0.7422,0.006186099902200093,0.7300752441916878,0.7543247558083122,0.995,303.8730841675049,2500,5000
Scalar region null,Anytime-valid,19826,0.0368,0.002662546149834778,0.03158140954632384,0.04201859045367616,0.995,303.8730841675049,2500,5000
Scalar region null,Conventional,19826,0.7428,0.0061813940175335855,0.7306844677256342,0.7549155322743658,0.995,303.8730841675049,2500,5000
Scalar region null,Anytime-valid,20026,0.0368,0.002662546149834778,0.03158140954632384,0.04201859045367616,0.995,303.8730841675049,2500,5000
Scalar region null,Conventional,20026,0.7428,0.0061813940175335855,0.7306844677256342,0.7549155322743658,0.995,303.8730841675049,2500,5000
Scalar region null,Anytime-valid,20228,0.0368,0.002662546149834778,0.03158140954632384,0.04201859045367616,0.995,303.8730841675049,2500,5000
Scalar region null,Conventional,20228,0.7432,0.006178248295431319,0.7310906333409546,0.7553093666590454,0.995,303.8730841675049,2500,5000
Scalar region null,Anytime-valid,20431,0.0368,0.002662546149834778,0.03158140954632384,0.04201859045367616,0.995,303.8730841675049,2500,5000
Scalar region null,Conventional,20431,0.7434,0.006176672890804563,0.731293721134023,0.7555062788659769,0.995,303.8730841675049,2500,5000
Scalar region null,Anytime-valid,20637,0.037,0.002669494334138958,0.031767791105087644,0.04223220889491235,0.995,303.8730841675049,2500,5000
Scalar region null,Conventional,20637,0.7438,0.006173516987908917,0.7316999067036986,0.7559000932963015,0.995,303.8730841675049,2500,5000
Scalar region null,Anytime-valid,20845,0.037,0.002669494334138958,0.031767791105087644,0.04223220889491235,0.995,303.8730841675049,2500,5000
Scalar region null,Conventional,20845,0.744,0.006171936487035491,0.7319030044854105,0.7560969955145895,0.995,303.8730841675049,2500,5000
Scalar region null,Anytime-valid,21055,0.037,0.002669494334138958,0.031767791105087644,0.04223220889491235,0.995,303.8730841675049,2500,5000
Scalar region null,Conventional,21055,0.7442,0.006170354284804075,0.732106105601784,0.7562938943982159,0.995,303.8730841675049,2500,5000
Scalar region null,Anytime-valid,21267,0.037,0.002669494334138958,0.031767791105087644,0.04223220889491235,0.995,303.8730841675049,2500,5000
Scalar region null,Conventional,21267,0.7444,0.006168770379905545,0.7323092100553851,0.7564907899446148,0.995,303.8730841675049,2500,5000
Scalar region null,Anytime-valid,21482,0.037,0.002669494334138958,0.031767791105087644,0.04223220889491235,0.995,303.8730841675049,2500,5000
Scalar region null,Conventional,21482,0.7446,0.006167184771028025,0.7325123178487851,0.756687682151215,0.995,303.8730841675049,2500,5000
Scalar region null,Anytime-valid,21698,0.037,0.002669494334138958,0.031767791105087644,0.04223220889491235,0.995,303.8730841675049,2500,5000
Scalar region null,Conventional,21698,0.7448,0.006165597456856878,0.7327154289845605,0.7568845710154395,0.995,303.8730841675049,2500,5000
Scalar region null,Anytime-valid,21917,0.037,0.002669494334138958,0.031767791105087644,0.04223220889491235,0.995,303.8730841675049,2500,5000
Scalar region null,Conventional,21917,0.7452,0.006162417707361292,0.7331216612935718,0.7572783387064281,0.995,303.8730841675049,2500,5000
Scalar region null,Anytime-valid,22138,0.037,0.002669494334138958,0.031767791105087644,0.04223220889491235,0.995,303.8730841675049,2500,5000
Scalar region null,Conventional,22138,0.7454,0.006160825269393704,0.7333247824719883,0.7574752175280116,0.995,303.8730841675049,2500,5000
Scalar region null,Anytime-valid,22361,0.037,0.002669494334138958,0.031767791105087644,0.04223220889491235,0.995,303.8730841675049,2500,5000
Scalar region null,Conventional,22361,0.7454,0.006160825269393704,0.7333247824719883,0.7574752175280116,0.995,303.8730841675049,2500,5000
Scalar region null,Anytime-valid,22586,0.037,0.002669494334138958,0.031767791105087644,0.04223220889491235,0.995,303.8730841675049,2500,5000
Scalar region null,Conventional,22586,0.7458,0.006157635260390144,0.7337310348896353,0.7578689651103647,0.995,303.8730841675049,2500,5000
Scalar region null,Anytime-valid,22814,0.0372,0.002676421491469533,0.03195421387671971,0.04244578612328028,0.995,303.8730841675049,2500,5000
Scalar region null,Conventional,22814,0.746,0.006156037686694258,0.7339341661340792,0.7580658338659207,0.995,303.8730841675049,2500,5000
Scalar region null,Anytime-valid,23043,0.0372,0.002676421491469533,0.03195421387671971,0.04244578612328028,0.995,303.8730841675049,2500,5000
Scalar region null,Conventional,23043,0.7462,0.006154438398424344,0.7341373007390882,0.7582626992609117,0.995,303.8730841675049,2500,5000
Scalar region null,Anytime-valid,23276,0.0372,0.002676421491469533,0.03195421387671971,0.04244578612328028,0.995,303.8730841675049,2500,5000
Scalar region null,Conventional,23276,0.7468,0.0061496302327863584,0.7347467247437388,0.7588532752562612,0.995,303.8730841675049,2500,5000
Scalar region null,Anytime-valid,23510,0.0372,0.002676421491469533,0.03195421387671971,0.04244578612328028,0.995,303.8730841675049,2500,5000
Scalar region null,Conventional,23510,0.7474,0.0061448065876803645,0.7353561790881464,0.7594438209118535,0.995,303.8730841675049,2500,5000
Scalar region null,Anytime-valid,23747,0.0372,0.002676421491469533,0.03195421387671971,0.04244578612328028,0.995,303.8730841675049,2500,5000
Scalar region null,Conventional,23747,0.7478,0.006141582206565341,0.7357624988751319,0.7598375011248681,0.995,303.8730841675049,2500,5000
Scalar region null,Anytime-valid,23986,0.0372,0.002676421491469533,0.03195421387671971,0.04244578612328028,0.995,303.8730841675049,2500,5000
Scalar region null,Conventional,23986,0.7482,0.006138350918609981,0.7361688321995244,0.7602311678004755,0.995,303.8730841675049,2500,5000
Scalar region null,Anytime-valid,24228,0.0372,0.002676421491469533,0.03195421387671971,0.04244578612328028,0.995,303.8730841675049,2500,5000
Scalar region null,Conventional,24228,0.7486,0.006135112712901044,0.736575179082714,0.7606248209172861,0.995,303.8730841675049,2500,5000
Scalar region null,Anytime-valid,24472,0.0372,0.002676421491469533,0.03195421387671971,0.04244578612328028,0.995,303.8730841675049,2500,5000
Scalar region null,Conventional,24472,0.7486,0.006135112712901044,0.736575179082714,0.7606248209172861,0.995,303.8730841675049,2500,5000
Scalar region null,Anytime-valid,24719,0.0372,0.002676421491469533,0.03195421387671971,0.04244578612328028,0.995,303.8730841675049,2500,5000
Scalar region null,Conventional,24719,0.7488,0.006133491012465902,0.7367783576155669,0.7608216423844332,0.995,303.8730841675049,2500,5000
Scalar region null,Anytime-valid,24968,0.0374,0.0026833277846733524,0.03214067754204023,0.042659322457959774,0.995,303.8730841675049,2500,5000
Scalar region null,Conventional,24968,0.749,0.006131867578478844,0.7369815395461815,0.7610184604538185,0.995,303.8730841675049,2500,5000
Scalar region null,Anytime-valid,25219,0.0374,0.0026833277846733524,0.03214067754204023,0.042659322457959774,0.995,303.8730841675049,2500,5000
Scalar region null,Conventional,25219,0.7494,0.006128615504337012,0.7373879136114994,0.7614120863885006,0.995,303.8730841675049,2500,5000
Scalar region null,Anytime-valid,25473,0.0374,0.0026833277846733524,0.03214067754204023,0.042659322457959774,0.995,303.8730841675049,2500,5000
Scalar region null,Conventional,25473,0.7494,0.006128615504337012,0.7373879136114994,0.7614120863885006,0.995,303.8730841675049,2500,5000
Scalar region null,Anytime-valid,25730,0.0376,0.0026902133744370537,0.03232718178610337,0.04287281821389663,0.995,303.8730841675049,2500,5000
Scalar region null,Conventional,25730,0.75,0.006123724356957945,0.7379975002603625,0.7620024997396375,0.995,303.8730841675049,2500,5000
Scalar region null,Anytime-valid,25989,0.0376,0.0026902133744370537,0.03232718178610337,0.04287281821389663,0.995,303.8730841675049,2500,5000
Scalar region null,Conventional,25989,0.7502,0.006122090492634032,0.7382007026344373,0.7621992973655627,0.995,303.8730841675049,2500,5000
Scalar region null,Anytime-valid,26251,0.0376,0.0026902133744370537,0.03232718178610337,0.04287281821389663,0.995,303.8730841675049,2500,5000
Scalar region null,Conventional,26251,0.7502,0.006122090492634032,0.7382007026344373,0.7621992973655627,0.995,303.8730841675049,2500,5000
Scalar region null,Anytime-valid,26516,0.0376,0.0026902133744370537,0.03232718178610337,0.04287281821389663,0.995,303.8730841675049,2500,5000
Scalar region null,Conventional,26516,0.7504,0.006120454885055522,0.7384039084252911,0.7623960915747088,0.995,303.8730841675049,2500,5000
Scalar region null,Anytime-valid,26783,0.0376,0.0026902133744370537,0.03232718178610337,0.04287281821389663,0.995,303.8730841675049,2500,5000
Scalar region null,Conventional,26783,0.7506,0.0061188175328244585,0.7386071176356641,0.762592882364336,0.995,303.8730841675049,2500,5000
Scalar region null,Anytime-valid,27053,0.0376,0.0026902133744370537,0.03232718178610337,0.04287281821389663,0.995,303.8730841675049,2500,5000
Scalar region null,Conventional,27053,0.751,0.0061155375887978975,0.7390135463259562,0.7629864536740438,0.995,303.8730841675049,2500,5000
Scalar region null,Anytime-valid,27325,0.0376,0.0026902133744370537,0.03232718178610337,0.04287281821389663,0.995,303.8730841675049,2500,5000
Scalar region null,Conventional,27325,0.7514,0.006112250649310776,0.7394199887273508,0.7633800112726491,0.995,303.8730841675049,2500,5000
Scalar region null,Anytime-valid,27600,0.0376,0.0026902133744370537,0.03232718178610337,0.04287281821389663,0.995,303.8730841675049,2500,5000
Scalar region null,Conventional,27600,0.7516,0.006110604552742715,0.7396232150766243,0.7635767849233758,0.995,303.8730841675049,2500,5000
Scalar region null,Anytime-valid,27878,0.0376,0.0026902133744370537,0.03232718178610337,0.04287281821389663,0.995,303.8730841675049,2500,5000
Scalar region null,Conventional,27878,0.7518,0.0061089567030713195,0.7398264448619802,0.7637735551380198,0.995,303.8730841675049,2500,5000
Scalar region null,Anytime-valid,28159,0.0376,0.0026902133744370537,0.03232718178610337,0.04287281821389663,0.995,303.8730841675049,2500,5000
Scalar region null,Conventional,28159,0.7522,0.006105655738739288,0.740232914752071,0.764167085247929,0.995,303.8730841675049,2500,5000
Scalar region null,Anytime-valid,28443,0.0376,0.0026902133744370537,0.03232718178610337,0.04287281821389663,0.995,303.8730841675049,2500,5000
Scalar region null,Conventional,28443,0.7526,0.0061023477449257185,0.7406393984199456,0.7645606015800545,0.995,303.8730841675049,2500,5000
Scalar region null,Anytime-valid,28730,0.0376,0.0026902133744370537,0.03232718178610337,0.04287281821389663,0.995,303.8730841675049,2500,5000
Scalar region null,Conventional,28730,0.7526,0.0061023477449257185,0.7406393984199456,0.7645606015800545,0.995,303.8730841675049,2500,5000
Scalar region null,Anytime-valid,29019,0.0376,0.0026902133744370537,0.03232718178610337,0.04287281821389663,0.995,303.8730841675049,2500,5000
Scalar region null,Conventional,29019,0.7528,0.006100691108390917,0.7408426454275538,0.7647573545724462,0.995,303.8730841675049,2500,5000
Scalar region null,Anytime-valid,29312,0.0376,0.0026902133744370537,0.03232718178610337,0.04287281821389663,0.995,303.8730841675049,2500,5000
Scalar region null,Conventional,29312,0.7532,0.006097372548893499,0.7412491498041687,0.7651508501958313,0.995,303.8730841675049,2500,5000
Scalar region null,Anytime-valid,29607,0.0376,0.0026902133744370537,0.03232718178610337,0.04287281821389663,0.995,303.8730841675049,2500,5000
Scalar region null,Conventional,29607,0.754,0.006090714243830521,0.7420622000820922,0.7659377999179078,0.995,303.8730841675049,2500,5000
Scalar region null,Anytime-valid,29905,0.0376,0.0026902133744370537,0.03232718178610337,0.04287281821389663,0.995,303.8730841675049,2500,5000
Scalar region null,Conventional,29905,0.7544,0.006087374475091868,0.7424687460288198,0.7663312539711801,0.995,303.8730841675049,2500,5000
Scalar region null,Anytime-valid,30206,0.0376,0.0026902133744370537,0.03232718178610337,0.04287281821389663,0.995,303.8730841675049,2500,5000
Scalar region null,Conventional,30206,0.7548,0.006084027613349564,0.7428753058778349,0.7667246941221652,0.995,303.8730841675049,2500,5000
Scalar region null,Anytime-valid,30511,0.0376,0.0026902133744370537,0.03232718178610337,0.04287281821389663,0.995,303.8730841675049,2500,5000
Scalar region null,Conventional,30511,0.7548,0.006084027613349564,0.7428753058778349,0.7667246941221652,0.995,303.8730841675049,2500,5000
Scalar region null,Anytime-valid,30818,0.0378,0.002697078419327106,0.03251372629811887,0.04308627370188113,0.995,303.8730841675049,2500,5000
Scalar region null,Conventional,30818,0.755,0.006082351518943968,0.7430785910228699,0.7669214089771301,0.995,303.8730841675049,2500,5000
Scalar region null,Anytime-valid,31129,0.0378,0.002697078419327106,0.03251372629811887,0.04308627370188113,0.995,303.8730841675049,2500,5000
Scalar region null,Conventional,31129,0.7554,0.0060789939957200155,0.7434851717683887,0.7673148282316112,0.995,303.8730841675049,2500,5000
Scalar region null,Anytime-valid,31442,0.0378,0.002697078419327106,0.03251372629811887,0.04308627370188113,0.995,303.8730841675049,2500,5000
Scalar region null,Conventional,31442,0.7554,0.0060789939957200155,0.7434851717683887,0.7673148282316112,0.995,303.8730841675049,2500,5000
Scalar region null,Anytime-valid,31759,0.0378,0.002697078419327106,0.03251372629811887,0.04308627370188113,0.995,303.8730841675049,2500,5000
Scalar region null,Conventional,31759,0.7554,0.0060789939957200155,0.7434851717683887,0.7673148282316112,0.995,303.8730841675049,2500,5000
Scalar region null,Anytime-valid,32079,0.0378,0.002697078419327106,0.03251372629811887,0.04308627370188113,0.995,303.8730841675049,2500,5000
Scalar region null,Conventional,32079,0.7556,0.006077312563954563,0.7436884673746491,0.767511532625351,0.995,303.8730841675049,2500,5000
Scalar region null,Anytime-valid,32402,0.0378,0.002697078419327106,0.03251372629811887,0.04308627370188113,0.995,303.8730841675049,2500,5000
Scalar region null,Conventional,32402,0.7562,0.006072257570294594,0.7442983751622225,0.7681016248377774,0.995,303.8730841675049,2500,5000
Scalar region null,Anytime-valid,32729,0.038,0.0027039230758288966,0.03270031077137536,0.043299689228624635,0.995,303.8730841675049,2500,5000
Scalar region null,Conventional,32729,0.7564,0.006070569001337519,0.7445016847573784,0.7682983152426215,0.995,303.8730841675049,2500,5000
Scalar region null,Anytime-valid,33059,0.0382,0.002710747498384901,0.03288693490316559,0.043513065096834405,0.995,303.8730841675049,2500,5000
Scalar region null,Conventional,33059,0.7566,0.006068878644362564,0.7447049978570495,0.7684950021429506,0.995,303.8730841675049,2500,5000
Scalar region null,Anytime-valid,33392,0.0382,0.002710747498384901,0.03288693490316559,0.043513065096834405,0.995,303.8730841675049,2500,5000
Scalar region null,Conventional,33392,0.7566,0.006068878644362564,0.7447049978570495,0.7684950021429506,0.995,303.8730841675049,2500,5000
Scalar region null,Anytime-valid,33728,0.0382,0.002710747498384901,0.03288693490316559,0.043513065096834405,0.995,303.8730841675049,2500,5000
Scalar region null,Conventional,33728,0.7578,0.006058698870219578,0.7459249502143697,0.7696750497856304,0.995,303.8730841675049,2500,5000
Scalar region null,Anytime-valid,34068,0.0382,0.002710747498384901,0.03288693490316559,0.043513065096834405,0.995,303.8730841675049,2500,5000
Scalar region null,Conventional,34068,0.7578,0.006058698870219578,0.7459249502143697,0.7696750497856304,0.995,303.8730841675049,2500,5000
Scalar region null,Anytime-valid,34411,0.0382,0.002710747498384901,0.03288693490316559,0.043513065096834405,0.995,303.8730841675049,2500,5000
Scalar region null,Conventional,34411,0.7582,0.006055291239899201,0.7463316291697976,0.7700683708302024,0.995,303.8730841675049,2500,5000
Scalar region null,Anytime-valid,34758,0.0382,0.002710747498384901,0.03288693490316559,0.043513065096834405,0.995,303.8730841675049,2500,5000
Scalar region null,Conventional,34758,0.7582,0.006055291239899201,0.7463316291697976,0.7700683708302024,0.995,303.8730841675049,2500,5000
Scalar region null,Anytime-valid,35108,0.0382,0.002710747498384901,0.03288693490316559,0.043513065096834405,0.995,303.8730841675049,2500,5000
Scalar region null,Conventional,35108,0.7582,0.006055291239899201,0.7463316291697976,0.7700683708302024,0.995,303.8730841675049,2500,5000
Scalar region null,Anytime-valid,35462,0.0382,0.002710747498384901,0.03288693490316559,0.043513065096834405,0.995,303.8730841675049,2500,5000
Scalar region null,Conventional,35462,0.7582,0.006055291239899201,0.7463316291697976,0.7700683708302024,0.995,303.8730841675049,2500,5000
Scalar region null,Anytime-valid,35819,0.0382,0.002710747498384901,0.03288693490316559,0.043513065096834405,0.995,303.8730841675049,2500,5000
Scalar region null,Conventional,35819,0.7584,0.0060535847231206735,0.7465349739426834,0.7702650260573165,0.995,303.8730841675049,2500,5000
Scalar region null,Anytime-valid,36180,0.0382,0.002710747498384901,0.03288693490316559,0.043513065096834405,0.995,303.8730841675049,2500,5000
Scalar region null,Conventional,36180,0.7588,0.006050166278706726,0.7469416740937348,0.7706583259062653,0.995,303.8730841675049,2500,5000
Scalar region null,Anytime-valid,36545,0.0382,0.002710747498384901,0.03288693490316559,0.043513065096834405,0.995,303.8730841675049,2500,5000
Scalar region null,Conventional,36545,0.7592,0.006046740609617714,0.7473483884051493,0.7710516115948507,0.995,303.8730841675049,2500,5000
Scalar region null,Anytime-valid,36913,0.0382,0.002710747498384901,0.03288693490316559,0.043513065096834405,0.995,303.8730841675049,2500,5000
Scalar region null,Conventional,36913,0.7596,0.006043307703567641,0.7477551169010075,0.7714448830989926,0.995,303.8730841675049,2500,5000
Scalar region null,Anytime-valid,37285,0.0382,0.002710747498384901,0.03288693490316559,0.043513065096834405,0.995,303.8730841675049,2500,5000
Scalar region null,Conventional,37285,0.76,0.0060398675482166,0.7481618596054955,0.7718381403945045,0.995,303.8730841675049,2500,5000
Scalar region null,Anytime-valid,37660,0.0382,0.002710747498384901,0.03288693490316559,0.043513065096834405,0.995,303.8730841675049,2500,5000
Scalar region null,Conventional,37660,0.761,0.006031235362676538,0.749178778689154,0.7728212213108461,0.995,303.8730841675049,2500,5000
Scalar region null,Anytime-valid,38040,0.0382,0.002710747498384901,0.03288693490316559,0.043513065096834405,0.995,303.8730841675049,2500,5000
Scalar region null,Conventional,38040,0.7616,0.006026034185100512,0.749788972997203,0.7734110270027971,0.995,303.8730841675049,2500,5000
Scalar region null,Anytime-valid,38423,0.0382,0.002710747498384901,0.03288693490316559,0.043513065096834405,0.995,303.8730841675049,2500,5000
Scalar region null,Conventional,38423,0.7616,0.006026034185100512,0.749788972997203,0.7734110270027971,0.995,303.8730841675049,2500,5000
Scalar region null,Anytime-valid,38810,0.0382,0.002710747498384901,0.03288693490316559,0.043513065096834405,0.995,303.8730841675049,2500,5000
Scalar region null,Conventional,38810,0.7618,0.006024296805437129,0.7499923782613432,0.7736076217386568,0.995,303.8730841675049,2500,5000
Scalar region null,Anytime-valid,39201,0.0382,0.002710747498384901,0.03288693490316559,0.043513065096834405,0.995,303.8730841675049,2500,5000
Scalar region null,Conventional,39201,0.7624,0.0060190736828851,0.7506026155815452,0.7741973844184548,0.995,303.8730841675049,2500,5000
Scalar region null,Anytime-valid,39596,0.0384,0.0027175518394319544,0.03307359839471337,0.043726401605286624,0.995,303.8730841675049,2500,5000
Scalar region null,Conventional,39596,0.7628,0.006015582432316924,0.7510094584326589,0.7745905415673412,0.995,303.8730841675049,2500,5000
Scalar region null,Anytime-valid,39995,0.0384,0.0027175518394319544,0.03307359839471337,0.043726401605286624,0.995,303.8730841675049,2500,5000
Scalar region null,Conventional,39995,0.763,0.0060138340515847296,0.751212885258894,0.7747871147411061,0.995,303.8730841675049,2500,5000
Scalar region null,Anytime-valid,40398,0.0384,0.0027175518394319544,0.03307359839471337,0.043726401605286624,0.995,303.8730841675049,2500,5000
Scalar region null,Conventional,40398,0.7634,0.006010331771208641,0.751619749728431,0.7751802502715689,0.995,303.8730841675049,2500,5000
Scalar region null,Anytime-valid,40805,0.0384,0.0027175518394319544,0.03307359839471337,0.043726401605286624,0.995,303.8730841675049,2500,5000
Scalar region null,Conventional,40805,0.7634,0.006010331771208641,0.751619749728431,0.7751802502715689,0.995,303.8730841675049,2500,5000
Scalar region null,Anytime-valid,41216,0.0384,0.0027175518394319544,0.03307359839471337,0.043726401605286624,0.995,303.8730841675049,2500,5000
Scalar region null,Conventional,41216,0.7636,0.006008577868347884,0.7518231873780381,0.7753768126219618,0.995,303.8730841675049,2500,5000
Scalar region null,Anytime-valid,41632,0.0384,0.0027175518394319544,0.03307359839471337,0.043726401605286624,0.995,303.8730841675049,2500,5000
Scalar region null,Conventional,41632,0.764,0.0060050645292119885,0.7522300735227445,0.7757699264772555,0.995,303.8730841675049,2500,5000
Scalar region null,Anytime-valid,42051,0.0384,0.0027175518394319544,0.03307359839471337,0.043726401605286624,0.995,303.8730841675049,2500,5000
Scalar region null,Conventional,42051,0.764,0.0060050645292119885,0.7522300735227445,0.7757699264772555,0.995,303.8730841675049,2500,5000
Scalar region null,Anytime-valid,42475,0.0386,0.0027243362494376497,0.03326030095110221,0.043939699048897794,0.995,303.8730841675049,2500,5000
Scalar region null,Conventional,42475,0.7646,0.005999780662657595,0.752840429901191,0.7763595700988088,0.995,303.8730841675049,2500,5000
Scalar region null,Anytime-valid,42903,0.0386,0.0027243362494376497,0.03326030095110221,0.043939699048897794,0.995,303.8730841675049,2500,5000
Scalar region null,Conventional,42903,0.7648,0.005998015671870156,0.7530438892831345,0.7765561107168656,0.995,303.8730841675049,2500,5000
Scalar region null,Anytime-valid,43335,0.0388,0.0027311008769358926,0.03344704228120565,0.04415295771879435,0.995,303.8730841675049,2500,5000
Scalar region null,Conventional,43335,0.7652,0.005994480127584043,0.7534508189499353,0.7769491810500647,0.995,303.8730841675049,2500,5000
Scalar region null,Anytime-valid,43772,0.0388,0.0027311008769358926,0.03344704228120565,0.04415295771879435,0.995,303.8730841675049,2500,5000
Scalar region null,Conventional,43772,0.7652,0.005994480127584043,0.7534508189499353,0.7769491810500647,0.995,303.8730841675049,2500,5000
Scalar region null,Anytime-valid,44213,0.039,0.0027378458685616324,0.0336338220976192,0.0443661779023808,0.995,303.8730841675049,2500,5000
Scalar region null,Conventional,44213,0.766,0.005987386742143854,0.7542647219853981,0.777735278014602,0.995,303.8730841675049,2500,5000
Scalar region null,Anytime-valid,44658,0.039,0.0027378458685616324,0.0336338220976192,0.0443661779023808,0.995,303.8730841675049,2500,5000
Scalar region null,Conventional,44658,0.7662,0.005985608740971966,0.7544682068676949,0.7779317931323051,0.995,303.8730841675049,2500,5000
Scalar region null,Anytime-valid,45108,0.039,0.0027378458685616324,0.0336338220976192,0.0443661779023808,0.995,303.8730841675049,2500,5000
Scalar region null,Conventional,45108,0.7664,0.005983828874558496,0.7546716954058653,0.7781283045941346,0.995,303.8730841675049,2500,5000
Scalar region null,Anytime-valid,45562,0.039,0.0027378458685616324,0.0336338220976192,0.0443661779023808,0.995,303.8730841675049,2500,5000
Scalar region null,Conventional,45562,0.7666,0.005982047141238524,0.7548751876031724,0.7783248123968275,0.995,303.8730841675049,2500,5000
Scalar region null,Anytime-valid,46022,0.039,0.0027378458685616324,0.0336338220976192,0.0443661779023808,0.995,303.8730841675049,2500,5000
Scalar region null,Conventional,46022,0.7672,0.0059766907231343334,0.7554856861826567,0.7789143138173433,0.995,303.8730841675049,2500,5000
Scalar region null,Anytime-valid,46485,0.039,0.0027378458685616324,0.0336338220976192,0.0443661779023808,0.995,303.8730841675049,2500,5000
Scalar region null,Conventional,46485,0.7674,0.005974901505464337,0.7556891930492898,0.7791108069507101,0.995,303.8730841675049,2500,5000
Scalar region null,Anytime-valid,46954,0.039,0.0027378458685616324,0.0336338220976192,0.0443661779023808,0.995,303.8730841675049,2500,5000
Scalar region null,Conventional,46954,0.7676,0.005973110412507038,0.7558927035914862,0.7793072964085137,0.995,303.8730841675049,2500,5000
Scalar region null,Anytime-valid,47427,0.039,0.0027378458685616324,0.0336338220976192,0.0443661779023808,0.995,303.8730841675049,2500,5000
Scalar region null,Conventional,47427,0.7678,0.005971317442574963,0.7560962178125531,0.779503782187447,0.995,303.8730841675049,2500,5000
Scalar region null,Anytime-valid,47905,0.039,0.0027378458685616324,0.0336338220976192,0.0443661779023808,0.995,303.8730841675049,2500,5000
Scalar region null,Conventional,47905,0.768,0.005969522593976841,0.7562997357158054,0.7797002642841946,0.995,303.8730841675049,2500,5000
Scalar region null,Anytime-valid,48387,0.039,0.0027378458685616324,0.0336338220976192,0.0443661779023808,0.995,303.8730841675049,2500,5000
Scalar region null,Conventional,48387,0.7682,0.005967725865017594,0.7565032573045655,0.7798967426954345,0.995,303.8730841675049,2500,5000
Scalar region null,Anytime-valid,48875,0.039,0.0027378458685616324,0.0336338220976192,0.0443661779023808,0.995,303.8730841675049,2500,5000
Scalar region null,Conventional,48875,0.7686,0.005964126759216306,0.756910311551936,0.7802896884480639,0.995,303.8730841675049,2500,5000
Scalar region null,Anytime-valid,49367,0.039,0.0027378458685616324,0.0336338220976192,0.0443661779023808,0.995,303.8730841675049,2500,5000
Scalar region null,Conventional,49367,0.7688,0.0059623243789649685,0.7571138442172287,0.7804861557827714,0.995,303.8730841675049,2500,5000
Scalar region null,Anytime-valid,49865,0.039,0.0027378458685616324,0.0336338220976192,0.0443661779023808,0.995,303.8730841675049,2500,5000
Scalar region null,Conventional,49865,0.769,0.005960520111533892,0.7573173805813936,0.7806826194186064,0.995,303.8730841675049,2500,5000
Scalar region null,Anytime-valid,50367,0.0392,0.0027445713690847973,0.033820640116593796,0.0445793598834062,0.995,303.8730841675049,2500,5000
Scalar region null,Conventional,50367,0.7696,0.005955095968999996,0.75792801190076,0.7812719880992399,0.995,303.8730841675049,2500,5000
Scalar region null,Anytime-valid,50874,0.0394,0.0027512775214434473,0.03400749605797084,0.044792503942029153,0.995,303.8730841675049,2500,5000
Scalar region null,Conventional,50874,0.7698,0.005953284135668311,0.7581315630940901,0.78146843690591,0.995,303.8730841675049,2500,5000
Scalar region null,Anytime-valid,51387,0.0394,0.0027512775214434473,0.03400749605797084,0.044792503942029153,0.995,303.8730841675049,2500,5000
Scalar region null,Conventional,51387,0.7698,0.005953284135668311,0.7581315630940901,0.78146843690591,0.995,303.8730841675049,2500,5000
Scalar region null,Anytime-valid,51905,0.0394,0.0027512775214434473,0.03400749605797084,0.044792503942029153,0.995,303.8730841675049,2500,5000
Scalar region null,Conventional,51905,0.77,0.005951470406546604,0.7583351180031687,0.7816648819968314,0.995,303.8730841675049,2500,5000
Scalar region null,Anytime-valid,52428,0.0394,0.0027512775214434473,0.03400749605797084,0.044792503942029153,0.995,303.8730841675049,2500,5000
Scalar region null,Conventional,52428,0.77,0.005951470406546604,0.7583351180031687,0.7816648819968314,0.995,303.8730841675049,2500,5000
Scalar region null,Anytime-valid,52956,0.0394,0.0027512775214434473,0.03400749605797084,0.044792503942029153,0.995,303.8730841675049,2500,5000
Scalar region null,Conventional,52956,0.7708,0.00594419649742503,0.759149374865047,0.7824506251349531,0.995,303.8730841675049,2500,5000
Scalar region null,Anytime-valid,53490,0.0394,0.0027512775214434473,0.03400749605797084,0.044792503942029153,0.995,303.8730841675049,2500,5000
Scalar region null,Conventional,53490,0.771,0.0059423732632678,0.7593529484039951,0.7826470515960049,0.995,303.8730841675049,2500,5000
Scalar region null,Anytime-valid,54028,0.0394,0.0027512775214434473,0.03400749605797084,0.044792503942029153,0.995,303.8730841675049,2500,5000
Scalar region null,Conventional,54028,0.7714,0.005938721074440186,0.7597601066940972,0.7830398933059027,0.995,303.8730841675049,2500,5000
Scalar region null,Anytime-valid,54573,0.0394,0.0027512775214434473,0.03400749605797084,0.044792503942029153,0.995,303.8730841675049,2500,5000
Scalar region null,Conventional,54573,0.7716,0.005936892116250724,0.7599636914521485,0.7832363085478514,0.995,303.8730841675049,2500,5000
Scalar region null,Anytime-valid,55123,0.0398,0.0027646323444537792,0.03438132060487059,0.04521867939512941,0.995,303.8730841675049,2500,5000
Scalar region null,Conventional,55123,0.772,0.005933228463492704,0.7603708722115543,0.7836291277884457,0.995,303.8730841675049,2500,5000
Scalar region null,Anytime-valid,55678,0.0398,0.0027646323444537792,0.03438132060487059,0.04521867939512941,0.995,303.8730841675049,2500,5000
Scalar region null,Conventional,55678,0.7722,0.00593139376538095,0.7605744682198533,0.7838255317801467,0.995,303.8730841675049,2500,5000
Scalar region null,Anytime-valid,56239,0.04,0.0027712812921102037,0.034568288667464,0.045431711332536,0.995,303.8730841675049,2500,5000
Scalar region null,Conventional,56239,0.7726,0.0059277186168036015,0.7609816715110649,0.784218328488935,0.995,303.8730841675049,2500,5000
Scalar region null,Anytime-valid,56806,0.0402,0.00277791144567281,0.03475529356648129,0.04564470643351871,0.995,303.8730841675049,2500,5000
Scalar region null,Conventional,56806,0.7728,0.005925878162770476,0.7611852788009699,0.7844147211990302,0.995,303.8730841675049,2500,5000
Scalar region null,Anytime-valid,57378,0.0402,0.00277791144567281,0.03475529356648129,0.04564470643351871,0.995,303.8730841675049,2500,5000
Scalar region null,Conventional,57378,0.7728,0.005925878162770476,0.7611852788009699,0.7844147211990302,0.995,303.8730841675049,2500,5000
Scalar region null,Anytime-valid,57956,0.0402,0.00277791144567281,0.03475529356648129,0.04564470643351871,0.995,303.8730841675049,2500,5000
Scalar region null,Conventional,57956,0.773,0.005924035786522563,0.7613888898584158,0.7846111101415842,0.995,303.8730841675049,2500,5000
Scalar region null,Anytime-valid,58540,0.0402,0.00277791144567281,0.03475529356648129,0.04564470643351871,0.995,303.8730841675049,2500,5000
Scalar region null,Conventional,58540,0.7734,0.005920345260202313,0.7617961232900035,0.7850038767099965,0.995,303.8730841675049,2500,5000
Scalar region null,Anytime-valid,59130,0.0402,0.00277791144567281,0.03475529356648129,0.04564470643351871,0.995,303.8730841675049,2500,5000
Scalar region null,Conventional,59130,0.7736,0.005918497106529664,0.7619997456712018,0.7852002543287981,0.995,303.8730841675049,2500,5000
Scalar region null,Anytime-valid,59726,0.0402,0.00277791144567281,0.03475529356648129,0.04564470643351871,0.995,303.8730841675049,2500,5000
Scalar region null,Conventional,59726,0.7736,0.005918497106529664,0.7619997456712018,0.7852002543287981,0.995,303.8730841675049,2500,5000
Scalar region null,Anytime-valid,60327,0.0402,0.00277791144567281,0.03475529356648129,0.04564470643351871,0.995,303.8730841675049,2500,5000
Scalar region null,Conventional,60327,0.7738,0.0059166470234415704,0.7622033718340546,0.7853966281659455,0.995,303.8730841675049,2500,5000
Scalar region null,Anytime-valid,60935,0.0404,0.0027845229393919525,0.03494233503879177,0.045857664961208223,0.995,303.8730841675049,2500,5000
Scalar region null,Conventional,60935,0.774,0.005914795009127535,0.7624070017821101,0.78559299821789,0.995,303.8730841675049,2500,5000
Scalar region null,Anytime-valid,61549,0.0404,0.0027845229393919525,0.03494233503879177,0.045857664961208223,0.995,303.8730841675049,2500,5000
Scalar region null,Conventional,61549,0.7742,0.005912941061772897,0.7626106355189252,0.7857893644810748,0.995,303.8730841675049,2500,5000
Scalar region null,Anytime-valid,62169,0.0404,0.0027845229393919525,0.03494233503879177,0.045857664961208223,0.995,303.8730841675049,2500,5000
Scalar region null,Conventional,62169,0.7748,0.005907367603256123,0.763221559497618,0.786378440502382,0.995,303.8730841675049,2500,5000
Scalar region null,Anytime-valid,62796,0.0404,0.0027845229393919525,0.03494233503879177,0.045857664961208223,0.995,303.8730841675049,2500,5000
Scalar region null,Conventional,62796,0.7756,0.005899909151842934,0.7640361780623878,0.7871638219376121,0.995,303.8730841675049,2500,5000
Scalar region null,Anytime-valid,63428,0.0404,0.0027845229393919525,0.03494233503879177,0.045857664961208223,0.995,303.8730841675049,2500,5000
Scalar region null,Conventional,63428,0.7762,0.005894294868769291,0.7646471820572122,0.7877528179427878,0.995,303.8730841675049,2500,5000
Scalar region null,Anytime-valid,64067,0.0404,0.0027845229393919525,0.03494233503879177,0.045857664961208223,0.995,303.8730841675049,2500,5000
Scalar region null,Conventional,64067,0.7762,0.005894294868769291,0.7646471820572122,0.7877528179427878,0.995,303.8730841675049,2500,5000
Scalar region null,Anytime-valid,64713,0.0404,0.0027845229393919525,0.03494233503879177,0.045857664961208223,0.995,303.8730841675049,2500,5000
Scalar region null,Conventional,64713,0.777,0.005886781803328538,0.7654619076654761,0.788538092334524,0.995,303.8730841675049,2500,5000
Scalar region null,Anytime-valid,65365,0.0404,0.0027845229393919525,0.03494233503879177,0.045857664961208223,0.995,303.8730841675049,2500,5000
Scalar region null,Conventional,65365,0.777,0.005886781803328538,0.7654619076654761,0.788538092334524,0.995,303.8730841675049,2500,5000
Scalar region null,Anytime-valid,66024,0.0404,0.0027845229393919525,0.03494233503879177,0.045857664961208223,0.995,303.8730841675049,2500,5000
Scalar region null,Conventional,66024,0.7772,0.005884898639738836,0.7656655986661118,0.7887344013338882,0.995,303.8730841675049,2500,5000
Scalar region null,Anytime-valid,66689,0.0404,0.0027845229393919525,0.03494233503879177,0.045857664961208223,0.995,303.8730841675049,2500,5000
Scalar region null,Conventional,66689,0.7772,0.005884898639738836,0.7656655986661118,0.7887344013338882,0.995,303.8730841675049,2500,5000
Scalar region null,Anytime-valid,67361,0.0406,0.0027911159058699084,0.03512941282449498,0.046070587175505016,0.995,303.8730841675049,2500,5000
Scalar region null,Conventional,67361,0.7776,0.0058811264227186955,0.7660729922114713,0.7891270077885286,0.995,303.8730841675049,2500,5000
Scalar region null,Anytime-valid,68039,0.0406,0.0027911159058699084,0.03512941282449498,0.046070587175505016,0.995,303.8730841675049,2500,5000
Scalar region null,Conventional,68039,0.7782,0.005875453344210981,0.7666841114453464,0.7897158885546536,0.995,303.8730841675049,2500,5000
Scalar region null,Anytime-valid,68725,0.0408,0.002797690476089162,0.035316526666865244,0.04628347333313476,0.995,303.8730841675049,2500,5000
Scalar region null,Conventional,68725,0.7784,0.005873558376316694,0.7668878255824193,0.7899121744175807,0.995,303.8730841675049,2500,5000
Scalar region null,Anytime-valid,69417,0.041,0.002804246779440069,0.035503676312297464,0.04649632368770254,0.995,303.8730841675049,2500,5000
Scalar region null,Conventional,69417,0.7786,0.005871661434381244,0.7670915435886128,0.7901084564113872,0.995,303.8730841675049,2500,5000
Scalar region null,Anytime-valid,70117,0.041,0.002804246779440069,0.035503676312297464,0.04649632368770254,0.995,303.8730841675049,2500,5000
Scalar region null,Conventional,70117,0.779,0.005867861620726923,0.7674989912233753,0.7905010087766248,0.995,303.8730841675049,2500,5000
Scalar region null,Anytime-valid,70823,0.041,0.002804246779440069,0.035503676312297464,0.04649632368770254,0.995,303.8730841675049,2500,5000
Scalar region null,Conventional,70823,0.779,0.005867861620726923,0.7674989912233753,0.7905010087766248,0.995,303.8730841675049,2500,5000
Scalar region null,Anytime-valid,71537,0.041,0.002804246779440069,0.035503676312297464,0.04649632368770254,0.995,303.8730841675049,2500,5000
Scalar region null,Conventional,71537,0.7792,0.005865958745166897,0.7677027208594729,0.7906972791405271,0.995,303.8730841675049,2500,5000
Scalar region null,Anytime-valid,72258,0.041,0.002804246779440069,0.035503676312297464,0.04649632368770254,0.995,303.8730841675049,2500,5000
Scalar region null,Conventional,72258,0.7794,0.005864053887883364,0.7679064543797486,0.7908935456202514,0.995,303.8730841675049,2500,5000
Scalar region null,Anytime-valid,72986,0.041,0.002804246779440069,0.035503676312297464,0.04649632368770254,0.995,303.8730841675049,2500,5000
Scalar region null,Conventional,72986,0.7794,0.005864053887883364,0.7679064543797486,0.7908935456202514,0.995,303.8730841675049,2500,5000
Scalar region null,Anytime-valid,73721,0.041,0.002804246779440069,0.035503676312297464,0.04649632368770254,0.995,303.8730841675049,2500,5000
Scalar region null,Conventional,73721,0.7796,0.00586214704694449,0.7681101917879888,0.7910898082120111,0.995,303.8730841675049,2500,5000
Scalar region null,Anytime-valid,74464,0.041,0.002804246779440069,0.035503676312297464,0.04649632368770254,0.995,303.8730841675049,2500,5000
Scalar region null,Conventional,74464,0.7798,0.0058602382204139105,0.7683139330879888,0.7912860669120113,0.995,303.8730841675049,2500,5000
Scalar region null,Anytime-valid,75214,0.0412,0.0028107849437479203,0.03569086151025408,0.04670913848974592,0.995,303.8730841675049,2500,5000
Scalar region null,Conventional,75214,0.7798,0.0058602382204139105,0.7683139330879888,0.7912860669120113,0.995,303.8730841675049,2500,5000
Scalar region null,Anytime-valid,75972,0.0412,0.0028107849437479203,0.03569086151025408,0.04670913848974592,0.995,303.8730841675049,2500,5000
Scalar region null,Conventional,75972,0.78,0.005858327406350724,0.7685176782835526,0.7914823217164475,0.995,303.8730841675049,2500,5000
Scalar region null,Anytime-valid,76737,0.0412,0.0028107849437479203,0.03569086151025408,0.04670913848974592,0.995,303.8730841675049,2500,5000
Scalar region null,Conventional,76737,0.7804,0.0058544998078401194,0.7689251803766334,0.7918748196233666,0.995,303.8730841675049,2500,5000
Scalar region null,Anytime-valid,77511,0.0412,0.0028107849437479203,0.03569086151025408,0.04670913848974592,0.995,303.8730841675049,2500,5000
Scalar region null,Conventional,77511,0.7804,0.0058544998078401194,0.7689251803766334,0.7918748196233666,0.995,303.8730841675049,2500,5000
Scalar region null,Anytime-valid,78291,0.0412,0.0028107849437479203,0.03569086151025408,0.04670913848974592,0.995,303.8730841675049,2500,5000
Scalar region null,Conventional,78291,0.7806,0.005852583019488062,0.7691289372818033,0.7920710627181966,0.995,303.8730841675049,2500,5000
Scalar region null,Anytime-valid,79080,0.0412,0.0028107849437479203,0.03569086151025408,0.04670913848974592,0.995,303.8730841675049,2500,5000
Scalar region null,Conventional,79080,0.7812,0.00584682067452047,0.7697402314779399,0.7926597685220601,0.995,303.8730841675049,2500,5000
Scalar region null,Anytime-valid,79877,0.0412,0.0028107849437479203,0.03569086151025408,0.04670913848974592,0.995,303.8730841675049,2500,5000
Scalar region null,Conventional,79877,0.7814,0.005844895892999293,0.7699440040497214,0.7928559959502786,0.995,303.8730841675049,2500,5000
Scalar region null,Anytime-valid,80682,0.0414,0.002817305095299407,0.03587808201321316,0.04692191798678684,0.995,303.8730841675049,2500,5000
Scalar region null,Conventional,80682,0.7816,0.005842969108253098,0.7701477805478238,0.7930522194521761,0.995,303.8730841675049,2500,5000
Scalar region null,Anytime-valid,81495,0.0414,0.002817305095299407,0.03587808201321316,0.04692191798678684,0.995,303.8730841675049,2500,5000
Scalar region null,Conventional,81495,0.7818,0.005841040318299472,0.7703515609761331,0.793248439023867,0.995,303.8730841675049,2500,5000
Scalar region null,Anytime-valid,82316,0.0414,0.002817305095299407,0.03587808201321316,0.04692191798678684,0.995,303.8730841675049,2500,5000
Scalar region null,Conventional,82316,0.782,0.00583910952115132,0.7705553453385434,0.7934446546614566,0.995,303.8730841675049,2500,5000
Scalar region null,Anytime-valid,83145,0.0414,0.002817305095299407,0.03587808201321316,0.04692191798678684,0.995,303.8730841675049,2500,5000
Scalar region null,Conventional,83145,0.7824,0.005835241897299545,0.7709629258812929,0.7938370741187071,0.995,303.8730841675049,2500,5000
Scalar region null,Anytime-valid,83983,0.0414,0.002817305095299407,0.03587808201321316,0.04692191798678684,0.995,303.8730841675049,2500,5000
Scalar region null,Conventional,83983,0.7824,0.005835241897299545,0.7709629258812929,0.7938370741187071,0.995,303.8730841675049,2500,5000
Scalar region null,Anytime-valid,84829,0.0414,0.002817305095299407,0.03587808201321316,0.04692191798678684,0.995,303.8730841675049,2500,5000
Scalar region null,Conventional,84829,0.7828,0.005831366220706773,0.7713705222074148,0.7942294777925853,0.995,303.8730841675049,2500,5000
Scalar region null,Anytime-valid,85684,0.0414,0.002817305095299407,0.03587808201321316,0.04692191798678684,0.995,303.8730841675049,2500,5000
Scalar region null,Conventional,85684,0.7832,0.005827482475306125,0.7717781343484,0.7946218656516,0.995,303.8730841675049,2500,5000
Scalar region null,Anytime-valid,86547,0.0416,0.002823807358868519,0.0360653375766177,0.047134662423382295,0.995,303.8730841675049,2500,5000
Scalar region null,Conventional,86547,0.7834,0.0058255375717610825,0.7719819463593482,0.7948180536406517,0.995,303.8730841675049,2500,5000
Scalar region null,Anytime-valid,87419,0.0416,0.002823807358868519,0.0360653375766177,0.047134662423382295,0.995,303.8730841675049,2500,5000
Scalar region null,Conventional,87419,0.7836,0.005823590644954366,0.7721857623358894,0.7950142376641105,0.995,303.8730841675049,2500,5000
Scalar region null,Anytime-valid,88300,0.0418,0.002830291857741883,0.0362526279588259,0.04734737204117409,0.995,303.8730841675049,2500,5000
Scalar region null,Conventional,88300,0.7836,0.005823590644954366,0.7721857623358894,0.7950142376641105,0.995,303.8730841675049,2500,5000
Scalar region null,Anytime-valid,89190,0.0418,0.002830291857741883,0.0362526279588259,0.04734737204117409,0.995,303.8730841675049,2500,5000
Scalar region null,Conventional,89190,0.7838,0.005821641692856062,0.7723895822820022,0.7952104177179979,0.995,303.8730841675049,2500,5000
Scalar region null,Anytime-valid,90088,0.0418,0.002830291857741883,0.0362526279588259,0.04734737204117409,0.995,303.8730841675049,2500,5000
Scalar region null,Conventional,90088,0.7838,0.005821641692856062,0.7723895822820022,0.7952104177179979,0.995,303.8730841675049,2500,5000
Scalar region null,Anytime-valid,90996,0.0418,0.002830291857741883,0.0362526279588259,0.04734737204117409,0.995,303.8730841675049,2500,5000
Scalar region null,Conventional,90996,0.784,0.005819690713431427,0.7725934062016744,0.7954065937983257,0.995,303.8730841675049,2500,5000
Scalar region null,Anytime-valid,91913,0.0418,0.002830291857741883,0.0362526279588259,0.04734737204117409,0.995,303.8730841675049,2500,5000
Scalar region null,Conventional,91913,0.784,0.005819690713431427,0.7725934062016744,0.7954065937983257,0.995,303.8730841675049,2500,5000
Scalar region null,Anytime-valid,92839,0.042,0.002836758713743557,0.036439952921062634,0.04756004707893737,0.995,303.8730841675049,2500,5000
Scalar region null,Conventional,92839,0.784,0.005819690713431427,0.7725934062016744,0.7954065937983257,0.995,303.8730841675049,2500,5000
Scalar region null,Anytime-valid,93774,0.042,0.002836758713743557,0.036439952921062634,0.04756004707893737,0.995,303.8730841675049,2500,5000
Scalar region null,Conventional,93774,0.7846,0.005813825590779276,0.7732049018420726,0.7959950981579273,0.995,303.8730841675049,2500,5000
Scalar region null,Anytime-valid,94719,0.042,0.002836758713743557,0.036439952921062634,0.04756004707893737,0.995,303.8730841675049,2500,5000
Scalar region null,Conventional,94719,0.7846,0.005813825590779276,0.7732049018420726,0.7959950981579273,0.995,303.8730841675049,2500,5000
Scalar region null,Anytime-valid,95673,0.042,0.002836758713743557,0.036439952921062634,0.04756004707893737,0.995,303.8730841675049,2500,5000
Scalar region null,Conventional,95673,0.785,0.005809905334857014,0.7736125855436803,0.7963874144563198,0.995,303.8730841675049,2500,5000
Scalar region null,Anytime-valid,96637,0.042,0.002836758713743557,0.036439952921062634,0.04756004707893737,0.995,303.8730841675049,2500,5000
Scalar region null,Conventional,96637,0.785,0.005809905334857014,0.7736125855436803,0.7963874144563198,0.995,303.8730841675049,2500,5000
Scalar region null,Anytime-valid,97611,0.042,0.002836758713743557,0.036439952921062634,0.04756004707893737,0.995,303.8730841675049,2500,5000
Scalar region null,Conventional,97611,0.7852,0.005807942148472211,0.7738164333889945,0.7965835666110055,0.995,303.8730841675049,2500,5000
Scalar region null,Anytime-valid,98595,0.042,0.002836758713743557,0.036439952921062634,0.04756004707893737,0.995,303.8730841675049,2500,5000
Scalar region null,Conventional,98595,0.7854,0.005805976920381272,0.7740202852360527,0.7967797147639473,0.995,303.8730841675049,2500,5000
Scalar region null,Anytime-valid,99588,0.042,0.002836758713743557,0.036439952921062634,0.04756004707893737,0.995,303.8730841675049,2500,5000
Scalar region null,Conventional,99588,0.7858,0.005802040330780199,0.7744280009516709,0.7971719990483292,0.995,303.8730841675049,2500,5000
Scalar region null,Anytime-valid,100591,0.042,0.002836758713743557,0.036439952921062634,0.04756004707893737,0.995,303.8730841675049,2500,5000
Scalar region null,Conventional,100591,0.7858,0.005802040330780199,0.7744280009516709,0.7971719990483292,0.995,303.8730841675049,2500,5000
Scalar region null,Anytime-valid,101605,0.042,0.002836758713743557,0.036439952921062634,0.04756004707893737,0.995,303.8730841675049,2500,5000
Scalar region null,Conventional,101605,0.786,0.005800068965107225,0.7746318648283899,0.7973681351716102,0.995,303.8730841675049,2500,5000
Scalar region null,Anytime-valid,102629,0.042,0.002836758713743557,0.036439952921062634,0.04756004707893737,0.995,303.8730841675049,2500,5000
Scalar region null,Conventional,102629,0.7862,0.005798095549402407,0.7748357327231713,0.7975642672768287,0.995,303.8730841675049,2500,5000
Scalar region null,Anytime-valid,103663,0.042,0.002836758713743557,0.036439952921062634,0.04756004707893737,0.995,303.8730841675049,2500,5000
Scalar region null,Conventional,103663,0.7866,0.005794142559516464,0.7752434805833477,0.7979565194166522,0.995,303.8730841675049,2500,5000
Scalar region null,Anytime-valid,104707,0.042,0.002836758713743557,0.036439952921062634,0.04756004707893737,0.995,303.8730841675049,2500,5000
Scalar region null,Conventional,104707,0.787,0.005790181344310383,0.7756512445651517,0.7983487554348484,0.995,303.8730841675049,2500,5000
Scalar region null,Anytime-valid,105762,0.042,0.002836758713743557,0.036439952921062634,0.04756004707893737,0.995,303.8730841675049,2500,5000
Scalar region null,Conventional,105762,0.7874,0.005786211886891112,0.7760590247016934,0.7987409752983066,0.995,303.8730841675049,2500,5000
Scalar region null,Anytime-valid,106828,0.042,0.002836758713743557,0.036439952921062634,0.04756004707893737,0.995,303.8730841675049,2500,5000
Scalar region null,Conventional,106828,0.7878,0.00578223417028401,0.7764668210262433,0.7991331789737566,0.995,303.8730841675049,2500,5000
Scalar region null,Anytime-valid,107904,0.042,0.002836758713743557,0.036439952921062634,0.04756004707893737,0.995,303.8730841675049,2500,5000
Scalar region null,Conventional,107904,0.7882,0.005778248177432326,0.7768746335722326,0.7995253664277674,0.995,303.8730841675049,2500,5000
Scalar region null,Anytime-valid,108991,0.042,0.002836758713743557,0.036439952921062634,0.04756004707893737,0.995,303.8730841675049,2500,5000
Scalar region null,Conventional,108991,0.7882,0.005778248177432326,0.7768746335722326,0.7995253664277674,0.995,303.8730841675049,2500,5000
Scalar region null,Anytime-valid,110089,0.042,0.002836758713743557,0.036439952921062634,0.04756004707893737,0.995,303.8730841675049,2500,5000
Scalar region null,Conventional,110089,0.7882,0.005778248177432326,0.7768746335722326,0.7995253664277674,0.995,303.8730841675049,2500,5000
Scalar region null,Anytime-valid,111198,0.042,0.002836758713743557,0.036439952921062634,0.04756004707893737,0.995,303.8730841675049,2500,5000
Scalar region null,Conventional,111198,0.7882,0.005778248177432326,0.7768746335722326,0.7995253664277674,0.995,303.8730841675049,2500,5000
Scalar region null,Anytime-valid,112319,0.042,0.002836758713743557,0.036439952921062634,0.04756004707893737,0.995,303.8730841675049,2500,5000
Scalar region null,Conventional,112319,0.7884,0.005776252072061953,0.7770785459387586,0.7997214540612414,0.995,303.8730841675049,2500,5000
Scalar region null,Anytime-valid,113451,0.042,0.002836758713743557,0.036439952921062634,0.04756004707893737,0.995,303.8730841675049,2500,5000
Scalar region null,Conventional,113451,0.7884,0.005776252072061953,0.7770785459387586,0.7997214540612414,0.995,303.8730841675049,2500,5000
Scalar region null,Anytime-valid,114594,0.042,0.002836758713743557,0.036439952921062634,0.04756004707893737,0.995,303.8730841675049,2500,5000
Scalar region null,Conventional,114594,0.7884,0.005776252072061953,0.7770785459387586,0.7997214540612414,0.995,303.8730841675049,2500,5000
Scalar region null,Anytime-valid,115748,0.042,0.002836758713743557,0.036439952921062634,0.04756004707893737,0.995,303.8730841675049,2500,5000
Scalar region null,Conventional,115748,0.7886,0.005774253891196681,0.7772824623732545,0.7999175376267454,0.995,303.8730841675049,2500,5000
Scalar region null,Anytime-valid,116914,0.042,0.002836758713743557,0.036439952921062634,0.04756004707893737,0.995,303.8730841675049,2500,5000
Scalar region null,Conventional,116914,0.7886,0.005774253891196681,0.7772824623732545,0.7999175376267454,0.995,303.8730841675049,2500,5000
Scalar region null,Anytime-valid,118092,0.042,0.002836758713743557,0.036439952921062634,0.04756004707893737,0.995,303.8730841675049,2500,5000
Scalar region null,Conventional,118092,0.7888,0.005772253632681087,0.777486382879945,0.8001136171200549,0.995,303.8730841675049,2500,5000
Scalar region null,Anytime-valid,119282,0.042,0.002836758713743557,0.036439952921062634,0.04756004707893737,0.995,303.8730841675049,2500,5000
Scalar region null,Conventional,119282,0.789,0.005770251294354519,0.7776903074630652,0.8003096925369348,0.995,303.8730841675049,2500,5000
Scalar region null,Anytime-valid,120484,0.042,0.002836758713743557,0.036439952921062634,0.04756004707893737,0.995,303.8730841675049,2500,5000
Scalar region null,Conventional,120484,0.789,0.005770251294354519,0.7776903074630652,0.8003096925369348,0.995,303.8730841675049,2500,5000
Scalar region null,Anytime-valid,121698,0.042,0.002836758713743557,0.036439952921062634,0.04756004707893737,0.995,303.8730841675049,2500,5000
Scalar region null,Conventional,121698,0.7896,0.0057642317788236105,0.7783021057135057,0.8008978942864943,0.995,303.8730841675049,2500,5000
Scalar region null,Anytime-valid,122924,0.042,0.002836758713743557,0.036439952921062634,0.04756004707893737,0.995,303.8730841675049,2500,5000
Scalar region null,Conventional,122924,0.7896,0.0057642317788236105,0.7783021057135057,0.8008978942864943,0.995,303.8730841675049,2500,5000
Scalar region null,Anytime-valid,124163,0.042,0.002836758713743557,0.036439952921062634,0.04756004707893737,0.995,303.8730841675049,2500,5000
Scalar region null,Conventional,124163,0.7896,0.0057642317788236105,0.7783021057135057,0.8008978942864943,0.995,303.8730841675049,2500,5000
Scalar region null,Anytime-valid,125414,0.042,0.002836758713743557,0.036439952921062634,0.04756004707893737,0.995,303.8730841675049,2500,5000
Scalar region null,Conventional,125414,0.7896,0.0057642317788236105,0.7783021057135057,0.8008978942864943,0.995,303.8730841675049,2500,5000
Scalar region null,Anytime-valid,126677,0.042,0.002836758713743557,0.036439952921062634,0.04756004707893737,0.995,303.8730841675049,2500,5000
Scalar region null,Conventional,126677,0.7898,0.005762221099541392,0.7785060466448989,0.801093953355101,0.995,303.8730841675049,2500,5000
Scalar region null,Anytime-valid,127954,0.042,0.002836758713743557,0.036439952921062634,0.04756004707893737,0.995,303.8730841675049,2500,5000
Scalar region null,Conventional,127954,0.7904,0.00575617650875996,0.7791178940428305,0.8016821059571695,0.995,303.8730841675049,2500,5000
Scalar region null,Anytime-valid,129243,0.042,0.002836758713743557,0.036439952921062634,0.04756004707893737,0.995,303.8730841675049,2500,5000
Scalar region null,Conventional,129243,0.791,0.00575011304236708,0.7797297784369606,0.8022702215630395,0.995,303.8730841675049,2500,5000
Scalar region null,Anytime-valid,130545,0.042,0.002836758713743557,0.036439952921062634,0.04756004707893737,0.995,303.8730841675049,2500,5000
Scalar region null,Conventional,130545,0.7914,0.005746060215486782,0.7801377219776459,0.8026622780223541,0.995,303.8730841675049,2500,5000
Scalar region null,Anytime-valid,131860,0.042,0.002836758713743557,0.036439952921062634,0.04756004707893737,0.995,303.8730841675049,2500,5000
Scalar region null,Conventional,131860,0.7916,0.0057440306405867995,0.7803416999444498,0.8028583000555501,0.995,303.8730841675049,2500,5000
Scalar region null,Anytime-valid,133189,0.042,0.002836758713743557,0.036439952921062634,0.04756004707893737,0.995,303.8730841675049,2500,5000
Scalar region null,Conventional,133189,0.7922,0.005737929243202638,0.7809536586833229,0.8034463413166771,0.995,303.8730841675049,2500,5000
Scalar region null,Anytime-valid,134531,0.042,0.002836758713743557,0.036439952921062634,0.04756004707893737,0.995,303.8730841675049,2500,5000
Scalar region null,Conventional,134531,0.7922,0.005737929243202638,0.7809536586833229,0.8034463413166771,0.995,303.8730841675049,2500,5000
Scalar region null,Anytime-valid,135886,0.042,0.002836758713743557,0.036439952921062634,0.04756004707893737,0.995,303.8730841675049,2500,5000
Scalar region null,Conventional,135886,0.7922,0.005737929243202638,0.7809536586833229,0.8034463413166771,0.995,303.8730841675049,2500,5000
Scalar region null,Anytime-valid,137255,0.042,0.002836758713743557,0.036439952921062634,0.04756004707893737,0.995,303.8730841675049,2500,5000
Scalar region null,Conventional,137255,0.7922,0.005737929243202638,0.7809536586833229,0.8034463413166771,0.995,303.8730841675049,2500,5000
Scalar region null,Anytime-valid,138638,0.042,0.002836758713743557,0.036439952921062634,0.04756004707893737,0.995,303.8730841675049,2500,5000
Scalar region null,Conventional,138638,0.7924,0.0057358912123575,0.7811576532237793,0.8036423467762207,0.995,303.8730841675049,2500,5000
Scalar region null,Anytime-valid,140035,0.042,0.002836758713743557,0.036439952921062634,0.04756004707893737,0.995,303.8730841675049,2500,5000
Scalar region null,Conventional,140035,0.793,0.005729764393061899,0.7817696617895987,0.8042303382104014,0.995,303.8730841675049,2500,5000
Scalar region null,Anytime-valid,141446,0.042,0.002836758713743557,0.036439952921062634,0.04756004707893737,0.995,303.8730841675049,2500,5000
Scalar region null,Conventional,141446,0.793,0.005729764393061899,0.7817696617895987,0.8042303382104014,0.995,303.8730841675049,2500,5000
Scalar region null,Anytime-valid,142871,0.042,0.002836758713743557,0.036439952921062634,0.04756004707893737,0.995,303.8730841675049,2500,5000
Scalar region null,Conventional,142871,0.793,0.005729764393061899,0.7817696617895987,0.8042303382104014,0.995,303.8730841675049,2500,5000
Scalar region null,Anytime-valid,144311,0.042,0.002836758713743557,0.036439952921062634,0.04756004707893737,0.995,303.8730841675049,2500,5000
Scalar region null,Conventional,144311,0.793,0.005729764393061899,0.7817696617895987,0.8042303382104014,0.995,303.8730841675049,2500,5000
Scalar region null,Anytime-valid,145765,0.042,0.002836758713743557,0.036439952921062634,0.04756004707893737,0.995,303.8730841675049,2500,5000
Scalar region null,Conventional,145765,0.793,0.005729764393061899,0.7817696617895987,0.8042303382104014,0.995,303.8730841675049,2500,5000
Scalar region null,Anytime-valid,147233,0.042,0.002836758713743557,0.036439952921062634,0.04756004707893737,0.995,303.8730841675049,2500,5000
Scalar region null,Conventional,147233,0.793,0.005729764393061899,0.7817696617895987,0.8042303382104014,0.995,303.8730841675049,2500,5000
Scalar region null,Anytime-valid,148717,0.042,0.002836758713743557,0.036439952921062634,0.04756004707893737,0.995,303.8730841675049,2500,5000
Scalar region null,Conventional,148717,0.793,0.005729764393061899,0.7817696617895987,0.8042303382104014,0.995,303.8730841675049,2500,5000
Scalar region null,Anytime-valid,150215,0.042,0.002836758713743557,0.036439952921062634,0.04756004707893737,0.995,303.8730841675049,2500,5000
Scalar region null,Conventional,150215,0.7932,0.005727717870146888,0.7819736729745121,0.8044263270254879,0.995,303.8730841675049,2500,5000
Scalar region null,Anytime-valid,151729,0.042,0.002836758713743557,0.036439952921062634,0.04756004707893737,0.995,303.8730841675049,2500,5000
Scalar region null,Conventional,151729,0.7936,0.005723618435919711,0.7823817078655974,0.8048182921344026,0.995,303.8730841675049,2500,5000
Scalar region null,Anytime-valid,153257,0.0422,0.0028432080472592927,0.03662731222737179,0.04777268777262821,0.995,303.8730841675049,2500,5000
Scalar region null,Conventional,153257,0.7938,0.005721565520030336,0.7825857315807405,0.8050142684192594,0.995,303.8730841675049,2500,5000
Scalar region null,Anytime-valid,154802,0.0422,0.0028432080472592927,0.03662731222737179,0.04777268777262821,0.995,303.8730841675049,2500,5000
Scalar region null,Conventional,154802,0.7938,0.005721565520030336,0.7825857315807405,0.8050142684192594,0.995,303.8730841675049,2500,5000
Scalar region null,Anytime-valid,156361,0.0422,0.0028432080472592927,0.03662731222737179,0.04777268777262821,0.995,303.8730841675049,2500,5000
Scalar region null,Conventional,156361,0.794,0.005719510468562847,0.7827897594816169,0.8052102405183832,0.995,303.8730841675049,2500,5000
Scalar region null,Anytime-valid,157937,0.0422,0.0028432080472592927,0.03662731222737179,0.04777268777262821,0.995,303.8730841675049,2500,5000
Scalar region null,Conventional,157937,0.7942,0.005717453279214444,0.7829937915727397,0.8054062084272603,0.995,303.8730841675049,2500,5000
Scalar region null,Anytime-valid,159528,0.0422,0.0028432080472592927,0.03662731222737179,0.04777268777262821,0.995,303.8730841675049,2500,5000
Scalar region null,Conventional,159528,0.7948,0.005711268860769908,0.783605913032891,0.805994086967109,0.995,303.8730841675049,2500,5000
Scalar region null,Anytime-valid,161135,0.0422,0.0028432080472592927,0.03662731222737179,0.04777268777262821,0.995,303.8730841675049,2500,5000
Scalar region null,Conventional,161135,0.795,0.0057092030967552726,0.7838099619303597,0.8061900380696404,0.995,303.8730841675049,2500,5000
Scalar region null,Anytime-valid,162759,0.0422,0.0028432080472592927,0.03662731222737179,0.04777268777262821,0.995,303.8730841675049,2500,5000
Scalar region null,Conventional,162759,0.7954,0.005705065117945631,0.7842180723688266,0.8065819276311734,0.995,303.8730841675049,2500,5000
Scalar region null,Anytime-valid,164399,0.0424,0.0028496399772602854,0.03681470564456984,0.04798529435543016,0.995,303.8730841675049,2500,5000
Scalar region null,Conventional,164399,0.7956,0.005702992898470065,0.7844221339189986,0.8067778660810013,0.995,303.8730841675049,2500,5000
Scalar region null,Anytime-valid,166055,0.0424,0.0028496399772602854,0.03681470564456984,0.04798529435543016,0.995,303.8730841675049,2500,5000
Scalar region null,Conventional,166055,0.796,0.005698841987632224,0.7848302697042409,0.8071697302957592,0.995,303.8730841675049,2500,5000
Scalar region null,Anytime-valid,167728,0.0424,0.0028496399772602854,0.03681470564456984,0.04798529435543016,0.995,303.8730841675049,2500,5000
Scalar region null,Conventional,167728,0.7966,0.005692599406246676,0.7854425051637565,0.8077574948362435,0.995,303.8730841675049,2500,5000
Scalar region null,Anytime-valid,169418,0.0424,0.0028496399772602854,0.03681470564456984,0.04798529435543016,0.995,303.8730841675049,2500,5000
Scalar region null,Conventional,169418,0.7974,0.005684245596383041,0.7862588786310892,0.8085411213689108,0.995,303.8730841675049,2500,5000
Scalar region null,Anytime-valid,171125,0.0424,0.0028496399772602854,0.03681470564456984,0.04798529435543016,0.995,303.8730841675049,2500,5000
Scalar region null,Conventional,171125,0.7978,0.0056800556335303625,0.7866670909582805,0.8089329090417194,0.995,303.8730841675049,2500,5000
Scalar region null,Anytime-valid,172849,0.0424,0.0028496399772602854,0.03681470564456984,0.04798529435543016,0.995,303.8730841675049,2500,5000
Scalar region null,Conventional,172849,0.7986,0.005671649495517155,0.7874835669887863,0.8097164330112137,0.995,303.8730841675049,2500,5000
Scalar region null,Anytime-valid,174591,0.0424,0.0028496399772602854,0.03681470564456984,0.04798529435543016,0.995,303.8730841675049,2500,5000
Scalar region null,Conventional,174591,0.7986,0.005671649495517155,0.7874835669887863,0.8097164330112137,0.995,303.8730841675049,2500,5000
Scalar region null,Anytime-valid,176350,0.0424,0.0028496399772602854,0.03681470564456984,0.04798529435543016,0.995,303.8730841675049,2500,5000
Scalar region null,Conventional,176350,0.7988,0.005669542485950697,0.7876876967275366,0.8099123032724633,0.995,303.8730841675049,2500,5000
Scalar region null,Anytime-valid,178127,0.0424,0.0028496399772602854,0.03681470564456984,0.04798529435543016,0.995,303.8730841675049,2500,5000
Scalar region null,Conventional,178127,0.7988,0.005669542485950697,0.7876876967275366,0.8099123032724633,0.995,303.8730841675049,2500,5000
Scalar region null,Anytime-valid,179922,0.0424,0.0028496399772602854,0.03681470564456984,0.04798529435543016,0.995,303.8730841675049,2500,5000
Scalar region null,Conventional,179922,0.7988,0.005669542485950697,0.7876876967275366,0.8099123032724633,0.995,303.8730841675049,2500,5000
Scalar region null,Anytime-valid,181734,0.0424,0.0028496399772602854,0.03681470564456984,0.04798529435543016,0.995,303.8730841675049,2500,5000
Scalar region null,Conventional,181734,0.7994,0.0056632082779993174,0.7883001117751214,0.8104998882248786,0.995,303.8730841675049,2500,5000
Scalar region null,Anytime-valid,183565,0.0424,0.0028496399772602854,0.03681470564456984,0.04798529435543016,0.995,303.8730841675049,2500,5000
Scalar region null,Conventional,183565,0.7996,0.0056610924740724735,0.788504258750818,0.810695741249182,0.995,303.8730841675049,2500,5000
Scalar region null,Anytime-valid,185415,0.0424,0.0028496399772602854,0.03681470564456984,0.04798529435543016,0.995,303.8730841675049,2500,5000
Scalar region null,Conventional,185415,0.7998,0.005658974465395652,0.7887084100478244,0.8108915899521755,0.995,303.8730841675049,2500,5000
Scalar region null,Anytime-valid,187283,0.0424,0.0028496399772602854,0.03681470564456984,0.04798529435543016,0.995,303.8730841675049,2500,5000
Scalar region null,Conventional,187283,0.7998,0.005658974465395652,0.7887084100478244,0.8108915899521755,0.995,303.8730841675049,2500,5000
Scalar region null,Anytime-valid,189170,0.0424,0.0028496399772602854,0.03681470564456984,0.04798529435543016,0.995,303.8730841675049,2500,5000
Scalar region null,Conventional,189170,0.8,0.005656854249492379,0.788912565670995,0.8110874343290051,0.995,303.8730841675049,2500,5000
Scalar region null,Anytime-valid,191076,0.0424,0.0028496399772602854,0.03681470564456984,0.04798529435543016,0.995,303.8730841675049,2500,5000
Scalar region null,Conventional,191076,0.8004,0.005652607186069097,0.7893208899153046,0.8114791100846954,0.995,303.8730841675049,2500,5000
Scalar region null,Anytime-valid,193001,0.0424,0.0028496399772602854,0.03681470564456984,0.04798529435543016,0.995,303.8730841675049,2500,5000
Scalar region null,Conventional,193001,0.8008,0.005648351263864528,0.7897292315228255,0.8118707684771744,0.995,303.8730841675049,2500,5000
Scalar region null,Anytime-valid,194946,0.0424,0.0028496399772602854,0.03681470564456984,0.04798529435543016,0.995,303.8730841675049,2500,5000
Scalar region null,Conventional,194946,0.8008,0.005648351263864528,0.7897292315228255,0.8118707684771744,0.995,303.8730841675049,2500,5000
Scalar region null,Anytime-valid,196910,0.0424,0.0028496399772602854,0.03681470564456984,0.04798529435543016,0.995,303.8730841675049,2500,5000
Scalar region null,Conventional,196910,0.801,0.00564621997446079,0.7899334088500569,0.8120665911499432,0.995,303.8730841675049,2500,5000
Scalar region null,Anytime-valid,198894,0.0424,0.0028496399772602854,0.03681470564456984,0.04798529435543016,0.995,303.8730841675049,2500,5000
Scalar region null,Conventional,198894,0.8016,0.00563981276284949,0.7905459669848149,0.812654033015185,0.995,303.8730841675049,2500,5000
Scalar region null,Anytime-valid,200898,0.0424,0.0028496399772602854,0.03681470564456984,0.04798529435543016,0.995,303.8730841675049,2500,5000
Scalar region null,Conventional,200898,0.8018,0.005637672569420825,0.7907501617639351,0.8128498382360648,0.995,303.8730841675049,2500,5000
Scalar region null,Anytime-valid,202922,0.0424,0.0028496399772602854,0.03681470564456984,0.04798529435543016,0.995,303.8730841675049,2500,5000
Scalar region null,Conventional,202922,0.802,0.005635530143651083,0.790954360918444,0.8130456390815561,0.995,303.8730841675049,2500,5000
Scalar region null,Anytime-valid,204967,0.0424,0.0028496399772602854,0.03681470564456984,0.04798529435543016,0.995,303.8730841675049,2500,5000
Scalar region null,Conventional,204967,0.8022,0.00563338548299333,0.7911585644533331,0.813241435546667,0.995,303.8730841675049,2500,5000
Scalar region null,Anytime-valid,207032,0.0424,0.0028496399772602854,0.03681470564456984,0.04798529435543016,0.995,303.8730841675049,2500,5000
Scalar region null,Conventional,207032,0.8022,0.00563338548299333,0.7911585644533331,0.813241435546667,0.995,303.8730841675049,2500,5000
Scalar region null,Anytime-valid,209118,0.0424,0.0028496399772602854,0.03681470564456984,0.04798529435543016,0.995,303.8730841675049,2500,5000
Scalar region null,Conventional,209118,0.8024,0.005631238584894091,0.7913627723736076,0.8134372276263924,0.995,303.8730841675049,2500,5000
Scalar region null,Anytime-valid,211225,0.0424,0.0028496399772602854,0.03681470564456984,0.04798529435543016,0.995,303.8730841675049,2500,5000
Scalar region null,Conventional,211225,0.8026,0.005629089446793327,0.7915669846842851,0.8136330153157149,0.995,303.8730841675049,2500,5000
Scalar region null,Anytime-valid,213353,0.0424,0.0028496399772602854,0.03681470564456984,0.04798529435543016,0.995,303.8730841675049,2500,5000
Scalar region null,Conventional,213353,0.803,0.005624784440314135,0.7919754224969844,0.8140245775030157,0.995,303.8730841675049,2500,5000
Scalar region null,Anytime-valid,215502,0.0424,0.0028496399772602854,0.03681470564456984,0.04798529435543016,0.995,303.8730841675049,2500,5000
Scalar region null,Conventional,215502,0.8032,0.005622628566782621,0.7921796480091061,0.8142203519908939,0.995,303.8730841675049,2500,5000
Scalar region null,Anytime-valid,217674,0.0426,0.00285605462132642,0.037002132942200214,0.048197867057799784,0.995,303.8730841675049,2500,5000
Scalar region null,Conventional,217674,0.8032,0.005622628566782621,0.7921796480091061,0.8142203519908939,0.995,303.8730841675049,2500,5000
Scalar region null,Anytime-valid,219867,0.0426,0.00285605462132642,0.037002132942200214,0.048197867057799784,0.995,303.8730841675049,2500,5000
Scalar region null,Conventional,219867,0.8036,0.005618310066203182,0.7925881122702417,0.8146118877297582,0.995,303.8730841675049,2500,5000
Scalar region null,Anytime-valid,222082,0.0426,0.00285605462132642,0.037002132942200214,0.048197867057799784,0.995,303.8730841675049,2500,5000
Scalar region null,Conventional,222082,0.8036,0.005618310066203182,0.7925881122702417,0.8146118877297582,0.995,303.8730841675049,2500,5000
Scalar region null,Anytime-valid,224320,0.0426,0.00285605462132642,0.037002132942200214,0.048197867057799784,0.995,303.8730841675049,2500,5000
Scalar region null,Conventional,224320,0.804,0.005613982543613757,0.7929965942145171,0.815003405785483,0.995,303.8730841675049,2500,5000
Scalar region null,Anytime-valid,226580,0.0426,0.00285605462132642,0.037002132942200214,0.048197867057799784,0.995,303.8730841675049,2500,5000
Scalar region null,Conventional,226580,0.8042,0.005611815392544555,0.7932008418306127,0.8151991581693874,0.995,303.8730841675049,2500,5000
Scalar region null,Anytime-valid,228863,0.0426,0.00285605462132642,0.037002132942200214,0.048197867057799784,0.995,303.8730841675049,2500,5000
Scalar region null,Conventional,228863,0.8044,0.005609645978134449,0.7934050938828565,0.8153949061171435,0.995,303.8730841675049,2500,5000
Scalar region null,Anytime-valid,231169,0.0426,0.00285605462132642,0.037002132942200214,0.048197867057799784,0.995,303.8730841675049,2500,5000
Scalar region null,Conventional,231169,0.8046,0.005607474297756522,0.7936093503763972,0.8155906496236027,0.995,303.8730841675049,2500,5000
Scalar region null,Anytime-valid,233498,0.0426,0.00285605462132642,0.037002132942200214,0.048197867057799784,0.995,303.8730841675049,2500,5000
Scalar region null,Conventional,233498,0.8048,0.00560530034877704,0.7938136113163969,0.815786388683603,0.995,303.8730841675049,2500,5000
Scalar region null,Anytime-valid,235850,0.0426,0.00285605462132642,0.037002132942200214,0.048197867057799784,0.995,303.8730841675049,2500,5000
Scalar region null,Conventional,235850,0.8054,0.005598764863789156,0.7944264208669732,0.8163735791330268,0.995,303.8730841675049,2500,5000
Scalar region null,Anytime-valid,238227,0.0426,0.00285605462132642,0.037002132942200214,0.048197867057799784,0.995,303.8730841675049,2500,5000
Scalar region null,Conventional,238227,0.806,0.0055922088659133605,0.7950392706228099,0.8169607293771902,0.995,303.8730841675049,2500,5000
Scalar region null,Anytime-valid,240627,0.0426,0.00285605462132642,0.037002132942200214,0.048197867057799784,0.995,303.8730841675049,2500,5000
Scalar region null,Conventional,240627,0.806,0.0055922088659133605,0.7950392706228099,0.8169607293771902,0.995,303.8730841675049,2500,5000
Scalar region null,Anytime-valid,243051,0.0428,0.0028624520956690267,0.03718959389248871,0.04841040610751129,0.995,303.8730841675049,2500,5000
Scalar region null,Conventional,243051,0.806,0.0055922088659133605,0.7950392706228099,0.8169607293771902,0.995,303.8730841675049,2500,5000
Scalar region null,Anytime-valid,245500,0.0428,0.0028624520956690267,0.03718959389248871,0.04841040610751129,0.995,303.8730841675049,2500,5000
Scalar region null,Conventional,245500,0.806,0.0055922088659133605,0.7950392706228099,0.8169607293771902,0.995,303.8730841675049,2500,5000
Scalar region null,Anytime-valid,247974,0.0428,0.0028624520956690267,0.03718959389248871,0.04841040610751129,0.995,303.8730841675049,2500,5000
Scalar region null,Conventional,247974,0.8062,0.005590018962400753,0.7952435628336946,0.8171564371663055,0.995,303.8730841675049,2500,5000
Scalar region null,Anytime-valid,250472,0.0428,0.0028624520956690267,0.03718959389248871,0.04841040610751129,0.995,303.8730841675049,2500,5000
Scalar region null,Conventional,250472,0.8064,0.005587826768968416,0.7954478595328219,0.8173521404671781,0.995,303.8730841675049,2500,5000
Scalar region null,Anytime-valid,252996,0.0428,0.0028624520956690267,0.03718959389248871,0.04841040610751129,0.995,303.8730841675049,2500,5000
Scalar region null,Conventional,252996,0.8064,0.005587826768968416,0.7954478595328219,0.8173521404671781,0.995,303.8730841675049,2500,5000
Scalar region null,Anytime-valid,255545,0.0428,0.0028624520956690267,0.03718959389248871,0.04841040610751129,0.995,303.8730841675049,2500,5000
Scalar region null,Conventional,255545,0.8068,0.005583435501552786,0.7958564664169565,0.8177435335830434,0.995,303.8730841675049,2500,5000
Scalar region null,Anytime-valid,258120,0.0428,0.0028624520956690267,0.03718959389248871,0.04841040610751129,0.995,303.8730841675049,2500,5000
Scalar region null,Conventional,258120,0.807,0.005581236422155936,0.7960607766125745,0.8179392233874256,0.995,303.8730841675049,2500,5000
Scalar region null,Anytime-valid,260720,0.0428,0.0028624520956690267,0.03718959389248871,0.04841040610751129,0.995,303.8730841675049,2500,5000
Scalar region null,Conventional,260720,0.807,0.005581236422155936,0.7960607766125745,0.8179392233874256,0.995,303.8730841675049,2500,5000
Scalar region null,Anytime-valid,263347,0.0428,0.0028624520956690267,0.03718959389248871,0.04841040610751129,0.995,303.8730841675049,2500,5000
Scalar region null,Conventional,263347,0.8074,0.005576831358396988,0.7964694105375419,0.8183305894624581,0.995,303.8730841675049,2500,5000
Scalar region null,Anytime-valid,266001,0.0428,0.0028624520956690267,0.03718959389248871,0.04841040610751129,0.995,303.8730841675049,2500,5000
Scalar region null,Conventional,266001,0.8074,0.005576831358396988,0.7964694105375419,0.8183305894624581,0.995,303.8730841675049,2500,5000
Scalar region null,Anytime-valid,268681,0.0428,0.0028624520956690267,0.03718959389248871,0.04841040610751129,0.995,303.8730841675049,2500,5000
Scalar region null,Conventional,268681,0.8078,0.0055724170698180885,0.7968780625431565,0.8187219374568434,0.995,303.8730841675049,2500,5000
Scalar region null,Anytime-valid,271388,0.0428,0.0028624520956690267,0.03718959389248871,0.04841040610751129,0.995,303.8730841675049,2500,5000
Scalar region null,Conventional,271388,0.808,0.005570206459369347,0.7970823953396361,0.818917604660364,0.995,303.8730841675049,2500,5000
Scalar region null,Anytime-valid,274122,0.0428,0.0028624520956690267,0.03718959389248871,0.04841040610751129,0.995,303.8730841675049,2500,5000
Scalar region null,Conventional,274122,0.8084,0.00556577829238643,0.7974910745469226,0.8193089254530774,0.995,303.8730841675049,2500,5000
Scalar region null,Anytime-valid,276884,0.0428,0.0028624520956690267,0.03718959389248871,0.04841040610751129,0.995,303.8730841675049,2500,5000
Scalar region null,Conventional,276884,0.8086,0.005563560730323702,0.7976954209685655,0.8195045790314345,0.995,303.8730841675049,2500,5000
Scalar region null,Anytime-valid,279674,0.0428,0.0028624520956690267,0.03718959389248871,0.04841040610751129,0.995,303.8730841675049,2500,5000
Scalar region null,Conventional,279674,0.809,0.0055591186351795,0.7981041274750482,0.8198958725249519,0.995,303.8730841675049,2500,5000
Scalar region null,Anytime-valid,282492,0.0428,0.0028624520956690267,0.03718959389248871,0.04841040610751129,0.995,303.8730841675049,2500,5000
Scalar region null,Conventional,282492,0.809,0.0055591186351795,0.7981041274750482,0.8198958725249519,0.995,303.8730841675049,2500,5000
Scalar region null,Anytime-valid,285338,0.0428,0.0028624520956690267,0.03718959389248871,0.04841040610751129,0.995,303.8730841675049,2500,5000
Scalar region null,Conventional,285338,0.8094,0.005554667226756253,0.7985128522355578,0.8202871477644422,0.995,303.8730841675049,2500,5000
Scalar region null,Anytime-valid,288213,0.0428,0.0028624520956690267,0.03718959389248871,0.04841040610751129,0.995,303.8730841675049,2500,5000
Scalar region null,Conventional,288213,0.8098,0.005550206482645489,0.7989215952940149,0.8206784047059851,0.995,303.8730841675049,2500,5000
Scalar region null,Anytime-valid,291117,0.0428,0.0028624520956690267,0.03718959389248871,0.04841040610751129,0.995,303.8730841675049,2500,5000
Scalar region null,Conventional,291117,0.81,0.005547972602672078,0.7991259736987628,0.8208740263012373,0.995,303.8730841675049,2500,5000
Scalar region null,Anytime-valid,294050,0.0428,0.0028624520956690267,0.03718959389248871,0.04841040610751129,0.995,303.8730841675049,2500,5000
Scalar region null,Conventional,294050,0.8102,0.005545736380319569,0.7993303566945736,0.8210696433054264,0.995,303.8730841675049,2500,5000
Scalar region null,Anytime-valid,297013,0.0428,0.0028624520956690267,0.03718959389248871,0.04841040610751129,0.995,303.8730841675049,2500,5000
Scalar region null,Conventional,297013,0.8102,0.005545736380319569,0.7993303566945736,0.8210696433054264,0.995,303.8730841675049,2500,5000
Scalar region null,Anytime-valid,300005,0.0428,0.0028624520956690267,0.03718959389248871,0.04841040610751129,0.995,303.8730841675049,2500,5000
Scalar region null,Conventional,300005,0.8102,0.005545736380319569,0.7993303566945736,0.8210696433054264,0.995,303.8730841675049,2500,5000
Scalar region null,Anytime-valid,303028,0.0428,0.0028624520956690267,0.03718959389248871,0.04841040610751129,0.995,303.8730841675049,2500,5000
Scalar region null,Conventional,303028,0.8102,0.005545736380319569,0.7993303566945736,0.8210696433054264,0.995,303.8730841675049,2500,5000
Scalar region null,Anytime-valid,306081,0.0428,0.0028624520956690267,0.03718959389248871,0.04841040610751129,0.995,303.8730841675049,2500,5000
Scalar region null,Conventional,306081,0.8102,0.005545736380319569,0.7993303566945736,0.8210696433054264,0.995,303.8730841675049,2500,5000
Scalar region null,Anytime-valid,309165,0.0428,0.0028624520956690267,0.03718959389248871,0.04841040610751129,0.995,303.8730841675049,2500,5000
Scalar region null,Conventional,309165,0.8102,0.005545736380319569,0.7993303566945736,0.8210696433054264,0.995,303.8730841675049,2500,5000
Scalar region null,Anytime-valid,312280,0.0428,0.0028624520956690267,0.03718959389248871,0.04841040610751129,0.995,303.8730841675049,2500,5000
Scalar region null,Conventional,312280,0.8104,0.005543497812753244,0.7995347442870037,0.8212652557129964,0.995,303.8730841675049,2500,5000
Scalar region null,Anytime-valid,315426,0.0428,0.0028624520956690267,0.03718959389248871,0.04841040610751129,0.995,303.8730841675049,2500,5000
Scalar region null,Conventional,315426,0.8106,0.005541256897130831,0.7997391364816235,0.8214608635183764,0.995,303.8730841675049,2500,5000
Scalar region null,Anytime-valid,318604,0.0428,0.0028624520956690267,0.03718959389248871,0.04841040610751129,0.995,303.8730841675049,2500,5000
Scalar region null,Conventional,318604,0.8106,0.005541256897130831,0.7997391364816235,0.8214608635183764,0.995,303.8730841675049,2500,5000
Scalar region null,Anytime-valid,321815,0.0428,0.0028624520956690267,0.03718959389248871,0.04841040610751129,0.995,303.8730841675049,2500,5000
Scalar region null,Conventional,321815,0.8106,0.005541256897130831,0.7997391364816235,0.8214608635183764,0.995,303.8730841675049,2500,5000
Scalar region null,Anytime-valid,325057,0.0428,0.0028624520956690267,0.03718959389248871,0.04841040610751129,0.995,303.8730841675049,2500,5000
Scalar region null,Conventional,325057,0.8112,0.005534520033390429,0.8003523407345547,0.8220476592654453,0.995,303.8730841675049,2500,5000
Scalar region null,Anytime-valid,328332,0.0428,0.0028624520956690267,0.03718959389248871,0.04841040610751129,0.995,303.8730841675049,2500,5000
Scalar region null,Conventional,328332,0.8114,0.005532269696968867,0.800556751393941,0.822243248606059,0.995,303.8730841675049,2500,5000
Scalar region null,Anytime-valid,331640,0.0428,0.0028624520956690267,0.03718959389248871,0.04841040610751129,0.995,303.8730841675049,2500,5000
Scalar region null,Conventional,331640,0.8116,0.005530016998165557,0.8007611666835955,0.8224388333164044,0.995,303.8730841675049,2500,5000
Scalar region null,Anytime-valid,334982,0.0428,0.0028624520956690267,0.03718959389248871,0.04841040610751129,0.995,303.8730841675049,2500,5000
Scalar region null,Conventional,334982,0.8116,0.005530016998165557,0.8007611666835955,0.8224388333164044,0.995,303.8730841675049,2500,5000
Scalar region null,Anytime-valid,338357,0.0428,0.0028624520956690267,0.03718959389248871,0.04841040610751129,0.995,303.8730841675049,2500,5000
Scalar region null,Conventional,338357,0.8116,0.005530016998165557,0.8007611666835955,0.8224388333164044,0.995,303.8730841675049,2500,5000
Scalar region null,Anytime-valid,341766,0.0428,0.0028624520956690267,0.03718959389248871,0.04841040610751129,0.995,303.8730841675049,2500,5000
Scalar region null,Conventional,341766,0.8118,0.005527761934092315,0.800965586609179,0.8226344133908209,0.995,303.8730841675049,2500,5000
Scalar region null,Anytime-valid,345209,0.0428,0.0028624520956690267,0.03718959389248871,0.04841040610751129,0.995,303.8730841675049,2500,5000
Scalar region null,Conventional,345209,0.8122,0.005523244698544506,0.8013744403908528,0.8230255596091473,0.995,303.8730841675049,2500,5000
Scalar region null,Anytime-valid,348688,0.0428,0.0028624520956690267,0.03718959389248871,0.04841040610751129,0.995,303.8730841675049,2500,5000
Scalar region null,Conventional,348688,0.8122,0.005523244698544506,0.8013744403908528,0.8230255596091473,0.995,303.8730841675049,2500,5000
Scalar region null,Anytime-valid,352201,0.0428,0.0028624520956690267,0.03718959389248871,0.04841040610751129,0.995,303.8730841675049,2500,5000
Scalar region null,Conventional,352201,0.8126,0.005518717967064452,0.8017833127845536,0.8234166872154464,0.995,303.8730841675049,2500,5000
Scalar region null,Anytime-valid,355749,0.0428,0.0028624520956690267,0.03718959389248871,0.04841040610751129,0.995,303.8730841675049,2500,5000
Scalar region null,Conventional,355749,0.8132,0.005511910013779252,0.8023966563729927,0.8240033436270073,0.995,303.8730841675049,2500,5000
Scalar region null,Anytime-valid,359334,0.0428,0.0028624520956690267,0.03718959389248871,0.04841040610751129,0.995,303.8730841675049,2500,5000
Scalar region null,Conventional,359334,0.8138,0.005505080562534939,0.8030100420974315,0.8245899579025684,0.995,303.8730841675049,2500,5000
Scalar region null,Anytime-valid,362954,0.043,0.0028688325151531584,0.037377088270299806,0.04862291172970019,0.995,303.8730841675049,2500,5000
Scalar region null,Conventional,362954,0.814,0.00550279928763534,0.8032145133962347,0.8247854866037652,0.995,303.8730841675049,2500,5000
Scalar region null,Anytime-valid,366611,0.043,0.0028688325151531584,0.037377088270299806,0.04862291172970019,0.995,303.8730841675049,2500,5000
Scalar region null,Conventional,366611,0.8142,0.005500515612194915,0.803418989400098,0.824981010599902,0.995,303.8730841675049,2500,5000
Scalar region null,Anytime-valid,370305,0.043,0.0028688325151531584,0.037377088270299806,0.04862291172970019,0.995,303.8730841675049,2500,5000
Scalar region null,Conventional,370305,0.8148,0.00549365015267627,0.8040324457007545,0.8255675542992454,0.995,303.8730841675049,2500,5000
Scalar region null,Anytime-valid,374036,0.043,0.0028688325151531584,0.037377088270299806,0.04862291172970019,0.995,303.8730841675049,2500,5000
Scalar region null,Conventional,374036,0.8152,0.005489061121904182,0.8044414402010679,0.8259585597989322,0.995,303.8730841675049,2500,5000
Scalar region null,Anytime-valid,377805,0.043,0.0028688325151531584,0.037377088270299806,0.04862291172970019,0.995,303.8730841675049,2500,5000
Scalar region null,Conventional,377805,0.8156,0.00548446241668224,0.8048504536633028,0.8263495463366972,0.995,303.8730841675049,2500,5000
Scalar region null,Anytime-valid,381611,0.043,0.0028688325151531584,0.037377088270299806,0.04862291172970019,0.995,303.8730841675049,2500,5000
Scalar region null,Conventional,381611,0.8158,0.005482159428546383,0.805054967520049,0.8265450324799509,0.995,303.8730841675049,2500,5000
Scalar region null,Anytime-valid,385456,0.043,0.0028688325151531584,0.037377088270299806,0.04862291172970019,0.995,303.8730841675049,2500,5000
Scalar region null,Conventional,385456,0.816,0.005479854012653987,0.8052594861351982,0.8267405138648017,0.995,303.8730841675049,2500,5000
Scalar region null,Anytime-valid,389340,0.043,0.0028688325151531584,0.037377088270299806,0.04862291172970019,0.995,303.8730841675049,2500,5000
Scalar region null,Conventional,389340,0.8162,0.005477546165939635,0.8054640095147584,0.8269359904852417,0.995,303.8730841675049,2500,5000
Scalar region null,Anytime-valid,393262,0.043,0.0028688325151531584,0.037377088270299806,0.04862291172970019,0.995,303.8730841675049,2500,5000
Scalar region null,Conventional,393262,0.8166,0.005472923167741349,0.8058730705912269,0.8273269294087731,0.995,303.8730841675049,2500,5000
Scalar region null,Anytime-valid,397225,0.043,0.0028688325151531584,0.037377088270299806,0.04862291172970019,0.995,303.8730841675049,2500,5000
Scalar region null,Conventional,397225,0.817,0.005468290409259553,0.8062821507978513,0.8277178492021486,0.995,303.8730841675049,2500,5000
Scalar region null,Anytime-valid,401227,0.043,0.0028688325151531584,0.037377088270299806,0.04862291172970019,0.995,303.8730841675049,2500,5000
Scalar region null,Conventional,401227,0.8174,0.005463647865666307,0.806691250183294,0.828108749816706,0.995,303.8730841675049,2500,5000
Scalar region null,Anytime-valid,405270,0.0432,0.002875195993319412,0.03756461585309395,0.04883538414690605,0.995,303.8730841675049,2500,5000
Scalar region null,Conventional,405270,0.8178,0.00545899551199669,0.8071003687964865,0.8284996312035134,0.995,303.8730841675049,2500,5000
Scalar region null,Anytime-valid,409353,0.0432,0.002875195993319412,0.03756461585309395,0.04883538414690605,0.995,303.8730841675049,2500,5000
Scalar region null,Conventional,409353,0.8178,0.00545899551199669,0.8071003687964865,0.8284996312035134,0.995,303.8730841675049,2500,5000
Scalar region null,Anytime-valid,413477,0.0432,0.002875195993319412,0.03756461585309395,0.04883538414690605,0.995,303.8730841675049,2500,5000
Scalar region null,Conventional,413477,0.8182,0.005454333323147752,0.8075095066866305,0.8288904933133696,0.995,303.8730841675049,2500,5000
Scalar region null,Anytime-valid,417643,0.0432,0.002875195993319412,0.03756461585309395,0.04883538414690605,0.995,303.8730841675049,2500,5000
Scalar region null,Conventional,417643,0.8184,0.005451998532648372,0.8077140828760092,0.8290859171239908,0.995,303.8730841675049,2500,5000
Scalar region null,Anytime-valid,421851,0.0432,0.002875195993319412,0.03756461585309395,0.04883538414690605,0.995,303.8730841675049,2500,5000
Scalar region null,Conventional,421851,0.8188,0.005447321543657947,0.8081232497744304,0.8294767502255695,0.995,303.8730841675049,2500,5000
Scalar region null,Anytime-valid,426102,0.0432,0.002875195993319412,0.03756461585309395,0.04883538414690605,0.995,303.8730841675049,2500,5000
Scalar region null,Conventional,426102,0.8188,0.005447321543657947,0.8081232497744304,0.8294767502255695,0.995,303.8730841675049,2500,5000
Scalar region null,Anytime-valid,430395,0.0432,0.002875195993319412,0.03756461585309395,0.04883538414690605,0.995,303.8730841675049,2500,5000
Scalar region null,Conventional,430395,0.819,0.005444979338803776,0.8083278404959445,0.8296721595040554,0.995,303.8730841675049,2500,5000
Scalar region null,Anytime-valid,434731,0.0432,0.002875195993319412,0.03756461585309395,0.04883538414690605,0.995,303.8730841675049,2500,5000
Scalar region null,Conventional,434731,0.8192,0.00544263465612014,0.8085324360740046,0.8298675639259955,0.995,303.8730841675049,2500,5000
Scalar region null,Anytime-valid,439111,0.0432,0.002875195993319412,0.03756461585309395,0.04883538414690605,0.995,303.8730841675049,2500,5000
Scalar region null,Conventional,439111,0.8192,0.00544263465612014,0.8085324360740046,0.8298675639259955,0.995,303.8730841675049,2500,5000
Scalar region null,Anytime-valid,443536,0.0432,0.002875195993319412,0.03756461585309395,0.04883538414690605,0.995,303.8730841675049,2500,5000
Scalar region null,Conventional,443536,0.8192,0.00544263465612014,0.8085324360740046,0.8298675639259955,0.995,303.8730841675049,2500,5000
Scalar region null,Anytime-valid,448005,0.0432,0.002875195993319412,0.03756461585309395,0.04883538414690605,0.995,303.8730841675049,2500,5000
Scalar region null,Conventional,448005,0.8192,0.00544263465612014,0.8085324360740046,0.8298675639259955,0.995,303.8730841675049,2500,5000
Scalar region null,Anytime-valid,452518,0.0432,0.002875195993319412,0.03756461585309395,0.04883538414690605,0.995,303.8730841675049,2500,5000
Scalar region null,Conventional,452518,0.8192,0.00544263465612014,0.8085324360740046,0.8298675639259955,0.995,303.8730841675049,2500,5000
Scalar region null,Anytime-valid,457078,0.0432,0.002875195993319412,0.03756461585309395,0.04883538414690605,0.995,303.8730841675049,2500,5000
Scalar region null,Conventional,457078,0.8192,0.00544263465612014,0.8085324360740046,0.8298675639259955,0.995,303.8730841675049,2500,5000
Scalar region null,Anytime-valid,461683,0.0432,0.002875195993319412,0.03756461585309395,0.04883538414690605,0.995,303.8730841675049,2500,5000
Scalar region null,Conventional,461683,0.8194,0.00544028749240332,0.8087370365148895,0.8300629634851105,0.995,303.8730841675049,2500,5000
Scalar region null,Anytime-valid,466335,0.0432,0.002875195993319412,0.03756461585309395,0.04883538414690605,0.995,303.8730841675049,2500,5000
Scalar region null,Conventional,466335,0.8194,0.00544028749240332,0.8087370365148895,0.8300629634851105,0.995,303.8730841675049,2500,5000
Scalar region null,Anytime-valid,471033,0.0432,0.002875195993319412,0.03756461585309395,0.04883538414690605,0.995,303.8730841675049,2500,5000
Scalar region null,Conventional,471033,0.82,0.005433231082882451,0.8093508670775503,0.8306491329224496,0.995,303.8730841675049,2500,5000
Scalar region null,Anytime-valid,475779,0.0432,0.002875195993319412,0.03756461585309395,0.04883538414690605,0.995,303.8730841675049,2500,5000
Scalar region null,Conventional,475779,0.8206,0.005426152227868289,0.8099647416333782,0.8312352583666218,0.995,303.8730841675049,2500,5000
Scalar region null,Anytime-valid,480573,0.0432,0.002875195993319412,0.03756461585309395,0.04883538414690605,0.995,303.8730841675049,2500,5000
Scalar region null,Conventional,480573,0.8212,0.005419050839399829,0.8105786603547763,0.8318213396452238,0.995,303.8730841675049,2500,5000
Scalar region null,Anytime-valid,485415,0.0432,0.002875195993319412,0.03756461585309395,0.04883538414690605,0.995,303.8730841675049,2500,5000
Scalar region null,Conventional,485415,0.8216,0.0054143040180617856,0.810987964124599,0.832212035875401,0.995,303.8730841675049,2500,5000
Scalar region null,Anytime-valid,490306,0.0432,0.002875195993319412,0.03756461585309395,0.04883538414690605,0.995,303.8730841675049,2500,5000
Scalar region null,Conventional,490306,0.8216,0.0054143040180617856,0.810987964124599,0.832212035875401,0.995,303.8730841675049,2500,5000
Scalar region null,Anytime-valid,495246,0.0432,0.002875195993319412,0.03756461585309395,0.04883538414690605,0.995,303.8730841675049,2500,5000
Scalar region null,Conventional,495246,0.8216,0.0054143040180617856,0.810987964124599,0.832212035875401,0.995,303.8730841675049,2500,5000
Scalar region null,Anytime-valid,500236,0.0432,0.002875195993319412,0.03756461585309395,0.04883538414690605,0.995,303.8730841675049,2500,5000
Scalar region null,Conventional,500236,0.822,0.005409547115979304,0.8113972876526805,0.8326027123473194,0.995,303.8730841675049,2500,5000
Scalar region null,Anytime-valid,505276,0.0432,0.002875195993319412,0.03756461585309395,0.04883538414690605,0.995,303.8730841675049,2500,5000
Scalar region null,Conventional,505276,0.822,0.005409547115979304,0.8113972876526805,0.8326027123473194,0.995,303.8730841675049,2500,5000
Scalar region null,Anytime-valid,510367,0.0432,0.002875195993319412,0.03756461585309395,0.04883538414690605,0.995,303.8730841675049,2500,5000
Scalar region null,Conventional,510367,0.8222,0.005407164876346938,0.81160195684236,0.83279804315764006,0.995,303.8730841675049,2500,5000
Scalar region null,Anytime-valid,515509,0.0432,0.002875195993319412,0.03756461585309395,0.04883538414690605,0.995,303.8730841675049,2500,5000
Scalar region null,Conventional,515509,0.8222,0.005407164876346938,0.81160195684236,0.83279804315764006,0.995,303.8730841675049,2500,5000
Scalar region null,Anytime-valid,520703,0.0432,0.002875195993319412,0.03756461585309395,0.04883538414690605,0.995,303.8730841675049,2500,5000
Scalar region null,Conventional,520703,0.8222,0.005407164876346938,0.81160195684236,0.83279804315764006,0.995,303.8730841675049,2500,5000
Scalar region null,Anytime-valid,525949,0.0432,0.002875195993319412,0.03756461585309395,0.04883538414690605,0.995,303.8730841675049,2500,5000
Scalar region null,Conventional,525949,0.8232,0.005395215658340266,0.8126253773096531,0.833774622690347,0.995,303.8730841675049,2500,5000
Scalar region null,Anytime-valid,531248,0.0432,0.002875195993319412,0.03756461585309395,0.04883538414690605,0.995,303.8730841675049,2500,5000
Scalar region null,Conventional,531248,0.8232,0.005395215658340266,0.8126253773096531,0.833774622690347,0.995,303.8730841675049,2500,5000
Scalar region null,Anytime-valid,536601,0.0432,0.002875195993319412,0.03756461585309395,0.04883538414690605,0.995,303.8730841675049,2500,5000
Scalar region null,Conventional,536601,0.8232,0.005395215658340266,0.8126253773096531,0.833774622690347,0.995,303.8730841675049,2500,5000
Scalar region null,Anytime-valid,542008,0.0432,0.002875195993319412,0.03756461585309395,0.04883538414690605,0.995,303.8730841675049,2500,5000
Scalar region null,Conventional,542008,0.8232,0.005395215658340266,0.8126253773096531,0.833774622690347,0.995,303.8730841675049,2500,5000
Scalar region null,Anytime-valid,547469,0.0432,0.002875195993319412,0.03756461585309395,0.04883538414690605,0.995,303.8730841675049,2500,5000
Scalar region null,Conventional,547469,0.8232,0.005395215658340266,0.8126253773096531,0.833774622690347,0.995,303.8730841675049,2500,5000
Scalar region null,Anytime-valid,552985,0.0432,0.002875195993319412,0.03756461585309395,0.04883538414690605,0.995,303.8730841675049,2500,5000
Scalar region null,Conventional,552985,0.8234,0.005392818187181911,0.8128300763531234,0.8339699236468766,0.995,303.8730841675049,2500,5000
Scalar region null,Anytime-valid,558556,0.0432,0.002875195993319412,0.03756461585309395,0.04883538414690605,0.995,303.8730841675049,2500,5000
Scalar region null,Conventional,558556,0.8234,0.005392818187181911,0.8128300763531234,0.8339699236468766,0.995,303.8730841675049,2500,5000
Scalar region null,Anytime-valid,564184,0.0432,0.002875195993319412,0.03756461585309395,0.04883538414690605,0.995,303.8730841675049,2500,5000
Scalar region null,Conventional,564184,0.8238,0.00538801559017789,0.8132394894432513,0.8343605105567486,0.995,303.8730841675049,2500,5000
Scalar region null,Anytime-valid,569868,0.0432,0.002875195993319412,0.03756461585309395,0.04883538414690605,0.995,303.8730841675049,2500,5000
Scalar region null,Conventional,569868,0.8238,0.00538801559017789,0.8132394894432513,0.8343605105567486,0.995,303.8730841675049,2500,5000
Scalar region null,Anytime-valid,575610,0.0432,0.002875195993319412,0.03756461585309395,0.04883538414690605,0.995,303.8730841675049,2500,5000
Scalar region null,Conventional,575610,0.8238,0.00538801559017789,0.8132394894432513,0.8343605105567486,0.995,303.8730841675049,2500,5000
Scalar region null,Anytime-valid,581410,0.0432,0.002875195993319412,0.03756461585309395,0.04883538414690605,0.995,303.8730841675049,2500,5000
Scalar region null,Conventional,581410,0.8242,0.0053832027641544395,0.8136489225822573,0.8347510774177428,0.995,303.8730841675049,2500,5000
Scalar region null,Anytime-valid,587268,0.0432,0.002875195993319412,0.03756461585309395,0.04883538414690605,0.995,303.8730841675049,2500,5000
Scalar region null,Conventional,587268,0.8242,0.0053832027641544395,0.8136489225822573,0.8347510774177428,0.995,303.8730841675049,2500,5000
Scalar region null,Anytime-valid,593185,0.0432,0.002875195993319412,0.03756461585309395,0.04883538414690605,0.995,303.8730841675049,2500,5000
Scalar region null,Conventional,593185,0.825,0.00537354631505117,0.8144678492224997,0.8355321507775002,0.995,303.8730841675049,2500,5000
Scalar region null,Anytime-valid,599161,0.0432,0.002875195993319412,0.03756461585309395,0.04883538414690605,0.995,303.8730841675049,2500,5000
Scalar region null,Conventional,599161,0.8252,0.005371125766540939,0.8146725934975798,0.8357274065024203,0.995,303.8730841675049,2500,5000
Scalar region null,Anytime-valid,605198,0.0432,0.002875195993319412,0.03756461585309395,0.04883538414690605,0.995,303.8730841675049,2500,5000
Scalar region null,Conventional,605198,0.8252,0.005371125766540939,0.8146725934975798,0.8357274065024203,0.995,303.8730841675049,2500,5000
Scalar region null,Anytime-valid,611296,0.0432,0.002875195993319412,0.03756461585309395,0.04883538414690605,0.995,303.8730841675049,2500,5000
Scalar region null,Conventional,611296,0.8254,0.00536870263657804,0.8148773428323071,0.835922657167693,0.995,303.8730841675049,2500,5000
Scalar region null,Anytime-valid,617455,0.0432,0.002875195993319412,0.03756461585309395,0.04883538414690605,0.995,303.8730841675049,2500,5000
Scalar region null,Conventional,617455,0.8264,0.005356548142227417,0.8159011656412343,0.8368988343587658,0.995,303.8730841675049,2500,5000
Scalar region null,Anytime-valid,623676,0.0432,0.002875195993319412,0.03756461585309395,0.04883538414690605,0.995,303.8730841675049,2500,5000
Scalar region null,Conventional,623676,0.827,0.005349224242822506,0.8165155204840678,0.8374844795159321,0.995,303.8730841675049,2500,5000
Scalar region null,Anytime-valid,629960,0.0432,0.002875195993319412,0.03756461585309395,0.04883538414690605,0.995,303.8730841675049,2500,5000
Scalar region null,Conventional,629960,0.827,0.005349224242822506,0.8165155204840678,0.8374844795159321,0.995,303.8730841675049,2500,5000
Scalar region null,Anytime-valid,636307,0.0432,0.002875195993319412,0.03756461585309395,0.04883538414690605,0.995,303.8730841675049,2500,5000
Scalar region null,Conventional,636307,0.8272,0.005346777721207419,0.8167203156664335,0.8376796843335665,0.995,303.8730841675049,2500,5000
Scalar region null,Anytime-valid,642718,0.0432,0.002875195993319412,0.03756461585309395,0.04883538414690605,0.995,303.8730841675049,2500,5000
Scalar region null,Conventional,642718,0.828,0.005336965429904901,0.8175395477573864,0.8384604522426136,0.995,303.8730841675049,2500,5000
Scalar region null,Anytime-valid,649194,0.0432,0.002875195993319412,0.03756461585309395,0.04883538414690605,0.995,303.8730841675049,2500,5000
Scalar region null,Conventional,649194,0.828,0.005336965429904901,0.8175395477573864,0.8384604522426136,0.995,303.8730841675049,2500,5000
Scalar region null,Anytime-valid,655735,0.0432,0.002875195993319412,0.03756461585309395,0.04883538414690605,0.995,303.8730841675049,2500,5000
Scalar region null,Conventional,655735,0.8282,0.005334505787793279,0.8177443686559253,0.8386556313440748,0.995,303.8730841675049,2500,5000
Scalar region null,Anytime-valid,662342,0.0432,0.002875195993319412,0.03756461585309395,0.04883538414690605,0.995,303.8730841675049,2500,5000
Scalar region null,Conventional,662342,0.8284,0.0053320435107001895,0.8179491947190276,0.8388508052809724,0.995,303.8730841675049,2500,5000
Scalar region null,Anytime-valid,669015,0.0434,0.0028815426424052795,0.03775217642088565,0.04904782357911435,0.995,303.8730841675049,2500,5000
Scalar region null,Conventional,669015,0.8284,0.0053320435107001895,0.8179491947190276,0.8388508052809724,0.995,303.8730841675049,2500,5000
Scalar region null,Anytime-valid,675756,0.0434,0.0028815426424052795,0.03775217642088565,0.04904782357911435,0.995,303.8730841675049,2500,5000
Scalar region null,Conventional,675756,0.8288,0.005327111036950516,0.8183588623675769,0.839241137632423,0.995,303.8730841675049,2500,5000
Scalar region null,Anytime-valid,682564,0.0434,0.0028815426424052795,0.03775217642088565,0.04904782357911435,0.995,303.8730841675049,2500,5000
Scalar region null,Conventional,682564,0.829,0.005324640832957656,0.818563703967403,0.839436296032597,0.995,303.8730841675049,2500,5000
Scalar region null,Anytime-valid,689442,0.0434,0.0028815426424052795,0.03775217642088565,0.04904782357911435,0.995,303.8730841675049,2500,5000
Scalar region null,Conventional,689442,0.829,0.005324640832957656,0.818563703967403,0.839436296032597,0.995,303.8730841675049,2500,5000
Scalar region null,Anytime-valid,696388,0.0434,0.0028815426424052795,0.03775217642088565,0.04904782357911435,0.995,303.8730841675049,2500,5000
Scalar region null,Conventional,696388,0.829,0.005324640832957656,0.818563703967403,0.839436296032597,0.995,303.8730841675049,2500,5000
Scalar region null,Anytime-valid,703404,0.0434,0.0028815426424052795,0.03775217642088565,0.04904782357911435,0.995,303.8730841675049,2500,5000
Scalar region null,Conventional,703404,0.829,0.005324640832957656,0.818563703967403,0.839436296032597,0.995,303.8730841675049,2500,5000
Scalar region null,Anytime-valid,710492,0.0434,0.0028815426424052795,0.03775217642088565,0.04904782357911435,0.995,303.8730841675049,2500,5000
Scalar region null,Conventional,710492,0.8292,0.005322167979310686,0.8187685507605511,0.839631449239449,0.995,303.8730841675049,2500,5000
Scalar region null,Anytime-valid,717650,0.0434,0.0028815426424052795,0.03775217642088565,0.04904782357911435,0.995,303.8730841675049,2500,5000
Scalar region null,Conventional,717650,0.8292,0.005322167979310686,0.8187685507605511,0.839631449239449,0.995,303.8730841675049,2500,5000
Scalar region null,Anytime-valid,724881,0.0434,0.0028815426424052795,0.03775217642088565,0.04904782357911435,0.995,303.8730841675049,2500,5000
Scalar region null,Conventional,724881,0.8294,0.005319692472314541,0.8189734027542636,0.8398265972457365,0.995,303.8730841675049,2500,5000
Scalar region null,Anytime-valid,732184,0.0436,0.0028878725733660756,0.037939769756202495,0.049260230243797505,0.995,303.8730841675049,2500,5000
Scalar region null,Conventional,732184,0.83,0.005312249994117371,0.8195879900115299,0.84041200998847,0.995,303.8730841675049,2500,5000
Scalar region null,Anytime-valid,739562,0.0436,0.0028878725733660756,0.037939769756202495,0.049260230243797505,0.995,303.8730841675049,2500,5000
Scalar region null,Conventional,739562,0.8302,0.005309763836556198,0.8197928628803499,0.8406071371196502,0.995,303.8730841675049,2500,5000
Scalar region null,Anytime-valid,747013,0.0436,0.0028878725733660756,0.037939769756202495,0.049260230243797505,0.995,303.8730841675049,2500,5000
Scalar region null,Conventional,747013,0.8302,0.005309763836556198,0.8197928628803499,0.8406071371196502,0.995,303.8730841675049,2500,5000
Scalar region null,Anytime-valid,754540,0.0436,0.0028878725733660756,0.037939769756202495,0.049260230243797505,0.995,303.8730841675049,2500,5000
Scalar region null,Conventional,754540,0.8304,0.005307275007006892,0.8199977409862665,0.8408022590137335,0.995,303.8730841675049,2500,5000
Scalar region null,Anytime-valid,762142,0.0436,0.0028878725733660756,0.037939769756202495,0.049260230243797505,0.995,303.8730841675049,2500,5000
Scalar region null,Conventional,762142,0.8304,0.005307275007006892,0.8199977409862665,0.8408022590137335,0.995,303.8730841675049,2500,5000
Scalar region null,Anytime-valid,769821,0.0438,0.0028941858958954243,0.038127395644044965,0.04947260435595503,0.995,303.8730841675049,2500,5000
Scalar region null,Conventional,769821,0.8306,0.005304783501708623,0.8202026243366511,0.8409973756633489,0.995,303.8730841675049,2500,5000
Scalar region null,Anytime-valid,777577,0.0438,0.0028941858958954243,0.038127395644044965,0.04947260435595503,0.995,303.8730841675049,2500,5000
Scalar region null,Conventional,777577,0.8308,0.005302289316889451,0.8204075129388967,0.8411924870611033,0.995,303.8730841675049,2500,5000
Scalar region null,Anytime-valid,785412,0.0438,0.0028941858958954243,0.038127395644044965,0.04947260435595503,0.995,303.8730841675049,2500,5000
Scalar region null,Conventional,785412,0.8308,0.005302289316889451,0.8204075129388967,0.8411924870611033,0.995,303.8730841675049,2500,5000
Scalar region null,Anytime-valid,793325,0.0438,0.0028941858958954243,0.038127395644044965,0.04947260435595503,0.995,303.8730841675049,2500,5000
Scalar region null,Conventional,793325,0.8308,0.005302289316889451,0.8204075129388967,0.8411924870611033,0.995,303.8730841675049,2500,5000
Scalar region null,Anytime-valid,801318,0.0438,0.0028941858958954243,0.038127395644044965,0.04947260435595503,0.995,303.8730841675049,2500,5000
Scalar region null,Conventional,801318,0.831,0.005299792448766273,0.820612406800418,0.8413875931995819,0.995,303.8730841675049,2500,5000
Scalar region null,Anytime-valid,809392,0.0438,0.0028941858958954243,0.038127395644044965,0.04947260435595503,0.995,303.8730841675049,2500,5000
Scalar region null,Conventional,809392,0.8314,0.005294790647419404,0.821022210331058,0.841777789668942,0.995,303.8730841675049,2500,5000
Scalar region null,Anytime-valid,817547,0.0438,0.0028941858958954243,0.038127395644044965,0.04947260435595503,0.995,303.8730841675049,2500,5000
Scalar region null,Conventional,817547,0.8316,0.0052922857065732945,0.8212271200151163,0.8419728799848837,0.995,303.8730841675049,2500,5000
Scalar region null,Anytime-valid,825784,0.0438,0.0028941858958954243,0.038127395644044965,0.04947260435595503,0.995,303.8730841675049,2500,5000
Scalar region null,Conventional,825784,0.8318,0.005289778067178245,0.8214320349883306,0.8421679650116694,0.995,303.8730841675049,2500,5000
Scalar region null,Anytime-valid,834104,0.0438,0.0028941858958954243,0.038127395644044965,0.04947260435595503,0.995,303.8730841675049,2500,5000
Scalar region null,Conventional,834104,0.8318,0.005289778067178245,0.8214320349883306,0.8421679650116694,0.995,303.8730841675049,2500,5000
Scalar region null,Anytime-valid,842508,0.0438,0.0028941858958954243,0.038127395644044965,0.04947260435595503,0.995,303.8730841675049,2500,5000
Scalar region null,Conventional,842508,0.832,0.005287267725394658,0.8216369552582264,0.8423630447417735,0.995,303.8730841675049,2500,5000
Scalar region null,Anytime-valid,850997,0.0438,0.0028941858958954243,0.038127395644044965,0.04947260435595503,0.995,303.8730841675049,2500,5000
Scalar region null,Conventional,850997,0.832,0.005287267725394658,0.8216369552582264,0.8423630447417735,0.995,303.8730841675049,2500,5000
Scalar region null,Anytime-valid,859571,0.0438,0.0028941858958954243,0.038127395644044965,0.04947260435595503,0.995,303.8730841675049,2500,5000
Scalar region null,Conventional,859571,0.832,0.005287267725394658,0.8216369552582264,0.8423630447417735,0.995,303.8730841675049,2500,5000
Scalar region null,Anytime-valid,868232,0.0438,0.0028941858958954243,0.038127395644044965,0.04947260435595503,0.995,303.8730841675049,2500,5000
Scalar region null,Conventional,868232,0.832,0.005287267725394658,0.8216369552582264,0.8423630447417735,0.995,303.8730841675049,2500,5000
Scalar region null,Anytime-valid,876980,0.0438,0.0028941858958954243,0.038127395644044965,0.04947260435595503,0.995,303.8730841675049,2500,5000
Scalar region null,Conventional,876980,0.8324,0.005282238919246269,0.8220468117182773,0.8427531882817227,0.995,303.8730841675049,2500,5000
Scalar region null,Anytime-valid,885816,0.0438,0.0028941858958954243,0.038127395644044965,0.04947260435595503,0.995,303.8730841675049,2500,5000
Scalar region null,Conventional,885816,0.8328,0.005277199257181787,0.8224566894559237,0.8431433105440763,0.995,303.8730841675049,2500,5000
Scalar region null,Anytime-valid,894741,0.0438,0.0028941858958954243,0.038127395644044965,0.04947260435595503,0.995,303.8730841675049,2500,5000
Scalar region null,Conventional,894741,0.8328,0.005277199257181787,0.8224566894559237,0.8431433105440763,0.995,303.8730841675049,2500,5000
Scalar region null,Anytime-valid,903756,0.0438,0.0028941858958954243,0.038127395644044965,0.04947260435595503,0.995,303.8730841675049,2500,5000
Scalar region null,Conventional,903756,0.833,0.005274675345459662,0.822661636322899,0.8433383636771009,0.995,303.8730841675049,2500,5000
Scalar region null,Anytime-valid,912862,0.0438,0.0028941858958954243,0.038127395644044965,0.04947260435595503,0.995,303.8730841675049,2500,5000
Scalar region null,Conventional,912862,0.8332,0.005272148708069604,0.8228665885321836,0.8435334114678165,0.995,303.8730841675049,2500,5000
Scalar region null,Anytime-valid,922059,0.0438,0.0028941858958954243,0.038127395644044965,0.04947260435595503,0.995,303.8730841675049,2500,5000
Scalar region null,Conventional,922059,0.8338,0.005264552402626457,0.8234814772908521,0.8441185227091479,0.995,303.8730841675049,2500,5000
Scalar region null,Anytime-valid,931349,0.0438,0.0028941858958954243,0.038127395644044965,0.04947260435595503,0.995,303.8730841675049,2500,5000
Scalar region null,Conventional,931349,0.834,0.005262014823240239,0.8236864509464491,0.8443135490535508,0.995,303.8730841675049,2500,5000
Scalar region null,Anytime-valid,940733,0.0438,0.0028941858958954243,0.038127395644044965,0.04947260435595503,0.995,303.8730841675049,2500,5000
Scalar region null,Conventional,940733,0.8346,0.00525438559681339,0.8243014042302458,0.8448985957697542,0.995,303.8730841675049,2500,5000
Scalar region null,Anytime-valid,950211,0.0438,0.0028941858958954243,0.038127395644044965,0.04947260435595503,0.995,303.8730841675049,2500,5000
Scalar region null,Conventional,950211,0.8348,0.005251837011941631,0.8245063994565944,0.8450936005434055,0.995,303.8730841675049,2500,5000
Scalar region null,Anytime-valid,959785,0.0438,0.0028941858958954243,0.038127395644044965,0.04947260435595503,0.995,303.8730841675049,2500,5000
Scalar region null,Conventional,959785,0.835,0.005249285665688238,0.824711400095251,0.8452885999047489,0.995,303.8730841675049,2500,5000
Scalar region null,Anytime-valid,969456,0.0438,0.0028941858958954243,0.038127395644044965,0.04947260435595503,0.995,303.8730841675049,2500,5000
Scalar region null,Conventional,969456,0.835,0.005249285665688238,0.824711400095251,0.8452885999047489,0.995,303.8730841675049,2500,5000
Scalar region null,Anytime-valid,979223,0.0438,0.0028941858958954243,0.038127395644044965,0.04947260435595503,0.995,303.8730841675049,2500,5000
Scalar region null,Conventional,979223,0.8354,0.005244174672910886,0.8251214176410947,0.8456785823589054,0.995,303.8730841675049,2500,5000
Scalar region null,Anytime-valid,989090,0.0438,0.0028941858958954243,0.038127395644044965,0.04947260435595503,0.995,303.8730841675049,2500,5000
Scalar region null,Conventional,989090,0.8356,0.005241615018293503,0.8253264345641448,0.8458735654358552,0.995,303.8730841675049,2500,5000
Scalar region null,Anytime-valid,999055,0.0438,0.0028941858958954243,0.038127395644044965,0.04947260435595503,0.995,303.8730841675049,2500,5000
Scalar region null,Conventional,999055,0.8362,0.005233919372707225,0.8259415180294939,0.8464584819705062,0.995,303.8730841675049,2500,5000
Scalar region null,Anytime-valid,1009121,0.0438,0.0028941858958954243,0.038127395644044965,0.04947260435595503,0.995,303.8730841675049,2500,5000
Scalar region null,Conventional,1009121,0.8362,0.005233919372707225,0.8259415180294939,0.8464584819705062,0.995,303.8730841675049,2500,5000
Scalar region null,Anytime-valid,1019289,0.0438,0.0028941858958954243,0.038127395644044965,0.04947260435595503,0.995,303.8730841675049,2500,5000
Scalar region null,Conventional,1019289,0.8364,0.005231348583300485,0.8261465567767311,0.846653443223269,0.995,303.8730841675049,2500,5000
Scalar region null,Anytime-valid,1029558,0.0438,0.0028941858958954243,0.038127395644044965,0.04947260435595503,0.995,303.8730841675049,2500,5000
Scalar region null,Conventional,1029558,0.8372,0.005221037444799644,0.8269667666081928,0.8474332333918073,0.995,303.8730841675049,2500,5000
Scalar region null,Anytime-valid,1039932,0.0438,0.0028941858958954243,0.038127395644044965,0.04947260435595503,0.995,303.8730841675049,2500,5000
Scalar region null,Conventional,1039932,0.8372,0.005221037444799644,0.8269667666081928,0.8474332333918073,0.995,303.8730841675049,2500,5000
Scalar region null,Anytime-valid,1050410,0.0438,0.0028941858958954243,0.038127395644044965,0.04947260435595503,0.995,303.8730841675049,2500,5000
Scalar region null,Conventional,1050410,0.8374,0.00521845264422319,0.8271718328173225,0.8476281671826775,0.995,303.8730841675049,2500,5000
Scalar region null,Anytime-valid,1060993,0.0438,0.0028941858958954243,0.038127395644044965,0.04947260435595503,0.995,303.8730841675049,2500,5000
Scalar region null,Conventional,1060993,0.8376,0.005215865028928567,0.8273769045433,0.8478230954567,0.995,303.8730841675049,2500,5000
Scalar region null,Anytime-valid,1071683,0.0438,0.0028941858958954243,0.038127395644044965,0.04947260435595503,0.995,303.8730841675049,2500,5000
Scalar region null,Conventional,1071683,0.8378,0.00521327459472451,0.82758198179434,0.84801801820566,0.995,303.8730841675049,2500,5000
Scalar region null,Anytime-valid,1082481,0.0438,0.0028941858958954243,0.038127395644044965,0.04947260435595503,0.995,303.8730841675049,2500,5000
Scalar region null,Conventional,1082481,0.8378,0.00521327459472451,0.82758198179434,0.84801801820566,0.995,303.8730841675049,2500,5000
Scalar region null,Anytime-valid,1093387,0.0438,0.0028941858958954243,0.038127395644044965,0.04947260435595503,0.995,303.8730841675049,2500,5000
Scalar region null,Conventional,1093387,0.838,0.005210681337406846,0.8277870645786826,0.8482129354213174,0.995,303.8730841675049,2500,5000
Scalar region null,Anytime-valid,1104404,0.0438,0.0028941858958954243,0.038127395644044965,0.04947260435595503,0.995,303.8730841675049,2500,5000
Scalar region null,Conventional,1104404,0.8382,0.005208085252758446,0.8279921529045934,0.8484078470954065,0.995,303.8730841675049,2500,5000
Scalar region null,Anytime-valid,1115531,0.0438,0.0028941858958954243,0.038127395644044965,0.04947260435595503,0.995,303.8730841675049,2500,5000
Scalar region null,Conventional,1115531,0.8384,0.00520548633654916,0.8281972467803637,0.8486027532196364,0.995,303.8730841675049,2500,5000
Scalar region null,Anytime-valid,1126771,0.0438,0.0028941858958954243,0.038127395644044965,0.04947260435595503,0.995,303.8730841675049,2500,5000
Scalar region null,Conventional,1126771,0.8388,0.005200279992461945,0.8286074512147745,0.8489925487852255,0.995,303.8730841675049,2500,5000
Scalar region null,Anytime-valid,1138123,0.0438,0.0028941858958954243,0.038127395644044965,0.04947260435595503,0.995,303.8730841675049,2500,5000
Scalar region null,Conventional,1138123,0.8388,0.005200279992461945,0.8286074512147745,0.8489925487852255,0.995,303.8730841675049,2500,5000
Scalar region null,Anytime-valid,1149591,0.0438,0.0028941858958954243,0.038127395644044965,0.04947260435595503,0.995,303.8730841675049,2500,5000
Scalar region null,Conventional,1149591,0.8388,0.005200279992461945,0.8286074512147745,0.8489925487852255,0.995,303.8730841675049,2500,5000
Scalar region null,Anytime-valid,1161173,0.0438,0.0028941858958954243,0.038127395644044965,0.04947260435595503,0.995,303.8730841675049,2500,5000
Scalar region null,Conventional,1161173,0.839,0.005197672556058144,0.828812561790126,0.849187438209874,0.995,303.8730841675049,2500,5000
Scalar region null,Anytime-valid,1172873,0.0438,0.0028941858958954243,0.038127395644044965,0.04947260435595503,0.995,303.8730841675049,2500,5000
Scalar region null,Conventional,1172873,0.839,0.005197672556058144,0.828812561790126,0.849187438209874,0.995,303.8730841675049,2500,5000
Scalar region null,Anytime-valid,1184690,0.0438,0.0028941858958954243,0.038127395644044965,0.04947260435595503,0.995,303.8730841675049,2500,5000
Scalar region null,Conventional,1184690,0.8392,0.00519506227104161,0.8290176779487584,0.8493823220512415,0.995,303.8730841675049,2500,5000
Scalar region null,Anytime-valid,1196626,0.0438,0.0028941858958954243,0.038127395644044965,0.04947260435595503,0.995,303.8730841675049,2500,5000
Scalar region null,Conventional,1196626,0.8394,0.0051924491331162784,0.8292227996990922,0.8495772003009079,0.995,303.8730841675049,2500,5000
Scalar region null,Anytime-valid,1208683,0.0438,0.0028941858958954243,0.038127395644044965,0.04947260435595503,0.995,303.8730841675049,2500,5000
Scalar region null,Conventional,1208683,0.8396,0.005189833137972742,0.8294279270495735,0.8497720729504266,0.995,303.8730841675049,2500,5000
Scalar region null,Anytime-valid,1220861,0.0438,0.0028941858958954243,0.038127395644044965,0.04947260435595503,0.995,303.8730841675049,2500,5000
Scalar region null,Conventional,1220861,0.8396,0.005189833137972742,0.8294279270495735,0.8497720729504266,0.995,303.8730841675049,2500,5000
Scalar region null,Anytime-valid,1233162,0.0438,0.0028941858958954243,0.038127395644044965,0.04947260435595503,0.995,303.8730841675049,2500,5000
Scalar region null,Conventional,1233162,0.8398,0.005187214281288176,0.8296330600086752,0.8499669399913248,0.995,303.8730841675049,2500,5000
Scalar region null,Anytime-valid,1245587,0.0438,0.0028941858958954243,0.038127395644044965,0.04947260435595503,0.995,303.8730841675049,2500,5000
Scalar region null,Conventional,1245587,0.8402,0.005181967965937266,0.830043342786763,0.8503566572132369,0.995,303.8730841675049,2500,5000
Scalar region null,Anytime-valid,1258136,0.0438,0.0028941858958954243,0.038127395644044965,0.04947260435595503,0.995,303.8730841675049,2500,5000
Scalar region null,Conventional,1258136,0.8402,0.005181967965937266,0.830043342786763,0.8503566572132369,0.995,303.8730841675049,2500,5000
Scalar region null,Anytime-valid,1270813,0.0438,0.0028941858958954243,0.038127395644044965,0.04947260435595503,0.995,303.8730841675049,2500,5000
Scalar region null,Conventional,1270813,0.8402,0.005181967965937266,0.830043342786763,0.8503566572132369,0.995,303.8730841675049,2500,5000
Scalar region null,Anytime-valid,1283617,0.0438,0.0028941858958954243,0.038127395644044965,0.04947260435595503,0.995,303.8730841675049,2500,5000
Scalar region null,Conventional,1283617,0.8406,0.005176710152210572,0.8304536481016673,0.8507463518983327,0.995,303.8730841675049,2500,5000
Scalar region null,Anytime-valid,1296550,0.0438,0.0028941858958954243,0.038127395644044965,0.04947260435595503,0.995,303.8730841675049,2500,5000
Scalar region null,Conventional,1296550,0.841,0.005171440805036833,0.8308639760221278,0.8511360239778721,0.995,303.8730841675049,2500,5000
Scalar region null,Anytime-valid,1309613,0.044,0.002900482718445328,0.03831505387184715,0.04968494612815284,0.995,303.8730841675049,2500,5000
Scalar region null,Conventional,1309613,0.841,0.005171440805036833,0.8308639760221278,0.8511360239778721,0.995,303.8730841675049,2500,5000
Scalar region null,Anytime-valid,1322808,0.044,0.002900482718445328,0.03831505387184715,0.04968494612815284,0.995,303.8730841675049,2500,5000
Scalar region null,Conventional,1322808,0.8412,0.0051688017953874,0.8310691484810406,0.8513308515189593,0.995,303.8730841675049,2500,5000
Scalar region null,Anytime-valid,1336136,0.044,0.002900482718445328,0.03831505387184715,0.04968494612815284,0.995,303.8730841675049,2500,5000
Scalar region null,Conventional,1336136,0.8418,0.0051608673689603765,0.8316846999568377,0.8519153000431623,0.995,303.8730841675049,2500,5000
Scalar region null,Anytime-valid,1349599,0.044,0.002900482718445328,0.03831505387184715,0.04968494612815284,0.995,303.8730841675049,2500,5000
Scalar region null,Conventional,1349599,0.842,0.0051582167461245755,0.8318898951775958,0.8521101048224041,0.995,303.8730841675049,2500,5000
Scalar region null,Anytime-valid,1363196,0.044,0.002900482718445328,0.03831505387184715,0.04968494612815284,0.995,303.8730841675049,2500,5000
Scalar region null,Conventional,1363196,0.842,0.0051582167461245755,0.8318898951775958,0.8521101048224041,0.995,303.8730841675049,2500,5000
Scalar region null,Anytime-valid,1376931,0.044,0.002900482718445328,0.03831505387184715,0.04968494612815284,0.995,303.8730841675049,2500,5000
Scalar region null,Conventional,1376931,0.842,0.0051582167461245755,0.8318898951775958,0.8521101048224041,0.995,303.8730841675049,2500,5000
Scalar region null,Anytime-valid,1390805,0.044,0.002900482718445328,0.03831505387184715,0.04968494612815284,0.995,303.8730841675049,2500,5000
Scalar region null,Conventional,1390805,0.8422,0.005155563208806581,0.8320950961107391,0.8523049038892608,0.995,303.8730841675049,2500,5000
Scalar region null,Anytime-valid,1404818,0.044,0.002900482718445328,0.03831505387184715,0.04968494612815284,0.995,303.8730841675049,2500,5000
Scalar region null,Conventional,1404818,0.8422,0.005155563208806581,0.8320950961107391,0.8523049038892608,0.995,303.8730841675049,2500,5000
Scalar region null,Anytime-valid,1418972,0.044,0.002900482718445328,0.03831505387184715,0.04968494612815284,0.995,303.8730841675049,2500,5000
Scalar region null,Conventional,1418972,0.8426,0.005150247372699684,0.8325055151495087,0.8526944848504914,0.995,303.8730841675049,2500,5000
Scalar region null,Anytime-valid,1433269,0.044,0.002900482718445328,0.03831505387184715,0.04968494612815284,0.995,303.8730841675049,2500,5000
Scalar region null,Conventional,1433269,0.8428,0.00514758506486294,0.8327107332728686,0.8528892667271314,0.995,303.8730841675049,2500,5000
Scalar region null,Anytime-valid,1447710,0.044,0.002900482718445328,0.03831505387184715,0.04968494612815284,0.995,303.8730841675049,2500,5000
Scalar region null,Conventional,1447710,0.8428,0.00514758506486294,0.8327107332728686,0.8528892667271314,0.995,303.8730841675049,2500,5000
Scalar region null,Anytime-valid,1462296,0.044,0.002900482718445328,0.03831505387184715,0.04968494612815284,0.995,303.8730841675049,2500,5000
Scalar region null,Conventional,1462296,0.843,0.0051449198244481915,0.8329159571440815,0.8530840428559184,0.995,303.8730841675049,2500,5000
Scalar region null,Anytime-valid,1477029,0.044,0.002900482718445328,0.03831505387184715,0.04968494612815284,0.995,303.8730841675049,2500,5000
Scalar region null,Conventional,1477029,0.843,0.0051449198244481915,0.8329159571440815,0.8530840428559184,0.995,303.8730841675049,2500,5000
Scalar region null,Anytime-valid,1491911,0.044,0.002900482718445328,0.03831505387184715,0.04968494612815284,0.995,303.8730841675049,2500,5000
Scalar region null,Conventional,1491911,0.8434,0.005139580527630635,0.833326422165844,0.8534735778341561,0.995,303.8730841675049,2500,5000
Scalar region null,Anytime-valid,1506943,0.044,0.002900482718445328,0.03831505387184715,0.04968494612815284,0.995,303.8730841675049,2500,5000
Scalar region null,Conventional,1506943,0.8434,0.005139580527630635,0.833326422165844,0.8534735778341561,0.995,303.8730841675049,2500,5000
Scalar region null,Anytime-valid,1522126,0.044,0.002900482718445328,0.03831505387184715,0.04968494612815284,0.995,303.8730841675049,2500,5000
Scalar region null,Conventional,1522126,0.8438,0.005134229445593564,0.8337369102866367,0.8538630897133633,0.995,303.8730841675049,2500,5000
Scalar region null,Anytime-valid,1537462,0.044,0.002900482718445328,0.03831505387184715,0.04968494612815284,0.995,303.8730841675049,2500,5000
Scalar region null,Conventional,1537462,0.8438,0.005134229445593564,0.8337369102866367,0.8538630897133633,0.995,303.8730841675049,2500,5000
Scalar region null,Anytime-valid,1552953,0.044,0.002900482718445328,0.03831505387184715,0.04968494612815284,0.995,303.8730841675049,2500,5000
Scalar region null,Conventional,1552953,0.844,0.005131549473599568,0.8339421630317448,0.8540578369682551,0.995,303.8730841675049,2500,5000
Scalar region null,Anytime-valid,1568600,0.044,0.002900482718445328,0.03831505387184715,0.04968494612815284,0.995,303.8730841675049,2500,5000
Scalar region null,Conventional,1568600,0.844,0.005131549473599568,0.8339421630317448,0.8540578369682551,0.995,303.8730841675049,2500,5000
Scalar region null,Anytime-valid,1584404,0.044,0.002900482718445328,0.03831505387184715,0.04968494612815284,0.995,303.8730841675049,2500,5000
Scalar region null,Conventional,1584404,0.8442,0.005128866541449485,0.834147421578759,0.8542525784212409,0.995,303.8730841675049,2500,5000
Scalar region null,Anytime-valid,1600368,0.044,0.002900482718445328,0.03831505387184715,0.04968494612815284,0.995,303.8730841675049,2500,5000
Scalar region null,Conventional,1600368,0.8448,0.005120799937509764,0.8347632321224808,0.8548367678775192,0.995,303.8730841675049,2500,5000
Scalar region null,Anytime-valid,1616493,0.044,0.002900482718445328,0.03831505387184715,0.04968494612815284,0.995,303.8730841675049,2500,5000
Scalar region null,Conventional,1616493,0.8448,0.005120799937509764,0.8347632321224808,0.8548367678775192,0.995,303.8730841675049,2500,5000
Scalar region null,Anytime-valid,1632780,0.044,0.002900482718445328,0.03831505387184715,0.04968494612815284,0.995,303.8730841675049,2500,5000
Scalar region null,Conventional,1632780,0.8452,0.005115407315160739,0.8351738016622849,0.855226198337715,0.995,303.8730841675049,2500,5000
Scalar region null,Anytime-valid,1649231,0.044,0.002900482718445328,0.03831505387184715,0.04968494612815284,0.995,303.8730841675049,2500,5000
Scalar region null,Conventional,1649231,0.8456,0.005110002739725293,0.8355843946301384,0.8556156053698616,0.995,303.8730841675049,2500,5000
Scalar region null,Anytime-valid,1665847,0.044,0.002900482718445328,0.03831505387184715,0.04968494612815284,0.995,303.8730841675049,2500,5000
Scalar region null,Conventional,1665847,0.846,0.005104586173236769,0.8359950111004559,0.856004988899544,0.995,303.8730841675049,2500,5000
Scalar region null,Anytime-valid,1682632,0.044,0.002900482718445328,0.03831505387184715,0.04968494612815284,0.995,303.8730841675049,2500,5000
Scalar region null,Conventional,1682632,0.8462,0.00510187338141589,0.8362003281724248,0.8561996718275751,0.995,303.8730841675049,2500,5000
Scalar region null,Anytime-valid,1699585,0.044,0.002900482718445328,0.03831505387184715,0.04968494612815284,0.995,303.8730841675049,2500,5000
Scalar region null,Conventional,1699585,0.8466,0.005096438756622117,0.8366109800370207,0.8565890199629793,0.995,303.8730841675049,2500,5000
Scalar region null,Anytime-valid,1716709,0.044,0.002900482718445328,0.03831505387184715,0.04968494612815284,0.995,303.8730841675049,2500,5000
Scalar region null,Conventional,1716709,0.8468,0.005093716914002976,0.8368163148485541,0.8567836851514459,0.995,303.8730841675049,2500,5000
Scalar region null,Anytime-valid,1734006,0.044,0.002900482718445328,0.03831505387184715,0.04968494612815284,0.995,303.8730841675049,2500,5000
Scalar region null,Conventional,1734006,0.847,0.005090992044778699,0.8370216555922337,0.8569783444077662,0.995,303.8730841675049,2500,5000
Scalar region null,Anytime-valid,1751477,0.044,0.002900482718445328,0.03831505387184715,0.04968494612815284,0.995,303.8730841675049,2500,5000
Scalar region null,Conventional,1751477,0.847,0.005090992044778699,0.8370216555922337,0.8569783444077662,0.995,303.8730841675049,2500,5000
Scalar region null,Anytime-valid,1769124,0.044,0.002900482718445328,0.03831505387184715,0.04968494612815284,0.995,303.8730841675049,2500,5000
Scalar region null,Conventional,1769124,0.847,0.005090992044778699,0.8370216555922337,0.8569783444077662,0.995,303.8730841675049,2500,5000
Scalar region null,Anytime-valid,1786949,0.044,0.002900482718445328,0.03831505387184715,0.04968494612815284,0.995,303.8730841675049,2500,5000
Scalar region null,Conventional,1786949,0.8474,0.005085533207049187,0.8374323549141837,0.8573676450858164,0.995,303.8730841675049,2500,5000
Scalar region null,Anytime-valid,1804953,0.044,0.002900482718445328,0.03831505387184715,0.04968494612815284,0.995,303.8730841675049,2500,5000
Scalar region null,Conventional,1804953,0.8482,0.005074578997315935,0.8382538251652607,0.8581461748347392,0.995,303.8730841675049,2500,5000
Scalar region null,Anytime-valid,1823139,0.044,0.002900482718445328,0.03831505387184715,0.04968494612815284,0.995,303.8730841675049,2500,5000
Scalar region null,Conventional,1823139,0.8484,0.005071832804815237,0.8384592077025622,0.8583407922974379,0.995,303.8730841675049,2500,5000
Scalar region null,Anytime-valid,1841508,0.044,0.002900482718445328,0.03831505387184715,0.04968494612815284,0.995,303.8730841675049,2500,5000
Scalar region null,Conventional,1841508,0.8488,0.005066331216965586,0.8388699908147474,0.8587300091852526,0.995,303.8730841675049,2500,5000
Scalar region null,Anytime-valid,1860062,0.044,0.002900482718445328,0.03831505387184715,0.04968494612815284,0.995,303.8730841675049,2500,5000
Scalar region null,Conventional,1860062,0.8488,0.005066331216965586,0.8388699908147474,0.8587300091852526,0.995,303.8730841675049,2500,5000
Scalar region null,Anytime-valid,1878803,0.044,0.002900482718445328,0.03831505387184715,0.04968494612815284,0.995,303.8730841675049,2500,5000
Scalar region null,Conventional,1878803,0.8488,0.005066331216965586,0.8388699908147474,0.8587300091852526,0.995,303.8730841675049,2500,5000
Scalar region null,Anytime-valid,1897733,0.044,0.002900482718445328,0.03831505387184715,0.04968494612815284,0.995,303.8730841675049,2500,5000
Scalar region null,Conventional,1897733,0.8494,0.005058055752954884,0.8394862107242085,0.8593137892757916,0.995,303.8730841675049,2500,5000
Scalar region null,Anytime-valid,1916854,0.044,0.002900482718445328,0.03831505387184715,0.04968494612815284,0.995,303.8730841675049,2500,5000
Scalar region null,Conventional,1916854,0.8494,0.005058055752954884,0.8394862107242085,0.8593137892757916,0.995,303.8730841675049,2500,5000
Scalar region null,Anytime-valid,1936167,0.044,0.002900482718445328,0.03831505387184715,0.04968494612815284,0.995,303.8730841675049,2500,5000
Scalar region null,Conventional,1936167,0.8494,0.005058055752954884,0.8394862107242085,0.8593137892757916,0.995,303.8730841675049,2500,5000
Scalar region null,Anytime-valid,1955675,0.044,0.002900482718445328,0.03831505387184715,0.04968494612815284,0.995,303.8730841675049,2500,5000
Scalar region null,Conventional,1955675,0.8496,0.005055291089541728,0.8396916294644983,0.8595083705355018,0.995,303.8730841675049,2500,5000
Scalar region null,Anytime-valid,1975379,0.044,0.002900482718445328,0.03831505387184715,0.04968494612815284,0.995,303.8730841675049,2500,5000
Scalar region null,Conventional,1975379,0.85,0.005049752469181039,0.8401024851604051,0.8598975148395949,0.995,303.8730841675049,2500,5000
Scalar region null,Anytime-valid,1995282,0.044,0.002900482718445328,0.03831505387184715,0.04968494612815284,0.995,303.8730841675049,2500,5000
Scalar region null,Conventional,1995282,0.8502,0.005046978502034658,0.840307922136012,0.8600920778639879,0.995,303.8730841675049,2500,5000
Scalar region null,Anytime-valid,2015386,0.044,0.002900482718445328,0.03831505387184715,0.04968494612815284,0.995,303.8730841675049,2500,5000
Scalar region null,Conventional,2015386,0.8506,0.00504142122818556,0.8407188143927563,0.8604811856072437,0.995,303.8730841675049,2500,5000
Scalar region null,Anytime-valid,2035692,0.044,0.002900482718445328,0.03831505387184715,0.04968494612815284,0.995,303.8730841675049,2500,5000
Scalar region null,Conventional,2035692,0.8508,0.00503863791118195,0.8409242696940834,0.8606757303059166,0.995,303.8730841675049,2500,5000
Scalar region null,Anytime-valid,2056202,0.044,0.002900482718445328,0.03831505387184715,0.04968494612815284,0.995,303.8730841675049,2500,5000
Scalar region null,Conventional,2056202,0.8508,0.00503863791118195,0.8409242696940834,0.8606757303059166,0.995,303.8730841675049,2500,5000
Scalar region null,Anytime-valid,2076920,0.044,0.002900482718445328,0.03831505387184715,0.04968494612815284,0.995,303.8730841675049,2500,5000
Scalar region null,Conventional,2076920,0.851,0.005035851467229748,0.8411297311242296,0.8608702688757703,0.995,303.8730841675049,2500,5000
Scalar region null,Anytime-valid,2097846,0.044,0.002900482718445328,0.03831505387184715,0.04968494612815284,0.995,303.8730841675049,2500,5000
Scalar region null,Conventional,2097846,0.851,0.005035851467229748,0.8411297311242296,0.8608702688757703,0.995,303.8730841675049,2500,5000
Scalar region null,Anytime-valid,2118982,0.044,0.002900482718445328,0.03831505387184715,0.04968494612815284,0.995,303.8730841675049,2500,5000
Scalar region null,Conventional,2118982,0.851,0.005035851467229748,0.8411297311242296,0.8608702688757703,0.995,303.8730841675049,2500,5000
Scalar region null,Anytime-valid,2140332,0.044,0.002900482718445328,0.03831505387184715,0.04968494612815284,0.995,303.8730841675049,2500,5000
Scalar region null,Conventional,2140332,0.851,0.005035851467229748,0.8411297311242296,0.8608702688757703,0.995,303.8730841675049,2500,5000
Scalar region null,Anytime-valid,2161897,0.044,0.002900482718445328,0.03831505387184715,0.04968494612815284,0.995,303.8730841675049,2500,5000
Scalar region null,Conventional,2161897,0.851,0.005035851467229748,0.8411297311242296,0.8608702688757703,0.995,303.8730841675049,2500,5000
Scalar region null,Anytime-valid,2183679,0.044,0.002900482718445328,0.03831505387184715,0.04968494612815284,0.995,303.8730841675049,2500,5000
Scalar region null,Conventional,2183679,0.8512,0.0050330618911354555,0.8413351986933745,0.8610648013066254,0.995,303.8730841675049,2500,5000
Scalar region null,Anytime-valid,2205681,0.044,0.002900482718445328,0.03831505387184715,0.04968494612815284,0.995,303.8730841675049,2500,5000
Scalar region null,Conventional,2205681,0.8514,0.0050302691776882074,0.8415406724117311,0.861259327588269,0.995,303.8730841675049,2500,5000
Scalar region null,Anytime-valid,2227904,0.044,0.002900482718445328,0.03831505387184715,0.04968494612815284,0.995,303.8730841675049,2500,5000
Scalar region null,Conventional,2227904,0.8514,0.0050302691776882074,0.8415406724117311,0.861259327588269,0.995,303.8730841675049,2500,5000
Scalar region null,Anytime-valid,2250352,0.044,0.002900482718445328,0.03831505387184715,0.04968494612815284,0.995,303.8730841675049,2500,5000
Scalar region null,Conventional,2250352,0.8516,0.005027473321659698,0.841746152289547,0.8614538477104531,0.995,303.8730841675049,2500,5000
Scalar region null,Anytime-valid,2273025,0.044,0.002900482718445328,0.03831505387184715,0.04968494612815284,0.995,303.8730841675049,2500,5000
Scalar region null,Conventional,2273025,0.8518,0.00502467431780409,0.841951638337104,0.861648361662896,0.995,303.8730841675049,2500,5000
Scalar region null,Anytime-valid,2295927,0.044,0.002900482718445328,0.03831505387184715,0.04968494612815284,0.995,303.8730841675049,2500,5000
Scalar region null,Conventional,2295927,0.852,0.005021872160857941,0.8421571305647184,0.8618428694352815,0.995,303.8730841675049,2500,5000
Scalar region null,Anytime-valid,2319060,0.044,0.002900482718445328,0.03831505387184715,0.04968494612815284,0.995,303.8730841675049,2500,5000
Scalar region null,Conventional,2319060,0.852,0.005021872160857941,0.8421571305647184,0.8618428694352815,0.995,303.8730841675049,2500,5000
Scalar region null,Anytime-valid,2342425,0.044,0.002900482718445328,0.03831505387184715,0.04968494612815284,0.995,303.8730841675049,2500,5000
Scalar region null,Conventional,2342425,0.852,0.005021872160857941,0.8421571305647184,0.8618428694352815,0.995,303.8730841675049,2500,5000
Scalar region null,Anytime-valid,2366026,0.044,0.002900482718445328,0.03831505387184715,0.04968494612815284,0.995,303.8730841675049,2500,5000
Scalar region null,Conventional,2366026,0.8526,0.0050134467185759535,0.8427736444315912,0.8624263555684089,0.995,303.8730841675049,2500,5000
Scalar region null,Anytime-valid,2389865,0.044,0.002900482718445328,0.03831505387184715,0.04968494612815284,0.995,303.8730841675049,2500,5000
Scalar region null,Conventional,2389865,0.8526,0.0050134467185759535,0.8427736444315912,0.8624263555684089,0.995,303.8730841675049,2500,5000
Scalar region null,Anytime-valid,2413944,0.044,0.002900482718445328,0.03831505387184715,0.04968494612815284,0.995,303.8730841675049,2500,5000
Scalar region null,Conventional,2413944,0.8532,0.005004992707287395,0.8433902142937166,0.8630097857062833,0.995,303.8730841675049,2500,5000
Scalar region null,Anytime-valid,2438266,0.044,0.002900482718445328,0.03831505387184715,0.04968494612815284,0.995,303.8730841675049,2500,5000
Scalar region null,Conventional,2438266,0.8532,0.005004992707287395,0.8433902142937166,0.8630097857062833,0.995,303.8730841675049,2500,5000
Scalar region null,Anytime-valid,2462833,0.044,0.002900482718445328,0.03831505387184715,0.04968494612815284,0.995,303.8730841675049,2500,5000
Scalar region null,Conventional,2462833,0.8532,0.005004992707287395,0.8433902142937166,0.8630097857062833,0.995,303.8730841675049,2500,5000
Scalar region null,Anytime-valid,2487647,0.044,0.002900482718445328,0.03831505387184715,0.04968494612815284,0.995,303.8730841675049,2500,5000
Scalar region null,Conventional,2487647,0.8534,0.005002168329834572,0.8435957500735243,0.8632042499264758,0.995,303.8730841675049,2500,5000
Scalar region null,Anytime-valid,2512711,0.044,0.002900482718445328,0.03831505387184715,0.04968494612815284,0.995,303.8730841675049,2500,5000
Scalar region null,Conventional,2512711,0.8536,0.004999340756539806,0.843801292117182,0.863398707882818,0.995,303.8730841675049,2500,5000
Scalar region null,Anytime-valid,2538028,0.044,0.002900482718445328,0.03831505387184715,0.04968494612815284,0.995,303.8730841675049,2500,5000
Scalar region null,Conventional,2538028,0.8536,0.004999340756539806,0.843801292117182,0.863398707882818,0.995,303.8730841675049,2500,5000
Scalar region null,Anytime-valid,2563600,0.044,0.002900482718445328,0.03831505387184715,0.04968494612815284,0.995,303.8730841675049,2500,5000
Scalar region null,Conventional,2563600,0.8538,0.00499650998197742,0.8440068404353243,0.8635931595646757,0.995,303.8730841675049,2500,5000
Scalar region null,Anytime-valid,2589430,0.044,0.002900482718445328,0.03831505387184715,0.04968494612815284,0.995,303.8730841675049,2500,5000
Scalar region null,Conventional,2589430,0.8544,0.0049879983961505035,0.844623523143545,0.864176476856455,0.995,303.8730841675049,2500,5000
Scalar region null,Anytime-valid,2615519,0.044,0.002900482718445328,0.03831505387184715,0.04968494612815284,0.995,303.8730841675049,2500,5000
Scalar region null,Conventional,2615519,0.8548,0.004982307898956065,0.8450346765180461,0.8645653234819539,0.995,303.8730841675049,2500,5000
Scalar region null,Anytime-valid,2641872,0.044,0.002900482718445328,0.03831505387184715,0.04968494612815284,0.995,303.8730841675049,2500,5000
Scalar region null,Conventional,2641872,0.8548,0.004982307898956065,0.8450346765180461,0.8645653234819539,0.995,303.8730841675049,2500,5000
Scalar region null,Anytime-valid,2668490,0.044,0.002900482718445328,0.03831505387184715,0.04968494612815284,0.995,303.8730841675049,2500,5000
Scalar region null,Conventional,2668490,0.855,0.0049794578018093495,0.8452402627084536,0.8647597372915463,0.995,303.8730841675049,2500,5000
Scalar region null,Anytime-valid,2695377,0.044,0.002900482718445328,0.03831505387184715,0.04968494612815284,0.995,303.8730841675049,2500,5000
Scalar region null,Conventional,2695377,0.8554,0.004973747882633376,0.8456514541500386,0.8651485458499615,0.995,303.8730841675049,2500,5000
Scalar region null,Anytime-valid,2722534,0.044,0.002900482718445328,0.03831505387184715,0.04968494612815284,0.995,303.8730841675049,2500,5000
Scalar region null,Conventional,2722534,0.8558,0.0049680249596796506,0.8460626710790279,0.8655373289209721,0.995,303.8730841675049,2500,5000
Scalar region null,Anytime-valid,2749965,0.044,0.002900482718445328,0.03831505387184715,0.04968494612815284,0.995,303.8730841675049,2500,5000
Scalar region null,Conventional,2749965,0.8558,0.0049680249596796506,0.8460626710790279,0.8655373289209721,0.995,303.8730841675049,2500,5000
Scalar region null,Anytime-valid,2777672,0.044,0.002900482718445328,0.03831505387184715,0.04968494612815284,0.995,303.8730841675049,2500,5000
Scalar region null,Conventional,2777672,0.856,0.004965158607738529,0.8462682891288325,0.8657317108711675,0.995,303.8730841675049,2500,5000
Scalar region null,Anytime-valid,2805659,0.044,0.002900482718445328,0.03831505387184715,0.04968494612815284,0.995,303.8730841675049,2500,5000
Scalar region null,Conventional,2805659,0.856,0.004965158607738529,0.8462682891288325,0.8657317108711675,0.995,303.8730841675049,2500,5000
Scalar region null,Anytime-valid,2833927,0.044,0.002900482718445328,0.03831505387184715,0.04968494612815284,0.995,303.8730841675049,2500,5000
Scalar region null,Conventional,2833927,0.8564,0.004959416094662757,0.846679544454461,0.8661204555455391,0.995,303.8730841675049,2500,5000
Scalar region null,Anytime-valid,2862480,0.044,0.002900482718445328,0.03831505387184715,0.04968494612815284,0.995,303.8730841675049,2500,5000
Scalar region null,Conventional,2862480,0.8568,0.004953660464747256,0.8470908254890954,0.8665091745109046,0.995,303.8730841675049,2500,5000
Scalar region null,Anytime-valid,2891321,0.044,0.002900482718445328,0.03831505387184715,0.04968494612815284,0.995,303.8730841675049,2500,5000
Scalar region null,Conventional,2891321,0.857,0.0049507777166825015,0.8472964756753023,0.8667035243246977,0.995,303.8730841675049,2500,5000
Scalar region null,Anytime-valid,2920453,0.044,0.002900482718445328,0.03831505387184715,0.04968494612815284,0.995,303.8730841675049,2500,5000
Scalar region null,Conventional,2920453,0.8574,0.004945002325580847,0.8477077954418616,0.8670922045581385,0.995,303.8730841675049,2500,5000
Scalar region null,Anytime-valid,2949878,0.044,0.002900482718445328,0.03831505387184715,0.04968494612815284,0.995,303.8730841675049,2500,5000
Scalar region null,Conventional,2949878,0.8574,0.004945002325580847,0.8477077954418616,0.8670922045581385,0.995,303.8730841675049,2500,5000
Scalar region null,Anytime-valid,2979599,0.044,0.002900482718445328,0.03831505387184715,0.04968494612815284,0.995,303.8730841675049,2500,5000
Scalar region null,Conventional,2979599,0.8574,0.004945002325580847,0.8477077954418616,0.8670922045581385,0.995,303.8730841675049,2500,5000
Scalar region null,Anytime-valid,3009620,0.044,0.002900482718445328,0.03831505387184715,0.04968494612815284,0.995,303.8730841675049,2500,5000
Scalar region null,Conventional,3009620,0.8576,0.004942109670980602,0.8479134650448781,0.867286534955122,0.995,303.8730841675049,2500,5000
Scalar region null,Anytime-valid,3039944,0.044,0.002900482718445328,0.03831505387184715,0.04968494612815284,0.995,303.8730841675049,2500,5000
Scalar region null,Conventional,3039944,0.8584,0.004930505856400537,0.848736208521455,0.8680637914785451,0.995,303.8730841675049,2500,5000
Scalar region null,Anytime-valid,3070573,0.044,0.002900482718445328,0.03831505387184715,0.04968494612815284,0.995,303.8730841675049,2500,5000
Scalar region null,Conventional,3070573,0.8584,0.004930505856400537,0.848736208521455,0.8680637914785451,0.995,303.8730841675049,2500,5000
Scalar region null,Anytime-valid,3101510,0.044,0.002900482718445328,0.03831505387184715,0.04968494612815284,0.995,303.8730841675049,2500,5000
Scalar region null,Conventional,3101510,0.8586,0.004927596574396081,0.8489419107141837,0.8682580892858164,0.995,303.8730841675049,2500,5000
Scalar region null,Anytime-valid,3132759,0.044,0.002900482718445328,0.03831505387184715,0.04968494612815284,0.995,303.8730841675049,2500,5000
Scalar region null,Conventional,3132759,0.8588,0.004924683949249942,0.8491476194594701,0.8684523805405299,0.995,303.8730841675049,2500,5000
Scalar region null,Anytime-valid,3164324,0.044,0.002900482718445328,0.03831505387184715,0.04968494612815284,0.995,303.8730841675049,2500,5000
Scalar region null,Conventional,3164324,0.8592,0.004918848645770675,0.8495590566542894,0.8688409433457105,0.995,303.8730841675049,2500,5000
Scalar region null,Anytime-valid,3196206,0.044,0.002900482718445328,0.03831505387184715,0.04968494612815284,0.995,303.8730841675049,2500,5000
Scalar region null,Conventional,3196206,0.8594,0.004915925955504211,0.8497647851272118,0.8690352148727883,0.995,303.8730841675049,2500,5000
Scalar region null,Anytime-valid,3228409,0.044,0.002900482718445328,0.03831505387184715,0.04968494612815284,0.995,303.8730841675049,2500,5000
Scalar region null,Conventional,3228409,0.8594,0.004915925955504211,0.8497647851272118,0.8690352148727883,0.995,303.8730841675049,2500,5000
Scalar region null,Anytime-valid,3260937,0.044,0.002900482718445328,0.03831505387184715,0.04968494612815284,0.995,303.8730841675049,2500,5000
Scalar region null,Conventional,3260937,0.8598,0.004910070467926096,0.8501762618828649,0.8694237381171351,0.995,303.8730841675049,2500,5000
Scalar region null,Anytime-valid,3293793,0.044,0.002900482718445328,0.03831505387184715,0.04968494612815284,0.995,303.8730841675049,2500,5000
Scalar region null,Conventional,3293793,0.8598,0.004910070467926096,0.8501762618828649,0.8694237381171351,0.995,303.8730841675049,2500,5000
Scalar region null,Anytime-valid,3326979,0.044,0.002900482718445328,0.03831505387184715,0.04968494612815284,0.995,303.8730841675049,2500,5000
Scalar region null,Conventional,3326979,0.8598,0.004910070467926096,0.8501762618828649,0.8694237381171351,0.995,303.8730841675049,2500,5000
Scalar region null,Anytime-valid,3360500,0.044,0.002900482718445328,0.03831505387184715,0.04968494612815284,0.995,303.8730841675049,2500,5000
Scalar region null,Conventional,3360500,0.86,0.004907137658554119,0.8503820101892339,0.8696179898107661,0.995,303.8730841675049,2500,5000
Scalar region null,Anytime-valid,3394359,0.044,0.002900482718445328,0.03831505387184715,0.04968494612815284,0.995,303.8730841675049,2500,5000
Scalar region null,Conventional,3394359,0.8604,0.004901261878332966,0.8507935267184674,0.8700064732815327,0.995,303.8730841675049,2500,5000
Scalar region null,Anytime-valid,3428559,0.044,0.002900482718445328,0.03831505387184715,0.04968494612815284,0.995,303.8730841675049,2500,5000
Scalar region null,Conventional,3428559,0.8604,0.004901261878332966,0.8507935267184674,0.8700064732815327,0.995,303.8730841675049,2500,5000
Scalar region null,Anytime-valid,3463103,0.044,0.002900482718445328,0.03831505387184715,0.04968494612815284,0.995,303.8730841675049,2500,5000
Scalar region null,Conventional,3463103,0.8608,0.004895372508808701,0.8512050698827349,0.8703949301172651,0.995,303.8730841675049,2500,5000
Scalar region null,Anytime-valid,3497996,0.044,0.002900482718445328,0.03831505387184715,0.04968494612815284,0.995,303.8730841675049,2500,5000
Scalar region null,Conventional,3497996,0.861,0.004892422712726283,0.8514108514830565,0.8705891485169435,0.995,303.8730841675049,2500,5000
Scalar region null,Anytime-valid,3533240,0.044,0.002900482718445328,0.03831505387184715,0.04968494612815284,0.995,303.8730841675049,2500,5000
Scalar region null,Conventional,3533240,0.8612,0.004889469500876349,0.8516166397782823,0.8707833602217177,0.995,303.8730841675049,2500,5000
Scalar region null,Anytime-valid,3568839,0.044,0.002900482718445328,0.03831505387184715,0.04968494612815284,0.995,303.8730841675049,2500,5000
Scalar region null,Conventional,3568839,0.8612,0.004889469500876349,0.8516166397782823,0.8707833602217177,0.995,303.8730841675049,2500,5000
Scalar region null,Anytime-valid,3604797,0.044,0.002900482718445328,0.03831505387184715,0.04968494612815284,0.995,303.8730841675049,2500,5000
Scalar region null,Conventional,3604797,0.8614,0.0048865128670658375,0.851822434780551,0.8709775652194491,0.995,303.8730841675049,2500,5000
Scalar region null,Anytime-valid,3641117,0.044,0.002900482718445328,0.03831505387184715,0.04968494612815284,0.995,303.8730841675049,2500,5000
Scalar region null,Conventional,3641117,0.862,0.0048776223716068875,0.8524398601516505,0.8715601398483495,0.995,303.8730841675049,2500,5000
Scalar region null,Anytime-valid,3677803,0.044,0.002900482718445328,0.03831505387184715,0.04968494612815284,0.995,303.8730841675049,2500,5000
Scalar region null,Conventional,3677803,0.8622,0.004874651987578191,0.8526456821043467,0.8717543178956533,0.995,303.8730841675049,2500,5000
Scalar region null,Anytime-valid,3714859,0.044,0.002900482718445328,0.03831505387184715,0.04968494612815284,0.995,303.8730841675049,2500,5000
Scalar region null,Conventional,3714859,0.8622,0.004874651987578191,0.8526456821043467,0.8717543178956533,0.995,303.8730841675049,2500,5000
Scalar region null,Anytime-valid,3752288,0.044,0.002900482718445328,0.03831505387184715,0.04968494612815284,0.995,303.8730841675049,2500,5000
Scalar region null,Conventional,3752288,0.8622,0.004874651987578191,0.8526456821043467,0.8717543178956533,0.995,303.8730841675049,2500,5000
Scalar region null,Anytime-valid,3790094,0.044,0.002900482718445328,0.03831505387184715,0.04968494612815284,0.995,303.8730841675049,2500,5000
Scalar region null,Conventional,3790094,0.86240000000000006,0.004871678150288665,0.8528515108254343,0.8719484891745658,0.995,303.8730841675049,2500,5000
Scalar region null,Anytime-valid,3828281,0.044,0.002900482718445328,0.03831505387184715,0.04968494612815284,0.995,303.8730841675049,2500,5000
Scalar region null,Conventional,3828281,0.8628,0.004865720090592963,0.8532631886224378,0.8723368113775622,0.995,303.8730841675049,2500,5000
Scalar region null,Anytime-valid,3866853,0.044,0.002900482718445328,0.03831505387184715,0.04968494612815284,0.995,303.8730841675049,2500,5000
Scalar region null,Conventional,3866853,0.8632,0.004859748141622156,0.8536748936424206,0.8727251063575794,0.995,303.8730841675049,2500,5000
Scalar region null,Anytime-valid,3905813,0.044,0.002900482718445328,0.03831505387184715,0.04968494612815284,0.995,303.8730841675049,2500,5000
Scalar region null,Conventional,3905813,0.8632,0.004859748141622156,0.8536748936424206,0.8727251063575794,0.995,303.8730841675049,2500,5000
Scalar region null,Anytime-valid,3945167,0.044,0.002900482718445328,0.03831505387184715,0.04968494612815284,0.995,303.8730841675049,2500,5000
Scalar region null,Conventional,3945167,0.8632,0.004859748141622156,0.8536748936424206,0.8727251063575794,0.995,303.8730841675049,2500,5000
Scalar region null,Anytime-valid,3984916,0.044,0.002900482718445328,0.03831505387184715,0.04968494612815284,0.995,303.8730841675049,2500,5000
Scalar region null,Conventional,3984916,0.8634,0.004856756942652165,0.8538807563924017,0.8729192436075982,0.995,303.8730841675049,2500,5000
Scalar region null,Anytime-valid,4025066,0.044,0.002900482718445328,0.03831505387184715,0.04968494612815284,0.995,303.8730841675049,2500,5000
Scalar region null,Conventional,4025066,0.8634,0.004856756942652165,0.8538807563924017,0.8729192436075982,0.995,303.8730841675049,2500,5000
Scalar region null,Anytime-valid,4065621,0.044,0.002900482718445328,0.03831505387184715,0.04968494612815284,0.995,303.8730841675049,2500,5000
Scalar region null,Conventional,4065621,0.8634,0.004856756942652165,0.8538807563924017,0.8729192436075982,0.995,303.8730841675049,2500,5000
Scalar region null,Anytime-valid,4106584,0.044,0.002900482718445328,0.03831505387184715,0.04968494612815284,0.995,303.8730841675049,2500,5000
Scalar region null,Conventional,4106584,0.864,0.004847762370413798,0.854498385753989,0.873501614246011,0.995,303.8730841675049,2500,5000
Scalar region null,Anytime-valid,4147960,0.044,0.002900482718445328,0.03831505387184715,0.04968494612815284,0.995,303.8730841675049,2500,5000
Scalar region null,Conventional,4147960,0.8642,0.004844757166257149,0.854704275954136,0.8736957240458639,0.995,303.8730841675049,2500,5000
Scalar region null,Anytime-valid,4189753,0.044,0.002900482718445328,0.03831505387184715,0.04968494612815284,0.995,303.8730841675049,2500,5000
Scalar region null,Conventional,4189753,0.8644,0.0048417484445187784,0.8549101730487432,0.8738898269512567,0.995,303.8730841675049,2500,5000
Scalar region null,Anytime-valid,4231966,0.044,0.002900482718445328,0.03831505387184715,0.04968494612815284,0.995,303.8730841675049,2500,5000
Scalar region null,Conventional,4231966,0.8648,0.00483572042202607,0.8553219879728289,0.8742780120271711,0.995,303.8730841675049,2500,5000
Scalar region null,Anytime-valid,4274606,0.044,0.002900482718445328,0.03831505387184715,0.04968494612815284,0.995,303.8730841675049,2500,5000
Scalar region null,Conventional,4274606,0.8648,0.00483572042202607,0.8553219879728289,0.8742780120271711,0.995,303.8730841675049,2500,5000
Scalar region null,Anytime-valid,4317674,0.044,0.002900482718445328,0.03831505387184715,0.04968494612815284,0.995,303.8730841675049,2500,5000
Scalar region null,Conventional,4317674,0.8652,0.004829678250152902,0.8557338306297003,0.8746661693702996,0.995,303.8730841675049,2500,5000
Scalar region null,Anytime-valid,4361177,0.044,0.002900482718445328,0.03831505387184715,0.04968494612815284,0.995,303.8730841675049,2500,5000
Scalar region null,Conventional,4361177,0.8654,0.0048266518415978595,0.8559397623904681,0.8748602376095318,0.995,303.8730841675049,2500,5000
Scalar region null,Anytime-valid,4405118,0.044,0.002900482718445328,0.03831505387184715,0.04968494612815284,0.995,303.8730841675049,2500,5000
Scalar region null,Conventional,4405118,0.866,0.004817551245186708,0.856557599559434,0.875442400440566,0.995,303.8730841675049,2500,5000
Scalar region null,Anytime-valid,4449502,0.044,0.002900482718445328,0.03831505387184715,0.04968494612815284,0.995,303.8730841675049,2500,5000
Scalar region null,Conventional,4449502,0.866,0.004817551245186708,0.856557599559434,0.875442400440566,0.995,303.8730841675049,2500,5000
Scalar region null,Anytime-valid,4494333,0.044,0.002900482718445328,0.03831505387184715,0.04968494612815284,0.995,303.8730841675049,2500,5000
Scalar region null,Conventional,4494333,0.866,0.004817551245186708,0.856557599559434,0.875442400440566,0.995,303.8730841675049,2500,5000
Scalar region null,Anytime-valid,4539616,0.044,0.002900482718445328,0.03831505387184715,0.04968494612815284,0.995,303.8730841675049,2500,5000
Scalar region null,Conventional,4539616,0.8662,0.00481451056702548,0.85676355928863,0.8756364407113699,0.995,303.8730841675049,2500,5000
Scalar region null,Anytime-valid,4585355,0.044,0.002900482718445328,0.03831505387184715,0.04968494612815284,0.995,303.8730841675049,2500,5000
Scalar region null,Conventional,4585355,0.8664,0.004811466304568703,0.8569695260430453,0.8758304739569546,0.995,303.8730841675049,2500,5000
Scalar region null,Anytime-valid,4631554,0.044,0.002900482718445328,0.03831505387184715,0.04968494612815284,0.995,303.8730841675049,2500,5000
Scalar region null,Conventional,4631554,0.8666,0.0048084184510086055,0.8571754998360231,0.8760245001639769,0.995,303.8730841675049,2500,5000
Scalar region null,Anytime-valid,4678220,0.0442,0.0029067631482458285,0.03850274422943818,0.049897255770561824,0.995,303.8730841675049,2500,5000
Scalar region null,Conventional,4678220,0.8672,0.0047992532752502235,0.8577934635805096,0.8766065364194904,0.995,303.8730841675049,2500,5000
Scalar region null,Anytime-valid,4725355,0.0442,0.0029067631482458285,0.03850274422943818,0.049897255770561824,0.995,303.8730841675049,2500,5000
Scalar region null,Conventional,4725355,0.8676,0.004793125076607119,0.8582054748498501,0.87699452515015,0.995,303.8730841675049,2500,5000
Scalar region null,Anytime-valid,4772965,0.0442,0.0029067631482458285,0.03850274422943818,0.049897255770561824,0.995,303.8730841675049,2500,5000
Scalar region null,Conventional,4772965,0.868,0.0047869823479933585,0.858617514597933,0.877382485402067,0.995,303.8730841675049,2500,5000
Scalar region null,Anytime-valid,4821055,0.0444,0.002913027291324268,0.038690466509004436,0.05010953349099557,0.995,303.8730841675049,2500,5000
Scalar region null,Conventional,4821055,0.8682,0.004783905517461649,0.8588235451857752,0.8775764548142247,0.995,303.8730841675049,2500,5000
Scalar region null,Anytime-valid,4869630,0.0444,0.002913027291324268,0.038690466509004436,0.05010953349099557,0.995,303.8730841675049,2500,5000
Scalar region null,Conventional,4869630,0.869,0.004771561589249373,0.8596477392850712,0.8783522607149288,0.995,303.8730841675049,2500,5000
Scalar region null,Anytime-valid,4918694,0.0444,0.002913027291324268,0.038690466509004436,0.05010953349099557,0.995,303.8730841675049,2500,5000
Scalar region null,Conventional,4918694,0.8694,0.004765367561899082,0.8600598795786778,0.8787401204213221,0.995,303.8730841675049,2500,5000
Scalar region null,Anytime-valid,4968252,0.0444,0.002913027291324268,0.038690466509004436,0.05010953349099557,0.995,303.8730841675049,2500,5000
Scalar region null,Conventional,4968252,0.8694,0.004765367561899082,0.8600598795786778,0.8787401204213221,0.995,303.8730841675049,2500,5000
Scalar region null,Anytime-valid,5018310,0.0444,0.002913027291324268,0.038690466509004436,0.05010953349099557,0.995,303.8730841675049,2500,5000
Scalar region null,Conventional,5018310,0.8694,0.004765367561899082,0.8600598795786778,0.8787401204213221,0.995,303.8730841675049,2500,5000
Scalar region null,Anytime-valid,5068872,0.0444,0.002913027291324268,0.038690466509004436,0.05010953349099557,0.995,303.8730841675049,2500,5000
Scalar region null,Conventional,5068872,0.8694,0.004765367561899082,0.8600598795786778,0.8787401204213221,0.995,303.8730841675049,2500,5000
Scalar region null,Anytime-valid,5119943,0.0444,0.002913027291324268,0.038690466509004436,0.05010953349099557,0.995,303.8730841675049,2500,5000
Scalar region null,Conventional,5119943,0.8694,0.004765367561899082,0.8600598795786778,0.8787401204213221,0.995,303.8730841675049,2500,5000
Scalar region null,Anytime-valid,5171529,0.0444,0.002913027291324268,0.038690466509004436,0.05010953349099557,0.995,303.8730841675049,2500,5000
Scalar region null,Conventional,5171529,0.8696,0.00476226500732582,0.8602659605856414,0.8789340394143587,0.995,303.8730841675049,2500,5000
Scalar region null,Anytime-valid,5223635,0.0444,0.002913027291324268,0.038690466509004436,0.05010953349099557,0.995,303.8730841675049,2500,5000
Scalar region null,Conventional,5223635,0.87,0.004756048780237646,0.8606781443907342,0.8793218556092658,0.995,303.8730841675049,2500,5000
Scalar region null,Anytime-valid,5276266,0.0444,0.002913027291324268,0.038690466509004436,0.05010953349099557,0.995,303.8730841675049,2500,5000
Scalar region null,Conventional,5276266,0.87,0.004756048780237646,0.8606781443907342,0.8793218556092658,0.995,303.8730841675049,2500,5000
Scalar region null,Anytime-valid,5329427,0.0444,0.002913027291324268,0.038690466509004436,0.05010953349099557,0.995,303.8730841675049,2500,5000
Scalar region null,Conventional,5329427,0.87,0.004756048780237646,0.8606781443907342,0.8793218556092658,0.995,303.8730841675049,2500,5000
Scalar region null,Anytime-valid,5383123,0.0444,0.002913027291324268,0.038690466509004436,0.05010953349099557,0.995,303.8730841675049,2500,5000
Scalar region null,Conventional,5383123,0.8704,0.004749817680711545,0.8610903573458053,0.8797096426541946,0.995,303.8730841675049,2500,5000
Scalar region null,Anytime-valid,5437361,0.0444,0.002913027291324268,0.038690466509004436,0.05010953349099557,0.995,303.8730841675049,2500,5000
Scalar region null,Conventional,5437361,0.8708,0.0047435716501387434,0.86150259956572806,0.880097400434272,0.995,303.8730841675049,2500,5000
Scalar region null,Anytime-valid,5492145,0.0444,0.002913027291324268,0.038690466509004436,0.05010953349099557,0.995,303.8730841675049,2500,5000
Scalar region null,Conventional,5492145,0.8708,0.0047435716501387434,0.86150259956572806,0.880097400434272,0.995,303.8730841675049,2500,5000
Scalar region null,Anytime-valid,5547481,0.0444,0.002913027291324268,0.038690466509004436,0.05010953349099557,0.995,303.8730841675049,2500,5000
Scalar region null,Conventional,5547481,0.8708,0.0047435716501387434,0.86150259956572806,0.880097400434272,0.995,303.8730841675049,2500,5000
Scalar region null,Anytime-valid,5603375,0.0444,0.002913027291324268,0.038690466509004436,0.05010953349099557,0.995,303.8730841675049,2500,5000
Scalar region null,Conventional,5603375,0.871,0.004740443017271698,0.8617087316861475,0.8802912683138525,0.995,303.8730841675049,2500,5000
Scalar region null,Anytime-valid,5659832,0.0444,0.002913027291324268,0.038690466509004436,0.05010953349099557,0.995,303.8730841675049,2500,5000
Scalar region null,Conventional,5659832,0.871,0.004740443017271698,0.8617087316861475,0.8802912683138525,0.995,303.8730841675049,2500,5000
Scalar region null,Anytime-valid,5716857,0.0444,0.002913027291324268,0.038690466509004436,0.05010953349099557,0.995,303.8730841675049,2500,5000
Scalar region null,Conventional,5716857,0.871,0.004740443017271698,0.8617087316861475,0.8802912683138525,0.995,303.8730841675049,2500,5000
Scalar region null,Anytime-valid,5774458,0.0444,0.002913027291324268,0.038690466509004436,0.05010953349099557,0.995,303.8730841675049,2500,5000
Scalar region null,Conventional,5774458,0.8714,0.004734174479251901,0.8621210180206662,0.8806789819793337,0.995,303.8730841675049,2500,5000
Scalar region null,Anytime-valid,5832638,0.0444,0.002913027291324268,0.038690466509004436,0.05010953349099557,0.995,303.8730841675049,2500,5000
Scalar region null,Conventional,5832638,0.8714,0.004734174479251901,0.8621210180206662,0.8806789819793337,0.995,303.8730841675049,2500,5000
Scalar region null,Anytime-valid,5891405,0.0444,0.002913027291324268,0.038690466509004436,0.05010953349099557,0.995,303.8730841675049,2500,5000
Scalar region null,Conventional,5891405,0.8714,0.004734174479251901,0.8621210180206662,0.8806789819793337,0.995,303.8730841675049,2500,5000
Scalar region null,Anytime-valid,5950764,0.0444,0.002913027291324268,0.038690466509004436,0.05010953349099557,0.995,303.8730841675049,2500,5000
Scalar region null,Conventional,5950764,0.8716,0.0047310345591635656,0.8623271722640394,0.8808728277359607,0.995,303.8730841675049,2500,5000
Scalar region null,Anytime-valid,6010721,0.0444,0.002913027291324268,0.038690466509004436,0.05010953349099557,0.995,303.8730841675049,2500,5000
Scalar region null,Conventional,6010721,0.8716,0.0047310345591635656,0.8623271722640394,0.8808728277359607,0.995,303.8730841675049,2500,5000
Scalar region null,Anytime-valid,6071282,0.0444,0.002913027291324268,0.038690466509004436,0.05010953349099557,0.995,303.8730841675049,2500,5000
Scalar region null,Conventional,6071282,0.8716,0.0047310345591635656,0.8623271722640394,0.8808728277359607,0.995,303.8730841675049,2500,5000
Scalar region null,Anytime-valid,6132453,0.0444,0.002913027291324268,0.038690466509004436,0.05010953349099557,0.995,303.8730841675049,2500,5000
Scalar region null,Conventional,6132453,0.872,0.004724743379274688,0.8627395029766216,0.8812604970233784,0.995,303.8730841675049,2500,5000
Scalar region null,Anytime-valid,6194241,0.0444,0.002913027291324268,0.038690466509004436,0.05010953349099557,0.995,303.8730841675049,2500,5000
Scalar region null,Conventional,6194241,0.8722,0.004721592104364798,0.862945679475445,0.881454320524555,0.995,303.8730841675049,2500,5000
Scalar region null,Anytime-valid,6256651,0.0444,0.002913027291324268,0.038690466509004436,0.05010953349099557,0.995,303.8730841675049,2500,5000
Scalar region null,Conventional,6256651,0.8722,0.004721592104364798,0.862945679475445,0.881454320524555,0.995,303.8730841675049,2500,5000
Scalar region null,Anytime-valid,6319690,0.0444,0.002913027291324268,0.038690466509004436,0.05010953349099557,0.995,303.8730841675049,2500,5000
Scalar region null,Conventional,6319690,0.8726,0.0047152781466208325,0.8633580548326232,0.8818419451673769,0.995,303.8730841675049,2500,5000
Scalar region null,Anytime-valid,6383364,0.0444,0.002913027291324268,0.038690466509004436,0.05010953349099557,0.995,303.8730841675049,2500,5000
Scalar region null,Conventional,6383364,0.8726,0.0047152781466208325,0.8633580548326232,0.8818419451673769,0.995,303.8730841675049,2500,5000
Scalar region null,Anytime-valid,6447679,0.0444,0.002913027291324268,0.038690466509004436,0.05010953349099557,0.995,303.8730841675049,2500,5000
Scalar region null,Conventional,6447679,0.8728,0.0047121154485008105,0.8635642537209385,0.8820357462790616,0.995,303.8730841675049,2500,5000
Scalar region null,Anytime-valid,6512643,0.0444,0.002913027291324268,0.038690466509004436,0.05010953349099557,0.995,303.8730841675049,2500,5000
Scalar region null,Conventional,6512643,0.8728,0.0047121154485008105,0.8635642537209385,0.8820357462790616,0.995,303.8730841675049,2500,5000
Scalar region null,Anytime-valid,6578261,0.0444,0.002913027291324268,0.038690466509004436,0.05010953349099557,0.995,303.8730841675049,2500,5000
Scalar region null,Conventional,6578261,0.8728,0.0047121154485008105,0.8635642537209385,0.8820357462790616,0.995,303.8730841675049,2500,5000
Scalar region null,Anytime-valid,6644540,0.0444,0.002913027291324268,0.038690466509004436,0.05010953349099557,0.995,303.8730841675049,2500,5000
Scalar region null,Conventional,6644540,0.8728,0.0047121154485008105,0.8635642537209385,0.8820357462790616,0.995,303.8730841675049,2500,5000
Scalar region null,Anytime-valid,6711487,0.0444,0.002913027291324268,0.038690466509004436,0.05010953349099557,0.995,303.8730841675049,2500,5000
Scalar region null,Conventional,6711487,0.873,0.004708948927308513,0.8637704601024753,0.8822295398975247,0.995,303.8730841675049,2500,5000
Scalar region null,Anytime-valid,6779109,0.0444,0.002913027291324268,0.038690466509004436,0.05010953349099557,0.995,303.8730841675049,2500,5000
Scalar region null,Conventional,6779109,0.873,0.004708948927308513,0.8637704601024753,0.8822295398975247,0.995,303.8730841675049,2500,5000
Scalar region null,Anytime-valid,6847412,0.0444,0.002913027291324268,0.038690466509004436,0.05010953349099557,0.995,303.8730841675049,2500,5000
Scalar region null,Conventional,6847412,0.8732,0.004705778575326298,0.8639766739923604,0.8824233260076395,0.995,303.8730841675049,2500,5000
Scalar region null,Anytime-valid,6916403,0.0444,0.002913027291324268,0.038690466509004436,0.05010953349099557,0.995,303.8730841675049,2500,5000
Scalar region null,Conventional,6916403,0.8736,0.004699426347970569,0.8643891243579778,0.8828108756420223,0.995,303.8730841675049,2500,5000
Scalar region null,Anytime-valid,6986089,0.0444,0.002913027291324268,0.038690466509004436,0.05010953349099557,0.995,303.8730841675049,2500,5000
Scalar region null,Conventional,6986089,0.874,0.0046930587040862805,0.8648016049399909,0.8831983950600091,0.995,303.8730841675049,2500,5000
Scalar region null,Anytime-valid,7056478,0.0444,0.002913027291324268,0.038690466509004436,0.05010953349099557,0.995,303.8730841675049,2500,5000
Scalar region null,Conventional,7056478,0.874,0.0046930587040862805,0.8648016049399909,0.8831983950600091,0.995,303.8730841675049,2500,5000
Scalar region null,Anytime-valid,7127575,0.0444,0.002913027291324268,0.038690466509004436,0.05010953349099557,0.995,303.8730841675049,2500,5000
Scalar region null,Conventional,7127575,0.874,0.0046930587040862805,0.8648016049399909,0.8831983950600091,0.995,303.8730841675049,2500,5000
Scalar region null,Anytime-valid,7199389,0.0444,0.002913027291324268,0.038690466509004436,0.05010953349099557,0.995,303.8730841675049,2500,5000
Scalar region null,Conventional,7199389,0.8742,0.004689869081328391,0.8650078566005963,0.8833921433994036,0.995,303.8730841675049,2500,5000
Scalar region null,Anytime-valid,7271927,0.0444,0.002913027291324268,0.038690466509004436,0.05010953349099557,0.995,303.8730841675049,2500,5000
Scalar region null,Conventional,7271927,0.8742,0.004689869081328391,0.8650078566005963,0.8833921433994036,0.995,303.8730841675049,2500,5000
Scalar region null,Anytime-valid,7345195,0.0444,0.002913027291324268,0.038690466509004436,0.05010953349099557,0.995,303.8730841675049,2500,5000
Scalar region null,Conventional,7345195,0.8742,0.004689869081328391,0.8650078566005963,0.8833921433994036,0.995,303.8730841675049,2500,5000
Scalar region null,Anytime-valid,7419202,0.0444,0.002913027291324268,0.038690466509004436,0.05010953349099557,0.995,303.8730841675049,2500,5000
Scalar region null,Conventional,7419202,0.8744,0.004686675580835525,0.8652141158615623,0.8835858841384376,0.995,303.8730841675049,2500,5000
Scalar region null,Anytime-valid,7493954,0.0444,0.002913027291324268,0.038690466509004436,0.05010953349099557,0.995,303.8730841675049,2500,5000
Scalar region null,Conventional,7493954,0.8746,0.004683478194675406,0.8654203827384362,0.8837796172615638,0.995,303.8730841675049,2500,5000
Scalar region null,Anytime-valid,7569459,0.0444,0.002913027291324268,0.038690466509004436,0.05010953349099557,0.995,303.8730841675049,2500,5000
Scalar region null,Conventional,7569459,0.8746,0.004683478194675406,0.8654203827384362,0.8837796172615638,0.995,303.8730841675049,2500,5000
Scalar region null,Anytime-valid,7645725,0.0444,0.002913027291324268,0.038690466509004436,0.05010953349099557,0.995,303.8730841675049,2500,5000
Scalar region null,Conventional,7645725,0.8748,0.004680276914884417,0.8656266572468265,0.8839733427531735,0.995,303.8730841675049,2500,5000
Scalar region null,Anytime-valid,7722760,0.0444,0.002913027291324268,0.038690466509004436,0.05010953349099557,0.995,303.8730841675049,2500,5000
Scalar region null,Conventional,7722760,0.8748,0.004680276914884417,0.8656266572468265,0.8839733427531735,0.995,303.8730841675049,2500,5000
Scalar region null,Anytime-valid,7800570,0.0444,0.002913027291324268,0.038690466509004436,0.05010953349099557,0.995,303.8730841675049,2500,5000
Scalar region null,Conventional,7800570,0.875,0.004677071733467427,0.8658329394024038,0.8841670605975962,0.995,303.8730841675049,2500,5000
Scalar region null,Anytime-valid,7879165,0.0444,0.002913027291324268,0.038690466509004436,0.05010953349099557,0.995,303.8730841675049,2500,5000
Scalar region null,Conventional,7879165,0.8752,0.004673862642397613,0.8660392292209007,0.8843607707790992,0.995,303.8730841675049,2500,5000
Scalar region null,Anytime-valid,7958552,0.0444,0.002913027291324268,0.038690466509004436,0.05010953349099557,0.995,303.8730841675049,2500,5000
Scalar region null,Conventional,7958552,0.8752,0.004673862642397613,0.8660392292209007,0.8843607707790992,0.995,303.8730841675049,2500,5000
Scalar region null,Anytime-valid,8038738,0.0444,0.002913027291324268,0.038690466509004436,0.05010953349099557,0.995,303.8730841675049,2500,5000
Scalar region null,Conventional,8038738,0.8758,0.004664211830523995,0.866658144812173,0.8849418551878271,0.995,303.8730841675049,2500,5000
Scalar region null,Anytime-valid,8119732,0.0444,0.002913027291324268,0.038690466509004436,0.05010953349099557,0.995,303.8730841675049,2500,5000
Scalar region null,Conventional,8119732,0.8758,0.004664211830523995,0.866658144812173,0.8849418551878271,0.995,303.8730841675049,2500,5000
Scalar region null,Anytime-valid,8201543,0.0444,0.002913027291324268,0.038690466509004436,0.05010953349099557,0.995,303.8730841675049,2500,5000
Scalar region null,Conventional,8201543,0.8758,0.004664211830523995,0.866658144812173,0.8849418551878271,0.995,303.8730841675049,2500,5000
Scalar region null,Anytime-valid,8284177,0.0444,0.002913027291324268,0.038690466509004436,0.05010953349099557,0.995,303.8730841675049,2500,5000
Scalar region null,Conventional,8284177,0.8758,0.004664211830523995,0.866658144812173,0.8849418551878271,0.995,303.8730841675049,2500,5000
Scalar region null,Anytime-valid,8367645,0.0444,0.002913027291324268,0.038690466509004436,0.05010953349099557,0.995,303.8730841675049,2500,5000
Scalar region null,Conventional,8367645,0.876,0.004660987019934726,0.866864465440928,0.885135534559072,0.995,303.8730841675049,2500,5000
Scalar region null,Anytime-valid,8451953,0.0444,0.002913027291324268,0.038690466509004436,0.05010953349099557,0.995,303.8730841675049,2500,5000
Scalar region null,Conventional,8451953,0.8762,0.004657758259077,0.8670707938122091,0.8853292061877909,0.995,303.8730841675049,2500,5000
Scalar region null,Anytime-valid,8537111,0.0444,0.002913027291324268,0.038690466509004436,0.05010953349099557,0.995,303.8730841675049,2500,5000
Scalar region null,Conventional,8537111,0.8764,0.004654525539730125,0.8672771299421289,0.885522870057871,0.995,303.8730841675049,2500,5000
Scalar region null,Anytime-valid,8623126,0.0444,0.002913027291324268,0.038690466509004436,0.05010953349099557,0.995,303.8730841675049,2500,5000
Scalar region null,Conventional,8623126,0.8764,0.004654525539730125,0.8672771299421289,0.885522870057871,0.995,303.8730841675049,2500,5000
Scalar region null,Anytime-valid,8710009,0.0444,0.002913027291324268,0.038690466509004436,0.05010953349099557,0.995,303.8730841675049,2500,5000
Scalar region null,Conventional,8710009,0.8764,0.004654525539730125,0.8672771299421289,0.885522870057871,0.995,303.8730841675049,2500,5000
Scalar region null,Anytime-valid,8797766,0.0444,0.002913027291324268,0.038690466509004436,0.05010953349099557,0.995,303.8730841675049,2500,5000
Scalar region null,Conventional,8797766,0.8764,0.004654525539730125,0.8672771299421289,0.885522870057871,0.995,303.8730841675049,2500,5000
Scalar region null,Anytime-valid,8886408,0.0444,0.002913027291324268,0.038690466509004436,0.05010953349099557,0.995,303.8730841675049,2500,5000
Scalar region null,Conventional,8886408,0.8766,0.004651288853640461,0.86748347384686475,0.8857165261531353,0.995,303.8730841675049,2500,5000
Scalar region null,Anytime-valid,8975943,0.0444,0.002913027291324268,0.038690466509004436,0.05010953349099557,0.995,303.8730841675049,2500,5000
Scalar region null,Conventional,8975943,0.8768,0.004648048192521243,0.8676898255426584,0.8859101744573417,0.995,303.8730841675049,2500,5000
Scalar region null,Anytime-valid,9066380,0.0444,0.002913027291324268,0.038690466509004436,0.05010953349099557,0.995,303.8730841675049,2500,5000
Scalar region null,Conventional,9066380,0.877,0.004644803548052382,0.8678961850458173,0.8861038149541827,0.995,303.8730841675049,2500,5000
Scalar region null,Anytime-valid,9157729,0.0444,0.002913027291324268,0.038690466509004436,0.05010953349099557,0.995,303.8730841675049,2500,5000
Scalar region null,Conventional,9157729,0.877,0.004644803548052382,0.8678961850458173,0.8861038149541827,0.995,303.8730841675049,2500,5000
Scalar region null,Anytime-valid,9249997,0.0444,0.002913027291324268,0.038690466509004436,0.05010953349099557,0.995,303.8730841675049,2500,5000
Scalar region null,Conventional,9249997,0.8778,0.004631784969102084,0.8687217014605599,0.8868782985394401,0.995,303.8730841675049,2500,5000
Scalar region null,Anytime-valid,9343196,0.0444,0.002913027291324268,0.038690466509004436,0.05010953349099557,0.995,303.8730841675049,2500,5000
Scalar region null,Conventional,9343196,0.8778,0.004631784969102084,0.8687217014605599,0.8868782985394401,0.995,303.8730841675049,2500,5000
Scalar region null,Anytime-valid,9437333,0.0444,0.002913027291324268,0.038690466509004436,0.05010953349099557,0.995,303.8730841675049,2500,5000
Scalar region null,Conventional,9437333,0.8782,0.004625251560726185,0.8691345069409766,0.8872654930590234,0.995,303.8730841675049,2500,5000
Scalar region null,Anytime-valid,9532419,0.0444,0.002913027291324268,0.038690466509004436,0.05010953349099557,0.995,303.8730841675049,2500,5000
Scalar region null,Conventional,9532419,0.8784,0.004621978797008919,0.8693409215578625,0.88745907844213745,0.995,303.8730841675049,2500,5000
Scalar region null,Anytime-valid,9628463,0.0444,0.002913027291324268,0.038690466509004436,0.05010953349099557,0.995,303.8730841675049,2500,5000
Scalar region null,Conventional,9628463,0.8784,0.004621978797008919,0.8693409215578625,0.88745907844213745,0.995,303.8730841675049,2500,5000
Scalar region null,Anytime-valid,9725475,0.0444,0.002913027291324268,0.038690466509004436,0.05010953349099557,0.995,303.8730841675049,2500,5000
Scalar region null,Conventional,9725475,0.8788,0.004615421107548042,0.8697537746292059,0.8878462253707942,0.995,303.8730841675049,2500,5000
Scalar region null,Anytime-valid,9823464,0.0444,0.002913027291324268,0.038690466509004436,0.05010953349099557,0.995,303.8730841675049,2500,5000
Scalar region null,Conventional,9823464,0.879,0.004612136164512058,0.8699602131175563,0.8880397868824437,0.995,303.8730841675049,2500,5000
Scalar region null,Anytime-valid,9922440,0.0444,0.002913027291324268,0.038690466509004436,0.05010953349099557,0.995,303.8730841675049,2500,5000
Scalar region null,Conventional,9922440,0.8794,0.004605554038332414,0.8703731140848684,0.8884268859151315,0.995,303.8730841675049,2500,5000
Scalar region null,Anytime-valid,10022414,0.0444,0.002913027291324268,0.038690466509004436,0.05010953349099557,0.995,303.8730841675049,2500,5000
Scalar region null,Conventional,10022414,0.8796,0.004602256837683007,0.8705795765981413,0.8886204234018588,0.995,303.8730841675049,2500,5000
Scalar region null,Anytime-valid,10123394,0.0444,0.002913027291324268,0.038690466509004436,0.05010953349099557,0.995,303.8730841675049,2500,5000
Scalar region null,Conventional,10123394,0.8796,0.004602256837683007,0.8705795765981413,0.8886204234018588,0.995,303.8730841675049,2500,5000
Scalar region null,Anytime-valid,10225393,0.0444,0.002913027291324268,0.038690466509004436,0.05010953349099557,0.995,303.8730841675049,2500,5000
Scalar region null,Conventional,10225393,0.8798,0.004598955533596731,0.8707860471541504,0.8888139528458496,0.995,303.8730841675049,2500,5000
Scalar region null,Anytime-valid,10328419,0.0444,0.002913027291324268,0.038690466509004436,0.05010953349099557,0.995,303.8730841675049,2500,5000
Scalar region null,Conventional,10328419,0.88,0.004595650117230423,0.8709925257702283,0.8890074742297717,0.995,303.8730841675049,2500,5000
Scalar region null,Anytime-valid,10432483,0.0444,0.002913027291324268,0.038690466509004436,0.05010953349099557,0.995,303.8730841675049,2500,5000
Scalar region null,Conventional,10432483,0.88,0.004595650117230423,0.8709925257702283,0.8890074742297717,0.995,303.8730841675049,2500,5000
Scalar region null,Anytime-valid,10537595,0.0444,0.002913027291324268,0.038690466509004436,0.05010953349099557,0.995,303.8730841675049,2500,5000
Scalar region null,Conventional,10537595,0.8804,0.004589026912102391,0.8714055072522793,0.8893944927477206,0.995,303.8730841675049,2500,5000
Scalar region null,Anytime-valid,10643767,0.0444,0.002913027291324268,0.038690466509004436,0.05010953349099557,0.995,303.8730841675049,2500,5000
Scalar region null,Conventional,10643767,0.8806,0.0045857091054710385,0.8716120101532768,0.8895879898467233,0.995,303.8730841675049,2500,5000
Scalar region null,Anytime-valid,10751008,0.0444,0.002913027291324268,0.038690466509004436,0.05010953349099557,0.995,303.8730841675049,2500,5000
Scalar region null,Conventional,10751008,0.8806,0.0045857091054710385,0.8716120101532768,0.8895879898467233,0.995,303.8730841675049,2500,5000
Scalar region null,Anytime-valid,10859330,0.0444,0.002913027291324268,0.038690466509004436,0.05010953349099557,0.995,303.8730841675049,2500,5000
Scalar region null,Conventional,10859330,0.8806,0.0045857091054710385,0.8716120101532768,0.8895879898467233,0.995,303.8730841675049,2500,5000
Scalar region null,Anytime-valid,10968743,0.0444,0.002913027291324268,0.038690466509004436,0.05010953349099557,0.995,303.8730841675049,2500,5000
Scalar region null,Conventional,10968743,0.8812,0.004575730761310154,0.8722315677078321,0.8901684322921679,0.995,303.8730841675049,2500,5000
Scalar region null,Anytime-valid,11079259,0.0444,0.002913027291324268,0.038690466509004436,0.05010953349099557,0.995,303.8730841675049,2500,5000
Scalar region null,Conventional,11079259,0.8816,0.00456905767089889,0.8726446469650382,0.8905553530349619,0.995,303.8730841675049,2500,5000
Scalar region null,Anytime-valid,11190888,0.0444,0.002913027291324268,0.038690466509004436,0.05010953349099557,0.995,303.8730841675049,2500,5000
Scalar region null,Conventional,11190888,0.8816,0.00456905767089889,0.8726446469650382,0.8905553530349619,0.995,303.8730841675049,2500,5000
Scalar region null,Anytime-valid,11303642,0.0444,0.002913027291324268,0.038690466509004436,0.05010953349099557,0.995,303.8730841675049,2500,5000
Scalar region null,Conventional,11303642,0.8816,0.00456905767089889,0.8726446469650382,0.8905553530349619,0.995,303.8730841675049,2500,5000
Scalar region null,Anytime-valid,11417532,0.0444,0.002913027291324268,0.038690466509004436,0.05010953349099557,0.995,303.8730841675049,2500,5000
Scalar region null,Conventional,11417532,0.8816,0.00456905767089889,0.8726446469650382,0.8905553530349619,0.995,303.8730841675049,2500,5000
Scalar region null,Anytime-valid,11532569,0.0444,0.002913027291324268,0.038690466509004436,0.05010953349099557,0.995,303.8730841675049,2500,5000
Scalar region null,Conventional,11532569,0.8816,0.00456905767089889,0.8726446469650382,0.8905553530349619,0.995,303.8730841675049,2500,5000
Scalar region null,Anytime-valid,11648765,0.0444,0.002913027291324268,0.038690466509004436,0.05010953349099557,0.995,303.8730841675049,2500,5000
Scalar region null,Conventional,11648765,0.8818,0.004565714839978511,0.8728511989136422,0.8907488010863579,0.995,303.8730841675049,2500,5000
Scalar region null,Anytime-valid,11766133,0.0444,0.002913027291324268,0.038690466509004436,0.05010953349099557,0.995,303.8730841675049,2500,5000
Scalar region null,Conventional,11766133,0.882,0.004562367806304091,0.873057759099644,0.890942240900356,0.995,303.8730841675049,2500,5000
Scalar region null,Anytime-valid,11884682,0.0444,0.002913027291324268,0.038690466509004436,0.05010953349099557,0.995,303.8730841675049,2500,5000
Scalar region null,Conventional,11884682,0.8822,0.004559016560619187,0.8732643275411863,0.8911356724588136,0.995,303.8730841675049,2500,5000
Scalar region null,Anytime-valid,12004426,0.0444,0.002913027291324268,0.038690466509004436,0.05010953349099557,0.995,303.8730841675049,2500,5000
Scalar region null,Conventional,12004426,0.8822,0.004559016560619187,0.8732643275411863,0.8911356724588136,0.995,303.8730841675049,2500,5000
Scalar region null,Anytime-valid,12125377,0.0444,0.002913027291324268,0.038690466509004436,0.05010953349099557,0.995,303.8730841675049,2500,5000
Scalar region null,Conventional,12125377,0.8824,0.004555661093628455,0.8734709042564882,0.8913290957435117,0.995,303.8730841675049,2500,5000
Scalar region null,Anytime-valid,12247546,0.0444,0.002913027291324268,0.038690466509004436,0.05010953349099557,0.995,303.8730841675049,2500,5000
Scalar region null,Conventional,12247546,0.8826,0.004552301395997413,0.8736774892638451,0.891522510736155,0.995,303.8730841675049,2500,5000
Scalar region null,Anytime-valid,12370947,0.0444,0.002913027291324268,0.038690466509004436,0.05010953349099557,0.995,303.8730841675049,2500,5000
Scalar region null,Conventional,12370947,0.8826,0.004552301395997413,0.8736774892638451,0.891522510736155,0.995,303.8730841675049,2500,5000
Scalar region null,Anytime-valid,12495590,0.0444,0.002913027291324268,0.038690466509004436,0.05010953349099557,0.995,303.8730841675049,2500,5000
Scalar region null,Conventional,12495590,0.8826,0.004552301395997413,0.8736774892638451,0.891522510736155,0.995,303.8730841675049,2500,5000
Scalar region null,Anytime-valid,12621489,0.0444,0.002913027291324268,0.038690466509004436,0.05010953349099557,0.995,303.8730841675049,2500,5000
Scalar region null,Conventional,12621489,0.8828,0.0045489374583522245,0.8738840825816296,0.8917159174183704,0.995,303.8730841675049,2500,5000
Scalar region null,Anytime-valid,12748657,0.0444,0.002913027291324268,0.038690466509004436,0.05010953349099557,0.995,303.8730841675049,2500,5000
Scalar region null,Conventional,12748657,0.883,0.004545569271279451,0.8740906842282923,0.8919093157717077,0.995,303.8730841675049,2500,5000
Scalar region null,Anytime-valid,12877106,0.0444,0.002913027291324268,0.038690466509004436,0.05010953349099557,0.995,303.8730841675049,2500,5000
Scalar region null,Conventional,12877106,0.883,0.004545569271279451,0.8740906842282923,0.8919093157717077,0.995,303.8730841675049,2500,5000
Scalar region null,Anytime-valid,13006850,0.0444,0.002913027291324268,0.038690466509004436,0.05010953349099557,0.995,303.8730841675049,2500,5000
Scalar region null,Conventional,13006850,0.8832,0.004542196825325825,0.8742972942223614,0.8921027057776386,0.995,303.8730841675049,2500,5000
Scalar region null,Anytime-valid,13137900,0.0444,0.002913027291324268,0.038690466509004436,0.05010953349099557,0.995,303.8730841675049,2500,5000
Scalar region null,Conventional,13137900,0.8834,0.004538820110998012,0.8745039125824439,0.8922960874175561,0.995,303.8730841675049,2500,5000
Scalar region null,Anytime-valid,13270271,0.0444,0.002913027291324268,0.038690466509004436,0.05010953349099557,0.995,303.8730841675049,2500,5000
Scalar region null,Conventional,13270271,0.8834,0.004538820110998012,0.8745039125824439,0.8922960874175561,0.995,303.8730841675049,2500,5000
Scalar region null,Anytime-valid,13403976,0.0444,0.002913027291324268,0.038690466509004436,0.05010953349099557,0.995,303.8730841675049,2500,5000
Scalar region null,Conventional,13403976,0.8834,0.004538820110998012,0.8745039125824439,0.8922960874175561,0.995,303.8730841675049,2500,5000
Scalar region null,Anytime-valid,13539028,0.0444,0.002913027291324268,0.038690466509004436,0.05010953349099557,0.995,303.8730841675049,2500,5000
Scalar region null,Conventional,13539028,0.884,0.004528664262230089,0.875123818046029,0.892876181953971,0.995,303.8730841675049,2500,5000
Scalar region null,Anytime-valid,13675440,0.0444,0.002913027291324268,0.038690466509004436,0.05010953349099557,0.995,303.8730841675049,2500,5000
Scalar region null,Conventional,13675440,0.8846,0.004518469652437647,0.8757437994812223,0.8934562005187778,0.995,303.8730841675049,2500,5000
Scalar region null,Anytime-valid,13813227,0.0444,0.002913027291324268,0.038690466509004436,0.05010953349099557,0.995,303.8730841675049,2500,5000
Scalar region null,Conventional,13813227,0.8846,0.004518469652437647,0.8757437994812223,0.8934562005187778,0.995,303.8730841675049,2500,5000
Scalar region null,Anytime-valid,13952402,0.0446,0.0029192752525241603,0.038878220505052644,0.05032177949494736,0.995,303.8730841675049,2500,5000
Scalar region null,Conventional,13952402,0.8846,0.004518469652437647,0.8757437994812223,0.8934562005187778,0.995,303.8730841675049,2500,5000
Scalar region null,Anytime-valid,14092980,0.0446,0.0029192752525241603,0.038878220505052644,0.05032177949494736,0.995,303.8730841675049,2500,5000
Scalar region null,Conventional,14092980,0.8848,0.004515062790261061,0.8759504769310884,0.8936495230689117,0.995,303.8730841675049,2500,5000
Scalar region null,Anytime-valid,14234974,0.0446,0.0029192752525241603,0.038878220505052644,0.05032177949494736,0.995,303.8730841675049,2500,5000
Scalar region null,Conventional,14234974,0.885,0.004511651582292232,0.8761571628987073,0.8938428371012928,0.995,303.8730841675049,2500,5000
Scalar region null,Anytime-valid,14378398,0.0446,0.0029192752525241603,0.038878220505052644,0.05032177949494736,0.995,303.8730841675049,2500,5000
Scalar region null,Conventional,14378398,0.885,0.004511651582292232,0.8761571628987073,0.8938428371012928,0.995,303.8730841675049,2500,5000
Scalar region null,Anytime-valid,14523268,0.0446,0.0029192752525241603,0.038878220505052644,0.05032177949494736,0.995,303.8730841675049,2500,5000
Scalar region null,Conventional,14523268,0.885,0.004511651582292232,0.8761571628987073,0.8938428371012928,0.995,303.8730841675049,2500,5000
Scalar region null,Anytime-valid,14669597,0.0446,0.0029192752525241603,0.038878220505052644,0.05032177949494736,0.995,303.8730841675049,2500,5000
Scalar region null,Conventional,14669597,0.885,0.004511651582292232,0.8761571628987073,0.8938428371012928,0.995,303.8730841675049,2500,5000
Scalar region null,Anytime-valid,14817401,0.0446,0.0029192752525241603,0.038878220505052644,0.05032177949494736,0.995,303.8730841675049,2500,5000
Scalar region null,Conventional,14817401,0.885,0.004511651582292232,0.8761571628987073,0.8938428371012928,0.995,303.8730841675049,2500,5000
Scalar region null,Anytime-valid,14966693,0.0446,0.0029192752525241603,0.038878220505052644,0.05032177949494736,0.995,303.8730841675049,2500,5000
Scalar region null,Conventional,14966693,0.8854,0.004504816089475797,0.8765705604646274,0.8942294395353725,0.995,303.8730841675049,2500,5000
Scalar region null,Anytime-valid,15117490,0.0446,0.0029192752525241603,0.038878220505052644,0.05032177949494736,0.995,303.8730841675049,2500,5000
Scalar region null,Conventional,15117490,0.8854,0.004504816089475797,0.8765705604646274,0.8942294395353725,0.995,303.8730841675049,2500,5000
Scalar region null,Anytime-valid,15269807,0.0446,0.0029192752525241603,0.038878220505052644,0.05032177949494736,0.995,303.8730841675049,2500,5000
Scalar region null,Conventional,15269807,0.8854,0.004504816089475797,0.8765705604646274,0.8942294395353725,0.995,303.8730841675049,2500,5000
Scalar region null,Anytime-valid,15423658,0.0446,0.0029192752525241603,0.038878220505052644,0.05032177949494736,0.995,303.8730841675049,2500,5000
Scalar region null,Conventional,15423658,0.8856,0.004501391784770572,0.8767772721018497,0.8944227278981504,0.995,303.8730841675049,2500,5000
Scalar region null,Anytime-valid,15579059,0.0446,0.0029192752525241603,0.038878220505052644,0.05032177949494736,0.995,303.8730841675049,2500,5000
Scalar region null,Conventional,15579059,0.8858,0.0044979630945573565,0.8769839923346676,0.8946160076653324,0.995,303.8730841675049,2500,5000
Scalar region null,Anytime-valid,15736026,0.0446,0.0029192752525241603,0.038878220505052644,0.05032177949494736,0.995,303.8730841675049,2500,5000
Scalar region null,Conventional,15736026,0.8858,0.0044979630945573565,0.8769839923346676,0.8946160076653324,0.995,303.8730841675049,2500,5000
Scalar region null,Anytime-valid,15894574,0.0446,0.0029192752525241603,0.038878220505052644,0.05032177949494736,0.995,303.8730841675049,2500,5000
Scalar region null,Conventional,15894574,0.886,0.004494530008799585,0.8771907211827529,0.8948092788172471,0.995,303.8730841675049,2500,5000
Scalar region null,Anytime-valid,16054720,0.0446,0.0029192752525241603,0.038878220505052644,0.05032177949494736,0.995,303.8730841675049,2500,5000
Scalar region null,Conventional,16054720,0.886,0.004494530008799585,0.8771907211827529,0.8948092788172471,0.995,303.8730841675049,2500,5000
Scalar region null,Anytime-valid,16216479,0.0446,0.0029192752525241603,0.038878220505052644,0.05032177949494736,0.995,303.8730841675049,2500,5000
Scalar region null,Conventional,16216479,0.886,0.004494530008799585,0.8771907211827529,0.8948092788172471,0.995,303.8730841675049,2500,5000
Scalar region null,Anytime-valid,16379868,0.0448,0.002925507135523686,0.03906600601437357,0.05053399398562643,0.995,303.8730841675049,2500,5000
Scalar region null,Conventional,16379868,0.886,0.004494530008799585,0.8771907211827529,0.8948092788172471,0.995,303.8730841675049,2500,5000
Scalar region null,Anytime-valid,16544904,0.0448,0.002925507135523686,0.03906600601437357,0.05053399398562643,0.995,303.8730841675049,2500,5000
Scalar region null,Conventional,16544904,0.886,0.004494530008799585,0.8771907211827529,0.8948092788172471,0.995,303.8730841675049,2500,5000
Scalar region null,Anytime-valid,16711602,0.0448,0.002925507135523686,0.03906600601437357,0.05053399398562643,0.995,303.8730841675049,2500,5000
Scalar region null,Conventional,16711602,0.8862,0.004491092517417116,0.8773974586658625,0.8950025413341375,0.995,303.8730841675049,2500,5000
Scalar region null,Anytime-valid,16879980,0.0448,0.002925507135523686,0.03906600601437357,0.05053399398562643,0.995,303.8730841675049,2500,5000
Scalar region null,Conventional,16879980,0.8862,0.004491092517417116,0.8773974586658625,0.8950025413341375,0.995,303.8730841675049,2500,5000
Scalar region null,Anytime-valid,17050054,0.0448,0.002925507135523686,0.03906600601437357,0.05053399398562643,0.995,303.8730841675049,2500,5000
Scalar region null,Conventional,17050054,0.8862,0.004491092517417116,0.8773974586658625,0.8950025413341375,0.995,303.8730841675049,2500,5000
Scalar region null,Anytime-valid,17221842,0.0448,0.002925507135523686,0.03906600601437357,0.05053399398562643,0.995,303.8730841675049,2500,5000
Scalar region null,Conventional,17221842,0.8862,0.004491092517417116,0.8773974586658625,0.8950025413341375,0.995,303.8730841675049,2500,5000
Scalar region null,Anytime-valid,17395361,0.0448,0.002925507135523686,0.03906600601437357,0.05053399398562643,0.995,303.8730841675049,2500,5000
Scalar region null,Conventional,17395361,0.8866,0.004484204277238046,0.8778109596166135,0.8953890403833866,0.995,303.8730841675049,2500,5000
Scalar region null,Anytime-valid,17570628,0.0448,0.002925507135523686,0.03906600601437357,0.05053399398562643,0.995,303.8730841675049,2500,5000
Scalar region null,Conventional,17570628,0.8868,0.0044807535080608925,0.8780177231242007,0.8955822768757994,0.995,303.8730841675049,2500,5000
Scalar region null,Anytime-valid,17747661,0.0448,0.002925507135523686,0.03906600601437357,0.05053399398562643,0.995,303.8730841675049,2500,5000
Scalar region null,Conventional,17747661,0.8868,0.0044807535080608925,0.8780177231242007,0.8955822768757994,0.995,303.8730841675049,2500,5000
Scalar region null,Anytime-valid,17926477,0.0448,0.002925507135523686,0.03906600601437357,0.05053399398562643,0.995,303.8730841675049,2500,5000
Scalar region null,Conventional,17926477,0.887,0.004477298292497385,0.8782244953467051,0.8957755046532949,0.995,303.8730841675049,2500,5000
Scalar region null,Anytime-valid,18107096,0.0448,0.002925507135523686,0.03906600601437357,0.05053399398562643,0.995,303.8730841675049,2500,5000
Scalar region null,Conventional,18107096,0.887,0.004477298292497385,0.8782244953467051,0.8957755046532949,0.995,303.8730841675049,2500,5000
Scalar region null,Anytime-valid,18289534,0.0448,0.002925507135523686,0.03906600601437357,0.05053399398562643,0.995,303.8730841675049,2500,5000
Scalar region null,Conventional,18289534,0.8872,0.0044738386202454825,0.8784312763043188,0.8959687236956811,0.995,303.8730841675049,2500,5000
Scalar region null,Anytime-valid,18473810,0.0448,0.002925507135523686,0.03906600601437357,0.05053399398562643,0.995,303.8730841675049,2500,5000
Scalar region null,Conventional,18473810,0.8874,0.004470374480957944,0.8786380660173224,0.8961619339826775,0.995,303.8730841675049,2500,5000
Scalar region null,Anytime-valid,18659943,0.0448,0.002925507135523686,0.03906600601437357,0.05053399398562643,0.995,303.8730841675049,2500,5000
Scalar region null,Conventional,18659943,0.8874,0.004470374480957944,0.8786380660173224,0.8961619339826775,0.995,303.8730841675049,2500,5000
Scalar region null,Anytime-valid,18847951,0.0448,0.002925507135523686,0.03906600601437357,0.05053399398562643,0.995,303.8730841675049,2500,5000
Scalar region null,Conventional,18847951,0.8874,0.004470374480957944,0.8786380660173224,0.8961619339826775,0.995,303.8730841675049,2500,5000
Scalar region null,Anytime-valid,19037854,0.0448,0.002925507135523686,0.03906600601437357,0.05053399398562643,0.995,303.8730841675049,2500,5000
Scalar region null,Conventional,19037854,0.8874,0.004470374480957944,0.8786380660173224,0.8961619339826775,0.995,303.8730841675049,2500,5000
Scalar region null,Anytime-valid,19229670,0.0448,0.002925507135523686,0.03906600601437357,0.05053399398562643,0.995,303.8730841675049,2500,5000
Scalar region null,Conventional,19229670,0.888,0.004459955156725233,0.8792584878928186,0.8967415121071814,0.995,303.8730841675049,2500,5000
Scalar region null,Anytime-valid,19423418,0.0448,0.002925507135523686,0.03906600601437357,0.05053399398562643,0.995,303.8730841675049,2500,5000
Scalar region null,Conventional,19423418,0.8884,0.004452986413632991,0.8796721466292793,0.8971278533707207,0.995,303.8730841675049,2500,5000
Scalar region null,Anytime-valid,19619119,0.0448,0.002925507135523686,0.03906600601437357,0.05053399398562643,0.995,303.8730841675049,2500,5000
Scalar region null,Conventional,19619119,0.8886,0.004449495252273004,0.8798789893055449,0.897321010694455,0.995,303.8730841675049,2500,5000
Scalar region null,Anytime-valid,19816792,0.0448,0.002925507135523686,0.03906600601437357,0.05053399398562643,0.995,303.8730841675049,2500,5000
Scalar region null,Conventional,19816792,0.8888,0.004445999550157421,0.8800858408816915,0.8975141591183086,0.995,303.8730841675049,2500,5000
Scalar region null,Anytime-valid,20016456,0.0448,0.002925507135523686,0.03906600601437357,0.05053399398562643,0.995,303.8730841675049,2500,5000
Scalar region null,Conventional,20016456,0.8888,0.004445999550157421,0.8800858408816915,0.8975141591183086,0.995,303.8730841675049,2500,5000
Scalar region null,Anytime-valid,20218132,0.0448,0.002925507135523686,0.03906600601437357,0.05053399398562643,0.995,303.8730841675049,2500,5000
Scalar region null,Conventional,20218132,0.8888,0.004445999550157421,0.8800858408816915,0.8975141591183086,0.995,303.8730841675049,2500,5000
Scalar region null,Anytime-valid,20421839,0.0448,0.002925507135523686,0.03906600601437357,0.05053399398562643,0.995,303.8730841675049,2500,5000
Scalar region null,Conventional,20421839,0.8888,0.004445999550157421,0.8800858408816915,0.8975141591183086,0.995,303.8730841675049,2500,5000
Scalar region null,Anytime-valid,20627600,0.0448,0.002925507135523686,0.03906600601437357,0.05053399398562643,0.995,303.8730841675049,2500,5000
Scalar region null,Conventional,20627600,0.8888,0.004445999550157421,0.8800858408816915,0.8975141591183086,0.995,303.8730841675049,2500,5000
Scalar region null,Anytime-valid,20835433,0.0448,0.002925507135523686,0.03906600601437357,0.05053399398562643,0.995,303.8730841675049,2500,5000
Scalar region null,Conventional,20835433,0.8888,0.004445999550157421,0.8800858408816915,0.8975141591183086,0.995,303.8730841675049,2500,5000
Scalar region null,Anytime-valid,21045361,0.0448,0.002925507135523686,0.03906600601437357,0.05053399398562643,0.995,303.8730841675049,2500,5000
Scalar region null,Conventional,21045361,0.8888,0.004445999550157421,0.8800858408816915,0.8975141591183086,0.995,303.8730841675049,2500,5000
Scalar region null,Anytime-valid,21257403,0.0448,0.002925507135523686,0.03906600601437357,0.05053399398562643,0.995,303.8730841675049,2500,5000
Scalar region null,Conventional,21257403,0.889,0.004442499296567193,0.8802927013787283,0.8977072986212717,0.995,303.8730841675049,2500,5000
Scalar region null,Anytime-valid,21471582,0.0448,0.002925507135523686,0.03906600601437357,0.05053399398562643,0.995,303.8730841675049,2500,5000
Scalar region null,Conventional,21471582,0.8892,0.004438994480735474,0.8804995708177584,0.8979004291822416,0.995,303.8730841675049,2500,5000
Scalar region null,Anytime-valid,21687919,0.0448,0.002925507135523686,0.03906600601437357,0.05053399398562643,0.995,303.8730841675049,2500,5000
Scalar region null,Conventional,21687919,0.8892,0.004438994480735474,0.8804995708177584,0.8979004291822416,0.995,303.8730841675049,2500,5000
Scalar region null,Anytime-valid,21906436,0.0448,0.002925507135523686,0.03906600601437357,0.05053399398562643,0.995,303.8730841675049,2500,5000
Scalar region null,Conventional,21906436,0.8894,0.00443548509184734,0.8807064492199792,0.8980935507800207,0.995,303.8730841675049,2500,5000
Scalar region null,Anytime-valid,22127154,0.0448,0.002925507135523686,0.03906600601437357,0.05053399398562643,0.995,303.8730841675049,2500,5000
Scalar region null,Conventional,22127154,0.8896,0.004431971119039473,0.8809133366066826,0.8982866633933173,0.995,303.8730841675049,2500,5000
Scalar region null,Anytime-valid,22350096,0.0448,0.002925507135523686,0.03906600601437357,0.05053399398562643,0.995,303.8730841675049,2500,5000
Scalar region null,Conventional,22350096,0.8902,0.004421401587732107,0.8815340528880451,0.8988659471119549,0.995,303.8730841675049,2500,5000
Scalar region null,Anytime-valid,22575285,0.0448,0.002925507135523686,0.03906600601437357,0.05053399398562643,0.995,303.8730841675049,2500,5000
Scalar region null,Conventional,22575285,0.8902,0.004421401587732107,0.8815340528880451,0.8988659471119549,0.995,303.8730841675049,2500,5000
Scalar region null,Anytime-valid,22802742,0.0448,0.002925507135523686,0.03906600601437357,0.05053399398562643,0.995,303.8730841675049,2500,5000
Scalar region null,Conventional,22802742,0.8904,0.004417869169633705,0.8817409764275179,0.899059023572482,0.995,303.8730841675049,2500,5000
Scalar region null,Anytime-valid,23032491,0.0448,0.002925507135523686,0.03906600601437357,0.05053399398562643,0.995,303.8730841675049,2500,5000
Scalar region null,Conventional,23032491,0.8904,0.004417869169633705,0.8817409764275179,0.899059023572482,0.995,303.8730841675049,2500,5000
Scalar region null,Anytime-valid,23264555,0.0448,0.002925507135523686,0.03906600601437357,0.05053399398562643,0.995,303.8730841675049,2500,5000
Scalar region null,Conventional,23264555,0.8904,0.004417869169633705,0.8817409764275179,0.899059023572482,0.995,303.8730841675049,2500,5000
Scalar region null,Anytime-valid,23498957,0.0448,0.002925507135523686,0.03906600601437357,0.05053399398562643,0.995,303.8730841675049,2500,5000
Scalar region null,Conventional,23498957,0.8904,0.004417869169633705,0.8817409764275179,0.899059023572482,0.995,303.8730841675049,2500,5000
Scalar region null,Anytime-valid,23735721,0.0448,0.002925507135523686,0.03906600601437357,0.05053399398562643,0.995,303.8730841675049,2500,5000
Scalar region null,Conventional,23735721,0.8906,0.004414332112562444,0.8819479090593776,0.8992520909406223,0.995,303.8730841675049,2500,5000
Scalar region null,Anytime-valid,23974871,0.0448,0.002925507135523686,0.03906600601437357,0.05053399398562643,0.995,303.8730841675049,2500,5000
Scalar region null,Conventional,23974871,0.8906,0.004414332112562444,0.8819479090593776,0.8992520909406223,0.995,303.8730841675049,2500,5000
Scalar region null,Anytime-valid,24216429,0.0448,0.002925507135523686,0.03906600601437357,0.05053399398562643,0.995,303.8730841675049,2500,5000
Scalar region null,Conventional,24216429,0.8906,0.004414332112562444,0.8819479090593776,0.8992520909406223,0.995,303.8730841675049,2500,5000
Scalar region null,Anytime-valid,24460422,0.0448,0.002925507135523686,0.03906600601437357,0.05053399398562643,0.995,303.8730841675049,2500,5000
Scalar region null,Conventional,24460422,0.8906,0.004414332112562444,0.8819479090593776,0.8992520909406223,0.995,303.8730841675049,2500,5000
Scalar region null,Anytime-valid,24706873,0.0448,0.002925507135523686,0.03906600601437357,0.05053399398562643,0.995,303.8730841675049,2500,5000
Scalar region null,Conventional,24706873,0.8908,0.004410790405358205,0.8821548508054979,0.8994451491945021,0.995,303.8730841675049,2500,5000
Scalar region null,Anytime-valid,24955807,0.0448,0.002925507135523686,0.03906600601437357,0.05053399398562643,0.995,303.8730841675049,2500,5000
Scalar region null,Conventional,24955807,0.8908,0.004410790405358205,0.8821548508054979,0.8994451491945021,0.995,303.8730841675049,2500,5000
Scalar region null,Anytime-valid,25207250,0.0448,0.002925507135523686,0.03906600601437357,0.05053399398562643,0.995,303.8730841675049,2500,5000
Scalar region null,Conventional,25207250,0.8908,0.004410790405358205,0.8821548508054979,0.8994451491945021,0.995,303.8730841675049,2500,5000
Scalar region null,Anytime-valid,25461225,0.0448,0.002925507135523686,0.03906600601437357,0.05053399398562643,0.995,303.8730841675049,2500,5000
Scalar region null,Conventional,25461225,0.8912,0.004403692995657168,0.882568761728512,0.899831238271488,0.995,303.8730841675049,2500,5000
Scalar region null,Anytime-valid,25717760,0.0448,0.002925507135523686,0.03906600601437357,0.05053399398562643,0.995,303.8730841675049,2500,5000
Scalar region null,Conventional,25717760,0.8912,0.004403692995657168,0.882568761728512,0.899831238271488,0.995,303.8730841675049,2500,5000
Scalar region null,Anytime-valid,25976880,0.0448,0.002925507135523686,0.03906600601437357,0.05053399398562643,0.995,303.8730841675049,2500,5000
Scalar region null,Conventional,25976880,0.8916,0.0043965768502324636,0.8829827093735443,0.9002172906264556,0.995,303.8730841675049,2500,5000
Scalar region null,Anytime-valid,26238610,0.0448,0.002925507135523686,0.03906600601437357,0.05053399398562643,0.995,303.8730841675049,2500,5000
Scalar region null,Conventional,26238610,0.8916,0.0043965768502324636,0.8829827093735443,0.9002172906264556,0.995,303.8730841675049,2500,5000
Scalar region null,Anytime-valid,26502977,0.0448,0.002925507135523686,0.03906600601437357,0.05053399398562643,0.995,303.8730841675049,2500,5000
Scalar region null,Conventional,26502977,0.8918,0.00439301172318035,0.8831896970225666,0.9004103029774335,0.995,303.8730841675049,2500,5000
Scalar region null,Anytime-valid,26770008,0.0448,0.002925507135523686,0.03906600601437357,0.05053399398562643,0.995,303.8730841675049,2500,5000
Scalar region null,Conventional,26770008,0.892,0.0043894418779612514,0.883396693919196,0.9006033060808041,0.995,303.8730841675049,2500,5000
Scalar region null,Anytime-valid,27039729,0.0448,0.002925507135523686,0.03906600601437357,0.05053399398562643,0.995,303.8730841675049,2500,5000
Scalar region null,Conventional,27039729,0.8924,0.00438228798688539,0.8838107155457046,0.9009892844542954,0.995,303.8730841675049,2500,5000
Scalar region null,Anytime-valid,27312168,0.0448,0.002925507135523686,0.03906600601437357,0.05053399398562643,0.995,303.8730841675049,2500,5000
Scalar region null,Conventional,27312168,0.8924,0.00438228798688539,0.8838107155457046,0.9009892844542954,0.995,303.8730841675049,2500,5000
Scalar region null,Anytime-valid,27587352,0.0448,0.002925507135523686,0.03906600601437357,0.05053399398562643,0.995,303.8730841675049,2500,5000
Scalar region null,Conventional,27587352,0.8928,0.004375115084200643,0.8842247744349668,0.9013752255650332,0.995,303.8730841675049,2500,5000
Scalar region null,Anytime-valid,27865308,0.0448,0.002925507135523686,0.03906600601437357,0.05053399398562643,0.995,303.8730841675049,2500,5000
Scalar region null,Conventional,27865308,0.8928,0.004375115084200643,0.8842247744349668,0.9013752255650332,0.995,303.8730841675049,2500,5000
Scalar region null,Anytime-valid,28146065,0.0448,0.002925507135523686,0.03906600601437357,0.05053399398562643,0.995,303.8730841675049,2500,5000
Scalar region null,Conventional,28146065,0.8928,0.004375115084200643,0.8842247744349668,0.9013752255650332,0.995,303.8730841675049,2500,5000
Scalar region null,Anytime-valid,28429651,0.0448,0.002925507135523686,0.03906600601437357,0.05053399398562643,0.995,303.8730841675049,2500,5000
Scalar region null,Conventional,28429651,0.8928,0.004375115084200643,0.8842247744349668,0.9013752255650332,0.995,303.8730841675049,2500,5000
Scalar region null,Anytime-valid,28716094,0.0448,0.002925507135523686,0.03906600601437357,0.05053399398562643,0.995,303.8730841675049,2500,5000
Scalar region null,Conventional,28716094,0.8928,0.004375115084200643,0.8842247744349668,0.9013752255650332,0.995,303.8730841675049,2500,5000
Scalar region null,Anytime-valid,29005423,0.0448,0.002925507135523686,0.03906600601437357,0.05053399398562643,0.995,303.8730841675049,2500,5000
Scalar region null,Conventional,29005423,0.893,0.00437152147426957,0.8844318179104317,0.9015681820895683,0.995,303.8730841675049,2500,5000
Scalar region null,Anytime-valid,29297667,0.0448,0.002925507135523686,0.03906600601437357,0.05053399398562643,0.995,303.8730841675049,2500,5000
Scalar region null,Conventional,29297667,0.8932,0.004367923076245735,0.8846388707705584,0.9017611292294416,0.995,303.8730841675049,2500,5000
Scalar region null,Anytime-valid,29592856,0.0448,0.002925507135523686,0.03906600601437357,0.05053399398562643,0.995,303.8730841675049,2500,5000
Scalar region null,Conventional,29592856,0.8932,0.004367923076245735,0.8846388707705584,0.9017611292294416,0.995,303.8730841675049,2500,5000
Scalar region null,Anytime-valid,29891019,0.0448,0.002925507135523686,0.03906600601437357,0.05053399398562643,0.995,303.8730841675049,2500,5000
Scalar region null,Conventional,29891019,0.8932,0.004367923076245735,0.8846388707705584,0.9017611292294416,0.995,303.8730841675049,2500,5000
Scalar region null,Anytime-valid,30192186,0.0448,0.002925507135523686,0.03906600601437357,0.05053399398562643,0.995,303.8730841675049,2500,5000
Scalar region null,Conventional,30192186,0.8934,0.004364319878285734,0.88484593303856,0.90195406696144,0.995,303.8730841675049,2500,5000
Scalar region null,Anytime-valid,30496387,0.0448,0.002925507135523686,0.03906600601437357,0.05053399398562643,0.995,303.8730841675049,2500,5000
Scalar region null,Conventional,30496387,0.8934,0.004364319878285734,0.88484593303856,0.90195406696144,0.995,303.8730841675049,2500,5000
Scalar region null,Anytime-valid,30803654,0.0448,0.002925507135523686,0.03906600601437357,0.05053399398562643,0.995,303.8730841675049,2500,5000
Scalar region null,Conventional,30803654,0.8936,0.0043607118684912,0.8850530047377572,0.9021469952622427,0.995,303.8730841675049,2500,5000
Scalar region null,Anytime-valid,31114016,0.0448,0.002925507135523686,0.03906600601437357,0.05053399398562643,0.995,303.8730841675049,2500,5000
Scalar region null,Conventional,31114016,0.8936,0.0043607118684912,0.8850530047377572,0.9021469952622427,0.995,303.8730841675049,2500,5000
Scalar region null,Anytime-valid,31427506,0.0448,0.002925507135523686,0.03906600601437357,0.05053399398562643,0.995,303.8730841675049,2500,5000
Scalar region null,Conventional,31427506,0.8936,0.0043607118684912,0.8850530047377572,0.9021469952622427,0.995,303.8730841675049,2500,5000
Scalar region null,Anytime-valid,31744153,0.0448,0.002925507135523686,0.03906600601437357,0.05053399398562643,0.995,303.8730841675049,2500,5000
Scalar region null,Conventional,31744153,0.8936,0.0043607118684912,0.8850530047377572,0.9021469952622427,0.995,303.8730841675049,2500,5000
Scalar region null,Anytime-valid,32063992,0.0448,0.002925507135523686,0.03906600601437357,0.05053399398562643,0.995,303.8730841675049,2500,5000
Scalar region null,Conventional,32063992,0.894,0.0043534813655280525,0.885467176523565,0.902532823476435,0.995,303.8730841675049,2500,5000
Scalar region null,Anytime-valid,32387053,0.0448,0.002925507135523686,0.03906600601437357,0.05053399398562643,0.995,303.8730841675049,2500,5000
Scalar region null,Conventional,32387053,0.8944,0.004346231471056276,0.8858813863167296,0.9029186136832703,0.995,303.8730841675049,2500,5000
Scalar region null,Anytime-valid,32713368,0.0448,0.002925507135523686,0.03906600601437357,0.05053399398562643,0.995,303.8730841675049,2500,5000
Scalar region null,Conventional,32713368,0.8944,0.004346231471056276,0.8858813863167296,0.9029186136832703,0.995,303.8730841675049,2500,5000
Scalar region null,Anytime-valid,33042972,0.0448,0.002925507135523686,0.03906600601437357,0.05053399398562643,0.995,303.8730841675049,2500,5000
Scalar region null,Conventional,33042972,0.8944,0.004346231471056276,0.8858813863167296,0.9029186136832703,0.995,303.8730841675049,2500,5000
Scalar region null,Anytime-valid,33375897,0.0448,0.002925507135523686,0.03906600601437357,0.05053399398562643,0.995,303.8730841675049,2500,5000
Scalar region null,Conventional,33375897,0.8946,0.004342599221664372,0.8860885055255378,0.9031114944744622,0.995,303.8730841675049,2500,5000
Scalar region null,Anytime-valid,33712176,0.0448,0.002925507135523686,0.03906600601437357,0.05053399398562643,0.995,303.8730841675049,2500,5000
Scalar region null,Conventional,33712176,0.8946,0.004342599221664372,0.8860885055255378,0.9031114944744622,0.995,303.8730841675049,2500,5000
Scalar region null,Anytime-valid,34051843,0.0448,0.002925507135523686,0.03906600601437357,0.05053399398562643,0.995,303.8730841675049,2500,5000
Scalar region null,Conventional,34051843,0.895,0.004335320057389074,0.8865027726875174,0.9034972273124826,0.995,303.8730841675049,2500,5000
Scalar region null,Anytime-valid,34394932,0.0448,0.002925507135523686,0.03906600601437357,0.05053399398562643,0.995,303.8730841675049,2500,5000
Scalar region null,Conventional,34394932,0.895,0.004335320057389074,0.8865027726875174,0.9034972273124826,0.995,303.8730841675049,2500,5000
Scalar region null,Anytime-valid,34741478,0.0448,0.002925507135523686,0.03906600601437357,0.05053399398562643,0.995,303.8730841675049,2500,5000
Scalar region null,Conventional,34741478,0.8952,0.004331673117861042,0.8867099206889923,0.9036900793110076,0.995,303.8730841675049,2500,5000
Scalar region null,Anytime-valid,35091516,0.0448,0.002925507135523686,0.03906600601437357,0.05053399398562643,0.995,303.8730841675049,2500,5000
Scalar region null,Conventional,35091516,0.8952,0.004331673117861042,0.8867099206889923,0.9036900793110076,0.995,303.8730841675049,2500,5000
Scalar region null,Anytime-valid,35445081,0.0448,0.002925507135523686,0.03906600601437357,0.05053399398562643,0.995,303.8730841675049,2500,5000
Scalar region null,Conventional,35445081,0.8952,0.004331673117861042,0.8867099206889923,0.9036900793110076,0.995,303.8730841675049,2500,5000
Scalar region null,Anytime-valid,35802208,0.0448,0.002925507135523686,0.03906600601437357,0.05053399398562643,0.995,303.8730841675049,2500,5000
Scalar region null,Conventional,35802208,0.8952,0.004331673117861042,0.8867099206889923,0.9036900793110076,0.995,303.8730841675049,2500,5000
Scalar region null,Anytime-valid,36162933,0.0448,0.002925507135523686,0.03906600601437357,0.05053399398562643,0.995,303.8730841675049,2500,5000
Scalar region null,Conventional,36162933,0.8954,0.004328021256879407,0.8869170783365163,0.9038829216634836,0.995,303.8730841675049,2500,5000
Scalar region null,Anytime-valid,36527293,0.0448,0.002925507135523686,0.03906600601437357,0.05053399398562643,0.995,303.8730841675049,2500,5000
Scalar region null,Conventional,36527293,0.8956,0.004324364461975888,0.8871242456545272,0.9040757543454727,0.995,303.8730841675049,2500,5000
Scalar region null,Anytime-valid,36895324,0.0448,0.002925507135523686,0.03906600601437357,0.05053399398562643,0.995,303.8730841675049,2500,5000
Scalar region null,Conventional,36895324,0.8956,0.004324364461975888,0.8871242456545272,0.9040757543454727,0.995,303.8730841675049,2500,5000
Scalar region null,Anytime-valid,37267063,0.0448,0.002925507135523686,0.03906600601437357,0.05053399398562643,0.995,303.8730841675049,2500,5000
Scalar region null,Conventional,37267063,0.8956,0.004324364461975888,0.8871242456545272,0.9040757543454727,0.995,303.8730841675049,2500,5000
Scalar region null,Anytime-valid,37642547,0.0448,0.002925507135523686,0.03906600601437357,0.05053399398562643,0.995,303.8730841675049,2500,5000
Scalar region null,Conventional,37642547,0.8958,0.004320702720623116,0.8873314226675787,0.9042685773324214,0.995,303.8730841675049,2500,5000
Scalar region null,Anytime-valid,38021815,0.0448,0.002925507135523686,0.03906600601437357,0.05053399398562643,0.995,303.8730841675049,2500,5000
Scalar region null,Conventional,38021815,0.8962,0.0043133643481625804,0.8877458058776013,0.9046541941223987,0.995,303.8730841675049,2500,5000
Scalar region null,Anytime-valid,38404904,0.0448,0.002925507135523686,0.03906600601437357,0.05053399398562643,0.995,303.8730841675049,2500,5000
Scalar region null,Conventional,38404904,0.8964,0.004309687691701106,0.8879530121242658,0.9048469878757341,0.995,303.8730841675049,2500,5000
Scalar region null,Anytime-valid,38791853,0.0448,0.002925507135523686,0.03906600601437357,0.05053399398562643,0.995,303.8730841675049,2500,5000
Scalar region null,Conventional,38791853,0.8968,0.0043023193744769804,0.8883674540260251,0.905232545973975,0.995,303.8730841675049,2500,5000
Scalar region null,Anytime-valid,39182700,0.0448,0.002925507135523686,0.03906600601437357,0.05053399398562643,0.995,303.8730841675049,2500,5000
Scalar region null,Conventional,39182700,0.897,0.004298627687995321,0.8885746897315292,0.9054253102684708,0.995,303.8730841675049,2500,5000
Scalar region null,Anytime-valid,39577485,0.0448,0.002925507135523686,0.03906600601437357,0.05053399398562643,0.995,303.8730841675049,2500,5000
Scalar region null,Conventional,39577485,0.897,0.004298627687995321,0.8885746897315292,0.9054253102684708,0.995,303.8730841675049,2500,5000
Scalar region null,Anytime-valid,39976248,0.0448,0.002925507135523686,0.03906600601437357,0.05053399398562643,0.995,303.8730841675049,2500,5000
Scalar region null,Conventional,39976248,0.897,0.004298627687995321,0.8885746897315292,0.9054253102684708,0.995,303.8730841675049,2500,5000
Scalar region null,Anytime-valid,40379029,0.0448,0.002925507135523686,0.03906600601437357,0.05053399398562643,0.995,303.8730841675049,2500,5000
Scalar region null,Conventional,40379029,0.897,0.004298627687995321,0.8885746897315292,0.9054253102684708,0.995,303.8730841675049,2500,5000
Scalar region null,Anytime-valid,40785868,0.0448,0.002925507135523686,0.03906600601437357,0.05053399398562643,0.995,303.8730841675049,2500,5000
Scalar region null,Conventional,40785868,0.8974,0.0042912291945315624,0.8889891907787181,0.9058108092212819,0.995,303.8730841675049,2500,5000
Scalar region null,Anytime-valid,41196806,0.0448,0.002925507135523686,0.03906600601437357,0.05053399398562643,0.995,303.8730841675049,2500,5000
Scalar region null,Conventional,41196806,0.8976,0.0042875223614577225,0.8891964561715429,0.906003543828457,0.995,303.8730841675049,2500,5000
Scalar region null,Anytime-valid,41611885,0.0448,0.002925507135523686,0.03906600601437357,0.05053399398562643,0.995,303.8730841675049,2500,5000
Scalar region null,Conventional,41611885,0.8976,0.0042875223614577225,0.8891964561715429,0.906003543828457,0.995,303.8730841675049,2500,5000
Scalar region null,Anytime-valid,42031146,0.0448,0.002925507135523686,0.03906600601437357,0.05053399398562643,0.995,303.8730841675049,2500,5000
Scalar region null,Conventional,42031146,0.8976,0.0042875223614577225,0.8891964561715429,0.906003543828457,0.995,303.8730841675049,2500,5000
Scalar region null,Anytime-valid,42454631,0.0448,0.002925507135523686,0.03906600601437357,0.05053399398562643,0.995,303.8730841675049,2500,5000
Scalar region null,Conventional,42454631,0.8978,0.004283810453323068,0.8894037315114869,0.9061962684885132,0.995,303.8730841675049,2500,5000
Scalar region null,Anytime-valid,42882382,0.0448,0.002925507135523686,0.03906600601437357,0.05053399398562643,0.995,303.8730841675049,2500,5000
Scalar region null,Conventional,42882382,0.8982,0.004276371358991172,0.8898183121363773,0.9065816878636227,0.995,303.8730841675049,2500,5000
Scalar region null,Anytime-valid,43314444,0.0448,0.002925507135523686,0.03906600601437357,0.05053399398562643,0.995,303.8730841675049,2500,5000
Scalar region null,Conventional,43314444,0.8982,0.004276371358991172,0.8898183121363773,0.9065816878636227,0.995,303.8730841675049,2500,5000
Scalar region null,Anytime-valid,43750859,0.0448,0.002925507135523686,0.03906600601437357,0.05053399398562643,0.995,303.8730841675049,2500,5000
Scalar region null,Conventional,43750859,0.8984,0.004272644146193315,0.8900256174734611,0.9067743825265389,0.995,303.8730841675049,2500,5000
Scalar region null,Anytime-valid,44191671,0.0448,0.002925507135523686,0.03906600601437357,0.05053399398562643,0.995,303.8730841675049,2500,5000
Scalar region null,Conventional,44191671,0.8986,0.004268911805132546,0.8902329328619402,0.9069670671380597,0.995,303.8730841675049,2500,5000
Scalar region null,Anytime-valid,44636924,0.0448,0.002925507135523686,0.03906600601437357,0.05053399398562643,0.995,303.8730841675049,2500,5000
Scalar region null,Conventional,44636924,0.8988,0.004265174322346039,0.8904402583282018,0.9071597416717982,0.995,303.8730841675049,2500,5000
Scalar region null,Anytime-valid,45086664,0.0448,0.002925507135523686,0.03906600601437357,0.05053399398562643,0.995,303.8730841675049,2500,5000
Scalar region null,Conventional,45086664,0.8988,0.004265174322346039,0.8904402583282018,0.9071597416717982,0.995,303.8730841675049,2500,5000
Scalar region null,Anytime-valid,45540934,0.0448,0.002925507135523686,0.03906600601437357,0.05053399398562643,0.995,303.8730841675049,2500,5000
Scalar region null,Conventional,45540934,0.8988,0.004265174322346039,0.8904402583282018,0.9071597416717982,0.995,303.8730841675049,2500,5000
Scalar region null,Anytime-valid,45999782,0.0448,0.002925507135523686,0.03906600601437357,0.05053399398562643,0.995,303.8730841675049,2500,5000
Scalar region null,Conventional,45999782,0.899,0.004261431684305169,0.8906475938987619,0.9073524061012381,0.995,303.8730841675049,2500,5000
Scalar region null,Anytime-valid,46463253,0.0448,0.002925507135523686,0.03906600601437357,0.05053399398562643,0.995,303.8730841675049,2500,5000
Scalar region null,Conventional,46463253,0.8992,0.004257683877415043,0.8908549396002665,0.9075450603997335,0.995,303.8730841675049,2500,5000
Scalar region null,Anytime-valid,46931394,0.0448,0.002925507135523686,0.03906600601437357,0.05053399398562643,0.995,303.8730841675049,2500,5000
Scalar region null,Conventional,46931394,0.8992,0.004257683877415043,0.8908549396002665,0.9075450603997335,0.995,303.8730841675049,2500,5000
Scalar region null,Anytime-valid,47404251,0.0448,0.002925507135523686,0.03906600601437357,0.05053399398562643,0.995,303.8730841675049,2500,5000
Scalar region null,Conventional,47404251,0.8992,0.004257683877415043,0.8908549396002665,0.9075450603997335,0.995,303.8730841675049,2500,5000
Scalar region null,Anytime-valid,47881873,0.0448,0.002925507135523686,0.03906600601437357,0.05053399398562643,0.995,303.8730841675049,2500,5000
Scalar region null,Conventional,47881873,0.8992,0.004257683877415043,0.8908549396002665,0.9075450603997335,0.995,303.8730841675049,2500,5000
Scalar region null,Anytime-valid,48364307,0.0448,0.002925507135523686,0.03906600601437357,0.05053399398562643,0.995,303.8730841675049,2500,5000
Scalar region null,Conventional,48364307,0.8996,0.0042501727023734,0.8912696615033481,0.9079303384966518,0.995,303.8730841675049,2500,5000
Scalar region null,Anytime-valid,48851602,0.0448,0.002925507135523686,0.03906600601437357,0.05053399398562643,0.995,303.8730841675049,2500,5000
Scalar region null,Conventional,48851602,0.8996,0.0042501727023734,0.8912696615033481,0.9079303384966518,0.995,303.8730841675049,2500,5000
Scalar region null,Anytime-valid,49343806,0.0448,0.002925507135523686,0.03906600601437357,0.05053399398562643,0.995,303.8730841675049,2500,5000
Scalar region null,Conventional,49343806,0.8996,0.0042501727023734,0.8912696615033481,0.9079303384966518,0.995,303.8730841675049,2500,5000
Scalar region null,Anytime-valid,49840970,0.0448,0.002925507135523686,0.03906600601437357,0.05053399398562643,0.995,303.8730841675049,2500,5000
Scalar region null,Conventional,49840970,0.8998,0.004246409306696658,0.8914770377588745,0.9081229622411255,0.995,303.8730841675049,2500,5000
Scalar region null,Anytime-valid,50343143,0.0448,0.002925507135523686,0.03906600601437357,0.05053399398562643,0.995,303.8730841675049,2500,5000
Scalar region null,Conventional,50343143,0.8998,0.004246409306696658,0.8914770377588745,0.9081229622411255,0.995,303.8730841675049,2500,5000
Scalar region null,Anytime-valid,50850375,0.0448,0.002925507135523686,0.03906600601437357,0.05053399398562643,0.995,303.8730841675049,2500,5000
Scalar region null,Conventional,50850375,0.8998,0.004246409306696658,0.8914770377588745,0.9081229622411255,0.995,303.8730841675049,2500,5000
Scalar region null,Anytime-valid,51362718,0.0448,0.002925507135523686,0.03906600601437357,0.05053399398562643,0.995,303.8730841675049,2500,5000
Scalar region null,Conventional,51362718,0.8998,0.004246409306696658,0.8914770377588745,0.9081229622411255,0.995,303.8730841675049,2500,5000
Scalar region null,Anytime-valid,51880223,0.0448,0.002925507135523686,0.03906600601437357,0.05053399398562643,0.995,303.8730841675049,2500,5000
Scalar region null,Conventional,51880223,0.8998,0.004246409306696658,0.8914770377588745,0.9081229622411255,0.995,303.8730841675049,2500,5000
Scalar region null,Anytime-valid,52402943,0.0448,0.002925507135523686,0.03906600601437357,0.05053399398562643,0.995,303.8730841675049,2500,5000
Scalar region null,Conventional,52402943,0.8998,0.004246409306696658,0.8914770377588745,0.9081229622411255,0.995,303.8730841675049,2500,5000
Scalar region null,Anytime-valid,52930929,0.0448,0.002925507135523686,0.03906600601437357,0.05053399398562643,0.995,303.8730841675049,2500,5000
Scalar region null,Conventional,52930929,0.8998,0.004246409306696658,0.8914770377588745,0.9081229622411255,0.995,303.8730841675049,2500,5000
Scalar region null,Anytime-valid,53464234,0.0448,0.002925507135523686,0.03906600601437357,0.05053399398562643,0.995,303.8730841675049,2500,5000
Scalar region null,Conventional,53464234,0.9,0.004242640687119285,0.8916844242532462,0.9083155757467538,0.995,303.8730841675049,2500,5000
Scalar region null,Anytime-valid,54002914,0.0448,0.002925507135523686,0.03906600601437357,0.05053399398562643,0.995,303.8730841675049,2500,5000
Scalar region null,Conventional,54002914,0.9,0.004242640687119285,0.8916844242532462,0.9083155757467538,0.995,303.8730841675049,2500,5000
Scalar region null,Anytime-valid,54547020,0.0448,0.002925507135523686,0.03906600601437357,0.05053399398562643,0.995,303.8730841675049,2500,5000
Scalar region null,Conventional,54547020,0.9002,0.004238866829708148,0.8918918210137721,0.9085081789862279,0.995,303.8730841675049,2500,5000
Scalar region null,Anytime-valid,55096609,0.0448,0.002925507135523686,0.03906600601437357,0.05053399398562643,0.995,303.8730841675049,2500,5000
Scalar region null,Conventional,55096609,0.9002,0.004238866829708148,0.8918918210137721,0.9085081789862279,0.995,303.8730841675049,2500,5000
Scalar region null,Anytime-valid,55651735,0.0448,0.002925507135523686,0.03906600601437357,0.05053399398562643,0.995,303.8730841675049,2500,5000
Scalar region null,Conventional,55651735,0.9008,0.004227513690102019,0.8925140731674001,0.9090859268326,0.995,303.8730841675049,2500,5000
Scalar region null,Anytime-valid,56212454,0.0448,0.002925507135523686,0.03906600601437357,0.05053399398562643,0.995,303.8730841675049,2500,5000
Scalar region null,Conventional,56212454,0.9008,0.004227513690102019,0.8925140731674001,0.9090859268326,0.995,303.8730841675049,2500,5000
Scalar region null,Anytime-valid,56778823,0.0448,0.002925507135523686,0.03906600601437357,0.05053399398562643,0.995,303.8730841675049,2500,5000
Scalar region null,Conventional,56778823,0.901,0.004223718740636029,0.8927215112683534,0.9092784887316466,0.995,303.8730841675049,2500,5000
Scalar region null,Anytime-valid,57350898,0.0448,0.002925507135523686,0.03906600601437357,0.05053399398562643,0.995,303.8730841675049,2500,5000
Scalar region null,Conventional,57350898,0.901,0.004223718740636029,0.8927215112683534,0.9092784887316466,0.995,303.8730841675049,2500,5000
Scalar region null,Anytime-valid,57928737,0.0448,0.002925507135523686,0.03906600601437357,0.05053399398562643,0.995,303.8730841675049,2500,5000
Scalar region null,Conventional,57928737,0.901,0.004223718740636029,0.8927215112683534,0.9092784887316466,0.995,303.8730841675049,2500,5000
Scalar region null,Anytime-valid,58512398,0.0448,0.002925507135523686,0.03906600601437357,0.05053399398562643,0.995,303.8730841675049,2500,5000
Scalar region null,Conventional,58512398,0.9014,0.00421611290171409,0.8931364187126404,0.9096635812873596,0.995,303.8730841675049,2500,5000
Scalar region null,Anytime-valid,59101940,0.0448,0.002925507135523686,0.03906600601437357,0.05053399398562643,0.995,303.8730841675049,2500,5000
Scalar region null,Conventional,59101940,0.9014,0.00421611290171409,0.8931364187126404,0.9096635812873596,0.995,303.8730841675049,2500,5000
Scalar region null,Anytime-valid,59697422,0.0448,0.002925507135523686,0.03906600601437357,0.05053399398562643,0.995,303.8730841675049,2500,5000
Scalar region null,Conventional,59697422,0.9014,0.00421611290171409,0.8931364187126404,0.9096635812873596,0.995,303.8730841675049,2500,5000
Scalar region null,Anytime-valid,60298903,0.0448,0.002925507135523686,0.03906600601437357,0.05053399398562643,0.995,303.8730841675049,2500,5000
Scalar region null,Conventional,60298903,0.9016,0.004212301983476495,0.8933438881123861,0.9098561118876138,0.995,303.8730841675049,2500,5000
Scalar region null,Anytime-valid,60906445,0.0448,0.002925507135523686,0.03906600601437357,0.05053399398562643,0.995,303.8730841675049,2500,5000
Scalar region null,Conventional,60906445,0.9016,0.004212301983476495,0.8933438881123861,0.9098561118876138,0.995,303.8730841675049,2500,5000
Scalar region null,Anytime-valid,61520108,0.0448,0.002925507135523686,0.03906600601437357,0.05053399398562643,0.995,303.8730841675049,2500,5000
Scalar region null,Conventional,61520108,0.9016,0.004212301983476495,0.8933438881123861,0.9098561118876138,0.995,303.8730841675049,2500,5000
Scalar region null,Anytime-valid,62139954,0.0448,0.002925507135523686,0.03906600601437357,0.05053399398562643,0.995,303.8730841675049,2500,5000
Scalar region null,Conventional,62139954,0.9016,0.004212301983476495,0.8933438881123861,0.9098561118876138,0.995,303.8730841675049,2500,5000
Scalar region null,Anytime-valid,62766046,0.0448,0.002925507135523686,0.03906600601437357,0.05053399398562643,0.995,303.8730841675049,2500,5000
Scalar region null,Conventional,62766046,0.9016,0.004212301983476495,0.8933438881123861,0.9098561118876138,0.995,303.8730841675049,2500,5000
Scalar region null,Anytime-valid,63398445,0.0448,0.002925507135523686,0.03906600601437357,0.05053399398562643,0.995,303.8730841675049,2500,5000
Scalar region null,Conventional,63398445,0.9016,0.004212301983476495,0.8933438881123861,0.9098561118876138,0.995,303.8730841675049,2500,5000
Scalar region null,Anytime-valid,64037216,0.0448,0.002925507135523686,0.03906600601437357,0.05053399398562643,0.995,303.8730841675049,2500,5000
Scalar region null,Conventional,64037216,0.9018,0.0042084857134128415,0.8935513680017109,0.9100486319982892,0.995,303.8730841675049,2500,5000
Scalar region null,Anytime-valid,64682424,0.0448,0.002925507135523686,0.03906600601437357,0.05053399398562643,0.995,303.8730841675049,2500,5000
Scalar region null,Conventional,64682424,0.902,0.004204664076950737,0.8937588584091766,0.9102411415908235,0.995,303.8730841675049,2500,5000
Scalar region null,Anytime-valid,65334132,0.0448,0.002925507135523686,0.03906600601437357,0.05053399398562643,0.995,303.8730841675049,2500,5000
Scalar region null,Conventional,65334132,0.902,0.004204664076950737,0.8937588584091766,0.9102411415908235,0.995,303.8730841675049,2500,5000
Scalar region null,Anytime-valid,65992406,0.045,0.0029317230428538097,0.03925382283600653,0.05074617716399347,0.995,303.8730841675049,2500,5000
Scalar region null,Conventional,65992406,0.9022,0.0042008370594442245,0.8939663593634893,0.9104336406365107,0.995,303.8730841675049,2500,5000
Scalar region null,Anytime-valid,66657313,0.045,0.0029317230428538097,0.03925382283600653,0.05074617716399347,0.995,303.8730841675049,2500,5000
Scalar region null,Conventional,66657313,0.9022,0.0042008370594442245,0.8939663593634893,0.9104336406365107,0.995,303.8730841675049,2500,5000
Scalar region null,Anytime-valid,67328918,0.045,0.0029317230428538097,0.03925382283600653,0.05074617716399347,0.995,303.8730841675049,2500,5000
Scalar region null,Conventional,67328918,0.9022,0.0042008370594442245,0.8939663593634893,0.9104336406365107,0.995,303.8730841675049,2500,5000
Scalar region null,Anytime-valid,68007291,0.045,0.0029317230428538097,0.03925382283600653,0.05074617716399347,0.995,303.8730841675049,2500,5000
Scalar region null,Conventional,68007291,0.9022,0.0042008370594442245,0.8939663593634893,0.9104336406365107,0.995,303.8730841675049,2500,5000
Scalar region null,Anytime-valid,68692499,0.045,0.0029317230428538097,0.03925382283600653,0.05074617716399347,0.995,303.8730841675049,2500,5000
Scalar region null,Conventional,68692499,0.9026,0.004193166822343228,0.8943813930282072,0.9108186069717927,0.995,303.8730841675049,2500,5000
Scalar region null,Anytime-valid,69384610,0.045,0.0029317230428538097,0.03925382283600653,0.05074617716399347,0.995,303.8730841675049,2500,5000
Scalar region null,Conventional,69384610,0.9026,0.004193166822343228,0.8943813930282072,0.9108186069717927,0.995,303.8730841675049,2500,5000
Scalar region null,Anytime-valid,70083695,0.045,0.0029317230428538097,0.03925382283600653,0.05074617716399347,0.995,303.8730841675049,2500,5000
Scalar region null,Conventional,70083695,0.9026,0.004193166822343228,0.8943813930282072,0.9108186069717927,0.995,303.8730841675049,2500,5000
Scalar region null,Anytime-valid,70789824,0.045,0.0029317230428538097,0.03925382283600653,0.05074617716399347,0.995,303.8730841675049,2500,5000
Scalar region null,Conventional,70789824,0.9026,0.004193166822343228,0.8943813930282072,0.9108186069717927,0.995,303.8730841675049,2500,5000
Scalar region null,Anytime-valid,71503067,0.045,0.0029317230428538097,0.03925382283600653,0.05074617716399347,0.995,303.8730841675049,2500,5000
Scalar region null,Conventional,71503067,0.9028,0.004189323573084322,0.8945889257967548,0.9110110742032453,0.995,303.8730841675049,2500,5000
Scalar region null,Anytime-valid,72223496,0.045,0.0029317230428538097,0.03925382283600653,0.05074617716399347,0.995,303.8730841675049,2500,5000
Scalar region null,Conventional,72223496,0.9028,0.004189323573084322,0.8945889257967548,0.9110110742032453,0.995,303.8730841675049,2500,5000
Scalar region null,Anytime-valid,72951184,0.045,0.0029317230428538097,0.03925382283600653,0.05074617716399347,0.995,303.8730841675049,2500,5000
Scalar region null,Conventional,72951184,0.903,0.004185474883451099,0.8947964692284359,0.9112035307715641,0.995,303.8730841675049,2500,5000
Scalar region null,Anytime-valid,73686204,0.045,0.0029317230428538097,0.03925382283600653,0.05074617716399347,0.995,303.8730841675049,2500,5000
Scalar region null,Conventional,73686204,0.903,0.004185474883451099,0.8947964692284359,0.9112035307715641,0.995,303.8730841675049,2500,5000
Scalar region null,Anytime-valid,74428630,0.045,0.0029317230428538097,0.03925382283600653,0.05074617716399347,0.995,303.8730841675049,2500,5000
Scalar region null,Conventional,74428630,0.903,0.004185474883451099,0.8947964692284359,0.9112035307715641,0.995,303.8730841675049,2500,5000
Scalar region null,Anytime-valid,75178536,0.045,0.0029317230428538097,0.03925382283600653,0.05074617716399347,0.995,303.8730841675049,2500,5000
Scalar region null,Conventional,75178536,0.903,0.004185474883451099,0.8947964692284359,0.9112035307715641,0.995,303.8730841675049,2500,5000
Scalar region null,Anytime-valid,75935997,0.045,0.0029317230428538097,0.03925382283600653,0.05074617716399347,0.995,303.8730841675049,2500,5000
Scalar region null,Conventional,75935997,0.903,0.004185474883451099,0.8947964692284359,0.9112035307715641,0.995,303.8730841675049,2500,5000
Scalar region null,Anytime-valid,76701091,0.045,0.0029317230428538097,0.03925382283600653,0.05074617716399347,0.995,303.8730841675049,2500,5000
Scalar region null,Conventional,76701091,0.9032,0.004181620738421886,0.8950040233526931,0.9113959766473069,0.995,303.8730841675049,2500,5000
Scalar region null,Anytime-valid,77473893,0.045,0.0029317230428538097,0.03925382283600653,0.05074617716399347,0.995,303.8730841675049,2500,5000
Scalar region null,Conventional,77473893,0.9036,0.004173896021704423,0.8954191637974593,0.9117808362025406,0.995,303.8730841675049,2500,5000
Scalar region null,Anytime-valid,78254481,0.045,0.0029317230428538097,0.03925382283600653,0.05074617716399347,0.995,303.8730841675049,2500,5000
Scalar region null,Conventional,78254481,0.9038,0.004170025419586791,0.89562675017761,0.9119732498223901,0.995,303.8730841675049,2500,5000
Scalar region null,Anytime-valid,79042934,0.045,0.0029317230428538097,0.03925382283600653,0.05074617716399347,0.995,303.8730841675049,2500,5000
Scalar region null,Conventional,79042934,0.9038,0.004170025419586791,0.89562675017761,0.9119732498223901,0.995,303.8730841675049,2500,5000
Scalar region null,Anytime-valid,79839332,0.045,0.0029317230428538097,0.03925382283600653,0.05074617716399347,0.995,303.8730841675049,2500,5000
Scalar region null,Conventional,79839332,0.9038,0.004170025419586791,0.89562675017761,0.9119732498223901,0.995,303.8730841675049,2500,5000
Scalar region null,Anytime-valid,80643753,0.045,0.0029317230428538097,0.03925382283600653,0.05074617716399347,0.995,303.8730841675049,2500,5000
Scalar region null,Conventional,80643753,0.9038,0.004170025419586791,0.89562675017761,0.9119732498223901,0.995,303.8730841675049,2500,5000
Scalar region null,Anytime-valid,81456280,0.045,0.0029317230428538097,0.03925382283600653,0.05074617716399347,0.995,303.8730841675049,2500,5000
Scalar region null,Conventional,81456280,0.9038,0.004170025419586791,0.89562675017761,0.9119732498223901,0.995,303.8730841675049,2500,5000
Scalar region null,Anytime-valid,82276993,0.045,0.0029317230428538097,0.03925382283600653,0.05074617716399347,0.995,303.8730841675049,2500,5000
Scalar region null,Conventional,82276993,0.9042,0.004162267651172856,0.8960419554037012,0.9123580445962988,0.995,303.8730841675049,2500,5000
Scalar region null,Anytime-valid,83105975,0.045,0.0029317230428538097,0.03925382283600653,0.05074617716399347,0.995,303.8730841675049,2500,5000
Scalar region null,Conventional,83105975,0.9044,0.004158380453974841,0.8962495743102092,0.9125504256897907,0.995,303.8730841675049,2500,5000
Scalar region null,Anytime-valid,83943309,0.045,0.0029317230428538097,0.03925382283600653,0.05074617716399347,0.995,303.8730841675049,2500,5000
Scalar region null,Conventional,83943309,0.9048,0.004150589355742145,0.8966648448627454,0.9129351551372547,0.995,303.8730841675049,2500,5000
Scalar region null,Anytime-valid,84789080,0.045,0.0029317230428538097,0.03925382283600653,0.05074617716399347,0.995,303.8730841675049,2500,5000
Scalar region null,Conventional,84789080,0.9048,0.004150589355742145,0.8966648448627454,0.9129351551372547,0.995,303.8730841675049,2500,5000
Scalar region null,Anytime-valid,85643373,0.045,0.0029317230428538097,0.03925382283600653,0.05074617716399347,0.995,303.8730841675049,2500,5000
Scalar region null,Conventional,85643373,0.905,0.0041466854233230665,0.8968724965702868,0.9131275034297133,0.995,303.8730841675049,2500,5000
Scalar region null,Anytime-valid,86506273,0.045,0.0029317230428538097,0.03925382283600653,0.05074617716399347,0.995,303.8730841675049,2500,5000
Scalar region null,Conventional,86506273,0.9052,0.004142775880976426,0.8970801592732862,0.9133198407267138,0.995,303.8730841675049,2500,5000
Scalar region null,Anytime-valid,87377867,0.045,0.0029317230428538097,0.03925382283600653,0.05074617716399347,0.995,303.8730841675049,2500,5000
Scalar region null,Conventional,87377867,0.9056,0.004134939902828094,0.8974955177904569,0.913704482209543,0.995,303.8730841675049,2500,5000
Scalar region null,Anytime-valid,88258243,0.045,0.0029317230428538097,0.03925382283600653,0.05074617716399347,0.995,303.8730841675049,2500,5000
Scalar region null,Conventional,88258243,0.9056,0.004134939902828094,0.8974955177904569,0.913704482209543,0.995,303.8730841675049,2500,5000
Scalar region null,Anytime-valid,89147489,0.045,0.0029317230428538097,0.03925382283600653,0.05074617716399347,0.995,303.8730841675049,2500,5000
Scalar region null,Conventional,89147489,0.9056,0.004134939902828094,0.8974955177904569,0.913704482209543,0.995,303.8730841675049,2500,5000
Scalar region null,Anytime-valid,90045695,0.045,0.0029317230428538097,0.03925382283600653,0.05074617716399347,0.995,303.8730841675049,2500,5000
Scalar region null,Conventional,90045695,0.9058,0.0041310134349817835,0.8977032136674358,0.9138967863325643,0.995,303.8730841675049,2500,5000
Scalar region null,Anytime-valid,90952951,0.045,0.0029317230428538097,0.03925382283600653,0.05074617716399347,0.995,303.8730841675049,2500,5000
Scalar region null,Conventional,90952951,0.9058,0.0041310134349817835,0.8977032136674358,0.9138967863325643,0.995,303.8730841675049,2500,5000
Scalar region null,Anytime-valid,91869348,0.045,0.0029317230428538097,0.03925382283600653,0.05074617716399347,0.995,303.8730841675049,2500,5000
Scalar region null,Conventional,91869348,0.906,0.004127081293117449,0.8979109206654898,0.9140890793345102,0.995,303.8730841675049,2500,5000
Scalar region null,Anytime-valid,92794977,0.045,0.0029317230428538097,0.03925382283600653,0.05074617716399347,0.995,303.8730841675049,2500,5000
Scalar region null,Conventional,92794977,0.9064,0.004119199922315012,0.8983263681522625,0.9144736318477374,0.995,303.8730841675049,2500,5000
Scalar region null,Anytime-valid,93729934,0.045,0.0029317230428538097,0.03925382283600653,0.05074617716399347,0.995,303.8730841675049,2500,5000
Scalar region null,Conventional,93729934,0.9064,0.004119199922315012,0.8983263681522625,0.9144736318477374,0.995,303.8730841675049,2500,5000
Scalar region null,Anytime-valid,94674310,0.045,0.0029317230428538097,0.03925382283600653,0.05074617716399347,0.995,303.8730841675049,2500,5000
Scalar region null,Conventional,94674310,0.9064,0.004119199922315012,0.8983263681522625,0.9144736318477374,0.995,303.8730841675049,2500,5000
Scalar region null,Anytime-valid,95628201,0.045,0.0029317230428538097,0.03925382283600653,0.05074617716399347,0.995,303.8730841675049,2500,5000
Scalar region null,Conventional,95628201,0.9066,0.004115250660652399,0.8985341087051213,0.9146658912948786,0.995,303.8730841675049,2500,5000
Scalar region null,Anytime-valid,96591703,0.045,0.0029317230428538097,0.03925382283600653,0.05074617716399347,0.995,303.8730841675049,2500,5000
Scalar region null,Conventional,96591703,0.9066,0.004115250660652399,0.8985341087051213,0.9146658912948786,0.995,303.8730841675049,2500,5000
Scalar region null,Anytime-valid,97564913,0.045,0.0029317230428538097,0.03925382283600653,0.05074617716399347,0.995,303.8730841675049,2500,5000
Scalar region null,Conventional,97564913,0.9068,0.004111295659521459,0.898741860507338,0.9148581394926621,0.995,303.8730841675049,2500,5000
Scalar region null,Anytime-valid,98547929,0.045,0.0029317230428538097,0.03925382283600653,0.05074617716399347,0.995,303.8730841675049,2500,5000
Scalar region null,Conventional,98547929,0.9072,0.004103368372447202,0.8991573979900035,0.9152426020099965,0.995,303.8730841675049,2500,5000
Scalar region null,Anytime-valid,99540849,0.045,0.0029317230428538097,0.03925382283600653,0.05074617716399347,0.995,303.8730841675049,2500,5000
Scalar region null,Conventional,99540849,0.9072,0.004103368372447202,0.8991573979900035,0.9152426020099965,0.995,303.8730841675049,2500,5000
Scalar region null,Anytime-valid,100000000,0.045,0.0029317230428538097,0.03925382283600653,0.05074617716399347,0.995,303.8730841675049,2500,5000
Scalar region null,Conventional,100000000,0.9074,0.004099396053079039,0.8993651837359651,0.9154348162640349,0.995,303.8730841675049,2500,5000
Multivariate region null,Anytime-valid,1,0,0,0,0,0.995,712.0349912088234,2500,5000
Multivariate region null,Conventional,1,0,0,0,0,0.995,712.0349912088234,2500,5000
Multivariate region null,Anytime-valid,2,0,0,0,0,0.995,712.0349912088234,2500,5000
Multivariate region null,Conventional,2,0,0,0,0,0.995,712.0349912088234,2500,5000
Multivariate region null,Anytime-valid,3,0,0,0,0,0.995,712.0349912088234,2500,5000
Multivariate region null,Conventional,3,0,0,0,0,0.995,712.0349912088234,2500,5000
Multivariate region null,Anytime-valid,4,0,0,0,0,0.995,712.0349912088234,2500,5000
Multivariate region null,Conventional,4,0.0374,0.0026833277846733524,0.03214067754204023,0.042659322457959774,0.995,712.0349912088234,2500,5000
Multivariate region null,Anytime-valid,5,0,0,0,0,0.995,712.0349912088234,2500,5000
Multivariate region null,Conventional,5,0.1978,0.0056333854829933305,0.18675856445333308,0.20884143554666693,0.995,712.0349912088234,2500,5000
Multivariate region null,Anytime-valid,6,0,0,0,0,0.995,712.0349912088234,2500,5000
Multivariate region null,Conventional,6,0.392,0.006904143683325254,0.3784678783806825,0.4055321216193175,0.995,712.0349912088234,2500,5000
Multivariate region null,Anytime-valid,7,0,0,0,0,0.995,712.0349912088234,2500,5000
Multivariate region null,Conventional,7,0.533,0.007055650218087629,0.5191709255725483,0.5468290744274518,0.995,712.0349912088234,2500,5000
Multivariate region null,Anytime-valid,8,0,0,0,0,0.995,712.0349912088234,2500,5000
Multivariate region null,Conventional,8,0.6172,0.006874069537035539,0.6037268237074103,0.6306731762925897,0.995,712.0349912088234,2500,5000
Multivariate region null,Anytime-valid,9,0,0,0,0,0.995,712.0349912088234,2500,5000
Multivariate region null,Conventional,9,0.6628,0.006685748424821263,0.6496959330873503,0.6759040669126496,0.995,712.0349912088234,2500,5000
Multivariate region null,Anytime-valid,10,0,0,0,0,0.995,712.0349912088234,2500,5000
Multivariate region null,Conventional,10,0.6914,0.0065324733447600074,0.6785963522442704,0.7042036477557296,0.995,712.0349912088234,2500,5000
Multivariate region null,Anytime-valid,11,0,0,0,0,0.995,712.0349912088234,2500,5000
Multivariate region null,Conventional,11,0.7098,0.006418472715529762,0.6972197934775617,0.7223802065224383,0.995,712.0349912088234,2500,5000
Multivariate region null,Anytime-valid,12,0,0,0,0,0.995,712.0349912088234,2500,5000
Multivariate region null,Conventional,12,0.7212,0.006341459768854487,0.7087707388530452,0.7336292611469547,0.995,712.0349912088234,2500,5000
Multivariate region null,Anytime-valid,13,0,0,0,0,0.995,712.0349912088234,2500,5000
Multivariate region null,Conventional,13,0.7276,0.006296002541295548,0.7152598350190608,0.7399401649809393,0.995,712.0349912088234,2500,5000
Multivariate region null,Anytime-valid,14,0,0,0,0,0.995,712.0349912088234,2500,5000
Multivariate region null,Conventional,14,0.7328,0.006257861615600013,0.720534591233424,0.745065408766576,0.995,712.0349912088234,2500,5000
Multivariate region null,Anytime-valid,15,0,0,0,0,0.995,712.0349912088234,2500,5000
Multivariate region null,Conventional,15,0.7364,0.006230811183144614,0.7241876100810366,0.7486123899189635,0.995,712.0349912088234,2500,5000
Multivariate region null,Anytime-valid,16,0,0,0,0,0.995,712.0349912088234,2500,5000
Multivariate region null,Conventional,16,0.7398,0.006204771712158313,0.7276386474441697,0.7519613525558303,0.995,712.0349912088234,2500,5000
Multivariate region null,Anytime-valid,17,0,0,0,0,0.995,712.0349912088234,2500,5000
Multivariate region null,Conventional,17,0.7432,0.006178248295431319,0.7310906333409546,0.7553093666590454,0.995,712.0349912088234,2500,5000
Multivariate region null,Anytime-valid,18,0,0,0,0,0.995,712.0349912088234,2500,5000
Multivariate region null,Conventional,18,0.7462,0.006154438398424344,0.7341373007390882,0.7582626992609117,0.995,712.0349912088234,2500,5000
Multivariate region null,Anytime-valid,19,0,0,0,0,0.995,712.0349912088234,2500,5000
Multivariate region null,Conventional,19,0.7476,0.006143195259797624,0.7355593372907967,0.7596406627092034,0.995,712.0349912088234,2500,5000
Multivariate region null,Anytime-valid,20,0,0,0,0,0.995,712.0349912088234,2500,5000
Multivariate region null,Conventional,20,0.7498,0.006125356479422238,0.7377943013003324,0.7618056986996676,0.995,712.0349912088234,2500,5000
Multivariate region null,Anytime-valid,21,0,0,0,0,0.995,712.0349912088234,2500,5000
Multivariate region null,Conventional,21,0.7526,0.0061023477449257185,0.7406393984199456,0.7645606015800545,0.995,712.0349912088234,2500,5000
Multivariate region null,Anytime-valid,22,0,0,0,0,0.995,712.0349912088234,2500,5000
Multivariate region null,Conventional,22,0.7546,0.006085701931576997,0.7426720242141092,0.7665279757858909,0.995,712.0349912088234,2500,5000
Multivariate region null,Anytime-valid,23,0,0,0,0,0.995,712.0349912088234,2500,5000
Multivariate region null,Conventional,23,0.7558,0.006075629350116743,0.7438917664737712,0.7677082335262289,0.995,712.0349912088234,2500,5000
Multivariate region null,Anytime-valid,24,0,0,0,0,0.995,712.0349912088234,2500,5000
Multivariate region null,Conventional,24,0.757,0.0060654925603779285,0.7451116345816593,0.7688883654183407,0.995,712.0349912088234,2500,5000
Multivariate region null,Anytime-valid,25,0,0,0,0,0.995,712.0349912088234,2500,5000
Multivariate region null,Conventional,25,0.76,0.0060398675482166,0.7481618596054955,0.7718381403945045,0.995,712.0349912088234,2500,5000
Multivariate region null,Anytime-valid,26,0,0,0,0,0.995,712.0349912088234,2500,5000
Multivariate region null,Conventional,26,0.761,0.006031235362676538,0.749178778689154,0.7728212213108461,0.995,712.0349912088234,2500,5000
Multivariate region null,Anytime-valid,27,0,0,0,0,0.995,712.0349912088234,2500,5000
Multivariate region null,Conventional,27,0.7636,0.006008577868347884,0.7518231873780381,0.7753768126219618,0.995,712.0349912088234,2500,5000
Multivariate region null,Anytime-valid,28,0,0,0,0,0.995,712.0349912088234,2500,5000
Multivariate region null,Conventional,28,0.764,0.0060050645292119885,0.7522300735227445,0.7757699264772555,0.995,712.0349912088234,2500,5000
Multivariate region null,Anytime-valid,29,0,0,0,0,0.995,712.0349912088234,2500,5000
Multivariate region null,Conventional,29,0.7658,0.005989162879735364,0.7540612407557187,0.7775387592442814,0.995,712.0349912088234,2500,5000
Multivariate region null,Anytime-valid,30,0,0,0,0,0.995,712.0349912088234,2500,5000
Multivariate region null,Conventional,30,0.766,0.005987386742143854,0.7542647219853981,0.777735278014602,0.995,712.0349912088234,2500,5000
Multivariate region null,Anytime-valid,31,0,0,0,0,0.995,712.0349912088234,2500,5000
Multivariate region null,Conventional,31,0.7664,0.005983828874558496,0.7546716954058653,0.7781283045941346,0.995,712.0349912088234,2500,5000
Multivariate region null,Anytime-valid,32,0,0,0,0,0.995,712.0349912088234,2500,5000
Multivariate region null,Conventional,32,0.7676,0.005973110412507038,0.7558927035914862,0.7793072964085137,0.995,712.0349912088234,2500,5000
Multivariate region null,Anytime-valid,33,0,0,0,0,0.995,712.0349912088234,2500,5000
Multivariate region null,Conventional,33,0.769,0.005960520111533892,0.7573173805813936,0.7806826194186064,0.995,712.0349912088234,2500,5000
Multivariate region null,Anytime-valid,34,0,0,0,0,0.995,712.0349912088234,2500,5000
Multivariate region null,Conventional,34,0.7702,0.0059496547799011,0.7585386766313938,0.7818613233686061,0.995,712.0349912088234,2500,5000
Multivariate region null,Anytime-valid,35,0,0,0,0,0.995,712.0349912088234,2500,5000
Multivariate region null,Conventional,35,0.7708,0.00594419649742503,0.759149374865047,0.7824506251349531,0.995,712.0349912088234,2500,5000
Multivariate region null,Anytime-valid,36,0,0,0,0,0.995,712.0349912088234,2500,5000
Multivariate region null,Conventional,36,0.7718,0.005935061246524756,0.7601672799568115,0.7834327200431885,0.995,712.0349912088234,2500,5000
Multivariate region null,Anytime-valid,37,0,0,0,0,0.995,712.0349912088234,2500,5000
Multivariate region null,Conventional,37,0.7732,0.005922191486265874,0.7615925046869189,0.7848074953130811,0.995,712.0349912088234,2500,5000
Multivariate region null,Anytime-valid,38,0,0,0,0,0.995,712.0349912088234,2500,5000
Multivariate region null,Conventional,38,0.7738,0.0059166470234415704,0.7622033718340546,0.7853966281659455,0.995,712.0349912088234,2500,5000
Multivariate region null,Anytime-valid,39,0,0,0,0,0.995,712.0349912088234,2500,5000
Multivariate region null,Conventional,39,0.7744,0.005911085179558827,0.7628142730480647,0.7859857269519352,0.995,712.0349912088234,2500,5000
Multivariate region null,Anytime-valid,40,0,0,0,0,0.995,712.0349912088234,2500,5000
Multivariate region null,Conventional,40,0.7752,0.005903642265584865,0.7636288611594537,0.7867711388405463,0.995,712.0349912088234,2500,5000
Multivariate region null,Anytime-valid,41,0,0,0,0,0.995,712.0349912088234,2500,5000
Multivariate region null,Conventional,41,0.7758,0.00589803967433248,0.7642398422383084,0.7873601577616917,0.995,712.0349912088234,2500,5000
Multivariate region null,Anytime-valid,42,0,0,0,0,0.995,712.0349912088234,2500,5000
Multivariate region null,Conventional,42,0.7768,0.005888663006150038,0.765258220507946,0.7883417794920541,0.995,712.0349912088234,2500,5000
Multivariate region null,Anytime-valid,43,0,0,0,0,0.995,712.0349912088234,2500,5000
Multivariate region null,Conventional,43,0.778,0.005877346339973509,0.7664804011736519,0.7895195988263481,0.995,712.0349912088234,2500,5000
Multivariate region null,Anytime-valid,44,0,0,0,0,0.995,712.0349912088234,2500,5000
Multivariate region null,Conventional,44,0.7792,0.005865958745166897,0.7677027208594729,0.7906972791405271,0.995,712.0349912088234,2500,5000
Multivariate region null,Anytime-valid,45,0,0,0,0,0.995,712.0349912088234,2500,5000
Multivariate region null,Conventional,45,0.7806,0.005852583019488062,0.7691289372818033,0.7920710627181966,0.995,712.0349912088234,2500,5000
Multivariate region null,Anytime-valid,46,0,0,0,0,0.995,712.0349912088234,2500,5000
Multivariate region null,Conventional,46,0.7812,0.00584682067452047,0.7697402314779399,0.7926597685220601,0.995,712.0349912088234,2500,5000
Multivariate region null,Anytime-valid,47,0,0,0,0,0.995,712.0349912088234,2500,5000
Multivariate region null,Conventional,47,0.7824,0.005835241897299545,0.7709629258812929,0.7938370741187071,0.995,712.0349912088234,2500,5000
Multivariate region null,Anytime-valid,48,0,0,0,0,0.995,712.0349912088234,2500,5000
Multivariate region null,Conventional,48,0.7832,0.005827482475306125,0.7717781343484,0.7946218656516,0.995,712.0349912088234,2500,5000
Multivariate region null,Anytime-valid,49,0,0,0,0,0.995,712.0349912088234,2500,5000
Multivariate region null,Conventional,49,0.7832,0.005827482475306125,0.7717781343484,0.7946218656516,0.995,712.0349912088234,2500,5000
Multivariate region null,Anytime-valid,50,0,0,0,0,0.995,712.0349912088234,2500,5000
Multivariate region null,Conventional,50,0.784,0.005819690713431427,0.7725934062016744,0.7954065937983257,0.995,712.0349912088234,2500,5000
Multivariate region null,Anytime-valid,51,0,0,0,0,0.995,712.0349912088234,2500,5000
Multivariate region null,Conventional,51,0.7848,0.005811866481604683,0.7734087416960549,0.7961912583039452,0.995,712.0349912088234,2500,5000
Multivariate region null,Anytime-valid,52,0,0,0,0,0.995,712.0349912088234,2500,5000
Multivariate region null,Conventional,52,0.7858,0.005802040330780199,0.7744280009516709,0.7971719990483292,0.995,712.0349912088234,2500,5000
Multivariate region null,Anytime-valid,53,0,0,0,0,0.995,712.0349912088234,2500,5000
Multivariate region null,Conventional,53,0.7866,0.005794142559516464,0.7752434805833477,0.7979565194166522,0.995,712.0349912088234,2500,5000
Multivariate region null,Anytime-valid,54,0,0,0,0,0.995,712.0349912088234,2500,5000
Multivariate region null,Conventional,54,0.7872,0.0057881976469363935,0.7758551326120047,0.7985448673879953,0.995,712.0349912088234,2500,5000
Multivariate region null,Anytime-valid,55,0,0,0,0,0.995,712.0349912088234,2500,5000
Multivariate region null,Conventional,55,0.7878,0.00578223417028401,0.7764668210262433,0.7991331789737566,0.995,712.0349912088234,2500,5000
Multivariate region null,Anytime-valid,56,0,0,0,0,0.995,712.0349912088234,2500,5000
Multivariate region null,Conventional,56,0.7882,0.005778248177432326,0.7768746335722326,0.7995253664277674,0.995,712.0349912088234,2500,5000
Multivariate region null,Anytime-valid,57,0,0,0,0,0.995,712.0349912088234,2500,5000
Multivariate region null,Conventional,57,0.789,0.005770251294354519,0.7776903074630652,0.8003096925369348,0.995,712.0349912088234,2500,5000
Multivariate region null,Anytime-valid,58,0,0,0,0,0.995,712.0349912088234,2500,5000
Multivariate region null,Conventional,58,0.7896,0.0057642317788236105,0.7783021057135057,0.8008978942864943,0.995,712.0349912088234,2500,5000
Multivariate region null,Anytime-valid,59,0,0,0,0,0.995,712.0349912088234,2500,5000
Multivariate region null,Conventional,59,0.7898,0.005762221099541392,0.7785060466448989,0.801093953355101,0.995,712.0349912088234,2500,5000
Multivariate region null,Anytime-valid,60,0,0,0,0,0.995,712.0349912088234,2500,5000
Multivariate region null,Conventional,60,0.79,0.005760208329565867,0.778709991674051,0.8012900083259491,0.995,712.0349912088234,2500,5000
Multivariate region null,Anytime-valid,61,0,0,0,0,0.995,712.0349912088234,2500,5000
Multivariate region null,Conventional,61,0.791,0.00575011304236708,0.7797297784369606,0.8022702215630395,0.995,712.0349912088234,2500,5000
Multivariate region null,Anytime-valid,62,0,0,0,0,0.995,712.0349912088234,2500,5000
Multivariate region null,Conventional,62,0.7914,0.005746060215486782,0.7801377219776459,0.8026622780223541,0.995,712.0349912088234,2500,5000
Multivariate region null,Anytime-valid,63,0,0,0,0,0.995,712.0349912088234,2500,5000
Multivariate region null,Conventional,63,0.7918,0.005741998955067826,0.780545682048067,0.8030543179519329,0.995,712.0349912088234,2500,5000
Multivariate region null,Anytime-valid,64,0,0,0,0,0.995,712.0349912088234,2500,5000
Multivariate region null,Conventional,64,0.792,0.00573996515668867,0.7807496682928903,0.8032503317071098,0.995,712.0349912088234,2500,5000
Multivariate region null,Anytime-valid,65,0,0,0,0,0.995,712.0349912088234,2500,5000
Multivariate region null,Conventional,65,0.7924,0.0057358912123575,0.7811576532237793,0.8036423467762207,0.995,712.0349912088234,2500,5000
Multivariate region null,Anytime-valid,66,0,0,0,0,0.995,712.0349912088234,2500,5000
Multivariate region null,Conventional,66,0.7928,0.00573180878955326,0.7815656547724755,0.8040343452275244,0.995,712.0349912088234,2500,5000
Multivariate region null,Anytime-valid,67,0,0,0,0,0.995,712.0349912088234,2500,5000
Multivariate region null,Conventional,67,0.7932,0.005727717870146888,0.7819736729745121,0.8044263270254879,0.995,712.0349912088234,2500,5000
Multivariate region null,Anytime-valid,68,0,0,0,0,0.995,712.0349912088234,2500,5000
Multivariate region null,Conventional,68,0.7936,0.005723618435919711,0.7823817078655974,0.8048182921344026,0.995,712.0349912088234,2500,5000
Multivariate region null,Anytime-valid,69,0,0,0,0,0.995,712.0349912088234,2500,5000
Multivariate region null,Conventional,69,0.7944,0.00571539394967661,0.7831978278586338,0.8056021721413662,0.995,712.0349912088234,2500,5000
Multivariate region null,Anytime-valid,70,0,0,0,0,0.995,712.0349912088234,2500,5000
Multivariate region null,Conventional,70,0.7944,0.00571539394967661,0.7831978278586338,0.8056021721413662,0.995,712.0349912088234,2500,5000
Multivariate region null,Anytime-valid,71,0,0,0,0,0.995,712.0349912088234,2500,5000
Multivariate region null,Conventional,71,0.7944,0.00571539394967661,0.7831978278586338,0.8056021721413662,0.995,712.0349912088234,2500,5000
Multivariate region null,Anytime-valid,72,0,0,0,0,0.995,712.0349912088234,2500,5000
Multivariate region null,Conventional,72,0.795,0.0057092030967552726,0.7838099619303597,0.8061900380696404,0.995,712.0349912088234,2500,5000
Multivariate region null,Anytime-valid,73,0,0,0,0,0.995,712.0349912088234,2500,5000
Multivariate region null,Conventional,73,0.7954,0.005705065117945631,0.7842180723688266,0.8065819276311734,0.995,712.0349912088234,2500,5000
Multivariate region null,Anytime-valid,74,0,0,0,0,0.995,712.0349912088234,2500,5000
Multivariate region null,Conventional,74,0.7958,0.005700918522483899,0.7846261996959315,0.8069738003040684,0.995,712.0349912088234,2500,5000
Multivariate region null,Anytime-valid,75,0,0,0,0,0.995,712.0349912088234,2500,5000
Multivariate region null,Conventional,75,0.7962,0.005696763291554248,0.7850343439485536,0.8073656560514464,0.995,712.0349912088234,2500,5000
Multivariate region null,Anytime-valid,76,0,0,0,0,0.995,712.0349912088234,2500,5000
Multivariate region null,Conventional,76,0.7966,0.005692599406246676,0.7854425051637565,0.8077574948362435,0.995,712.0349912088234,2500,5000
Multivariate region null,Anytime-valid,77,0,0,0,0,0.995,712.0349912088234,2500,5000
Multivariate region null,Conventional,77,0.7968,0.0056905142122658835,0.7856465921439588,0.8079534078560411,0.995,712.0349912088234,2500,5000
Multivariate region null,Anytime-valid,78,0,0,0,0,0.995,712.0349912088234,2500,5000
Multivariate region null,Conventional,78,0.797,0.00568842684755636,0.7858506833787896,0.8081493166212105,0.995,712.0349912088234,2500,5000
Multivariate region null,Anytime-valid,79,0,0,0,0,0.995,712.0349912088234,2500,5000
Multivariate region null,Conventional,79,0.7974,0.005684245596383041,0.7862588786310892,0.8085411213689108,0.995,712.0349912088234,2500,5000
Multivariate region null,Anytime-valid,80,0,0,0,0,0.995,712.0349912088234,2500,5000
Multivariate region null,Conventional,80,0.7974,0.005684245596383041,0.7862588786310892,0.8085411213689108,0.995,712.0349912088234,2500,5000
Multivariate region null,Anytime-valid,81,0,0,0,0,0.995,712.0349912088234,2500,5000
Multivariate region null,Conventional,81,0.7978,0.0056800556335303625,0.7866670909582805,0.8089329090417194,0.995,712.0349912088234,2500,5000
Multivariate region null,Anytime-valid,82,0,0,0,0,0.995,712.0349912088234,2500,5000
Multivariate region null,Conventional,82,0.798,0.0056779573791989665,0.7868712035367701,0.80912879646323,0.995,712.0349912088234,2500,5000
Multivariate region null,Anytime-valid,83,0,0,0,0,0.995,712.0349912088234,2500,5000
Multivariate region null,Conventional,83,0.798,0.0056779573791989665,0.7868712035367701,0.80912879646323,0.995,712.0349912088234,2500,5000
Multivariate region null,Anytime-valid,84,0,0,0,0,0.995,712.0349912088234,2500,5000
Multivariate region null,Conventional,84,0.7982,0.0056758569397052285,0.7870753203981777,0.8093246796018223,0.995,712.0349912088234,2500,5000
Multivariate region null,Anytime-valid,85,0,0,0,0,0.995,712.0349912088234,2500,5000
Multivariate region null,Conventional,85,0.799,0.005667433281477603,0.7878918307683039,0.8101081692316962,0.995,712.0349912088234,2500,5000
Multivariate region null,Anytime-valid,86,0,0,0,0,0.995,712.0349912088234,2500,5000
Multivariate region null,Conventional,86,0.7992,0.00566532187964638,0.7880959691158931,0.810304030884107,0.995,712.0349912088234,2500,5000
Multivariate region null,Anytime-valid,87,0,0,0,0,0.995,712.0349912088234,2500,5000
Multivariate region null,Conventional,87,0.7996,0.0056610924740724735,0.788504258750818,0.810695741249182,0.995,712.0349912088234,2500,5000
Multivariate region null,Anytime-valid,88,0,0,0,0,0.995,712.0349912088234,2500,5000
Multivariate region null,Conventional,88,0.8002,0.005654731823879891,0.7891167256251954,0.8112832743748046,0.995,712.0349912088234,2500,5000
Multivariate region null,Anytime-valid,89,0,0,0,0,0.995,712.0349912088234,2500,5000
Multivariate region null,Conventional,89,0.8002,0.005654731823879891,0.7891167256251954,0.8112832743748046,0.995,712.0349912088234,2500,5000
Multivariate region null,Anytime-valid,90,0,0,0,0,0.995,712.0349912088234,2500,5000
Multivariate region null,Conventional,90,0.8002,0.005654731823879891,0.7891167256251954,0.8112832743748046,0.995,712.0349912088234,2500,5000
Multivariate region null,Anytime-valid,91,0,0,0,0,0.995,712.0349912088234,2500,5000
Multivariate region null,Conventional,91,0.8002,0.005654731823879891,0.7891167256251954,0.8112832743748046,0.995,712.0349912088234,2500,5000
Multivariate region null,Anytime-valid,92,0,0,0,0,0.995,712.0349912088234,2500,5000
Multivariate region null,Conventional,92,0.8002,0.005654731823879891,0.7891167256251954,0.8112832743748046,0.995,712.0349912088234,2500,5000
Multivariate region null,Anytime-valid,93,0,0,0,0,0.995,712.0349912088234,2500,5000
Multivariate region null,Conventional,93,0.8006,0.005650480333564572,0.7895250585462135,0.8116749414537865,0.995,712.0349912088234,2500,5000
Multivariate region null,Anytime-valid,94,0,0,0,0,0.995,712.0349912088234,2500,5000
Multivariate region null,Conventional,94,0.801,0.00564621997446079,0.7899334088500569,0.8120665911499432,0.995,712.0349912088234,2500,5000
Multivariate region null,Anytime-valid,95,0,0,0,0,0.995,712.0349912088234,2500,5000
Multivariate region null,Conventional,95,0.8012,0.0056440864628387825,0.790137590532836,0.812262409467164,0.995,712.0349912088234,2500,5000
Multivariate region null,Anytime-valid,96,0,0,0,0,0.995,712.0349912088234,2500,5000
Multivariate region null,Conventional,96,0.8014,0.0056419507264775,0.790341776576104,0.812458223423896,0.995,712.0349912088234,2500,5000
Multivariate region null,Anytime-valid,97,0,0,0,0,0.995,712.0349912088234,2500,5000
Multivariate region null,Conventional,97,0.8018,0.005637672569420825,0.7907501617639351,0.8128498382360648,0.995,712.0349912088234,2500,5000
Multivariate region null,Anytime-valid,98,0,0,0,0,0.995,712.0349912088234,2500,5000
Multivariate region null,Conventional,98,0.8022,0.00563338548299333,0.7911585644533331,0.813241435546667,0.995,712.0349912088234,2500,5000
Multivariate region null,Anytime-valid,99,0,0,0,0,0.995,712.0349912088234,2500,5000
Multivariate region null,Conventional,99,0.8024,0.005631238584894091,0.7913627723736076,0.8134372276263924,0.995,712.0349912088234,2500,5000
Multivariate region null,Anytime-valid,100,0,0,0,0,0.995,712.0349912088234,2500,5000
Multivariate region null,Conventional,100,0.8026,0.005629089446793327,0.7915669846842851,0.8136330153157149,0.995,712.0349912088234,2500,5000
Multivariate region null,Anytime-valid,101,0,0,0,0,0.995,712.0349912088234,2500,5000
Multivariate region null,Conventional,101,0.8028,0.005626938066124418,0.7917712013903961,0.8138287986096038,0.995,712.0349912088234,2500,5000
Multivariate region null,Anytime-valid,102,0,0,0,0,0.995,712.0349912088234,2500,5000
Multivariate region null,Conventional,102,0.8028,0.005626938066124418,0.7917712013903961,0.8138287986096038,0.995,712.0349912088234,2500,5000
Multivariate region null,Anytime-valid,103,0,0,0,0,0.995,712.0349912088234,2500,5000
Multivariate region null,Conventional,103,0.803,0.005624784440314135,0.7919754224969844,0.8140245775030157,0.995,712.0349912088234,2500,5000
Multivariate region null,Anytime-valid,104,0,0,0,0,0.995,712.0349912088234,2500,5000
Multivariate region null,Conventional,104,0.8032,0.005622628566782621,0.7921796480091061,0.8142203519908939,0.995,712.0349912088234,2500,5000
Multivariate region null,Anytime-valid,105,0,0,0,0,0.995,712.0349912088234,2500,5000
Multivariate region null,Conventional,105,0.8032,0.005622628566782621,0.7921796480091061,0.8142203519908939,0.995,712.0349912088234,2500,5000
Multivariate region null,Anytime-valid,106,0,0,0,0,0.995,712.0349912088234,2500,5000
Multivariate region null,Conventional,106,0.8036,0.005618310066203182,0.7925881122702417,0.8146118877297582,0.995,712.0349912088234,2500,5000
Multivariate region null,Anytime-valid,107,0,0,0,0,0.995,712.0349912088234,2500,5000
Multivariate region null,Conventional,107,0.8038,0.005616147433962182,0.7927923510294341,0.8148076489705658,0.995,712.0349912088234,2500,5000
Multivariate region null,Anytime-valid,108,0,0,0,0,0.995,712.0349912088234,2500,5000
Multivariate region null,Conventional,108,0.804,0.005613982543613757,0.7929965942145171,0.815003405785483,0.995,712.0349912088234,2500,5000
Multivariate region null,Anytime-valid,109,0,0,0,0,0.995,712.0349912088234,2500,5000
Multivariate region null,Conventional,109,0.804,0.005613982543613757,0.7929965942145171,0.815003405785483,0.995,712.0349912088234,2500,5000
Multivariate region null,Anytime-valid,110,0,0,0,0,0.995,712.0349912088234,2500,5000
Multivariate region null,Conventional,110,0.8044,0.005609645978134449,0.7934050938828565,0.8153949061171435,0.995,712.0349912088234,2500,5000
Multivariate region null,Anytime-valid,111,0,0,0,0,0.995,712.0349912088234,2500,5000
Multivariate region null,Conventional,111,0.805,0.005603124128555425,0.7940178767080314,0.8159821232919687,0.995,712.0349912088234,2500,5000
Multivariate region null,Anytime-valid,112,0,0,0,0,0.995,712.0349912088234,2500,5000
Multivariate region null,Conventional,112,0.8052,0.005600945634444241,0.7942221465564893,0.8161778534435108,0.995,712.0349912088234,2500,5000
Multivariate region null,Anytime-valid,114,0,0,0,0,0.995,712.0349912088234,2500,5000
Multivariate region null,Conventional,114,0.8052,0.005600945634444241,0.7942221465564893,0.8161778534435108,0.995,712.0349912088234,2500,5000
Multivariate region null,Anytime-valid,115,0,0,0,0,0.995,712.0349912088234,2500,5000
Multivariate region null,Conventional,115,0.8054,0.005598764863789156,0.7944264208669732,0.8163735791330268,0.995,712.0349912088234,2500,5000
Multivariate region null,Anytime-valid,116,0,0,0,0,0.995,712.0349912088234,2500,5000
Multivariate region null,Conventional,116,0.8056,0.0055965818139289275,0.7946306996446992,0.8165693003553007,0.995,712.0349912088234,2500,5000
Multivariate region null,Anytime-valid,117,0,0,0,0,0.995,712.0349912088234,2500,5000
Multivariate region null,Conventional,117,0.8062,0.005590018962400753,0.7952435628336946,0.8171564371663055,0.995,712.0349912088234,2500,5000
Multivariate region null,Anytime-valid,118,0,0,0,0,0.995,712.0349912088234,2500,5000
Multivariate region null,Conventional,118,0.8066,0.005585632282920172,0.7956521607254764,0.8175478392745236,0.995,712.0349912088234,2500,5000
Multivariate region null,Anytime-valid,119,0,0,0,0,0.995,712.0349912088234,2500,5000
Multivariate region null,Conventional,119,0.807,0.005581236422155936,0.7960607766125745,0.8179392233874256,0.995,712.0349912088234,2500,5000
Multivariate region null,Anytime-valid,121,0,0,0,0,0.995,712.0349912088234,2500,5000
Multivariate region null,Conventional,121,0.807,0.005581236422155936,0.7960607766125745,0.8179392233874256,0.995,712.0349912088234,2500,5000
Multivariate region null,Anytime-valid,122,0,0,0,0,0.995,712.0349912088234,2500,5000
Multivariate region null,Conventional,122,0.8072,0.005579035042012194,0.7962650913176561,0.818134908682344,0.995,712.0349912088234,2500,5000
Multivariate region null,Anytime-valid,123,0,0,0,0,0.995,712.0349912088234,2500,5000
Multivariate region null,Conventional,123,0.8076,0.005574625368578592,0.7966737342775859,0.818526265722414,0.995,712.0349912088234,2500,5000
Multivariate region null,Anytime-valid,124,0,0,0,0,0.995,712.0349912088234,2500,5000
Multivariate region null,Conventional,124,0.8078,0.0055724170698180885,0.7968780625431565,0.8187219374568434,0.995,712.0349912088234,2500,5000
Multivariate region null,Anytime-valid,125,0,0,0,0,0.995,712.0349912088234,2500,5000
Multivariate region null,Conventional,125,0.8078,0.0055724170698180885,0.7968780625431565,0.8187219374568434,0.995,712.0349912088234,2500,5000
Multivariate region null,Anytime-valid,127,0,0,0,0,0.995,712.0349912088234,2500,5000
Multivariate region null,Conventional,127,0.8084,0.00556577829238643,0.7974910745469226,0.8193089254530774,0.995,712.0349912088234,2500,5000
Multivariate region null,Anytime-valid,128,0,0,0,0,0.995,712.0349912088234,2500,5000
Multivariate region null,Conventional,128,0.8088,0.005561340845515585,0.7978997719427894,0.8197002280572105,0.995,712.0349912088234,2500,5000
Multivariate region null,Anytime-valid,129,0,0,0,0,0.995,712.0349912088234,2500,5000
Multivariate region null,Conventional,129,0.8088,0.005561340845515585,0.7978997719427894,0.8197002280572105,0.995,712.0349912088234,2500,5000
Multivariate region null,Anytime-valid,131,0,0,0,0,0.995,712.0349912088234,2500,5000
Multivariate region null,Conventional,131,0.809,0.0055591186351795,0.7981041274750482,0.8198958725249519,0.995,712.0349912088234,2500,5000
Multivariate region null,Anytime-valid,132,0,0,0,0,0.995,712.0349912088234,2500,5000
Multivariate region null,Conventional,132,0.8092,0.005556894096525504,0.7983084875708101,0.82009151242919,0.995,712.0349912088234,2500,5000
Multivariate region null,Anytime-valid,133,0,0,0,0,0.995,712.0349912088234,2500,5000
Multivariate region null,Conventional,133,0.8092,0.005556894096525504,0.7983084875708101,0.82009151242919,0.995,712.0349912088234,2500,5000
Multivariate region null,Anytime-valid,135,0,0,0,0,0.995,712.0349912088234,2500,5000
Multivariate region null,Conventional,135,0.8096,0.005552438023066984,0.7987172214747887,0.8204827785252112,0.995,712.0349912088234,2500,5000
Multivariate region null,Anytime-valid,136,0,0,0,0,0.995,712.0349912088234,2500,5000
Multivariate region null,Conventional,136,0.8096,0.005552438023066984,0.7987172214747887,0.8204827785252112,0.995,712.0349912088234,2500,5000
Multivariate region null,Anytime-valid,137,0,0,0,0,0.995,712.0349912088234,2500,5000
Multivariate region null,Conventional,137,0.8102,0.005545736380319569,0.7993303566945736,0.8210696433054264,0.995,712.0349912088234,2500,5000
Multivariate region null,Anytime-valid,139,0,0,0,0,0.995,712.0349912088234,2500,5000
Multivariate region null,Conventional,139,0.8106,0.005541256897130831,0.7997391364816235,0.8214608635183764,0.995,712.0349912088234,2500,5000
Multivariate region null,Anytime-valid,140,0,0,0,0,0.995,712.0349912088234,2500,5000
Multivariate region null,Conventional,140,0.8106,0.005541256897130831,0.7997391364816235,0.8214608635183764,0.995,712.0349912088234,2500,5000
Multivariate region null,Anytime-valid,142,0,0,0,0,0.995,712.0349912088234,2500,5000
Multivariate region null,Conventional,142,0.8112,0.005534520033390429,0.8003523407345547,0.8220476592654453,0.995,712.0349912088234,2500,5000
Multivariate region null,Anytime-valid,143,0,0,0,0,0.995,712.0349912088234,2500,5000
Multivariate region null,Conventional,143,0.8114,0.005532269696968867,0.800556751393941,0.822243248606059,0.995,712.0349912088234,2500,5000
Multivariate region null,Anytime-valid,144,0,0,0,0,0.995,712.0349912088234,2500,5000
Multivariate region null,Conventional,144,0.8116,0.005530016998165557,0.8007611666835955,0.8224388333164044,0.995,712.0349912088234,2500,5000
Multivariate region null,Anytime-valid,146,0,0,0,0,0.995,712.0349912088234,2500,5000
Multivariate region null,Conventional,146,0.8116,0.005530016998165557,0.8007611666835955,0.8224388333164044,0.995,712.0349912088234,2500,5000
Multivariate region null,Anytime-valid,147,0,0,0,0,0.995,712.0349912088234,2500,5000
Multivariate region null,Conventional,147,0.8118,0.005527761934092315,0.800965586609179,0.8226344133908209,0.995,712.0349912088234,2500,5000
Multivariate region null,Anytime-valid,149,0,0,0,0,0.995,712.0349912088234,2500,5000
Multivariate region null,Conventional,149,0.812,0.005525504501853201,0.8011700111763678,0.8228299888236323,0.995,712.0349912088234,2500,5000
Multivariate region null,Anytime-valid,150,0,0,0,0,0.995,712.0349912088234,2500,5000
Multivariate region null,Conventional,150,0.8124,0.0055209825212547085,0.8015788742583407,0.8232211257416593,0.995,712.0349912088234,2500,5000
Multivariate region null,Anytime-valid,152,0,0,0,0,0.995,712.0349912088234,2500,5000
Multivariate region null,Conventional,152,0.8126,0.005518717967064452,0.8017833127845536,0.8234166872154464,0.995,712.0349912088234,2500,5000
Multivariate region null,Anytime-valid,153,0,0,0,0,0.995,712.0349912088234,2500,5000
Multivariate region null,Conventional,153,0.8128,0.005516451033046519,0.8019877559752288,0.8236122440247712,0.995,712.0349912088234,2500,5000
Multivariate region null,Anytime-valid,155,0,0,0,0,0.995,712.0349912088234,2500,5000
Multivariate region null,Conventional,155,0.813,0.005514181716265797,0.802192203836119,0.8238077961638809,0.995,712.0349912088234,2500,5000
Multivariate region null,Anytime-valid,156,0,0,0,0,0.995,712.0349912088234,2500,5000
Multivariate region null,Conventional,156,0.813,0.005514181716265797,0.802192203836119,0.8238077961638809,0.995,712.0349912088234,2500,5000
Multivariate region null,Anytime-valid,158,0,0,0,0,0.995,712.0349912088234,2500,5000
Multivariate region null,Conventional,158,0.8132,0.005511910013779252,0.8023966563729927,0.8240033436270073,0.995,712.0349912088234,2500,5000
Multivariate region null,Anytime-valid,160,0,0,0,0,0.995,712.0349912088234,2500,5000
Multivariate region null,Conventional,160,0.8138,0.005505080562534939,0.8030100420974315,0.8245899579025684,0.995,712.0349912088234,2500,5000
Multivariate region null,Anytime-valid,161,0,0,0,0,0.995,712.0349912088234,2500,5000
Multivariate region null,Conventional,161,0.8144,0.00549822953322249,0.8036234701148839,0.8251765298851161,0.995,712.0349912088234,2500,5000
Multivariate region null,Anytime-valid,163,0,0,0,0,0.995,712.0349912088234,2500,5000
Multivariate region null,Conventional,163,0.815,0.005491356845079366,0.8042369405836444,0.8257630594163555,0.995,712.0349912088234,2500,5000
Multivariate region null,Anytime-valid,164,0,0,0,0,0.995,712.0349912088234,2500,5000
Multivariate region null,Conventional,164,0.8152,0.005489061121904182,0.8044414402010679,0.8259585597989322,0.995,712.0349912088234,2500,5000
Multivariate region null,Anytime-valid,166,0,0,0,0,0.995,712.0349912088234,2500,5000
Multivariate region null,Conventional,166,0.8154,0.005486762980118605,0.8046459445589675,0.8261540554410325,0.995,712.0349912088234,2500,5000
Multivariate region null,Anytime-valid,168,0,0,0,0,0.995,712.0349912088234,2500,5000
Multivariate region null,Conventional,168,0.816,0.005479854012653987,0.8052594861351982,0.8267405138648017,0.995,712.0349912088234,2500,5000
Multivariate region null,Anytime-valid,169,0,0,0,0,0.995,712.0349912088234,2500,5000
Multivariate region null,Conventional,169,0.8164,0.005475235885329508,0.8056685376647542,0.8271314623352458,0.995,712.0349912088234,2500,5000
Multivariate region null,Anytime-valid,171,0,0,0,0,0.995,712.0349912088234,2500,5000
Multivariate region null,Conventional,171,0.8166,0.005472923167741349,0.8058730705912269,0.8273269294087731,0.995,712.0349912088234,2500,5000
Multivariate region null,Anytime-valid,173,0,0,0,0,0.995,712.0349912088234,2500,5000
Multivariate region null,Conventional,173,0.8172,0.005465970362158946,0.8064866980901685,0.8279133019098316,0.995,712.0349912088234,2500,5000
Multivariate region null,Anytime-valid,175,0,0,0,0,0.995,712.0349912088234,2500,5000
Multivariate region null,Conventional,175,0.8174,0.005463647865666307,0.806691250183294,0.828108749816706,0.995,712.0349912088234,2500,5000
Multivariate region null,Anytime-valid,176,0,0,0,0,0.995,712.0349912088234,2500,5000
Multivariate region null,Conventional,176,0.8176,0.0054613229166567325,0.8068958070833528,0.8283041929166471,0.995,712.0349912088234,2500,5000
Multivariate region null,Anytime-valid,178,0,0,0,0,0.995,712.0349912088234,2500,5000
Multivariate region null,Conventional,178,0.8176,0.0054613229166567325,0.8068958070833528,0.8283041929166471,0.995,712.0349912088234,2500,5000
Multivariate region null,Anytime-valid,180,0,0,0,0,0.995,712.0349912088234,2500,5000
Multivariate region null,Conventional,180,0.8178,0.00545899551199669,0.8071003687964865,0.8284996312035134,0.995,712.0349912088234,2500,5000
Multivariate region null,Anytime-valid,182,0,0,0,0,0.995,712.0349912088234,2500,5000
Multivariate region null,Conventional,182,0.818,0.0054566656485439905,0.8073049353288537,0.8286950646711462,0.995,712.0349912088234,2500,5000
Multivariate region null,Anytime-valid,184,0,0,0,0,0.995,712.0349912088234,2500,5000
Multivariate region null,Conventional,184,0.8182,0.005454333323147752,0.8075095066866305,0.8288904933133696,0.995,712.0349912088234,2500,5000
Multivariate region null,Anytime-valid,186,0,0,0,0,0.995,712.0349912088234,2500,5000
Multivariate region null,Conventional,186,0.8182,0.005454333323147752,0.8075095066866305,0.8288904933133696,0.995,712.0349912088234,2500,5000
Multivariate region null,Anytime-valid,187,0,0,0,0,0.995,712.0349912088234,2500,5000
Multivariate region null,Conventional,187,0.8184,0.005451998532648372,0.8077140828760092,0.8290859171239908,0.995,712.0349912088234,2500,5000
Multivariate region null,Anytime-valid,189,0,0,0,0,0.995,712.0349912088234,2500,5000
Multivariate region null,Conventional,189,0.819,0.005444979338803776,0.8083278404959445,0.8296721595040554,0.995,712.0349912088234,2500,5000
Multivariate region null,Anytime-valid,191,0,0,0,0,0.995,712.0349912088234,2500,5000
Multivariate region null,Conventional,191,0.8192,0.00544263465612014,0.8085324360740046,0.8298675639259955,0.995,712.0349912088234,2500,5000
Multivariate region null,Anytime-valid,193,0,0,0,0,0.995,712.0349912088234,2500,5000
Multivariate region null,Conventional,193,0.8192,0.00544263465612014,0.8085324360740046,0.8298675639259955,0.995,712.0349912088234,2500,5000
Multivariate region null,Anytime-valid,195,0,0,0,0,0.995,712.0349912088234,2500,5000
Multivariate region null,Conventional,195,0.8194,0.00544028749240332,0.8087370365148895,0.8300629634851105,0.995,712.0349912088234,2500,5000
Multivariate region null,Anytime-valid,197,0,0,0,0,0.995,712.0349912088234,2500,5000
Multivariate region null,Conventional,197,0.8198,0.005435585709010576,0.8091462520103393,0.8304537479896607,0.995,712.0349912088234,2500,5000
Multivariate region null,Anytime-valid,199,0,0,0,0,0.995,712.0349912088234,2500,5000
Multivariate region null,Conventional,199,0.8202,0.005430873962816666,0.8095554870328794,0.8308445129671207,0.995,712.0349912088234,2500,5000
Multivariate region null,Anytime-valid,201,0,0,0,0,0.995,712.0349912088234,2500,5000
Multivariate region null,Conventional,201,0.8202,0.005430873962816666,0.8095554870328794,0.8308445129671207,0.995,712.0349912088234,2500,5000
Multivariate region null,Anytime-valid,203,0,0,0,0,0.995,712.0349912088234,2500,5000
Multivariate region null,Conventional,203,0.8202,0.005430873962816666,0.8095554870328794,0.8308445129671207,0.995,712.0349912088234,2500,5000
Multivariate region null,Anytime-valid,205,0,0,0,0,0.995,712.0349912088234,2500,5000
Multivariate region null,Conventional,205,0.8208,0.005423787606461006,0.8101693762913365,0.8314306237086635,0.995,712.0349912088234,2500,5000
Multivariate region null,Anytime-valid,207,0,0,0,0,0.995,712.0349912088234,2500,5000
Multivariate region null,Conventional,207,0.821,0.005421420478066611,0.8103740158629894,0.8316259841370105,0.995,712.0349912088234,2500,5000
Multivariate region null,Anytime-valid,209,0,0,0,0,0.995,712.0349912088234,2500,5000
Multivariate region null,Conventional,209,0.821,0.005421420478066611,0.8103740158629894,0.8316259841370105,0.995,712.0349912088234,2500,5000
Multivariate region null,Anytime-valid,211,0,0,0,0,0.995,712.0349912088234,2500,5000
Multivariate region null,Conventional,211,0.821,0.005421420478066611,0.8103740158629894,0.8316259841370105,0.995,712.0349912088234,2500,5000
Multivariate region null,Anytime-valid,213,0,0,0,0,0.995,712.0349912088234,2500,5000
Multivariate region null,Conventional,213,0.821,0.005421420478066611,0.8103740158629894,0.8316259841370105,0.995,712.0349912088234,2500,5000
Multivariate region null,Anytime-valid,216,0,0,0,0,0.995,712.0349912088234,2500,5000
Multivariate region null,Conventional,216,0.8212,0.005419050839399829,0.8105786603547763,0.8318213396452238,0.995,712.0349912088234,2500,5000
Multivariate region null,Anytime-valid,218,0,0,0,0,0.995,712.0349912088234,2500,5000
Multivariate region null,Conventional,218,0.8214,0.005416678687166149,0.8107833097731544,0.8320166902268457,0.995,712.0349912088234,2500,5000
Multivariate region null,Anytime-valid,220,0,0,0,0,0.995,712.0349912088234,2500,5000
Multivariate region null,Conventional,220,0.8216,0.0054143040180617856,0.810987964124599,0.832212035875401,0.995,712.0349912088234,2500,5000
Multivariate region null,Anytime-valid,222,0,0,0,0,0.995,712.0349912088234,2500,5000
Multivariate region null,Conventional,222,0.822,0.005409547115979304,0.8113972876526805,0.8326027123473194,0.995,712.0349912088234,2500,5000
Multivariate region null,Anytime-valid,224,0,0,0,0,0.995,712.0349912088234,2500,5000
Multivariate region null,Conventional,224,0.822,0.005409547115979304,0.8113972876526805,0.8326027123473194,0.995,712.0349912088234,2500,5000
Multivariate region null,Anytime-valid,227,0,0,0,0,0.995,712.0349912088234,2500,5000
Multivariate region null,Conventional,227,0.822,0.005409547115979304,0.8113972876526805,0.8326027123473194,0.995,712.0349912088234,2500,5000
Multivariate region null,Anytime-valid,229,0,0,0,0,0.995,712.0349912088234,2500,5000
Multivariate region null,Conventional,229,0.822,0.005409547115979304,0.8113972876526805,0.8326027123473194,0.995,712.0349912088234,2500,5000
Multivariate region null,Anytime-valid,231,0,0,0,0,0.995,712.0349912088234,2500,5000
Multivariate region null,Conventional,231,0.822,0.005409547115979304,0.8113972876526805,0.8326027123473194,0.995,712.0349912088234,2500,5000
Multivariate region null,Anytime-valid,234,0,0,0,0,0.995,712.0349912088234,2500,5000
Multivariate region null,Conventional,234,0.8222,0.005407164876346938,0.81160195684236,0.83279804315764006,0.995,712.0349912088234,2500,5000
Multivariate region null,Anytime-valid,236,0,0,0,0,0.995,712.0349912088234,2500,5000
Multivariate region null,Conventional,236,0.8226,0.005402392803193785,0.8120113101057402,0.8331886898942598,0.995,712.0349912088234,2500,5000
Multivariate region null,Anytime-valid,238,0,0,0,0,0.995,712.0349912088234,2500,5000
Multivariate region null,Conventional,238,0.8226,0.005402392803193785,0.8120113101057402,0.8331886898942598,0.995,712.0349912088234,2500,5000
Multivariate region null,Anytime-valid,241,0,0,0,0,0.995,712.0349912088234,2500,5000
Multivariate region null,Conventional,241,0.8228,0.00540000296296215,0.8122159941925942,0.8333840058074058,0.995,712.0349912088234,2500,5000
Multivariate region null,Anytime-valid,243,0,0,0,0,0.995,712.0349912088234,2500,5000
Multivariate region null,Conventional,243,0.823,0.005397610582470729,0.8124206832583574,0.8335793167416425,0.995,712.0349912088234,2500,5000
Multivariate region null,Anytime-valid,246,0,0,0,0,0.995,712.0349912088234,2500,5000
Multivariate region null,Conventional,246,0.8232,0.005395215658340266,0.8126253773096531,0.833774622690347,0.995,712.0349912088234,2500,5000
Multivariate region null,Anytime-valid,248,0,0,0,0,0.995,712.0349912088234,2500,5000
Multivariate region null,Conventional,248,0.8234,0.005392818187181911,0.8128300763531234,0.8339699236468766,0.995,712.0349912088234,2500,5000
Multivariate region null,Anytime-valid,251,0,0,0,0,0.995,712.0349912088234,2500,5000
Multivariate region null,Conventional,251,0.8242,0.0053832027641544395,0.8136489225822573,0.8347510774177428,0.995,712.0349912088234,2500,5000
Multivariate region null,Anytime-valid,253,0,0,0,0,0.995,712.0349912088234,2500,5000
Multivariate region null,Conventional,253,0.8246,0.005378379681651343,0.8140583758239633,0.8351416241760367,0.995,712.0349912088234,2500,5000
Multivariate region null,Anytime-valid,256,0,0,0,0,0.995,712.0349912088234,2500,5000
Multivariate region null,Conventional,256,0.8248,0.005375964285595655,0.8142631100002324,0.8353368899997675,0.995,712.0349912088234,2500,5000
Multivariate region null,Anytime-valid,258,0,0,0,0,0.995,712.0349912088234,2500,5000
Multivariate region null,Conventional,258,0.8248,0.005375964285595655,0.8142631100002324,0.8353368899997675,0.995,712.0349912088234,2500,5000
Multivariate region null,Anytime-valid,261,0,0,0,0,0.995,712.0349912088234,2500,5000
Multivariate region null,Conventional,261,0.8256,0.005366276921665523,0.8150820972335355,0.8361179027664645,0.995,712.0349912088234,2500,5000
Multivariate region null,Anytime-valid,263,0,0,0,0,0.995,712.0349912088234,2500,5000
Multivariate region null,Conventional,263,0.8258,0.005363848618296382,0.815286856708139,0.8363131432918609,0.995,712.0349912088234,2500,5000
Multivariate region null,Anytime-valid,266,0,0,0,0,0.995,712.0349912088234,2500,5000
Multivariate region null,Conventional,266,0.8258,0.005363848618296382,0.815286856708139,0.8363131432918609,0.995,712.0349912088234,2500,5000
Multivariate region null,Anytime-valid,269,0,0,0,0,0.995,712.0349912088234,2500,5000
Multivariate region null,Conventional,269,0.8258,0.005363848618296382,0.815286856708139,0.8363131432918609,0.995,712.0349912088234,2500,5000
Multivariate region null,Anytime-valid,272,0,0,0,0,0.995,712.0349912088234,2500,5000
Multivariate region null,Conventional,272,0.8264,0.005356548142227417,0.8159011656412343,0.8368988343587658,0.995,712.0349912088234,2500,5000
Multivariate region null,Anytime-valid,274,0,0,0,0,0.995,712.0349912088234,2500,5000
Multivariate region null,Conventional,274,0.827,0.005349224242822506,0.8165155204840678,0.8374844795159321,0.995,712.0349912088234,2500,5000
Multivariate region null,Anytime-valid,277,0,0,0,0,0.995,712.0349912088234,2500,5000
Multivariate region null,Conventional,277,0.8274,0.005344328582712706,0.8169251159778831,0.837874884022117,0.995,712.0349912088234,2500,5000
Multivariate region null,Anytime-valid,280,0,0,0,0,0.995,712.0349912088234,2500,5000
Multivariate region null,Conventional,280,0.8276,0.0053418768237390125,0.8171299214254716,0.8380700785745284,0.995,712.0349912088234,2500,5000
Multivariate region null,Anytime-valid,283,0,0,0,0,0.995,712.0349912088234,2500,5000
Multivariate region null,Conventional,283,0.8278,0.0053394224406765195,0.817334732016274,0.8382652679837259,0.995,712.0349912088234,2500,5000
Multivariate region null,Anytime-valid,285,0,0,0,0,0.995,712.0349912088234,2500,5000
Multivariate region null,Conventional,285,0.8284,0.0053320435107001895,0.8179491947190276,0.8388508052809724,0.995,712.0349912088234,2500,5000
Multivariate region null,Anytime-valid,288,0,0,0,0,0.995,712.0349912088234,2500,5000
Multivariate region null,Conventional,288,0.8292,0.005322167979310686,0.8187685507605511,0.839631449239449,0.995,712.0349912088234,2500,5000
Multivariate region null,Anytime-valid,291,0,0,0,0,0.995,712.0349912088234,2500,5000
Multivariate region null,Conventional,291,0.8294,0.005319692472314541,0.8189734027542636,0.8398265972457365,0.995,712.0349912088234,2500,5000
Multivariate region null,Anytime-valid,294,0,0,0,0,0.995,712.0349912088234,2500,5000
Multivariate region null,Conventional,294,0.8298,0.005314733483440162,0.8193831223724573,0.8402168776275427,0.995,712.0349912088234,2500,5000
Multivariate region null,Anytime-valid,297,0,0,0,0,0.995,712.0349912088234,2500,5000
Multivariate region null,Conventional,297,0.8298,0.005314733483440162,0.8193831223724573,0.8402168776275427,0.995,712.0349912088234,2500,5000
Multivariate region null,Anytime-valid,300,0,0,0,0,0.995,712.0349912088234,2500,5000
Multivariate region null,Conventional,300,0.83,0.005312249994117371,0.8195879900115299,0.84041200998847,0.995,712.0349912088234,2500,5000
Multivariate region null,Anytime-valid,303,0,0,0,0,0.995,712.0349912088234,2500,5000
Multivariate region null,Conventional,303,0.8302,0.005309763836556198,0.8197928628803499,0.8406071371196502,0.995,712.0349912088234,2500,5000
Multivariate region null,Anytime-valid,306,0,0,0,0,0.995,712.0349912088234,2500,5000
Multivariate region null,Conventional,306,0.8304,0.005307275007006892,0.8199977409862665,0.8408022590137335,0.995,712.0349912088234,2500,5000
Multivariate region null,Anytime-valid,309,0,0,0,0,0.995,712.0349912088234,2500,5000
Multivariate region null,Conventional,309,0.8308,0.005302289316889451,0.8204075129388967,0.8411924870611033,0.995,712.0349912088234,2500,5000
Multivariate region null,Anytime-valid,312,0,0,0,0,0.995,712.0349912088234,2500,5000
Multivariate region null,Conventional,312,0.8308,0.005302289316889451,0.8204075129388967,0.8411924870611033,0.995,712.0349912088234,2500,5000
Multivariate region null,Anytime-valid,316,0,0,0,0,0.995,712.0349912088234,2500,5000
Multivariate region null,Conventional,316,0.8314,0.005294790647419404,0.821022210331058,0.841777789668942,0.995,712.0349912088234,2500,5000
Multivariate region null,Anytime-valid,319,2e-4,1.9997999899989998e-4,0,5.919607980398039e-4,0.995,712.0349912088234,2500,5000
Multivariate region null,Conventional,319,0.8318,0.005289778067178245,0.8214320349883306,0.8421679650116694,0.995,712.0349912088234,2500,5000
Multivariate region null,Anytime-valid,322,2e-4,1.9997999899989998e-4,0,5.919607980398039e-4,0.995,712.0349912088234,2500,5000
Multivariate region null,Conventional,322,0.8322,0.005284754677371504,0.8218418808323519,0.8425581191676482,0.995,712.0349912088234,2500,5000
Multivariate region null,Anytime-valid,325,2e-4,1.9997999899989998e-4,0,5.919607980398039e-4,0.995,712.0349912088234,2500,5000
Multivariate region null,Conventional,325,0.8324,0.005282238919246269,0.8220468117182773,0.8427531882817227,0.995,712.0349912088234,2500,5000
Multivariate region null,Anytime-valid,328,2e-4,1.9997999899989998e-4,0,5.919607980398039e-4,0.995,712.0349912088234,2500,5000
Multivariate region null,Conventional,328,0.8324,0.005282238919246269,0.8220468117182773,0.8427531882817227,0.995,712.0349912088234,2500,5000
Multivariate region null,Anytime-valid,332,2e-4,1.9997999899989998e-4,0,5.919607980398039e-4,0.995,712.0349912088234,2500,5000
Multivariate region null,Conventional,332,0.8328,0.005277199257181787,0.8224566894559237,0.8431433105440763,0.995,712.0349912088234,2500,5000
Multivariate region null,Anytime-valid,335,2e-4,1.9997999899989998e-4,0,5.919607980398039e-4,0.995,712.0349912088234,2500,5000
Multivariate region null,Conventional,335,0.833,0.005274675345459662,0.822661636322899,0.8433383636771009,0.995,712.0349912088234,2500,5000
Multivariate region null,Anytime-valid,339,2e-4,1.9997999899989998e-4,0,5.919607980398039e-4,0.995,712.0349912088234,2500,5000
Multivariate region null,Conventional,339,0.833,0.005274675345459662,0.822661636322899,0.8433383636771009,0.995,712.0349912088234,2500,5000
Multivariate region null,Anytime-valid,342,2e-4,1.9997999899989998e-4,0,5.919607980398039e-4,0.995,712.0349912088234,2500,5000
Multivariate region null,Conventional,342,0.833,0.005274675345459662,0.822661636322899,0.8433383636771009,0.995,712.0349912088234,2500,5000
Multivariate region null,Anytime-valid,345,2e-4,1.9997999899989998e-4,0,5.919607980398039e-4,0.995,712.0349912088234,2500,5000
Multivariate region null,Conventional,345,0.8332,0.005272148708069604,0.8228665885321836,0.8435334114678165,0.995,712.0349912088234,2500,5000
Multivariate region null,Anytime-valid,349,2e-4,1.9997999899989998e-4,0,5.919607980398039e-4,0.995,712.0349912088234,2500,5000
Multivariate region null,Conventional,349,0.8334,0.005269619341090967,0.8230715460914617,0.8437284539085383,0.995,712.0349912088234,2500,5000
Multivariate region null,Anytime-valid,352,2e-4,1.9997999899989998e-4,0,5.919607980398039e-4,0.995,712.0349912088234,2500,5000
Multivariate region null,Conventional,352,0.8334,0.005269619341090967,0.8230715460914617,0.8437284539085383,0.995,712.0349912088234,2500,5000
Multivariate region null,Anytime-valid,356,2e-4,1.9997999899989998e-4,0,5.919607980398039e-4,0.995,712.0349912088234,2500,5000
Multivariate region null,Conventional,356,0.8342,0.005259474498464652,0.8238914299830093,0.8445085700169908,0.995,712.0349912088234,2500,5000
Multivariate region null,Anytime-valid,360,2e-4,1.9997999899989998e-4,0,5.919607980398039e-4,0.995,712.0349912088234,2500,5000
Multivariate region null,Conventional,360,0.8346,0.00525438559681339,0.8243014042302458,0.8448985957697542,0.995,712.0349912088234,2500,5000
Multivariate region null,Anytime-valid,363,2e-4,1.9997999899989998e-4,0,5.919607980398039e-4,0.995,712.0349912088234,2500,5000
Multivariate region null,Conventional,363,0.8346,0.00525438559681339,0.8243014042302458,0.8448985957697542,0.995,712.0349912088234,2500,5000
Multivariate region null,Anytime-valid,367,2e-4,1.9997999899989998e-4,0,5.919607980398039e-4,0.995,712.0349912088234,2500,5000
Multivariate region null,Conventional,367,0.8348,0.005251837011941631,0.8245063994565944,0.8450936005434055,0.995,712.0349912088234,2500,5000
Multivariate region null,Anytime-valid,370,2e-4,1.9997999899989998e-4,0,5.919607980398039e-4,0.995,712.0349912088234,2500,5000
Multivariate region null,Conventional,370,0.8352,0.005246731554024847,0.8249164061541113,0.8454835938458888,0.995,712.0349912088234,2500,5000
Multivariate region null,Anytime-valid,374,2e-4,1.9997999899989998e-4,0,5.919607980398039e-4,0.995,712.0349912088234,2500,5000
Multivariate region null,Conventional,374,0.8352,0.005246731554024847,0.8249164061541113,0.8454835938458888,0.995,712.0349912088234,2500,5000
Multivariate region null,Anytime-valid,378,2e-4,1.9997999899989998e-4,0,5.919607980398039e-4,0.995,712.0349912088234,2500,5000
Multivariate region null,Conventional,378,0.8358,0.005239052586107531,0.8255314569312292,0.8460685430687708,0.995,712.0349912088234,2500,5000
Multivariate region null,Anytime-valid,382,2e-4,1.9997999899989998e-4,0,5.919607980398039e-4,0.995,712.0349912088234,2500,5000
Multivariate region null,Conventional,382,0.8362,0.005233919372707225,0.8259415180294939,0.8464584819705062,0.995,712.0349912088234,2500,5000
Multivariate region null,Anytime-valid,386,2e-4,1.9997999899989998e-4,0,5.919607980398039e-4,0.995,712.0349912088234,2500,5000
Multivariate region null,Conventional,386,0.8364,0.005231348583300485,0.8261465567767311,0.846653443223269,0.995,712.0349912088234,2500,5000
Multivariate region null,Anytime-valid,390,2e-4,1.9997999899989998e-4,0,5.919607980398039e-4,0.995,712.0349912088234,2500,5000
Multivariate region null,Conventional,390,0.8366,0.005228774999940234,0.8263516010001172,0.8468483989998828,0.995,712.0349912088234,2500,5000
Multivariate region null,Anytime-valid,393,2e-4,1.9997999899989998e-4,0,5.919607980398039e-4,0.995,712.0349912088234,2500,5000
Multivariate region null,Conventional,393,0.8368,0.005226198618498918,0.8265566507077421,0.8470433492922579,0.995,712.0349912088234,2500,5000
Multivariate region null,Anytime-valid,397,2e-4,1.9997999899989998e-4,0,5.919607980398039e-4,0.995,712.0349912088234,2500,5000
Multivariate region null,Conventional,397,0.8372,0.005221037444799644,0.8269667666081928,0.8474332333918073,0.995,712.0349912088234,2500,5000
Multivariate region null,Anytime-valid,401,2e-4,1.9997999899989998e-4,0,5.919607980398039e-4,0.995,712.0349912088234,2500,5000
Multivariate region null,Conventional,401,0.8374,0.00521845264422319,0.8271718328173225,0.8476281671826775,0.995,712.0349912088234,2500,5000
Multivariate region null,Anytime-valid,405,2e-4,1.9997999899989998e-4,0,5.919607980398039e-4,0.995,712.0349912088234,2500,5000
Multivariate region null,Conventional,405,0.8374,0.00521845264422319,0.8271718328173225,0.8476281671826775,0.995,712.0349912088234,2500,5000
Multivariate region null,Anytime-valid,410,2e-4,1.9997999899989998e-4,0,5.919607980398039e-4,0.995,712.0349912088234,2500,5000
Multivariate region null,Conventional,410,0.8378,0.00521327459472451,0.82758198179434,0.84801801820566,0.995,712.0349912088234,2500,5000
Multivariate region null,Anytime-valid,414,2e-4,1.9997999899989998e-4,0,5.919607980398039e-4,0.995,712.0349912088234,2500,5000
Multivariate region null,Conventional,414,0.8378,0.00521327459472451,0.82758198179434,0.84801801820566,0.995,712.0349912088234,2500,5000
Multivariate region null,Anytime-valid,418,2e-4,1.9997999899989998e-4,0,5.919607980398039e-4,0.995,712.0349912088234,2500,5000
Multivariate region null,Conventional,418,0.8378,0.00521327459472451,0.82758198179434,0.84801801820566,0.995,712.0349912088234,2500,5000
Multivariate region null,Anytime-valid,422,4e-4,2.8278613827413816e-4,0,9.542608310173109e-4,0.995,712.0349912088234,2500,5000
Multivariate region null,Conventional,422,0.8378,0.00521327459472451,0.82758198179434,0.84801801820566,0.995,712.0349912088234,2500,5000
Multivariate region null,Anytime-valid,426,4e-4,2.8278613827413816e-4,0,9.542608310173109e-4,0.995,712.0349912088234,2500,5000
Multivariate region null,Conventional,426,0.8382,0.005208085252758446,0.8279921529045934,0.8484078470954065,0.995,712.0349912088234,2500,5000
Multivariate region null,Anytime-valid,431,4e-4,2.8278613827413816e-4,0,9.542608310173109e-4,0.995,712.0349912088234,2500,5000
Multivariate region null,Conventional,431,0.8386,0.0052028845845357745,0.8284023462143099,0.8487976537856902,0.995,712.0349912088234,2500,5000
Multivariate region null,Anytime-valid,435,4e-4,2.8278613827413816e-4,0,9.542608310173109e-4,0.995,712.0349912088234,2500,5000
Multivariate region null,Conventional,435,0.8386,0.0052028845845357745,0.8284023462143099,0.8487976537856902,0.995,712.0349912088234,2500,5000
Multivariate region null,Anytime-valid,439,4e-4,2.8278613827413816e-4,0,9.542608310173109e-4,0.995,712.0349912088234,2500,5000
Multivariate region null,Conventional,439,0.8386,0.0052028845845357745,0.8284023462143099,0.8487976537856902,0.995,712.0349912088234,2500,5000
Multivariate region null,Anytime-valid,444,6e-4,3.4630622287218577e-4,0,0.001278760196829484,0.995,712.0349912088234,2500,5000
Multivariate region null,Conventional,444,0.8388,0.005200279992461945,0.8286074512147745,0.8489925487852255,0.995,712.0349912088234,2500,5000
Multivariate region null,Anytime-valid,448,6e-4,3.4630622287218577e-4,0,0.001278760196829484,0.995,712.0349912088234,2500,5000
Multivariate region null,Conventional,448,0.839,0.005197672556058144,0.828812561790126,0.849187438209874,0.995,712.0349912088234,2500,5000
Multivariate region null,Anytime-valid,453,6e-4,3.4630622287218577e-4,0,0.001278760196829484,0.995,712.0349912088234,2500,5000
Multivariate region null,Conventional,453,0.839,0.005197672556058144,0.828812561790126,0.849187438209874,0.995,712.0349912088234,2500,5000
Multivariate region null,Anytime-valid,457,6e-4,3.4630622287218577e-4,0,0.001278760196829484,0.995,712.0349912088234,2500,5000
Multivariate region null,Conventional,457,0.8392,0.00519506227104161,0.8290176779487584,0.8493823220512415,0.995,712.0349912088234,2500,5000
Multivariate region null,Anytime-valid,462,6e-4,3.4630622287218577e-4,0,0.001278760196829484,0.995,712.0349912088234,2500,5000
Multivariate region null,Conventional,462,0.8392,0.00519506227104161,0.8290176779487584,0.8493823220512415,0.995,712.0349912088234,2500,5000
Multivariate region null,Anytime-valid,467,6e-4,3.4630622287218577e-4,0,0.001278760196829484,0.995,712.0349912088234,2500,5000
Multivariate region null,Conventional,467,0.8394,0.0051924491331162784,0.8292227996990922,0.8495772003009079,0.995,712.0349912088234,2500,5000
Multivariate region null,Anytime-valid,471,6e-4,3.4630622287218577e-4,0,0.001278760196829484,0.995,712.0349912088234,2500,5000
Multivariate region null,Conventional,471,0.8396,0.005189833137972742,0.8294279270495735,0.8497720729504266,0.995,712.0349912088234,2500,5000
Multivariate region null,Anytime-valid,476,8e-4,3.9983996798719363e-4,1.6313662745100557e-5,0.0015836863372548995,0.995,712.0349912088234,2500,5000
Multivariate region null,Conventional,476,0.84,0.005184592558726288,0.8298381985848965,0.8501618014151034,0.995,712.0349912088234,2500,5000
Multivariate region null,Anytime-valid,481,0.001,4.469899327725402e-4,1.2389973176582124e-4,0.0018761002682341787,0.995,712.0349912088234,2500,5000
Multivariate region null,Conventional,481,0.8402,0.005181967965937266,0.830043342786763,0.8503566572132369,0.995,712.0349912088234,2500,5000
Multivariate region null,Anytime-valid,486,0.001,4.469899327725402e-4,1.2389973176582124e-4,0.0018761002682341787,0.995,712.0349912088234,2500,5000
Multivariate region null,Conventional,486,0.8406,0.005176710152210572,0.8304536481016673,0.8507463518983327,0.995,712.0349912088234,2500,5000
Multivariate region null,Anytime-valid,491,0.0012,4.896039215529222e-4,2.4037631375627242e-4,0.0021596236862437275,0.995,712.0349912088234,2500,5000
Multivariate region null,Conventional,491,0.8406,0.005176710152210572,0.8304536481016673,0.8507463518983327,0.995,712.0349912088234,2500,5000
Multivariate region null,Anytime-valid,495,0.0014,5.287797272967262e-4,3.6359173449841665e-4,0.0024364082655015835,0.995,712.0349912088234,2500,5000
Multivariate region null,Conventional,495,0.8406,0.005176710152210572,0.8304536481016673,0.8507463518983327,0.995,712.0349912088234,2500,5000
Multivariate region null,Anytime-valid,500,0.0014,5.287797272967262e-4,3.6359173449841665e-4,0.0024364082655015835,0.995,712.0349912088234,2500,5000
Multivariate region null,Conventional,500,0.841,0.005171440805036833,0.8308639760221278,0.8511360239778721,0.995,712.0349912088234,2500,5000
Multivariate region null,Anytime-valid,506,0.0014,5.287797272967262e-4,3.6359173449841665e-4,0.0024364082655015835,0.995,712.0349912088234,2500,5000
Multivariate region null,Conventional,506,0.8412,0.0051688017953874,0.8310691484810406,0.8513308515189593,0.995,712.0349912088234,2500,5000
Multivariate region null,Anytime-valid,511,0.0016,5.652326954449822e-4,4.921439169278349e-4,0.0027078560830721653,0.995,712.0349912088234,2500,5000
Multivariate region null,Conventional,511,0.8412,0.0051688017953874,0.8310691484810406,0.8513308515189593,0.995,712.0349912088234,2500,5000
Multivariate region null,Anytime-valid,516,0.0016,5.652326954449822e-4,4.921439169278349e-4,0.0027078560830721653,0.995,712.0349912088234,2500,5000
Multivariate region null,Conventional,516,0.8412,0.0051688017953874,0.8310691484810406,0.8513308515189593,0.995,712.0349912088234,2500,5000
Multivariate region null,Anytime-valid,521,0.0016,5.652326954449822e-4,4.921439169278349e-4,0.0027078560830721653,0.995,712.0349912088234,2500,5000
Multivariate region null,Conventional,521,0.8412,0.0051688017953874,0.8310691484810406,0.8513308515189593,0.995,712.0349912088234,2500,5000
Multivariate region null,Anytime-valid,526,0.0016,5.652326954449822e-4,4.921439169278349e-4,0.0027078560830721653,0.995,712.0349912088234,2500,5000
Multivariate region null,Conventional,526,0.8414,0.005166159889124609,0.8312743266173158,0.8515256733826843,0.995,712.0349912088234,2500,5000
Multivariate region null,Anytime-valid,531,0.0018,5.994597567810536e-4,6.250588767091349e-4,0.002974941123290865,0.995,712.0349912088234,2500,5000
Multivariate region null,Conventional,531,0.8418,0.0051608673689603765,0.8316846999568377,0.8519153000431623,0.995,712.0349912088234,2500,5000
Multivariate region null,Anytime-valid,537,0.0018,5.994597567810536e-4,6.250588767091349e-4,0.002974941123290865,0.995,712.0349912088234,2500,5000
Multivariate region null,Conventional,537,0.8422,0.005155563208806581,0.8320950961107391,0.8523049038892608,0.995,712.0349912088234,2500,5000
Multivariate region null,Anytime-valid,542,0.0018,5.994597567810536e-4,6.250588767091349e-4,0.002974941123290865,0.995,712.0349912088234,2500,5000
Multivariate region null,Conventional,542,0.8422,0.005155563208806581,0.8320950961107391,0.8523049038892608,0.995,712.0349912088234,2500,5000
Multivariate region null,Anytime-valid,548,0.0018,5.994597567810536e-4,6.250588767091349e-4,0.002974941123290865,0.995,712.0349912088234,2500,5000
Multivariate region null,Conventional,548,0.8424,0.005152906752503871,0.8323003027650925,0.8524996972349076,0.995,712.0349912088234,2500,5000
Multivariate region null,Anytime-valid,553,0.0018,5.994597567810536e-4,6.250588767091349e-4,0.002974941123290865,0.995,712.0349912088234,2500,5000
Multivariate region null,Conventional,553,0.8426,0.005150247372699684,0.8325055151495087,0.8526944848504914,0.995,712.0349912088234,2500,5000
Multivariate region null,Anytime-valid,559,0.0018,5.994597567810536e-4,6.250588767091349e-4,0.002974941123290865,0.995,712.0349912088234,2500,5000
Multivariate region null,Conventional,559,0.8426,0.005150247372699684,0.8325055151495087,0.8526944848504914,0.995,712.0349912088234,2500,5000
Multivariate region null,Anytime-valid,564,0.002,6.318227599572526e-4,7.61627390483785e-4,0.003238372609516215,0.995,712.0349912088234,2500,5000
Multivariate region null,Conventional,564,0.8426,0.005150247372699684,0.8325055151495087,0.8526944848504914,0.995,712.0349912088234,2500,5000
Multivariate region null,Anytime-valid,570,0.002,6.318227599572526e-4,7.61627390483785e-4,0.003238372609516215,0.995,712.0349912088234,2500,5000
Multivariate region null,Conventional,570,0.8428,0.00514758506486294,0.8327107332728686,0.8528892667271314,0.995,712.0349912088234,2500,5000
Multivariate region null,Anytime-valid,576,0.0022,6.625948988635515e-4,9.013139982274392e-4,0.0034986860017725612,0.995,712.0349912088234,2500,5000
Multivariate region null,Conventional,576,0.843,0.0051449198244481915,0.8329159571440815,0.8530840428559184,0.995,712.0349912088234,2500,5000
Multivariate region null,Anytime-valid,582,0.0022,6.625948988635515e-4,9.013139982274392e-4,0.0034986860017725612,0.995,712.0349912088234,2500,5000
Multivariate region null,Conventional,582,0.843,0.0051449198244481915,0.8329159571440815,0.8530840428559184,0.995,712.0349912088234,2500,5000
Multivariate region null,Anytime-valid,588,0.0022,6.625948988635515e-4,9.013139982274392e-4,0.0034986860017725612,0.995,712.0349912088234,2500,5000
Multivariate region null,Conventional,588,0.843,0.0051449198244481915,0.8329159571440815,0.8530840428559184,0.995,712.0349912088234,2500,5000
Multivariate region null,Anytime-valid,593,0.0022,6.625948988635515e-4,9.013139982274392e-4,0.0034986860017725612,0.995,712.0349912088234,2500,5000
Multivariate region null,Conventional,593,0.8432,0.0051422516468955515,0.8331211867720847,0.8532788132279152,0.995,712.0349912088234,2500,5000
Multivariate region null,Anytime-valid,599,0.0024,6.91988439209789e-4,0.0010437026591488133,0.0037562973408511863,0.995,712.0349912088234,2500,5000
Multivariate region null,Conventional,599,0.8434,0.005139580527630635,0.833326422165844,0.8534735778341561,0.995,712.0349912088234,2500,5000
Multivariate region null,Anytime-valid,605,0.0024,6.91988439209789e-4,0.0010437026591488133,0.0037562973408511863,0.995,712.0349912088234,2500,5000
Multivariate region null,Conventional,605,0.8436,0.005136906462064498,0.8335316633343536,0.8536683366656465,0.995,712.0349912088234,2500,5000
Multivariate region null,Anytime-valid,612,0.0024,6.91988439209789e-4,0.0010437026591488133,0.0037562973408511863,0.995,712.0349912088234,2500,5000
Multivariate region null,Conventional,612,0.8436,0.005136906462064498,0.8335316633343536,0.8536683366656465,0.995,712.0349912088234,2500,5000
Multivariate region null,Anytime-valid,618,0.0028,7.472830788931326e-4,0.00133532516536946,0.00426467483463054,0.995,712.0349912088234,2500,5000
Multivariate region null,Conventional,618,0.8442,0.005128866541449485,0.834147421578759,0.8542525784212409,0.995,712.0349912088234,2500,5000
Multivariate region null,Anytime-valid,624,0.003,7.734339015067804e-4,0.0014840695530467106,0.00451593044695329,0.995,712.0349912088234,2500,5000
Multivariate region null,Conventional,624,0.8442,0.005128866541449485,0.834147421578759,0.8542525784212409,0.995,712.0349912088234,2500,5000
Multivariate region null,Anytime-valid,630,0.003,7.734339015067804e-4,0.0014840695530467106,0.00451593044695329,0.995,712.0349912088234,2500,5000
Multivariate region null,Conventional,630,0.8442,0.005128866541449485,0.834147421578759,0.8542525784212409,0.995,712.0349912088234,2500,5000
Multivariate region null,Anytime-valid,637,0.0034,8.232180756032997e-4,0.0017864925718175325,0.005013507428182467,0.995,712.0349912088234,2500,5000
Multivariate region null,Conventional,637,0.8442,0.005128866541449485,0.834147421578759,0.8542525784212409,0.995,712.0349912088234,2500,5000
Multivariate region null,Anytime-valid,643,0.0036,8.46999409681022e-4,0.0019398811570251967,0.005260118842974803,0.995,712.0349912088234,2500,5000
Multivariate region null,Conventional,643,0.8444,0.00512618064449547,0.8343526859367889,0.8544473140632112,0.995,712.0349912088234,2500,5000
Multivariate region null,Anytime-valid,650,0.0036,8.46999409681022e-4,0.0019398811570251967,0.005260118842974803,0.995,712.0349912088234,2500,5000
Multivariate region null,Conventional,650,0.8446,0.005123491778074792,0.8345579561149734,0.8546420438850266,0.995,712.0349912088234,2500,5000
Multivariate region null,Anytime-valid,656,0.0036,8.46999409681022e-4,0.0019398811570251967,0.005260118842974803,0.995,712.0349912088234,2500,5000
Multivariate region null,Conventional,656,0.845,0.005118105118107678,0.8349685139685089,0.855031486031491,0.995,712.0349912088234,2500,5000
Multivariate region null,Anytime-valid,663,0.0036,8.46999409681022e-4,0.0019398811570251967,0.005260118842974803,0.995,712.0349912088234,2500,5000
Multivariate region null,Conventional,663,0.8454,0.005112706523946,0.8353790952130659,0.8554209047869342,0.995,712.0349912088234,2500,5000
Multivariate region null,Anytime-valid,669,0.0038,8.701218305501822e-4,0.002094561212121643,0.005505438787878357,0.995,712.0349912088234,2500,5000
Multivariate region null,Conventional,669,0.8454,0.005112706523946,0.8353790952130659,0.8554209047869342,0.995,712.0349912088234,2500,5000
Multivariate region null,Anytime-valid,676,0.0038,8.701218305501822e-4,0.002094561212121643,0.005505438787878357,0.995,712.0349912088234,2500,5000
Multivariate region null,Conventional,676,0.8456,0.005110002739725293,0.8355843946301384,0.8556156053698616,0.995,712.0349912088234,2500,5000
Multivariate region null,Anytime-valid,683,0.004,8.926365441768558e-4,0.002250432373413363,0.005749567626586637,0.995,712.0349912088234,2500,5000
Multivariate region null,Conventional,683,0.846,0.005104586173236769,0.8359950111004559,0.856004988899544,0.995,712.0349912088234,2500,5000
Multivariate region null,Anytime-valid,690,0.004,8.926365441768558e-4,0.002250432373413363,0.005749567626586637,0.995,712.0349912088234,2500,5000
Multivariate region null,Conventional,690,0.846,0.005104586173236769,0.8359950111004559,0.856004988899544,0.995,712.0349912088234,2500,5000
Multivariate region null,Anytime-valid,697,0.0042,9.145884320283086e-4,0.002407406673224515,0.005992593326775484,0.995,712.0349912088234,2500,5000
Multivariate region null,Conventional,697,0.846,0.005104586173236769,0.8359950111004559,0.856004988899544,0.995,712.0349912088234,2500,5000
Multivariate region null,Anytime-valid,704,0.0042,9.145884320283086e-4,0.002407406673224515,0.005992593326775484,0.995,712.0349912088234,2500,5000
Multivariate region null,Conventional,704,0.846,0.005104586173236769,0.8359950111004559,0.856004988899544,0.995,712.0349912088234,2500,5000
Multivariate region null,Anytime-valid,711,0.0044,9.360170938610043e-4,0.002565406496032432,0.006234593503967569,0.995,712.0349912088234,2500,5000
Multivariate region null,Conventional,711,0.8462,0.00510187338141589,0.8362003281724248,0.8561996718275751,0.995,712.0349912088234,2500,5000
Multivariate region null,Anytime-valid,718,0.0048,9.774415583552807e-4,0.002884214545623649,0.00671578545437635,0.995,712.0349912088234,2500,5000
Multivariate region null,Conventional,718,0.8464,0.005099157577482774,0.8364056511481338,0.8563943488518663,0.995,712.0349912088234,2500,5000
Multivariate region null,Anytime-valid,725,0.0048,9.774415583552807e-4,0.002884214545623649,0.00671578545437635,0.995,712.0349912088234,2500,5000
Multivariate region null,Conventional,725,0.8466,0.005096438756622117,0.8366109800370207,0.8565890199629793,0.995,712.0349912088234,2500,5000
Multivariate region null,Anytime-valid,733,0.0048,9.774415583552807e-4,0.002884214545623649,0.00671578545437635,0.995,712.0349912088234,2500,5000
Multivariate region null,Conventional,733,0.8474,0.005085533207049187,0.8374323549141837,0.8573676450858164,0.995,712.0349912088234,2500,5000
Multivariate region null,Anytime-valid,740,0.0048,9.774415583552807e-4,0.002884214545623649,0.00671578545437635,0.995,712.0349912088234,2500,5000
Multivariate region null,Conventional,740,0.8474,0.005085533207049187,0.8374323549141837,0.8573676450858164,0.995,712.0349912088234,2500,5000
Multivariate region null,Anytime-valid,747,0.0048,9.774415583552807e-4,0.002884214545623649,0.00671578545437635,0.995,712.0349912088234,2500,5000
Multivariate region null,Conventional,747,0.8474,0.005085533207049187,0.8374323549141837,0.8573676450858164,0.995,712.0349912088234,2500,5000
Multivariate region null,Anytime-valid,755,0.0048,9.774415583552807e-4,0.002884214545623649,0.00671578545437635,0.995,712.0349912088234,2500,5000
Multivariate region null,Conventional,755,0.848,0.005077322128839178,0.8380484486274752,0.8579515513725248,0.995,712.0349912088234,2500,5000
Multivariate region null,Anytime-valid,763,0.0048,9.774415583552807e-4,0.002884214545623649,0.00671578545437635,0.995,712.0349912088234,2500,5000
Multivariate region null,Conventional,763,0.8484,0.005071832804815237,0.8384592077025622,0.8583407922974379,0.995,712.0349912088234,2500,5000
Multivariate region null,Anytime-valid,770,0.0048,9.774415583552807e-4,0.002884214545623649,0.00671578545437635,0.995,712.0349912088234,2500,5000
Multivariate region null,Conventional,770,0.8488,0.005066331216965586,0.8388699908147474,0.8587300091852526,0.995,712.0349912088234,2500,5000
Multivariate region null,Anytime-valid,778,0.0048,9.774415583552807e-4,0.002884214545623649,0.00671578545437635,0.995,712.0349912088234,2500,5000
Multivariate region null,Conventional,778,0.8488,0.005066331216965586,0.8388699908147474,0.8587300091852526,0.995,712.0349912088234,2500,5000
Multivariate region null,Anytime-valid,786,0.0052,0.0010171489566430279,0.003206388044979665,0.0071936119550203344,0.995,712.0349912088234,2500,5000
Multivariate region null,Conventional,786,0.8492,0.005060817325294405,0.839280798042423,0.859119201957577,0.995,712.0349912088234,2500,5000
Multivariate region null,Anytime-valid,794,0.0056,0.0010553331227626658,0.003531547079385175,0.007668452920614825,0.995,712.0349912088234,2500,5000
Multivariate region null,Conventional,794,0.85,0.005049752469181039,0.8401024851604051,0.8598975148395949,0.995,712.0349912088234,2500,5000
Multivariate region null,Anytime-valid,802,0.0056,0.0010553331227626658,0.003531547079385175,0.007668452920614825,0.995,712.0349912088234,2500,5000
Multivariate region null,Conventional,802,0.8502,0.005046978502034658,0.840307922136012,0.8600920778639879,0.995,712.0349912088234,2500,5000
Multivariate region null,Anytime-valid,810,0.0056,0.0010553331227626658,0.003531547079385175,0.007668452920614825,0.995,712.0349912088234,2500,5000
Multivariate region null,Conventional,810,0.8502,0.005046978502034658,0.840307922136012,0.8600920778639879,0.995,712.0349912088234,2500,5000
Multivariate region null,Anytime-valid,818,0.006,0.0010921538353180838,0.003859378482776556,0.008140621517223445,0.995,712.0349912088234,2500,5000
Multivariate region null,Conventional,818,0.8502,0.005046978502034658,0.840307922136012,0.8600920778639879,0.995,712.0349912088234,2500,5000
Multivariate region null,Anytime-valid,826,0.0062,0.0011100954913880157,0.0040242128368794886,0.008375787163120511,0.995,712.0349912088234,2500,5000
Multivariate region null,Conventional,826,0.8502,0.005046978502034658,0.840307922136012,0.8600920778639879,0.995,712.0349912088234,2500,5000
Multivariate region null,Anytime-valid,834,0.0062,0.0011100954913880157,0.0040242128368794886,0.008375787163120511,0.995,712.0349912088234,2500,5000
Multivariate region null,Conventional,834,0.8504,0.005044201423416793,0.8405133652101031,0.860286634789897,0.995,712.0349912088234,2500,5000
Multivariate region null,Anytime-valid,843,0.0062,0.0011100954913880157,0.0040242128368794886,0.008375787163120511,0.995,712.0349912088234,2500,5000
Multivariate region null,Conventional,843,0.8508,0.00503863791118195,0.8409242696940834,0.8606757303059166,0.995,712.0349912088234,2500,5000
Multivariate region null,Anytime-valid,851,0.0062,0.0011100954913880157,0.0040242128368794886,0.008375787163120511,0.995,712.0349912088234,2500,5000
Multivariate region null,Conventional,851,0.8508,0.00503863791118195,0.8409242696940834,0.8606757303059166,0.995,712.0349912088234,2500,5000
Multivariate region null,Anytime-valid,860,0.0062,0.0011100954913880157,0.0040242128368794886,0.008375787163120511,0.995,712.0349912088234,2500,5000
Multivariate region null,Conventional,860,0.851,0.005035851467229748,0.8411297311242296,0.8608702688757703,0.995,712.0349912088234,2500,5000
Multivariate region null,Anytime-valid,869,0.0062,0.0011100954913880157,0.0040242128368794886,0.008375787163120511,0.995,712.0349912088234,2500,5000
Multivariate region null,Conventional,869,0.8512,0.0050330618911354555,0.8413351986933745,0.8610648013066254,0.995,712.0349912088234,2500,5000
Multivariate region null,Anytime-valid,877,0.0064,0.0011277446519491901,0.004189620482179588,0.008610379517820413,0.995,712.0349912088234,2500,5000
Multivariate region null,Conventional,877,0.8514,0.0050302691776882074,0.8415406724117311,0.861259327588269,0.995,712.0349912088234,2500,5000
Multivariate region null,Anytime-valid,886,0.0064,0.0011277446519491901,0.004189620482179588,0.008610379517820413,0.995,712.0349912088234,2500,5000
Multivariate region null,Conventional,886,0.8514,0.0050302691776882074,0.8415406724117311,0.861259327588269,0.995,712.0349912088234,2500,5000
Multivariate region null,Anytime-valid,895,0.0064,0.0011277446519491901,0.004189620482179588,0.008610379517820413,0.995,712.0349912088234,2500,5000
Multivariate region null,Conventional,895,0.8518,0.00502467431780409,0.841951638337104,0.861648361662896,0.995,712.0349912088234,2500,5000
Multivariate region null,Anytime-valid,904,0.0068,0.001162218568084334,0.004522051606554705,0.009077948393445294,0.995,712.0349912088234,2500,5000
Multivariate region null,Conventional,904,0.852,0.005021872160857941,0.8421571305647184,0.8618428694352815,0.995,712.0349912088234,2500,5000
Multivariate region null,Anytime-valid,913,0.0068,0.001162218568084334,0.004522051606554705,0.009077948393445294,0.995,712.0349912088234,2500,5000
Multivariate region null,Conventional,913,0.8524,0.0050162583665517065,0.8425681336015587,0.8622318663984414,0.995,712.0349912088234,2500,5000
Multivariate region null,Anytime-valid,922,0.0068,0.001162218568084334,0.004522051606554705,0.009077948393445294,0.995,712.0349912088234,2500,5000
Multivariate region null,Conventional,922,0.8526,0.0050134467185759535,0.8427736444315912,0.8624263555684089,0.995,712.0349912088234,2500,5000
Multivariate region null,Anytime-valid,932,0.0068,0.001162218568084334,0.004522051606554705,0.009077948393445294,0.995,712.0349912088234,2500,5000
Multivariate region null,Conventional,932,0.8526,0.0050134467185759535,0.8427736444315912,0.8624263555684089,0.995,712.0349912088234,2500,5000
Multivariate region null,Anytime-valid,941,0.0068,0.001162218568084334,0.004522051606554705,0.009077948393445294,0.995,712.0349912088234,2500,5000
Multivariate region null,Conventional,941,0.8526,0.0050134467185759535,0.8427736444315912,0.8624263555684089,0.995,712.0349912088234,2500,5000
Multivariate region null,Anytime-valid,951,0.0068,0.001162218568084334,0.004522051606554705,0.009077948393445294,0.995,712.0349912088234,2500,5000
Multivariate region null,Conventional,951,0.8526,0.0050134467185759535,0.8427736444315912,0.8624263555684089,0.995,712.0349912088234,2500,5000
Multivariate region null,Anytime-valid,960,0.0074,0.001212042903531059,0.0050243959090791246,0.009775604090920875,0.995,712.0349912088234,2500,5000
Multivariate region null,Conventional,960,0.8528,0.005010631896278153,0.8429791614832948,0.8626208385167052,0.995,712.0349912088234,2500,5000
Multivariate region null,Anytime-valid,970,0.0076,0.0012281889105508158,0.005192749735320401,0.0100072502646796,0.995,712.0349912088234,2500,5000
Multivariate region null,Conventional,970,0.853,0.005007813894305578,0.843184684767161,0.8628153152328389,0.995,712.0349912088234,2500,5000
Multivariate region null,Anytime-valid,980,0.0076,0.0012281889105508158,0.005192749735320401,0.0100072502646796,0.995,712.0349912088234,2500,5000
Multivariate region null,Conventional,980,0.8532,0.005004992707287395,0.8433902142937166,0.8630097857062833,0.995,712.0349912088234,2500,5000
Multivariate region null,Anytime-valid,990,0.0078,0.0012441189653726848,0.005361526827869537,0.010238473172130462,0.995,712.0349912088234,2500,5000
Multivariate region null,Conventional,990,0.8534,0.005002168329834572,0.8435957500735243,0.8632042499264758,0.995,712.0349912088234,2500,5000
Multivariate region null,Anytime-valid,1000,0.008,0.0012598412598418898,0.005530711130709897,0.010469288869290104,0.995,712.0349912088234,2500,5000
Multivariate region null,Conventional,1000,0.8538,0.00499650998197742,0.8440068404353243,0.8635931595646757,0.995,712.0349912088234,2500,5000
Multivariate region null,Anytime-valid,1010,0.0082,0.0012753634776015816,0.005700287583900901,0.0106997124160991,0.995,712.0349912088234,2500,5000
Multivariate region null,Conventional,1010,0.8538,0.00499650998197742,0.8440068404353243,0.8635931595646757,0.995,712.0349912088234,2500,5000
Multivariate region null,Anytime-valid,1020,0.0084,0.001290692837200238,0.005870242039087533,0.010929757960912466,0.995,712.0349912088234,2500,5000
Multivariate region null,Conventional,1020,0.8538,0.00499650998197742,0.8440068404353243,0.8635931595646757,0.995,712.0349912088234,2500,5000
Multivariate region null,Anytime-valid,1030,0.009,0.001335589757373124,0.006382244075548676,0.011617755924451321,0.995,712.0349912088234,2500,5000
Multivariate region null,Conventional,1030,0.8538,0.00499650998197742,0.8440068404353243,0.8635931595646757,0.995,712.0349912088234,2500,5000
Multivariate region null,Anytime-valid,1040,0.009,0.001335589757373124,0.006382244075548676,0.011617755924451321,0.995,712.0349912088234,2500,5000
Multivariate region null,Conventional,1040,0.854,0.00499367600070329,0.8442123950386216,0.8637876049613784,0.995,712.0349912088234,2500,5000
Multivariate region null,Anytime-valid,1051,0.0092,0.0013502118352317904,0.00655358480294569,0.01184641519705431,0.995,712.0349912088234,2500,5000
Multivariate region null,Conventional,1051,0.8542,0.004990838807254749,0.8444179559377807,0.8639820440622192,0.995,712.0349912088234,2500,5000
Multivariate region null,Anytime-valid,1061,0.0096,0.0013789735312905755,0.006897211878670472,0.012302788121329527,0.995,712.0349912088234,2500,5000
Multivariate region null,Conventional,1061,0.8544,0.0049879983961505035,0.844623523143545,0.864176476856455,0.995,712.0349912088234,2500,5000
Multivariate region null,Anytime-valid,1072,0.0096,0.0013789735312905755,0.006897211878670472,0.012302788121329527,0.995,712.0349912088234,2500,5000
Multivariate region null,Conventional,1072,0.8546,0.0049851547618905475,0.8448290966666946,0.8643709033333055,0.995,712.0349912088234,2500,5000
Multivariate region null,Anytime-valid,1083,0.0096,0.0013789735312905755,0.006897211878670472,0.012302788121329527,0.995,712.0349912088234,2500,5000
Multivariate region null,Conventional,1083,0.8546,0.0049851547618905475,0.8448290966666946,0.8643709033333055,0.995,712.0349912088234,2500,5000
Multivariate region null,Anytime-valid,1094,0.0098,0.0013931231101377939,0.007069478704129923,0.012530521295870076,0.995,712.0349912088234,2500,5000
Multivariate region null,Conventional,1094,0.8546,0.0049851547618905475,0.8448290966666946,0.8643709033333055,0.995,712.0349912088234,2500,5000
Multivariate region null,Anytime-valid,1105,0.01,0.0014071247279470289,0.007242035533223824,0.012757964466776177,0.995,712.0349912088234,2500,5000
Multivariate region null,Conventional,1105,0.8546,0.0049851547618905475,0.8448290966666946,0.8643709033333055,0.995,712.0349912088234,2500,5000
Multivariate region null,Anytime-valid,1116,0.0104,0.0014347013626535663,0.00758798532919901,0.013212014670800989,0.995,712.0349912088234,2500,5000
Multivariate region null,Conventional,1116,0.8548,0.004982307898956065,0.8450346765180461,0.8645653234819539,0.995,712.0349912088234,2500,5000
Multivariate region null,Anytime-valid,1127,0.0106,0.00144828450243728,0.007761362375222932,0.013438637624777068,0.995,712.0349912088234,2500,5000
Multivariate region null,Conventional,1127,0.8552,0.004976604464893709,0.8454458552488083,0.8649541447511916,0.995,712.0349912088234,2500,5000
Multivariate region null,Anytime-valid,1139,0.0108,0.001461735954268075,0.007934997529634573,0.013665002470365428,0.995,712.0349912088234,2500,5000
Multivariate region null,Conventional,1139,0.8556,0.004970888049433421,0.8458570594231105,0.8653429405768895,0.995,712.0349912088234,2500,5000
Multivariate region null,Anytime-valid,1150,0.011,0.0014750593208410297,0.008108883731151581,0.013891116268848418,0.995,712.0349912088234,2500,5000
Multivariate region null,Conventional,1150,0.8556,0.004970888049433421,0.8458570594231105,0.8653429405768895,0.995,712.0349912088234,2500,5000
Multivariate region null,Anytime-valid,1162,0.0118,0.001527138500595149,0.008806808538833508,0.014793191461166491,0.995,712.0349912088234,2500,5000
Multivariate region null,Conventional,1162,0.856,0.004965158607738529,0.8462682891288325,0.8657317108711675,0.995,712.0349912088234,2500,5000
Multivariate region null,Anytime-valid,1173,0.012,0.0015398701243936126,0.00898185455618852,0.01501814544381148,0.995,712.0349912088234,2500,5000
Multivariate region null,Conventional,1173,0.8564,0.004959416094662757,0.846679544454461,0.8661204555455391,0.995,712.0349912088234,2500,5000
Multivariate region null,Anytime-valid,1185,0.012,0.0015398701243936126,0.00898185455618852,0.01501814544381148,0.995,712.0349912088234,2500,5000
Multivariate region null,Conventional,1185,0.8564,0.004959416094662757,0.846679544454461,0.8661204555455391,0.995,712.0349912088234,2500,5000
Multivariate region null,Anytime-valid,1197,0.012,0.0015398701243936126,0.00898185455618852,0.01501814544381148,0.995,712.0349912088234,2500,5000
Multivariate region null,Conventional,1197,0.8564,0.004959416094662757,0.846679544454461,0.8661204555455391,0.995,712.0349912088234,2500,5000
Multivariate region null,Anytime-valid,1209,0.012,0.0015398701243936126,0.00898185455618852,0.01501814544381148,0.995,712.0349912088234,2500,5000
Multivariate region null,Conventional,1209,0.8566,0.004956539922163444,0.8468851817525597,0.8663148182474404,0.995,712.0349912088234,2500,5000
Multivariate region null,Anytime-valid,1221,0.012,0.0015398701243936126,0.00898185455618852,0.01501814544381148,0.995,712.0349912088234,2500,5000
Multivariate region null,Conventional,1221,0.8566,0.004956539922163444,0.8468851817525597,0.8663148182474404,0.995,712.0349912088234,2500,5000
Multivariate region null,Anytime-valid,1234,0.012,0.0015398701243936126,0.00898185455618852,0.01501814544381148,0.995,712.0349912088234,2500,5000
Multivariate region null,Conventional,1234,0.8566,0.004956539922163444,0.8468851817525597,0.8663148182474404,0.995,712.0349912088234,2500,5000
Multivariate region null,Anytime-valid,1246,0.012,0.0015398701243936126,0.00898185455618852,0.01501814544381148,0.995,712.0349912088234,2500,5000
Multivariate region null,Conventional,1246,0.857,0.0049507777166825015,0.8472964756753023,0.8667035243246977,0.995,712.0349912088234,2500,5000
Multivariate region null,Anytime-valid,1259,0.0122,0.0015524921899964586,0.009157115307606942,0.01524288469239306,0.995,712.0349912088234,2500,5000
Multivariate region null,Conventional,1259,0.8572,0.004947891672217573,0.8475021323224535,0.8668978676775464,0.995,712.0349912088234,2500,5000
Multivariate region null,Anytime-valid,1271,0.0124,0.0015650073482255604,0.009332585597477901,0.015467414402522098,0.995,712.0349912088234,2500,5000
Multivariate region null,Conventional,1271,0.8576,0.004942109670980602,0.8479134650448781,0.867286534955122,0.995,712.0349912088234,2500,5000
Multivariate region null,Anytime-valid,1284,0.0124,0.0015650073482255604,0.009332585597477901,0.015467414402522098,0.995,712.0349912088234,2500,5000
Multivariate region null,Conventional,1284,0.8582,0.004933411801177762,0.8485305128696915,0.8678694871303084,0.995,712.0349912088234,2500,5000
Multivariate region null,Anytime-valid,1297,0.0126,0.0015774181436765586,0.009508260438393945,0.015691739561606056,0.995,712.0349912088234,2500,5000
Multivariate region null,Conventional,1297,0.8584,0.004930505856400537,0.848736208521455,0.8680637914785451,0.995,712.0349912088234,2500,5000
Multivariate region null,Anytime-valid,1310,0.0128,0.0015897270205919003,0.009684135039639876,0.015915864960360127,0.995,712.0349912088234,2500,5000
Multivariate region null,Conventional,1310,0.8584,0.004930505856400537,0.848736208521455,0.8680637914785451,0.995,712.0349912088234,2500,5000
Multivariate region null,Anytime-valid,1323,0.0128,0.0015897270205919003,0.009684135039639876,0.015915864960360127,0.995,712.0349912088234,2500,5000
Multivariate region null,Conventional,1323,0.8588,0.004924683949249942,0.8491476194594701,0.8684523805405299,0.995,712.0349912088234,2500,5000
Multivariate region null,Anytime-valid,1337,0.0128,0.0015897270205919003,0.009684135039639876,0.015915864960360127,0.995,712.0349912088234,2500,5000
Multivariate region null,Conventional,1337,0.859,0.00492176797502686,0.8493533347689474,0.8686466652310526,0.995,712.0349912088234,2500,5000
Multivariate region null,Anytime-valid,1350,0.0128,0.0015897270205919003,0.009684135039639876,0.015915864960360127,0.995,712.0349912088234,2500,5000
Multivariate region null,Conventional,1350,0.859,0.00492176797502686,0.8493533347689474,0.8686466652310526,0.995,712.0349912088234,2500,5000
Multivariate region null,Anytime-valid,1364,0.0128,0.0015897270205919003,0.009684135039639876,0.015915864960360127,0.995,712.0349912088234,2500,5000
Multivariate region null,Conventional,1364,0.859,0.00492176797502686,0.8493533347689474,0.8686466652310526,0.995,712.0349912088234,2500,5000
Multivariate region null,Anytime-valid,1378,0.0128,0.0015897270205919003,0.009684135039639876,0.015915864960360127,0.995,712.0349912088234,2500,5000
Multivariate region null,Conventional,1378,0.8592,0.004918848645770675,0.8495590566542894,0.8688409433457105,0.995,712.0349912088234,2500,5000
Multivariate region null,Anytime-valid,1391,0.0128,0.0015897270205919003,0.009684135039639876,0.015915864960360127,0.995,712.0349912088234,2500,5000
Multivariate region null,Conventional,1391,0.8592,0.004918848645770675,0.8495590566542894,0.8688409433457105,0.995,712.0349912088234,2500,5000
Multivariate region null,Anytime-valid,1405,0.0128,0.0015897270205919003,0.009684135039639876,0.015915864960360127,0.995,712.0349912088234,2500,5000
Multivariate region null,Conventional,1405,0.8594,0.004915925955504211,0.8497647851272118,0.8690352148727883,0.995,712.0349912088234,2500,5000
Multivariate region null,Anytime-valid,1420,0.0132,0.0016140483264140513,0.01003646528022846,0.01636353471977154,0.995,712.0349912088234,2500,5000
Multivariate region null,Conventional,1420,0.8594,0.004915925955504211,0.8497647851272118,0.8690352148727883,0.995,712.0349912088234,2500,5000
Multivariate region null,Anytime-valid,1434,0.0136,0.0016379890109521492,0.010389541538533787,0.016810458461466213,0.995,712.0349912088234,2500,5000
Multivariate region null,Conventional,1434,0.8602,0.004904201464051004,0.85058776513046,0.86981223486954,0.995,712.0349912088234,2500,5000
Multivariate region null,Anytime-valid,1448,0.0138,0.0016498218085599426,0.010566349255222512,0.017033650744777487,0.995,712.0349912088234,2500,5000
Multivariate region null,Conventional,1448,0.8604,0.004901261878332966,0.8507935267184674,0.8700064732815327,0.995,712.0349912088234,2500,5000
Multivariate region null,Anytime-valid,1463,0.0138,0.0016498218085599426,0.010566349255222512,0.017033650744777487,0.995,712.0349912088234,2500,5000
Multivariate region null,Conventional,1463,0.8604,0.004901261878332966,0.8507935267184674,0.8700064732815327,0.995,712.0349912088234,2500,5000
Multivariate region null,Anytime-valid,1478,0.014,0.0016615655268450895,0.010743331567383625,0.017256668432616376,0.995,712.0349912088234,2500,5000
Multivariate region null,Conventional,1478,0.8608,0.004895372508808701,0.8512050698827349,0.8703949301172651,0.995,712.0349912088234,2500,5000
Multivariate region null,Anytime-valid,1493,0.014,0.0016615655268450895,0.010743331567383625,0.017256668432616376,0.995,712.0349912088234,2500,5000
Multivariate region null,Conventional,1493,0.861,0.004892422712726283,0.8514108514830565,0.8705891485169435,0.995,712.0349912088234,2500,5000
Multivariate region null,Anytime-valid,1508,0.0142,0.0016732220414517615,0.010920484798754548,0.017479515201245452,0.995,712.0349912088234,2500,5000
Multivariate region null,Conventional,1508,0.861,0.004892422712726283,0.8514108514830565,0.8705891485169435,0.995,712.0349912088234,2500,5000
Multivariate region null,Anytime-valid,1523,0.0144,0.0016847931623792875,0.011097805401736596,0.0177021945982634,0.995,712.0349912088234,2500,5000
Multivariate region null,Conventional,1523,0.8614,0.0048865128670658375,0.851822434780551,0.8709775652194491,0.995,712.0349912088234,2500,5000
Multivariate region null,Anytime-valid,1538,0.015,0.0017190113437671084,0.011630737766216467,0.01836926223378353,0.995,712.0349912088234,2500,5000
Multivariate region null,Conventional,1538,0.8614,0.0048865128670658375,0.851822434780551,0.8709775652194491,0.995,712.0349912088234,2500,5000
Multivariate region null,Anytime-valid,1554,0.015,0.0017190113437671084,0.011630737766216467,0.01836926223378353,0.995,712.0349912088234,2500,5000
Multivariate region null,Conventional,1554,0.8614,0.0048865128670658375,0.851822434780551,0.8709775652194491,0.995,712.0349912088234,2500,5000
Multivariate region null,Anytime-valid,1569,0.015,0.0017190113437671084,0.011630737766216467,0.01836926223378353,0.995,712.0349912088234,2500,5000
Multivariate region null,Conventional,1569,0.8616,0.0048835528050795145,0.8520282365020442,0.8711717634979559,0.995,712.0349912088234,2500,5000
Multivariate region null,Anytime-valid,1585,0.015,0.0017190113437671084,0.011630737766216467,0.01836926223378353,0.995,712.0349912088234,2500,5000
Multivariate region null,Conventional,1585,0.8618,0.004880589308679844,0.8522340449549876,0.8713659550450125,0.995,712.0349912088234,2500,5000
Multivariate region null,Anytime-valid,1601,0.016,0.0017744858410255067,0.012522007751590007,0.019477992248409993,0.995,712.0349912088234,2500,5000
Multivariate region null,Conventional,1601,0.8618,0.004880589308679844,0.8522340449549876,0.8713659550450125,0.995,712.0349912088234,2500,5000
Multivariate region null,Anytime-valid,1617,0.016,0.0017744858410255067,0.012522007751590007,0.019477992248409993,0.995,712.0349912088234,2500,5000
Multivariate region null,Conventional,1617,0.8622,0.004874651987578191,0.8526456821043467,0.8717543178956533,0.995,712.0349912088234,2500,5000
Multivariate region null,Anytime-valid,1634,0.0164,0.0017961648031291561,0.012879516985866856,0.01992048301413315,0.995,712.0349912088234,2500,5000
Multivariate region null,Conventional,1634,0.8622,0.004874651987578191,0.8526456821043467,0.8717543178956533,0.995,712.0349912088234,2500,5000
Multivariate region null,Anytime-valid,1650,0.0164,0.0017961648031291561,0.012879516985866856,0.01992048301413315,0.995,712.0349912088234,2500,5000
Multivariate region null,Conventional,1650,0.8626,0.004868700853410486,0.8530573463273154,0.8721426536726846,0.995,712.0349912088234,2500,5000
Multivariate region null,Anytime-valid,1667,0.0168,0.0018175676053451217,0.013237567493523561,0.020362432506476437,0.995,712.0349912088234,2500,5000
Multivariate region null,Conventional,1667,0.8628,0.004865720090592963,0.8532631886224378,0.8723368113775622,0.995,712.0349912088234,2500,5000
Multivariate region null,Anytime-valid,1683,0.017,0.0018281684823888635,0.013416789774517828,0.020583210225482172,0.995,712.0349912088234,2500,5000
Multivariate region null,Conventional,1683,0.863,0.004862735855462437,0.8534690377232936,0.8725309622767063,0.995,712.0349912088234,2500,5000
Multivariate region null,Anytime-valid,1700,0.017,0.0018281684823888635,0.013416789774517828,0.020583210225482172,0.995,712.0349912088234,2500,5000
Multivariate region null,Conventional,1700,0.8632,0.004859748141622156,0.8536748936424206,0.8727251063575794,0.995,712.0349912088234,2500,5000
Multivariate region null,Anytime-valid,1718,0.0174,0.001849174951160652,0.013775617095725121,0.02102438290427488,0.995,712.0349912088234,2500,5000
Multivariate region null,Conventional,1718,0.8632,0.004859748141622156,0.8536748936424206,0.8727251063575794,0.995,712.0349912088234,2500,5000
Multivariate region null,Anytime-valid,1735,0.0174,0.001849174951160652,0.013775617095725121,0.02102438290427488,0.995,712.0349912088234,2500,5000
Multivariate region null,Conventional,1735,0.8634,0.004856756942652165,0.8538807563924017,0.8729192436075982,0.995,712.0349912088234,2500,5000
Multivariate region null,Anytime-valid,1752,0.0174,0.001849174951160652,0.013775617095725121,0.02102438290427488,0.995,712.0349912088234,2500,5000
Multivariate region null,Conventional,1752,0.8634,0.004856756942652165,0.8538807563924017,0.8729192436075982,0.995,712.0349912088234,2500,5000
Multivariate region null,Anytime-valid,1770,0.0178,0.0018699283408729864,0.014134940451888947,0.02146505954811105,0.995,712.0349912088234,2500,5000
Multivariate region null,Conventional,1770,0.8634,0.004856756942652165,0.8538807563924017,0.8729192436075982,0.995,712.0349912088234,2500,5000
Multivariate region null,Anytime-valid,1788,0.018,0.0018802127539190876,0.014314783002318587,0.02168521699768141,0.995,712.0349912088234,2500,5000
Multivariate region null,Conventional,1788,0.8636,0.004853762252109182,0.854086625985866,0.873113374014134,0.995,712.0349912088234,2500,5000
Multivariate region null,Anytime-valid,1806,0.018,0.0018802127539190876,0.014314783002318587,0.02168521699768141,0.995,712.0349912088234,2500,5000
Multivariate region null,Conventional,1806,0.8636,0.004853762252109182,0.854086625985866,0.873113374014134,0.995,712.0349912088234,2500,5000
Multivariate region null,Anytime-valid,1824,0.0184,0.0019006020098905506,0.01467482006061452,0.022125179939385477,0.995,712.0349912088234,2500,5000
Multivariate region null,Conventional,1824,0.8644,0.0048417484445187784,0.8549101730487432,0.8738898269512567,0.995,712.0349912088234,2500,5000
Multivariate region null,Anytime-valid,1842,0.0186,0.001910708769017403,0.014855010812725888,0.02234498918727411,0.995,712.0349912088234,2500,5000
Multivariate region null,Conventional,1842,0.8646,0.004838736198636995,0.8551160770506715,0.8740839229493286,0.995,712.0349912088234,2500,5000
Multivariate region null,Anytime-valid,1861,0.019,0.0019307511491644903,0.0152157277476376,0.0227842722523624,0.995,712.0349912088234,2500,5000
Multivariate region null,Conventional,1861,0.8646,0.004838736198636995,0.8551160770506715,0.8740839229493286,0.995,712.0349912088234,2500,5000
Multivariate region null,Anytime-valid,1880,0.0194,0.001950571198392922,0.015576880451149874,0.02322311954885013,0.995,712.0349912088234,2500,5000
Multivariate region null,Conventional,1880,0.8646,0.004838736198636995,0.8551160770506715,0.8740839229493286,0.995,712.0349912088234,2500,5000
Multivariate region null,Anytime-valid,1899,0.0194,0.001950571198392922,0.015576880451149874,0.02322311954885013,0.995,712.0349912088234,2500,5000
Multivariate region null,Conventional,1899,0.8646,0.004838736198636995,0.8551160770506715,0.8740839229493286,0.995,712.0349912088234,2500,5000
Multivariate region null,Anytime-valid,1918,0.0194,0.001950571198392922,0.015576880451149874,0.02322311954885013,0.995,712.0349912088234,2500,5000
Multivariate region null,Conventional,1918,0.8648,0.00483572042202607,0.8553219879728289,0.8742780120271711,0.995,712.0349912088234,2500,5000
Multivariate region null,Anytime-valid,1937,0.0194,0.001950571198392922,0.015576880451149874,0.02322311954885013,0.995,712.0349912088234,2500,5000
Multivariate region null,Conventional,1937,0.865,0.004832701108076104,0.8555279058281708,0.8744720941718291,0.995,712.0349912088234,2500,5000
Multivariate region null,Anytime-valid,1957,0.0196,0.0019603999591920013,0.015757616079983678,0.02344238392001632,0.995,712.0349912088234,2500,5000
Multivariate region null,Conventional,1957,0.8656,0.004823621875727823,0.8561457011235735,0.8750542988764266,0.995,712.0349912088234,2500,5000
Multivariate region null,Anytime-valid,1976,0.0196,0.0019603999591920013,0.015757616079983678,0.02344238392001632,0.995,712.0349912088234,2500,5000
Multivariate region null,Conventional,1976,0.8658,0.004820588345834977,0.8563516468421635,0.8752483531578366,0.995,712.0349912088234,2500,5000
Multivariate region null,Anytime-valid,1996,0.0198,0.001970175626689154,0.01593845577168926,0.023661544228310745,0.995,712.0349912088234,2500,5000
Multivariate region null,Conventional,1996,0.866,0.004817551245186708,0.856557599559434,0.875442400440566,0.995,712.0349912088234,2500,5000
Multivariate region null,Anytime-valid,2016,0.0198,0.001970175626689154,0.01593845577168926,0.023661544228310745,0.995,712.0349912088234,2500,5000
Multivariate region null,Conventional,2016,0.866,0.004817551245186708,0.856557599559434,0.875442400440566,0.995,712.0349912088234,2500,5000
Multivariate region null,Anytime-valid,2037,0.0198,0.001970175626689154,0.01593845577168926,0.023661544228310745,0.995,712.0349912088234,2500,5000
Multivariate region null,Conventional,2037,0.8662,0.00481451056702548,0.85676355928863,0.8756364407113699,0.995,712.0349912088234,2500,5000
Multivariate region null,Anytime-valid,2057,0.02,0.001979898987322333,0.016119397984848228,0.023880602015151773,0.995,712.0349912088234,2500,5000
Multivariate region null,Conventional,2057,0.8664,0.004811466304568703,0.8569695260430453,0.8758304739569546,0.995,712.0349912088234,2500,5000
Multivariate region null,Anytime-valid,2078,0.02,0.001979898987322333,0.016119397984848228,0.023880602015151773,0.995,712.0349912088234,2500,5000
Multivariate region null,Conventional,2078,0.8668,0.004805366999512108,0.8573814806809563,0.8762185193190437,0.995,712.0349912088234,2500,5000
Multivariate region null,Anytime-valid,2099,0.02,0.001979898987322333,0.016119397984848228,0.023880602015151773,0.995,712.0349912088234,2500,5000
Multivariate region null,Conventional,2099,0.8672,0.0047992532752502235,0.8577934635805096,0.8766065364194904,0.995,712.0349912088234,2500,5000
Multivariate region null,Anytime-valid,2120,0.0202,0.001989570807988497,0.016300441216342547,0.02409955878365745,0.995,712.0349912088234,2500,5000
Multivariate region null,Conventional,2120,0.8672,0.0047992532752502235,0.8577934635805096,0.8766065364194904,0.995,712.0349912088234,2500,5000
Multivariate region null,Anytime-valid,2141,0.0204,0.0019991918367180273,0.01648158400003267,0.024318415999967334,0.995,712.0349912088234,2500,5000
Multivariate region null,Conventional,2141,0.8674,0.004796190988690922,0.8579994656621658,0.8768005343378341,0.995,712.0349912088234,2500,5000
Multivariate region null,Anytime-valid,2163,0.0206,0.002008762803319496,0.016662824905493787,0.024537175094506213,0.995,712.0349912088234,2500,5000
Multivariate region null,Conventional,2163,0.8676,0.004793125076607119,0.8582054748498501,0.87699452515015,0.995,712.0349912088234,2500,5000
Multivariate region null,Anytime-valid,2185,0.0208,0.0020182844199963493,0.016844162536807154,0.024755837463192844,0.995,712.0349912088234,2500,5000
Multivariate region null,Conventional,2185,0.8678,0.0047900555320371805,0.8584114911572072,0.8771885088427929,0.995,712.0349912088234,2500,5000
Multivariate region null,Anytime-valid,2207,0.021,0.002027757381937001,0.01702559553140348,0.02497440446859652,0.995,712.0349912088234,2500,5000
Multivariate region null,Conventional,2207,0.868,0.0047869823479933585,0.858617514597933,0.877382485402067,0.995,712.0349912088234,2500,5000
Multivariate region null,Anytime-valid,2229,0.021,0.002027757381937001,0.01702559553140348,0.02497440446859652,0.995,712.0349912088234,2500,5000
Multivariate region null,Conventional,2229,0.8682,0.004783905517461649,0.8588235451857752,0.8775764548142247,0.995,712.0349912088234,2500,5000
Multivariate region null,Anytime-valid,2251,0.021,0.002027757381937001,0.01702559553140348,0.02497440446859652,0.995,712.0349912088234,2500,5000
Multivariate region null,Conventional,2251,0.8686,0.004777740888746479,0.859235627858057,0.8779643721419431,0.995,712.0349912088234,2500,5000
Multivariate region null,Anytime-valid,2274,0.021,0.002027757381937001,0.01702559553140348,0.02497440446859652,0.995,712.0349912088234,2500,5000
Multivariate region null,Conventional,2274,0.8688,0.004774653076402515,0.8594416799702511,0.8781583200297489,0.995,712.0349912088234,2500,5000
Multivariate region null,Anytime-valid,2297,0.021,0.002027757381937001,0.01702559553140348,0.02497440446859652,0.995,712.0349912088234,2500,5000
Multivariate region null,Conventional,2297,0.8692,0.004768466420139708,0.8598538058165262,0.8785461941834738,0.995,712.0349912088234,2500,5000
Multivariate region null,Anytime-valid,2320,0.021,0.002027757381937001,0.01702559553140348,0.02497440446859652,0.995,712.0349912088234,2500,5000
Multivariate region null,Conventional,2320,0.8692,0.004768466420139708,0.8598538058165262,0.8785461941834738,0.995,712.0349912088234,2500,5000
Multivariate region null,Anytime-valid,2344,0.0212,0.0020371823678797143,0.017207122558955762,0.025192877441044238,0.995,712.0349912088234,2500,5000
Multivariate region null,Conventional,2344,0.8694,0.004765367561899082,0.8600598795786778,0.8787401204213221,0.995,712.0349912088234,2500,5000
Multivariate region null,Anytime-valid,2367,0.0214,0.002046560040653584,0.017388742320318975,0.025411257679681023,0.995,712.0349912088234,2500,5000
Multivariate region null,Conventional,2367,0.8694,0.004765367561899082,0.8600598795786778,0.8787401204213221,0.995,712.0349912088234,2500,5000
Multivariate region null,Anytime-valid,2391,0.0216,0.0020558910476968376,0.017570453546514198,0.025629546453485804,0.995,712.0349912088234,2500,5000
Multivariate region null,Conventional,2391,0.8698,0.0047591587491908685,0.8604720488515859,0.8791279511484141,0.995,712.0349912088234,2500,5000
Multivariate region null,Anytime-valid,2415,0.0218,0.0020651760215536106,0.017752254997754922,0.025847745002245077,0.995,712.0349912088234,2500,5000
Multivariate region null,Conventional,2415,0.87,0.004756048780237646,0.8606781443907342,0.8793218556092658,0.995,712.0349912088234,2500,5000
Multivariate region null,Anytime-valid,2439,0.0222,0.002083610328252382,0.018116123756625333,0.02628387624337467,0.995,712.0349912088234,2500,5000
Multivariate region null,Conventional,2439,0.87,0.004756048780237646,0.8606781443907342,0.8793218556092658,0.995,712.0349912088234,2500,5000
Multivariate region null,Anytime-valid,2464,0.023,0.0021199528296639053,0.018844892453858744,0.027155107546141255,0.995,712.0349912088234,2500,5000
Multivariate region null,Conventional,2464,0.87,0.004756048780237646,0.8606781443907342,0.8793218556092658,0.995,712.0349912088234,2500,5000
Multivariate region null,Anytime-valid,2489,0.0234,0.0021378699679821503,0.019209774862754984,0.027590225137245017,0.995,712.0349912088234,2500,5000
Multivariate region null,Conventional,2489,0.8702,0.004752935093181897,0.8608842472173635,0.8795157527826365,0.995,712.0349912088234,2500,5000
Multivariate region null,Anytime-valid,2514,0.0236,0.002146766871367266,0.01939233693212016,0.02780766306787984,0.995,712.0349912088234,2500,5000
Multivariate region null,Conventional,2514,0.8708,0.0047435716501387434,0.86150259956572806,0.880097400434272,0.995,712.0349912088234,2500,5000
Multivariate region null,Anytime-valid,2539,0.0236,0.002146766871367266,0.01939233693212016,0.02780766306787984,0.995,712.0349912088234,2500,5000
Multivariate region null,Conventional,2539,0.8708,0.0047435716501387434,0.86150259956572806,0.880097400434272,0.995,712.0349912088234,2500,5000
Multivariate region null,Anytime-valid,2565,0.024,0.002164439881354989,0.019757697832544222,0.02824230216745578,0.995,712.0349912088234,2500,5000
Multivariate region null,Conventional,2565,0.8708,0.0047435716501387434,0.86150259956572806,0.880097400434272,0.995,712.0349912088234,2500,5000
Multivariate region null,Anytime-valid,2591,0.024,0.002164439881354989,0.019757697832544222,0.02824230216745578,0.995,712.0349912088234,2500,5000
Multivariate region null,Conventional,2591,0.8714,0.004734174479251901,0.8621210180206662,0.8806789819793337,0.995,712.0349912088234,2500,5000
Multivariate region null,Anytime-valid,2617,0.0242,0.0021732169703000204,0.01994049473821196,0.02845950526178804,0.995,712.0349912088234,2500,5000
Multivariate region null,Conventional,2617,0.8714,0.004734174479251901,0.8621210180206662,0.8806789819793337,0.995,712.0349912088234,2500,5000
Multivariate region null,Anytime-valid,2643,0.0242,0.0021732169703000204,0.01994049473821196,0.02845950526178804,0.995,712.0349912088234,2500,5000
Multivariate region null,Conventional,2643,0.8716,0.0047310345591635656,0.8623271722640394,0.8808728277359607,0.995,712.0349912088234,2500,5000
Multivariate region null,Anytime-valid,2670,0.0244,0.002181955086613838,0.020123368030236878,0.028676631969763125,0.995,712.0349912088234,2500,5000
Multivariate region null,Conventional,2670,0.8716,0.0047310345591635656,0.8623271722640394,0.8808728277359607,0.995,712.0349912088234,2500,5000
Multivariate region null,Anytime-valid,2697,0.0246,0.0021906546966603386,0.020306316794545736,0.028893683205454265,0.995,712.0349912088234,2500,5000
Multivariate region null,Conventional,2697,0.8718,0.004727890861684521,0.8625333339110983,0.8810666660889017,0.995,712.0349912088234,2500,5000
Multivariate region null,Anytime-valid,2724,0.0248,0.002199316257385463,0.020489340135524493,0.029110659864475506,0.995,712.0349912088234,2500,5000
Multivariate region null,Conventional,2724,0.872,0.004724743379274688,0.8627395029766216,0.8812604970233784,0.995,712.0349912088234,2500,5000
Multivariate region null,Anytime-valid,2751,0.0248,0.002199316257385463,0.020489340135524493,0.029110659864475506,0.995,712.0349912088234,2500,5000
Multivariate region null,Conventional,2751,0.8722,0.004721592104364798,0.862945679475445,0.881454320524555,0.995,712.0349912088234,2500,5000
Multivariate region null,Anytime-valid,2779,0.0252,0.0022165270131446627,0.02085560705423646,0.02954439294576354,0.995,712.0349912088234,2500,5000
Multivariate region null,Conventional,2779,0.8722,0.004721592104364798,0.862945679475445,0.881454320524555,0.995,712.0349912088234,2500,5000
Multivariate region null,Anytime-valid,2807,0.0252,0.0022165270131446627,0.02085560705423646,0.02954439294576354,0.995,712.0349912088234,2500,5000
Multivariate region null,Conventional,2807,0.8722,0.004721592104364798,0.862945679475445,0.881454320524555,0.995,712.0349912088234,2500,5000
Multivariate region null,Anytime-valid,2835,0.0254,0.002225077077316649,0.021038848928459367,0.02976115107154063,0.995,712.0349912088234,2500,5000
Multivariate region null,Conventional,2835,0.8724,0.0047184370293562265,0.8631518634224618,0.8816481365775382,0.995,712.0349912088234,2500,5000
Multivariate region null,Anytime-valid,2864,0.0256,0.002233590830926739,0.021222161971383595,0.029977838028616408,0.995,712.0349912088234,2500,5000
Multivariate region null,Conventional,2864,0.8724,0.0047184370293562265,0.8631518634224618,0.8816481365775382,0.995,712.0349912088234,2500,5000
Multivariate region null,Anytime-valid,2893,0.0256,0.002233590830926739,0.021222161971383595,0.029977838028616408,0.995,712.0349912088234,2500,5000
Multivariate region null,Conventional,2893,0.8726,0.0047152781466208325,0.8633580548326232,0.8818419451673769,0.995,712.0349912088234,2500,5000
Multivariate region null,Anytime-valid,2922,0.0256,0.002233590830926739,0.021222161971383595,0.029977838028616408,0.995,712.0349912088234,2500,5000
Multivariate region null,Conventional,2922,0.8726,0.0047152781466208325,0.8633580548326232,0.8818419451673769,0.995,712.0349912088234,2500,5000
Multivariate region null,Anytime-valid,2951,0.0256,0.002233590830926739,0.021222161971383595,0.029977838028616408,0.995,712.0349912088234,2500,5000
Multivariate region null,Conventional,2951,0.8726,0.0047152781466208325,0.8633580548326232,0.8818419451673769,0.995,712.0349912088234,2500,5000
Multivariate region null,Anytime-valid,2981,0.026,0.0022505110530721684,0.02158899833597855,0.03041100166402145,0.995,712.0349912088234,2500,5000
Multivariate region null,Conventional,2981,0.8726,0.0047152781466208325,0.8633580548326232,0.8818419451673769,0.995,712.0349912088234,2500,5000
Multivariate region null,Anytime-valid,3011,0.0264,0.0022672908944376766,0.021956109846902154,0.030843890153097846,0.995,712.0349912088234,2500,5000
Multivariate region null,Conventional,3011,0.8728,0.0047121154485008105,0.8635642537209385,0.8820357462790616,0.995,712.0349912088234,2500,5000
Multivariate region null,Anytime-valid,3041,0.0266,0.0022756291437754086,0.0221397668782002,0.0310602331217998,0.995,712.0349912088234,2500,5000
Multivariate region null,Conventional,3041,0.8728,0.0047121154485008105,0.8635642537209385,0.8820357462790616,0.995,712.0349912088234,2500,5000
Multivariate region null,Anytime-valid,3072,0.027,0.002292204179387168,0.02250727980840115,0.03149272019159885,0.995,712.0349912088234,2500,5000
Multivariate region null,Conventional,3072,0.8728,0.0047121154485008105,0.8635642537209385,0.8820357462790616,0.995,712.0349912088234,2500,5000
Multivariate region null,Anytime-valid,3103,0.027,0.002292204179387168,0.02250727980840115,0.03149272019159885,0.995,712.0349912088234,2500,5000
Multivariate region null,Conventional,3103,0.8732,0.004705778575326298,0.8639766739923604,0.8824233260076395,0.995,712.0349912088234,2500,5000
Multivariate region null,Anytime-valid,3134,0.027,0.002292204179387168,0.02250727980840115,0.03149272019159885,0.995,712.0349912088234,2500,5000
Multivariate region null,Conventional,3134,0.8734,0.00470260438480636,0.8641828954057795,0.8826171045942204,0.995,712.0349912088234,2500,5000
Multivariate region null,Anytime-valid,3166,0.0272,0.002300441696718263,0.022691134274432204,0.031708865725567796,0.995,712.0349912088234,2500,5000
Multivariate region null,Conventional,3166,0.8736,0.004699426347970569,0.8643891243579778,0.8828108756420223,0.995,712.0349912088234,2500,5000
Multivariate region null,Anytime-valid,3198,0.0272,0.002300441696718263,0.022691134274432204,0.031708865725567796,0.995,712.0349912088234,2500,5000
Multivariate region null,Conventional,3198,0.8736,0.004699426347970569,0.8643891243579778,0.8828108756420223,0.995,712.0349912088234,2500,5000
Multivariate region null,Anytime-valid,3230,0.0278,0.002324958494253177,0.023243081351263774,0.03235691864873622,0.995,712.0349912088234,2500,5000
Multivariate region null,Conventional,3230,0.8738,0.004696244457010303,0.8645953608642598,0.8830046391357402,0.995,712.0349912088234,2500,5000
Multivariate region null,Anytime-valid,3262,0.0278,0.002324958494253177,0.023243081351263774,0.03235691864873622,0.995,712.0349912088234,2500,5000
Multivariate region null,Conventional,3262,0.874,0.0046930587040862805,0.8648016049399909,0.8831983950600091,0.995,712.0349912088234,2500,5000
Multivariate region null,Anytime-valid,3295,0.0278,0.002324958494253177,0.023243081351263774,0.03235691864873622,0.995,712.0349912088234,2500,5000
Multivariate region null,Conventional,3295,0.874,0.0046930587040862805,0.8648016049399909,0.8831983950600091,0.995,712.0349912088234,2500,5000
Multivariate region null,Anytime-valid,3329,0.028,0.0023330666514268295,0.023427189363203413,0.03257281063679659,0.995,712.0349912088234,2500,5000
Multivariate region null,Conventional,3329,0.874,0.0046930587040862805,0.8648016049399909,0.8831983950600091,0.995,712.0349912088234,2500,5000
Multivariate region null,Anytime-valid,3362,0.028,0.0023330666514268295,0.023427189363203413,0.03257281063679659,0.995,712.0349912088234,2500,5000
Multivariate region null,Conventional,3362,0.874,0.0046930587040862805,0.8648016049399909,0.8831983950600091,0.995,712.0349912088234,2500,5000
Multivariate region null,Anytime-valid,3396,0.0282,0.0023411433104361637,0.02361135911154512,0.03278864088845488,0.995,712.0349912088234,2500,5000
Multivariate region null,Conventional,3396,0.8742,0.004689869081328391,0.8650078566005963,0.8833921433994036,0.995,712.0349912088234,2500,5000
Multivariate region null,Anytime-valid,3430,0.0286,0.0023572034277931976,0.023979881281525332,0.03322011871847467,0.995,712.0349912088234,2500,5000
Multivariate region null,Conventional,3430,0.8742,0.004689869081328391,0.8650078566005963,0.8833921433994036,0.995,712.0349912088234,2500,5000
Multivariate region null,Anytime-valid,3465,0.0288,0.0023651875189929445,0.024164232462773827,0.03343576753722617,0.995,712.0349912088234,2500,5000
Multivariate region null,Conventional,3465,0.8742,0.004689869081328391,0.8650078566005963,0.8833921433994036,0.995,712.0349912088234,2500,5000
Multivariate region null,Anytime-valid,3500,0.029,0.0023731413780051116,0.024348642899109985,0.03365135710089002,0.995,712.0349912088234,2500,5000
Multivariate region null,Conventional,3500,0.8744,0.004686675580835525,0.8652141158615623,0.8835858841384376,0.995,712.0349912088234,2500,5000
Multivariate region null,Anytime-valid,3535,0.029,0.0023731413780051116,0.024348642899109985,0.03365135710089002,0.995,712.0349912088234,2500,5000
Multivariate region null,Conventional,3535,0.8744,0.004686675580835525,0.8652141158615623,0.8835858841384376,0.995,712.0349912088234,2500,5000
Multivariate region null,Anytime-valid,3571,0.029,0.0023731413780051116,0.024348642899109985,0.03365135710089002,0.995,712.0349912088234,2500,5000
Multivariate region null,Conventional,3571,0.8744,0.004686675580835525,0.8652141158615623,0.8835858841384376,0.995,712.0349912088234,2500,5000
Multivariate region null,Anytime-valid,3607,0.029,0.0023731413780051116,0.024348642899109985,0.03365135710089002,0.995,712.0349912088234,2500,5000
Multivariate region null,Conventional,3607,0.8748,0.004680276914884417,0.8656266572468265,0.8839733427531735,0.995,712.0349912088234,2500,5000
Multivariate region null,Anytime-valid,3643,0.029,0.0023731413780051116,0.024348642899109985,0.03365135710089002,0.995,712.0349912088234,2500,5000
Multivariate region null,Conventional,3643,0.8748,0.004680276914884417,0.8656266572468265,0.8839733427531735,0.995,712.0349912088234,2500,5000
Multivariate region null,Anytime-valid,3680,0.0292,0.002381065307798171,0.024533111996715585,0.03386688800328441,0.995,712.0349912088234,2500,5000
Multivariate region null,Conventional,3680,0.8748,0.004680276914884417,0.8656266572468265,0.8839733427531735,0.995,712.0349912088234,2500,5000
Multivariate region null,Anytime-valid,3717,0.0292,0.002381065307798171,0.024533111996715585,0.03386688800328441,0.995,712.0349912088234,2500,5000
Multivariate region null,Conventional,3717,0.8748,0.004680276914884417,0.8656266572468265,0.8839733427531735,0.995,712.0349912088234,2500,5000
Multivariate region null,Anytime-valid,3754,0.0296,0.0023968245659622234,0.024902223850714042,0.03429777614928596,0.995,712.0349912088234,2500,5000
Multivariate region null,Conventional,3754,0.875,0.004677071733467427,0.8658329394024038,0.8841670605975962,0.995,712.0349912088234,2500,5000
Multivariate region null,Anytime-valid,3792,0.0298,0.002404660474994339,0.025086865469011097,0.034513134530988906,0.995,712.0349912088234,2500,5000
Multivariate region null,Conventional,3792,0.875,0.004677071733467427,0.8658329394024038,0.8841670605975962,0.995,712.0349912088234,2500,5000
Multivariate region null,Anytime-valid,3830,0.0298,0.002404660474994339,0.025086865469011097,0.034513134530988906,0.995,712.0349912088234,2500,5000
Multivariate region null,Conventional,3830,0.875,0.004677071733467427,0.8658329394024038,0.8841670605975962,0.995,712.0349912088234,2500,5000
Multivariate region null,Anytime-valid,3869,0.0298,0.002404660474994339,0.025086865469011097,0.034513134530988906,0.995,712.0349912088234,2500,5000
Multivariate region null,Conventional,3869,0.8754,0.004670649633616292,0.8662455267181121,0.8845544732818879,0.995,712.0349912088234,2500,5000
Multivariate region null,Anytime-valid,3908,0.0298,0.002404660474994339,0.025086865469011097,0.034513134530988906,0.995,712.0349912088234,2500,5000
Multivariate region null,Conventional,3908,0.8754,0.004670649633616292,0.8662455267181121,0.8845544732818879,0.995,712.0349912088234,2500,5000
Multivariate region null,Anytime-valid,3947,0.0298,0.002404660474994339,0.025086865469011097,0.034513134530988906,0.995,712.0349912088234,2500,5000
Multivariate region null,Conventional,3947,0.8756,0.004667432699032734,0.8664518319098959,0.8847481680901041,0.995,712.0349912088234,2500,5000
Multivariate region null,Anytime-valid,3987,0.03,0.0024124676163629634,0.02527156347192859,0.03472843652807141,0.995,712.0349912088234,2500,5000
Multivariate region null,Conventional,3987,0.8758,0.004664211830523995,0.866658144812173,0.8849418551878271,0.995,712.0349912088234,2500,5000
Multivariate region null,Anytime-valid,4027,0.0304,0.002427996705104848,0.025641126457994497,0.0351588735420055,0.995,712.0349912088234,2500,5000
Multivariate region null,Conventional,4027,0.8758,0.004664211830523995,0.866658144812173,0.8849418551878271,0.995,712.0349912088234,2500,5000
Multivariate region null,Anytime-valid,4068,0.0306,0.002435719195638118,0.02582599037654929,0.03537400962345071,0.995,712.0349912088234,2500,5000
Multivariate region null,Conventional,4068,0.876,0.004660987019934726,0.866864465440928,0.885135534559072,0.995,712.0349912088234,2500,5000
Multivariate region null,Anytime-valid,4109,0.0306,0.002435719195638118,0.02582599037654929,0.03537400962345071,0.995,712.0349912088234,2500,5000
Multivariate region null,Conventional,4109,0.8762,0.004657758259077,0.8670707938122091,0.8853292061877909,0.995,712.0349912088234,2500,5000
Multivariate region null,Anytime-valid,4150,0.0306,0.002435719195638118,0.02582599037654929,0.03537400962345071,0.995,712.0349912088234,2500,5000
Multivariate region null,Conventional,4150,0.8762,0.004657758259077,0.8670707938122091,0.8853292061877909,0.995,712.0349912088234,2500,5000
Multivariate region null,Anytime-valid,4192,0.0308,0.0024434140050347587,0.026010908550131873,0.035589091449868125,0.995,712.0349912088234,2500,5000
Multivariate region null,Conventional,4192,0.8762,0.004657758259077,0.8670707938122091,0.8853292061877909,0.995,712.0349912088234,2500,5000
Multivariate region null,Anytime-valid,4234,0.0308,0.0024434140050347587,0.026010908550131873,0.035589091449868125,0.995,712.0349912088234,2500,5000
Multivariate region null,Conventional,4234,0.8764,0.004654525539730125,0.8672771299421289,0.885522870057871,0.995,712.0349912088234,2500,5000
Multivariate region null,Anytime-valid,4277,0.031,0.0024510813939973516,0.026195880467765192,0.03580411953223481,0.995,712.0349912088234,2500,5000
Multivariate region null,Conventional,4277,0.8766,0.004651288853640461,0.86748347384686475,0.8857165261531353,0.995,712.0349912088234,2500,5000
Multivariate region null,Anytime-valid,4320,0.031,0.0024510813939973516,0.026195880467765192,0.03580411953223481,0.995,712.0349912088234,2500,5000
Multivariate region null,Conventional,4320,0.8768,0.004648048192521243,0.8676898255426584,0.8859101744573417,0.995,712.0349912088234,2500,5000
Multivariate region null,Anytime-valid,4363,0.031,0.0024510813939973516,0.026195880467765192,0.03580411953223481,0.995,712.0349912088234,2500,5000
Multivariate region null,Conventional,4363,0.8768,0.004648048192521243,0.8676898255426584,0.8859101744573417,0.995,712.0349912088234,2500,5000
Multivariate region null,Anytime-valid,4407,0.031,0.0024510813939973516,0.026195880467765192,0.03580411953223481,0.995,712.0349912088234,2500,5000
Multivariate region null,Conventional,4407,0.877,0.004644803548052382,0.8678961850458173,0.8861038149541827,0.995,712.0349912088234,2500,5000
Multivariate region null,Anytime-valid,4452,0.0312,0.0024587216190532835,0.026380905626655564,0.03601909437334443,0.995,712.0349912088234,2500,5000
Multivariate region null,Conventional,4452,0.8778,0.004631784969102084,0.8687217014605599,0.8868782985394401,0.995,712.0349912088234,2500,5000
Multivariate region null,Anytime-valid,4496,0.0314,0.0024663349326480375,0.026565983532009844,0.036234016467990154,0.995,712.0349912088234,2500,5000
Multivariate region null,Conventional,4496,0.8782,0.004625251560726185,0.8691345069409766,0.8872654930590234,0.995,712.0349912088234,2500,5000
Multivariate region null,Anytime-valid,4542,0.0314,0.0024663349326480375,0.026565983532009844,0.036234016467990154,0.995,712.0349912088234,2500,5000
Multivariate region null,Conventional,4542,0.8784,0.004621978797008919,0.8693409215578625,0.88745907844213745,0.995,712.0349912088234,2500,5000
Multivariate region null,Anytime-valid,4588,0.0316,0.0024739215832358147,0.026751113696857808,0.0364488863031422,0.995,712.0349912088234,2500,5000
Multivariate region null,Conventional,4588,0.8786,0.004618701982159056,0.8695473441149683,0.8876526558850318,0.995,712.0349912088234,2500,5000
Multivariate region null,Anytime-valid,4634,0.032,0.002489015869776647,0.02712152889523777,0.03687847110476223,0.995,712.0349912088234,2500,5000
Multivariate region null,Conventional,4634,0.8788,0.004615421107548042,0.8697537746292059,0.8878462253707942,0.995,712.0349912088234,2500,5000
Multivariate region null,Anytime-valid,4680,0.0324,0.002504006389768205,0.027492147476054316,0.03730785252394568,0.995,712.0349912088234,2500,5000
Multivariate region null,Conventional,4680,0.879,0.004612136164512058,0.8699602131175563,0.8880397868824437,0.995,712.0349912088234,2500,5000
Multivariate region null,Anytime-valid,4728,0.0326,0.0025114633184659496,0.027677531895806736,0.037522468104193255,0.995,712.0349912088234,2500,5000
Multivariate region null,Conventional,4728,0.8792,0.004608847144351828,0.8701666595970704,0.8882333404029296,0.995,712.0349912088234,2500,5000
Multivariate region null,Anytime-valid,4775,0.033,0.0025263016446972443,0.028048448776393405,0.0379515512236066,0.995,712.0349912088234,2500,5000
Multivariate region null,Conventional,4775,0.8792,0.004608847144351828,0.8701666595970704,0.8882333404029296,0.995,712.0349912088234,2500,5000
Multivariate region null,Anytime-valid,4823,0.033,0.0025263016446972443,0.028048448776393405,0.0379515512236066,0.995,712.0349912088234,2500,5000
Multivariate region null,Conventional,4823,0.8796,0.004602256837683007,0.8705795765981413,0.8886204234018588,0.995,712.0349912088234,2500,5000
Multivariate region null,Anytime-valid,4872,0.033,0.0025263016446972443,0.028048448776393405,0.0379515512236066,0.995,712.0349912088234,2500,5000
Multivariate region null,Conventional,4872,0.8798,0.004598955533596731,0.8707860471541504,0.8888139528458496,0.995,712.0349912088234,2500,5000
Multivariate region null,Anytime-valid,4921,0.0338,0.002555682296374101,0.02879086269910676,0.038809137300893234,0.995,712.0349912088234,2500,5000
Multivariate region null,Conventional,4921,0.8802,0.004592340579704428,0.8711990124637793,0.8892009875362207,0.995,712.0349912088234,2500,5000
Multivariate region null,Anytime-valid,4971,0.034,0.0025629670306112017,0.028976584620002046,0.039023415379997956,0.995,712.0349912088234,2500,5000
Multivariate region null,Conventional,4971,0.8806,0.0045857091054710385,0.8716120101532768,0.8895879898467233,0.995,712.0349912088234,2500,5000
Multivariate region null,Anytime-valid,5021,0.0344,0.0025774654216885236,0.029348167773490495,0.039451832226509505,0.995,712.0349912088234,2500,5000
Multivariate region null,Conventional,5021,0.8806,0.0045857091054710385,0.8716120101532768,0.8895879898467233,0.995,712.0349912088234,2500,5000
Multivariate region null,Anytime-valid,5071,0.0344,0.0025774654216885236,0.029348167773490495,0.039451832226509505,0.995,712.0349912088234,2500,5000
Multivariate region null,Conventional,5071,0.8808,0.004582387150819974,0.8718185211843928,0.8897814788156072,0.995,712.0349912088234,2500,5000
Multivariate region null,Anytime-valid,5122,0.035,0.002599038283673405,0.02990588496400013,0.040094115035999876,0.995,712.0349912088234,2500,5000
Multivariate region null,Conventional,5122,0.8814,0.004572396308283,0.8724381032357653,0.8903618967642346,0.995,712.0349912088234,2500,5000
Multivariate region null,Anytime-valid,5174,0.035,0.002599038283673405,0.02990588496400013,0.040094115035999876,0.995,712.0349912088234,2500,5000
Multivariate region null,Conventional,5174,0.8814,0.004572396308283,0.8724381032357653,0.8903618967642346,0.995,712.0349912088234,2500,5000
Multivariate region null,Anytime-valid,5226,0.035,0.002599038283673405,0.02990588496400013,0.040094115035999876,0.995,712.0349912088234,2500,5000
Multivariate region null,Conventional,5226,0.8818,0.004565714839978511,0.8728511989136422,0.8907488010863579,0.995,712.0349912088234,2500,5000
Multivariate region null,Anytime-valid,5279,0.035,0.002599038283673405,0.02990588496400013,0.040094115035999876,0.995,712.0349912088234,2500,5000
Multivariate region null,Conventional,5279,0.8818,0.004565714839978511,0.8728511989136422,0.8907488010863579,0.995,712.0349912088234,2500,5000
Multivariate region null,Anytime-valid,5332,0.035,0.002599038283673405,0.02990588496400013,0.040094115035999876,0.995,712.0349912088234,2500,5000
Multivariate region null,Conventional,5332,0.8818,0.004565714839978511,0.8728511989136422,0.8907488010863579,0.995,712.0349912088234,2500,5000
Multivariate region null,Anytime-valid,5386,0.035,0.002599038283673405,0.02990588496400013,0.040094115035999876,0.995,712.0349912088234,2500,5000
Multivariate region null,Conventional,5386,0.882,0.004562367806304091,0.873057759099644,0.890942240900356,0.995,712.0349912088234,2500,5000
Multivariate region null,Anytime-valid,5440,0.0356,0.0026204060754012916,0.03046400409221347,0.04073599590778653,0.995,712.0349912088234,2500,5000
Multivariate region null,Conventional,5440,0.8822,0.004559016560619187,0.8732643275411863,0.8911356724588136,0.995,712.0349912088234,2500,5000
Multivariate region null,Anytime-valid,5495,0.0356,0.0026204060754012916,0.03046400409221347,0.04073599590778653,0.995,712.0349912088234,2500,5000
Multivariate region null,Conventional,5495,0.8824,0.004555661093628455,0.8734709042564882,0.8913290957435117,0.995,712.0349912088234,2500,5000
Multivariate region null,Anytime-valid,5550,0.0358,0.002627483967600944,0.030650131423502147,0.04094986857649785,0.995,712.0349912088234,2500,5000
Multivariate region null,Conventional,5550,0.8824,0.004555661093628455,0.8734709042564882,0.8913290957435117,0.995,712.0349912088234,2500,5000
Multivariate region null,Anytime-valid,5606,0.036,0.002634539808012018,0.030836301976296443,0.04116369802370355,0.995,712.0349912088234,2500,5000
Multivariate region null,Conventional,5606,0.883,0.004545569271279451,0.8740906842282923,0.8919093157717077,0.995,712.0349912088234,2500,5000
Multivariate region null,Anytime-valid,5663,0.0362,0.0026415737733404307,0.03102251540425276,0.04137748459574725,0.995,712.0349912088234,2500,5000
Multivariate region null,Conventional,5663,0.883,0.004545569271279451,0.8740906842282923,0.8919093157717077,0.995,712.0349912088234,2500,5000
Multivariate region null,Anytime-valid,5720,0.0362,0.0026415737733404307,0.03102251540425276,0.04137748459574725,0.995,712.0349912088234,2500,5000
Multivariate region null,Conventional,5720,0.8832,0.004542196825325825,0.8742972942223614,0.8921027057776386,0.995,712.0349912088234,2500,5000
Multivariate region null,Anytime-valid,5777,0.0364,0.002648586037870018,0.031208771365774768,0.041591228634225236,0.995,712.0349912088234,2500,5000
Multivariate region null,Conventional,5777,0.8836,0.004535439118762371,0.8747105393272258,0.8924894606727743,0.995,712.0349912088234,2500,5000
Multivariate region null,Anytime-valid,5835,0.0364,0.002648586037870018,0.031208771365774768,0.041591228634225236,0.995,712.0349912088234,2500,5000
Multivariate region null,Conventional,5835,0.8838,0.004532053839044721,0.8749171744754723,0.8926828255245277,0.995,712.0349912088234,2500,5000
Multivariate region null,Anytime-valid,5894,0.0366,0.0026555767735089116,0.031395069523922535,0.041804930476077466,0.995,712.0349912088234,2500,5000
Multivariate region null,Conventional,5894,0.8838,0.004532053839044721,0.8749171744754723,0.8926828255245277,0.995,712.0349912088234,2500,5000
Multivariate region null,Anytime-valid,5954,0.0366,0.0026555767735089116,0.031395069523922535,0.041804930476077466,0.995,712.0349912088234,2500,5000
Multivariate region null,Conventional,5954,0.8846,0.004518469652437647,0.8757437994812223,0.8934562005187778,0.995,712.0349912088234,2500,5000
Multivariate region null,Anytime-valid,6014,0.0366,0.0026555767735089116,0.031395069523922535,0.041804930476077466,0.995,712.0349912088234,2500,5000
Multivariate region null,Conventional,6014,0.8846,0.004518469652437647,0.8757437994812223,0.8934562005187778,0.995,712.0349912088234,2500,5000
Multivariate region null,Anytime-valid,6074,0.0366,0.0026555767735089116,0.031395069523922535,0.041804930476077466,0.995,712.0349912088234,2500,5000
Multivariate region null,Conventional,6074,0.8846,0.004518469652437647,0.8757437994812223,0.8934562005187778,0.995,712.0349912088234,2500,5000
Multivariate region null,Anytime-valid,6135,0.0366,0.0026555767735089116,0.031395069523922535,0.041804930476077466,0.995,712.0349912088234,2500,5000
Multivariate region null,Conventional,6135,0.8848,0.004515062790261061,0.8759504769310884,0.8936495230689117,0.995,712.0349912088234,2500,5000
Multivariate region null,Anytime-valid,6197,0.0366,0.0026555767735089116,0.031395069523922535,0.041804930476077466,0.995,712.0349912088234,2500,5000
Multivariate region null,Conventional,6197,0.8848,0.004515062790261061,0.8759504769310884,0.8936495230689117,0.995,712.0349912088234,2500,5000
Multivariate region null,Anytime-valid,6260,0.0368,0.002662546149834778,0.03158140954632384,0.04201859045367616,0.995,712.0349912088234,2500,5000
Multivariate region null,Conventional,6260,0.885,0.004511651582292232,0.8761571628987073,0.8938428371012928,0.995,712.0349912088234,2500,5000
Multivariate region null,Anytime-valid,6323,0.0368,0.002662546149834778,0.03158140954632384,0.04201859045367616,0.995,712.0349912088234,2500,5000
Multivariate region null,Conventional,6323,0.8852,0.004508236018666281,0.876363857403414,0.8940361425965859,0.995,712.0349912088234,2500,5000
Multivariate region null,Anytime-valid,6386,0.037,0.002669494334138958,0.031767791105087644,0.04223220889491235,0.995,712.0349912088234,2500,5000
Multivariate region null,Conventional,6386,0.8856,0.004501391784770572,0.8767772721018497,0.8944227278981504,0.995,712.0349912088234,2500,5000
Multivariate region null,Anytime-valid,6451,0.037,0.002669494334138958,0.031767791105087644,0.04223220889491235,0.995,712.0349912088234,2500,5000
Multivariate region null,Conventional,6451,0.8858,0.0044979630945573565,0.8769839923346676,0.8946160076653324,0.995,712.0349912088234,2500,5000
Multivariate region null,Anytime-valid,6516,0.037,0.002669494334138958,0.031767791105087644,0.04223220889491235,0.995,712.0349912088234,2500,5000
Multivariate region null,Conventional,6516,0.886,0.004494530008799585,0.8771907211827529,0.8948092788172471,0.995,712.0349912088234,2500,5000
Multivariate region null,Anytime-valid,6581,0.037,0.002669494334138958,0.031767791105087644,0.04223220889491235,0.995,712.0349912088234,2500,5000
Multivariate region null,Conventional,6581,0.886,0.004494530008799585,0.8771907211827529,0.8948092788172471,0.995,712.0349912088234,2500,5000
Multivariate region null,Anytime-valid,6648,0.037,0.002669494334138958,0.031767791105087644,0.04223220889491235,0.995,712.0349912088234,2500,5000
Multivariate region null,Conventional,6648,0.8862,0.004491092517417116,0.8773974586658625,0.8950025413341375,0.995,712.0349912088234,2500,5000
Multivariate region null,Anytime-valid,6715,0.037,0.002669494334138958,0.031767791105087644,0.04223220889491235,0.995,712.0349912088234,2500,5000
Multivariate region null,Conventional,6715,0.8864,0.004487650610285966,0.8776042048038395,0.8951957951961604,0.995,712.0349912088234,2500,5000
Multivariate region null,Anytime-valid,6782,0.037,0.002669494334138958,0.031767791105087644,0.04223220889491235,0.995,712.0349912088234,2500,5000
Multivariate region null,Conventional,6782,0.8864,0.004487650610285966,0.8776042048038395,0.8951957951961604,0.995,712.0349912088234,2500,5000
Multivariate region null,Anytime-valid,6851,0.037,0.002669494334138958,0.031767791105087644,0.04223220889491235,0.995,712.0349912088234,2500,5000
Multivariate region null,Conventional,6851,0.8864,0.004487650610285966,0.8776042048038395,0.8951957951961604,0.995,712.0349912088234,2500,5000
Multivariate region null,Anytime-valid,6920,0.037,0.002669494334138958,0.031767791105087644,0.04223220889491235,0.995,712.0349912088234,2500,5000
Multivariate region null,Conventional,6920,0.8868,0.0044807535080608925,0.8780177231242007,0.8955822768757994,0.995,712.0349912088234,2500,5000
Multivariate region null,Anytime-valid,6989,0.037,0.002669494334138958,0.031767791105087644,0.04223220889491235,0.995,712.0349912088234,2500,5000
Multivariate region null,Conventional,6989,0.8872,0.0044738386202454825,0.8784312763043188,0.8959687236956811,0.995,712.0349912088234,2500,5000
Multivariate region null,Anytime-valid,7060,0.037,0.002669494334138958,0.031767791105087644,0.04223220889491235,0.995,712.0349912088234,2500,5000
Multivariate region null,Conventional,7060,0.8874,0.004470374480957944,0.8786380660173224,0.8961619339826775,0.995,712.0349912088234,2500,5000
Multivariate region null,Anytime-valid,7131,0.037,0.002669494334138958,0.031767791105087644,0.04223220889491235,0.995,712.0349912088234,2500,5000
Multivariate region null,Conventional,7131,0.8876,0.00446690586424205,0.8788448645060856,0.8963551354939143,0.995,712.0349912088234,2500,5000
Multivariate region null,Anytime-valid,7203,0.0372,0.002676421491469533,0.03195421387671971,0.04244578612328028,0.995,712.0349912088234,2500,5000
Multivariate region null,Conventional,7203,0.8876,0.00446690586424205,0.8788448645060856,0.8963551354939143,0.995,712.0349912088234,2500,5000
Multivariate region null,Anytime-valid,7275,0.0372,0.002676421491469533,0.03195421387671971,0.04244578612328028,0.995,712.0349912088234,2500,5000
Multivariate region null,Conventional,7275,0.8876,0.00446690586424205,0.8788448645060856,0.8963551354939143,0.995,712.0349912088234,2500,5000
Multivariate region null,Anytime-valid,7349,0.0374,0.0026833277846733524,0.03214067754204023,0.042659322457959774,0.995,712.0349912088234,2500,5000
Multivariate region null,Conventional,7349,0.8876,0.00446690586424205,0.8788448645060856,0.8963551354939143,0.995,712.0349912088234,2500,5000
Multivariate region null,Anytime-valid,7423,0.0376,0.0026902133744370537,0.03232718178610337,0.04287281821389663,0.995,712.0349912088234,2500,5000
Multivariate region null,Conventional,7423,0.8876,0.00446690586424205,0.8788448645060856,0.8963551354939143,0.995,712.0349912088234,2500,5000
Multivariate region null,Anytime-valid,7497,0.0376,0.0026902133744370537,0.03232718178610337,0.04287281821389663,0.995,712.0349912088234,2500,5000
Multivariate region null,Conventional,7497,0.8878,0.004463432759659318,0.8790516717910678,0.8965483282089323,0.995,712.0349912088234,2500,5000
Multivariate region null,Anytime-valid,7573,0.0378,0.002697078419327106,0.03251372629811887,0.04308627370188113,0.995,712.0349912088234,2500,5000
Multivariate region null,Conventional,7573,0.8878,0.004463432759659318,0.8790516717910678,0.8965483282089323,0.995,712.0349912088234,2500,5000
Multivariate region null,Anytime-valid,7649,0.038,0.0027039230758288966,0.03270031077137536,0.043299689228624635,0.995,712.0349912088234,2500,5000
Multivariate region null,Conventional,7649,0.8878,0.004463432759659318,0.8790516717910678,0.8965483282089323,0.995,712.0349912088234,2500,5000
Multivariate region null,Anytime-valid,7726,0.038,0.0027039230758288966,0.03270031077137536,0.043299689228624635,0.995,712.0349912088234,2500,5000
Multivariate region null,Conventional,7726,0.8878,0.004463432759659318,0.8790516717910678,0.8965483282089323,0.995,712.0349912088234,2500,5000
Multivariate region null,Anytime-valid,7804,0.038,0.0027039230758288966,0.03270031077137536,0.043299689228624635,0.995,712.0349912088234,2500,5000
Multivariate region null,Conventional,7804,0.888,0.004459955156725233,0.8792584878928186,0.8967415121071814,0.995,712.0349912088234,2500,5000
Multivariate region null,Anytime-valid,7883,0.038,0.0027039230758288966,0.03270031077137536,0.043299689228624635,0.995,712.0349912088234,2500,5000
Multivariate region null,Conventional,7883,0.8882,0.0044564730449089445,0.8794653128319785,0.8969346871680215,0.995,712.0349912088234,2500,5000
Multivariate region null,Anytime-valid,7962,0.038,0.0027039230758288966,0.03270031077137536,0.043299689228624635,0.995,712.0349912088234,2500,5000
Multivariate region null,Conventional,7962,0.8884,0.004452986413632991,0.8796721466292793,0.8971278533707207,0.995,712.0349912088234,2500,5000
Multivariate region null,Anytime-valid,8043,0.038,0.0027039230758288966,0.03270031077137536,0.043299689228624635,0.995,712.0349912088234,2500,5000
Multivariate region null,Conventional,8043,0.8884,0.004452986413632991,0.8796721466292793,0.8971278533707207,0.995,712.0349912088234,2500,5000
Multivariate region null,Anytime-valid,8124,0.0382,0.002710747498384901,0.03288693490316559,0.043513065096834405,0.995,712.0349912088234,2500,5000
Multivariate region null,Conventional,8124,0.8884,0.004452986413632991,0.8796721466292793,0.8971278533707207,0.995,712.0349912088234,2500,5000
Multivariate region null,Anytime-valid,8205,0.0382,0.002710747498384901,0.03288693490316559,0.043513065096834405,0.995,712.0349912088234,2500,5000
Multivariate region null,Conventional,8205,0.8888,0.004445999550157421,0.8800858408816915,0.8975141591183086,0.995,712.0349912088234,2500,5000
Multivariate region null,Anytime-valid,8288,0.0382,0.002710747498384901,0.03288693490316559,0.043513065096834405,0.995,712.0349912088234,2500,5000
Multivariate region null,Conventional,8288,0.889,0.004442499296567193,0.8802927013787283,0.8977072986212717,0.995,712.0349912088234,2500,5000
Multivariate region null,Anytime-valid,8372,0.0382,0.002710747498384901,0.03288693490316559,0.043513065096834405,0.995,712.0349912088234,2500,5000
Multivariate region null,Conventional,8372,0.8892,0.004438994480735474,0.8804995708177584,0.8979004291822416,0.995,712.0349912088234,2500,5000
Multivariate region null,Anytime-valid,8456,0.0382,0.002710747498384901,0.03288693490316559,0.043513065096834405,0.995,712.0349912088234,2500,5000
Multivariate region null,Conventional,8456,0.8894,0.00443548509184734,0.8807064492199792,0.8980935507800207,0.995,712.0349912088234,2500,5000
Multivariate region null,Anytime-valid,8541,0.0384,0.0027175518394319544,0.03307359839471337,0.043726401605286624,0.995,712.0349912088234,2500,5000
Multivariate region null,Conventional,8541,0.8894,0.00443548509184734,0.8807064492199792,0.8980935507800207,0.995,712.0349912088234,2500,5000
Multivariate region null,Anytime-valid,8627,0.0386,0.0027243362494376497,0.03326030095110221,0.043939699048897794,0.995,712.0349912088234,2500,5000
Multivariate region null,Conventional,8627,0.8894,0.00443548509184734,0.8807064492199792,0.8980935507800207,0.995,712.0349912088234,2500,5000
Multivariate region null,Anytime-valid,8714,0.0386,0.0027243362494376497,0.03326030095110221,0.043939699048897794,0.995,712.0349912088234,2500,5000
Multivariate region null,Conventional,8714,0.8898,0.004428452551399867,0.8811202329992563,0.8984797670007437,0.995,712.0349912088234,2500,5000
Multivariate region null,Anytime-valid,8802,0.0386,0.0027243362494376497,0.03326030095110221,0.043939699048897794,0.995,712.0349912088234,2500,5000
Multivariate region null,Conventional,8802,0.8898,0.004428452551399867,0.8811202329992563,0.8984797670007437,0.995,712.0349912088234,2500,5000
Multivariate region null,Anytime-valid,8891,0.0386,0.0027243362494376497,0.03326030095110221,0.043939699048897794,0.995,712.0349912088234,2500,5000
Multivariate region null,Conventional,8891,0.8898,0.004428452551399867,0.8811202329992563,0.8984797670007437,0.995,712.0349912088234,2500,5000
Multivariate region null,Anytime-valid,8980,0.0386,0.0027243362494376497,0.03326030095110221,0.043939699048897794,0.995,712.0349912088234,2500,5000
Multivariate region null,Conventional,8980,0.8902,0.004421401587732107,0.8815340528880451,0.8988659471119549,0.995,712.0349912088234,2500,5000
Multivariate region null,Anytime-valid,9071,0.0386,0.0027243362494376497,0.03326030095110221,0.043939699048897794,0.995,712.0349912088234,2500,5000
Multivariate region null,Conventional,9071,0.8902,0.004421401587732107,0.8815340528880451,0.8988659471119549,0.995,712.0349912088234,2500,5000
Multivariate region null,Anytime-valid,9162,0.0386,0.0027243362494376497,0.03326030095110221,0.043939699048897794,0.995,712.0349912088234,2500,5000
Multivariate region null,Conventional,9162,0.8904,0.004417869169633705,0.8817409764275179,0.899059023572482,0.995,712.0349912088234,2500,5000
Multivariate region null,Anytime-valid,9254,0.0386,0.0027243362494376497,0.03326030095110221,0.043939699048897794,0.995,712.0349912088234,2500,5000
Multivariate region null,Conventional,9254,0.8908,0.004410790405358205,0.8821548508054979,0.8994451491945021,0.995,712.0349912088234,2500,5000
Multivariate region null,Anytime-valid,9348,0.0386,0.0027243362494376497,0.03326030095110221,0.043939699048897794,0.995,712.0349912088234,2500,5000
Multivariate region null,Conventional,9348,0.8908,0.004410790405358205,0.8821548508054979,0.8994451491945021,0.995,712.0349912088234,2500,5000
Multivariate region null,Anytime-valid,9442,0.0386,0.0027243362494376497,0.03326030095110221,0.043939699048897794,0.995,712.0349912088234,2500,5000
Multivariate region null,Conventional,9442,0.891,0.004407244036810305,0.8823618016878518,0.8996381983121482,0.995,712.0349912088234,2500,5000
Multivariate region null,Anytime-valid,9537,0.0386,0.0027243362494376497,0.03326030095110221,0.043939699048897794,0.995,712.0349912088234,2500,5000
Multivariate region null,Conventional,9537,0.8916,0.0043965768502324636,0.8829827093735443,0.9002172906264556,0.995,712.0349912088234,2500,5000
Multivariate region null,Anytime-valid,9633,0.0386,0.0027243362494376497,0.03326030095110221,0.043939699048897794,0.995,712.0349912088234,2500,5000
Multivariate region null,Conventional,9633,0.8918,0.00439301172318035,0.8831896970225666,0.9004103029774335,0.995,712.0349912088234,2500,5000
Multivariate region null,Anytime-valid,9730,0.0386,0.0027243362494376497,0.03326030095110221,0.043939699048897794,0.995,712.0349912088234,2500,5000
Multivariate region null,Conventional,9730,0.8924,0.00438228798688539,0.8838107155457046,0.9009892844542954,0.995,712.0349912088234,2500,5000
Multivariate region null,Anytime-valid,9828,0.0386,0.0027243362494376497,0.03326030095110221,0.043939699048897794,0.995,712.0349912088234,2500,5000
Multivariate region null,Conventional,9828,0.8924,0.00438228798688539,0.8838107155457046,0.9009892844542954,0.995,712.0349912088234,2500,5000
Multivariate region null,Anytime-valid,9927,0.0388,0.0027311008769358926,0.03344704228120565,0.04415295771879435,0.995,712.0349912088234,2500,5000
Multivariate region null,Conventional,9927,0.8924,0.00438228798688539,0.8838107155457046,0.9009892844542954,0.995,712.0349912088234,2500,5000
Multivariate region null,Anytime-valid,10027,0.039,0.0027378458685616324,0.0336338220976192,0.0443661779023808,0.995,712.0349912088234,2500,5000
Multivariate region null,Conventional,10027,0.8926,0.004378703917827741,0.8840177403210576,0.9011822596789423,0.995,712.0349912088234,2500,5000
Multivariate region null,Anytime-valid,10128,0.039,0.0027378458685616324,0.0336338220976192,0.0443661779023808,0.995,712.0349912088234,2500,5000
Multivariate region null,Conventional,10128,0.8932,0.004367923076245735,0.8846388707705584,0.9017611292294416,0.995,712.0349912088234,2500,5000
Multivariate region null,Anytime-valid,10230,0.0392,0.0027445713690847973,0.033820640116593796,0.0445793598834062,0.995,712.0349912088234,2500,5000
Multivariate region null,Conventional,10230,0.8932,0.004367923076245735,0.8846388707705584,0.9017611292294416,0.995,712.0349912088234,2500,5000
Multivariate region null,Anytime-valid,10333,0.0392,0.0027445713690847973,0.033820640116593796,0.0445793598834062,0.995,712.0349912088234,2500,5000
Multivariate region null,Conventional,10333,0.8932,0.004367923076245735,0.8846388707705584,0.9017611292294416,0.995,712.0349912088234,2500,5000
Multivariate region null,Anytime-valid,10437,0.0394,0.0027512775214434473,0.03400749605797084,0.044792503942029153,0.995,712.0349912088234,2500,5000
Multivariate region null,Conventional,10437,0.8932,0.004367923076245735,0.8846388707705584,0.9017611292294416,0.995,712.0349912088234,2500,5000
Multivariate region null,Anytime-valid,10543,0.0396,0.0027579644667761766,0.0341943896451187,0.045005610354881306,0.995,712.0349912088234,2500,5000
Multivariate region null,Conventional,10543,0.8932,0.004367923076245735,0.8846388707705584,0.9017611292294416,0.995,712.0349912088234,2500,5000
Multivariate region null,Anytime-valid,10649,0.0396,0.0027579644667761766,0.0341943896451187,0.045005610354881306,0.995,712.0349912088234,2500,5000
Multivariate region null,Conventional,10649,0.8932,0.004367923076245735,0.8846388707705584,0.9017611292294416,0.995,712.0349912088234,2500,5000
Multivariate region null,Anytime-valid,10756,0.0398,0.0027646323444537792,0.03438132060487059,0.04521867939512941,0.995,712.0349912088234,2500,5000
Multivariate region null,Conventional,10756,0.8932,0.004367923076245735,0.8846388707705584,0.9017611292294416,0.995,712.0349912088234,2500,5000
Multivariate region null,Anytime-valid,10864,0.04,0.0027712812921102037,0.034568288667464,0.045431711332536,0.995,712.0349912088234,2500,5000
Multivariate region null,Conventional,10864,0.8932,0.004367923076245735,0.8846388707705584,0.9017611292294416,0.995,712.0349912088234,2500,5000
Multivariate region null,Anytime-valid,10974,0.04,0.0027712812921102037,0.034568288667464,0.045431711332536,0.995,712.0349912088234,2500,5000
Multivariate region null,Conventional,10974,0.8932,0.004367923076245735,0.8846388707705584,0.9017611292294416,0.995,712.0349912088234,2500,5000
Multivariate region null,Anytime-valid,11084,0.0402,0.00277791144567281,0.03475529356648129,0.04564470643351871,0.995,712.0349912088234,2500,5000
Multivariate region null,Conventional,11084,0.8932,0.004367923076245735,0.8846388707705584,0.9017611292294416,0.995,712.0349912088234,2500,5000
Multivariate region null,Anytime-valid,11196,0.0402,0.00277791144567281,0.03475529356648129,0.04564470643351871,0.995,712.0349912088234,2500,5000
Multivariate region null,Conventional,11196,0.8936,0.0043607118684912,0.8850530047377572,0.9021469952622427,0.995,712.0349912088234,2500,5000
Multivariate region null,Anytime-valid,11309,0.0402,0.00277791144567281,0.03475529356648129,0.04564470643351871,0.995,712.0349912088234,2500,5000
Multivariate region null,Conventional,11309,0.8936,0.0043607118684912,0.8850530047377572,0.9021469952622427,0.995,712.0349912088234,2500,5000
Multivariate region null,Anytime-valid,11423,0.0402,0.00277791144567281,0.03475529356648129,0.04564470643351871,0.995,712.0349912088234,2500,5000
Multivariate region null,Conventional,11423,0.8936,0.0043607118684912,0.8850530047377572,0.9021469952622427,0.995,712.0349912088234,2500,5000
Multivariate region null,Anytime-valid,11538,0.0402,0.00277791144567281,0.03475529356648129,0.04564470643351871,0.995,712.0349912088234,2500,5000
Multivariate region null,Conventional,11538,0.8938,0.004357099034908433,0.8852600858915796,0.9023399141084205,0.995,712.0349912088234,2500,5000
Multivariate region null,Anytime-valid,11654,0.0404,0.0027845229393919525,0.03494233503879177,0.045857664961208223,0.995,712.0349912088234,2500,5000
Multivariate region null,Conventional,11654,0.8938,0.004357099034908433,0.8852600858915796,0.9023399141084205,0.995,712.0349912088234,2500,5000
Multivariate region null,Anytime-valid,11772,0.0404,0.0027845229393919525,0.03494233503879177,0.045857664961208223,0.995,712.0349912088234,2500,5000
Multivariate region null,Conventional,11772,0.8938,0.004357099034908433,0.8852600858915796,0.9023399141084205,0.995,712.0349912088234,2500,5000
Multivariate region null,Anytime-valid,11890,0.0404,0.0027845229393919525,0.03494233503879177,0.045857664961208223,0.995,712.0349912088234,2500,5000
Multivariate region null,Conventional,11890,0.894,0.0043534813655280525,0.885467176523565,0.902532823476435,0.995,712.0349912088234,2500,5000
Multivariate region null,Anytime-valid,12010,0.0408,0.002797690476089162,0.035316526666865244,0.04628347333313476,0.995,712.0349912088234,2500,5000
Multivariate region null,Conventional,12010,0.894,0.0043534813655280525,0.885467176523565,0.902532823476435,0.995,712.0349912088234,2500,5000
Multivariate region null,Anytime-valid,12131,0.0408,0.002797690476089162,0.035316526666865244,0.04628347333313476,0.995,712.0349912088234,2500,5000
Multivariate region null,Conventional,12131,0.8942,0.00434985884828462,0.8856742766573621,0.9027257233426379,0.995,712.0349912088234,2500,5000
Multivariate region null,Anytime-valid,12253,0.041,0.002804246779440069,0.035503676312297464,0.04649632368770254,0.995,712.0349912088234,2500,5000
Multivariate region null,Conventional,12253,0.8944,0.004346231471056276,0.8858813863167296,0.9029186136832703,0.995,712.0349912088234,2500,5000
Multivariate region null,Anytime-valid,12377,0.041,0.002804246779440069,0.035503676312297464,0.04649632368770254,0.995,712.0349912088234,2500,5000
Multivariate region null,Conventional,12377,0.8946,0.004342599221664372,0.8860885055255378,0.9031114944744622,0.995,712.0349912088234,2500,5000
Multivariate region null,Anytime-valid,12501,0.041,0.002804246779440069,0.035503676312297464,0.04649632368770254,0.995,712.0349912088234,2500,5000
Multivariate region null,Conventional,12501,0.895,0.004335320057389074,0.8865027726875174,0.9034972273124826,0.995,712.0349912088234,2500,5000
Multivariate region null,Anytime-valid,12627,0.0414,0.002817305095299407,0.03587808201321316,0.04692191798678684,0.995,712.0349912088234,2500,5000
Multivariate region null,Conventional,12627,0.8954,0.004328021256879407,0.8869170783365163,0.9038829216634836,0.995,712.0349912088234,2500,5000
Multivariate region null,Anytime-valid,12755,0.0414,0.002817305095299407,0.03587808201321316,0.04692191798678684,0.995,712.0349912088234,2500,5000
Multivariate region null,Conventional,12755,0.8956,0.004324364461975888,0.8871242456545272,0.9040757543454727,0.995,712.0349912088234,2500,5000
Multivariate region null,Anytime-valid,12883,0.0414,0.002817305095299407,0.03587808201321316,0.04692191798678684,0.995,712.0349912088234,2500,5000
Multivariate region null,Conventional,12883,0.8958,0.004320702720623116,0.8873314226675787,0.9042685773324214,0.995,712.0349912088234,2500,5000
Multivariate region null,Anytime-valid,13013,0.0414,0.002817305095299407,0.03587808201321316,0.04692191798678684,0.995,712.0349912088234,2500,5000
Multivariate region null,Conventional,13013,0.896,0.004317036020234253,0.8875386094003409,0.9044613905996591,0.995,712.0349912088234,2500,5000
Multivariate region null,Anytime-valid,13144,0.0414,0.002817305095299407,0.03587808201321316,0.04692191798678684,0.995,712.0349912088234,2500,5000
Multivariate region null,Conventional,13144,0.896,0.004317036020234253,0.8875386094003409,0.9044613905996591,0.995,712.0349912088234,2500,5000
Multivariate region null,Anytime-valid,13277,0.0416,0.002823807358868519,0.0360653375766177,0.047134662423382295,0.995,712.0349912088234,2500,5000
Multivariate region null,Conventional,13277,0.896,0.004317036020234253,0.8875386094003409,0.9044613905996591,0.995,712.0349912088234,2500,5000
Multivariate region null,Anytime-valid,13410,0.0416,0.002823807358868519,0.0360653375766177,0.047134662423382295,0.995,712.0349912088234,2500,5000
Multivariate region null,Conventional,13410,0.896,0.004317036020234253,0.8875386094003409,0.9044613905996591,0.995,712.0349912088234,2500,5000
Multivariate region null,Anytime-valid,13545,0.0416,0.002823807358868519,0.0360653375766177,0.047134662423382295,0.995,712.0349912088234,2500,5000
Multivariate region null,Conventional,13545,0.896,0.004317036020234253,0.8875386094003409,0.9044613905996591,0.995,712.0349912088234,2500,5000
Multivariate region null,Anytime-valid,13682,0.0416,0.002823807358868519,0.0360653375766177,0.047134662423382295,0.995,712.0349912088234,2500,5000
Multivariate region null,Conventional,13682,0.8962,0.0043133643481625804,0.8877458058776013,0.9046541941223987,0.995,712.0349912088234,2500,5000
Multivariate region null,Anytime-valid,13820,0.0416,0.002823807358868519,0.0360653375766177,0.047134662423382295,0.995,712.0349912088234,2500,5000
Multivariate region null,Conventional,13820,0.8964,0.004309687691701106,0.8879530121242658,0.9048469878757341,0.995,712.0349912088234,2500,5000
Multivariate region null,Anytime-valid,13959,0.0416,0.002823807358868519,0.0360653375766177,0.047134662423382295,0.995,712.0349912088234,2500,5000
Multivariate region null,Conventional,13959,0.8964,0.004309687691701106,0.8879530121242658,0.9048469878757341,0.995,712.0349912088234,2500,5000
Multivariate region null,Anytime-valid,14100,0.0416,0.002823807358868519,0.0360653375766177,0.047134662423382295,0.995,712.0349912088234,2500,5000
Multivariate region null,Conventional,14100,0.8968,0.0043023193744769804,0.8883674540260251,0.905232545973975,0.995,712.0349912088234,2500,5000
Multivariate region null,Anytime-valid,14242,0.0416,0.002823807358868519,0.0360653375766177,0.047134662423382295,0.995,712.0349912088234,2500,5000
Multivariate region null,Conventional,14242,0.8968,0.0043023193744769804,0.8883674540260251,0.905232545973975,0.995,712.0349912088234,2500,5000
Multivariate region null,Anytime-valid,14385,0.0416,0.002823807358868519,0.0360653375766177,0.047134662423382295,0.995,712.0349912088234,2500,5000
Multivariate region null,Conventional,14385,0.8968,0.0043023193744769804,0.8883674540260251,0.905232545973975,0.995,712.0349912088234,2500,5000
Multivariate region null,Anytime-valid,14530,0.0416,0.002823807358868519,0.0360653375766177,0.047134662423382295,0.995,712.0349912088234,2500,5000
Multivariate region null,Conventional,14530,0.897,0.004298627687995321,0.8885746897315292,0.9054253102684708,0.995,712.0349912088234,2500,5000
Multivariate region null,Anytime-valid,14677,0.0416,0.002823807358868519,0.0360653375766177,0.047134662423382295,0.995,712.0349912088234,2500,5000
Multivariate region null,Conventional,14677,0.8974,0.0042912291945315624,0.8889891907787181,0.9058108092212819,0.995,712.0349912088234,2500,5000
Multivariate region null,Anytime-valid,14824,0.0418,0.002830291857741883,0.0362526279588259,0.04734737204117409,0.995,712.0349912088234,2500,5000
Multivariate region null,Conventional,14824,0.8974,0.0042912291945315624,0.8889891907787181,0.9058108092212819,0.995,712.0349912088234,2500,5000
Multivariate region null,Anytime-valid,14974,0.0418,0.002830291857741883,0.0362526279588259,0.04734737204117409,0.995,712.0349912088234,2500,5000
Multivariate region null,Conventional,14974,0.8974,0.0042912291945315624,0.8889891907787181,0.9058108092212819,0.995,712.0349912088234,2500,5000
Multivariate region null,Anytime-valid,15125,0.0418,0.002830291857741883,0.0362526279588259,0.04734737204117409,0.995,712.0349912088234,2500,5000
Multivariate region null,Conventional,15125,0.8974,0.0042912291945315624,0.8889891907787181,0.9058108092212819,0.995,712.0349912088234,2500,5000
Multivariate region null,Anytime-valid,15277,0.0418,0.002830291857741883,0.0362526279588259,0.04734737204117409,0.995,712.0349912088234,2500,5000
Multivariate region null,Conventional,15277,0.8974,0.0042912291945315624,0.8889891907787181,0.9058108092212819,0.995,712.0349912088234,2500,5000
Multivariate region null,Anytime-valid,15431,0.0418,0.002830291857741883,0.0362526279588259,0.04734737204117409,0.995,712.0349912088234,2500,5000
Multivariate region null,Conventional,15431,0.8974,0.0042912291945315624,0.8889891907787181,0.9058108092212819,0.995,712.0349912088234,2500,5000
Multivariate region null,Anytime-valid,15586,0.0418,0.002830291857741883,0.0362526279588259,0.04734737204117409,0.995,712.0349912088234,2500,5000
Multivariate region null,Conventional,15586,0.8974,0.0042912291945315624,0.8889891907787181,0.9058108092212819,0.995,712.0349912088234,2500,5000
Multivariate region null,Anytime-valid,15743,0.0418,0.002830291857741883,0.0362526279588259,0.04734737204117409,0.995,712.0349912088234,2500,5000
Multivariate region null,Conventional,15743,0.8974,0.0042912291945315624,0.8889891907787181,0.9058108092212819,0.995,712.0349912088234,2500,5000
Multivariate region null,Anytime-valid,15902,0.0418,0.002830291857741883,0.0362526279588259,0.04734737204117409,0.995,712.0349912088234,2500,5000
Multivariate region null,Conventional,15902,0.8974,0.0042912291945315624,0.8889891907787181,0.9058108092212819,0.995,712.0349912088234,2500,5000
Multivariate region null,Anytime-valid,16062,0.0418,0.002830291857741883,0.0362526279588259,0.04734737204117409,0.995,712.0349912088234,2500,5000
Multivariate region null,Conventional,16062,0.8974,0.0042912291945315624,0.8889891907787181,0.9058108092212819,0.995,712.0349912088234,2500,5000
Multivariate region null,Anytime-valid,16224,0.0418,0.002830291857741883,0.0362526279588259,0.04734737204117409,0.995,712.0349912088234,2500,5000
Multivariate region null,Conventional,16224,0.8974,0.0042912291945315624,0.8889891907787181,0.9058108092212819,0.995,712.0349912088234,2500,5000
Multivariate region null,Anytime-valid,16388,0.0418,0.002830291857741883,0.0362526279588259,0.04734737204117409,0.995,712.0349912088234,2500,5000
Multivariate region null,Conventional,16388,0.8976,0.0042875223614577225,0.8891964561715429,0.906003543828457,0.995,712.0349912088234,2500,5000
Multivariate region null,Anytime-valid,16553,0.0418,0.002830291857741883,0.0362526279588259,0.04734737204117409,0.995,712.0349912088234,2500,5000
Multivariate region null,Conventional,16553,0.898,0.004280093456923575,0.8896110168244298,0.9063889831755703,0.995,712.0349912088234,2500,5000
Multivariate region null,Anytime-valid,16720,0.042,0.002836758713743557,0.036439952921062634,0.04756004707893737,0.995,712.0349912088234,2500,5000
Multivariate region null,Conventional,16720,0.898,0.004280093456923575,0.8896110168244298,0.9063889831755703,0.995,712.0349912088234,2500,5000
Multivariate region null,Anytime-valid,16888,0.042,0.002836758713743557,0.036439952921062634,0.04756004707893737,0.995,712.0349912088234,2500,5000
Multivariate region null,Conventional,16888,0.8982,0.004276371358991172,0.8898183121363773,0.9065816878636227,0.995,712.0349912088234,2500,5000
Multivariate region null,Anytime-valid,17058,0.042,0.002836758713743557,0.036439952921062634,0.04756004707893737,0.995,712.0349912088234,2500,5000
Multivariate region null,Conventional,17058,0.8984,0.004272644146193315,0.8900256174734611,0.9067743825265389,0.995,712.0349912088234,2500,5000
Multivariate region null,Anytime-valid,17230,0.042,0.002836758713743557,0.036439952921062634,0.04756004707893737,0.995,712.0349912088234,2500,5000
Multivariate region null,Conventional,17230,0.8984,0.004272644146193315,0.8900256174734611,0.9067743825265389,0.995,712.0349912088234,2500,5000
Multivariate region null,Anytime-valid,17404,0.042,0.002836758713743557,0.036439952921062634,0.04756004707893737,0.995,712.0349912088234,2500,5000
Multivariate region null,Conventional,17404,0.8984,0.004272644146193315,0.8900256174734611,0.9067743825265389,0.995,712.0349912088234,2500,5000
Multivariate region null,Anytime-valid,17579,0.042,0.002836758713743557,0.036439952921062634,0.04756004707893737,0.995,712.0349912088234,2500,5000
Multivariate region null,Conventional,17579,0.8986,0.004268911805132546,0.8902329328619402,0.9069670671380597,0.995,712.0349912088234,2500,5000
Multivariate region null,Anytime-valid,17756,0.042,0.002836758713743557,0.036439952921062634,0.04756004707893737,0.995,712.0349912088234,2500,5000
Multivariate region null,Conventional,17756,0.899,0.004261431684305169,0.8906475938987619,0.9073524061012381,0.995,712.0349912088234,2500,5000
Multivariate region null,Anytime-valid,17935,0.0422,0.0028432080472592927,0.03662731222737179,0.04777268777262821,0.995,712.0349912088234,2500,5000
Multivariate region null,Conventional,17935,0.899,0.004261431684305169,0.8906475938987619,0.9073524061012381,0.995,712.0349912088234,2500,5000
Multivariate region null,Anytime-valid,18116,0.0424,0.0028496399772602854,0.03681470564456984,0.04798529435543016,0.995,712.0349912088234,2500,5000
Multivariate region null,Conventional,18116,0.899,0.004261431684305169,0.8906475938987619,0.9073524061012381,0.995,712.0349912088234,2500,5000
Multivariate region null,Anytime-valid,18298,0.0424,0.0028496399772602854,0.03681470564456984,0.04798529435543016,0.995,712.0349912088234,2500,5000
Multivariate region null,Conventional,18298,0.899,0.004261431684305169,0.8906475938987619,0.9073524061012381,0.995,712.0349912088234,2500,5000
Multivariate region null,Anytime-valid,18483,0.0424,0.0028496399772602854,0.03681470564456984,0.04798529435543016,0.995,712.0349912088234,2500,5000
Multivariate region null,Conventional,18483,0.8994,0.00425393088801405,0.8910622954594924,0.9077377045405075,0.995,712.0349912088234,2500,5000
Multivariate region null,Anytime-valid,18669,0.0424,0.0028496399772602854,0.03681470564456984,0.04798529435543016,0.995,712.0349912088234,2500,5000
Multivariate region null,Conventional,18669,0.8996,0.0042501727023734,0.8912696615033481,0.9079303384966518,0.995,712.0349912088234,2500,5000
Multivariate region null,Anytime-valid,18857,0.0424,0.0028496399772602854,0.03681470564456984,0.04798529435543016,0.995,712.0349912088234,2500,5000
Multivariate region null,Conventional,18857,0.8996,0.0042501727023734,0.8912696615033481,0.9079303384966518,0.995,712.0349912088234,2500,5000
Multivariate region null,Anytime-valid,19047,0.0424,0.0028496399772602854,0.03681470564456984,0.04798529435543016,0.995,712.0349912088234,2500,5000
Multivariate region null,Conventional,19047,0.8996,0.0042501727023734,0.8912696615033481,0.9079303384966518,0.995,712.0349912088234,2500,5000
Multivariate region null,Anytime-valid,19239,0.0426,0.00285605462132642,0.037002132942200214,0.048197867057799784,0.995,712.0349912088234,2500,5000
Multivariate region null,Conventional,19239,0.9,0.004242640687119285,0.8916844242532462,0.9083155757467538,0.995,712.0349912088234,2500,5000
Multivariate region null,Anytime-valid,19433,0.0426,0.00285605462132642,0.037002132942200214,0.048197867057799784,0.995,712.0349912088234,2500,5000
Multivariate region null,Conventional,19433,0.9,0.004242640687119285,0.8916844242532462,0.9083155757467538,0.995,712.0349912088234,2500,5000
Multivariate region null,Anytime-valid,19628,0.0426,0.00285605462132642,0.037002132942200214,0.048197867057799784,0.995,712.0349912088234,2500,5000
Multivariate region null,Conventional,19628,0.9002,0.004238866829708148,0.8918918210137721,0.9085081789862279,0.995,712.0349912088234,2500,5000
Multivariate region null,Anytime-valid,19826,0.0426,0.00285605462132642,0.037002132942200214,0.048197867057799784,0.995,712.0349912088234,2500,5000
Multivariate region null,Conventional,19826,0.9004,0.004235087720461053,0.8920992280678963,0.9087007719321036,0.995,712.0349912088234,2500,5000
Multivariate region null,Anytime-valid,20026,0.0426,0.00285605462132642,0.037002132942200214,0.048197867057799784,0.995,712.0349912088234,2500,5000
Multivariate region null,Conventional,20026,0.9004,0.004235087720461053,0.8920992280678963,0.9087007719321036,0.995,712.0349912088234,2500,5000
Multivariate region null,Anytime-valid,20228,0.0426,0.00285605462132642,0.037002132942200214,0.048197867057799784,0.995,712.0349912088234,2500,5000
Multivariate region null,Conventional,20228,0.9004,0.004235087720461053,0.8920992280678963,0.9087007719321036,0.995,712.0349912088234,2500,5000
Multivariate region null,Anytime-valid,20431,0.0426,0.00285605462132642,0.037002132942200214,0.048197867057799784,0.995,712.0349912088234,2500,5000
Multivariate region null,Conventional,20431,0.9006,0.004231303345306267,0.8923066454431997,0.9088933545568002,0.995,712.0349912088234,2500,5000
Multivariate region null,Anytime-valid,20637,0.0426,0.00285605462132642,0.037002132942200214,0.048197867057799784,0.995,712.0349912088234,2500,5000
Multivariate region null,Conventional,20637,0.9006,0.004231303345306267,0.8923066454431997,0.9088933545568002,0.995,712.0349912088234,2500,5000
Multivariate region null,Anytime-valid,20845,0.0426,0.00285605462132642,0.037002132942200214,0.048197867057799784,0.995,712.0349912088234,2500,5000
Multivariate region null,Conventional,20845,0.9006,0.004231303345306267,0.8923066454431997,0.9088933545568002,0.995,712.0349912088234,2500,5000
Multivariate region null,Anytime-valid,21055,0.0428,0.0028624520956690267,0.03718959389248871,0.04841040610751129,0.995,712.0349912088234,2500,5000
Multivariate region null,Conventional,21055,0.901,0.004223718740636029,0.8927215112683534,0.9092784887316466,0.995,712.0349912088234,2500,5000
Multivariate region null,Anytime-valid,21267,0.0428,0.0028624520956690267,0.03718959389248871,0.04841040610751129,0.995,712.0349912088234,2500,5000
Multivariate region null,Conventional,21267,0.901,0.004223718740636029,0.8927215112683534,0.9092784887316466,0.995,712.0349912088234,2500,5000
Multivariate region null,Anytime-valid,21482,0.0428,0.0028624520956690267,0.03718959389248871,0.04841040610751129,0.995,712.0349912088234,2500,5000
Multivariate region null,Conventional,21482,0.901,0.004223718740636029,0.8927215112683534,0.9092784887316466,0.995,712.0349912088234,2500,5000
Multivariate region null,Anytime-valid,21698,0.043,0.0028688325151531584,0.037377088270299806,0.04862291172970019,0.995,712.0349912088234,2500,5000
Multivariate region null,Conventional,21698,0.901,0.004223718740636029,0.8927215112683534,0.9092784887316466,0.995,712.0349912088234,2500,5000
Multivariate region null,Anytime-valid,21917,0.043,0.0028688325151531584,0.037377088270299806,0.04862291172970019,0.995,712.0349912088234,2500,5000
Multivariate region null,Conventional,21917,0.902,0.004204664076950737,0.8937588584091766,0.9102411415908235,0.995,712.0349912088234,2500,5000
Multivariate region null,Anytime-valid,22138,0.043,0.0028688325151531584,0.037377088270299806,0.04862291172970019,0.995,712.0349912088234,2500,5000
Multivariate region null,Conventional,22138,0.9022,0.0042008370594442245,0.8939663593634893,0.9104336406365107,0.995,712.0349912088234,2500,5000
Multivariate region null,Anytime-valid,22361,0.043,0.0028688325151531584,0.037377088270299806,0.04862291172970019,0.995,712.0349912088234,2500,5000
Multivariate region null,Conventional,22361,0.9022,0.0042008370594442245,0.8939663593634893,0.9104336406365107,0.995,712.0349912088234,2500,5000
Multivariate region null,Anytime-valid,22586,0.043,0.0028688325151531584,0.037377088270299806,0.04862291172970019,0.995,712.0349912088234,2500,5000
Multivariate region null,Conventional,22586,0.9024,0.004197004646173268,0.8941738708935004,0.9106261291064995,0.995,712.0349912088234,2500,5000
Multivariate region null,Anytime-valid,22814,0.043,0.0028688325151531584,0.037377088270299806,0.04862291172970019,0.995,712.0349912088234,2500,5000
Multivariate region null,Conventional,22814,0.9024,0.004197004646173268,0.8941738708935004,0.9106261291064995,0.995,712.0349912088234,2500,5000
Multivariate region null,Anytime-valid,23043,0.043,0.0028688325151531584,0.037377088270299806,0.04862291172970019,0.995,712.0349912088234,2500,5000
Multivariate region null,Conventional,23043,0.9024,0.004197004646173268,0.8941738708935004,0.9106261291064995,0.995,712.0349912088234,2500,5000
Multivariate region null,Anytime-valid,23276,0.0432,0.002875195993319412,0.03756461585309395,0.04883538414690605,0.995,712.0349912088234,2500,5000
Multivariate region null,Conventional,23276,0.9024,0.004197004646173268,0.8941738708935004,0.9106261291064995,0.995,712.0349912088234,2500,5000
Multivariate region null,Anytime-valid,23510,0.0434,0.0028815426424052795,0.03775217642088565,0.04904782357911435,0.995,712.0349912088234,2500,5000
Multivariate region null,Conventional,23510,0.9024,0.004197004646173268,0.8941738708935004,0.9106261291064995,0.995,712.0349912088234,2500,5000
Multivariate region null,Anytime-valid,23747,0.0434,0.0028815426424052795,0.03775217642088565,0.04904782357911435,0.995,712.0349912088234,2500,5000
Multivariate region null,Conventional,23747,0.9024,0.004197004646173268,0.8941738708935004,0.9106261291064995,0.995,712.0349912088234,2500,5000
Multivariate region null,Anytime-valid,23986,0.0434,0.0028815426424052795,0.03775217642088565,0.04904782357911435,0.995,712.0349912088234,2500,5000
Multivariate region null,Conventional,23986,0.9024,0.004197004646173268,0.8941738708935004,0.9106261291064995,0.995,712.0349912088234,2500,5000
Multivariate region null,Anytime-valid,24228,0.0434,0.0028815426424052795,0.03775217642088565,0.04904782357911435,0.995,712.0349912088234,2500,5000
Multivariate region null,Conventional,24228,0.9026,0.004193166822343228,0.8943813930282072,0.9108186069717927,0.995,712.0349912088234,2500,5000
Multivariate region null,Anytime-valid,24472,0.0434,0.0028815426424052795,0.03775217642088565,0.04904782357911435,0.995,712.0349912088234,2500,5000
Multivariate region null,Conventional,24472,0.9028,0.004189323573084322,0.8945889257967548,0.9110110742032453,0.995,712.0349912088234,2500,5000
Multivariate region null,Anytime-valid,24719,0.0436,0.0028878725733660756,0.037939769756202495,0.049260230243797505,0.995,712.0349912088234,2500,5000
Multivariate region null,Conventional,24719,0.903,0.004185474883451099,0.8947964692284359,0.9112035307715641,0.995,712.0349912088234,2500,5000
Multivariate region null,Anytime-valid,24968,0.0436,0.0028878725733660756,0.037939769756202495,0.049260230243797505,0.995,712.0349912088234,2500,5000
Multivariate region null,Conventional,24968,0.9032,0.004181620738421886,0.8950040233526931,0.9113959766473069,0.995,712.0349912088234,2500,5000
Multivariate region null,Anytime-valid,25219,0.0436,0.0028878725733660756,0.037939769756202495,0.049260230243797505,0.995,712.0349912088234,2500,5000
Multivariate region null,Conventional,25219,0.9032,0.004181620738421886,0.8950040233526931,0.9113959766473069,0.995,712.0349912088234,2500,5000
Multivariate region null,Anytime-valid,25473,0.0436,0.0028878725733660756,0.037939769756202495,0.049260230243797505,0.995,712.0349912088234,2500,5000
Multivariate region null,Conventional,25473,0.9036,0.004173896021704423,0.8954191637974593,0.9117808362025406,0.995,712.0349912088234,2500,5000
Multivariate region null,Anytime-valid,25730,0.0438,0.0028941858958954243,0.038127395644044965,0.04947260435595503,0.995,712.0349912088234,2500,5000
Multivariate region null,Conventional,25730,0.9036,0.004173896021704423,0.8954191637974593,0.9117808362025406,0.995,712.0349912088234,2500,5000
Multivariate region null,Anytime-valid,25989,0.0438,0.0028941858958954243,0.038127395644044965,0.04947260435595503,0.995,712.0349912088234,2500,5000
Multivariate region null,Conventional,25989,0.9036,0.004173896021704423,0.8954191637974593,0.9117808362025406,0.995,712.0349912088234,2500,5000
Multivariate region null,Anytime-valid,26251,0.0438,0.0028941858958954243,0.038127395644044965,0.04947260435595503,0.995,712.0349912088234,2500,5000
Multivariate region null,Conventional,26251,0.9036,0.004173896021704423,0.8954191637974593,0.9117808362025406,0.995,712.0349912088234,2500,5000
Multivariate region null,Anytime-valid,26516,0.0438,0.0028941858958954243,0.038127395644044965,0.04947260435595503,0.995,712.0349912088234,2500,5000
Multivariate region null,Conventional,26516,0.9036,0.004173896021704423,0.8954191637974593,0.9117808362025406,0.995,712.0349912088234,2500,5000
Multivariate region null,Anytime-valid,26783,0.0438,0.0028941858958954243,0.038127395644044965,0.04947260435595503,0.995,712.0349912088234,2500,5000
Multivariate region null,Conventional,26783,0.9036,0.004173896021704423,0.8954191637974593,0.9117808362025406,0.995,712.0349912088234,2500,5000
Multivariate region null,Anytime-valid,27053,0.0438,0.0028941858958954243,0.038127395644044965,0.04947260435595503,0.995,712.0349912088234,2500,5000
Multivariate region null,Conventional,27053,0.9036,0.004173896021704423,0.8954191637974593,0.9117808362025406,0.995,712.0349912088234,2500,5000
Multivariate region null,Anytime-valid,27325,0.0438,0.0028941858958954243,0.038127395644044965,0.04947260435595503,0.995,712.0349912088234,2500,5000
Multivariate region null,Conventional,27325,0.9036,0.004173896021704423,0.8954191637974593,0.9117808362025406,0.995,712.0349912088234,2500,5000
Multivariate region null,Anytime-valid,27600,0.0438,0.0028941858958954243,0.038127395644044965,0.04947260435595503,0.995,712.0349912088234,2500,5000
Multivariate region null,Conventional,27600,0.9038,0.004170025419586791,0.89562675017761,0.9119732498223901,0.995,712.0349912088234,2500,5000
Multivariate region null,Anytime-valid,27878,0.0438,0.0028941858958954243,0.038127395644044965,0.04947260435595503,0.995,712.0349912088234,2500,5000
Multivariate region null,Conventional,27878,0.904,0.004166149301213291,0.895834347369622,0.9121656526303781,0.995,712.0349912088234,2500,5000
Multivariate region null,Anytime-valid,28159,0.0438,0.0028941858958954243,0.038127395644044965,0.04947260435595503,0.995,712.0349912088234,2500,5000
Multivariate region null,Conventional,28159,0.904,0.004166149301213291,0.895834347369622,0.9121656526303781,0.995,712.0349912088234,2500,5000
Multivariate region null,Anytime-valid,28443,0.0438,0.0028941858958954243,0.038127395644044965,0.04947260435595503,0.995,712.0349912088234,2500,5000
Multivariate region null,Conventional,28443,0.9044,0.004158380453974841,0.8962495743102092,0.9125504256897907,0.995,712.0349912088234,2500,5000
Multivariate region null,Anytime-valid,28730,0.0438,0.0028941858958954243,0.038127395644044965,0.04947260435595503,0.995,712.0349912088234,2500,5000
Multivariate region null,Conventional,28730,0.9044,0.004158380453974841,0.8962495743102092,0.9125504256897907,0.995,712.0349912088234,2500,5000
Multivariate region null,Anytime-valid,29019,0.0438,0.0028941858958954243,0.038127395644044965,0.04947260435595503,0.995,712.0349912088234,2500,5000
Multivariate region null,Conventional,29019,0.9046,0.00415448769404845,0.896457204119665,0.9127427958803349,0.995,712.0349912088234,2500,5000
Multivariate region null,Anytime-valid,29312,0.0438,0.0028941858958954243,0.038127395644044965,0.04947260435595503,0.995,712.0349912088234,2500,5000
Multivariate region null,Conventional,29312,0.9046,0.00415448769404845,0.896457204119665,0.9127427958803349,0.995,712.0349912088234,2500,5000
Multivariate region null,Anytime-valid,29607,0.0438,0.0028941858958954243,0.038127395644044965,0.04947260435595503,0.995,712.0349912088234,2500,5000
Multivariate region null,Conventional,29607,0.905,0.0041466854233230665,0.8968724965702868,0.9131275034297133,0.995,712.0349912088234,2500,5000
Multivariate region null,Anytime-valid,29905,0.0438,0.0028941858958954243,0.038127395644044965,0.04947260435595503,0.995,712.0349912088234,2500,5000
Multivariate region null,Conventional,29905,0.905,0.0041466854233230665,0.8968724965702868,0.9131275034297133,0.995,712.0349912088234,2500,5000
Multivariate region null,Anytime-valid,30206,0.0438,0.0028941858958954243,0.038127395644044965,0.04947260435595503,0.995,712.0349912088234,2500,5000
Multivariate region null,Conventional,30206,0.905,0.0041466854233230665,0.8968724965702868,0.9131275034297133,0.995,712.0349912088234,2500,5000
Multivariate region null,Anytime-valid,30511,0.0438,0.0028941858958954243,0.038127395644044965,0.04947260435595503,0.995,712.0349912088234,2500,5000
Multivariate region null,Conventional,30511,0.905,0.0041466854233230665,0.8968724965702868,0.9131275034297133,0.995,712.0349912088234,2500,5000
Multivariate region null,Anytime-valid,30818,0.0438,0.0028941858958954243,0.038127395644044965,0.04947260435595503,0.995,712.0349912088234,2500,5000
Multivariate region null,Conventional,30818,0.905,0.0041466854233230665,0.8968724965702868,0.9131275034297133,0.995,712.0349912088234,2500,5000
Multivariate region null,Anytime-valid,31129,0.0438,0.0028941858958954243,0.038127395644044965,0.04947260435595503,0.995,712.0349912088234,2500,5000
Multivariate region null,Conventional,31129,0.905,0.0041466854233230665,0.8968724965702868,0.9131275034297133,0.995,712.0349912088234,2500,5000
Multivariate region null,Anytime-valid,31442,0.0438,0.0028941858958954243,0.038127395644044965,0.04947260435595503,0.995,712.0349912088234,2500,5000
Multivariate region null,Conventional,31442,0.9052,0.004142775880976426,0.8970801592732862,0.9133198407267138,0.995,712.0349912088234,2500,5000
Multivariate region null,Anytime-valid,31759,0.0438,0.0028941858958954243,0.038127395644044965,0.04947260435595503,0.995,712.0349912088234,2500,5000
Multivariate region null,Conventional,31759,0.9052,0.004142775880976426,0.8970801592732862,0.9133198407267138,0.995,712.0349912088234,2500,5000
Multivariate region null,Anytime-valid,32079,0.0438,0.0028941858958954243,0.038127395644044965,0.04947260435595503,0.995,712.0349912088234,2500,5000
Multivariate region null,Conventional,32079,0.9052,0.004142775880976426,0.8970801592732862,0.9133198407267138,0.995,712.0349912088234,2500,5000
Multivariate region null,Anytime-valid,32402,0.0438,0.0028941858958954243,0.038127395644044965,0.04947260435595503,0.995,712.0349912088234,2500,5000
Multivariate region null,Conventional,32402,0.9056,0.004134939902828094,0.8974955177904569,0.913704482209543,0.995,712.0349912088234,2500,5000
Multivariate region null,Anytime-valid,32729,0.044,0.002900482718445328,0.03831505387184715,0.04968494612815284,0.995,712.0349912088234,2500,5000
Multivariate region null,Conventional,32729,0.9058,0.0041310134349817835,0.8977032136674358,0.9138967863325643,0.995,712.0349912088234,2500,5000
Multivariate region null,Anytime-valid,33059,0.044,0.002900482718445328,0.03831505387184715,0.04968494612815284,0.995,712.0349912088234,2500,5000
Multivariate region null,Conventional,33059,0.9058,0.0041310134349817835,0.8977032136674358,0.9138967863325643,0.995,712.0349912088234,2500,5000
Multivariate region null,Anytime-valid,33392,0.044,0.002900482718445328,0.03831505387184715,0.04968494612815284,0.995,712.0349912088234,2500,5000
Multivariate region null,Conventional,33392,0.906,0.004127081293117449,0.8979109206654898,0.9140890793345102,0.995,712.0349912088234,2500,5000
Multivariate region null,Anytime-valid,33728,0.044,0.002900482718445328,0.03831505387184715,0.04968494612815284,0.995,712.0349912088234,2500,5000
Multivariate region null,Conventional,33728,0.9062,0.004123143461001569,0.8981186388164369,0.9142813611835631,0.995,712.0349912088234,2500,5000
Multivariate region null,Anytime-valid,34068,0.044,0.002900482718445328,0.03831505387184715,0.04968494612815284,0.995,712.0349912088234,2500,5000
Multivariate region null,Conventional,34068,0.9062,0.004123143461001569,0.8981186388164369,0.9142813611835631,0.995,712.0349912088234,2500,5000
Multivariate region null,Anytime-valid,34411,0.044,0.002900482718445328,0.03831505387184715,0.04968494612815284,0.995,712.0349912088234,2500,5000
Multivariate region null,Conventional,34411,0.9066,0.004115250660652399,0.8985341087051213,0.9146658912948786,0.995,712.0349912088234,2500,5000
Multivariate region null,Anytime-valid,34758,0.044,0.002900482718445328,0.03831505387184715,0.04968494612815284,0.995,712.0349912088234,2500,5000
Multivariate region null,Conventional,34758,0.9068,0.004111295659521459,0.898741860507338,0.9148581394926621,0.995,712.0349912088234,2500,5000
Multivariate region null,Anytime-valid,35108,0.044,0.002900482718445328,0.03831505387184715,0.04968494612815284,0.995,712.0349912088234,2500,5000
Multivariate region null,Conventional,35108,0.9068,0.004111295659521459,0.898741860507338,0.9148581394926621,0.995,712.0349912088234,2500,5000
Multivariate region null,Anytime-valid,35462,0.044,0.002900482718445328,0.03831505387184715,0.04968494612815284,0.995,712.0349912088234,2500,5000
Multivariate region null,Conventional,35462,0.907,0.004107334902342393,0.898949623591409,0.9150503764085911,0.995,712.0349912088234,2500,5000
Multivariate region null,Anytime-valid,35819,0.044,0.002900482718445328,0.03831505387184715,0.04968494612815284,0.995,712.0349912088234,2500,5000
Multivariate region null,Conventional,35819,0.9072,0.004103368372447202,0.8991573979900035,0.9152426020099965,0.995,712.0349912088234,2500,5000
Multivariate region null,Anytime-valid,36180,0.044,0.002900482718445328,0.03831505387184715,0.04968494612815284,0.995,712.0349912088234,2500,5000
Multivariate region null,Conventional,36180,0.9074,0.004099396053079039,0.8993651837359651,0.9154348162640349,0.995,712.0349912088234,2500,5000
Multivariate region null,Anytime-valid,36545,0.044,0.002900482718445328,0.03831505387184715,0.04968494612815284,0.995,712.0349912088234,2500,5000
Multivariate region null,Conventional,36545,0.9074,0.004099396053079039,0.8993651837359651,0.9154348162640349,0.995,712.0349912088234,2500,5000
Multivariate region null,Anytime-valid,36913,0.044,0.002900482718445328,0.03831505387184715,0.04968494612815284,0.995,712.0349912088234,2500,5000
Multivariate region null,Conventional,36913,0.9074,0.004099396053079039,0.8993651837359651,0.9154348162640349,0.995,712.0349912088234,2500,5000
Multivariate region null,Anytime-valid,37285,0.044,0.002900482718445328,0.03831505387184715,0.04968494612815284,0.995,712.0349912088234,2500,5000
Multivariate region null,Conventional,37285,0.9078,0.004091433978448142,0.8997807894022417,0.9158192105977584,0.995,712.0349912088234,2500,5000
Multivariate region null,Anytime-valid,37660,0.044,0.002900482718445328,0.03831505387184715,0.04968494612815284,0.995,712.0349912088234,2500,5000
Multivariate region null,Conventional,37660,0.9078,0.004091433978448142,0.8997807894022417,0.9158192105977584,0.995,712.0349912088234,2500,5000
Multivariate region null,Anytime-valid,38040,0.044,0.002900482718445328,0.03831505387184715,0.04968494612815284,0.995,712.0349912088234,2500,5000
Multivariate region null,Conventional,38040,0.9078,0.004091433978448142,0.8997807894022417,0.9158192105977584,0.995,712.0349912088234,2500,5000
Multivariate region null,Anytime-valid,38423,0.044,0.002900482718445328,0.03831505387184715,0.04968494612815284,0.995,712.0349912088234,2500,5000
Multivariate region null,Conventional,38423,0.9082,0.0040834485425924,0.900196440856519,0.9162035591434811,0.995,712.0349912088234,2500,5000
Multivariate region null,Anytime-valid,38810,0.044,0.002900482718445328,0.03831505387184715,0.04968494612815284,0.995,712.0349912088234,2500,5000
Multivariate region null,Conventional,38810,0.9084,0.00407944702134983,0.9004042838381543,0.9163957161618457,0.995,712.0349912088234,2500,5000
Multivariate region null,Anytime-valid,39201,0.044,0.002900482718445328,0.03831505387184715,0.04968494612815284,0.995,712.0349912088234,2500,5000
Multivariate region null,Conventional,39201,0.9084,0.00407944702134983,0.9004042838381543,0.9163957161618457,0.995,712.0349912088234,2500,5000
Multivariate region null,Anytime-valid,39596,0.044,0.002900482718445328,0.03831505387184715,0.04968494612815284,0.995,712.0349912088234,2500,5000
Multivariate region null,Conventional,39596,0.9084,0.00407944702134983,0.9004042838381543,0.9163957161618457,0.995,712.0349912088234,2500,5000
Multivariate region null,Anytime-valid,39995,0.044,0.002900482718445328,0.03831505387184715,0.04968494612815284,0.995,712.0349912088234,2500,5000
Multivariate region null,Conventional,39995,0.9088,0.004071426285713642,0.9008200044800013,0.9167799955199988,0.995,712.0349912088234,2500,5000
Multivariate region null,Anytime-valid,40398,0.044,0.002900482718445328,0.03831505387184715,0.04968494612815284,0.995,712.0349912088234,2500,5000
Multivariate region null,Conventional,40398,0.9088,0.004071426285713642,0.9008200044800013,0.9167799955199988,0.995,712.0349912088234,2500,5000
Multivariate region null,Anytime-valid,40805,0.044,0.002900482718445328,0.03831505387184715,0.04968494612815284,0.995,712.0349912088234,2500,5000
Multivariate region null,Conventional,40805,0.909,0.004067407036429965,0.9010278822085973,0.9169721177914028,0.995,712.0349912088234,2500,5000
Multivariate region null,Anytime-valid,41216,0.044,0.002900482718445328,0.03831505387184715,0.04968494612815284,0.995,712.0349912088234,2500,5000
Multivariate region null,Conventional,41216,0.9094,0.004059350686994165,0.9014436726534915,0.9173563273465085,0.995,712.0349912088234,2500,5000
Multivariate region null,Anytime-valid,41632,0.044,0.002900482718445328,0.03831505387184715,0.04968494612815284,0.995,712.0349912088234,2500,5000
Multivariate region null,Conventional,41632,0.9096,0.004055313551379228,0.9016515854392967,0.9175484145607032,0.995,712.0349912088234,2500,5000
Multivariate region null,Anytime-valid,42051,0.044,0.002900482718445328,0.03831505387184715,0.04968494612815284,0.995,712.0349912088234,2500,5000
Multivariate region null,Conventional,42051,0.9098,0.0040512704180293855,0.9018595099806624,0.9177404900193377,0.995,712.0349912088234,2500,5000
Multivariate region null,Anytime-valid,42475,0.044,0.002900482718445328,0.03831505387184715,0.04968494612815284,0.995,712.0349912088234,2500,5000
Multivariate region null,Conventional,42475,0.9098,0.0040512704180293855,0.9018595099806624,0.9177404900193377,0.995,712.0349912088234,2500,5000
Multivariate region null,Anytime-valid,42903,0.044,0.002900482718445328,0.03831505387184715,0.04968494612815284,0.995,712.0349912088234,2500,5000
Multivariate region null,Conventional,42903,0.91,0.0040472212689696115,0.9020674463128195,0.9179325536871805,0.995,712.0349912088234,2500,5000
Multivariate region null,Anytime-valid,43335,0.044,0.002900482718445328,0.03831505387184715,0.04968494612815284,0.995,712.0349912088234,2500,5000
Multivariate region null,Conventional,43335,0.91,0.0040472212689696115,0.9020674463128195,0.9179325536871805,0.995,712.0349912088234,2500,5000
Multivariate region null,Anytime-valid,43772,0.044,0.002900482718445328,0.03831505387184715,0.04968494612815284,0.995,712.0349912088234,2500,5000
Multivariate region null,Conventional,43772,0.9102,0.00404316608612607,0.9022753944711929,0.9181246055288071,0.995,712.0349912088234,2500,5000
Multivariate region null,Anytime-valid,44213,0.0442,0.0029067631482458285,0.03850274422943818,0.049897255770561824,0.995,712.0349912088234,2500,5000
Multivariate region null,Conventional,44213,0.9102,0.00404316608612607,0.9022753944711929,0.9181246055288071,0.995,712.0349912088234,2500,5000
Multivariate region null,Anytime-valid,44658,0.0442,0.0029067631482458285,0.03850274422943818,0.049897255770561824,0.995,712.0349912088234,2500,5000
Multivariate region null,Conventional,44658,0.9102,0.00404316608612607,0.9022753944711929,0.9181246055288071,0.995,712.0349912088234,2500,5000
Multivariate region null,Anytime-valid,45108,0.0442,0.0029067631482458285,0.03850274422943818,0.049897255770561824,0.995,712.0349912088234,2500,5000
Multivariate region null,Conventional,45108,0.9102,0.00404316608612607,0.9022753944711929,0.9181246055288071,0.995,712.0349912088234,2500,5000
Multivariate region null,Anytime-valid,45562,0.0442,0.0029067631482458285,0.03850274422943818,0.049897255770561824,0.995,712.0349912088234,2500,5000
Multivariate region null,Conventional,45562,0.9102,0.00404316608612607,0.9022753944711929,0.9181246055288071,0.995,712.0349912088234,2500,5000
Multivariate region null,Anytime-valid,46022,0.0442,0.0029067631482458285,0.03850274422943818,0.049897255770561824,0.995,712.0349912088234,2500,5000
Multivariate region null,Conventional,46022,0.9108,0.004030964152656284,0.9028993102607937,0.9187006897392064,0.995,712.0349912088234,2500,5000
Multivariate region null,Anytime-valid,46485,0.0442,0.0029067631482458285,0.03850274422943818,0.049897255770561824,0.995,712.0349912088234,2500,5000
Multivariate region null,Conventional,46485,0.9108,0.004030964152656284,0.9028993102607937,0.9187006897392064,0.995,712.0349912088234,2500,5000
Multivariate region null,Anytime-valid,46954,0.0442,0.0029067631482458285,0.03850274422943818,0.049897255770561824,0.995,712.0349912088234,2500,5000
Multivariate region null,Conventional,46954,0.9108,0.004030964152656284,0.9028993102607937,0.9187006897392064,0.995,712.0349912088234,2500,5000
Multivariate region null,Anytime-valid,47427,0.0442,0.0029067631482458285,0.03850274422943818,0.049897255770561824,0.995,712.0349912088234,2500,5000
Multivariate region null,Conventional,47427,0.9108,0.004030964152656284,0.9028993102607937,0.9187006897392064,0.995,712.0349912088234,2500,5000
Multivariate region null,Anytime-valid,47905,0.0442,0.0029067631482458285,0.03850274422943818,0.049897255770561824,0.995,712.0349912088234,2500,5000
Multivariate region null,Conventional,47905,0.9108,0.004030964152656284,0.9028993102607937,0.9187006897392064,0.995,712.0349912088234,2500,5000
Multivariate region null,Anytime-valid,48387,0.0442,0.0029067631482458285,0.03850274422943818,0.049897255770561824,0.995,712.0349912088234,2500,5000
Multivariate region null,Conventional,48387,0.911,0.004026884651936282,0.9031073060822049,0.9188926939177952,0.995,712.0349912088234,2500,5000
Multivariate region null,Anytime-valid,48875,0.0442,0.0029067631482458285,0.03850274422943818,0.049897255770561824,0.995,712.0349912088234,2500,5000
Multivariate region null,Conventional,48875,0.911,0.004026884651936282,0.9031073060822049,0.9188926939177952,0.995,712.0349912088234,2500,5000
Multivariate region null,Anytime-valid,49367,0.0446,0.0029192752525241603,0.038878220505052644,0.05032177949494736,0.995,712.0349912088234,2500,5000
Multivariate region null,Conventional,49367,0.911,0.004026884651936282,0.9031073060822049,0.9188926939177952,0.995,712.0349912088234,2500,5000
Multivariate region null,Anytime-valid,49865,0.0446,0.0029192752525241603,0.038878220505052644,0.05032177949494736,0.995,712.0349912088234,2500,5000
Multivariate region null,Conventional,49865,0.911,0.004026884651936282,0.9031073060822049,0.9188926939177952,0.995,712.0349912088234,2500,5000
Multivariate region null,Anytime-valid,50367,0.0446,0.0029192752525241603,0.038878220505052644,0.05032177949494736,0.995,712.0349912088234,2500,5000
Multivariate region null,Conventional,50367,0.911,0.004026884651936282,0.9031073060822049,0.9188926939177952,0.995,712.0349912088234,2500,5000
Multivariate region null,Anytime-valid,50874,0.0446,0.0029192752525241603,0.038878220505052644,0.05032177949494736,0.995,712.0349912088234,2500,5000
Multivariate region null,Conventional,50874,0.9114,0.0040187072548271046,0.9035233337805388,0.9192766662194611,0.995,712.0349912088234,2500,5000
Multivariate region null,Anytime-valid,51387,0.0446,0.0029192752525241603,0.038878220505052644,0.05032177949494736,0.995,712.0349912088234,2500,5000
Multivariate region null,Conventional,51387,0.9114,0.0040187072548271046,0.9035233337805388,0.9192766662194611,0.995,712.0349912088234,2500,5000
Multivariate region null,Anytime-valid,51905,0.0446,0.0029192752525241603,0.038878220505052644,0.05032177949494736,0.995,712.0349912088234,2500,5000
Multivariate region null,Conventional,51905,0.9116,0.004014609320967609,0.9037313657309034,0.9194686342690965,0.995,712.0349912088234,2500,5000
Multivariate region null,Anytime-valid,52428,0.0446,0.0029192752525241603,0.038878220505052644,0.05032177949494736,0.995,712.0349912088234,2500,5000
Multivariate region null,Conventional,52428,0.9118,0.004010505205083268,0.9039394097980369,0.9196605902019632,0.995,712.0349912088234,2500,5000
Multivariate region null,Anytime-valid,52956,0.0446,0.0029192752525241603,0.038878220505052644,0.05032177949494736,0.995,712.0349912088234,2500,5000
Multivariate region null,Conventional,52956,0.912,0.004006394888175652,0.9041474660191757,0.9198525339808243,0.995,712.0349912088234,2500,5000
Multivariate region null,Anytime-valid,53490,0.0446,0.0029192752525241603,0.038878220505052644,0.05032177949494736,0.995,712.0349912088234,2500,5000
Multivariate region null,Conventional,53490,0.912,0.004006394888175652,0.9041474660191757,0.9198525339808243,0.995,712.0349912088234,2500,5000
Multivariate region null,Anytime-valid,54028,0.0446,0.0029192752525241603,0.038878220505052644,0.05032177949494736,0.995,712.0349912088234,2500,5000
Multivariate region null,Conventional,54028,0.9124,0.003998155574761943,0.9045636150734666,0.9202363849265334,0.995,712.0349912088234,2500,5000
Multivariate region null,Anytime-valid,54573,0.0446,0.0029192752525241603,0.038878220505052644,0.05032177949494736,0.995,712.0349912088234,2500,5000
Multivariate region null,Conventional,54573,0.9124,0.003998155574761943,0.9045636150734666,0.9202363849265334,0.995,712.0349912088234,2500,5000
Multivariate region null,Anytime-valid,55123,0.0446,0.0029192752525241603,0.038878220505052644,0.05032177949494736,0.995,712.0349912088234,2500,5000
Multivariate region null,Conventional,55123,0.9126,0.003994026539721539,0.9047717079821458,0.9204282920178541,0.995,712.0349912088234,2500,5000
Multivariate region null,Anytime-valid,55678,0.0446,0.0029192752525241603,0.038878220505052644,0.05032177949494736,0.995,712.0349912088234,2500,5000
Multivariate region null,Conventional,55678,0.9126,0.003994026539721539,0.9047717079821458,0.9204282920178541,0.995,712.0349912088234,2500,5000
Multivariate region null,Anytime-valid,56239,0.0446,0.0029192752525241603,0.038878220505052644,0.05032177949494736,0.995,712.0349912088234,2500,5000
Multivariate region null,Conventional,56239,0.9126,0.003994026539721539,0.9047717079821458,0.9204282920178541,0.995,712.0349912088234,2500,5000
Multivariate region null,Anytime-valid,56806,0.0446,0.0029192752525241603,0.038878220505052644,0.05032177949494736,0.995,712.0349912088234,2500,5000
Multivariate region null,Conventional,56806,0.9126,0.003994026539721539,0.9047717079821458,0.9204282920178541,0.995,712.0349912088234,2500,5000
Multivariate region null,Anytime-valid,57378,0.0446,0.0029192752525241603,0.038878220505052644,0.05032177949494736,0.995,712.0349912088234,2500,5000
Multivariate region null,Conventional,57378,0.9126,0.003994026539721539,0.9047717079821458,0.9204282920178541,0.995,712.0349912088234,2500,5000
Multivariate region null,Anytime-valid,57956,0.0446,0.0029192752525241603,0.038878220505052644,0.05032177949494736,0.995,712.0349912088234,2500,5000
Multivariate region null,Conventional,57956,0.9128,0.003989891226587513,0.9049798131958884,0.9206201868041115,0.995,712.0349912088234,2500,5000
Multivariate region null,Anytime-valid,58540,0.0446,0.0029192752525241603,0.038878220505052644,0.05032177949494736,0.995,712.0349912088234,2500,5000
Multivariate region null,Conventional,58540,0.9128,0.003989891226587513,0.9049798131958884,0.9206201868041115,0.995,712.0349912088234,2500,5000
Multivariate region null,Anytime-valid,59130,0.0446,0.0029192752525241603,0.038878220505052644,0.05032177949494736,0.995,712.0349912088234,2500,5000
Multivariate region null,Conventional,59130,0.913,0.003985749615818835,0.9051879307529951,0.920812069247005,0.995,712.0349912088234,2500,5000
Multivariate region null,Anytime-valid,59726,0.0448,0.002925507135523686,0.03906600601437357,0.05053399398562643,0.995,712.0349912088234,2500,5000
Multivariate region null,Conventional,59726,0.913,0.003985749615818835,0.9051879307529951,0.920812069247005,0.995,712.0349912088234,2500,5000
Multivariate region null,Anytime-valid,60327,0.0448,0.002925507135523686,0.03906600601437357,0.05053399398562643,0.995,712.0349912088234,2500,5000
Multivariate region null,Conventional,60327,0.913,0.003985749615818835,0.9051879307529951,0.920812069247005,0.995,712.0349912088234,2500,5000
Multivariate region null,Anytime-valid,60935,0.0448,0.002925507135523686,0.03906600601437357,0.05053399398562643,0.995,712.0349912088234,2500,5000
Multivariate region null,Conventional,60935,0.9134,0.0039774474226568985,0.9056042030515925,0.9211957969484075,0.995,712.0349912088234,2500,5000
Multivariate region null,Anytime-valid,61549,0.0448,0.002925507135523686,0.03906600601437357,0.05053399398562643,0.995,712.0349912088234,2500,5000
Multivariate region null,Conventional,61549,0.9138,0.00396911980166888,0.9060205251887289,0.921579474811271,0.995,712.0349912088234,2500,5000
Multivariate region null,Anytime-valid,62169,0.0448,0.002925507135523686,0.03906600601437357,0.05053399398562643,0.995,712.0349912088234,2500,5000
Multivariate region null,Conventional,62169,0.9138,0.00396911980166888,0.9060205251887289,0.921579474811271,0.995,712.0349912088234,2500,5000
Multivariate region null,Anytime-valid,62796,0.0448,0.002925507135523686,0.03906600601437357,0.05053399398562643,0.995,712.0349912088234,2500,5000
Multivariate region null,Conventional,62796,0.914,0.00396494640569075,0.9062287050448462,0.9217712949551539,0.995,712.0349912088234,2500,5000
Multivariate region null,Anytime-valid,63428,0.0448,0.002925507135523686,0.03906600601437357,0.05053399398562643,0.995,712.0349912088234,2500,5000
Multivariate region null,Conventional,63428,0.9142,0.003960766592466665,0.9064368974787653,0.9219631025212347,0.995,712.0349912088234,2500,5000
Multivariate region null,Anytime-valid,64067,0.0448,0.002925507135523686,0.03906600601437357,0.05053399398562643,0.995,712.0349912088234,2500,5000
Multivariate region null,Conventional,64067,0.9142,0.003960766592466665,0.9064368974787653,0.9219631025212347,0.995,712.0349912088234,2500,5000
Multivariate region null,Anytime-valid,64713,0.0448,0.002925507135523686,0.03906600601437357,0.05053399398562643,0.995,712.0349912088234,2500,5000
Multivariate region null,Conventional,64713,0.9146,0.003952387632811337,0.9068533202396898,0.9223466797603102,0.995,712.0349912088234,2500,5000
Multivariate region null,Anytime-valid,65365,0.0448,0.002925507135523686,0.03906600601437357,0.05053399398562643,0.995,712.0349912088234,2500,5000
Multivariate region null,Conventional,65365,0.9146,0.003952387632811337,0.9068533202396898,0.9223466797603102,0.995,712.0349912088234,2500,5000
Multivariate region null,Anytime-valid,66024,0.0448,0.002925507135523686,0.03906600601437357,0.05053399398562643,0.995,712.0349912088234,2500,5000
Multivariate region null,Conventional,66024,0.9146,0.003952387632811337,0.9068533202396898,0.9223466797603102,0.995,712.0349912088234,2500,5000
Multivariate region null,Anytime-valid,66689,0.0448,0.002925507135523686,0.03906600601437357,0.05053399398562643,0.995,712.0349912088234,2500,5000
Multivariate region null,Conventional,66689,0.9146,0.003952387632811337,0.9068533202396898,0.9223466797603102,0.995,712.0349912088234,2500,5000
Multivariate region null,Anytime-valid,67361,0.0448,0.002925507135523686,0.03906600601437357,0.05053399398562643,0.995,712.0349912088234,2500,5000
Multivariate region null,Conventional,67361,0.915,0.003943982758583003,0.9072697937931774,0.9227302062068227,0.995,712.0349912088234,2500,5000
Multivariate region null,Anytime-valid,68039,0.0448,0.002925507135523686,0.03906600601437357,0.05053399398562643,0.995,712.0349912088234,2500,5000
Multivariate region null,Conventional,68039,0.915,0.003943982758583003,0.9072697937931774,0.9227302062068227,0.995,712.0349912088234,2500,5000
Multivariate region null,Anytime-valid,68725,0.0448,0.002925507135523686,0.03906600601437357,0.05053399398562643,0.995,712.0349912088234,2500,5000
Multivariate region null,Conventional,68725,0.9152,0.003939770551694604,0.9074780497186786,0.9229219502813214,0.995,712.0349912088234,2500,5000
Multivariate region null,Anytime-valid,69417,0.0448,0.002925507135523686,0.03906600601437357,0.05053399398562643,0.995,712.0349912088234,2500,5000
Multivariate region null,Conventional,69417,0.9154,0.003935551803750016,0.90768631846465,0.92311368153535,0.995,712.0349912088234,2500,5000
Multivariate region null,Anytime-valid,70117,0.0448,0.002925507135523686,0.03906600601437357,0.05053399398562643,0.995,712.0349912088234,2500,5000
Multivariate region null,Conventional,70117,0.9156,0.003931326493691411,0.9078946000723648,0.9233053999276352,0.995,712.0349912088234,2500,5000
Multivariate region null,Anytime-valid,70823,0.0448,0.002925507135523686,0.03906600601437357,0.05053399398562643,0.995,712.0349912088234,2500,5000
Multivariate region null,Conventional,70823,0.916,0.0039228561023825475,0.9083112020393302,0.9236887979606698,0.995,712.0349912088234,2500,5000
Multivariate region null,Anytime-valid,71537,0.0448,0.002925507135523686,0.03906600601437357,0.05053399398562643,0.995,712.0349912088234,2500,5000
Multivariate region null,Conventional,71537,0.9164,0.003914359206817893,0.9087278559546369,0.9240721440453631,0.995,712.0349912088234,2500,5000
Multivariate region null,Anytime-valid,72258,0.0448,0.002925507135523686,0.03906600601437357,0.05053399398562643,0.995,712.0349912088234,2500,5000
Multivariate region null,Conventional,72258,0.9164,0.003914359206817893,0.9087278559546369,0.9240721440453631,0.995,712.0349912088234,2500,5000
Multivariate region null,Anytime-valid,72986,0.0448,0.002925507135523686,0.03906600601437357,0.05053399398562643,0.995,712.0349912088234,2500,5000
Multivariate region null,Conventional,72986,0.9166,0.003910100765964991,0.9089362024987085,0.9242637975012914,0.995,712.0349912088234,2500,5000
Multivariate region null,Anytime-valid,73721,0.0448,0.002925507135523686,0.03906600601437357,0.05053399398562643,0.995,712.0349912088234,2500,5000
Multivariate region null,Conventional,73721,0.9168,0.0039058356340225084,0.9091445621573159,0.924455437842684,0.995,712.0349912088234,2500,5000
Multivariate region null,Anytime-valid,74464,0.0448,0.002925507135523686,0.03906600601437357,0.05053399398562643,0.995,712.0349912088234,2500,5000
Multivariate region null,Conventional,74464,0.9168,0.0039058356340225084,0.9091445621573159,0.924455437842684,0.995,712.0349912088234,2500,5000
Multivariate region null,Anytime-valid,75214,0.0448,0.002925507135523686,0.03906600601437357,0.05053399398562643,0.995,712.0349912088234,2500,5000
Multivariate region null,Conventional,75214,0.917,0.0039015637890466425,0.9093529349734686,0.9246470650265315,0.995,712.0349912088234,2500,5000
Multivariate region null,Anytime-valid,75972,0.0448,0.002925507135523686,0.03906600601437357,0.05053399398562643,0.995,712.0349912088234,2500,5000
Multivariate region null,Conventional,75972,0.917,0.0039015637890466425,0.9093529349734686,0.9246470650265315,0.995,712.0349912088234,2500,5000
Multivariate region null,Anytime-valid,76737,0.0448,0.002925507135523686,0.03906600601437357,0.05053399398562643,0.995,712.0349912088234,2500,5000
Multivariate region null,Conventional,76737,0.917,0.0039015637890466425,0.9093529349734686,0.9246470650265315,0.995,712.0349912088234,2500,5000
Multivariate region null,Anytime-valid,77511,0.0448,0.002925507135523686,0.03906600601437357,0.05053399398562643,0.995,712.0349912088234,2500,5000
Multivariate region null,Conventional,77511,0.9174,0.0038929998715643444,0.9097697202517339,0.9250302797482661,0.995,712.0349912088234,2500,5000
Multivariate region null,Anytime-valid,78291,0.0448,0.002925507135523686,0.03906600601437357,0.05053399398562643,0.995,712.0349912088234,2500,5000
Multivariate region null,Conventional,78291,0.9178,0.0038844088353313182,0.9101865586827506,0.9254134413172493,0.995,712.0349912088234,2500,5000
Multivariate region null,Anytime-valid,79080,0.0448,0.002925507135523686,0.03906600601437357,0.05053399398562643,0.995,712.0349912088234,2500,5000
Multivariate region null,Conventional,79080,0.9178,0.0038844088353313182,0.9101865586827506,0.9254134413172493,0.995,712.0349912088234,2500,5000
Multivariate region null,Anytime-valid,79877,0.0448,0.002925507135523686,0.03906600601437357,0.05053399398562643,0.995,712.0349912088234,2500,5000
Multivariate region null,Conventional,79877,0.9178,0.0038844088353313182,0.9101865586827506,0.9254134413172493,0.995,712.0349912088234,2500,5000
Multivariate region null,Anytime-valid,80682,0.0448,0.002925507135523686,0.03906600601437357,0.05053399398562643,0.995,712.0349912088234,2500,5000
Multivariate region null,Conventional,80682,0.918,0.0038801030914139374,0.9103949979408287,0.9256050020591714,0.995,712.0349912088234,2500,5000
Multivariate region null,Anytime-valid,81495,0.0448,0.002925507135523686,0.03906600601437357,0.05053399398562643,0.995,712.0349912088234,2500,5000
Multivariate region null,Conventional,81495,0.918,0.0038801030914139374,0.9103949979408287,0.9256050020591714,0.995,712.0349912088234,2500,5000
Multivariate region null,Anytime-valid,82316,0.0448,0.002925507135523686,0.03906600601437357,0.05053399398562643,0.995,712.0349912088234,2500,5000
Multivariate region null,Conventional,82316,0.918,0.0038801030914139374,0.9103949979408287,0.9256050020591714,0.995,712.0349912088234,2500,5000
Multivariate region null,Anytime-valid,83145,0.0448,0.002925507135523686,0.03906600601437357,0.05053399398562643,0.995,712.0349912088234,2500,5000
Multivariate region null,Conventional,83145,0.918,0.0038801030914139374,0.9103949979408287,0.9256050020591714,0.995,712.0349912088234,2500,5000
Multivariate region null,Anytime-valid,83983,0.0448,0.002925507135523686,0.03906600601437357,0.05053399398562643,0.995,712.0349912088234,2500,5000
Multivariate region null,Conventional,83983,0.918,0.0038801030914139374,0.9103949979408287,0.9256050020591714,0.995,712.0349912088234,2500,5000
Multivariate region null,Anytime-valid,84829,0.0448,0.002925507135523686,0.03906600601437357,0.05053399398562643,0.995,712.0349912088234,2500,5000
Multivariate region null,Conventional,84829,0.9182,0.0038757905000141577,0.9106034506199723,0.9257965493800278,0.995,712.0349912088234,2500,5000
Multivariate region null,Anytime-valid,85684,0.0448,0.002925507135523686,0.03906600601437357,0.05053399398562643,0.995,712.0349912088234,2500,5000
Multivariate region null,Conventional,85684,0.9182,0.0038757905000141577,0.9106034506199723,0.9257965493800278,0.995,712.0349912088234,2500,5000
Multivariate region null,Anytime-valid,86547,0.0448,0.002925507135523686,0.03906600601437357,0.05053399398562643,0.995,712.0349912088234,2500,5000
Multivariate region null,Conventional,86547,0.9182,0.0038757905000141577,0.9106034506199723,0.9257965493800278,0.995,712.0349912088234,2500,5000
Multivariate region null,Anytime-valid,87419,0.0448,0.002925507135523686,0.03906600601437357,0.05053399398562643,0.995,712.0349912088234,2500,5000
Multivariate region null,Conventional,87419,0.9182,0.0038757905000141577,0.9106034506199723,0.9257965493800278,0.995,712.0349912088234,2500,5000
Multivariate region null,Anytime-valid,88300,0.0448,0.002925507135523686,0.03906600601437357,0.05053399398562643,0.995,712.0349912088234,2500,5000
Multivariate region null,Conventional,88300,0.9182,0.0038757905000141577,0.9106034506199723,0.9257965493800278,0.995,712.0349912088234,2500,5000
Multivariate region null,Anytime-valid,89190,0.0448,0.002925507135523686,0.03906600601437357,0.05053399398562643,0.995,712.0349912088234,2500,5000
Multivariate region null,Conventional,89190,0.9182,0.0038757905000141577,0.9106034506199723,0.9257965493800278,0.995,712.0349912088234,2500,5000
Multivariate region null,Anytime-valid,90088,0.0448,0.002925507135523686,0.03906600601437357,0.05053399398562643,0.995,712.0349912088234,2500,5000
Multivariate region null,Conventional,90088,0.9184,0.003871471038248898,0.9108119167650321,0.9259880832349678,0.995,712.0349912088234,2500,5000
Multivariate region null,Anytime-valid,90996,0.0448,0.002925507135523686,0.03906600601437357,0.05053399398562643,0.995,712.0349912088234,2500,5000
Multivariate region null,Conventional,90996,0.9186,0.003867144683096303,0.9110203964211312,0.9261796035788687,0.995,712.0349912088234,2500,5000
Multivariate region null,Anytime-valid,91913,0.0448,0.002925507135523686,0.03906600601437357,0.05053399398562643,0.995,712.0349912088234,2500,5000
Multivariate region null,Conventional,91913,0.9186,0.003867144683096303,0.9110203964211312,0.9261796035788687,0.995,712.0349912088234,2500,5000
Multivariate region null,Anytime-valid,92839,0.0448,0.002925507135523686,0.03906600601437357,0.05053399398562643,0.995,712.0349912088234,2500,5000
Multivariate region null,Conventional,92839,0.9188,0.0038628114113945567,0.9112288896336667,0.9263711103663332,0.995,712.0349912088234,2500,5000
Multivariate region null,Anytime-valid,93774,0.0448,0.002925507135523686,0.03906600601437357,0.05053399398562643,0.995,712.0349912088234,2500,5000
Multivariate region null,Conventional,93774,0.9188,0.0038628114113945567,0.9112288896336667,0.9263711103663332,0.995,712.0349912088234,2500,5000
Multivariate region null,Anytime-valid,94719,0.0448,0.002925507135523686,0.03906600601437357,0.05053399398562643,0.995,712.0349912088234,2500,5000
Multivariate region null,Conventional,94719,0.919,0.0038584711998406822,0.9114373964483123,0.9265626035516877,0.995,712.0349912088234,2500,5000
Multivariate region null,Anytime-valid,95673,0.0448,0.002925507135523686,0.03906600601437357,0.05053399398562643,0.995,712.0349912088234,2500,5000
Multivariate region null,Conventional,95673,0.919,0.0038584711998406822,0.9114373964483123,0.9265626035516877,0.995,712.0349912088234,2500,5000
Multivariate region null,Anytime-valid,96637,0.0448,0.002925507135523686,0.03906600601437357,0.05053399398562643,0.995,712.0349912088234,2500,5000
Multivariate region null,Conventional,96637,0.919,0.0038584711998406822,0.9114373964483123,0.9265626035516877,0.995,712.0349912088234,2500,5000
Multivariate region null,Anytime-valid,97611,0.0448,0.002925507135523686,0.03906600601437357,0.05053399398562643,0.995,712.0349912088234,2500,5000
Multivariate region null,Conventional,97611,0.919,0.0038584711998406822,0.9114373964483123,0.9265626035516877,0.995,712.0349912088234,2500,5000
Multivariate region null,Anytime-valid,98595,0.0448,0.002925507135523686,0.03906600601437357,0.05053399398562643,0.995,712.0349912088234,2500,5000
Multivariate region null,Conventional,98595,0.919,0.0038584711998406822,0.9114373964483123,0.9265626035516877,0.995,712.0349912088234,2500,5000
Multivariate region null,Anytime-valid,99588,0.0448,0.002925507135523686,0.03906600601437357,0.05053399398562643,0.995,712.0349912088234,2500,5000
Multivariate region null,Conventional,99588,0.919,0.0038584711998406822,0.9114373964483123,0.9265626035516877,0.995,712.0349912088234,2500,5000
Multivariate region null,Anytime-valid,100591,0.0448,0.002925507135523686,0.03906600601437357,0.05053399398562643,0.995,712.0349912088234,2500,5000
Multivariate region null,Conventional,100591,0.9192,0.0038541240249893357,0.9116459169110209,0.9267540830889791,0.995,712.0349912088234,2500,5000
Multivariate region null,Anytime-valid,101605,0.0448,0.002925507135523686,0.03906600601437357,0.05053399398562643,0.995,712.0349912088234,2500,5000
Multivariate region null,Conventional,101605,0.9198,0.0038410404840355443,0.9122715606512903,0.9273284393487096,0.995,712.0349912088234,2500,5000
Multivariate region null,Anytime-valid,102629,0.0448,0.002925507135523686,0.03906600601437357,0.05053399398562643,0.995,712.0349912088234,2500,5000
Multivariate region null,Conventional,102629,0.9198,0.0038410404840355443,0.9122715606512903,0.9273284393487096,0.995,712.0349912088234,2500,5000
Multivariate region null,Anytime-valid,103663,0.045,0.0029317230428538097,0.03925382283600653,0.05074617716399347,0.995,712.0349912088234,2500,5000
Multivariate region null,Conventional,103663,0.92,0.0038366652186501747,0.9124801361714457,0.9275198638285543,0.995,712.0349912088234,2500,5000
Multivariate region null,Anytime-valid,104707,0.045,0.0029317230428538097,0.03925382283600653,0.05074617716399347,0.995,712.0349912088234,2500,5000
Multivariate region null,Conventional,104707,0.92,0.0038366652186501747,0.9124801361714457,0.9275198638285543,0.995,712.0349912088234,2500,5000
Multivariate region null,Anytime-valid,105762,0.045,0.0029317230428538097,0.03925382283600653,0.05074617716399347,0.995,712.0349912088234,2500,5000
Multivariate region null,Conventional,105762,0.92,0.0038366652186501747,0.9124801361714457,0.9275198638285543,0.995,712.0349912088234,2500,5000
Multivariate region null,Anytime-valid,106828,0.045,0.0029317230428538097,0.03925382283600653,0.05074617716399347,0.995,712.0349912088234,2500,5000
Multivariate region null,Conventional,106828,0.9202,0.0038322828705616187,0.9126887255736993,0.9277112744263007,0.995,712.0349912088234,2500,5000
Multivariate region null,Anytime-valid,107904,0.045,0.0029317230428538097,0.03925382283600653,0.05074617716399347,0.995,712.0349912088234,2500,5000
Multivariate region null,Conventional,107904,0.9202,0.0038322828705616187,0.9126887255736993,0.9277112744263007,0.995,712.0349912088234,2500,5000
Multivariate region null,Anytime-valid,108991,0.045,0.0029317230428538097,0.03925382283600653,0.05074617716399347,0.995,712.0349912088234,2500,5000
Multivariate region null,Conventional,108991,0.9202,0.0038322828705616187,0.9126887255736993,0.9277112744263007,0.995,712.0349912088234,2500,5000
Multivariate region null,Anytime-valid,110089,0.045,0.0029317230428538097,0.03925382283600653,0.05074617716399347,0.995,712.0349912088234,2500,5000
Multivariate region null,Conventional,110089,0.9202,0.0038322828705616187,0.9126887255736993,0.9277112744263007,0.995,712.0349912088234,2500,5000
Multivariate region null,Anytime-valid,111198,0.045,0.0029317230428538097,0.03925382283600653,0.05074617716399347,0.995,712.0349912088234,2500,5000
Multivariate region null,Conventional,111198,0.9202,0.0038322828705616187,0.9126887255736993,0.9277112744263007,0.995,712.0349912088234,2500,5000
Multivariate region null,Anytime-valid,112319,0.045,0.0029317230428538097,0.03925382283600653,0.05074617716399347,0.995,712.0349912088234,2500,5000
Multivariate region null,Conventional,112319,0.9204,0.003827893415444061,0.9128973289057296,0.9279026710942704,0.995,712.0349912088234,2500,5000
Multivariate region null,Anytime-valid,113451,0.045,0.0029317230428538097,0.03925382283600653,0.05074617716399347,0.995,712.0349912088234,2500,5000
Multivariate region null,Conventional,113451,0.9204,0.003827893415444061,0.9128973289057296,0.9279026710942704,0.995,712.0349912088234,2500,5000
Multivariate region null,Anytime-valid,114594,0.045,0.0029317230428538097,0.03925382283600653,0.05074617716399347,0.995,712.0349912088234,2500,5000
Multivariate region null,Conventional,114594,0.9204,0.003827893415444061,0.9128973289057296,0.9279026710942704,0.995,712.0349912088234,2500,5000
Multivariate region null,Anytime-valid,115748,0.045,0.0029317230428538097,0.03925382283600653,0.05074617716399347,0.995,712.0349912088234,2500,5000
Multivariate region null,Conventional,115748,0.9204,0.003827893415444061,0.9128973289057296,0.9279026710942704,0.995,712.0349912088234,2500,5000
Multivariate region null,Anytime-valid,116914,0.045,0.0029317230428538097,0.03925382283600653,0.05074617716399347,0.995,712.0349912088234,2500,5000
Multivariate region null,Conventional,116914,0.9206,0.0038234968288204454,0.9131059462155119,0.9280940537844881,0.995,712.0349912088234,2500,5000
Multivariate region null,Anytime-valid,118092,0.045,0.0029317230428538097,0.03925382283600653,0.05074617716399347,0.995,712.0349912088234,2500,5000
Multivariate region null,Conventional,118092,0.9206,0.0038234968288204454,0.9131059462155119,0.9280940537844881,0.995,712.0349912088234,2500,5000
Multivariate region null,Anytime-valid,119282,0.045,0.0029317230428538097,0.03925382283600653,0.05074617716399347,0.995,712.0349912088234,2500,5000
Multivariate region null,Conventional,119282,0.9208,0.003819093086061141,0.9133145775513201,0.9282854224486798,0.995,712.0349912088234,2500,5000
Multivariate region null,Anytime-valid,120484,0.045,0.0029317230428538097,0.03925382283600653,0.05074617716399347,0.995,712.0349912088234,2500,5000
Multivariate region null,Conventional,120484,0.921,0.0038146821623826002,0.9135232229617302,0.9284767770382699,0.995,712.0349912088234,2500,5000
Multivariate region null,Anytime-valid,121698,0.045,0.0029317230428538097,0.03925382283600653,0.05074617716399347,0.995,712.0349912088234,2500,5000
Multivariate region null,Conventional,121698,0.921,0.0038146821623826002,0.9135232229617302,0.9284767770382699,0.995,712.0349912088234,2500,5000
Multivariate region null,Anytime-valid,122924,0.045,0.0029317230428538097,0.03925382283600653,0.05074617716399347,0.995,712.0349912088234,2500,5000
Multivariate region null,Conventional,122924,0.921,0.0038146821623826002,0.9135232229617302,0.9284767770382699,0.995,712.0349912088234,2500,5000
Multivariate region null,Anytime-valid,124163,0.045,0.0029317230428538097,0.03925382283600653,0.05074617716399347,0.995,712.0349912088234,2500,5000
Multivariate region null,Conventional,124163,0.9212,0.0038102640328460174,0.9137318824956219,0.9286681175043782,0.995,712.0349912088234,2500,5000
Multivariate region null,Anytime-valid,125414,0.045,0.0029317230428538097,0.03925382283600653,0.05074617716399347,0.995,712.0349912088234,2500,5000
Multivariate region null,Conventional,125414,0.9212,0.0038102640328460174,0.9137318824956219,0.9286681175043782,0.995,712.0349912088234,2500,5000
Multivariate region null,Anytime-valid,126677,0.045,0.0029317230428538097,0.03925382283600653,0.05074617716399347,0.995,712.0349912088234,2500,5000
Multivariate region null,Conventional,126677,0.9212,0.0038102640328460174,0.9137318824956219,0.9286681175043782,0.995,712.0349912088234,2500,5000
Multivariate region null,Anytime-valid,127954,0.045,0.0029317230428538097,0.03925382283600653,0.05074617716399347,0.995,712.0349912088234,2500,5000
Multivariate region null,Conventional,127954,0.9212,0.0038102640328460174,0.9137318824956219,0.9286681175043782,0.995,712.0349912088234,2500,5000
Multivariate region null,Anytime-valid,129243,0.045,0.0029317230428538097,0.03925382283600653,0.05074617716399347,0.995,712.0349912088234,2500,5000
Multivariate region null,Conventional,129243,0.9212,0.0038102640328460174,0.9137318824956219,0.9286681175043782,0.995,712.0349912088234,2500,5000
Multivariate region null,Anytime-valid,130545,0.045,0.0029317230428538097,0.03925382283600653,0.05074617716399347,0.995,712.0349912088234,2500,5000
Multivariate region null,Conventional,130545,0.9214,0.003805838672355937,0.9139405562021824,0.9288594437978176,0.995,712.0349912088234,2500,5000
Multivariate region null,Anytime-valid,131860,0.045,0.0029317230428538097,0.03925382283600653,0.05074617716399347,0.995,712.0349912088234,2500,5000
Multivariate region null,Conventional,131860,0.9216,0.0038014060556588796,0.9141492441309086,0.9290507558690914,0.995,712.0349912088234,2500,5000
Multivariate region null,Anytime-valid,133189,0.0452,0.0029379230759160454,0.03944167077120455,0.050958329228795445,0.995,712.0349912088234,2500,5000
Multivariate region null,Conventional,133189,0.9216,0.0038014060556588796,0.9141492441309086,0.9290507558690914,0.995,712.0349912088234,2500,5000
Multivariate region null,Anytime-valid,134531,0.0452,0.0029379230759160454,0.03944167077120455,0.050958329228795445,0.995,712.0349912088234,2500,5000
Multivariate region null,Conventional,134531,0.9218,0.0037969661573419387,0.9143579463316097,0.9292420536683902,0.995,712.0349912088234,2500,5000
Multivariate region null,Anytime-valid,135886,0.0452,0.0029379230759160454,0.03944167077120455,0.050958329228795445,0.995,712.0349912088234,2500,5000
Multivariate region null,Conventional,135886,0.9218,0.0037969661573419387,0.9143579463316097,0.9292420536683902,0.995,712.0349912088234,2500,5000
Multivariate region null,Anytime-valid,137255,0.0452,0.0029379230759160454,0.03944167077120455,0.050958329228795445,0.995,712.0349912088234,2500,5000
Multivariate region null,Conventional,137255,0.922,0.003792518951831354,0.9145666628544106,0.9294333371455895,0.995,712.0349912088234,2500,5000
Multivariate region null,Anytime-valid,138638,0.0452,0.0029379230759160454,0.03944167077120455,0.050958329228795445,0.995,712.0349912088234,2500,5000
Multivariate region null,Conventional,138638,0.922,0.003792518951831354,0.9145666628544106,0.9294333371455895,0.995,712.0349912088234,2500,5000
Multivariate region null,Anytime-valid,140035,0.0452,0.0029379230759160454,0.03944167077120455,0.050958329228795445,0.995,712.0349912088234,2500,5000
Multivariate region null,Conventional,140035,0.9222,0.0037880644133910916,0.9147753937497535,0.9296246062502466,0.995,712.0349912088234,2500,5000
Multivariate region null,Anytime-valid,141446,0.0452,0.0029379230759160454,0.03944167077120455,0.050958329228795445,0.995,712.0349912088234,2500,5000
Multivariate region null,Conventional,141446,0.9222,0.0037880644133910916,0.9147753937497535,0.9296246062502466,0.995,712.0349912088234,2500,5000
Multivariate region null,Anytime-valid,142871,0.0452,0.0029379230759160454,0.03944167077120455,0.050958329228795445,0.995,712.0349912088234,2500,5000
Multivariate region null,Conventional,142871,0.9224,0.003783602516121375,0.9149841390684021,0.9298158609315978,0.995,712.0349912088234,2500,5000
Multivariate region null,Anytime-valid,144311,0.0452,0.0029379230759160454,0.03944167077120455,0.050958329228795445,0.995,712.0349912088234,2500,5000
Multivariate region null,Conventional,144311,0.9224,0.003783602516121375,0.9149841390684021,0.9298158609315978,0.995,712.0349912088234,2500,5000
Multivariate region null,Anytime-valid,145765,0.0452,0.0029379230759160454,0.03944167077120455,0.050958329228795445,0.995,712.0349912088234,2500,5000
Multivariate region null,Conventional,145765,0.9224,0.003783602516121375,0.9149841390684021,0.9298158609315978,0.995,712.0349912088234,2500,5000
Multivariate region null,Anytime-valid,147233,0.0452,0.0029379230759160454,0.03944167077120455,0.050958329228795445,0.995,712.0349912088234,2500,5000
Multivariate region null,Conventional,147233,0.9226,0.0037791332339572265,0.9151928988614438,0.9300071011385561,0.995,712.0349912088234,2500,5000
Multivariate region null,Anytime-valid,148717,0.0452,0.0029379230759160454,0.03944167077120455,0.050958329228795445,0.995,712.0349912088234,2500,5000
Multivariate region null,Conventional,148717,0.9226,0.0037791332339572265,0.9151928988614438,0.9300071011385561,0.995,712.0349912088234,2500,5000
Multivariate region null,Anytime-valid,150215,0.0452,0.0029379230759160454,0.03944167077120455,0.050958329228795445,0.995,712.0349912088234,2500,5000
Multivariate region null,Conventional,150215,0.9226,0.0037791332339572265,0.9151928988614438,0.9300071011385561,0.995,712.0349912088234,2500,5000
Multivariate region null,Anytime-valid,151729,0.0452,0.0029379230759160454,0.03944167077120455,0.050958329228795445,0.995,712.0349912088234,2500,5000
Multivariate region null,Conventional,151729,0.9226,0.0037791332339572265,0.9151928988614438,0.9300071011385561,0.995,712.0349912088234,2500,5000
Multivariate region null,Anytime-valid,153257,0.0452,0.0029379230759160454,0.03944167077120455,0.050958329228795445,0.995,712.0349912088234,2500,5000
Multivariate region null,Conventional,153257,0.9226,0.0037791332339572265,0.9151928988614438,0.9300071011385561,0.995,712.0349912088234,2500,5000
Multivariate region null,Anytime-valid,154802,0.0452,0.0029379230759160454,0.03944167077120455,0.050958329228795445,0.995,712.0349912088234,2500,5000
Multivariate region null,Conventional,154802,0.9226,0.0037791332339572265,0.9151928988614438,0.9300071011385561,0.995,712.0349912088234,2500,5000
Multivariate region null,Anytime-valid,156361,0.0452,0.0029379230759160454,0.03944167077120455,0.050958329228795445,0.995,712.0349912088234,2500,5000
Multivariate region null,Conventional,156361,0.9226,0.0037791332339572265,0.9151928988614438,0.9300071011385561,0.995,712.0349912088234,2500,5000
Multivariate region null,Anytime-valid,157937,0.0452,0.0029379230759160454,0.03944167077120455,0.050958329228795445,0.995,712.0349912088234,2500,5000
Multivariate region null,Conventional,157937,0.9228,0.0037746565406669794,0.9154016731802926,0.9301983268197073,0.995,712.0349912088234,2500,5000
Multivariate region null,Anytime-valid,159528,0.0452,0.0029379230759160454,0.03944167077120455,0.050958329228795445,0.995,712.0349912088234,2500,5000
Multivariate region null,Conventional,159528,0.923,0.003770172409850774,0.9156104620766925,0.9303895379233076,0.995,712.0349912088234,2500,5000
Multivariate region null,Anytime-valid,161135,0.0452,0.0029379230759160454,0.03944167077120455,0.050958329228795445,0.995,712.0349912088234,2500,5000
Multivariate region null,Conventional,161135,0.923,0.003770172409850774,0.9156104620766925,0.9303895379233076,0.995,712.0349912088234,2500,5000
Multivariate region null,Anytime-valid,162759,0.0452,0.0029379230759160454,0.03944167077120455,0.050958329228795445,0.995,712.0349912088234,2500,5000
Multivariate region null,Conventional,162759,0.923,0.003770172409850774,0.9156104620766925,0.9303895379233076,0.995,712.0349912088234,2500,5000
Multivariate region null,Anytime-valid,164399,0.0452,0.0029379230759160454,0.03944167077120455,0.050958329228795445,0.995,712.0349912088234,2500,5000
Multivariate region null,Conventional,164399,0.9232,0.003765680814939046,0.9158192656027195,0.9305807343972805,0.995,712.0349912088234,2500,5000
Multivariate region null,Anytime-valid,166055,0.0452,0.0029379230759160454,0.03944167077120455,0.050958329228795445,0.995,712.0349912088234,2500,5000
Multivariate region null,Conventional,166055,0.9232,0.003765680814939046,0.9158192656027195,0.9305807343972805,0.995,712.0349912088234,2500,5000
Multivariate region null,Anytime-valid,167728,0.0452,0.0029379230759160454,0.03944167077120455,0.050958329228795445,0.995,712.0349912088234,2500,5000
Multivariate region null,Conventional,167728,0.9232,0.003765680814939046,0.9158192656027195,0.9305807343972805,0.995,712.0349912088234,2500,5000
Multivariate region null,Anytime-valid,169418,0.0452,0.0029379230759160454,0.03944167077120455,0.050958329228795445,0.995,712.0349912088234,2500,5000
Multivariate region null,Conventional,169418,0.9232,0.003765680814939046,0.9158192656027195,0.9305807343972805,0.995,712.0349912088234,2500,5000
Multivariate region null,Anytime-valid,171125,0.0452,0.0029379230759160454,0.03944167077120455,0.050958329228795445,0.995,712.0349912088234,2500,5000
Multivariate region null,Conventional,171125,0.9232,0.003765680814939046,0.9158192656027195,0.9305807343972805,0.995,712.0349912088234,2500,5000
Multivariate region null,Anytime-valid,172849,0.0452,0.0029379230759160454,0.03944167077120455,0.050958329228795445,0.995,712.0349912088234,2500,5000
Multivariate region null,Conventional,172849,0.9234,0.0037611817291909734,0.9160280838107857,0.9307719161892143,0.995,712.0349912088234,2500,5000
Multivariate region null,Anytime-valid,174591,0.0452,0.0029379230759160454,0.03944167077120455,0.050958329228795445,0.995,712.0349912088234,2500,5000
Multivariate region null,Conventional,174591,0.9236,0.003756675125692932,0.9162369167536418,0.9309630832463581,0.995,712.0349912088234,2500,5000
Multivariate region null,Anytime-valid,176350,0.0452,0.0029379230759160454,0.03944167077120455,0.050958329228795445,0.995,712.0349912088234,2500,5000
Multivariate region null,Conventional,176350,0.9236,0.003756675125692932,0.9162369167536418,0.9309630832463581,0.995,712.0349912088234,2500,5000
Multivariate region null,Anytime-valid,178127,0.0452,0.0029379230759160454,0.03944167077120455,0.050958329228795445,0.995,712.0349912088234,2500,5000
Multivariate region null,Conventional,178127,0.9236,0.003756675125692932,0.9162369167536418,0.9309630832463581,0.995,712.0349912088234,2500,5000
Multivariate region null,Anytime-valid,179922,0.0452,0.0029379230759160454,0.03944167077120455,0.050958329228795445,0.995,712.0349912088234,2500,5000
Multivariate region null,Conventional,179922,0.9238,0.003752160977356916,0.9164457644843804,0.9311542355156195,0.995,712.0349912088234,2500,5000
Multivariate region null,Anytime-valid,181734,0.0452,0.0029379230759160454,0.03944167077120455,0.050958329228795445,0.995,712.0349912088234,2500,5000
Multivariate region null,Conventional,181734,0.9238,0.003752160977356916,0.9164457644843804,0.9311542355156195,0.995,712.0349912088234,2500,5000
Multivariate region null,Anytime-valid,183565,0.0452,0.0029379230759160454,0.03944167077120455,0.050958329228795445,0.995,712.0349912088234,2500,5000
Multivariate region null,Conventional,183565,0.9242,0.0037431099369374657,0.9168635045236025,0.9315364954763975,0.995,712.0349912088234,2500,5000
Multivariate region null,Anytime-valid,185415,0.0452,0.0029379230759160454,0.03944167077120455,0.050958329228795445,0.995,712.0349912088234,2500,5000
Multivariate region null,Conventional,185415,0.9242,0.0037431099369374657,0.9168635045236025,0.9315364954763975,0.995,712.0349912088234,2500,5000
Multivariate region null,Anytime-valid,187283,0.0452,0.0029379230759160454,0.03944167077120455,0.050958329228795445,0.995,712.0349912088234,2500,5000
Multivariate region null,Conventional,187283,0.9242,0.0037431099369374657,0.9168635045236025,0.9315364954763975,0.995,712.0349912088234,2500,5000
Multivariate region null,Anytime-valid,189170,0.0452,0.0029379230759160454,0.03944167077120455,0.050958329228795445,0.995,712.0349912088234,2500,5000
Multivariate region null,Conventional,189170,0.9246,0.003734028387679987,0.9172813043601472,0.9319186956398527,0.995,712.0349912088234,2500,5000
Multivariate region null,Anytime-valid,191076,0.0452,0.0029379230759160454,0.03944167077120455,0.050958329228795445,0.995,712.0349912088234,2500,5000
Multivariate region null,Conventional,191076,0.9246,0.003734028387679987,0.9172813043601472,0.9319186956398527,0.995,712.0349912088234,2500,5000
Multivariate region null,Anytime-valid,193001,0.0452,0.0029379230759160454,0.03944167077120455,0.050958329228795445,0.995,712.0349912088234,2500,5000
Multivariate region null,Conventional,193001,0.9246,0.003734028387679987,0.9172813043601472,0.9319186956398527,0.995,712.0349912088234,2500,5000
Multivariate region null,Anytime-valid,194946,0.0452,0.0029379230759160454,0.03944167077120455,0.050958329228795445,0.995,712.0349912088234,2500,5000
Multivariate region null,Conventional,194946,0.9246,0.003734028387679987,0.9172813043601472,0.9319186956398527,0.995,712.0349912088234,2500,5000
Multivariate region null,Anytime-valid,196910,0.0452,0.0029379230759160454,0.03944167077120455,0.050958329228795445,0.995,712.0349912088234,2500,5000
Multivariate region null,Conventional,196910,0.9246,0.003734028387679987,0.9172813043601472,0.9319186956398527,0.995,712.0349912088234,2500,5000
Multivariate region null,Anytime-valid,198894,0.0452,0.0029379230759160454,0.03944167077120455,0.050958329228795445,0.995,712.0349912088234,2500,5000
Multivariate region null,Conventional,198894,0.9246,0.003734028387679987,0.9172813043601472,0.9319186956398527,0.995,712.0349912088234,2500,5000
Multivariate region null,Anytime-valid,200898,0.0454,0.002944107334999864,0.03962954962340027,0.05117045037659974,0.995,712.0349912088234,2500,5000
Multivariate region null,Conventional,200898,0.9246,0.003734028387679987,0.9172813043601472,0.9319186956398527,0.995,712.0349912088234,2500,5000
Multivariate region null,Anytime-valid,202922,0.0454,0.002944107334999864,0.03962954962340027,0.05117045037659974,0.995,712.0349912088234,2500,5000
Multivariate region null,Conventional,202922,0.9248,0.003729476102618169,0.9174902268388684,0.9321097731611315,0.995,712.0349912088234,2500,5000
Multivariate region null,Anytime-valid,204967,0.0454,0.002944107334999864,0.03962954962340027,0.05117045037659974,0.995,712.0349912088234,2500,5000
Multivariate region null,Conventional,204967,0.9248,0.003729476102618169,0.9174902268388684,0.9321097731611315,0.995,712.0349912088234,2500,5000
Multivariate region null,Anytime-valid,207032,0.0454,0.002944107334999864,0.03962954962340027,0.05117045037659974,0.995,712.0349912088234,2500,5000
Multivariate region null,Conventional,207032,0.9252,0.0037203483707846496,0.9179081171932622,0.9324918828067379,0.995,712.0349912088234,2500,5000
Multivariate region null,Anytime-valid,209118,0.0454,0.002944107334999864,0.03962954962340027,0.05117045037659974,0.995,712.0349912088234,2500,5000
Multivariate region null,Conventional,209118,0.9256,0.0037111895667023,0.9183260684492635,0.9328739315507365,0.995,712.0349912088234,2500,5000
Multivariate region null,Anytime-valid,211225,0.0454,0.002944107334999864,0.03962954962340027,0.05117045037659974,0.995,712.0349912088234,2500,5000
Multivariate region null,Conventional,211225,0.9256,0.0037111895667023,0.9183260684492635,0.9328739315507365,0.995,712.0349912088234,2500,5000
Multivariate region null,Anytime-valid,213353,0.0454,0.002944107334999864,0.03962954962340027,0.05117045037659974,0.995,712.0349912088234,2500,5000
Multivariate region null,Conventional,213353,0.9256,0.0037111895667023,0.9183260684492635,0.9328739315507365,0.995,712.0349912088234,2500,5000
Multivariate region null,Anytime-valid,215502,0.0454,0.002944107334999864,0.03962954962340027,0.05117045037659974,0.995,712.0349912088234,2500,5000
Multivariate region null,Conventional,215502,0.9258,0.0037065984406191087,0.9185350670563865,0.9330649329436134,0.995,712.0349912088234,2500,5000
Multivariate region null,Anytime-valid,217674,0.0454,0.002944107334999864,0.03962954962340027,0.05117045037659974,0.995,712.0349912088234,2500,5000
Multivariate region null,Conventional,217674,0.9258,0.0037065984406191087,0.9185350670563865,0.9330649329436134,0.995,712.0349912088234,2500,5000
Multivariate region null,Anytime-valid,219867,0.0454,0.002944107334999864,0.03962954962340027,0.05117045037659974,0.995,712.0349912088234,2500,5000
Multivariate region null,Conventional,219867,0.9258,0.0037065984406191087,0.9185350670563865,0.9330649329436134,0.995,712.0349912088234,2500,5000
Multivariate region null,Anytime-valid,222082,0.0454,0.002944107334999864,0.03962954962340027,0.05117045037659974,0.995,712.0349912088234,2500,5000
Multivariate region null,Conventional,222082,0.9258,0.0037065984406191087,0.9185350670563865,0.9330649329436134,0.995,712.0349912088234,2500,5000
Multivariate region null,Anytime-valid,224320,0.0454,0.002944107334999864,0.03962954962340027,0.05117045037659974,0.995,712.0349912088234,2500,5000
Multivariate region null,Conventional,224320,0.9258,0.0037065984406191087,0.9185350670563865,0.9330649329436134,0.995,712.0349912088234,2500,5000
Multivariate region null,Anytime-valid,226580,0.0454,0.002944107334999864,0.03962954962340027,0.05117045037659974,0.995,712.0349912088234,2500,5000
Multivariate region null,Conventional,226580,0.926,0.003701999459751445,0.9187440810588872,0.9332559189411129,0.995,712.0349912088234,2500,5000
Multivariate region null,Anytime-valid,228863,0.0454,0.002944107334999864,0.03962954962340027,0.05117045037659974,0.995,712.0349912088234,2500,5000
Multivariate region null,Conventional,228863,0.926,0.003701999459751445,0.9187440810588872,0.9332559189411129,0.995,712.0349912088234,2500,5000
Multivariate region null,Anytime-valid,231169,0.0454,0.002944107334999864,0.03962954962340027,0.05117045037659974,0.995,712.0349912088234,2500,5000
Multivariate region null,Conventional,231169,0.926,0.003701999459751445,0.9187440810588872,0.9332559189411129,0.995,712.0349912088234,2500,5000
Multivariate region null,Anytime-valid,233498,0.0454,0.002944107334999864,0.03962954962340027,0.05117045037659974,0.995,712.0349912088234,2500,5000
Multivariate region null,Conventional,233498,0.926,0.003701999459751445,0.9187440810588872,0.9332559189411129,0.995,712.0349912088234,2500,5000
Multivariate region null,Anytime-valid,235850,0.0454,0.002944107334999864,0.03962954962340027,0.05117045037659974,0.995,712.0349912088234,2500,5000
Multivariate region null,Conventional,235850,0.9262,0.003697392594788927,0.9189531105142137,0.9334468894857864,0.995,712.0349912088234,2500,5000
Multivariate region null,Anytime-valid,238227,0.0454,0.002944107334999864,0.03962954962340027,0.05117045037659974,0.995,712.0349912088234,2500,5000
Multivariate region null,Conventional,238227,0.9264,0.003692777816224529,0.9191621554802,0.9336378445198,0.995,712.0349912088234,2500,5000
Multivariate region null,Anytime-valid,240627,0.0454,0.002944107334999864,0.03962954962340027,0.05117045037659974,0.995,712.0349912088234,2500,5000
Multivariate region null,Conventional,240627,0.9264,0.003692777816224529,0.9191621554802,0.9336378445198,0.995,712.0349912088234,2500,5000
Multivariate region null,Anytime-valid,243051,0.0454,0.002944107334999864,0.03962954962340027,0.05117045037659974,0.995,712.0349912088234,2500,5000
Multivariate region null,Conventional,243051,0.9266,0.003688155094352731,0.9193712160150687,0.9338287839849313,0.995,712.0349912088234,2500,5000
Multivariate region null,Anytime-valid,245500,0.0454,0.002944107334999864,0.03962954962340027,0.05117045037659974,0.995,712.0349912088234,2500,5000
Multivariate region null,Conventional,245500,0.9268,0.0036835243992676373,0.9195802921774354,0.9340197078225645,0.995,712.0349912088234,2500,5000
Multivariate region null,Anytime-valid,247974,0.0454,0.002944107334999864,0.03962954962340027,0.05117045037659974,0.995,712.0349912088234,2500,5000
Multivariate region null,Conventional,247974,0.9268,0.0036835243992676373,0.9195802921774354,0.9340197078225645,0.995,712.0349912088234,2500,5000
Multivariate region null,Anytime-valid,250472,0.0454,0.002944107334999864,0.03962954962340027,0.05117045037659974,0.995,712.0349912088234,2500,5000
Multivariate region null,Conventional,250472,0.9268,0.0036835243992676373,0.9195802921774354,0.9340197078225645,0.995,712.0349912088234,2500,5000
Multivariate region null,Anytime-valid,252996,0.0454,0.002944107334999864,0.03962954962340027,0.05117045037659974,0.995,712.0349912088234,2500,5000
Multivariate region null,Conventional,252996,0.9268,0.0036835243992676373,0.9195802921774354,0.9340197078225645,0.995,712.0349912088234,2500,5000
Multivariate region null,Anytime-valid,255545,0.0454,0.002944107334999864,0.03962954962340027,0.05117045037659974,0.995,712.0349912088234,2500,5000
Multivariate region null,Conventional,255545,0.927,0.003678885700861063,0.9197893840263124,0.9342106159736877,0.995,712.0349912088234,2500,5000
Multivariate region null,Anytime-valid,258120,0.0454,0.002944107334999864,0.03962954962340027,0.05117045037659974,0.995,712.0349912088234,2500,5000
Multivariate region null,Conventional,258120,0.927,0.003678885700861063,0.9197893840263124,0.9342106159736877,0.995,712.0349912088234,2500,5000
Multivariate region null,Anytime-valid,260720,0.0454,0.002944107334999864,0.03962954962340027,0.05117045037659974,0.995,712.0349912088234,2500,5000
Multivariate region null,Conventional,260720,0.9272,0.0036742389688206177,0.9199984916211116,0.9344015083788885,0.995,712.0349912088234,2500,5000
Multivariate region null,Anytime-valid,263347,0.0454,0.002944107334999864,0.03962954962340027,0.05117045037659974,0.995,712.0349912088234,2500,5000
Multivariate region null,Conventional,263347,0.9272,0.0036742389688206177,0.9199984916211116,0.9344015083788885,0.995,712.0349912088234,2500,5000
Multivariate region null,Anytime-valid,266001,0.0454,0.002944107334999864,0.03962954962340027,0.05117045037659974,0.995,712.0349912088234,2500,5000
Multivariate region null,Conventional,266001,0.9272,0.0036742389688206177,0.9199984916211116,0.9344015083788885,0.995,712.0349912088234,2500,5000
Multivariate region null,Anytime-valid,268681,0.0454,0.002944107334999864,0.03962954962340027,0.05117045037659974,0.995,712.0349912088234,2500,5000
Multivariate region null,Conventional,268681,0.9272,0.0036742389688206177,0.9199984916211116,0.9344015083788885,0.995,712.0349912088234,2500,5000
Multivariate region null,Anytime-valid,271388,0.0454,0.002944107334999864,0.03962954962340027,0.05117045037659974,0.995,712.0349912088234,2500,5000
Multivariate region null,Conventional,271388,0.9276,0.0036649212815557178,0.9204167542881507,0.9347832457118492,0.995,712.0349912088234,2500,5000
Multivariate region null,Anytime-valid,274122,0.0454,0.002944107334999864,0.03962954962340027,0.05117045037659974,0.995,712.0349912088234,2500,5000
Multivariate region null,Conventional,274122,0.9278,0.003660250264667705,0.9206259094812512,0.9349740905187487,0.995,712.0349912088234,2500,5000
Multivariate region null,Anytime-valid,276884,0.0454,0.002944107334999864,0.03962954962340027,0.05117045037659974,0.995,712.0349912088234,2500,5000
Multivariate region null,Conventional,276884,0.928,0.0036555710908146746,0.9208350806620033,0.9351649193379968,0.995,712.0349912088234,2500,5000
Multivariate region null,Anytime-valid,279674,0.0454,0.002944107334999864,0.03962954962340027,0.05117045037659974,0.995,712.0349912088234,2500,5000
Multivariate region null,Conventional,279674,0.928,0.0036555710908146746,0.9208350806620033,0.9351649193379968,0.995,712.0349912088234,2500,5000
Multivariate region null,Anytime-valid,282492,0.0454,0.002944107334999864,0.03962954962340027,0.05117045037659974,0.995,712.0349912088234,2500,5000
Multivariate region null,Conventional,282492,0.928,0.0036555710908146746,0.9208350806620033,0.9351649193379968,0.995,712.0349912088234,2500,5000
Multivariate region null,Anytime-valid,285338,0.0454,0.002944107334999864,0.03962954962340027,0.05117045037659974,0.995,712.0349912088234,2500,5000
Multivariate region null,Conventional,285338,0.928,0.0036555710908146746,0.9208350806620033,0.9351649193379968,0.995,712.0349912088234,2500,5000
Multivariate region null,Anytime-valid,288213,0.0454,0.002944107334999864,0.03962954962340027,0.05117045037659974,0.995,712.0349912088234,2500,5000
Multivariate region null,Conventional,288213,0.9282,0.0036508837286333834,0.9210442678918785,0.9353557321081215,0.995,712.0349912088234,2500,5000
Multivariate region null,Anytime-valid,291117,0.0454,0.002944107334999864,0.03962954962340027,0.05117045037659974,0.995,712.0349912088234,2500,5000
Multivariate region null,Conventional,291117,0.9286,0.003641484312749405,0.9214626907470111,0.9357373092529888,0.995,712.0349912088234,2500,5000
Multivariate region null,Anytime-valid,294050,0.0454,0.002944107334999864,0.03962954962340027,0.05117045037659974,0.995,712.0349912088234,2500,5000
Multivariate region null,Conventional,294050,0.9286,0.003641484312749405,0.9214626907470111,0.9357373092529888,0.995,712.0349912088234,2500,5000
Multivariate region null,Anytime-valid,297013,0.0454,0.002944107334999864,0.03962954962340027,0.05117045037659974,0.995,712.0349912088234,2500,5000
Multivariate region null,Conventional,297013,0.9286,0.003641484312749405,0.9214626907470111,0.9357373092529888,0.995,712.0349912088234,2500,5000
Multivariate region null,Anytime-valid,300005,0.0454,0.002944107334999864,0.03962954962340027,0.05117045037659974,0.995,712.0349912088234,2500,5000
Multivariate region null,Conventional,300005,0.9286,0.003641484312749405,0.9214626907470111,0.9357373092529888,0.995,712.0349912088234,2500,5000
Multivariate region null,Anytime-valid,303028,0.0454,0.002944107334999864,0.03962954962340027,0.05117045037659974,0.995,712.0349912088234,2500,5000
Multivariate region null,Conventional,303028,0.9286,0.003641484312749405,0.9214626907470111,0.9357373092529888,0.995,712.0349912088234,2500,5000
Multivariate region null,Anytime-valid,306081,0.0454,0.002944107334999864,0.03962954962340027,0.05117045037659974,0.995,712.0349912088234,2500,5000
Multivariate region null,Conventional,306081,0.9286,0.003641484312749405,0.9214626907470111,0.9357373092529888,0.995,712.0349912088234,2500,5000
Multivariate region null,Anytime-valid,309165,0.0454,0.002944107334999864,0.03962954962340027,0.05117045037659974,0.995,712.0349912088234,2500,5000
Multivariate region null,Conventional,309165,0.9288,0.003636772195230271,0.9216719264973486,0.9359280735026513,0.995,712.0349912088234,2500,5000
Multivariate region null,Anytime-valid,312280,0.0454,0.002944107334999864,0.03962954962340027,0.05117045037659974,0.995,712.0349912088234,2500,5000
Multivariate region null,Conventional,312280,0.929,0.0036320517617456933,0.9218811785469785,0.9361188214530216,0.995,712.0349912088234,2500,5000
Multivariate region null,Anytime-valid,315426,0.0454,0.002944107334999864,0.03962954962340027,0.05117045037659974,0.995,712.0349912088234,2500,5000
Multivariate region null,Conventional,315426,0.9292,0.0036273229798296147,0.922090446959534,0.936309553040466,0.995,712.0349912088234,2500,5000
Multivariate region null,Anytime-valid,318604,0.0456,0.0029502759192997527,0.039817459198172485,0.05138254080182752,0.995,712.0349912088234,2500,5000
Multivariate region null,Conventional,318604,0.9292,0.0036273229798296147,0.922090446959534,0.936309553040466,0.995,712.0349912088234,2500,5000
Multivariate region null,Anytime-valid,321815,0.0456,0.0029502759192997527,0.039817459198172485,0.05138254080182752,0.995,712.0349912088234,2500,5000
Multivariate region null,Conventional,321815,0.9294,0.0036225858167888863,0.9222997317990937,0.9365002682009063,0.995,712.0349912088234,2500,5000
Multivariate region null,Anytime-valid,325057,0.0456,0.0029502759192997527,0.039817459198172485,0.05138254080182752,0.995,712.0349912088234,2500,5000
Multivariate region null,Conventional,325057,0.9294,0.0036225858167888863,0.9222997317990937,0.9365002682009063,0.995,712.0349912088234,2500,5000
Multivariate region null,Anytime-valid,328332,0.0456,0.0029502759192997527,0.039817459198172485,0.05138254080182752,0.995,712.0349912088234,2500,5000
Multivariate region null,Conventional,328332,0.9296,0.0036178402397010296,0.922509033130186,0.936690966869814,0.995,712.0349912088234,2500,5000
Multivariate region null,Anytime-valid,331640,0.0456,0.0029502759192997527,0.039817459198172485,0.05138254080182752,0.995,712.0349912088234,2500,5000
Multivariate region null,Conventional,331640,0.9296,0.0036178402397010296,0.922509033130186,0.936690966869814,0.995,712.0349912088234,2500,5000
Multivariate region null,Anytime-valid,334982,0.0456,0.0029502759192997527,0.039817459198172485,0.05138254080182752,0.995,712.0349912088234,2500,5000
Multivariate region null,Conventional,334982,0.9296,0.0036178402397010296,0.922509033130186,0.936690966869814,0.995,712.0349912088234,2500,5000
Multivariate region null,Anytime-valid,338357,0.0456,0.0029502759192997527,0.039817459198172485,0.05138254080182752,0.995,712.0349912088234,2500,5000
Multivariate region null,Conventional,338357,0.9296,0.0036178402397010296,0.922509033130186,0.936690966869814,0.995,712.0349912088234,2500,5000
Multivariate region null,Anytime-valid,341766,0.0456,0.0029502759192997527,0.039817459198172485,0.05138254080182752,0.995,712.0349912088234,2500,5000
Multivariate region null,Conventional,341766,0.9298,0.003613086215411972,0.9227183510177925,0.9368816489822074,0.995,712.0349912088234,2500,5000
Multivariate region null,Anytime-valid,345209,0.0456,0.0029502759192997527,0.039817459198172485,0.05138254080182752,0.995,712.0349912088234,2500,5000
Multivariate region null,Conventional,345209,0.93,0.003608323710533742,0.9229276855273539,0.9370723144726462,0.995,712.0349912088234,2500,5000
Multivariate region null,Anytime-valid,348688,0.0456,0.0029502759192997527,0.039817459198172485,0.05138254080182752,0.995,712.0349912088234,2500,5000
Multivariate region null,Conventional,348688,0.93,0.003608323710533742,0.9229276855273539,0.9370723144726462,0.995,712.0349912088234,2500,5000
Multivariate region null,Anytime-valid,352201,0.0456,0.0029502759192997527,0.039817459198172485,0.05138254080182752,0.995,712.0349912088234,2500,5000
Multivariate region null,Conventional,352201,0.93,0.003608323710533742,0.9229276855273539,0.9370723144726462,0.995,712.0349912088234,2500,5000
Multivariate region null,Anytime-valid,355749,0.0456,0.0029502759192997527,0.039817459198172485,0.05138254080182752,0.995,712.0349912088234,2500,5000
Multivariate region null,Conventional,355749,0.9304,0.003598773124274438,0.92334640467642215,0.9374535953235779,0.995,712.0349912088234,2500,5000
Multivariate region null,Anytime-valid,359334,0.0456,0.0029502759192997527,0.039817459198172485,0.05138254080182752,0.995,712.0349912088234,2500,5000
Multivariate region null,Conventional,359334,0.9304,0.003598773124274438,0.92334640467642215,0.9374535953235779,0.995,712.0349912088234,2500,5000
Multivariate region null,Anytime-valid,362954,0.0456,0.0029502759192997527,0.039817459198172485,0.05138254080182752,0.995,712.0349912088234,2500,5000
Multivariate region null,Conventional,362954,0.9304,0.003598773124274438,0.92334640467642215,0.9374535953235779,0.995,712.0349912088234,2500,5000
Multivariate region null,Anytime-valid,366611,0.0456,0.0029502759192997527,0.039817459198172485,0.05138254080182752,0.995,712.0349912088234,2500,5000
Multivariate region null,Conventional,366611,0.9304,0.003598773124274438,0.92334640467642215,0.9374535953235779,0.995,712.0349912088234,2500,5000
Multivariate region null,Anytime-valid,370305,0.0456,0.0029502759192997527,0.039817459198172485,0.05138254080182752,0.995,712.0349912088234,2500,5000
Multivariate region null,Conventional,370305,0.9304,0.003598773124274438,0.92334640467642215,0.9374535953235779,0.995,712.0349912088234,2500,5000
Multivariate region null,Anytime-valid,374036,0.0456,0.0029502759192997527,0.039817459198172485,0.05138254080182752,0.995,712.0349912088234,2500,5000
Multivariate region null,Conventional,374036,0.9304,0.003598773124274438,0.92334640467642215,0.9374535953235779,0.995,712.0349912088234,2500,5000
Multivariate region null,Anytime-valid,377805,0.0456,0.0029502759192997527,0.039817459198172485,0.05138254080182752,0.995,712.0349912088234,2500,5000
Multivariate region null,Conventional,377805,0.9304,0.003598773124274438,0.92334640467642215,0.9374535953235779,0.995,712.0349912088234,2500,5000
Multivariate region null,Anytime-valid,381611,0.0456,0.0029502759192997527,0.039817459198172485,0.05138254080182752,0.995,712.0349912088234,2500,5000
Multivariate region null,Conventional,381611,0.9304,0.003598773124274438,0.92334640467642215,0.9374535953235779,0.995,712.0349912088234,2500,5000
Multivariate region null,Anytime-valid,385456,0.0456,0.0029502759192997527,0.039817459198172485,0.05138254080182752,0.995,712.0349912088234,2500,5000
Multivariate region null,Conventional,385456,0.9306,0.0035939849749268573,0.9235557894491433,0.9376442105508567,0.995,712.0349912088234,2500,5000
Multivariate region null,Anytime-valid,389340,0.0456,0.0029502759192997527,0.039817459198172485,0.05138254080182752,0.995,712.0349912088234,2500,5000
Multivariate region null,Conventional,389340,0.9308,0.003589188209052293,0.9237651911102575,0.9378348088897425,0.995,712.0349912088234,2500,5000
Multivariate region null,Anytime-valid,393262,0.0456,0.0029502759192997527,0.039817459198172485,0.05138254080182752,0.995,712.0349912088234,2500,5000
Multivariate region null,Conventional,393262,0.9308,0.003589188209052293,0.9237651911102575,0.9378348088897425,0.995,712.0349912088234,2500,5000
Multivariate region null,Anytime-valid,397225,0.0456,0.0029502759192997527,0.039817459198172485,0.05138254080182752,0.995,712.0349912088234,2500,5000
Multivariate region null,Conventional,397225,0.9308,0.003589188209052293,0.9237651911102575,0.9378348088897425,0.995,712.0349912088234,2500,5000
Multivariate region null,Anytime-valid,401227,0.0456,0.0029502759192997527,0.039817459198172485,0.05138254080182752,0.995,712.0349912088234,2500,5000
Multivariate region null,Conventional,401227,0.9308,0.003589188209052293,0.9237651911102575,0.9378348088897425,0.995,712.0349912088234,2500,5000
Multivariate region null,Anytime-valid,405270,0.0456,0.0029502759192997527,0.039817459198172485,0.05138254080182752,0.995,712.0349912088234,2500,5000
Multivariate region null,Conventional,405270,0.931,0.0035843827920577893,0.9239746097275667,0.9380253902724334,0.995,712.0349912088234,2500,5000
Multivariate region null,Anytime-valid,409353,0.0456,0.0029502759192997527,0.039817459198172485,0.05138254080182752,0.995,712.0349912088234,2500,5000
Multivariate region null,Conventional,409353,0.9312,0.003579568689102082,0.9241840453693599,0.9382159546306401,0.995,712.0349912088234,2500,5000
Multivariate region null,Anytime-valid,413477,0.0456,0.0029502759192997527,0.039817459198172485,0.05138254080182752,0.995,712.0349912088234,2500,5000
Multivariate region null,Conventional,413477,0.9314,0.00357474586509307,0.9243934981044176,0.9384065018955824,0.995,712.0349912088234,2500,5000
Multivariate region null,Anytime-valid,417643,0.0456,0.0029502759192997527,0.039817459198172485,0.05138254080182752,0.995,712.0349912088234,2500,5000
Multivariate region null,Conventional,417643,0.9314,0.00357474586509307,0.9243934981044176,0.9384065018955824,0.995,712.0349912088234,2500,5000
Multivariate region null,Anytime-valid,421851,0.0456,0.0029502759192997527,0.039817459198172485,0.05138254080182752,0.995,712.0349912088234,2500,5000
Multivariate region null,Conventional,421851,0.9318,0.0035650739122772765,0.9248124551319366,0.9387875448680634,0.995,712.0349912088234,2500,5000
Multivariate region null,Anytime-valid,426102,0.0456,0.0029502759192997527,0.039817459198172485,0.05138254080182752,0.995,712.0349912088234,2500,5000
Multivariate region null,Conventional,426102,0.9318,0.0035650739122772765,0.9248124551319366,0.9387875448680634,0.995,712.0349912088234,2500,5000
Multivariate region null,Anytime-valid,430395,0.0456,0.0029502759192997527,0.039817459198172485,0.05138254080182752,0.995,712.0349912088234,2500,5000
Multivariate region null,Conventional,430395,0.9318,0.0035650739122772765,0.9248124551319366,0.9387875448680634,0.995,712.0349912088234,2500,5000
Multivariate region null,Anytime-valid,434731,0.0456,0.0029502759192997527,0.039817459198172485,0.05138254080182752,0.995,712.0349912088234,2500,5000
Multivariate region null,Conventional,434731,0.9318,0.0035650739122772765,0.9248124551319366,0.9387875448680634,0.995,712.0349912088234,2500,5000
Multivariate region null,Anytime-valid,439111,0.0456,0.0029502759192997527,0.039817459198172485,0.05138254080182752,0.995,712.0349912088234,2500,5000
Multivariate region null,Conventional,439111,0.9318,0.0035650739122772765,0.9248124551319366,0.9387875448680634,0.995,712.0349912088234,2500,5000
Multivariate region null,Anytime-valid,443536,0.0456,0.0029502759192997527,0.039817459198172485,0.05138254080182752,0.995,712.0349912088234,2500,5000
Multivariate region null,Conventional,443536,0.932,0.0035602247120090596,0.9250219595644623,0.9389780404355378,0.995,712.0349912088234,2500,5000
Multivariate region null,Anytime-valid,448005,0.0456,0.0029502759192997527,0.039817459198172485,0.05138254080182752,0.995,712.0349912088234,2500,5000
Multivariate region null,Conventional,448005,0.9322,0.0035553666477594116,0.9252314813703916,0.9391685186296085,0.995,712.0349912088234,2500,5000
Multivariate region null,Anytime-valid,452518,0.0456,0.0029502759192997527,0.039817459198172485,0.05138254080182752,0.995,712.0349912088234,2500,5000
Multivariate region null,Conventional,452518,0.9322,0.0035553666477594116,0.9252314813703916,0.9391685186296085,0.995,712.0349912088234,2500,5000
Multivariate region null,Anytime-valid,457078,0.0456,0.0029502759192997527,0.039817459198172485,0.05138254080182752,0.995,712.0349912088234,2500,5000
Multivariate region null,Conventional,457078,0.9322,0.0035553666477594116,0.9252314813703916,0.9391685186296085,0.995,712.0349912088234,2500,5000
Multivariate region null,Anytime-valid,461683,0.0456,0.0029502759192997527,0.039817459198172485,0.05138254080182752,0.995,712.0349912088234,2500,5000
Multivariate region null,Conventional,461683,0.9322,0.0035553666477594116,0.9252314813703916,0.9391685186296085,0.995,712.0349912088234,2500,5000
Multivariate region null,Anytime-valid,466335,0.0456,0.0029502759192997527,0.039817459198172485,0.05138254080182752,0.995,712.0349912088234,2500,5000
Multivariate region null,Conventional,466335,0.9322,0.0035553666477594116,0.9252314813703916,0.9391685186296085,0.995,712.0349912088234,2500,5000
Multivariate region null,Anytime-valid,471033,0.0456,0.0029502759192997527,0.039817459198172485,0.05138254080182752,0.995,712.0349912088234,2500,5000
Multivariate region null,Conventional,471033,0.9322,0.0035553666477594116,0.9252314813703916,0.9391685186296085,0.995,712.0349912088234,2500,5000
Multivariate region null,Anytime-valid,475779,0.0456,0.0029502759192997527,0.039817459198172485,0.05138254080182752,0.995,712.0349912088234,2500,5000
Multivariate region null,Conventional,475779,0.9328,0.0035407389059347494,0.9258601517443679,0.9397398482556321,0.995,712.0349912088234,2500,5000
Multivariate region null,Anytime-valid,480573,0.0456,0.0029502759192997527,0.039817459198172485,0.05138254080182752,0.995,712.0349912088234,2500,5000
Multivariate region null,Conventional,480573,0.9328,0.0035407389059347494,0.9258601517443679,0.9397398482556321,0.995,712.0349912088234,2500,5000
Multivariate region null,Anytime-valid,485415,0.0456,0.0029502759192997527,0.039817459198172485,0.05138254080182752,0.995,712.0349912088234,2500,5000
Multivariate region null,Conventional,485415,0.9328,0.0035407389059347494,0.9258601517443679,0.9397398482556321,0.995,712.0349912088234,2500,5000
Multivariate region null,Anytime-valid,490306,0.0456,0.0029502759192997527,0.039817459198172485,0.05138254080182752,0.995,712.0349912088234,2500,5000
Multivariate region null,Conventional,490306,0.9328,0.0035407389059347494,0.9258601517443679,0.9397398482556321,0.995,712.0349912088234,2500,5000
Multivariate region null,Anytime-valid,495246,0.0456,0.0029502759192997527,0.039817459198172485,0.05138254080182752,0.995,712.0349912088234,2500,5000
Multivariate region null,Conventional,495246,0.933,0.003535845019228076,0.926069743762313,0.9399302562376871,0.995,712.0349912088234,2500,5000
Multivariate region null,Anytime-valid,500236,0.0456,0.0029502759192997527,0.039817459198172485,0.05138254080182752,0.995,712.0349912088234,2500,5000
Multivariate region null,Conventional,500236,0.933,0.003535845019228076,0.926069743762313,0.9399302562376871,0.995,712.0349912088234,2500,5000
Multivariate region null,Anytime-valid,505276,0.0456,0.0029502759192997527,0.039817459198172485,0.05138254080182752,0.995,712.0349912088234,2500,5000
Multivariate region null,Conventional,505276,0.933,0.003535845019228076,0.926069743762313,0.9399302562376871,0.995,712.0349912088234,2500,5000
Multivariate region null,Anytime-valid,510367,0.0456,0.0029502759192997527,0.039817459198172485,0.05138254080182752,0.995,712.0349912088234,2500,5000
Multivariate region null,Conventional,510367,0.9332,0.0035309420839203798,0.926279353515516,0.940120646484484,0.995,712.0349912088234,2500,5000
Multivariate region null,Anytime-valid,515509,0.0456,0.0029502759192997527,0.039817459198172485,0.05138254080182752,0.995,712.0349912088234,2500,5000
Multivariate region null,Conventional,515509,0.9332,0.0035309420839203798,0.926279353515516,0.940120646484484,0.995,712.0349912088234,2500,5000
Multivariate region null,Anytime-valid,520703,0.0456,0.0029502759192997527,0.039817459198172485,0.05138254080182752,0.995,712.0349912088234,2500,5000
Multivariate region null,Conventional,520703,0.9336,0.003521108916236475,0.9266986265241764,0.9405013734758235,0.995,712.0349912088234,2500,5000
Multivariate region null,Anytime-valid,525949,0.0456,0.0029502759192997527,0.039817459198172485,0.05138254080182752,0.995,712.0349912088234,2500,5000
Multivariate region null,Conventional,525949,0.9336,0.003521108916236475,0.9266986265241764,0.9405013734758235,0.995,712.0349912088234,2500,5000
Multivariate region null,Anytime-valid,531248,0.0456,0.0029502759192997527,0.039817459198172485,0.05138254080182752,0.995,712.0349912088234,2500,5000
Multivariate region null,Conventional,531248,0.9336,0.003521108916236475,0.9266986265241764,0.9405013734758235,0.995,712.0349912088234,2500,5000
Multivariate region null,Anytime-valid,536601,0.0456,0.0029502759192997527,0.039817459198172485,0.05138254080182752,0.995,712.0349912088234,2500,5000
Multivariate region null,Conventional,536601,0.9336,0.003521108916236475,0.9266986265241764,0.9405013734758235,0.995,712.0349912088234,2500,5000
Multivariate region null,Anytime-valid,542008,0.0456,0.0029502759192997527,0.039817459198172485,0.05138254080182752,0.995,712.0349912088234,2500,5000
Multivariate region null,Conventional,542008,0.9336,0.003521108916236475,0.9266986265241764,0.9405013734758235,0.995,712.0349912088234,2500,5000
Multivariate region null,Anytime-valid,547469,0.0456,0.0029502759192997527,0.039817459198172485,0.05138254080182752,0.995,712.0349912088234,2500,5000
Multivariate region null,Conventional,547469,0.9338,0.003516178607522662,0.9269082899292556,0.9406917100707444,0.995,712.0349912088234,2500,5000
Multivariate region null,Anytime-valid,552985,0.0456,0.0029502759192997527,0.039817459198172485,0.05138254080182752,0.995,712.0349912088234,2500,5000
Multivariate region null,Conventional,552985,0.9338,0.003516178607522662,0.9269082899292556,0.9406917100707444,0.995,712.0349912088234,2500,5000
Multivariate region null,Anytime-valid,558556,0.0456,0.0029502759192997527,0.039817459198172485,0.05138254080182752,0.995,712.0349912088234,2500,5000
Multivariate region null,Conventional,558556,0.9338,0.003516178607522662,0.9269082899292556,0.9406917100707444,0.995,712.0349912088234,2500,5000
Multivariate region null,Anytime-valid,564184,0.0456,0.0029502759192997527,0.039817459198172485,0.05138254080182752,0.995,712.0349912088234,2500,5000
Multivariate region null,Conventional,564184,0.9338,0.003516178607522662,0.9269082899292556,0.9406917100707444,0.995,712.0349912088234,2500,5000
Multivariate region null,Anytime-valid,569868,0.0456,0.0029502759192997527,0.039817459198172485,0.05138254080182752,0.995,712.0349912088234,2500,5000
Multivariate region null,Conventional,569868,0.9338,0.003516178607522662,0.9269082899292556,0.9406917100707444,0.995,712.0349912088234,2500,5000
Multivariate region null,Anytime-valid,575610,0.0456,0.0029502759192997527,0.039817459198172485,0.05138254080182752,0.995,712.0349912088234,2500,5000
Multivariate region null,Conventional,575610,0.9338,0.003516178607522662,0.9269082899292556,0.9406917100707444,0.995,712.0349912088234,2500,5000
Multivariate region null,Anytime-valid,581410,0.0456,0.0029502759192997527,0.039817459198172485,0.05138254080182752,0.995,712.0349912088234,2500,5000
Multivariate region null,Conventional,581410,0.9338,0.003516178607522662,0.9269082899292556,0.9406917100707444,0.995,712.0349912088234,2500,5000
Multivariate region null,Anytime-valid,587268,0.0456,0.0029502759192997527,0.039817459198172485,0.05138254080182752,0.995,712.0349912088234,2500,5000
Multivariate region null,Conventional,587268,0.9338,0.003516178607522662,0.9269082899292556,0.9406917100707444,0.995,712.0349912088234,2500,5000
Multivariate region null,Anytime-valid,593185,0.0456,0.0029502759192997527,0.039817459198172485,0.05138254080182752,0.995,712.0349912088234,2500,5000
Multivariate region null,Conventional,593185,0.9338,0.003516178607522662,0.9269082899292556,0.9406917100707444,0.995,712.0349912088234,2500,5000
Multivariate region null,Anytime-valid,599161,0.0456,0.0029502759192997527,0.039817459198172485,0.05138254080182752,0.995,712.0349912088234,2500,5000
Multivariate region null,Conventional,599161,0.934,0.0035112390975266822,0.9271179713688478,0.9408820286311523,0.995,712.0349912088234,2500,5000
Multivariate region null,Anytime-valid,605198,0.0456,0.0029502759192997527,0.039817459198172485,0.05138254080182752,0.995,712.0349912088234,2500,5000
Multivariate region null,Conventional,605198,0.9342,0.0035062903473614382,0.9273276709191716,0.9410723290808285,0.995,712.0349912088234,2500,5000
Multivariate region null,Anytime-valid,611296,0.0456,0.0029502759192997527,0.039817459198172485,0.05138254080182752,0.995,712.0349912088234,2500,5000
Multivariate region null,Conventional,611296,0.9342,0.0035062903473614382,0.9273276709191716,0.9410723290808285,0.995,712.0349912088234,2500,5000
Multivariate region null,Anytime-valid,617455,0.0456,0.0029502759192997527,0.039817459198172485,0.05138254080182752,0.995,712.0349912088234,2500,5000
Multivariate region null,Conventional,617455,0.9342,0.0035062903473614382,0.9273276709191716,0.9410723290808285,0.995,712.0349912088234,2500,5000
Multivariate region null,Anytime-valid,623676,0.0456,0.0029502759192997527,0.039817459198172485,0.05138254080182752,0.995,712.0349912088234,2500,5000
Multivariate region null,Conventional,623676,0.9342,0.0035062903473614382,0.9273276709191716,0.9410723290808285,0.995,712.0349912088234,2500,5000
Multivariate region null,Anytime-valid,629960,0.0456,0.0029502759192997527,0.039817459198172485,0.05138254080182752,0.995,712.0349912088234,2500,5000
Multivariate region null,Conventional,629960,0.9342,0.0035062903473614382,0.9273276709191716,0.9410723290808285,0.995,712.0349912088234,2500,5000
Multivariate region null,Anytime-valid,636307,0.0456,0.0029502759192997527,0.039817459198172485,0.05138254080182752,0.995,712.0349912088234,2500,5000
Multivariate region null,Conventional,636307,0.9344,0.003501332317847022,0.9275373886570198,0.9412626113429802,0.995,712.0349912088234,2500,5000
Multivariate region null,Anytime-valid,642718,0.0456,0.0029502759192997527,0.039817459198172485,0.05138254080182752,0.995,712.0349912088234,2500,5000
Multivariate region null,Conventional,642718,0.9344,0.003501332317847022,0.9275373886570198,0.9412626113429802,0.995,712.0349912088234,2500,5000
Multivariate region null,Anytime-valid,649194,0.0456,0.0029502759192997527,0.039817459198172485,0.05138254080182752,0.995,712.0349912088234,2500,5000
Multivariate region null,Conventional,649194,0.9344,0.003501332317847022,0.9275373886570198,0.9412626113429802,0.995,712.0349912088234,2500,5000
Multivariate region null,Anytime-valid,655735,0.0456,0.0029502759192997527,0.039817459198172485,0.05138254080182752,0.995,712.0349912088234,2500,5000
Multivariate region null,Conventional,655735,0.9346,0.0034963649695076175,0.927747124659765,0.9414528753402349,0.995,712.0349912088234,2500,5000
Multivariate region null,Anytime-valid,662342,0.0456,0.0029502759192997527,0.039817459198172485,0.05138254080182752,0.995,712.0349912088234,2500,5000
Multivariate region null,Conventional,662342,0.9348,0.003491388262568345,0.927956879005366,0.9416431209946339,0.995,712.0349912088234,2500,5000
Multivariate region null,Anytime-valid,669015,0.0456,0.0029502759192997527,0.039817459198172485,0.05138254080182752,0.995,712.0349912088234,2500,5000
Multivariate region null,Conventional,669015,0.9348,0.003491388262568345,0.927956879005366,0.9416431209946339,0.995,712.0349912088234,2500,5000
Multivariate region null,Anytime-valid,675756,0.0456,0.0029502759192997527,0.039817459198172485,0.05138254080182752,0.995,712.0349912088234,2500,5000
Multivariate region null,Conventional,675756,0.9348,0.003491388262568345,0.927956879005366,0.9416431209946339,0.995,712.0349912088234,2500,5000
Multivariate region null,Anytime-valid,682564,0.0456,0.0029502759192997527,0.039817459198172485,0.05138254080182752,0.995,712.0349912088234,2500,5000
Multivariate region null,Conventional,682564,0.9348,0.003491388262568345,0.927956879005366,0.9416431209946339,0.995,712.0349912088234,2500,5000
Multivariate region null,Anytime-valid,689442,0.0456,0.0029502759192997527,0.039817459198172485,0.05138254080182752,0.995,712.0349912088234,2500,5000
Multivariate region null,Conventional,689442,0.9348,0.003491388262568345,0.927956879005366,0.9416431209946339,0.995,712.0349912088234,2500,5000
Multivariate region null,Anytime-valid,696388,0.0456,0.0029502759192997527,0.039817459198172485,0.05138254080182752,0.995,712.0349912088234,2500,5000
Multivariate region null,Conventional,696388,0.9348,0.003491388262568345,0.927956879005366,0.9416431209946339,0.995,712.0349912088234,2500,5000
Multivariate region null,Anytime-valid,703404,0.0456,0.0029502759192997527,0.039817459198172485,0.05138254080182752,0.995,712.0349912088234,2500,5000
Multivariate region null,Conventional,703404,0.9348,0.003491388262568345,0.927956879005366,0.9416431209946339,0.995,712.0349912088234,2500,5000
Multivariate region null,Anytime-valid,710492,0.0456,0.0029502759192997527,0.039817459198172485,0.05138254080182752,0.995,712.0349912088234,2500,5000
Multivariate region null,Conventional,710492,0.9348,0.003491388262568345,0.927956879005366,0.9416431209946339,0.995,712.0349912088234,2500,5000
Multivariate region null,Anytime-valid,717650,0.0456,0.0029502759192997527,0.039817459198172485,0.05138254080182752,0.995,712.0349912088234,2500,5000
Multivariate region null,Conventional,717650,0.9348,0.003491388262568345,0.927956879005366,0.9416431209946339,0.995,712.0349912088234,2500,5000
Multivariate region null,Anytime-valid,724881,0.0456,0.0029502759192997527,0.039817459198172485,0.05138254080182752,0.995,712.0349912088234,2500,5000
Multivariate region null,Conventional,724881,0.935,0.003486402156952062,0.928166651772374,0.9418333482276261,0.995,712.0349912088234,2500,5000
Multivariate region null,Anytime-valid,732184,0.0456,0.0029502759192997527,0.039817459198172485,0.05138254080182752,0.995,712.0349912088234,2500,5000
Multivariate region null,Conventional,732184,0.935,0.003486402156952062,0.928166651772374,0.9418333482276261,0.995,712.0349912088234,2500,5000
Multivariate region null,Anytime-valid,739562,0.0456,0.0029502759192997527,0.039817459198172485,0.05138254080182752,0.995,712.0349912088234,2500,5000
Multivariate region null,Conventional,739562,0.935,0.003486402156952062,0.928166651772374,0.9418333482276261,0.995,712.0349912088234,2500,5000
Multivariate region null,Anytime-valid,747013,0.0456,0.0029502759192997527,0.039817459198172485,0.05138254080182752,0.995,712.0349912088234,2500,5000
Multivariate region null,Conventional,747013,0.9354,0.0034764015878491366,0.9285862528878157,0.9422137471121843,0.995,712.0349912088234,2500,5000
Multivariate region null,Anytime-valid,754540,0.0456,0.0029502759192997527,0.039817459198172485,0.05138254080182752,0.995,712.0349912088234,2500,5000
Multivariate region null,Conventional,754540,0.9354,0.0034764015878491366,0.9285862528878157,0.9422137471121843,0.995,712.0349912088234,2500,5000
Multivariate region null,Anytime-valid,762142,0.0456,0.0029502759192997527,0.039817459198172485,0.05138254080182752,0.995,712.0349912088234,2500,5000
Multivariate region null,Conventional,762142,0.9354,0.0034764015878491366,0.9285862528878157,0.9422137471121843,0.995,712.0349912088234,2500,5000
Multivariate region null,Anytime-valid,769821,0.0456,0.0029502759192997527,0.039817459198172485,0.05138254080182752,0.995,712.0349912088234,2500,5000
Multivariate region null,Conventional,769821,0.9354,0.0034764015878491366,0.9285862528878157,0.9422137471121843,0.995,712.0349912088234,2500,5000
Multivariate region null,Anytime-valid,777577,0.0456,0.0029502759192997527,0.039817459198172485,0.05138254080182752,0.995,712.0349912088234,2500,5000
Multivariate region null,Conventional,777577,0.9356,0.0034713870426675273,0.9287960813963716,0.9424039186036284,0.995,712.0349912088234,2500,5000
Multivariate region null,Anytime-valid,785412,0.0456,0.0029502759192997527,0.039817459198172485,0.05138254080182752,0.995,712.0349912088234,2500,5000
Multivariate region null,Conventional,785412,0.9356,0.0034713870426675273,0.9287960813963716,0.9424039186036284,0.995,712.0349912088234,2500,5000
Multivariate region null,Anytime-valid,793325,0.0456,0.0029502759192997527,0.039817459198172485,0.05138254080182752,0.995,712.0349912088234,2500,5000
Multivariate region null,Conventional,793325,0.9356,0.0034713870426675273,0.9287960813963716,0.9424039186036284,0.995,712.0349912088234,2500,5000
Multivariate region null,Anytime-valid,801318,0.0456,0.0029502759192997527,0.039817459198172485,0.05138254080182752,0.995,712.0349912088234,2500,5000
Multivariate region null,Conventional,801318,0.9356,0.0034713870426675273,0.9287960813963716,0.9424039186036284,0.995,712.0349912088234,2500,5000
Multivariate region null,Anytime-valid,809392,0.0456,0.0029502759192997527,0.039817459198172485,0.05138254080182752,0.995,712.0349912088234,2500,5000
Multivariate region null,Conventional,809392,0.9356,0.0034713870426675273,0.9287960813963716,0.9424039186036284,0.995,712.0349912088234,2500,5000
Multivariate region null,Anytime-valid,817547,0.0456,0.0029502759192997527,0.039817459198172485,0.05138254080182752,0.995,712.0349912088234,2500,5000
Multivariate region null,Conventional,817547,0.9356,0.0034713870426675273,0.9287960813963716,0.9424039186036284,0.995,712.0349912088234,2500,5000
Multivariate region null,Anytime-valid,825784,0.0456,0.0029502759192997527,0.039817459198172485,0.05138254080182752,0.995,712.0349912088234,2500,5000
Multivariate region null,Conventional,825784,0.9356,0.0034713870426675273,0.9287960813963716,0.9424039186036284,0.995,712.0349912088234,2500,5000
Multivariate region null,Anytime-valid,834104,0.0456,0.0029502759192997527,0.039817459198172485,0.05138254080182752,0.995,712.0349912088234,2500,5000
Multivariate region null,Conventional,834104,0.9356,0.0034713870426675273,0.9287960813963716,0.9424039186036284,0.995,712.0349912088234,2500,5000
Multivariate region null,Anytime-valid,842508,0.0456,0.0029502759192997527,0.039817459198172485,0.05138254080182752,0.995,712.0349912088234,2500,5000
Multivariate region null,Conventional,842508,0.9358,0.003466362935412275,0.9290059286465919,0.942594071353408,0.995,712.0349912088234,2500,5000
Multivariate region null,Anytime-valid,850997,0.0456,0.0029502759192997527,0.039817459198172485,0.05138254080182752,0.995,712.0349912088234,2500,5000
Multivariate region null,Conventional,850997,0.9358,0.003466362935412275,0.9290059286465919,0.942594071353408,0.995,712.0349912088234,2500,5000
Multivariate region null,Anytime-valid,859571,0.0456,0.0029502759192997527,0.039817459198172485,0.05138254080182752,0.995,712.0349912088234,2500,5000
Multivariate region null,Conventional,859571,0.936,0.0034613292244454284,0.929215794720087,0.9427842052799131,0.995,712.0349912088234,2500,5000
Multivariate region null,Anytime-valid,868232,0.0456,0.0029502759192997527,0.039817459198172485,0.05138254080182752,0.995,712.0349912088234,2500,5000
Multivariate region null,Conventional,868232,0.9362,0.0034562858678066537,0.929425679699099,0.9429743203009011,0.995,712.0349912088234,2500,5000
Multivariate region null,Anytime-valid,876980,0.0456,0.0029502759192997527,0.039817459198172485,0.05138254080182752,0.995,712.0349912088234,2500,5000
Multivariate region null,Conventional,876980,0.9362,0.0034562858678066537,0.929425679699099,0.9429743203009011,0.995,712.0349912088234,2500,5000
Multivariate region null,Anytime-valid,885816,0.0456,0.0029502759192997527,0.039817459198172485,0.05138254080182752,0.995,712.0349912088234,2500,5000
Multivariate region null,Conventional,885816,0.9362,0.0034562858678066537,0.929425679699099,0.9429743203009011,0.995,712.0349912088234,2500,5000
Multivariate region null,Anytime-valid,894741,0.0456,0.0029502759192997527,0.039817459198172485,0.05138254080182752,0.995,712.0349912088234,2500,5000
Multivariate region null,Conventional,894741,0.9364,0.0034512328232097003,0.929635583666509,0.943164416333491,0.995,712.0349912088234,2500,5000
Multivariate region null,Anytime-valid,903756,0.0456,0.0029502759192997527,0.039817459198172485,0.05138254080182752,0.995,712.0349912088234,2500,5000
Multivariate region null,Conventional,903756,0.9366,0.0034461700480388374,0.9298455067058439,0.9433544932941561,0.995,712.0349912088234,2500,5000
Multivariate region null,Anytime-valid,912862,0.0456,0.0029502759192997527,0.039817459198172485,0.05138254080182752,0.995,712.0349912088234,2500,5000
Multivariate region null,Conventional,912862,0.9366,0.0034461700480388374,0.9298455067058439,0.9433544932941561,0.995,712.0349912088234,2500,5000
Multivariate region null,Anytime-valid,922059,0.0456,0.0029502759192997527,0.039817459198172485,0.05138254080182752,0.995,712.0349912088234,2500,5000
Multivariate region null,Conventional,922059,0.9366,0.0034461700480388374,0.9298455067058439,0.9433544932941561,0.995,712.0349912088234,2500,5000
Multivariate region null,Anytime-valid,931349,0.0456,0.0029502759192997527,0.039817459198172485,0.05138254080182752,0.995,712.0349912088234,2500,5000
Multivariate region null,Conventional,931349,0.9366,0.0034461700480388374,0.9298455067058439,0.9433544932941561,0.995,712.0349912088234,2500,5000
Multivariate region null,Anytime-valid,940733,0.0456,0.0029502759192997527,0.039817459198172485,0.05138254080182752,0.995,712.0349912088234,2500,5000
Multivariate region null,Conventional,940733,0.9366,0.0034461700480388374,0.9298455067058439,0.9433544932941561,0.995,712.0349912088234,2500,5000
Multivariate region null,Anytime-valid,950211,0.0456,0.0029502759192997527,0.039817459198172485,0.05138254080182752,0.995,712.0349912088234,2500,5000
Multivariate region null,Conventional,950211,0.9368,0.0034410974993452316,0.9300554489012833,0.9435445510987166,0.995,712.0349912088234,2500,5000
Multivariate region null,Anytime-valid,959785,0.0456,0.0029502759192997527,0.039817459198172485,0.05138254080182752,0.995,712.0349912088234,2500,5000
Multivariate region null,Conventional,959785,0.937,0.003436015133843271,0.9302654103376673,0.9437345896623328,0.995,712.0349912088234,2500,5000
Multivariate region null,Anytime-valid,969456,0.0456,0.0029502759192997527,0.039817459198172485,0.05138254080182752,0.995,712.0349912088234,2500,5000
Multivariate region null,Conventional,969456,0.937,0.003436015133843271,0.9302654103376673,0.9437345896623328,0.995,712.0349912088234,2500,5000
Multivariate region null,Anytime-valid,979223,0.0456,0.0029502759192997527,0.039817459198172485,0.05138254080182752,0.995,712.0349912088234,2500,5000
Multivariate region null,Conventional,979223,0.9372,0.00343092290790685,0.9304753911005026,0.9439246088994975,0.995,712.0349912088234,2500,5000
Multivariate region null,Anytime-valid,989090,0.0456,0.0029502759192997527,0.039817459198172485,0.05138254080182752,0.995,712.0349912088234,2500,5000
Multivariate region null,Conventional,989090,0.9372,0.00343092290790685,0.9304753911005026,0.9439246088994975,0.995,712.0349912088234,2500,5000
Multivariate region null,Anytime-valid,999055,0.0456,0.0029502759192997527,0.039817459198172485,0.05138254080182752,0.995,712.0349912088234,2500,5000
Multivariate region null,Conventional,999055,0.9374,0.0034258207775655744,0.9306853912759715,0.9441146087240285,0.995,712.0349912088234,2500,5000
Multivariate region null,Anytime-valid,1009121,0.0456,0.0029502759192997527,0.039817459198172485,0.05138254080182752,0.995,712.0349912088234,2500,5000
Multivariate region null,Conventional,1009121,0.9378,0.003415586626042444,0.9311054502129568,0.9444945497870432,0.995,712.0349912088234,2500,5000
Multivariate region null,Anytime-valid,1019289,0.0456,0.0029502759192997527,0.039817459198172485,0.05138254080182752,0.995,712.0349912088234,2500,5000
Multivariate region null,Conventional,1019289,0.938,0.003410454515163633,0.9313155091502793,0.9446844908497206,0.995,712.0349912088234,2500,5000
Multivariate region null,Anytime-valid,1029558,0.0456,0.0029502759192997527,0.039817459198172485,0.05138254080182752,0.995,712.0349912088234,2500,5000
Multivariate region null,Conventional,1029558,0.9382,0.0034053123204781078,0.9315255878518629,0.9448744121481372,0.995,712.0349912088234,2500,5000
Multivariate region null,Anytime-valid,1039932,0.0456,0.0029502759192997527,0.039817459198172485,0.05138254080182752,0.995,712.0349912088234,2500,5000
Multivariate region null,Conventional,1039932,0.9384,0.003400159996235471,0.9317356864073785,0.9450643135926216,0.995,712.0349912088234,2500,5000
Multivariate region null,Anytime-valid,1050410,0.0456,0.0029502759192997527,0.039817459198172485,0.05138254080182752,0.995,712.0349912088234,2500,5000
Multivariate region null,Conventional,1050410,0.9384,0.003400159996235471,0.9317356864073785,0.9450643135926216,0.995,712.0349912088234,2500,5000
Multivariate region null,Anytime-valid,1060993,0.0456,0.0029502759192997527,0.039817459198172485,0.05138254080182752,0.995,712.0349912088234,2500,5000
Multivariate region null,Conventional,1060993,0.9386,0.003394997496317192,0.9319458049072183,0.9452541950927816,0.995,712.0349912088234,2500,5000
Multivariate region null,Anytime-valid,1071683,0.0456,0.0029502759192997527,0.039817459198172485,0.05138254080182752,0.995,712.0349912088234,2500,5000
Multivariate region null,Conventional,1071683,0.9388,0.003389824774232439,0.9321559434425044,0.9454440565574955,0.995,712.0349912088234,2500,5000
Multivariate region null,Anytime-valid,1082481,0.0456,0.0029502759192997527,0.039817459198172485,0.05138254080182752,0.995,712.0349912088234,2500,5000
Multivariate region null,Conventional,1082481,0.9388,0.003389824774232439,0.9321559434425044,0.9454440565574955,0.995,712.0349912088234,2500,5000
Multivariate region null,Anytime-valid,1093387,0.0456,0.0029502759192997527,0.039817459198172485,0.05138254080182752,0.995,712.0349912088234,2500,5000
Multivariate region null,Conventional,1093387,0.9388,0.003389824774232439,0.9321559434425044,0.9454440565574955,0.995,712.0349912088234,2500,5000
Multivariate region null,Anytime-valid,1104404,0.0456,0.0029502759192997527,0.039817459198172485,0.05138254080182752,0.995,712.0349912088234,2500,5000
Multivariate region null,Conventional,1104404,0.939,0.0033846417831138362,0.93236610210509685,0.945633897894903,0.995,712.0349912088234,2500,5000
Multivariate region null,Anytime-valid,1115531,0.0456,0.0029502759192997527,0.039817459198172485,0.05138254080182752,0.995,712.0349912088234,2500,5000
Multivariate region null,Conventional,1115531,0.939,0.0033846417831138362,0.93236610210509685,0.945633897894903,0.995,712.0349912088234,2500,5000
Multivariate region null,Anytime-valid,1126771,0.0456,0.0029502759192997527,0.039817459198172485,0.05138254080182752,0.995,712.0349912088234,2500,5000
Multivariate region null,Conventional,1126771,0.9392,0.003379448475713159,0.9325762809876023,0.9458237190123978,0.995,712.0349912088234,2500,5000
Multivariate region null,Anytime-valid,1138123,0.0456,0.0029502759192997527,0.039817459198172485,0.05138254080182752,0.995,712.0349912088234,2500,5000
Multivariate region null,Conventional,1138123,0.9392,0.003379448475713159,0.9325762809876023,0.9458237190123978,0.995,712.0349912088234,2500,5000
Multivariate region null,Anytime-valid,1149591,0.0456,0.0029502759192997527,0.039817459198172485,0.05138254080182752,0.995,712.0349912088234,2500,5000
Multivariate region null,Conventional,1149591,0.9396,0.0033690307211422105,0.9329966997865613,0.9462033002134387,0.995,712.0349912088234,2500,5000
Multivariate region null,Anytime-valid,1161173,0.0456,0.0029502759192997527,0.039817459198172485,0.05138254080182752,0.995,712.0349912088234,2500,5000
Multivariate region null,Conventional,1161173,0.9396,0.0033690307211422105,0.9329966997865613,0.9462033002134387,0.995,712.0349912088234,2500,5000
Multivariate region null,Anytime-valid,1172873,0.0456,0.0029502759192997527,0.039817459198172485,0.05138254080182752,0.995,712.0349912088234,2500,5000
Multivariate region null,Conventional,1172873,0.9396,0.0033690307211422105,0.9329966997865613,0.9462033002134387,0.995,712.0349912088234,2500,5000
Multivariate region null,Anytime-valid,1184690,0.0456,0.0029502759192997527,0.039817459198172485,0.05138254080182752,0.995,712.0349912088234,2500,5000
Multivariate region null,Conventional,1184690,0.9398,0.0033638061775316374,0.933206939892038,0.946393060107962,0.995,712.0349912088234,2500,5000
Multivariate region null,Anytime-valid,1196626,0.0456,0.0029502759192997527,0.039817459198172485,0.05138254080182752,0.995,712.0349912088234,2500,5000
Multivariate region null,Conventional,1196626,0.94,0.0033585711247493344,0.9334172005954913,0.9465827994045086,0.995,712.0349912088234,2500,5000
Multivariate region null,Anytime-valid,1208683,0.0456,0.0029502759192997527,0.039817459198172485,0.05138254080182752,0.995,712.0349912088234,2500,5000
Multivariate region null,Conventional,1208683,0.94,0.0033585711247493344,0.9334172005954913,0.9465827994045086,0.995,712.0349912088234,2500,5000
Multivariate region null,Anytime-valid,1220861,0.0456,0.0029502759192997527,0.039817459198172485,0.05138254080182752,0.995,712.0349912088234,2500,5000
Multivariate region null,Conventional,1220861,0.94,0.0033585711247493344,0.9334172005954913,0.9465827994045086,0.995,712.0349912088234,2500,5000
Multivariate region null,Anytime-valid,1233162,0.0456,0.0029502759192997527,0.039817459198172485,0.05138254080182752,0.995,712.0349912088234,2500,5000
Multivariate region null,Conventional,1233162,0.9402,0.0033533255135760375,0.933627481993391,0.9467725180066091,0.995,712.0349912088234,2500,5000
Multivariate region null,Anytime-valid,1245587,0.0456,0.0029502759192997527,0.039817459198172485,0.05138254080182752,0.995,712.0349912088234,2500,5000
Multivariate region null,Conventional,1245587,0.9404,0.0033480692943844512,0.9338377841830064,0.9469622158169936,0.995,712.0349912088234,2500,5000
Multivariate region null,Anytime-valid,1258136,0.0456,0.0029502759192997527,0.039817459198172485,0.05138254080182752,0.995,712.0349912088234,2500,5000
Multivariate region null,Conventional,1258136,0.9406,0.0033428024171344617,0.9340481072624165,0.9471518927375835,0.995,712.0349912088234,2500,5000
Multivariate region null,Anytime-valid,1270813,0.0456,0.0029502759192997527,0.039817459198172485,0.05138254080182752,0.995,712.0349912088234,2500,5000
Multivariate region null,Conventional,1270813,0.9406,0.0033428024171344617,0.9340481072624165,0.9471518927375835,0.995,712.0349912088234,2500,5000
Multivariate region null,Anytime-valid,1283617,0.0456,0.0029502759192997527,0.039817459198172485,0.05138254080182752,0.995,712.0349912088234,2500,5000
Multivariate region null,Conventional,1283617,0.9408,0.0033375248313683007,0.9342584513305181,0.9473415486694818,0.995,712.0349912088234,2500,5000
Multivariate region null,Anytime-valid,1296550,0.0456,0.0029502759192997527,0.039817459198172485,0.05138254080182752,0.995,712.0349912088234,2500,5000
Multivariate region null,Conventional,1296550,0.941,0.003332236486205625,0.934468816487037,0.947531183512963,0.995,712.0349912088234,2500,5000
Multivariate region null,Anytime-valid,1309613,0.0456,0.0029502759192997527,0.039817459198172485,0.05138254080182752,0.995,712.0349912088234,2500,5000
Multivariate region null,Conventional,1309613,0.941,0.003332236486205625,0.934468816487037,0.947531183512963,0.995,712.0349912088234,2500,5000
Multivariate region null,Anytime-valid,1322808,0.0456,0.0029502759192997527,0.039817459198172485,0.05138254080182752,0.995,712.0349912088234,2500,5000
Multivariate region null,Conventional,1322808,0.9412,0.0033269373303385194,0.9346792028325366,0.9477207971674635,0.995,712.0349912088234,2500,5000
Multivariate region null,Anytime-valid,1336136,0.0456,0.0029502759192997527,0.039817459198172485,0.05138254080182752,0.995,712.0349912088234,2500,5000
Multivariate region null,Conventional,1336136,0.9412,0.0033269373303385194,0.9346792028325366,0.9477207971674635,0.995,712.0349912088234,2500,5000
Multivariate region null,Anytime-valid,1349599,0.0456,0.0029502759192997527,0.039817459198172485,0.05138254080182752,0.995,712.0349912088234,2500,5000
Multivariate region null,Conventional,1349599,0.9412,0.0033269373303385194,0.9346792028325366,0.9477207971674635,0.995,712.0349912088234,2500,5000
Multivariate region null,Anytime-valid,1363196,0.0456,0.0029502759192997527,0.039817459198172485,0.05138254080182752,0.995,712.0349912088234,2500,5000
Multivariate region null,Conventional,1363196,0.9412,0.0033269373303385194,0.9346792028325366,0.9477207971674635,0.995,712.0349912088234,2500,5000
Multivariate region null,Anytime-valid,1376931,0.0456,0.0029502759192997527,0.039817459198172485,0.05138254080182752,0.995,712.0349912088234,2500,5000
Multivariate region null,Conventional,1376931,0.9414,0.0033216273120264404,0.9348896104684282,0.9479103895315718,0.995,712.0349912088234,2500,5000
Multivariate region null,Anytime-valid,1390805,0.0456,0.0029502759192997527,0.039817459198172485,0.05138254080182752,0.995,712.0349912088234,2500,5000
Multivariate region null,Conventional,1390805,0.9414,0.0033216273120264404,0.9348896104684282,0.9479103895315718,0.995,712.0349912088234,2500,5000
Multivariate region null,Anytime-valid,1404818,0.0456,0.0029502759192997527,0.039817459198172485,0.05138254080182752,0.995,712.0349912088234,2500,5000
Multivariate region null,Conventional,1404818,0.9414,0.0033216273120264404,0.9348896104684282,0.9479103895315718,0.995,712.0349912088234,2500,5000
Multivariate region null,Anytime-valid,1418972,0.0456,0.0029502759192997527,0.039817459198172485,0.05138254080182752,0.995,712.0349912088234,2500,5000
Multivariate region null,Conventional,1418972,0.9414,0.0033216273120264404,0.9348896104684282,0.9479103895315718,0.995,712.0349912088234,2500,5000
Multivariate region null,Anytime-valid,1433269,0.0456,0.0029502759192997527,0.039817459198172485,0.05138254080182752,0.995,712.0349912088234,2500,5000
Multivariate region null,Conventional,1433269,0.9416,0.0033163063790910513,0.9351000394969815,0.9480999605030185,0.995,712.0349912088234,2500,5000
Multivariate region null,Anytime-valid,1447710,0.0456,0.0029502759192997527,0.039817459198172485,0.05138254080182752,0.995,712.0349912088234,2500,5000
Multivariate region null,Conventional,1447710,0.9416,0.0033163063790910513,0.9351000394969815,0.9480999605030185,0.995,712.0349912088234,2500,5000
Multivariate region null,Anytime-valid,1462296,0.0456,0.0029502759192997527,0.039817459198172485,0.05138254080182752,0.995,712.0349912088234,2500,5000
Multivariate region null,Conventional,1462296,0.9416,0.0033163063790910513,0.9351000394969815,0.9480999605030185,0.995,712.0349912088234,2500,5000
Multivariate region null,Anytime-valid,1477029,0.0456,0.0029502759192997527,0.039817459198172485,0.05138254080182752,0.995,712.0349912088234,2500,5000
Multivariate region null,Conventional,1477029,0.9416,0.0033163063790910513,0.9351000394969815,0.9480999605030185,0.995,712.0349912088234,2500,5000
Multivariate region null,Anytime-valid,1491911,0.0456,0.0029502759192997527,0.039817459198172485,0.05138254080182752,0.995,712.0349912088234,2500,5000
Multivariate region null,Conventional,1491911,0.9416,0.0033163063790910513,0.9351000394969815,0.9480999605030185,0.995,712.0349912088234,2500,5000
Multivariate region null,Anytime-valid,1506943,0.0456,0.0029502759192997527,0.039817459198172485,0.05138254080182752,0.995,712.0349912088234,2500,5000
Multivariate region null,Conventional,1506943,0.9416,0.0033163063790910513,0.9351000394969815,0.9480999605030185,0.995,712.0349912088234,2500,5000
Multivariate region null,Anytime-valid,1522126,0.0456,0.0029502759192997527,0.039817459198172485,0.05138254080182752,0.995,712.0349912088234,2500,5000
Multivariate region null,Conventional,1522126,0.9416,0.0033163063790910513,0.9351000394969815,0.9480999605030185,0.995,712.0349912088234,2500,5000
Multivariate region null,Anytime-valid,1537462,0.0456,0.0029502759192997527,0.039817459198172485,0.05138254080182752,0.995,712.0349912088234,2500,5000
Multivariate region null,Conventional,1537462,0.9418,0.0033109744789110054,0.9353104900213344,0.9482895099786656,0.995,712.0349912088234,2500,5000
Multivariate region null,Anytime-valid,1552953,0.0456,0.0029502759192997527,0.039817459198172485,0.05138254080182752,0.995,712.0349912088234,2500,5000
Multivariate region null,Conventional,1552953,0.9418,0.0033109744789110054,0.9353104900213344,0.9482895099786656,0.995,712.0349912088234,2500,5000
Multivariate region null,Anytime-valid,1568600,0.0456,0.0029502759192997527,0.039817459198172485,0.05138254080182752,0.995,712.0349912088234,2500,5000
Multivariate region null,Conventional,1568600,0.942,0.003305631558416638,0.9355209621455033,0.9484790378544966,0.995,712.0349912088234,2500,5000
Multivariate region null,Anytime-valid,1584404,0.0456,0.0029502759192997527,0.039817459198172485,0.05138254080182752,0.995,712.0349912088234,2500,5000
Multivariate region null,Conventional,1584404,0.942,0.003305631558416638,0.9355209621455033,0.9484790378544966,0.995,712.0349912088234,2500,5000
Multivariate region null,Anytime-valid,1600368,0.0456,0.0029502759192997527,0.039817459198172485,0.05138254080182752,0.995,712.0349912088234,2500,5000
Multivariate region null,Conventional,1600368,0.9422,0.0033002775640845715,0.9357314559743943,0.9486685440256057,0.995,712.0349912088234,2500,5000
Multivariate region null,Anytime-valid,1616493,0.0456,0.0029502759192997527,0.039817459198172485,0.05138254080182752,0.995,712.0349912088234,2500,5000
Multivariate region null,Conventional,1616493,0.9426,0.0032895361375124004,0.9361525091704757,0.9490474908295243,0.995,712.0349912088234,2500,5000
Multivariate region null,Anytime-valid,1632780,0.0456,0.0029502759192997527,0.039817459198172485,0.05138254080182752,0.995,712.0349912088234,2500,5000
Multivariate region null,Conventional,1632780,0.9426,0.0032895361375124004,0.9361525091704757,0.9490474908295243,0.995,712.0349912088234,2500,5000
Multivariate region null,Anytime-valid,1649231,0.0456,0.0029502759192997527,0.039817459198172485,0.05138254080182752,0.995,712.0349912088234,2500,5000
Multivariate region null,Conventional,1649231,0.9426,0.0032895361375124004,0.9361525091704757,0.9490474908295243,0.995,712.0349912088234,2500,5000
Multivariate region null,Anytime-valid,1665847,0.0456,0.0029502759192997527,0.039817459198172485,0.05138254080182752,0.995,712.0349912088234,2500,5000
Multivariate region null,Conventional,1665847,0.9426,0.0032895361375124004,0.9361525091704757,0.9490474908295243,0.995,712.0349912088234,2500,5000
Multivariate region null,Anytime-valid,1682632,0.0456,0.0029502759192997527,0.039817459198172485,0.05138254080182752,0.995,712.0349912088234,2500,5000
Multivariate region null,Conventional,1682632,0.9426,0.0032895361375124004,0.9361525091704757,0.9490474908295243,0.995,712.0349912088234,2500,5000
Multivariate region null,Anytime-valid,1699585,0.0456,0.0029502759192997527,0.039817459198172485,0.05138254080182752,0.995,712.0349912088234,2500,5000
Multivariate region null,Conventional,1699585,0.9428,0.0032841485959073176,0.9363630687520216,0.9492369312479784,0.995,712.0349912088234,2500,5000
Multivariate region null,Anytime-valid,1716709,0.0456,0.0029502759192997527,0.039817459198172485,0.05138254080182752,0.995,712.0349912088234,2500,5000
Multivariate region null,Conventional,1716709,0.943,0.00327874976172321,0.9365736504670225,0.9494263495329774,0.995,712.0349912088234,2500,5000
Multivariate region null,Anytime-valid,1734006,0.0456,0.0029502759192997527,0.039817459198172485,0.05138254080182752,0.995,712.0349912088234,2500,5000
Multivariate region null,Conventional,1734006,0.9432,0.0032733395790843322,0.9367842544249948,0.9496157455750053,0.995,712.0349912088234,2500,5000
Multivariate region null,Anytime-valid,1751477,0.0456,0.0029502759192997527,0.039817459198172485,0.05138254080182752,0.995,712.0349912088234,2500,5000
Multivariate region null,Conventional,1751477,0.9432,0.0032733395790843322,0.9367842544249948,0.9496157455750053,0.995,712.0349912088234,2500,5000
Multivariate region null,Anytime-valid,1769124,0.0456,0.0029502759192997527,0.039817459198172485,0.05138254080182752,0.995,712.0349912088234,2500,5000
Multivariate region null,Conventional,1769124,0.9432,0.0032733395790843322,0.9367842544249948,0.9496157455750053,0.995,712.0349912088234,2500,5000
Multivariate region null,Anytime-valid,1786949,0.0456,0.0029502759192997527,0.039817459198172485,0.05138254080182752,0.995,712.0349912088234,2500,5000
Multivariate region null,Conventional,1786949,0.9434,0.0032679179916270842,0.9369948807364109,0.9498051192635891,0.995,712.0349912088234,2500,5000
Multivariate region null,Anytime-valid,1804953,0.0456,0.0029502759192997527,0.039817459198172485,0.05138254080182752,0.995,712.0349912088234,2500,5000
Multivariate region null,Conventional,1804953,0.9434,0.0032679179916270842,0.9369948807364109,0.9498051192635891,0.995,712.0349912088234,2500,5000
Multivariate region null,Anytime-valid,1823139,0.0456,0.0029502759192997527,0.039817459198172485,0.05138254080182752,0.995,712.0349912088234,2500,5000
Multivariate region null,Conventional,1823139,0.9434,0.0032679179916270842,0.9369948807364109,0.9498051192635891,0.995,712.0349912088234,2500,5000
Multivariate region null,Anytime-valid,1841508,0.0456,0.0029502759192997527,0.039817459198172485,0.05138254080182752,0.995,712.0349912088234,2500,5000
Multivariate region null,Conventional,1841508,0.9434,0.0032679179916270842,0.9369948807364109,0.9498051192635891,0.995,712.0349912088234,2500,5000
Multivariate region null,Anytime-valid,1860062,0.0456,0.0029502759192997527,0.039817459198172485,0.05138254080182752,0.995,712.0349912088234,2500,5000
Multivariate region null,Conventional,1860062,0.9434,0.0032679179916270842,0.9369948807364109,0.9498051192635891,0.995,712.0349912088234,2500,5000
Multivariate region null,Anytime-valid,1878803,0.0456,0.0029502759192997527,0.039817459198172485,0.05138254080182752,0.995,712.0349912088234,2500,5000
Multivariate region null,Conventional,1878803,0.9434,0.0032679179916270842,0.9369948807364109,0.9498051192635891,0.995,712.0349912088234,2500,5000
Multivariate region null,Anytime-valid,1897733,0.0456,0.0029502759192997527,0.039817459198172485,0.05138254080182752,0.995,712.0349912088234,2500,5000
Multivariate region null,Conventional,1897733,0.9434,0.0032679179916270842,0.9369948807364109,0.9498051192635891,0.995,712.0349912088234,2500,5000
Multivariate region null,Anytime-valid,1916854,0.0456,0.0029502759192997527,0.039817459198172485,0.05138254080182752,0.995,712.0349912088234,2500,5000
Multivariate region null,Conventional,1916854,0.9436,0.0032624849424939878,0.9372055295127117,0.9499944704872882,0.995,712.0349912088234,2500,5000
Multivariate region null,Anytime-valid,1936167,0.0456,0.0029502759192997527,0.039817459198172485,0.05138254080182752,0.995,712.0349912088234,2500,5000
Multivariate region null,Conventional,1936167,0.9436,0.0032624849424939878,0.9372055295127117,0.9499944704872882,0.995,712.0349912088234,2500,5000
Multivariate region null,Anytime-valid,1955675,0.0456,0.0029502759192997527,0.039817459198172485,0.05138254080182752,0.995,712.0349912088234,2500,5000
Multivariate region null,Conventional,1955675,0.9436,0.0032624849424939878,0.9372055295127117,0.9499944704872882,0.995,712.0349912088234,2500,5000
Multivariate region null,Anytime-valid,1975379,0.0456,0.0029502759192997527,0.039817459198172485,0.05138254080182752,0.995,712.0349912088234,2500,5000
Multivariate region null,Conventional,1975379,0.9436,0.0032624849424939878,0.9372055295127117,0.9499944704872882,0.995,712.0349912088234,2500,5000
Multivariate region null,Anytime-valid,1995282,0.0456,0.0029502759192997527,0.039817459198172485,0.05138254080182752,0.995,712.0349912088234,2500,5000
Multivariate region null,Conventional,1995282,0.944,0.0032515842292642535,0.937626894910642,0.9503731050893579,0.995,712.0349912088234,2500,5000
Multivariate region null,Anytime-valid,2015386,0.0456,0.0029502759192997527,0.039817459198172485,0.05138254080182752,0.995,712.0349912088234,2500,5000
Multivariate region null,Conventional,2015386,0.944,0.0032515842292642535,0.937626894910642,0.9503731050893579,0.995,712.0349912088234,2500,5000
Multivariate region null,Anytime-valid,2035692,0.0456,0.0029502759192997527,0.039817459198172485,0.05138254080182752,0.995,712.0349912088234,2500,5000
Multivariate region null,Conventional,2035692,0.9442,0.0032461164489278557,0.9378376117601015,0.9505623882398986,0.995,712.0349912088234,2500,5000
Multivariate region null,Anytime-valid,2056202,0.0456,0.0029502759192997527,0.039817459198172485,0.05138254080182752,0.995,712.0349912088234,2500,5000
Multivariate region null,Conventional,2056202,0.9442,0.0032461164489278557,0.9378376117601015,0.9505623882398986,0.995,712.0349912088234,2500,5000
Multivariate region null,Anytime-valid,2076920,0.0456,0.0029502759192997527,0.039817459198172485,0.05138254080182752,0.995,712.0349912088234,2500,5000
Multivariate region null,Conventional,2076920,0.9442,0.0032461164489278557,0.9378376117601015,0.9505623882398986,0.995,712.0349912088234,2500,5000
Multivariate region null,Anytime-valid,2097846,0.0456,0.0029502759192997527,0.039817459198172485,0.05138254080182752,0.995,712.0349912088234,2500,5000
Multivariate region null,Conventional,2097846,0.9442,0.0032461164489278557,0.9378376117601015,0.9505623882398986,0.995,712.0349912088234,2500,5000
Multivariate region null,Anytime-valid,2118982,0.0456,0.0029502759192997527,0.039817459198172485,0.05138254080182752,0.995,712.0349912088234,2500,5000
Multivariate region null,Conventional,2118982,0.9444,0.003240636974423392,0.9380483515301302,0.9507516484698698,0.995,712.0349912088234,2500,5000
Multivariate region null,Anytime-valid,2140332,0.0456,0.0029502759192997527,0.039817459198172485,0.05138254080182752,0.995,712.0349912088234,2500,5000
Multivariate region null,Conventional,2140332,0.9444,0.003240636974423392,0.9380483515301302,0.9507516484698698,0.995,712.0349912088234,2500,5000
Multivariate region null,Anytime-valid,2161897,0.0456,0.0029502759192997527,0.039817459198172485,0.05138254080182752,0.995,712.0349912088234,2500,5000
Multivariate region null,Conventional,2161897,0.9444,0.003240636974423392,0.9380483515301302,0.9507516484698698,0.995,712.0349912088234,2500,5000
Multivariate region null,Anytime-valid,2183679,0.0456,0.0029502759192997527,0.039817459198172485,0.05138254080182752,0.995,712.0349912088234,2500,5000
Multivariate region null,Conventional,2183679,0.9446,0.0032351457463304493,0.9382591143371923,0.9509408856628077,0.995,712.0349912088234,2500,5000
Multivariate region null,Anytime-valid,2205681,0.0456,0.0029502759192997527,0.039817459198172485,0.05138254080182752,0.995,712.0349912088234,2500,5000
Multivariate region null,Conventional,2205681,0.9448,0.0032296427046966053,0.9384699002987946,0.9511300997012053,0.995,712.0349912088234,2500,5000
Multivariate region null,Anytime-valid,2227904,0.0456,0.0029502759192997527,0.039817459198172485,0.05138254080182752,0.995,712.0349912088234,2500,5000
Multivariate region null,Conventional,2227904,0.9448,0.0032296427046966053,0.9384699002987946,0.9511300997012053,0.995,712.0349912088234,2500,5000
Multivariate region null,Anytime-valid,2250352,0.0456,0.0029502759192997527,0.039817459198172485,0.05138254080182752,0.995,712.0349912088234,2500,5000
Multivariate region null,Conventional,2250352,0.9448,0.0032296427046966053,0.9384699002987946,0.9511300997012053,0.995,712.0349912088234,2500,5000
Multivariate region null,Anytime-valid,2273025,0.0456,0.0029502759192997527,0.039817459198172485,0.05138254080182752,0.995,712.0349912088234,2500,5000
Multivariate region null,Conventional,2273025,0.945,0.003224127789030703,0.9386807095334998,0.9513192904665001,0.995,712.0349912088234,2500,5000
Multivariate region null,Anytime-valid,2295927,0.0456,0.0029502759192997527,0.039817459198172485,0.05138254080182752,0.995,712.0349912088234,2500,5000
Multivariate region null,Conventional,2295927,0.9452,0.003218600938296016,0.9388915421609398,0.9515084578390602,0.995,712.0349912088234,2500,5000
Multivariate region null,Anytime-valid,2319060,0.0456,0.0029502759192997527,0.039817459198172485,0.05138254080182752,0.995,712.0349912088234,2500,5000
Multivariate region null,Conventional,2319060,0.9452,0.003218600938296016,0.9388915421609398,0.9515084578390602,0.995,712.0349912088234,2500,5000
Multivariate region null,Anytime-valid,2342425,0.0456,0.0029502759192997527,0.039817459198172485,0.05138254080182752,0.995,712.0349912088234,2500,5000
Multivariate region null,Conventional,2342425,0.9454,0.003213062090903317,0.9391023983018295,0.9516976016981705,0.995,712.0349912088234,2500,5000
Multivariate region null,Anytime-valid,2366026,0.0456,0.0029502759192997527,0.039817459198172485,0.05138254080182752,0.995,712.0349912088234,2500,5000
Multivariate region null,Conventional,2366026,0.9454,0.003213062090903317,0.9391023983018295,0.9516976016981705,0.995,712.0349912088234,2500,5000
Multivariate region null,Anytime-valid,2389865,0.0456,0.0029502759192997527,0.039817459198172485,0.05138254080182752,0.995,712.0349912088234,2500,5000
Multivariate region null,Conventional,2389865,0.9454,0.003213062090903317,0.9391023983018295,0.9516976016981705,0.995,712.0349912088234,2500,5000
Multivariate region null,Anytime-valid,2413944,0.0456,0.0029502759192997527,0.039817459198172485,0.05138254080182752,0.995,712.0349912088234,2500,5000
Multivariate region null,Conventional,2413944,0.9456,0.003207511184703804,0.9393132780779805,0.9518867219220195,0.995,712.0349912088234,2500,5000
Multivariate region null,Anytime-valid,2438266,0.0456,0.0029502759192997527,0.039817459198172485,0.05138254080182752,0.995,712.0349912088234,2500,5000
Multivariate region null,Conventional,2438266,0.9456,0.003207511184703804,0.9393132780779805,0.9518867219220195,0.995,712.0349912088234,2500,5000
Multivariate region null,Anytime-valid,2462833,0.0456,0.0029502759192997527,0.039817459198172485,0.05138254080182752,0.995,712.0349912088234,2500,5000
Multivariate region null,Conventional,2462833,0.9456,0.003207511184703804,0.9393132780779805,0.9518867219220195,0.995,712.0349912088234,2500,5000
Multivariate region null,Anytime-valid,2487647,0.0456,0.0029502759192997527,0.039817459198172485,0.05138254080182752,0.995,712.0349912088234,2500,5000
Multivariate region null,Conventional,2487647,0.9456,0.003207511184703804,0.9393132780779805,0.9518867219220195,0.995,712.0349912088234,2500,5000
Multivariate region null,Anytime-valid,2512711,0.0456,0.0029502759192997527,0.039817459198172485,0.05138254080182752,0.995,712.0349912088234,2500,5000
Multivariate region null,Conventional,2512711,0.9456,0.003207511184703804,0.9393132780779805,0.9518867219220195,0.995,712.0349912088234,2500,5000
Multivariate region null,Anytime-valid,2538028,0.0456,0.0029502759192997527,0.039817459198172485,0.05138254080182752,0.995,712.0349912088234,2500,5000
Multivariate region null,Conventional,2538028,0.9458,0.003201948156981934,0.9395241816123154,0.9520758183876845,0.995,712.0349912088234,2500,5000
Multivariate region null,Anytime-valid,2563600,0.0456,0.0029502759192997527,0.039817459198172485,0.05138254080182752,0.995,712.0349912088234,2500,5000
Multivariate region null,Conventional,2563600,0.9458,0.003201948156981934,0.9395241816123154,0.9520758183876845,0.995,712.0349912088234,2500,5000
Multivariate region null,Anytime-valid,2589430,0.0456,0.0029502759192997527,0.039817459198172485,0.05138254080182752,0.995,712.0349912088234,2500,5000
Multivariate region null,Conventional,2589430,0.9458,0.003201948156981934,0.9395241816123154,0.9520758183876845,0.995,712.0349912088234,2500,5000
Multivariate region null,Anytime-valid,2615519,0.0456,0.0029502759192997527,0.039817459198172485,0.05138254080182752,0.995,712.0349912088234,2500,5000
Multivariate region null,Conventional,2615519,0.9458,0.003201948156981934,0.9395241816123154,0.9520758183876845,0.995,712.0349912088234,2500,5000
Multivariate region null,Anytime-valid,2641872,0.0456,0.0029502759192997527,0.039817459198172485,0.05138254080182752,0.995,712.0349912088234,2500,5000
Multivariate region null,Conventional,2641872,0.9458,0.003201948156981934,0.9395241816123154,0.9520758183876845,0.995,712.0349912088234,2500,5000
Multivariate region null,Anytime-valid,2668490,0.0456,0.0029502759192997527,0.039817459198172485,0.05138254080182752,0.995,712.0349912088234,2500,5000
Multivariate region null,Conventional,2668490,0.9458,0.003201948156981934,0.9395241816123154,0.9520758183876845,0.995,712.0349912088234,2500,5000
Multivariate region null,Anytime-valid,2695377,0.0456,0.0029502759192997527,0.039817459198172485,0.05138254080182752,0.995,712.0349912088234,2500,5000
Multivariate region null,Conventional,2695377,0.9458,0.003201948156981934,0.9395241816123154,0.9520758183876845,0.995,712.0349912088234,2500,5000
Multivariate region null,Anytime-valid,2722534,0.0456,0.0029502759192997527,0.039817459198172485,0.05138254080182752,0.995,712.0349912088234,2500,5000
Multivariate region null,Conventional,2722534,0.946,0.0031963729444481302,0.9397351090288816,0.9522648909711183,0.995,712.0349912088234,2500,5000
Multivariate region null,Anytime-valid,2749965,0.0456,0.0029502759192997527,0.039817459198172485,0.05138254080182752,0.995,712.0349912088234,2500,5000
Multivariate region null,Conventional,2749965,0.946,0.0031963729444481302,0.9397351090288816,0.9522648909711183,0.995,712.0349912088234,2500,5000
Multivariate region null,Anytime-valid,2777672,0.0456,0.0029502759192997527,0.039817459198172485,0.05138254080182752,0.995,712.0349912088234,2500,5000
Multivariate region null,Conventional,2777672,0.9462,0.0031907854832313614,0.9399460604528665,0.9524539395471335,0.995,712.0349912088234,2500,5000
Multivariate region null,Anytime-valid,2805659,0.0456,0.0029502759192997527,0.039817459198172485,0.05138254080182752,0.995,712.0349912088234,2500,5000
Multivariate region null,Conventional,2805659,0.9462,0.0031907854832313614,0.9399460604528665,0.9524539395471335,0.995,712.0349912088234,2500,5000
Multivariate region null,Anytime-valid,2833927,0.0456,0.0029502759192997527,0.039817459198172485,0.05138254080182752,0.995,712.0349912088234,2500,5000
Multivariate region null,Conventional,2833927,0.9462,0.0031907854832313614,0.9399460604528665,0.9524539395471335,0.995,712.0349912088234,2500,5000
Multivariate region null,Anytime-valid,2862480,0.0456,0.0029502759192997527,0.039817459198172485,0.05138254080182752,0.995,712.0349912088234,2500,5000
Multivariate region null,Conventional,2862480,0.9462,0.0031907854832313614,0.9399460604528665,0.9524539395471335,0.995,712.0349912088234,2500,5000
Multivariate region null,Anytime-valid,2891321,0.0456,0.0029502759192997527,0.039817459198172485,0.05138254080182752,0.995,712.0349912088234,2500,5000
Multivariate region null,Conventional,2891321,0.9462,0.0031907854832313614,0.9399460604528665,0.9524539395471335,0.995,712.0349912088234,2500,5000
Multivariate region null,Anytime-valid,2920453,0.0456,0.0029502759192997527,0.039817459198172485,0.05138254080182752,0.995,712.0349912088234,2500,5000
Multivariate region null,Conventional,2920453,0.9462,0.0031907854832313614,0.9399460604528665,0.9524539395471335,0.995,712.0349912088234,2500,5000
Multivariate region null,Anytime-valid,2949878,0.0456,0.0029502759192997527,0.039817459198172485,0.05138254080182752,0.995,712.0349912088234,2500,5000
Multivariate region null,Conventional,2949878,0.9462,0.0031907854832313614,0.9399460604528665,0.9524539395471335,0.995,712.0349912088234,2500,5000
Multivariate region null,Anytime-valid,2979599,0.0456,0.0029502759192997527,0.039817459198172485,0.05138254080182752,0.995,712.0349912088234,2500,5000
Multivariate region null,Conventional,2979599,0.9462,0.0031907854832313614,0.9399460604528665,0.9524539395471335,0.995,712.0349912088234,2500,5000
Multivariate region null,Anytime-valid,3009620,0.0456,0.0029502759192997527,0.039817459198172485,0.05138254080182752,0.995,712.0349912088234,2500,5000
Multivariate region null,Conventional,3009620,0.9462,0.0031907854832313614,0.9399460604528665,0.9524539395471335,0.995,712.0349912088234,2500,5000
Multivariate region null,Anytime-valid,3039944,0.0456,0.0029502759192997527,0.039817459198172485,0.05138254080182752,0.995,712.0349912088234,2500,5000
Multivariate region null,Conventional,3039944,0.9462,0.0031907854832313614,0.9399460604528665,0.9524539395471335,0.995,712.0349912088234,2500,5000
Multivariate region null,Anytime-valid,3070573,0.0456,0.0029502759192997527,0.039817459198172485,0.05138254080182752,0.995,712.0349912088234,2500,5000
Multivariate region null,Conventional,3070573,0.9462,0.0031907854832313614,0.9399460604528665,0.9524539395471335,0.995,712.0349912088234,2500,5000
Multivariate region null,Anytime-valid,3101510,0.0456,0.0029502759192997527,0.039817459198172485,0.05138254080182752,0.995,712.0349912088234,2500,5000
Multivariate region null,Conventional,3101510,0.9466,0.0031795735563122296,0.940368035829628,0.952831964170372,0.995,712.0349912088234,2500,5000
Multivariate region null,Anytime-valid,3132759,0.0456,0.0029502759192997527,0.039817459198172485,0.05138254080182752,0.995,712.0349912088234,2500,5000
Multivariate region null,Conventional,3132759,0.9468,0.003173948959892078,0.9405790600386115,0.9530209399613885,0.995,712.0349912088234,2500,5000
Multivariate region null,Anytime-valid,3164324,0.0456,0.0029502759192997527,0.039817459198172485,0.05138254080182752,0.995,712.0349912088234,2500,5000
Multivariate region null,Conventional,3164324,0.9468,0.003173948959892078,0.9405790600386115,0.9530209399613885,0.995,712.0349912088234,2500,5000
Multivariate region null,Anytime-valid,3196206,0.0456,0.0029502759192997527,0.039817459198172485,0.05138254080182752,0.995,712.0349912088234,2500,5000
Multivariate region null,Conventional,3196206,0.947,0.0031683118533376744,0.9407901087674582,0.9532098912325417,0.995,712.0349912088234,2500,5000
Multivariate region null,Anytime-valid,3228409,0.0456,0.0029502759192997527,0.039817459198172485,0.05138254080182752,0.995,712.0349912088234,2500,5000
Multivariate region null,Conventional,3228409,0.947,0.0031683118533376744,0.9407901087674582,0.9532098912325417,0.995,712.0349912088234,2500,5000
Multivariate region null,Anytime-valid,3260937,0.0456,0.0029502759192997527,0.039817459198172485,0.05138254080182752,0.995,712.0349912088234,2500,5000
Multivariate region null,Conventional,3260937,0.947,0.0031683118533376744,0.9407901087674582,0.9532098912325417,0.995,712.0349912088234,2500,5000
Multivariate region null,Anytime-valid,3293793,0.0456,0.0029502759192997527,0.039817459198172485,0.05138254080182752,0.995,712.0349912088234,2500,5000
Multivariate region null,Conventional,3293793,0.947,0.0031683118533376744,0.9407901087674582,0.9532098912325417,0.995,712.0349912088234,2500,5000
Multivariate region null,Anytime-valid,3326979,0.0456,0.0029502759192997527,0.039817459198172485,0.05138254080182752,0.995,712.0349912088234,2500,5000
Multivariate region null,Conventional,3326979,0.9472,0.003162662169755093,0.94100118214728,0.9533988178527201,0.995,712.0349912088234,2500,5000
Multivariate region null,Anytime-valid,3360500,0.0456,0.0029502759192997527,0.039817459198172485,0.05138254080182752,0.995,712.0349912088234,2500,5000
Multivariate region null,Conventional,3360500,0.9474,0.0031569998416217885,0.9412122803104214,0.9535877196895787,0.995,712.0349912088234,2500,5000
Multivariate region null,Anytime-valid,3394359,0.0456,0.0029502759192997527,0.039817459198172485,0.05138254080182752,0.995,712.0349912088234,2500,5000
Multivariate region null,Conventional,3394359,0.9474,0.0031569998416217885,0.9412122803104214,0.9535877196895787,0.995,712.0349912088234,2500,5000
Multivariate region null,Anytime-valid,3428559,0.0456,0.0029502759192997527,0.039817459198172485,0.05138254080182752,0.995,712.0349912088234,2500,5000
Multivariate region null,Conventional,3428559,0.9474,0.0031569998416217885,0.9412122803104214,0.9535877196895787,0.995,712.0349912088234,2500,5000
Multivariate region null,Anytime-valid,3463103,0.0456,0.0029502759192997527,0.039817459198172485,0.05138254080182752,0.995,712.0349912088234,2500,5000
Multivariate region null,Conventional,3463103,0.9474,0.0031569998416217885,0.9412122803104214,0.9535877196895787,0.995,712.0349912088234,2500,5000
Multivariate region null,Anytime-valid,3497996,0.0456,0.0029502759192997527,0.039817459198172485,0.05138254080182752,0.995,712.0349912088234,2500,5000
Multivariate region null,Conventional,3497996,0.9474,0.0031569998416217885,0.9412122803104214,0.9535877196895787,0.995,712.0349912088234,2500,5000
Multivariate region null,Anytime-valid,3533240,0.0456,0.0029502759192997527,0.039817459198172485,0.05138254080182752,0.995,712.0349912088234,2500,5000
Multivariate region null,Conventional,3533240,0.9476,0.003151324800778238,0.9414234033904747,0.9537765966095253,0.995,712.0349912088234,2500,5000
Multivariate region null,Anytime-valid,3568839,0.0456,0.0029502759192997527,0.039817459198172485,0.05138254080182752,0.995,712.0349912088234,2500,5000
Multivariate region null,Conventional,3568839,0.9478,0.003145636978419475,0.9416345515222978,0.9539654484777021,0.995,712.0349912088234,2500,5000
Multivariate region null,Anytime-valid,3604797,0.0456,0.0029502759192997527,0.039817459198172485,0.05138254080182752,0.995,712.0349912088234,2500,5000
Multivariate region null,Conventional,3604797,0.9478,0.003145636978419475,0.9416345515222978,0.9539654484777021,0.995,712.0349912088234,2500,5000
Multivariate region null,Anytime-valid,3641117,0.0456,0.0029502759192997527,0.039817459198172485,0.05138254080182752,0.995,712.0349912088234,2500,5000
Multivariate region null,Conventional,3641117,0.9478,0.003145636978419475,0.9416345515222978,0.9539654484777021,0.995,712.0349912088234,2500,5000
Multivariate region null,Anytime-valid,3677803,0.0456,0.0029502759192997527,0.039817459198172485,0.05138254080182752,0.995,712.0349912088234,2500,5000
Multivariate region null,Conventional,3677803,0.9478,0.003145636978419475,0.9416345515222978,0.9539654484777021,0.995,712.0349912088234,2500,5000
Multivariate region null,Anytime-valid,3714859,0.0456,0.0029502759192997527,0.039817459198172485,0.05138254080182752,0.995,712.0349912088234,2500,5000
Multivariate region null,Conventional,3714859,0.9478,0.003145636978419475,0.9416345515222978,0.9539654484777021,0.995,712.0349912088234,2500,5000
Multivariate region null,Anytime-valid,3752288,0.0456,0.0029502759192997527,0.039817459198172485,0.05138254080182752,0.995,712.0349912088234,2500,5000
Multivariate region null,Conventional,3752288,0.9478,0.003145636978419475,0.9416345515222978,0.9539654484777021,0.995,712.0349912088234,2500,5000
Multivariate region null,Anytime-valid,3790094,0.0456,0.0029502759192997527,0.039817459198172485,0.05138254080182752,0.995,712.0349912088234,2500,5000
Multivariate region null,Conventional,3790094,0.948,0.00313993630508646,0.9418457248420304,0.9541542751579695,0.995,712.0349912088234,2500,5000
Multivariate region null,Anytime-valid,3828281,0.0456,0.0029502759192997527,0.039817459198172485,0.05138254080182752,0.995,712.0349912088234,2500,5000
Multivariate region null,Conventional,3828281,0.948,0.00313993630508646,0.9418457248420304,0.9541542751579695,0.995,712.0349912088234,2500,5000
Multivariate region null,Anytime-valid,3866853,0.0456,0.0029502759192997527,0.039817459198172485,0.05138254080182752,0.995,712.0349912088234,2500,5000
Multivariate region null,Conventional,3866853,0.9482,0.0031342227106573,0.9420569234871118,0.9543430765128883,0.995,712.0349912088234,2500,5000
Multivariate region null,Anytime-valid,3905813,0.0456,0.0029502759192997527,0.039817459198172485,0.05138254080182752,0.995,712.0349912088234,2500,5000
Multivariate region null,Conventional,3905813,0.9484,0.003128496124338337,0.9422681475962968,0.9545318524037032,0.995,712.0349912088234,2500,5000
Multivariate region null,Anytime-valid,3945167,0.0456,0.0029502759192997527,0.039817459198172485,0.05138254080182752,0.995,712.0349912088234,2500,5000
Multivariate region null,Conventional,3945167,0.9486,0.0031227564746550444,0.9424793973096761,0.9547206026903239,0.995,712.0349912088234,2500,5000
Multivariate region null,Anytime-valid,3984916,0.0456,0.0029502759192997527,0.039817459198172485,0.05138254080182752,0.995,712.0349912088234,2500,5000
Multivariate region null,Conventional,3984916,0.9486,0.0031227564746550444,0.9424793973096761,0.9547206026903239,0.995,712.0349912088234,2500,5000
Multivariate region null,Anytime-valid,4025066,0.0456,0.0029502759192997527,0.039817459198172485,0.05138254080182752,0.995,712.0349912088234,2500,5000
Multivariate region null,Conventional,4025066,0.9486,0.0031227564746550444,0.9424793973096761,0.9547206026903239,0.995,712.0349912088234,2500,5000
Multivariate region null,Anytime-valid,4065621,0.0456,0.0029502759192997527,0.039817459198172485,0.05138254080182752,0.995,712.0349912088234,2500,5000
Multivariate region null,Conventional,4065621,0.9486,0.0031227564746550444,0.9424793973096761,0.9547206026903239,0.995,712.0349912088234,2500,5000
Multivariate region null,Anytime-valid,4106584,0.0456,0.0029502759192997527,0.039817459198172485,0.05138254080182752,0.995,712.0349912088234,2500,5000
Multivariate region null,Conventional,4106584,0.9486,0.0031227564746550444,0.9424793973096761,0.9547206026903239,0.995,712.0349912088234,2500,5000
Multivariate region null,Anytime-valid,4147960,0.0456,0.0029502759192997527,0.039817459198172485,0.05138254080182752,0.995,712.0349912088234,2500,5000
Multivariate region null,Conventional,4147960,0.9486,0.0031227564746550444,0.9424793973096761,0.9547206026903239,0.995,712.0349912088234,2500,5000
Multivariate region null,Anytime-valid,4189753,0.0456,0.0029502759192997527,0.039817459198172485,0.05138254080182752,0.995,712.0349912088234,2500,5000
Multivariate region null,Conventional,4189753,0.9488,0.0031170036894427964,0.9426906727686921,0.9549093272313078,0.995,712.0349912088234,2500,5000
Multivariate region null,Anytime-valid,4231966,0.0456,0.0029502759192997527,0.039817459198172485,0.05138254080182752,0.995,712.0349912088234,2500,5000
Multivariate region null,Conventional,4231966,0.9488,0.0031170036894427964,0.9426906727686921,0.9549093272313078,0.995,712.0349912088234,2500,5000
Multivariate region null,Anytime-valid,4274606,0.0456,0.0029502759192997527,0.039817459198172485,0.05138254080182752,0.995,712.0349912088234,2500,5000
Multivariate region null,Conventional,4274606,0.9488,0.0031170036894427964,0.9426906727686921,0.9549093272313078,0.995,712.0349912088234,2500,5000
Multivariate region null,Anytime-valid,4317674,0.0456,0.0029502759192997527,0.039817459198172485,0.05138254080182752,0.995,712.0349912088234,2500,5000
Multivariate region null,Conventional,4317674,0.9492,0.003105458420265838,0.943113301496279,0.955286698503721,0.995,712.0349912088234,2500,5000
Multivariate region null,Anytime-valid,4361177,0.0456,0.0029502759192997527,0.039817459198172485,0.05138254080182752,0.995,712.0349912088234,2500,5000
Multivariate region null,Conventional,4361177,0.9494,0.0030996657884359074,0.9433246550546657,0.9554753449453344,0.995,712.0349912088234,2500,5000
Multivariate region null,Anytime-valid,4405118,0.0456,0.0029502759192997527,0.039817459198172485,0.05138254080182752,0.995,712.0349912088234,2500,5000
Multivariate region null,Conventional,4405118,0.9494,0.0030996657884359074,0.9433246550546657,0.9554753449453344,0.995,712.0349912088234,2500,5000
Multivariate region null,Anytime-valid,4449502,0.0456,0.0029502759192997527,0.039817459198172485,0.05138254080182752,0.995,712.0349912088234,2500,5000
Multivariate region null,Conventional,4449502,0.9494,0.0030996657884359074,0.9433246550546657,0.9554753449453344,0.995,712.0349912088234,2500,5000
Multivariate region null,Anytime-valid,4494333,0.0456,0.0029502759192997527,0.039817459198172485,0.05138254080182752,0.995,712.0349912088234,2500,5000
Multivariate region null,Conventional,4494333,0.9494,0.0030996657884359074,0.9433246550546657,0.9554753449453344,0.995,712.0349912088234,2500,5000
Multivariate region null,Anytime-valid,4539616,0.0456,0.0029502759192997527,0.039817459198172485,0.05138254080182752,0.995,712.0349912088234,2500,5000
Multivariate region null,Conventional,4539616,0.9494,0.0030996657884359074,0.9433246550546657,0.9554753449453344,0.995,712.0349912088234,2500,5000
Multivariate region null,Anytime-valid,4585355,0.0456,0.0029502759192997527,0.039817459198172485,0.05138254080182752,0.995,712.0349912088234,2500,5000
Multivariate region null,Conventional,4585355,0.9498,0.003088040155179334,0.9437474412958485,0.9558525587041514,0.995,712.0349912088234,2500,5000
Multivariate region null,Anytime-valid,4631554,0.0456,0.0029502759192997527,0.039817459198172485,0.05138254080182752,0.995,712.0349912088234,2500,5000
Multivariate region null,Conventional,4631554,0.95,0.0030822070014844896,0.9439588742770904,0.9560411257229096,0.995,712.0349912088234,2500,5000
Multivariate region null,Anytime-valid,4678220,0.0456,0.0029502759192997527,0.039817459198172485,0.05138254080182752,0.995,712.0349912088234,2500,5000
Multivariate region null,Conventional,4678220,0.95,0.0030822070014844896,0.9439588742770904,0.9560411257229096,0.995,712.0349912088234,2500,5000
Multivariate region null,Anytime-valid,4725355,0.0456,0.0029502759192997527,0.039817459198172485,0.05138254080182752,0.995,712.0349912088234,2500,5000
Multivariate region null,Conventional,4725355,0.9502,0.0030763601869742093,0.9441703340335306,0.9562296659664695,0.995,712.0349912088234,2500,5000
Multivariate region null,Anytime-valid,4772965,0.0456,0.0029502759192997527,0.039817459198172485,0.05138254080182752,0.995,712.0349912088234,2500,5000
Multivariate region null,Conventional,4772965,0.9504,0.0030704996336101387,0.9443818207181242,0.9564181792818759,0.995,712.0349912088234,2500,5000
Multivariate region null,Anytime-valid,4821055,0.0456,0.0029502759192997527,0.039817459198172485,0.05138254080182752,0.995,712.0349912088234,2500,5000
Multivariate region null,Conventional,4821055,0.9506,0.003064625262572897,0.9445933344853571,0.9566066655146429,0.995,712.0349912088234,2500,5000
Multivariate region null,Anytime-valid,4869630,0.0456,0.0029502759192997527,0.039817459198172485,0.05138254080182752,0.995,712.0349912088234,2500,5000
Multivariate region null,Conventional,4869630,0.9506,0.003064625262572897,0.9445933344853571,0.9566066655146429,0.995,712.0349912088234,2500,5000
Multivariate region null,Anytime-valid,4918694,0.0456,0.0029502759192997527,0.039817459198172485,0.05138254080182752,0.995,712.0349912088234,2500,5000
Multivariate region null,Conventional,4918694,0.9506,0.003064625262572897,0.9445933344853571,0.9566066655146429,0.995,712.0349912088234,2500,5000
Multivariate region null,Anytime-valid,4968252,0.0456,0.0029502759192997527,0.039817459198172485,0.05138254080182752,0.995,712.0349912088234,2500,5000
Multivariate region null,Conventional,4968252,0.9506,0.003064625262572897,0.9445933344853571,0.9566066655146429,0.995,712.0349912088234,2500,5000
Multivariate region null,Anytime-valid,5018310,0.0456,0.0029502759192997527,0.039817459198172485,0.05138254080182752,0.995,712.0349912088234,2500,5000
Multivariate region null,Conventional,5018310,0.9506,0.003064625262572897,0.9445933344853571,0.9566066655146429,0.995,712.0349912088234,2500,5000
Multivariate region null,Anytime-valid,5068872,0.0456,0.0029502759192997527,0.039817459198172485,0.05138254080182752,0.995,712.0349912088234,2500,5000
Multivariate region null,Conventional,5068872,0.9506,0.003064625262572897,0.9445933344853571,0.9566066655146429,0.995,712.0349912088234,2500,5000
Multivariate region null,Anytime-valid,5119943,0.0456,0.0029502759192997527,0.039817459198172485,0.05138254080182752,0.995,712.0349912088234,2500,5000
Multivariate region null,Conventional,5119943,0.9506,0.003064625262572897,0.9445933344853571,0.9566066655146429,0.995,712.0349912088234,2500,5000
Multivariate region null,Anytime-valid,5171529,0.0456,0.0029502759192997527,0.039817459198172485,0.05138254080182752,0.995,712.0349912088234,2500,5000
Multivariate region null,Conventional,5171529,0.9506,0.003064625262572897,0.9445933344853571,0.9566066655146429,0.995,712.0349912088234,2500,5000
Multivariate region null,Anytime-valid,5223635,0.0456,0.0029502759192997527,0.039817459198172485,0.05138254080182752,0.995,712.0349912088234,2500,5000
Multivariate region null,Conventional,5223635,0.9506,0.003064625262572897,0.9445933344853571,0.9566066655146429,0.995,712.0349912088234,2500,5000
Multivariate region null,Anytime-valid,5276266,0.0456,0.0029502759192997527,0.039817459198172485,0.05138254080182752,0.995,712.0349912088234,2500,5000
Multivariate region null,Conventional,5276266,0.9506,0.003064625262572897,0.9445933344853571,0.9566066655146429,0.995,712.0349912088234,2500,5000
Multivariate region null,Anytime-valid,5329427,0.0456,0.0029502759192997527,0.039817459198172485,0.05138254080182752,0.995,712.0349912088234,2500,5000
Multivariate region null,Conventional,5329427,0.9506,0.003064625262572897,0.9445933344853571,0.9566066655146429,0.995,712.0349912088234,2500,5000
Multivariate region null,Anytime-valid,5383123,0.0456,0.0029502759192997527,0.039817459198172485,0.05138254080182752,0.995,712.0349912088234,2500,5000
Multivariate region null,Conventional,5383123,0.9506,0.003064625262572897,0.9445933344853571,0.9566066655146429,0.995,712.0349912088234,2500,5000
Multivariate region null,Anytime-valid,5437361,0.0456,0.0029502759192997527,0.039817459198172485,0.05138254080182752,0.995,712.0349912088234,2500,5000
Multivariate region null,Conventional,5437361,0.9508,0.0030587369942510594,0.9448048754912679,0.956795124508732,0.995,712.0349912088234,2500,5000
Multivariate region null,Anytime-valid,5492145,0.0456,0.0029502759192997527,0.039817459198172485,0.05138254080182752,0.995,712.0349912088234,2500,5000
Multivariate region null,Conventional,5492145,0.9508,0.0030587369942510594,0.9448048754912679,0.956795124508732,0.995,712.0349912088234,2500,5000
Multivariate region null,Anytime-valid,5547481,0.0456,0.0029502759192997527,0.039817459198172485,0.05138254080182752,0.995,712.0349912088234,2500,5000
Multivariate region null,Conventional,5547481,0.9508,0.0030587369942510594,0.9448048754912679,0.956795124508732,0.995,712.0349912088234,2500,5000
Multivariate region null,Anytime-valid,5603375,0.0456,0.0029502759192997527,0.039817459198172485,0.05138254080182752,0.995,712.0349912088234,2500,5000
Multivariate region null,Conventional,5603375,0.9508,0.0030587369942510594,0.9448048754912679,0.956795124508732,0.995,712.0349912088234,2500,5000
Multivariate region null,Anytime-valid,5659832,0.0456,0.0029502759192997527,0.039817459198172485,0.05138254080182752,0.995,712.0349912088234,2500,5000
Multivariate region null,Conventional,5659832,0.9508,0.0030587369942510594,0.9448048754912679,0.956795124508732,0.995,712.0349912088234,2500,5000
Multivariate region null,Anytime-valid,5716857,0.0456,0.0029502759192997527,0.039817459198172485,0.05138254080182752,0.995,712.0349912088234,2500,5000
Multivariate region null,Conventional,5716857,0.9508,0.0030587369942510594,0.9448048754912679,0.956795124508732,0.995,712.0349912088234,2500,5000
Multivariate region null,Anytime-valid,5774458,0.0456,0.0029502759192997527,0.039817459198172485,0.05138254080182752,0.995,712.0349912088234,2500,5000
Multivariate region null,Conventional,5774458,0.9508,0.0030587369942510594,0.9448048754912679,0.956795124508732,0.995,712.0349912088234,2500,5000
Multivariate region null,Anytime-valid,5832638,0.0456,0.0029502759192997527,0.039817459198172485,0.05138254080182752,0.995,712.0349912088234,2500,5000
Multivariate region null,Conventional,5832638,0.9508,0.0030587369942510594,0.9448048754912679,0.956795124508732,0.995,712.0349912088234,2500,5000
Multivariate region null,Anytime-valid,5891405,0.0456,0.0029502759192997527,0.039817459198172485,0.05138254080182752,0.995,712.0349912088234,2500,5000
Multivariate region null,Conventional,5891405,0.9508,0.0030587369942510594,0.9448048754912679,0.956795124508732,0.995,712.0349912088234,2500,5000
Multivariate region null,Anytime-valid,5950764,0.0456,0.0029502759192997527,0.039817459198172485,0.05138254080182752,0.995,712.0349912088234,2500,5000
Multivariate region null,Conventional,5950764,0.9508,0.0030587369942510594,0.9448048754912679,0.956795124508732,0.995,712.0349912088234,2500,5000
Multivariate region null,Anytime-valid,6010721,0.0456,0.0029502759192997527,0.039817459198172485,0.05138254080182752,0.995,712.0349912088234,2500,5000
Multivariate region null,Conventional,6010721,0.9508,0.0030587369942510594,0.9448048754912679,0.956795124508732,0.995,712.0349912088234,2500,5000
Multivariate region null,Anytime-valid,6071282,0.0456,0.0029502759192997527,0.039817459198172485,0.05138254080182752,0.995,712.0349912088234,2500,5000
Multivariate region null,Conventional,6071282,0.951,0.0030528347482299146,0.9450164438934693,0.9569835561065306,0.995,712.0349912088234,2500,5000
Multivariate region null,Anytime-valid,6132453,0.0456,0.0029502759192997527,0.039817459198172485,0.05138254080182752,0.995,712.0349912088234,2500,5000
Multivariate region null,Conventional,6132453,0.9512,0.0030469184432800286,0.9452280398511712,0.9571719601488289,0.995,712.0349912088234,2500,5000
Multivariate region null,Anytime-valid,6194241,0.0456,0.0029502759192997527,0.039817459198172485,0.05138254080182752,0.995,712.0349912088234,2500,5000
Multivariate region null,Conventional,6194241,0.9512,0.0030469184432800286,0.9452280398511712,0.9571719601488289,0.995,712.0349912088234,2500,5000
Multivariate region null,Anytime-valid,6256651,0.0456,0.0029502759192997527,0.039817459198172485,0.05138254080182752,0.995,712.0349912088234,2500,5000
Multivariate region null,Conventional,6256651,0.9512,0.0030469184432800286,0.9452280398511712,0.9571719601488289,0.995,712.0349912088234,2500,5000
Multivariate region null,Anytime-valid,6319690,0.0456,0.0029502759192997527,0.039817459198172485,0.05138254080182752,0.995,712.0349912088234,2500,5000
Multivariate region null,Conventional,6319690,0.9512,0.0030469184432800286,0.9452280398511712,0.9571719601488289,0.995,712.0349912088234,2500,5000
Multivariate region null,Anytime-valid,6383364,0.0456,0.0029502759192997527,0.039817459198172485,0.05138254080182752,0.995,712.0349912088234,2500,5000
Multivariate region null,Conventional,6383364,0.9514,0.003040987997345599,0.9454396635252027,0.9573603364747973,0.995,712.0349912088234,2500,5000
Multivariate region null,Anytime-valid,6447679,0.0456,0.0029502759192997527,0.039817459198172485,0.05138254080182752,0.995,712.0349912088234,2500,5000
Multivariate region null,Conventional,6447679,0.9514,0.003040987997345599,0.9454396635252027,0.9573603364747973,0.995,712.0349912088234,2500,5000
Multivariate region null,Anytime-valid,6512643,0.0456,0.0029502759192997527,0.039817459198172485,0.05138254080182752,0.995,712.0349912088234,2500,5000
Multivariate region null,Conventional,6512643,0.9516,0.0030350433275325743,0.9456513150780361,0.9575486849219639,0.995,712.0349912088234,2500,5000
Multivariate region null,Anytime-valid,6578261,0.0456,0.0029502759192997527,0.039817459198172485,0.05138254080182752,0.995,712.0349912088234,2500,5000
Multivariate region null,Conventional,6578261,0.9516,0.0030350433275325743,0.9456513150780361,0.9575486849219639,0.995,712.0349912088234,2500,5000
Multivariate region null,Anytime-valid,6644540,0.0456,0.0029502759192997527,0.039817459198172485,0.05138254080182752,0.995,712.0349912088234,2500,5000
Multivariate region null,Conventional,6644540,0.9518,0.003029084350096577,0.9458629946738107,0.9577370053261892,0.995,712.0349912088234,2500,5000
Multivariate region null,Anytime-valid,6711487,0.0456,0.0029502759192997527,0.039817459198172485,0.05138254080182752,0.995,712.0349912088234,2500,5000
Multivariate region null,Conventional,6711487,0.9518,0.003029084350096577,0.9458629946738107,0.9577370053261892,0.995,712.0349912088234,2500,5000
Multivariate region null,Anytime-valid,6779109,0.0456,0.0029502759192997527,0.039817459198172485,0.05138254080182752,0.995,712.0349912088234,2500,5000
Multivariate region null,Conventional,6779109,0.9518,0.003029084350096577,0.9458629946738107,0.9577370053261892,0.995,712.0349912088234,2500,5000
Multivariate region null,Anytime-valid,6847412,0.0456,0.0029502759192997527,0.039817459198172485,0.05138254080182752,0.995,712.0349912088234,2500,5000
Multivariate region null,Conventional,6847412,0.9518,0.003029084350096577,0.9458629946738107,0.9577370053261892,0.995,712.0349912088234,2500,5000
Multivariate region null,Anytime-valid,6916403,0.0456,0.0029502759192997527,0.039817459198172485,0.05138254080182752,0.995,712.0349912088234,2500,5000
Multivariate region null,Conventional,6916403,0.952,0.0030231109804305907,0.946074702478356,0.9579252975216439,0.995,712.0349912088234,2500,5000
Multivariate region null,Anytime-valid,6986089,0.0456,0.0029502759192997527,0.039817459198172485,0.05138254080182752,0.995,712.0349912088234,2500,5000
Multivariate region null,Conventional,6986089,0.952,0.0030231109804305907,0.946074702478356,0.9579252975216439,0.995,712.0349912088234,2500,5000
Multivariate region null,Anytime-valid,7056478,0.0456,0.0029502759192997527,0.039817459198172485,0.05138254080182752,0.995,712.0349912088234,2500,5000
Multivariate region null,Conventional,7056478,0.952,0.0030231109804305907,0.946074702478356,0.9579252975216439,0.995,712.0349912088234,2500,5000
Multivariate region null,Anytime-valid,7127575,0.0456,0.0029502759192997527,0.039817459198172485,0.05138254080182752,0.995,712.0349912088234,2500,5000
Multivariate region null,Conventional,7127575,0.952,0.0030231109804305907,0.946074702478356,0.9579252975216439,0.995,712.0349912088234,2500,5000
Multivariate region null,Anytime-valid,7199389,0.0456,0.0029502759192997527,0.039817459198172485,0.05138254080182752,0.995,712.0349912088234,2500,5000
Multivariate region null,Conventional,7199389,0.952,0.0030231109804305907,0.946074702478356,0.9579252975216439,0.995,712.0349912088234,2500,5000
Multivariate region null,Anytime-valid,7271927,0.0456,0.0029502759192997527,0.039817459198172485,0.05138254080182752,0.995,712.0349912088234,2500,5000
Multivariate region null,Conventional,7271927,0.952,0.0030231109804305907,0.946074702478356,0.9579252975216439,0.995,712.0349912088234,2500,5000
Multivariate region null,Anytime-valid,7345195,0.0456,0.0029502759192997527,0.039817459198172485,0.05138254080182752,0.995,712.0349912088234,2500,5000
Multivariate region null,Conventional,7345195,0.952,0.0030231109804305907,0.946074702478356,0.9579252975216439,0.995,712.0349912088234,2500,5000
Multivariate region null,Anytime-valid,7419202,0.0456,0.0029502759192997527,0.039817459198172485,0.05138254080182752,0.995,712.0349912088234,2500,5000
Multivariate region null,Conventional,7419202,0.952,0.0030231109804305907,0.946074702478356,0.9579252975216439,0.995,712.0349912088234,2500,5000
Multivariate region null,Anytime-valid,7493954,0.0456,0.0029502759192997527,0.039817459198172485,0.05138254080182752,0.995,712.0349912088234,2500,5000
Multivariate region null,Conventional,7493954,0.9522,0.0030171231330524103,0.9462864386592174,0.9581135613407827,0.995,712.0349912088234,2500,5000
Multivariate region null,Anytime-valid,7569459,0.0456,0.0029502759192997527,0.039817459198172485,0.05138254080182752,0.995,712.0349912088234,2500,5000
Multivariate region null,Conventional,7569459,0.9522,0.0030171231330524103,0.9462864386592174,0.9581135613407827,0.995,712.0349912088234,2500,5000
Multivariate region null,Anytime-valid,7645725,0.0456,0.0029502759192997527,0.039817459198172485,0.05138254080182752,0.995,712.0349912088234,2500,5000
Multivariate region null,Conventional,7645725,0.9522,0.0030171231330524103,0.9462864386592174,0.9581135613407827,0.995,712.0349912088234,2500,5000
Multivariate region null,Anytime-valid,7722760,0.0456,0.0029502759192997527,0.039817459198172485,0.05138254080182752,0.995,712.0349912088234,2500,5000
Multivariate region null,Conventional,7722760,0.9522,0.0030171231330524103,0.9462864386592174,0.9581135613407827,0.995,712.0349912088234,2500,5000
Multivariate region null,Anytime-valid,7800570,0.0456,0.0029502759192997527,0.039817459198172485,0.05138254080182752,0.995,712.0349912088234,2500,5000
Multivariate region null,Conventional,7800570,0.9522,0.0030171231330524103,0.9462864386592174,0.9581135613407827,0.995,712.0349912088234,2500,5000
Multivariate region null,Anytime-valid,7879165,0.0456,0.0029502759192997527,0.039817459198172485,0.05138254080182752,0.995,712.0349912088234,2500,5000
Multivariate region null,Conventional,7879165,0.9522,0.0030171231330524103,0.9462864386592174,0.9581135613407827,0.995,712.0349912088234,2500,5000
Multivariate region null,Anytime-valid,7958552,0.0456,0.0029502759192997527,0.039817459198172485,0.05138254080182752,0.995,712.0349912088234,2500,5000
Multivariate region null,Conventional,7958552,0.9524,0.0030111207215918786,0.9464982033856799,0.9583017966143201,0.995,712.0349912088234,2500,5000
Multivariate region null,Anytime-valid,8038738,0.0456,0.0029502759192997527,0.039817459198172485,0.05138254080182752,0.995,712.0349912088234,2500,5000
Multivariate region null,Conventional,8038738,0.9526,0.0030051036587778464,0.9467099968287954,0.9584900031712046,0.995,712.0349912088234,2500,5000
Multivariate region null,Anytime-valid,8119732,0.0456,0.0029502759192997527,0.039817459198172485,0.05138254080182752,0.995,712.0349912088234,2500,5000
Multivariate region null,Conventional,8119732,0.9526,0.0030051036587778464,0.9467099968287954,0.9584900031712046,0.995,712.0349912088234,2500,5000
Multivariate region null,Anytime-valid,8201543,0.0456,0.0029502759192997527,0.039817459198172485,0.05138254080182752,0.995,712.0349912088234,2500,5000
Multivariate region null,Conventional,8201543,0.9526,0.0030051036587778464,0.9467099968287954,0.9584900031712046,0.995,712.0349912088234,2500,5000
Multivariate region null,Anytime-valid,8284177,0.0456,0.0029502759192997527,0.039817459198172485,0.05138254080182752,0.995,712.0349912088234,2500,5000
Multivariate region null,Conventional,8284177,0.9526,0.0030051036587778464,0.9467099968287954,0.9584900031712046,0.995,712.0349912088234,2500,5000
Multivariate region null,Anytime-valid,8367645,0.0456,0.0029502759192997527,0.039817459198172485,0.05138254080182752,0.995,712.0349912088234,2500,5000
Multivariate region null,Conventional,8367645,0.9526,0.0030051036587778464,0.9467099968287954,0.9584900031712046,0.995,712.0349912088234,2500,5000
Multivariate region null,Anytime-valid,8451953,0.0456,0.0029502759192997527,0.039817459198172485,0.05138254080182752,0.995,712.0349912088234,2500,5000
Multivariate region null,Conventional,8451953,0.9526,0.0030051036587778464,0.9467099968287954,0.9584900031712046,0.995,712.0349912088234,2500,5000
Multivariate region null,Anytime-valid,8537111,0.0456,0.0029502759192997527,0.039817459198172485,0.05138254080182752,0.995,712.0349912088234,2500,5000
Multivariate region null,Conventional,8537111,0.9526,0.0030051036587778464,0.9467099968287954,0.9584900031712046,0.995,712.0349912088234,2500,5000
Multivariate region null,Anytime-valid,8623126,0.0456,0.0029502759192997527,0.039817459198172485,0.05138254080182752,0.995,712.0349912088234,2500,5000
Multivariate region null,Conventional,8623126,0.9526,0.0030051036587778464,0.9467099968287954,0.9584900031712046,0.995,712.0349912088234,2500,5000
Multivariate region null,Anytime-valid,8710009,0.0456,0.0029502759192997527,0.039817459198172485,0.05138254080182752,0.995,712.0349912088234,2500,5000
Multivariate region null,Conventional,8710009,0.9526,0.0030051036587778464,0.9467099968287954,0.9584900031712046,0.995,712.0349912088234,2500,5000
Multivariate region null,Anytime-valid,8797766,0.0456,0.0029502759192997527,0.039817459198172485,0.05138254080182752,0.995,712.0349912088234,2500,5000
Multivariate region null,Conventional,8797766,0.9526,0.0030051036587778464,0.9467099968287954,0.9584900031712046,0.995,712.0349912088234,2500,5000
Multivariate region null,Anytime-valid,8886408,0.0456,0.0029502759192997527,0.039817459198172485,0.05138254080182752,0.995,712.0349912088234,2500,5000
Multivariate region null,Conventional,8886408,0.9526,0.0030051036587778464,0.9467099968287954,0.9584900031712046,0.995,712.0349912088234,2500,5000
Multivariate region null,Anytime-valid,8975943,0.0456,0.0029502759192997527,0.039817459198172485,0.05138254080182752,0.995,712.0349912088234,2500,5000
Multivariate region null,Conventional,8975943,0.9526,0.0030051036587778464,0.9467099968287954,0.9584900031712046,0.995,712.0349912088234,2500,5000
Multivariate region null,Anytime-valid,9066380,0.0456,0.0029502759192997527,0.039817459198172485,0.05138254080182752,0.995,712.0349912088234,2500,5000
Multivariate region null,Conventional,9066380,0.9526,0.0030051036587778464,0.9467099968287954,0.9584900031712046,0.995,712.0349912088234,2500,5000
Multivariate region null,Anytime-valid,9157729,0.0456,0.0029502759192997527,0.039817459198172485,0.05138254080182752,0.995,712.0349912088234,2500,5000
Multivariate region null,Conventional,9157729,0.9526,0.0030051036587778464,0.9467099968287954,0.9584900031712046,0.995,712.0349912088234,2500,5000
Multivariate region null,Anytime-valid,9249997,0.0456,0.0029502759192997527,0.039817459198172485,0.05138254080182752,0.995,712.0349912088234,2500,5000
Multivariate region null,Conventional,9249997,0.9528,0.002999071856424918,0.9469218191614072,0.9586781808385928,0.995,712.0349912088234,2500,5000
Multivariate region null,Anytime-valid,9343196,0.0456,0.0029502759192997527,0.039817459198172485,0.05138254080182752,0.995,712.0349912088234,2500,5000
Multivariate region null,Conventional,9343196,0.953,0.002993025225419928,0.9471336705581769,0.958866329441823,0.995,712.0349912088234,2500,5000
Multivariate region null,Anytime-valid,9437333,0.0456,0.0029502759192997527,0.039817459198172485,0.05138254080182752,0.995,712.0349912088234,2500,5000
Multivariate region null,Conventional,9437333,0.953,0.002993025225419928,0.9471336705581769,0.958866329441823,0.995,712.0349912088234,2500,5000
Multivariate region null,Anytime-valid,9532419,0.0456,0.0029502759192997527,0.039817459198172485,0.05138254080182752,0.995,712.0349912088234,2500,5000
Multivariate region null,Conventional,9532419,0.953,0.002993025225419928,0.9471336705581769,0.958866329441823,0.995,712.0349912088234,2500,5000
Multivariate region null,Anytime-valid,9628463,0.0456,0.0029502759192997527,0.039817459198172485,0.05138254080182752,0.995,712.0349912088234,2500,5000
Multivariate region null,Conventional,9628463,0.953,0.002993025225419928,0.9471336705581769,0.958866329441823,0.995,712.0349912088234,2500,5000
Multivariate region null,Anytime-valid,9725475,0.0456,0.0029502759192997527,0.039817459198172485,0.05138254080182752,0.995,712.0349912088234,2500,5000
Multivariate region null,Conventional,9725475,0.9532,0.002986963675708158,0.947345551195612,0.9590544488043881,0.995,712.0349912088234,2500,5000
Multivariate region null,Anytime-valid,9823464,0.0456,0.0029502759192997527,0.039817459198172485,0.05138254080182752,0.995,712.0349912088234,2500,5000
Multivariate region null,Conventional,9823464,0.9534,0.0029808871162793123,0.9475574612520926,0.9592425387479074,0.995,712.0349912088234,2500,5000
Multivariate region null,Anytime-valid,9922440,0.0456,0.0029502759192997527,0.039817459198172485,0.05138254080182752,0.995,712.0349912088234,2500,5000
Multivariate region null,Conventional,9922440,0.9534,0.0029808871162793123,0.9475574612520926,0.9592425387479074,0.995,712.0349912088234,2500,5000
Multivariate region null,Anytime-valid,10022414,0.0456,0.0029502759192997527,0.039817459198172485,0.05138254080182752,0.995,712.0349912088234,2500,5000
Multivariate region null,Conventional,10022414,0.9534,0.0029808871162793123,0.9475574612520926,0.9592425387479074,0.995,712.0349912088234,2500,5000
Multivariate region null,Anytime-valid,10123394,0.0456,0.0029502759192997527,0.039817459198172485,0.05138254080182752,0.995,712.0349912088234,2500,5000
Multivariate region null,Conventional,10123394,0.9534,0.0029808871162793123,0.9475574612520926,0.9592425387479074,0.995,712.0349912088234,2500,5000
Multivariate region null,Anytime-valid,10225393,0.0456,0.0029502759192997527,0.039817459198172485,0.05138254080182752,0.995,712.0349912088234,2500,5000
Multivariate region null,Conventional,10225393,0.9534,0.0029808871162793123,0.9475574612520926,0.9592425387479074,0.995,712.0349912088234,2500,5000
Multivariate region null,Anytime-valid,10328419,0.0456,0.0029502759192997527,0.039817459198172485,0.05138254080182752,0.995,712.0349912088234,2500,5000
Multivariate region null,Conventional,10328419,0.9534,0.0029808871162793123,0.9475574612520926,0.9592425387479074,0.995,712.0349912088234,2500,5000
Multivariate region null,Anytime-valid,10432483,0.0456,0.0029502759192997527,0.039817459198172485,0.05138254080182752,0.995,712.0349912088234,2500,5000
Multivariate region null,Conventional,10432483,0.9534,0.0029808871162793123,0.9475574612520926,0.9592425387479074,0.995,712.0349912088234,2500,5000
Multivariate region null,Anytime-valid,10537595,0.0456,0.0029502759192997527,0.039817459198172485,0.05138254080182752,0.995,712.0349912088234,2500,5000
Multivariate region null,Conventional,10537595,0.9534,0.0029808871162793123,0.9475574612520926,0.9592425387479074,0.995,712.0349912088234,2500,5000
Multivariate region null,Anytime-valid,10643767,0.0456,0.0029502759192997527,0.039817459198172485,0.05138254080182752,0.995,712.0349912088234,2500,5000
Multivariate region null,Conventional,10643767,0.9536,0.0029747954551531774,0.9477694009078997,0.9594305990921003,0.995,712.0349912088234,2500,5000
Multivariate region null,Anytime-valid,10751008,0.0456,0.0029502759192997527,0.039817459198172485,0.05138254080182752,0.995,712.0349912088234,2500,5000
Multivariate region null,Conventional,10751008,0.9536,0.0029747954551531774,0.9477694009078997,0.9594305990921003,0.995,712.0349912088234,2500,5000
Multivariate region null,Anytime-valid,10859330,0.0456,0.0029502759192997527,0.039817459198172485,0.05138254080182752,0.995,712.0349912088234,2500,5000
Multivariate region null,Conventional,10859330,0.9538,0.002968688599365047,0.9479813703452444,0.9596186296547555,0.995,712.0349912088234,2500,5000
Multivariate region null,Anytime-valid,10968743,0.0456,0.0029502759192997527,0.039817459198172485,0.05138254080182752,0.995,712.0349912088234,2500,5000
Multivariate region null,Conventional,10968743,0.9538,0.002968688599365047,0.9479813703452444,0.9596186296547555,0.995,712.0349912088234,2500,5000
Multivariate region null,Anytime-valid,11079259,0.0456,0.0029502759192997527,0.039817459198172485,0.05138254080182752,0.995,712.0349912088234,2500,5000
Multivariate region null,Conventional,11079259,0.9538,0.002968688599365047,0.9479813703452444,0.9596186296547555,0.995,712.0349912088234,2500,5000
Multivariate region null,Anytime-valid,11190888,0.0456,0.0029502759192997527,0.039817459198172485,0.05138254080182752,0.995,712.0349912088234,2500,5000
Multivariate region null,Conventional,11190888,0.9538,0.002968688599365047,0.9479813703452444,0.9596186296547555,0.995,712.0349912088234,2500,5000
Multivariate region null,Anytime-valid,11303642,0.0456,0.0029502759192997527,0.039817459198172485,0.05138254080182752,0.995,712.0349912088234,2500,5000
Multivariate region null,Conventional,11303642,0.9538,0.002968688599365047,0.9479813703452444,0.9596186296547555,0.995,712.0349912088234,2500,5000
Multivariate region null,Anytime-valid,11417532,0.0456,0.0029502759192997527,0.039817459198172485,0.05138254080182752,0.995,712.0349912088234,2500,5000
Multivariate region null,Conventional,11417532,0.954,0.0029625664549508433,0.9481933697482963,0.9598066302517037,0.995,712.0349912088234,2500,5000
Multivariate region null,Anytime-valid,11532569,0.0456,0.0029502759192997527,0.039817459198172485,0.05138254080182752,0.995,712.0349912088234,2500,5000
Multivariate region null,Conventional,11532569,0.954,0.0029625664549508433,0.9481933697482963,0.9598066302517037,0.995,712.0349912088234,2500,5000
Multivariate region null,Anytime-valid,11648765,0.0456,0.0029502759192997527,0.039817459198172485,0.05138254080182752,0.995,712.0349912088234,2500,5000
Multivariate region null,Conventional,11648765,0.954,0.0029625664549508433,0.9481933697482963,0.9598066302517037,0.995,712.0349912088234,2500,5000
Multivariate region null,Anytime-valid,11766133,0.0456,0.0029502759192997527,0.039817459198172485,0.05138254080182752,0.995,712.0349912088234,2500,5000
Multivariate region null,Conventional,11766133,0.954,0.0029625664549508433,0.9481933697482963,0.9598066302517037,0.995,712.0349912088234,2500,5000
Multivariate region null,Anytime-valid,11884682,0.0456,0.0029502759192997527,0.039817459198172485,0.05138254080182752,0.995,712.0349912088234,2500,5000
Multivariate region null,Conventional,11884682,0.9542,0.002956428926931948,0.9484053993032134,0.9599946006967867,0.995,712.0349912088234,2500,5000
Multivariate region null,Anytime-valid,12004426,0.0456,0.0029502759192997527,0.039817459198172485,0.05138254080182752,0.995,712.0349912088234,2500,5000
Multivariate region null,Conventional,12004426,0.9544,0.002950275919299752,0.9486174591981725,0.9601825408018275,0.995,712.0349912088234,2500,5000
Multivariate region null,Anytime-valid,12125377,0.0456,0.0029502759192997527,0.039817459198172485,0.05138254080182752,0.995,712.0349912088234,2500,5000
Multivariate region null,Conventional,12125377,0.9546,0.002944107334999864,0.9488295496234003,0.9603704503765997,0.995,712.0349912088234,2500,5000
Multivariate region null,Anytime-valid,12247546,0.0456,0.0029502759192997527,0.039817459198172485,0.05138254080182752,0.995,712.0349912088234,2500,5000
Multivariate region null,Conventional,12247546,0.9546,0.002944107334999864,0.9488295496234003,0.9603704503765997,0.995,712.0349912088234,2500,5000
Multivariate region null,Anytime-valid,12370947,0.0456,0.0029502759192997527,0.039817459198172485,0.05138254080182752,0.995,712.0349912088234,2500,5000
Multivariate region null,Conventional,12370947,0.9546,0.002944107334999864,0.9488295496234003,0.9603704503765997,0.995,712.0349912088234,2500,5000
Multivariate region null,Anytime-valid,12495590,0.0456,0.0029502759192997527,0.039817459198172485,0.05138254080182752,0.995,712.0349912088234,2500,5000
Multivariate region null,Conventional,12495590,0.9546,0.002944107334999864,0.9488295496234003,0.9603704503765997,0.995,712.0349912088234,2500,5000
Multivariate region null,Anytime-valid,12621489,0.0456,0.0029502759192997527,0.039817459198172485,0.05138254080182752,0.995,712.0349912088234,2500,5000
Multivariate region null,Conventional,12621489,0.9546,0.002944107334999864,0.9488295496234003,0.9603704503765997,0.995,712.0349912088234,2500,5000
Multivariate region null,Anytime-valid,12748657,0.0456,0.0029502759192997527,0.039817459198172485,0.05138254080182752,0.995,712.0349912088234,2500,5000
Multivariate region null,Conventional,12748657,0.9546,0.002944107334999864,0.9488295496234003,0.9603704503765997,0.995,712.0349912088234,2500,5000
Multivariate region null,Anytime-valid,12877106,0.0456,0.0029502759192997527,0.039817459198172485,0.05138254080182752,0.995,712.0349912088234,2500,5000
Multivariate region null,Conventional,12877106,0.9546,0.002944107334999864,0.9488295496234003,0.9603704503765997,0.995,712.0349912088234,2500,5000
Multivariate region null,Anytime-valid,13006850,0.0456,0.0029502759192997527,0.039817459198172485,0.05138254080182752,0.995,712.0349912088234,2500,5000
Multivariate region null,Conventional,13006850,0.9548,0.0029379230759160463,0.9490416707712045,0.9605583292287955,0.995,712.0349912088234,2500,5000
Multivariate region null,Anytime-valid,13137900,0.0456,0.0029502759192997527,0.039817459198172485,0.05138254080182752,0.995,712.0349912088234,2500,5000
Multivariate region null,Conventional,13137900,0.9548,0.0029379230759160463,0.9490416707712045,0.9605583292287955,0.995,712.0349912088234,2500,5000
Multivariate region null,Anytime-valid,13270271,0.0456,0.0029502759192997527,0.039817459198172485,0.05138254080182752,0.995,712.0349912088234,2500,5000
Multivariate region null,Conventional,13270271,0.9548,0.0029379230759160463,0.9490416707712045,0.9605583292287955,0.995,712.0349912088234,2500,5000
Multivariate region null,Anytime-valid,13403976,0.0456,0.0029502759192997527,0.039817459198172485,0.05138254080182752,0.995,712.0349912088234,2500,5000
Multivariate region null,Conventional,13403976,0.9548,0.0029379230759160463,0.9490416707712045,0.9605583292287955,0.995,712.0349912088234,2500,5000
Multivariate region null,Anytime-valid,13539028,0.0456,0.0029502759192997527,0.039817459198172485,0.05138254080182752,0.995,712.0349912088234,2500,5000
Multivariate region null,Conventional,13539028,0.9548,0.0029379230759160463,0.9490416707712045,0.9605583292287955,0.995,712.0349912088234,2500,5000
Multivariate region null,Anytime-valid,13675440,0.0456,0.0029502759192997527,0.039817459198172485,0.05138254080182752,0.995,712.0349912088234,2500,5000
Multivariate region null,Conventional,13675440,0.9548,0.0029379230759160463,0.9490416707712045,0.9605583292287955,0.995,712.0349912088234,2500,5000
Multivariate region null,Anytime-valid,13813227,0.0456,0.0029502759192997527,0.039817459198172485,0.05138254080182752,0.995,712.0349912088234,2500,5000
Multivariate region null,Conventional,13813227,0.9548,0.0029379230759160463,0.9490416707712045,0.9605583292287955,0.995,712.0349912088234,2500,5000
Multivariate region null,Anytime-valid,13952402,0.0456,0.0029502759192997527,0.039817459198172485,0.05138254080182752,0.995,712.0349912088234,2500,5000
Multivariate region null,Conventional,13952402,0.9548,0.0029379230759160463,0.9490416707712045,0.9605583292287955,0.995,712.0349912088234,2500,5000
Multivariate region null,Anytime-valid,14092980,0.0456,0.0029502759192997527,0.039817459198172485,0.05138254080182752,0.995,712.0349912088234,2500,5000
Multivariate region null,Conventional,14092980,0.9548,0.0029379230759160463,0.9490416707712045,0.9605583292287955,0.995,712.0349912088234,2500,5000
Multivariate region null,Anytime-valid,14234974,0.0456,0.0029502759192997527,0.039817459198172485,0.05138254080182752,0.995,712.0349912088234,2500,5000
Multivariate region null,Conventional,14234974,0.955,0.0029317230428538106,0.9492538228360065,0.9607461771639935,0.995,712.0349912088234,2500,5000
Multivariate region null,Anytime-valid,14378398,0.0456,0.0029502759192997527,0.039817459198172485,0.05138254080182752,0.995,712.0349912088234,2500,5000
Multivariate region null,Conventional,14378398,0.955,0.0029317230428538106,0.9492538228360065,0.9607461771639935,0.995,712.0349912088234,2500,5000
Multivariate region null,Anytime-valid,14523268,0.0456,0.0029502759192997527,0.039817459198172485,0.05138254080182752,0.995,712.0349912088234,2500,5000
Multivariate region null,Conventional,14523268,0.955,0.0029317230428538106,0.9492538228360065,0.9607461771639935,0.995,712.0349912088234,2500,5000
Multivariate region null,Anytime-valid,14669597,0.0456,0.0029502759192997527,0.039817459198172485,0.05138254080182752,0.995,712.0349912088234,2500,5000
Multivariate region null,Conventional,14669597,0.955,0.0029317230428538106,0.9492538228360065,0.9607461771639935,0.995,712.0349912088234,2500,5000
Multivariate region null,Anytime-valid,14817401,0.0456,0.0029502759192997527,0.039817459198172485,0.05138254080182752,0.995,712.0349912088234,2500,5000
Multivariate region null,Conventional,14817401,0.955,0.0029317230428538106,0.9492538228360065,0.9607461771639935,0.995,712.0349912088234,2500,5000
Multivariate region null,Anytime-valid,14966693,0.0456,0.0029502759192997527,0.039817459198172485,0.05138254080182752,0.995,712.0349912088234,2500,5000
Multivariate region null,Conventional,14966693,0.9552,0.0029255071355236842,0.9494660060143736,0.9609339939856265,0.995,712.0349912088234,2500,5000
Multivariate region null,Anytime-valid,15117490,0.0456,0.0029502759192997527,0.039817459198172485,0.05138254080182752,0.995,712.0349912088234,2500,5000
Multivariate region null,Conventional,15117490,0.9552,0.0029255071355236842,0.9494660060143736,0.9609339939856265,0.995,712.0349912088234,2500,5000
Multivariate region null,Anytime-valid,15269807,0.0456,0.0029502759192997527,0.039817459198172485,0.05138254080182752,0.995,712.0349912088234,2500,5000
Multivariate region null,Conventional,15269807,0.9554,0.0029192752525241594,0.9496782205050527,0.9611217794949474,0.995,712.0349912088234,2500,5000
Multivariate region null,Anytime-valid,15423658,0.0456,0.0029502759192997527,0.039817459198172485,0.05138254080182752,0.995,712.0349912088234,2500,5000
Multivariate region null,Conventional,15423658,0.9554,0.0029192752525241594,0.9496782205050527,0.9611217794949474,0.995,712.0349912088234,2500,5000
Multivariate region null,Anytime-valid,15579059,0.0456,0.0029502759192997527,0.039817459198172485,0.05138254080182752,0.995,712.0349912088234,2500,5000
Multivariate region null,Conventional,15579059,0.9554,0.0029192752525241594,0.9496782205050527,0.9611217794949474,0.995,712.0349912088234,2500,5000
Multivariate region null,Anytime-valid,15736026,0.0456,0.0029502759192997527,0.039817459198172485,0.05138254080182752,0.995,712.0349912088234,2500,5000
Multivariate region null,Conventional,15736026,0.9554,0.0029192752525241594,0.9496782205050527,0.9611217794949474,0.995,712.0349912088234,2500,5000
Multivariate region null,Anytime-valid,15894574,0.0456,0.0029502759192997527,0.039817459198172485,0.05138254080182752,0.995,712.0349912088234,2500,5000
Multivariate region null,Conventional,15894574,0.9556,0.0029130272913242676,0.9498904665090044,0.9613095334909956,0.995,712.0349912088234,2500,5000
Multivariate region null,Anytime-valid,16054720,0.0456,0.0029502759192997527,0.039817459198172485,0.05138254080182752,0.995,712.0349912088234,2500,5000
Multivariate region null,Conventional,16054720,0.9556,0.0029130272913242676,0.9498904665090044,0.9613095334909956,0.995,712.0349912088234,2500,5000
Multivariate region null,Anytime-valid,16216479,0.0456,0.0029502759192997527,0.039817459198172485,0.05138254080182752,0.995,712.0349912088234,2500,5000
Multivariate region null,Conventional,16216479,0.9556,0.0029130272913242676,0.9498904665090044,0.9613095334909956,0.995,712.0349912088234,2500,5000
Multivariate region null,Anytime-valid,16379868,0.0456,0.0029502759192997527,0.039817459198172485,0.05138254080182752,0.995,712.0349912088234,2500,5000
Multivariate region null,Conventional,16379868,0.9556,0.0029130272913242676,0.9498904665090044,0.9613095334909956,0.995,712.0349912088234,2500,5000
Multivariate region null,Anytime-valid,16544904,0.0456,0.0029502759192997527,0.039817459198172485,0.05138254080182752,0.995,712.0349912088234,2500,5000
Multivariate region null,Conventional,16544904,0.9558,0.002906763148245829,0.9501027442294382,0.9614972557705618,0.995,712.0349912088234,2500,5000
Multivariate region null,Anytime-valid,16711602,0.0456,0.0029502759192997527,0.039817459198172485,0.05138254080182752,0.995,712.0349912088234,2500,5000
Multivariate region null,Conventional,16711602,0.9558,0.002906763148245829,0.9501027442294382,0.9614972557705618,0.995,712.0349912088234,2500,5000
Multivariate region null,Anytime-valid,16879980,0.0456,0.0029502759192997527,0.039817459198172485,0.05138254080182752,0.995,712.0349912088234,2500,5000
Multivariate region null,Conventional,16879980,0.9558,0.002906763148245829,0.9501027442294382,0.9614972557705618,0.995,712.0349912088234,2500,5000
Multivariate region null,Anytime-valid,17050054,0.0456,0.0029502759192997527,0.039817459198172485,0.05138254080182752,0.995,712.0349912088234,2500,5000
Multivariate region null,Conventional,17050054,0.9558,0.002906763148245829,0.9501027442294382,0.9614972557705618,0.995,712.0349912088234,2500,5000
Multivariate region null,Anytime-valid,17221842,0.0456,0.0029502759192997527,0.039817459198172485,0.05138254080182752,0.995,712.0349912088234,2500,5000
Multivariate region null,Conventional,17221842,0.9558,0.002906763148245829,0.9501027442294382,0.9614972557705618,0.995,712.0349912088234,2500,5000
Multivariate region null,Anytime-valid,17395361,0.0456,0.0029502759192997527,0.039817459198172485,0.05138254080182752,0.995,712.0349912088234,2500,5000
Multivariate region null,Conventional,17395361,0.9558,0.002906763148245829,0.9501027442294382,0.9614972557705618,0.995,712.0349912088234,2500,5000
Multivariate region null,Anytime-valid,17570628,0.0456,0.0029502759192997527,0.039817459198172485,0.05138254080182752,0.995,712.0349912088234,2500,5000
Multivariate region null,Conventional,17570628,0.9558,0.002906763148245829,0.9501027442294382,0.9614972557705618,0.995,712.0349912088234,2500,5000
Multivariate region null,Anytime-valid,17747661,0.0456,0.0029502759192997527,0.039817459198172485,0.05138254080182752,0.995,712.0349912088234,2500,5000
Multivariate region null,Conventional,17747661,0.9558,0.002906763148245829,0.9501027442294382,0.9614972557705618,0.995,712.0349912088234,2500,5000
Multivariate region null,Anytime-valid,17926477,0.0456,0.0029502759192997527,0.039817459198172485,0.05138254080182752,0.995,712.0349912088234,2500,5000
Multivariate region null,Conventional,17926477,0.9558,0.002906763148245829,0.9501027442294382,0.9614972557705618,0.995,712.0349912088234,2500,5000
Multivariate region null,Anytime-valid,18107096,0.0456,0.0029502759192997527,0.039817459198172485,0.05138254080182752,0.995,712.0349912088234,2500,5000
Multivariate region null,Conventional,18107096,0.9558,0.002906763148245829,0.9501027442294382,0.9614972557705618,0.995,712.0349912088234,2500,5000
Multivariate region null,Anytime-valid,18289534,0.0456,0.0029502759192997527,0.039817459198172485,0.05138254080182752,0.995,712.0349912088234,2500,5000
Multivariate region null,Conventional,18289534,0.9558,0.002906763148245829,0.9501027442294382,0.9614972557705618,0.995,712.0349912088234,2500,5000
Multivariate region null,Anytime-valid,18473810,0.0456,0.0029502759192997527,0.039817459198172485,0.05138254080182752,0.995,712.0349912088234,2500,5000
Multivariate region null,Conventional,18473810,0.9558,0.002906763148245829,0.9501027442294382,0.9614972557705618,0.995,712.0349912088234,2500,5000
Multivariate region null,Anytime-valid,18659943,0.0456,0.0029502759192997527,0.039817459198172485,0.05138254080182752,0.995,712.0349912088234,2500,5000
Multivariate region null,Conventional,18659943,0.9558,0.002906763148245829,0.9501027442294382,0.9614972557705618,0.995,712.0349912088234,2500,5000
Multivariate region null,Anytime-valid,18847951,0.0456,0.0029502759192997527,0.039817459198172485,0.05138254080182752,0.995,712.0349912088234,2500,5000
Multivariate region null,Conventional,18847951,0.9558,0.002906763148245829,0.9501027442294382,0.9614972557705618,0.995,712.0349912088234,2500,5000
Multivariate region null,Anytime-valid,19037854,0.0456,0.0029502759192997527,0.039817459198172485,0.05138254080182752,0.995,712.0349912088234,2500,5000
Multivariate region null,Conventional,19037854,0.9558,0.002906763148245829,0.9501027442294382,0.9614972557705618,0.995,712.0349912088234,2500,5000
Multivariate region null,Anytime-valid,19229670,0.0456,0.0029502759192997527,0.039817459198172485,0.05138254080182752,0.995,712.0349912088234,2500,5000
Multivariate region null,Conventional,19229670,0.9558,0.002906763148245829,0.9501027442294382,0.9614972557705618,0.995,712.0349912088234,2500,5000
Multivariate region null,Anytime-valid,19423418,0.0456,0.0029502759192997527,0.039817459198172485,0.05138254080182752,0.995,712.0349912088234,2500,5000
Multivariate region null,Conventional,19423418,0.9558,0.002906763148245829,0.9501027442294382,0.9614972557705618,0.995,712.0349912088234,2500,5000
Multivariate region null,Anytime-valid,19619119,0.0456,0.0029502759192997527,0.039817459198172485,0.05138254080182752,0.995,712.0349912088234,2500,5000
Multivariate region null,Conventional,19619119,0.9558,0.002906763148245829,0.9501027442294382,0.9614972557705618,0.995,712.0349912088234,2500,5000
Multivariate region null,Anytime-valid,19816792,0.0456,0.0029502759192997527,0.039817459198172485,0.05138254080182752,0.995,712.0349912088234,2500,5000
Multivariate region null,Conventional,19816792,0.9558,0.002906763148245829,0.9501027442294382,0.9614972557705618,0.995,712.0349912088234,2500,5000
Multivariate region null,Anytime-valid,20016456,0.0456,0.0029502759192997527,0.039817459198172485,0.05138254080182752,0.995,712.0349912088234,2500,5000
Multivariate region null,Conventional,20016456,0.9558,0.002906763148245829,0.9501027442294382,0.9614972557705618,0.995,712.0349912088234,2500,5000
Multivariate region null,Anytime-valid,20218132,0.0456,0.0029502759192997527,0.039817459198172485,0.05138254080182752,0.995,712.0349912088234,2500,5000
Multivariate region null,Conventional,20218132,0.956,0.002900482718445329,0.9503150538718471,0.9616849461281528,0.995,712.0349912088234,2500,5000
Multivariate region null,Anytime-valid,20421839,0.0456,0.0029502759192997527,0.039817459198172485,0.05138254080182752,0.995,712.0349912088234,2500,5000
Multivariate region null,Conventional,20421839,0.9562,0.0028941858958954226,0.950527395644045,0.9618726043559551,0.995,712.0349912088234,2500,5000
Multivariate region null,Anytime-valid,20627600,0.0456,0.0029502759192997527,0.039817459198172485,0.05138254080182752,0.995,712.0349912088234,2500,5000
Multivariate region null,Conventional,20627600,0.9564,0.0028878725733660748,0.9507397697562026,0.9620602302437975,0.995,712.0349912088234,2500,5000
Multivariate region null,Anytime-valid,20835433,0.0456,0.0029502759192997527,0.039817459198172485,0.05138254080182752,0.995,712.0349912088234,2500,5000
Multivariate region null,Conventional,20835433,0.9564,0.0028878725733660748,0.9507397697562026,0.9620602302437975,0.995,712.0349912088234,2500,5000
Multivariate region null,Anytime-valid,21045361,0.0456,0.0029502759192997527,0.039817459198172485,0.05138254080182752,0.995,712.0349912088234,2500,5000
Multivariate region null,Conventional,21045361,0.9568,0.0028751959933194125,0.951164615853094,0.962435384146906,0.995,712.0349912088234,2500,5000
Multivariate region null,Anytime-valid,21257403,0.0456,0.0029502759192997527,0.039817459198172485,0.05138254080182752,0.995,712.0349912088234,2500,5000
Multivariate region null,Conventional,21257403,0.9568,0.0028751959933194125,0.951164615853094,0.962435384146906,0.995,712.0349912088234,2500,5000
Multivariate region null,Anytime-valid,21471582,0.0456,0.0029502759192997527,0.039817459198172485,0.05138254080182752,0.995,712.0349912088234,2500,5000
Multivariate region null,Conventional,21471582,0.9568,0.0028751959933194125,0.951164615853094,0.962435384146906,0.995,712.0349912088234,2500,5000
Multivariate region null,Anytime-valid,21687919,0.0456,0.0029502759192997527,0.039817459198172485,0.05138254080182752,0.995,712.0349912088234,2500,5000
Multivariate region null,Conventional,21687919,0.957,0.00286883251515316,0.9513770882702998,0.9626229117297002,0.995,712.0349912088234,2500,5000
Multivariate region null,Anytime-valid,21906436,0.0456,0.0029502759192997527,0.039817459198172485,0.05138254080182752,0.995,712.0349912088234,2500,5000
Multivariate region null,Conventional,21906436,0.957,0.00286883251515316,0.9513770882702998,0.9626229117297002,0.995,712.0349912088234,2500,5000
Multivariate region null,Anytime-valid,22127154,0.0456,0.0029502759192997527,0.039817459198172485,0.05138254080182752,0.995,712.0349912088234,2500,5000
Multivariate region null,Conventional,22127154,0.957,0.00286883251515316,0.9513770882702998,0.9626229117297002,0.995,712.0349912088234,2500,5000
Multivariate region null,Anytime-valid,22350096,0.0456,0.0029502759192997527,0.039817459198172485,0.05138254080182752,0.995,712.0349912088234,2500,5000
Multivariate region null,Conventional,22350096,0.9572,0.0028624520956690245,0.9515895938924888,0.9628104061075113,0.995,712.0349912088234,2500,5000
Multivariate region null,Anytime-valid,22575285,0.0456,0.0029502759192997527,0.039817459198172485,0.05138254080182752,0.995,712.0349912088234,2500,5000
Multivariate region null,Conventional,22575285,0.9572,0.0028624520956690245,0.9515895938924888,0.9628104061075113,0.995,712.0349912088234,2500,5000
Multivariate region null,Anytime-valid,22802742,0.0456,0.0029502759192997527,0.039817459198172485,0.05138254080182752,0.995,712.0349912088234,2500,5000
Multivariate region null,Conventional,22802742,0.9572,0.0028624520956690245,0.9515895938924888,0.9628104061075113,0.995,712.0349912088234,2500,5000
Multivariate region null,Anytime-valid,23032491,0.0456,0.0029502759192997527,0.039817459198172485,0.05138254080182752,0.995,712.0349912088234,2500,5000
Multivariate region null,Conventional,23032491,0.9574,0.002856054621326419,0.9518021329422003,0.9629978670577998,0.995,712.0349912088234,2500,5000
Multivariate region null,Anytime-valid,23264555,0.0456,0.0029502759192997527,0.039817459198172485,0.05138254080182752,0.995,712.0349912088234,2500,5000
Multivariate region null,Conventional,23264555,0.9574,0.002856054621326419,0.9518021329422003,0.9629978670577998,0.995,712.0349912088234,2500,5000
Multivariate region null,Anytime-valid,23498957,0.0456,0.0029502759192997527,0.039817459198172485,0.05138254080182752,0.995,712.0349912088234,2500,5000
Multivariate region null,Conventional,23498957,0.9574,0.002856054621326419,0.9518021329422003,0.9629978670577998,0.995,712.0349912088234,2500,5000
Multivariate region null,Anytime-valid,23735721,0.0456,0.0029502759192997527,0.039817459198172485,0.05138254080182752,0.995,712.0349912088234,2500,5000
Multivariate region null,Conventional,23735721,0.9576,0.0028496399772602854,0.9520147056445698,0.9631852943554302,0.995,712.0349912088234,2500,5000
Multivariate region null,Anytime-valid,23974871,0.0456,0.0029502759192997527,0.039817459198172485,0.05138254080182752,0.995,712.0349912088234,2500,5000
Multivariate region null,Conventional,23974871,0.9576,0.0028496399772602854,0.9520147056445698,0.9631852943554302,0.995,712.0349912088234,2500,5000
Multivariate region null,Anytime-valid,24216429,0.0456,0.0029502759192997527,0.039817459198172485,0.05138254080182752,0.995,712.0349912088234,2500,5000
Multivariate region null,Conventional,24216429,0.9576,0.0028496399772602854,0.9520147056445698,0.9631852943554302,0.995,712.0349912088234,2500,5000
Multivariate region null,Anytime-valid,24460422,0.0456,0.0029502759192997527,0.039817459198172485,0.05138254080182752,0.995,712.0349912088234,2500,5000
Multivariate region null,Conventional,24460422,0.9576,0.0028496399772602854,0.9520147056445698,0.9631852943554302,0.995,712.0349912088234,2500,5000
Multivariate region null,Anytime-valid,24706873,0.0456,0.0029502759192997527,0.039817459198172485,0.05138254080182752,0.995,712.0349912088234,2500,5000
Multivariate region null,Conventional,24706873,0.9576,0.0028496399772602854,0.9520147056445698,0.9631852943554302,0.995,712.0349912088234,2500,5000
Multivariate region null,Anytime-valid,24955807,0.0456,0.0029502759192997527,0.039817459198172485,0.05138254080182752,0.995,712.0349912088234,2500,5000
Multivariate region null,Conventional,24955807,0.9576,0.0028496399772602854,0.9520147056445698,0.9631852943554302,0.995,712.0349912088234,2500,5000
Multivariate region null,Anytime-valid,25207250,0.0456,0.0029502759192997527,0.039817459198172485,0.05138254080182752,0.995,712.0349912088234,2500,5000
Multivariate region null,Conventional,25207250,0.9576,0.0028496399772602854,0.9520147056445698,0.9631852943554302,0.995,712.0349912088234,2500,5000
Multivariate region null,Anytime-valid,25461225,0.0456,0.0029502759192997527,0.039817459198172485,0.05138254080182752,0.995,712.0349912088234,2500,5000
Multivariate region null,Conventional,25461225,0.9576,0.0028496399772602854,0.9520147056445698,0.9631852943554302,0.995,712.0349912088234,2500,5000
Multivariate region null,Anytime-valid,25717760,0.0456,0.0029502759192997527,0.039817459198172485,0.05138254080182752,0.995,712.0349912088234,2500,5000
Multivariate region null,Conventional,25717760,0.9576,0.0028496399772602854,0.9520147056445698,0.9631852943554302,0.995,712.0349912088234,2500,5000
Multivariate region null,Anytime-valid,25976880,0.0456,0.0029502759192997527,0.039817459198172485,0.05138254080182752,0.995,712.0349912088234,2500,5000
Multivariate region null,Conventional,25976880,0.9576,0.0028496399772602854,0.9520147056445698,0.9631852943554302,0.995,712.0349912088234,2500,5000
Multivariate region null,Anytime-valid,26238610,0.0456,0.0029502759192997527,0.039817459198172485,0.05138254080182752,0.995,712.0349912088234,2500,5000
Multivariate region null,Conventional,26238610,0.9576,0.0028496399772602854,0.9520147056445698,0.9631852943554302,0.995,712.0349912088234,2500,5000
Multivariate region null,Anytime-valid,26502977,0.0456,0.0029502759192997527,0.039817459198172485,0.05138254080182752,0.995,712.0349912088234,2500,5000
Multivariate region null,Conventional,26502977,0.9576,0.0028496399772602854,0.9520147056445698,0.9631852943554302,0.995,712.0349912088234,2500,5000
Multivariate region null,Anytime-valid,26770008,0.0456,0.0029502759192997527,0.039817459198172485,0.05138254080182752,0.995,712.0349912088234,2500,5000
Multivariate region null,Conventional,26770008,0.9576,0.0028496399772602854,0.9520147056445698,0.9631852943554302,0.995,712.0349912088234,2500,5000
Multivariate region null,Anytime-valid,27039729,0.0456,0.0029502759192997527,0.039817459198172485,0.05138254080182752,0.995,712.0349912088234,2500,5000
Multivariate region null,Conventional,27039729,0.9576,0.0028496399772602854,0.9520147056445698,0.9631852943554302,0.995,712.0349912088234,2500,5000
Multivariate region null,Anytime-valid,27312168,0.0456,0.0029502759192997527,0.039817459198172485,0.05138254080182752,0.995,712.0349912088234,2500,5000
Multivariate region null,Conventional,27312168,0.9576,0.0028496399772602854,0.9520147056445698,0.9631852943554302,0.995,712.0349912088234,2500,5000
Multivariate region null,Anytime-valid,27587352,0.0456,0.0029502759192997527,0.039817459198172485,0.05138254080182752,0.995,712.0349912088234,2500,5000
Multivariate region null,Conventional,27587352,0.9576,0.0028496399772602854,0.9520147056445698,0.9631852943554302,0.995,712.0349912088234,2500,5000
Multivariate region null,Anytime-valid,27865308,0.0456,0.0029502759192997527,0.039817459198172485,0.05138254080182752,0.995,712.0349912088234,2500,5000
Multivariate region null,Conventional,27865308,0.9576,0.0028496399772602854,0.9520147056445698,0.9631852943554302,0.995,712.0349912088234,2500,5000
Multivariate region null,Anytime-valid,28146065,0.0456,0.0029502759192997527,0.039817459198172485,0.05138254080182752,0.995,712.0349912088234,2500,5000
Multivariate region null,Conventional,28146065,0.9576,0.0028496399772602854,0.9520147056445698,0.9631852943554302,0.995,712.0349912088234,2500,5000
Multivariate region null,Anytime-valid,28429651,0.0456,0.0029502759192997527,0.039817459198172485,0.05138254080182752,0.995,712.0349912088234,2500,5000
Multivariate region null,Conventional,28429651,0.9576,0.0028496399772602854,0.9520147056445698,0.9631852943554302,0.995,712.0349912088234,2500,5000
Multivariate region null,Anytime-valid,28716094,0.0456,0.0029502759192997527,0.039817459198172485,0.05138254080182752,0.995,712.0349912088234,2500,5000
Multivariate region null,Conventional,28716094,0.9576,0.0028496399772602854,0.9520147056445698,0.9631852943554302,0.995,712.0349912088234,2500,5000
Multivariate region null,Anytime-valid,29005423,0.0456,0.0029502759192997527,0.039817459198172485,0.05138254080182752,0.995,712.0349912088234,2500,5000
Multivariate region null,Conventional,29005423,0.9576,0.0028496399772602854,0.9520147056445698,0.9631852943554302,0.995,712.0349912088234,2500,5000
Multivariate region null,Anytime-valid,29297667,0.0456,0.0029502759192997527,0.039817459198172485,0.05138254080182752,0.995,712.0349912088234,2500,5000
Multivariate region null,Conventional,29297667,0.9576,0.0028496399772602854,0.9520147056445698,0.9631852943554302,0.995,712.0349912088234,2500,5000
Multivariate region null,Anytime-valid,29592856,0.0456,0.0029502759192997527,0.039817459198172485,0.05138254080182752,0.995,712.0349912088234,2500,5000
Multivariate region null,Conventional,29592856,0.9576,0.0028496399772602854,0.9520147056445698,0.9631852943554302,0.995,712.0349912088234,2500,5000
Multivariate region null,Anytime-valid,29891019,0.0456,0.0029502759192997527,0.039817459198172485,0.05138254080182752,0.995,712.0349912088234,2500,5000
Multivariate region null,Conventional,29891019,0.9576,0.0028496399772602854,0.9520147056445698,0.9631852943554302,0.995,712.0349912088234,2500,5000
Multivariate region null,Anytime-valid,30192186,0.0456,0.0029502759192997527,0.039817459198172485,0.05138254080182752,0.995,712.0349912088234,2500,5000
Multivariate region null,Conventional,30192186,0.9576,0.0028496399772602854,0.9520147056445698,0.9631852943554302,0.995,712.0349912088234,2500,5000
Multivariate region null,Anytime-valid,30496387,0.0456,0.0029502759192997527,0.039817459198172485,0.05138254080182752,0.995,712.0349912088234,2500,5000
Multivariate region null,Conventional,30496387,0.9576,0.0028496399772602854,0.9520147056445698,0.9631852943554302,0.995,712.0349912088234,2500,5000
Multivariate region null,Anytime-valid,30803654,0.0456,0.0029502759192997527,0.039817459198172485,0.05138254080182752,0.995,712.0349912088234,2500,5000
Multivariate region null,Conventional,30803654,0.9576,0.0028496399772602854,0.9520147056445698,0.9631852943554302,0.995,712.0349912088234,2500,5000
Multivariate region null,Anytime-valid,31114016,0.0456,0.0029502759192997527,0.039817459198172485,0.05138254080182752,0.995,712.0349912088234,2500,5000
Multivariate region null,Conventional,31114016,0.9576,0.0028496399772602854,0.9520147056445698,0.9631852943554302,0.995,712.0349912088234,2500,5000
Multivariate region null,Anytime-valid,31427506,0.0456,0.0029502759192997527,0.039817459198172485,0.05138254080182752,0.995,712.0349912088234,2500,5000
Multivariate region null,Conventional,31427506,0.9576,0.0028496399772602854,0.9520147056445698,0.9631852943554302,0.995,712.0349912088234,2500,5000
Multivariate region null,Anytime-valid,31744153,0.0456,0.0029502759192997527,0.039817459198172485,0.05138254080182752,0.995,712.0349912088234,2500,5000
Multivariate region null,Conventional,31744153,0.9576,0.0028496399772602854,0.9520147056445698,0.9631852943554302,0.995,712.0349912088234,2500,5000
Multivariate region null,Anytime-valid,32063992,0.0456,0.0029502759192997527,0.039817459198172485,0.05138254080182752,0.995,712.0349912088234,2500,5000
Multivariate region null,Conventional,32063992,0.9576,0.0028496399772602854,0.9520147056445698,0.9631852943554302,0.995,712.0349912088234,2500,5000
Multivariate region null,Anytime-valid,32387053,0.0456,0.0029502759192997527,0.039817459198172485,0.05138254080182752,0.995,712.0349912088234,2500,5000
Multivariate region null,Conventional,32387053,0.9576,0.0028496399772602854,0.9520147056445698,0.9631852943554302,0.995,712.0349912088234,2500,5000
Multivariate region null,Anytime-valid,32713368,0.0456,0.0029502759192997527,0.039817459198172485,0.05138254080182752,0.995,712.0349912088234,2500,5000
Multivariate region null,Conventional,32713368,0.958,0.002836758713743558,0.9524399529210625,0.9635600470789374,0.995,712.0349912088234,2500,5000
Multivariate region null,Anytime-valid,33042972,0.0456,0.0029502759192997527,0.039817459198172485,0.05138254080182752,0.995,712.0349912088234,2500,5000
Multivariate region null,Conventional,33042972,0.9582,0.0028302918577418814,0.952652627958826,0.9637473720411741,0.995,712.0349912088234,2500,5000
Multivariate region null,Anytime-valid,33375897,0.0456,0.0029502759192997527,0.039817459198172485,0.05138254080182752,0.995,712.0349912088234,2500,5000
Multivariate region null,Conventional,33375897,0.9582,0.0028302918577418814,0.952652627958826,0.9637473720411741,0.995,712.0349912088234,2500,5000
Multivariate region null,Anytime-valid,33712176,0.0456,0.0029502759192997527,0.039817459198172485,0.05138254080182752,0.995,712.0349912088234,2500,5000
Multivariate region null,Conventional,33712176,0.9582,0.0028302918577418814,0.952652627958826,0.9637473720411741,0.995,712.0349912088234,2500,5000
Multivariate region null,Anytime-valid,34051843,0.0456,0.0029502759192997527,0.039817459198172485,0.05138254080182752,0.995,712.0349912088234,2500,5000
Multivariate region null,Conventional,34051843,0.9584,0.0028238073588685176,0.9528653375766177,0.9639346624233823,0.995,712.0349912088234,2500,5000
Multivariate region null,Anytime-valid,34394932,0.0456,0.0029502759192997527,0.039817459198172485,0.05138254080182752,0.995,712.0349912088234,2500,5000
Multivariate region null,Conventional,34394932,0.9584,0.0028238073588685176,0.9528653375766177,0.9639346624233823,0.995,712.0349912088234,2500,5000
Multivariate region null,Anytime-valid,34741478,0.0456,0.0029502759192997527,0.039817459198172485,0.05138254080182752,0.995,712.0349912088234,2500,5000
Multivariate region null,Conventional,34741478,0.9588,0.0028107849437479207,0.9532908615102541,0.9643091384897459,0.995,712.0349912088234,2500,5000
Multivariate region null,Anytime-valid,35091516,0.0456,0.0029502759192997527,0.039817459198172485,0.05138254080182752,0.995,712.0349912088234,2500,5000
Multivariate region null,Conventional,35091516,0.9592,0.0027976904760891597,0.9537165266668653,0.9646834733331348,0.995,712.0349912088234,2500,5000
Multivariate region null,Anytime-valid,35445081,0.0456,0.0029502759192997527,0.039817459198172485,0.05138254080182752,0.995,712.0349912088234,2500,5000
Multivariate region null,Conventional,35445081,0.9592,0.0027976904760891597,0.9537165266668653,0.9646834733331348,0.995,712.0349912088234,2500,5000
Multivariate region null,Anytime-valid,35802208,0.0456,0.0029502759192997527,0.039817459198172485,0.05138254080182752,0.995,712.0349912088234,2500,5000
Multivariate region null,Conventional,35802208,0.9594,0.0027911159058699076,0.9539294128244951,0.964870587175505,0.995,712.0349912088234,2500,5000
Multivariate region null,Anytime-valid,36162933,0.0456,0.0029502759192997527,0.039817459198172485,0.05138254080182752,0.995,712.0349912088234,2500,5000
Multivariate region null,Conventional,36162933,0.9594,0.0027911159058699076,0.9539294128244951,0.964870587175505,0.995,712.0349912088234,2500,5000
Multivariate region null,Anytime-valid,36527293,0.0456,0.0029502759192997527,0.039817459198172485,0.05138254080182752,0.995,712.0349912088234,2500,5000
Multivariate region null,Conventional,36527293,0.9594,0.0027911159058699076,0.9539294128244951,0.964870587175505,0.995,712.0349912088234,2500,5000
Multivariate region null,Anytime-valid,36895324,0.0456,0.0029502759192997527,0.039817459198172485,0.05138254080182752,0.995,712.0349912088234,2500,5000
Multivariate region null,Conventional,36895324,0.9594,0.0027911159058699076,0.9539294128244951,0.964870587175505,0.995,712.0349912088234,2500,5000
Multivariate region null,Anytime-valid,37267063,0.0456,0.0029502759192997527,0.039817459198172485,0.05138254080182752,0.995,712.0349912088234,2500,5000
Multivariate region null,Conventional,37267063,0.9594,0.0027911159058699076,0.9539294128244951,0.964870587175505,0.995,712.0349912088234,2500,5000
Multivariate region null,Anytime-valid,37642547,0.0456,0.0029502759192997527,0.039817459198172485,0.05138254080182752,0.995,712.0349912088234,2500,5000
Multivariate region null,Conventional,37642547,0.9594,0.0027911159058699076,0.9539294128244951,0.964870587175505,0.995,712.0349912088234,2500,5000
Multivariate region null,Anytime-valid,38021815,0.0456,0.0029502759192997527,0.039817459198172485,0.05138254080182752,0.995,712.0349912088234,2500,5000
Multivariate region null,Conventional,38021815,0.9596,0.0027845229393919525,0.9541423350387918,0.9650576649612083,0.995,712.0349912088234,2500,5000
Multivariate region null,Anytime-valid,38404904,0.0456,0.0029502759192997527,0.039817459198172485,0.05138254080182752,0.995,712.0349912088234,2500,5000
Multivariate region null,Conventional,38404904,0.9596,0.0027845229393919525,0.9541423350387918,0.9650576649612083,0.995,712.0349912088234,2500,5000
Multivariate region null,Anytime-valid,38791853,0.0456,0.0029502759192997527,0.039817459198172485,0.05138254080182752,0.995,712.0349912088234,2500,5000
Multivariate region null,Conventional,38791853,0.9598,0.0027779114456728104,0.9543552935664813,0.9652447064335187,0.995,712.0349912088234,2500,5000
Multivariate region null,Anytime-valid,39182700,0.0456,0.0029502759192997527,0.039817459198172485,0.05138254080182752,0.995,712.0349912088234,2500,5000
Multivariate region null,Conventional,39182700,0.9598,0.0027779114456728104,0.9543552935664813,0.9652447064335187,0.995,712.0349912088234,2500,5000
Multivariate region null,Anytime-valid,39577485,0.0456,0.0029502759192997527,0.039817459198172485,0.05138254080182752,0.995,712.0349912088234,2500,5000
Multivariate region null,Conventional,39577485,0.9598,0.0027779114456728104,0.9543552935664813,0.9652447064335187,0.995,712.0349912088234,2500,5000
Multivariate region null,Anytime-valid,39976248,0.0456,0.0029502759192997527,0.039817459198172485,0.05138254080182752,0.995,712.0349912088234,2500,5000
Multivariate region null,Conventional,39976248,0.9598,0.0027779114456728104,0.9543552935664813,0.9652447064335187,0.995,712.0349912088234,2500,5000
Multivariate region null,Anytime-valid,40379029,0.0456,0.0029502759192997527,0.039817459198172485,0.05138254080182752,0.995,712.0349912088234,2500,5000
Multivariate region null,Conventional,40379029,0.9598,0.0027779114456728104,0.9543552935664813,0.9652447064335187,0.995,712.0349912088234,2500,5000
Multivariate region null,Anytime-valid,40785868,0.0456,0.0029502759192997527,0.039817459198172485,0.05138254080182752,0.995,712.0349912088234,2500,5000
Multivariate region null,Conventional,40785868,0.96,0.002771281292110205,0.954568288667464,0.9654317113325359,0.995,712.0349912088234,2500,5000
Multivariate region null,Anytime-valid,41196806,0.0456,0.0029502759192997527,0.039817459198172485,0.05138254080182752,0.995,712.0349912088234,2500,5000
Multivariate region null,Conventional,41196806,0.96,0.002771281292110205,0.954568288667464,0.9654317113325359,0.995,712.0349912088234,2500,5000
Multivariate region null,Anytime-valid,41611885,0.0456,0.0029502759192997527,0.039817459198172485,0.05138254080182752,0.995,712.0349912088234,2500,5000
Multivariate region null,Conventional,41611885,0.96,0.002771281292110205,0.954568288667464,0.9654317113325359,0.995,712.0349912088234,2500,5000
Multivariate region null,Anytime-valid,42031146,0.0456,0.0029502759192997527,0.039817459198172485,0.05138254080182752,0.995,712.0349912088234,2500,5000
Multivariate region null,Conventional,42031146,0.96,0.002771281292110205,0.954568288667464,0.9654317113325359,0.995,712.0349912088234,2500,5000
Multivariate region null,Anytime-valid,42454631,0.0456,0.0029502759192997527,0.039817459198172485,0.05138254080182752,0.995,712.0349912088234,2500,5000
Multivariate region null,Conventional,42454631,0.9602,0.0027646323444537775,0.9547813206048706,0.9656186793951295,0.995,712.0349912088234,2500,5000
Multivariate region null,Anytime-valid,42882382,0.0456,0.0029502759192997527,0.039817459198172485,0.05138254080182752,0.995,712.0349912088234,2500,5000
Multivariate region null,Conventional,42882382,0.9602,0.0027646323444537775,0.9547813206048706,0.9656186793951295,0.995,712.0349912088234,2500,5000
Multivariate region null,Anytime-valid,43314444,0.0456,0.0029502759192997527,0.039817459198172485,0.05138254080182752,0.995,712.0349912088234,2500,5000
Multivariate region null,Conventional,43314444,0.9602,0.0027646323444537775,0.9547813206048706,0.9656186793951295,0.995,712.0349912088234,2500,5000
Multivariate region null,Anytime-valid,43750859,0.0456,0.0029502759192997527,0.039817459198172485,0.05138254080182752,0.995,712.0349912088234,2500,5000
Multivariate region null,Conventional,43750859,0.9602,0.0027646323444537775,0.9547813206048706,0.9656186793951295,0.995,712.0349912088234,2500,5000
Multivariate region null,Anytime-valid,44191671,0.0456,0.0029502759192997527,0.039817459198172485,0.05138254080182752,0.995,712.0349912088234,2500,5000
Multivariate region null,Conventional,44191671,0.9602,0.0027646323444537775,0.9547813206048706,0.9656186793951295,0.995,712.0349912088234,2500,5000
Multivariate region null,Anytime-valid,44636924,0.0456,0.0029502759192997527,0.039817459198172485,0.05138254080182752,0.995,712.0349912088234,2500,5000
Multivariate region null,Conventional,44636924,0.9602,0.0027646323444537775,0.9547813206048706,0.9656186793951295,0.995,712.0349912088234,2500,5000
Multivariate region null,Anytime-valid,45086664,0.0456,0.0029502759192997527,0.039817459198172485,0.05138254080182752,0.995,712.0349912088234,2500,5000
Multivariate region null,Conventional,45086664,0.9602,0.0027646323444537775,0.9547813206048706,0.9656186793951295,0.995,712.0349912088234,2500,5000
Multivariate region null,Anytime-valid,45540934,0.0456,0.0029502759192997527,0.039817459198172485,0.05138254080182752,0.995,712.0349912088234,2500,5000
Multivariate region null,Conventional,45540934,0.9602,0.0027646323444537775,0.9547813206048706,0.9656186793951295,0.995,712.0349912088234,2500,5000
Multivariate region null,Anytime-valid,45999782,0.0456,0.0029502759192997527,0.039817459198172485,0.05138254080182752,0.995,712.0349912088234,2500,5000
Multivariate region null,Conventional,45999782,0.9604,0.0027579644667761753,0.9549943896451187,0.9658056103548813,0.995,712.0349912088234,2500,5000
Multivariate region null,Anytime-valid,46463253,0.0456,0.0029502759192997527,0.039817459198172485,0.05138254080182752,0.995,712.0349912088234,2500,5000
Multivariate region null,Conventional,46463253,0.9604,0.0027579644667761753,0.9549943896451187,0.9658056103548813,0.995,712.0349912088234,2500,5000
Multivariate region null,Anytime-valid,46931394,0.0456,0.0029502759192997527,0.039817459198172485,0.05138254080182752,0.995,712.0349912088234,2500,5000
Multivariate region null,Conventional,46931394,0.9604,0.0027579644667761753,0.9549943896451187,0.9658056103548813,0.995,712.0349912088234,2500,5000
Multivariate region null,Anytime-valid,47404251,0.0456,0.0029502759192997527,0.039817459198172485,0.05138254080182752,0.995,712.0349912088234,2500,5000
Multivariate region null,Conventional,47404251,0.9604,0.0027579644667761753,0.9549943896451187,0.9658056103548813,0.995,712.0349912088234,2500,5000
Multivariate region null,Anytime-valid,47881873,0.0456,0.0029502759192997527,0.039817459198172485,0.05138254080182752,0.995,712.0349912088234,2500,5000
Multivariate region null,Conventional,47881873,0.9604,0.0027579644667761753,0.9549943896451187,0.9658056103548813,0.995,712.0349912088234,2500,5000
Multivariate region null,Anytime-valid,48364307,0.0456,0.0029502759192997527,0.039817459198172485,0.05138254080182752,0.995,712.0349912088234,2500,5000
Multivariate region null,Conventional,48364307,0.9604,0.0027579644667761753,0.9549943896451187,0.9658056103548813,0.995,712.0349912088234,2500,5000
Multivariate region null,Anytime-valid,48851602,0.0456,0.0029502759192997527,0.039817459198172485,0.05138254080182752,0.995,712.0349912088234,2500,5000
Multivariate region null,Conventional,48851602,0.9606,0.002751277521443447,0.9552074960579708,0.9659925039420292,0.995,712.0349912088234,2500,5000
Multivariate region null,Anytime-valid,49343806,0.0456,0.0029502759192997527,0.039817459198172485,0.05138254080182752,0.995,712.0349912088234,2500,5000
Multivariate region null,Conventional,49343806,0.9606,0.002751277521443447,0.9552074960579708,0.9659925039420292,0.995,712.0349912088234,2500,5000
Multivariate region null,Anytime-valid,49840970,0.0456,0.0029502759192997527,0.039817459198172485,0.05138254080182752,0.995,712.0349912088234,2500,5000
Multivariate region null,Conventional,49840970,0.9608,0.0027445713690847982,0.9554206401165938,0.9661793598834062,0.995,712.0349912088234,2500,5000
Multivariate region null,Anytime-valid,50343143,0.0456,0.0029502759192997527,0.039817459198172485,0.05138254080182752,0.995,712.0349912088234,2500,5000
Multivariate region null,Conventional,50343143,0.961,0.0027378458685616337,0.9556338220976192,0.9663661779023808,0.995,712.0349912088234,2500,5000
Multivariate region null,Anytime-valid,50850375,0.0456,0.0029502759192997527,0.039817459198172485,0.05138254080182752,0.995,712.0349912088234,2500,5000
Multivariate region null,Conventional,50850375,0.9612,0.0027311008769358904,0.9558470422812058,0.9665529577187943,0.995,712.0349912088234,2500,5000
Multivariate region null,Anytime-valid,51362718,0.0456,0.0029502759192997527,0.039817459198172485,0.05138254080182752,0.995,712.0349912088234,2500,5000
Multivariate region null,Conventional,51362718,0.9616,0.0027175518394319544,0.9562735983947134,0.9669264016052866,0.995,712.0349912088234,2500,5000
Multivariate region null,Anytime-valid,51880223,0.0456,0.0029502759192997527,0.039817459198172485,0.05138254080182752,0.995,712.0349912088234,2500,5000
Multivariate region null,Conventional,51880223,0.9616,0.0027175518394319544,0.9562735983947134,0.9669264016052866,0.995,712.0349912088234,2500,5000
Multivariate region null,Anytime-valid,52402943,0.0456,0.0029502759192997527,0.039817459198172485,0.05138254080182752,0.995,712.0349912088234,2500,5000
Multivariate region null,Conventional,52402943,0.9616,0.0027175518394319544,0.9562735983947134,0.9669264016052866,0.995,712.0349912088234,2500,5000
Multivariate region null,Anytime-valid,52930929,0.0456,0.0029502759192997527,0.039817459198172485,0.05138254080182752,0.995,712.0349912088234,2500,5000
Multivariate region null,Conventional,52930929,0.9616,0.0027175518394319544,0.9562735983947134,0.9669264016052866,0.995,712.0349912088234,2500,5000
Multivariate region null,Anytime-valid,53464234,0.0456,0.0029502759192997527,0.039817459198172485,0.05138254080182752,0.995,712.0349912088234,2500,5000
Multivariate region null,Conventional,53464234,0.9616,0.0027175518394319544,0.9562735983947134,0.9669264016052866,0.995,712.0349912088234,2500,5000
Multivariate region null,Anytime-valid,54002914,0.0456,0.0029502759192997527,0.039817459198172485,0.05138254080182752,0.995,712.0349912088234,2500,5000
Multivariate region null,Conventional,54002914,0.9616,0.0027175518394319544,0.9562735983947134,0.9669264016052866,0.995,712.0349912088234,2500,5000
Multivariate region null,Anytime-valid,54547020,0.0456,0.0029502759192997527,0.039817459198172485,0.05138254080182752,0.995,712.0349912088234,2500,5000
Multivariate region null,Conventional,54547020,0.9616,0.0027175518394319544,0.9562735983947134,0.9669264016052866,0.995,712.0349912088234,2500,5000
Multivariate region null,Anytime-valid,55096609,0.0456,0.0029502759192997527,0.039817459198172485,0.05138254080182752,0.995,712.0349912088234,2500,5000
Multivariate region null,Conventional,55096609,0.9616,0.0027175518394319544,0.9562735983947134,0.9669264016052866,0.995,712.0349912088234,2500,5000
Multivariate region null,Anytime-valid,55651735,0.0456,0.0029502759192997527,0.039817459198172485,0.05138254080182752,0.995,712.0349912088234,2500,5000
Multivariate region null,Conventional,55651735,0.9616,0.0027175518394319544,0.9562735983947134,0.9669264016052866,0.995,712.0349912088234,2500,5000
Multivariate region null,Anytime-valid,56212454,0.0456,0.0029502759192997527,0.039817459198172485,0.05138254080182752,0.995,712.0349912088234,2500,5000
Multivariate region null,Conventional,56212454,0.9616,0.0027175518394319544,0.9562735983947134,0.9669264016052866,0.995,712.0349912088234,2500,5000
Multivariate region null,Anytime-valid,56778823,0.0456,0.0029502759192997527,0.039817459198172485,0.05138254080182752,0.995,712.0349912088234,2500,5000
Multivariate region null,Conventional,56778823,0.9616,0.0027175518394319544,0.9562735983947134,0.9669264016052866,0.995,712.0349912088234,2500,5000
Multivariate region null,Anytime-valid,57350898,0.0456,0.0029502759192997527,0.039817459198172485,0.05138254080182752,0.995,712.0349912088234,2500,5000
Multivariate region null,Conventional,57350898,0.9616,0.0027175518394319544,0.9562735983947134,0.9669264016052866,0.995,712.0349912088234,2500,5000
Multivariate region null,Anytime-valid,57928737,0.0456,0.0029502759192997527,0.039817459198172485,0.05138254080182752,0.995,712.0349912088234,2500,5000
Multivariate region null,Conventional,57928737,0.9616,0.0027175518394319544,0.9562735983947134,0.9669264016052866,0.995,712.0349912088234,2500,5000
Multivariate region null,Anytime-valid,58512398,0.0456,0.0029502759192997527,0.039817459198172485,0.05138254080182752,0.995,712.0349912088234,2500,5000
Multivariate region null,Conventional,58512398,0.9616,0.0027175518394319544,0.9562735983947134,0.9669264016052866,0.995,712.0349912088234,2500,5000
Multivariate region null,Anytime-valid,59101940,0.0456,0.0029502759192997527,0.039817459198172485,0.05138254080182752,0.995,712.0349912088234,2500,5000
Multivariate region null,Conventional,59101940,0.9618,0.002710747498384902,0.9564869349031656,0.9671130650968344,0.995,712.0349912088234,2500,5000
Multivariate region null,Anytime-valid,59697422,0.0456,0.0029502759192997527,0.039817459198172485,0.05138254080182752,0.995,712.0349912088234,2500,5000
Multivariate region null,Conventional,59697422,0.9618,0.002710747498384902,0.9564869349031656,0.9671130650968344,0.995,712.0349912088234,2500,5000
Multivariate region null,Anytime-valid,60298903,0.0456,0.0029502759192997527,0.039817459198172485,0.05138254080182752,0.995,712.0349912088234,2500,5000
Multivariate region null,Conventional,60298903,0.9618,0.002710747498384902,0.9564869349031656,0.9671130650968344,0.995,712.0349912088234,2500,5000
Multivariate region null,Anytime-valid,60906445,0.0456,0.0029502759192997527,0.039817459198172485,0.05138254080182752,0.995,712.0349912088234,2500,5000
Multivariate region null,Conventional,60906445,0.9618,0.002710747498384902,0.9564869349031656,0.9671130650968344,0.995,712.0349912088234,2500,5000
Multivariate region null,Anytime-valid,61520108,0.0456,0.0029502759192997527,0.039817459198172485,0.05138254080182752,0.995,712.0349912088234,2500,5000
Multivariate region null,Conventional,61520108,0.9618,0.002710747498384902,0.9564869349031656,0.9671130650968344,0.995,712.0349912088234,2500,5000
Multivariate region null,Anytime-valid,62139954,0.0456,0.0029502759192997527,0.039817459198172485,0.05138254080182752,0.995,712.0349912088234,2500,5000
Multivariate region null,Conventional,62139954,0.9618,0.002710747498384902,0.9564869349031656,0.9671130650968344,0.995,712.0349912088234,2500,5000
Multivariate region null,Anytime-valid,62766046,0.0456,0.0029502759192997527,0.039817459198172485,0.05138254080182752,0.995,712.0349912088234,2500,5000
Multivariate region null,Conventional,62766046,0.962,0.0027039230758288974,0.9567003107713753,0.9672996892286246,0.995,712.0349912088234,2500,5000
Multivariate region null,Anytime-valid,63398445,0.0456,0.0029502759192997527,0.039817459198172485,0.05138254080182752,0.995,712.0349912088234,2500,5000
Multivariate region null,Conventional,63398445,0.962,0.0027039230758288974,0.9567003107713753,0.9672996892286246,0.995,712.0349912088234,2500,5000
Multivariate region null,Anytime-valid,64037216,0.0456,0.0029502759192997527,0.039817459198172485,0.05138254080182752,0.995,712.0349912088234,2500,5000
Multivariate region null,Conventional,64037216,0.962,0.0027039230758288974,0.9567003107713753,0.9672996892286246,0.995,712.0349912088234,2500,5000
Multivariate region null,Anytime-valid,64682424,0.0456,0.0029502759192997527,0.039817459198172485,0.05138254080182752,0.995,712.0349912088234,2500,5000
Multivariate region null,Conventional,64682424,0.962,0.0027039230758288974,0.9567003107713753,0.9672996892286246,0.995,712.0349912088234,2500,5000
Multivariate region null,Anytime-valid,65334132,0.0456,0.0029502759192997527,0.039817459198172485,0.05138254080182752,0.995,712.0349912088234,2500,5000
Multivariate region null,Conventional,65334132,0.962,0.0027039230758288974,0.9567003107713753,0.9672996892286246,0.995,712.0349912088234,2500,5000
Multivariate region null,Anytime-valid,65992406,0.0456,0.0029502759192997527,0.039817459198172485,0.05138254080182752,0.995,712.0349912088234,2500,5000
Multivariate region null,Conventional,65992406,0.9622,0.002697078419327104,0.9569137262981189,0.9674862737018812,0.995,712.0349912088234,2500,5000
Multivariate region null,Anytime-valid,66657313,0.0456,0.0029502759192997527,0.039817459198172485,0.05138254080182752,0.995,712.0349912088234,2500,5000
Multivariate region null,Conventional,66657313,0.9622,0.002697078419327104,0.9569137262981189,0.9674862737018812,0.995,712.0349912088234,2500,5000
Multivariate region null,Anytime-valid,67328918,0.0456,0.0029502759192997527,0.039817459198172485,0.05138254080182752,0.995,712.0349912088234,2500,5000
Multivariate region null,Conventional,67328918,0.9622,0.002697078419327104,0.9569137262981189,0.9674862737018812,0.995,712.0349912088234,2500,5000
Multivariate region null,Anytime-valid,68007291,0.0456,0.0029502759192997527,0.039817459198172485,0.05138254080182752,0.995,712.0349912088234,2500,5000
Multivariate region null,Conventional,68007291,0.9622,0.002697078419327104,0.9569137262981189,0.9674862737018812,0.995,712.0349912088234,2500,5000
Multivariate region null,Anytime-valid,68692499,0.0456,0.0029502759192997527,0.039817459198172485,0.05138254080182752,0.995,712.0349912088234,2500,5000
Multivariate region null,Conventional,68692499,0.9622,0.002697078419327104,0.9569137262981189,0.9674862737018812,0.995,712.0349912088234,2500,5000
Multivariate region null,Anytime-valid,69384610,0.0456,0.0029502759192997527,0.039817459198172485,0.05138254080182752,0.995,712.0349912088234,2500,5000
Multivariate region null,Conventional,69384610,0.9622,0.002697078419327104,0.9569137262981189,0.9674862737018812,0.995,712.0349912088234,2500,5000
Multivariate region null,Anytime-valid,70083695,0.0456,0.0029502759192997527,0.039817459198172485,0.05138254080182752,0.995,712.0349912088234,2500,5000
Multivariate region null,Conventional,70083695,0.9626,0.002683327784673352,0.9573406775420402,0.9678593224579598,0.995,712.0349912088234,2500,5000
Multivariate region null,Anytime-valid,70789824,0.0456,0.0029502759192997527,0.039817459198172485,0.05138254080182752,0.995,712.0349912088234,2500,5000
Multivariate region null,Conventional,70789824,0.9628,0.0026764214914695335,0.9575542138767197,0.9680457861232803,0.995,712.0349912088234,2500,5000
Multivariate region null,Anytime-valid,71503067,0.0456,0.0029502759192997527,0.039817459198172485,0.05138254080182752,0.995,712.0349912088234,2500,5000
Multivariate region null,Conventional,71503067,0.9632,0.0026625461498347796,0.9579814095463238,0.9684185904536761,0.995,712.0349912088234,2500,5000
Multivariate region null,Anytime-valid,72223496,0.0456,0.0029502759192997527,0.039817459198172485,0.05138254080182752,0.995,712.0349912088234,2500,5000
Multivariate region null,Conventional,72223496,0.9634,0.0026555767735089103,0.9581950695239225,0.9686049304760775,0.995,712.0349912088234,2500,5000
Multivariate region null,Anytime-valid,72951184,0.0456,0.0029502759192997527,0.039817459198172485,0.05138254080182752,0.995,712.0349912088234,2500,5000
Multivariate region null,Conventional,72951184,0.9634,0.0026555767735089103,0.9581950695239225,0.9686049304760775,0.995,712.0349912088234,2500,5000
Multivariate region null,Anytime-valid,73686204,0.0456,0.0029502759192997527,0.039817459198172485,0.05138254080182752,0.995,712.0349912088234,2500,5000
Multivariate region null,Conventional,73686204,0.9634,0.0026555767735089103,0.9581950695239225,0.9686049304760775,0.995,712.0349912088234,2500,5000
Multivariate region null,Anytime-valid,74428630,0.0456,0.0029502759192997527,0.039817459198172485,0.05138254080182752,0.995,712.0349912088234,2500,5000
Multivariate region null,Conventional,74428630,0.9636,0.0026485860378700175,0.9584087713657747,0.9687912286342253,0.995,712.0349912088234,2500,5000
Multivariate region null,Anytime-valid,75178536,0.0456,0.0029502759192997527,0.039817459198172485,0.05138254080182752,0.995,712.0349912088234,2500,5000
Multivariate region null,Conventional,75178536,0.9636,0.0026485860378700175,0.9584087713657747,0.9687912286342253,0.995,712.0349912088234,2500,5000
Multivariate region null,Anytime-valid,75935997,0.0456,0.0029502759192997527,0.039817459198172485,0.05138254080182752,0.995,712.0349912088234,2500,5000
Multivariate region null,Conventional,75935997,0.9636,0.0026485860378700175,0.9584087713657747,0.9687912286342253,0.995,712.0349912088234,2500,5000
Multivariate region null,Anytime-valid,76701091,0.0456,0.0029502759192997527,0.039817459198172485,0.05138254080182752,0.995,712.0349912088234,2500,5000
Multivariate region null,Conventional,76701091,0.9636,0.0026485860378700175,0.9584087713657747,0.9687912286342253,0.995,712.0349912088234,2500,5000
Multivariate region null,Anytime-valid,77473893,0.0456,0.0029502759192997527,0.039817459198172485,0.05138254080182752,0.995,712.0349912088234,2500,5000
Multivariate region null,Conventional,77473893,0.9636,0.0026485860378700175,0.9584087713657747,0.9687912286342253,0.995,712.0349912088234,2500,5000
Multivariate region null,Anytime-valid,78254481,0.0456,0.0029502759192997527,0.039817459198172485,0.05138254080182752,0.995,712.0349912088234,2500,5000
Multivariate region null,Conventional,78254481,0.9636,0.0026485860378700175,0.9584087713657747,0.9687912286342253,0.995,712.0349912088234,2500,5000
Multivariate region null,Anytime-valid,79042934,0.0456,0.0029502759192997527,0.039817459198172485,0.05138254080182752,0.995,712.0349912088234,2500,5000
Multivariate region null,Conventional,79042934,0.9636,0.0026485860378700175,0.9584087713657747,0.9687912286342253,0.995,712.0349912088234,2500,5000
Multivariate region null,Anytime-valid,79839332,0.0456,0.0029502759192997527,0.039817459198172485,0.05138254080182752,0.995,712.0349912088234,2500,5000
Multivariate region null,Conventional,79839332,0.9638,0.0026415737733404307,0.9586225154042527,0.9689774845957473,0.995,712.0349912088234,2500,5000
Multivariate region null,Anytime-valid,80643753,0.0456,0.0029502759192997527,0.039817459198172485,0.05138254080182752,0.995,712.0349912088234,2500,5000
Multivariate region null,Conventional,80643753,0.9638,0.0026415737733404307,0.9586225154042527,0.9689774845957473,0.995,712.0349912088234,2500,5000
Multivariate region null,Anytime-valid,81456280,0.0456,0.0029502759192997527,0.039817459198172485,0.05138254080182752,0.995,712.0349912088234,2500,5000
Multivariate region null,Conventional,81456280,0.9638,0.0026415737733404307,0.9586225154042527,0.9689774845957473,0.995,712.0349912088234,2500,5000
Multivariate region null,Anytime-valid,82276993,0.0456,0.0029502759192997527,0.039817459198172485,0.05138254080182752,0.995,712.0349912088234,2500,5000
Multivariate region null,Conventional,82276993,0.9638,0.0026415737733404307,0.9586225154042527,0.9689774845957473,0.995,712.0349912088234,2500,5000
Multivariate region null,Anytime-valid,83105975,0.0456,0.0029502759192997527,0.039817459198172485,0.05138254080182752,0.995,712.0349912088234,2500,5000
Multivariate region null,Conventional,83105975,0.9638,0.0026415737733404307,0.9586225154042527,0.9689774845957473,0.995,712.0349912088234,2500,5000
Multivariate region null,Anytime-valid,83943309,0.0456,0.0029502759192997527,0.039817459198172485,0.05138254080182752,0.995,712.0349912088234,2500,5000
Multivariate region null,Conventional,83943309,0.9638,0.0026415737733404307,0.9586225154042527,0.9689774845957473,0.995,712.0349912088234,2500,5000
Multivariate region null,Anytime-valid,84789080,0.0456,0.0029502759192997527,0.039817459198172485,0.05138254080182752,0.995,712.0349912088234,2500,5000
Multivariate region null,Conventional,84789080,0.964,0.002634539808012019,0.9588363019762964,0.9691636980237035,0.995,712.0349912088234,2500,5000
Multivariate region null,Anytime-valid,85643373,0.0456,0.0029502759192997527,0.039817459198172485,0.05138254080182752,0.995,712.0349912088234,2500,5000
Multivariate region null,Conventional,85643373,0.964,0.002634539808012019,0.9588363019762964,0.9691636980237035,0.995,712.0349912088234,2500,5000
Multivariate region null,Anytime-valid,86506273,0.0456,0.0029502759192997527,0.039817459198172485,0.05138254080182752,0.995,712.0349912088234,2500,5000
Multivariate region null,Conventional,86506273,0.964,0.002634539808012019,0.9588363019762964,0.9691636980237035,0.995,712.0349912088234,2500,5000
Multivariate region null,Anytime-valid,87377867,0.0456,0.0029502759192997527,0.039817459198172485,0.05138254080182752,0.995,712.0349912088234,2500,5000
Multivariate region null,Conventional,87377867,0.964,0.002634539808012019,0.9588363019762964,0.9691636980237035,0.995,712.0349912088234,2500,5000
Multivariate region null,Anytime-valid,88258243,0.0456,0.0029502759192997527,0.039817459198172485,0.05138254080182752,0.995,712.0349912088234,2500,5000
Multivariate region null,Conventional,88258243,0.964,0.002634539808012019,0.9588363019762964,0.9691636980237035,0.995,712.0349912088234,2500,5000
Multivariate region null,Anytime-valid,89147489,0.0456,0.0029502759192997527,0.039817459198172485,0.05138254080182752,0.995,712.0349912088234,2500,5000
Multivariate region null,Conventional,89147489,0.964,0.002634539808012019,0.9588363019762964,0.9691636980237035,0.995,712.0349912088234,2500,5000
Multivariate region null,Anytime-valid,90045695,0.0456,0.0029502759192997527,0.039817459198172485,0.05138254080182752,0.995,712.0349912088234,2500,5000
Multivariate region null,Conventional,90045695,0.964,0.002634539808012019,0.9588363019762964,0.9691636980237035,0.995,712.0349912088234,2500,5000
Multivariate region null,Anytime-valid,90952951,0.0456,0.0029502759192997527,0.039817459198172485,0.05138254080182752,0.995,712.0349912088234,2500,5000
Multivariate region null,Conventional,90952951,0.964,0.002634539808012019,0.9588363019762964,0.9691636980237035,0.995,712.0349912088234,2500,5000
Multivariate region null,Anytime-valid,91869348,0.0456,0.0029502759192997527,0.039817459198172485,0.05138254080182752,0.995,712.0349912088234,2500,5000
Multivariate region null,Conventional,91869348,0.9644,0.0026204060754012907,0.9592640040922135,0.9695359959077866,0.995,712.0349912088234,2500,5000
Multivariate region null,Anytime-valid,92794977,0.0456,0.0029502759192997527,0.039817459198172485,0.05138254080182752,0.995,712.0349912088234,2500,5000
Multivariate region null,Conventional,92794977,0.9644,0.0026204060754012907,0.9592640040922135,0.9695359959077866,0.995,712.0349912088234,2500,5000
Multivariate region null,Anytime-valid,93729934,0.0456,0.0029502759192997527,0.039817459198172485,0.05138254080182752,0.995,712.0349912088234,2500,5000
Multivariate region null,Conventional,93729934,0.9646,0.00261330595223751,0.9594779203336145,0.9697220796663856,0.995,712.0349912088234,2500,5000
Multivariate region null,Anytime-valid,94674310,0.0456,0.0029502759192997527,0.039817459198172485,0.05138254080182752,0.995,712.0349912088234,2500,5000
Multivariate region null,Conventional,94674310,0.9646,0.00261330595223751,0.9594779203336145,0.9697220796663856,0.995,712.0349912088234,2500,5000
Multivariate region null,Anytime-valid,95628201,0.0456,0.0029502759192997527,0.039817459198172485,0.05138254080182752,0.995,712.0349912088234,2500,5000
Multivariate region null,Conventional,95628201,0.9646,0.00261330595223751,0.9594779203336145,0.9697220796663856,0.995,712.0349912088234,2500,5000
Multivariate region null,Anytime-valid,96591703,0.0456,0.0029502759192997527,0.039817459198172485,0.05138254080182752,0.995,712.0349912088234,2500,5000
Multivariate region null,Conventional,96591703,0.9646,0.00261330595223751,0.9594779203336145,0.9697220796663856,0.995,712.0349912088234,2500,5000
Multivariate region null,Anytime-valid,97564913,0.0456,0.0029502759192997527,0.039817459198172485,0.05138254080182752,0.995,712.0349912088234,2500,5000
Multivariate region null,Conventional,97564913,0.9646,0.00261330595223751,0.9594779203336145,0.9697220796663856,0.995,712.0349912088234,2500,5000
Multivariate region null,Anytime-valid,98547929,0.0456,0.0029502759192997527,0.039817459198172485,0.05138254080182752,0.995,712.0349912088234,2500,5000
Multivariate region null,Conventional,98547929,0.9646,0.00261330595223751,0.9594779203336145,0.9697220796663856,0.995,712.0349912088234,2500,5000
Multivariate region null,Anytime-valid,99540849,0.0456,0.0029502759192997527,0.039817459198172485,0.05138254080182752,0.995,712.0349912088234,2500,5000
Multivariate region null,Conventional,99540849,0.9646,0.00261330595223751,0.9594779203336145,0.9697220796663856,0.995,712.0349912088234,2500,5000
Multivariate region null,Anytime-valid,100000000,0.0456,0.0029502759192997527,0.039817459198172485,0.05138254080182752,0.995,712.0349912088234,2500,5000
Multivariate region null,Conventional,100000000,0.9646,0.00261330595223751,0.9594779203336145,0.9697220796663856,0.995,712.0349912088234,2500,5000
