Test,Method,G,p_false_positive,se,ci_low,ci_high,rho,lambda,calibration_G,n_sim
Scalar region null,Anytime-valid,5,0,0,0,0,0.995,303.8730841675049,2500,5000
Scalar region null,Conventional,5,0.1282,0.004727890861684521,0.11893333391109835,0.13746666608890168,0.995,303.8730841675049,2500,5000
Scalar region null,Anytime-valid,6,0,0,0,0,0.995,303.8730841675049,2500,5000
Scalar region null,Conventional,6,0.152,0.005077322128839178,0.1420484486274752,0.1619515513725248,0.995,303.8730841675049,2500,5000
Scalar region null,Anytime-valid,7,0,0,0,0,0.995,303.8730841675049,2500,5000
Scalar region null,Conventional,7,0.1694,0.005304783501708623,0.1590026243366511,0.17979737566334889,0.995,303.8730841675049,2500,5000
Scalar region null,Anytime-valid,8,0,0,0,0,0.995,303.8730841675049,2500,5000
Scalar region null,Conventional,8,0.184,0.0054798540126539865,0.17325948613519818,0.19474051386480182,0.995,303.8730841675049,2500,5000
Scalar region null,Anytime-valid,9,0,0,0,0,0.995,303.8730841675049,2500,5000
Scalar region null,Conventional,9,0.1986,0.0056419507264775,0.1875417765761041,0.2096582234238959,0.995,303.8730841675049,2500,5000
Scalar region null,Anytime-valid,10,0,0,0,0,0.995,303.8730841675049,2500,5000
Scalar region null,Conventional,10,0.2094,0.005754157453528709,0.19812185139108374,0.22067814860891627,0.995,303.8730841675049,2500,5000
Scalar region null,Anytime-valid,11,0,0,0,0,0.995,303.8730841675049,2500,5000
Scalar region null,Conventional,11,0.2174,0.00583330506659818,0.2059667220694676,0.22883327793053243,0.995,303.8730841675049,2500,5000
Scalar region null,Anytime-valid,12,0,0,0,0,0.995,303.8730841675049,2500,5000
Scalar region null,Conventional,12,0.2248,0.005903642265584865,0.21322886115945366,0.23637113884054634,0.995,303.8730841675049,2500,5000
Scalar region null,Anytime-valid,13,0,0,0,0,0.995,303.8730841675049,2500,5000
Scalar region null,Conventional,13,0.2322,0.005971317442574963,0.22049621781255307,0.2439037821874469,0.995,303.8730841675049,2500,5000
Scalar region null,Anytime-valid,14,0,0,0,0,0.995,303.8730841675049,2500,5000
Scalar region null,Conventional,14,0.2392,0.006032965439980574,0.22737538773763807,0.25102461226236195,0.995,303.8730841675049,2500,5000
Scalar region null,Anytime-valid,15,0,0,0,0,0.995,303.8730841675049,2500,5000
Scalar region null,Conventional,15,0.2444,0.006077312563954565,0.23248846737464907,0.25631153262535095,0.995,303.8730841675049,2500,5000
Scalar region null,Anytime-valid,16,0,0,0,0,0.995,303.8730841675049,2500,5000
Scalar region null,Conventional,16,0.2514,0.006135112712901044,0.23937517908271397,0.2634248209172861,0.995,303.8730841675049,2500,5000
Scalar region null,Anytime-valid,17,0,0,0,0,0.995,303.8730841675049,2500,5000
Scalar region null,Conventional,17,0.2554,0.006167184771028025,0.2433123178487851,0.26748768215121493,0.995,303.8730841675049,2500,5000
Scalar region null,Anytime-valid,18,0,0,0,0,0.995,303.8730841675049,2500,5000
Scalar region null,Conventional,18,0.2606,0.0062078601788377935,0.24843259404947793,0.27276740595052207,0.995,303.8730841675049,2500,5000
Scalar region null,Anytime-valid,19,0,0,0,0,0.995,303.8730841675049,2500,5000
Scalar region null,Conventional,19,0.2648,0.006239887178467252,0.25256982113020415,0.2770301788697958,0.995,303.8730841675049,2500,5000
Scalar region null,Anytime-valid,20,0,0,0,0,0.995,303.8730841675049,2500,5000
Scalar region null,Conventional,20,0.2686,0.006268238029941109,0.2563142534613154,0.2808857465386846,0.995,303.8730841675049,2500,5000
Scalar region null,Anytime-valid,21,0,0,0,0,0.995,303.8730841675049,2500,5000
Scalar region null,Conventional,21,0.2724,0.006296002541295548,0.2600598350190607,0.28474016498093924,0.995,303.8730841675049,2500,5000
Scalar region null,Anytime-valid,22,0,0,0,0,0.995,303.8730841675049,2500,5000
Scalar region null,Conventional,22,0.2758,0.006320353787566009,0.2634121065763706,0.2881878934236294,0.995,303.8730841675049,2500,5000
Scalar region null,Anytime-valid,23,0,0,0,0,0.995,303.8730841675049,2500,5000
Scalar region null,Conventional,23,0.2796,0.006347028281014667,0.2671598245692113,0.29204017543078875,0.995,303.8730841675049,2500,5000
Scalar region null,Anytime-valid,24,0,0,0,0,0.995,303.8730841675049,2500,5000
Scalar region null,Conventional,24,0.2826,0.006367687806417648,0.27011933189942144,0.2950806681005786,0.995,303.8730841675049,2500,5000
Scalar region null,Anytime-valid,25,0,0,0,0,0.995,303.8730841675049,2500,5000
Scalar region null,Conventional,25,0.287,0.006397358830017275,0.2744611766931661,0.29953882330683385,0.995,303.8730841675049,2500,5000
Scalar region null,Anytime-valid,26,0,0,0,0,0.995,303.8730841675049,2500,5000
Scalar region null,Conventional,26,0.2902,0.006418472715529762,0.27761979347756166,0.30278020652243837,0.995,303.8730841675049,2500,5000
Scalar region null,Anytime-valid,27,0,0,0,0,0.995,303.8730841675049,2500,5000
Scalar region null,Conventional,27,0.2928,0.006435342415132237,0.28018672886634083,0.3054132711336592,0.995,303.8730841675049,2500,5000
Scalar region null,Anytime-valid,28,0,0,0,0,0.995,303.8730841675049,2500,5000
Scalar region null,Conventional,28,0.2948,0.006448146400323119,0.2821616330553667,0.30743836694463333,0.995,303.8730841675049,2500,5000
Scalar region null,Anytime-valid,29,0,0,0,0,0.995,303.8730841675049,2500,5000
Scalar region null,Conventional,29,0.2974,0.006464568663105064,0.2847294454203141,0.3100705545796859,0.995,303.8730841675049,2500,5000
Scalar region null,Anytime-valid,30,0,0,0,0,0.995,303.8730841675049,2500,5000
Scalar region null,Conventional,30,0.3008,0.006485666658100769,0.28808809335012253,0.3135119066498775,0.995,303.8730841675049,2500,5000
Scalar region null,Anytime-valid,31,0,0,0,0,0.995,303.8730841675049,2500,5000
Scalar region null,Conventional,31,0.3038,0.006503930503933756,0.29105229621228984,0.3165477037877102,0.995,303.8730841675049,2500,5000
Scalar region null,Anytime-valid,32,0,0,0,0,0.995,303.8730841675049,2500,5000
Scalar region null,Conventional,32,0.3078,0.006527773893143052,0.29500556316943966,0.3205944368305604,0.995,303.8730841675049,2500,5000
Scalar region null,Anytime-valid,33,0,0,0,0,0.995,303.8730841675049,2500,5000
Scalar region null,Conventional,33,0.3096,0.006538315379361874,0.29678490185645073,0.32241509814354924,0.995,303.8730841675049,2500,5000
Scalar region null,Anytime-valid,34,0,0,0,0,0.995,303.8730841675049,2500,5000
Scalar region null,Conventional,34,0.3124,0.006554483045977005,0.2995532132298851,0.3252467867701149,0.995,303.8730841675049,2500,5000
Scalar region null,Anytime-valid,35,0,0,0,0,0.995,303.8730841675049,2500,5000
Scalar region null,Conventional,35,0.3146,0.006566990787263219,0.30172869805696406,0.3274713019430359,0.995,303.8730841675049,2500,5000
Scalar region null,Anytime-valid,36,0,0,0,0,0.995,303.8730841675049,2500,5000
Scalar region null,Conventional,36,0.3174,0.006582662683139703,0.3044979811410462,0.3303020188589538,0.995,303.8730841675049,2500,5000
Scalar region null,Anytime-valid,37,0,0,0,0,0.995,303.8730841675049,2500,5000
Scalar region null,Conventional,37,0.3188,0.006590395435783804,0.3058828249458637,0.3317171750541362,0.995,303.8730841675049,2500,5000
Scalar region null,Anytime-valid,38,0,0,0,0,0.995,303.8730841675049,2500,5000
Scalar region null,Conventional,38,0.3216,0.00660565575851482,0.30865291471331097,0.33454708528668903,0.995,303.8730841675049,2500,5000
Scalar region null,Anytime-valid,39,0,0,0,0,0.995,303.8730841675049,2500,5000
Scalar region null,Conventional,39,0.3252,0.0066248767535705905,0.3122152415630016,0.33818475843699836,0.995,303.8730841675049,2500,5000
Scalar region null,Anytime-valid,40,0,0,0,0,0.995,303.8730841675049,2500,5000
Scalar region null,Conventional,40,0.3276,0.006637442881110164,0.31459061195302407,0.34060938804697594,0.995,303.8730841675049,2500,5000
Scalar region null,Anytime-valid,41,0,0,0,0,0.995,303.8730841675049,2500,5000
Scalar region null,Conventional,41,0.3292,0.006645710797198446,0.31617440683749104,0.34222559316250895,0.995,303.8730841675049,2500,5000
Scalar region null,Anytime-valid,42,0,0,0,0,0.995,303.8730841675049,2500,5000
Scalar region null,Conventional,42,0.3334,0.00666699992500375,0.3203326801469926,0.3464673198530073,0.995,303.8730841675049,2500,5000
Scalar region null,Anytime-valid,43,0,0,0,0,0.995,303.8730841675049,2500,5000
Scalar region null,Conventional,43,0.3352,0.006675941281946689,0.3221151550873845,0.3482848449126155,0.995,303.8730841675049,2500,5000
Scalar region null,Anytime-valid,44,0,0,0,0,0.995,303.8730841675049,2500,5000
Scalar region null,Conventional,44,0.3374,0.006686721767802217,0.32429402533510765,0.3505059746648923,0.995,303.8730841675049,2500,5000
Scalar region null,Anytime-valid,45,0,0,0,0,0.995,303.8730841675049,2500,5000
Scalar region null,Conventional,45,0.339,0.006694460396477075,0.32587885762290497,0.3521211423770951,0.995,303.8730841675049,2500,5000
Scalar region null,Anytime-valid,46,0,0,0,0,0.995,303.8730841675049,2500,5000
Scalar region null,Conventional,46,0.3426,0.006711560772279425,0.3294453408863323,0.3557546591136677,0.995,303.8730841675049,2500,5000
Scalar region null,Anytime-valid,47,0,0,0,0,0.995,303.8730841675049,2500,5000
Scalar region null,Conventional,47,0.344,0.006718094968069446,0.3308325338625839,0.35716746613741607,0.995,303.8730841675049,2500,5000
Scalar region null,Anytime-valid,48,0,0,0,0,0.995,303.8730841675049,2500,5000
Scalar region null,Conventional,48,0.3456,0.006725483477044606,0.3324180523849926,0.3587819476150074,0.995,303.8730841675049,2500,5000
Scalar region null,Anytime-valid,49,0,0,0,0,0.995,303.8730841675049,2500,5000
Scalar region null,Conventional,49,0.3462,0.006728232457339743,0.3330126643836141,0.3593873356163859,0.995,303.8730841675049,2500,5000
Scalar region null,Anytime-valid,50,0,0,0,0,0.995,303.8730841675049,2500,5000
Scalar region null,Conventional,50,0.3476,0.00673460080479905,0.3344001824225939,0.36079981757740615,0.995,303.8730841675049,2500,5000
Scalar region null,Anytime-valid,51,0,0,0,0,0.995,303.8730841675049,2500,5000
Scalar region null,Conventional,51,0.3494,0.006742694416922659,0.3361843189428316,0.3626156810571684,0.995,303.8730841675049,2500,5000
Scalar region null,Anytime-valid,52,0,0,0,0,0.995,303.8730841675049,2500,5000
Scalar region null,Conventional,52,0.3502,0.006746257629234152,0.3369773350467011,0.36342266495329895,0.995,303.8730841675049,2500,5000
Scalar region null,Anytime-valid,53,0,0,0,0,0.995,303.8730841675049,2500,5000
Scalar region null,Conventional,53,0.3512,0.006750682335882796,0.33796866262166975,0.3644313373783303,0.995,303.8730841675049,2500,5000
Scalar region null,Anytime-valid,54,0,0,0,0,0.995,303.8730841675049,2500,5000
Scalar region null,Conventional,54,0.353,0.006758564936434361,0.33975321272458864,0.3662467872754113,0.995,303.8730841675049,2500,5000
Scalar region null,Anytime-valid,55,0,0,0,0,0.995,303.8730841675049,2500,5000
Scalar region null,Conventional,55,0.3536,0.006761169129669809,0.3403481085058472,0.36685189149415287,0.995,303.8730841675049,2500,5000
Scalar region null,Anytime-valid,56,0,0,0,0,0.995,303.8730841675049,2500,5000
Scalar region null,Conventional,56,0.355,0.00676720030736493,0.34173628739756473,0.36826371260243523,0.995,303.8730841675049,2500,5000
Scalar region null,Anytime-valid,57,0,0,0,0,0.995,303.8730841675049,2500,5000
Scalar region null,Conventional,57,0.3568,0.006774861769807558,0.3435212709311772,0.37007872906882283,0.995,303.8730841675049,2500,5000
Scalar region null,Anytime-valid,58,0,0,0,0,0.995,303.8730841675049,2500,5000
Scalar region null,Conventional,58,0.3586,0.006782419037482127,0.345306458686535,0.37189354131346497,0.995,303.8730841675049,2500,5000
Scalar region null,Anytime-valid,59,0,0,0,0,0.995,303.8730841675049,2500,5000
Scalar region null,Conventional,59,0.3598,0.006787399502018428,0.3464966969760439,0.3731033030239561,0.995,303.8730841675049,2500,5000
Scalar region null,Anytime-valid,60,0,0,0,0,0.995,303.8730841675049,2500,5000
Scalar region null,Conventional,60,0.361,0.006792333914053402,0.3476870255284553,0.37431297447154466,0.995,303.8730841675049,2500,5000
Scalar region null,Anytime-valid,61,0,0,0,0,0.995,303.8730841675049,2500,5000
Scalar region null,Conventional,61,0.3634,0.006802064980577589,0.35006795263806795,0.37673204736193205,0.995,303.8730841675049,2500,5000
Scalar region null,Anytime-valid,62,0,0,0,0,0.995,303.8730841675049,2500,5000
Scalar region null,Conventional,62,0.365,0.0068084506313845,0.3516554367624864,0.3783445632375136,0.995,303.8730841675049,2500,5000
Scalar region null,Anytime-valid,63,0,0,0,0,0.995,303.8730841675049,2500,5000
Scalar region null,Conventional,63,0.3664,0.006813971529145099,0.3530446158028756,0.3797553841971244,0.995,303.8730841675049,2500,5000
Scalar region null,Anytime-valid,64,0,0,0,0,0.995,303.8730841675049,2500,5000
Scalar region null,Conventional,64,0.3668,0.006815537542996884,0.3534415464157261,0.3801584535842739,0.995,303.8730841675049,2500,5000
Scalar region null,Anytime-valid,65,0,0,0,0,0.995,303.8730841675049,2500,5000
Scalar region null,Conventional,65,0.3678,0.0068194304747537385,0.3544339162694827,0.38116608373051736,0.995,303.8730841675049,2500,5000
Scalar region null,Anytime-valid,66,0,0,0,0,0.995,303.8730841675049,2500,5000
Scalar region null,Conventional,66,0.369,0.00682406037487946,0.3556248416652363,0.3823751583347637,0.995,303.8730841675049,2500,5000
Scalar region null,Anytime-valid,67,0,0,0,0,0.995,303.8730841675049,2500,5000
Scalar region null,Conventional,67,0.3706,0.0068301631020056906,0.3572128803200688,0.38398711967993115,0.995,303.8730841675049,2500,5000
Scalar region null,Anytime-valid,68,0,0,0,0,0.995,303.8730841675049,2500,5000
Scalar region null,Conventional,68,0.3712,0.006832430899760348,0.3578084354364697,0.3845915645635303,0.995,303.8730841675049,2500,5000
Scalar region null,Anytime-valid,69,0,0,0,0,0.995,303.8730841675049,2500,5000
Scalar region null,Conventional,69,0.372,0.006835437074540296,0.358602543333901,0.385397456666099,0.995,303.8730841675049,2500,5000
Scalar region null,Anytime-valid,70,0,0,0,0,0.995,303.8730841675049,2500,5000
Scalar region null,Conventional,70,0.3736,0.006841389332584428,0.3601908769081345,0.38700912309186547,0.995,303.8730841675049,2500,5000
Scalar region null,Anytime-valid,71,0,0,0,0,0.995,303.8730841675049,2500,5000
Scalar region null,Conventional,71,0.374,0.006842864897102675,0.36058798480167875,0.38741201519832125,0.995,303.8730841675049,2500,5000
Scalar region null,Anytime-valid,72,0,0,0,0,0.995,303.8730841675049,2500,5000
Scalar region null,Conventional,72,0.3748,0.006845801048818173,0.3613822299443164,0.38821777005568364,0.995,303.8730841675049,2500,5000
Scalar region null,Anytime-valid,73,0,0,0,0,0.995,303.8730841675049,2500,5000
Scalar region null,Conventional,73,0.3762,0.006850891328871011,0.3627722529954128,0.38962774700458713,0.995,303.8730841675049,2500,5000
Scalar region null,Anytime-valid,74,0,0,0,0,0.995,303.8730841675049,2500,5000
Scalar region null,Conventional,74,0.3774,0.006855205905003875,0.3639637964261924,0.3908362035738076,0.995,303.8730841675049,2500,5000
Scalar region null,Anytime-valid,75,0,0,0,0,0.995,303.8730841675049,2500,5000
Scalar region null,Conventional,75,0.3782,0.0068580574509113,0.36475820739621384,0.3916417926037861,0.995,303.8730841675049,2500,5000
Scalar region null,Anytime-valid,76,0,0,0,0,0.995,303.8730841675049,2500,5000
Scalar region null,Conventional,76,0.3796,0.006862999927145563,0.3661485201427947,0.3930514798572053,0.995,303.8730841675049,2500,5000
Scalar region null,Anytime-valid,77,0,0,0,0,0.995,303.8730841675049,2500,5000
Scalar region null,Conventional,77,0.3808,0.006867188070819089,0.3673403113811946,0.39425968861880545,0.995,303.8730841675049,2500,5000
Scalar region null,Anytime-valid,78,0,0,0,0,0.995,303.8730841675049,2500,5000
Scalar region null,Conventional,78,0.3814,0.006869265462915231,0.3679362396926862,0.39486376030731385,0.995,303.8730841675049,2500,5000
Scalar region null,Anytime-valid,79,0,0,0,0,0.995,303.8730841675049,2500,5000
Scalar region null,Conventional,79,0.3826,0.0068733869380386255,0.3691281616014443,0.3960718383985557,0.995,303.8730841675049,2500,5000
Scalar region null,Anytime-valid,80,0,0,0,0,0.995,303.8730841675049,2500,5000
Scalar region null,Conventional,80,0.3834,0.006876109946764959,0.3699228245043407,0.3968771754956593,0.995,303.8730841675049,2500,5000
Scalar region null,Anytime-valid,81,0,0,0,0,0.995,303.8730841675049,2500,5000
Scalar region null,Conventional,81,0.384,0.006878139283265497,0.37051884700479965,0.39748115299520037,0.995,303.8730841675049,2500,5000
Scalar region null,Anytime-valid,82,0,0,0,0,0.995,303.8730841675049,2500,5000
Scalar region null,Conventional,82,0.3852,0.006882164775708295,0.3717109570396117,0.39868904296038826,0.995,303.8730841675049,2500,5000
Scalar region null,Anytime-valid,83,0,0,0,0,0.995,303.8730841675049,2500,5000
Scalar region null,Conventional,83,0.386,0.0068848238902676365,0.37250574517507545,0.39949425482492457,0.995,303.8730841675049,2500,5000
Scalar region null,Anytime-valid,84,0,0,0,0,0.995,303.8730841675049,2500,5000
Scalar region null,Conventional,84,0.3866,0.006886805355170131,0.37310186150386654,0.40009813849613346,0.995,303.8730841675049,2500,5000
Scalar region null,Anytime-valid,85,0,0,0,0,0.995,303.8730841675049,2500,5000
Scalar region null,Conventional,85,0.3874,0.006889430165115254,0.3738967168763741,0.40090328312362594,0.995,303.8730841675049,2500,5000
Scalar region null,Anytime-valid,86,0,0,0,0,0.995,303.8730841675049,2500,5000
Scalar region null,Conventional,86,0.388,0.00689138592737339,0.37449288358234817,0.40150711641765185,0.995,303.8730841675049,2500,5000
Scalar region null,Anytime-valid,87,0,0,0,0,0.995,303.8730841675049,2500,5000
Scalar region null,Conventional,87,0.3894,0.006895906611896655,0.3758840230406826,0.40291597695931747,0.995,303.8730841675049,2500,5000
Scalar region null,Anytime-valid,88,0,0,0,0,0.995,303.8730841675049,2500,5000
Scalar region null,Conventional,88,0.3904,0.006899099071617974,0.3768777658196288,0.40392223418037126,0.995,303.8730841675049,2500,5000
Scalar region null,Anytime-valid,89,0,0,0,0,0.995,303.8730841675049,2500,5000
Scalar region null,Conventional,89,0.3908,0.006900367526443791,0.37727527964817015,0.4043247203518298,0.995,303.8730841675049,2500,5000
Scalar region null,Anytime-valid,90,0,0,0,0,0.995,303.8730841675049,2500,5000
Scalar region null,Conventional,90,0.3928,0.006906636808172267,0.37926299185598233,0.40633700814401763,0.995,303.8730841675049,2500,5000
Scalar region null,Anytime-valid,91,0,0,0,0,0.995,303.8730841675049,2500,5000
Scalar region null,Conventional,91,0.3934,0.006908493902436334,0.37985935195122483,0.4069406480487752,0.995,303.8730841675049,2500,5000
Scalar region null,Anytime-valid,92,0,0,0,0,0.995,303.8730841675049,2500,5000
Scalar region null,Conventional,92,0.394,0.00691034007846213,0.38045573344621425,0.4075442665537858,0.995,303.8730841675049,2500,5000
Scalar region null,Anytime-valid,93,0,0,0,0,0.995,303.8730841675049,2500,5000
Scalar region null,Conventional,93,0.3952,0.006913999710731843,0.3816485605669656,0.4087514394330344,0.995,303.8730841675049,2500,5000
Scalar region null,Anytime-valid,94,0,0,0,0,0.995,303.8730841675049,2500,5000
Scalar region null,Conventional,94,0.3966,0.006918214220447355,0.38304030012792317,0.41015969987207684,0.995,303.8730841675049,2500,5000
Scalar region null,Anytime-valid,95,0,0,0,0,0.995,303.8730841675049,2500,5000
Scalar region null,Conventional,95,0.3972,0.006920002312138343,0.38363679546820884,0.41076320453179116,0.995,303.8730841675049,2500,5000
Scalar region null,Anytime-valid,96,0,0,0,0,0.995,303.8730841675049,2500,5000
Scalar region null,Conventional,96,0.3976,0.006921188337272726,0.3840344708589455,0.41116552914105453,0.995,303.8730841675049,2500,5000
Scalar region null,Anytime-valid,97,0,0,0,0,0.995,303.8730841675049,2500,5000
Scalar region null,Conventional,97,0.3982,0.006922958327189324,0.3846310016787089,0.4117689983212911,0.995,303.8730841675049,2500,5000
Scalar region null,Anytime-valid,98,0,0,0,0,0.995,303.8730841675049,2500,5000
Scalar region null,Conventional,98,0.3984,0.0069235459123197845,0.3848298500118532,0.41197014998814674,0.995,303.8730841675049,2500,5000
Scalar region null,Anytime-valid,99,0,0,0,0,0.995,303.8730841675049,2500,5000
Scalar region null,Conventional,99,0.399,0.006925301437482704,0.3854264091825339,0.41257359081746614,0.995,303.8730841675049,2500,5000
Scalar region null,Anytime-valid,100,0,0,0,0,0.995,303.8730841675049,2500,5000
Scalar region null,Conventional,100,0.4,0.0069282032302755096,0.38642072166866004,0.41357927833134,0.995,303.8730841675049,2500,5000
Scalar region null,Anytime-valid,101,0,0,0,0,0.995,303.8730841675049,2500,5000
Scalar region null,Conventional,101,0.4008,0.0069305030120475385,0.3872162140963868,0.4143837859036132,0.995,303.8730841675049,2500,5000
Scalar region null,Anytime-valid,102,0,0,0,0,0.995,303.8730841675049,2500,5000
Scalar region null,Conventional,102,0.4012,0.006931645692041681,0.3876139744435983,0.4147860255564017,0.995,303.8730841675049,2500,5000
Scalar region null,Anytime-valid,103,0,0,0,0,0.995,303.8730841675049,2500,5000
Scalar region null,Conventional,103,0.402,0.0069339166421294686,0.38840952338142626,0.4155904766185738,0.995,303.8730841675049,2500,5000
Scalar region null,Anytime-valid,104,0,0,0,0,0.995,303.8730841675049,2500,5000
Scalar region null,Conventional,104,0.4028,0.006936168394726299,0.38920510994633645,0.41639489005366354,0.995,303.8730841675049,2500,5000
Scalar region null,Anytime-valid,105,0,0,0,0,0.995,303.8730841675049,2500,5000
Scalar region null,Conventional,105,0.4034,0.006937844622071036,0.38980182454074075,0.4169981754592592,0.995,303.8730841675049,2500,5000
Scalar region null,Anytime-valid,106,0,0,0,0,0.995,303.8730841675049,2500,5000
Scalar region null,Conventional,106,0.4038,0.006938956117457438,0.3901996460097834,0.4174003539902166,0.995,303.8730841675049,2500,5000
Scalar region null,Anytime-valid,107,0,0,0,0,0.995,303.8730841675049,2500,5000
Scalar region null,Conventional,107,0.404,0.006939510069161943,0.39039856026444264,0.4176014397355574,0.995,303.8730841675049,2500,5000
Scalar region null,Anytime-valid,108,0,0,0,0,0.995,303.8730841675049,2500,5000
Scalar region null,Conventional,108,0.4044,0.006940614382026997,0.39079639581122705,0.4180036041887729,0.995,303.8730841675049,2500,5000
Scalar region null,Anytime-valid,109,0,0,0,0,0.995,303.8730841675049,2500,5000
Scalar region null,Conventional,109,0.4046,0.006941164743758788,0.3909953171022328,0.41820468289776724,0.995,303.8730841675049,2500,5000
Scalar region null,Anytime-valid,111,0,0,0,0,0.995,303.8730841675049,2500,5000
Scalar region null,Conventional,111,0.4054,0.006943354232645775,0.39179102570401425,0.4190089742959857,0.995,303.8730841675049,2500,5000
Scalar region null,Anytime-valid,112,0,0,0,0,0.995,303.8730841675049,2500,5000
Scalar region null,Conventional,112,0.406,0.006944983801277006,0.3923878317494971,0.41961216825050296,0.995,303.8730841675049,2500,5000
Scalar region null,Anytime-valid,113,0,0,0,0,0.995,303.8730841675049,2500,5000
Scalar region null,Conventional,113,0.4062,0.006945524602216884,0.3925867717796549,0.4198132282203451,0.995,303.8730841675049,2500,5000
Scalar region null,Anytime-valid,114,0,0,0,0,0.995,303.8730841675049,2500,5000
Scalar region null,Conventional,114,0.4066,0.006946602622865367,0.3929846588591839,0.42021534114081616,0.995,303.8730841675049,2500,5000
Scalar region null,Anytime-valid,115,0,0,0,0,0.995,303.8730841675049,2500,5000
Scalar region null,Conventional,115,0.407,0.00694767587039004,0.3933825552940355,0.42061744470596446,0.995,303.8730841675049,2500,5000
Scalar region null,Anytime-valid,116,0,0,0,0,0.995,303.8730841675049,2500,5000
Scalar region null,Conventional,116,0.408,0.006950338121271511,0.39437733728230784,0.4216226627176921,0.995,303.8730841675049,2500,5000
Scalar region null,Anytime-valid,117,0,0,0,0,0.995,303.8730841675049,2500,5000
Scalar region null,Conventional,117,0.4084,0.006951394680206268,0.3947752664267957,0.42202473357320425,0.995,303.8730841675049,2500,5000
Scalar region null,Anytime-valid,119,0,0,0,0,0.995,303.8730841675049,2500,5000
Scalar region null,Conventional,119,0.4092,0.006953493510459329,0.3955711527194997,0.4228288472805003,0.995,303.8730841675049,2500,5000
Scalar region null,Anytime-valid,120,0,0,0,0,0.995,303.8730841675049,2500,5000
Scalar region null,Conventional,120,0.4102,0.006956090281185258,0.3965660630488769,0.4238339369511231,0.995,303.8730841675049,2500,5000
Scalar region null,Anytime-valid,121,0,0,0,0,0.995,303.8730841675049,2500,5000
Scalar region null,Conventional,121,0.4108,0.006957634080634019,0.39716303720195734,0.42443696279804266,0.995,303.8730841675049,2500,5000
Scalar region null,Anytime-valid,122,0,0,0,0,0.995,303.8730841675049,2500,5000
Scalar region null,Conventional,122,0.4116,0.006959675854520813,0.3979590353251392,0.42524096467486083,0.995,303.8730841675049,2500,5000
Scalar region null,Anytime-valid,123,0,0,0,0,0.995,303.8730841675049,2500,5000
Scalar region null,Conventional,123,0.4122,0.006961194725045407,0.398556058338911,0.425843941661089,0.995,303.8730841675049,2500,5000
Scalar region null,Anytime-valid,125,0,0,0,0,0.995,303.8730841675049,2500,5000
Scalar region null,Conventional,125,0.4128,0.006962702923434261,0.39915310227006884,0.42644689772993116,0.995,303.8730841675049,2500,5000
Scalar region null,Anytime-valid,126,0,0,0,0,0.995,303.8730841675049,2500,5000
Scalar region null,Conventional,126,0.4132,0.006963702463488802,0.399551143171562,0.42684885682843804,0.995,303.8730841675049,2500,5000
Scalar region null,Anytime-valid,127,0,0,0,0,0.995,303.8730841675049,2500,5000
Scalar region null,Conventional,127,0.4136,0.006964697265495466,0.3999491933596289,0.42725080664037113,0.995,303.8730841675049,2500,5000
Scalar region null,Anytime-valid,128,0,0,0,0,0.995,303.8730841675049,2500,5000
Scalar region null,Conventional,128,0.4142,0.006966180589103328,0.40054628604535747,0.42785371395464256,0.995,303.8730841675049,2500,5000
Scalar region null,Anytime-valid,130,0,0,0,0,0.995,303.8730841675049,2500,5000
Scalar region null,Conventional,130,0.4152,0.006968629133480989,0.40154148689837726,0.42885851310162276,0.995,303.8730841675049,2500,5000
Scalar region null,Anytime-valid,131,0,0,0,0,0.995,303.8730841675049,2500,5000
Scalar region null,Conventional,131,0.4156,0.006969600275482089,0.40193958346005515,0.4292604165399449,0.995,303.8730841675049,2500,5000
Scalar region null,Anytime-valid,132,0,0,0,0,0.995,303.8730841675049,2500,5000
Scalar region null,Conventional,132,0.4166,0.006972007458401059,0.40293486538153395,0.4302651346184661,0.995,303.8730841675049,2500,5000
Scalar region null,Anytime-valid,134,0,0,0,0,0.995,303.8730841675049,2500,5000
Scalar region null,Conventional,134,0.4174,0.006973911958148023,0.40373113256202986,0.4310688674379701,0.995,303.8730841675049,2500,5000
Scalar region null,Anytime-valid,135,0,0,0,0,0.995,303.8730841675049,2500,5000
Scalar region null,Conventional,135,0.4182,0.006975797588806602,0.40452743672593905,0.431872563274061,0.995,303.8730841675049,2500,5000
Scalar region null,Anytime-valid,136,0,0,0,0,0.995,303.8730841675049,2500,5000
Scalar region null,Conventional,136,0.4192,0.006978128115762852,0.40552286889310485,0.4328771311068952,0.995,303.8730841675049,2500,5000
Scalar region null,Anytime-valid,138,0,0,0,0,0.995,303.8730841675049,2500,5000
Scalar region null,Conventional,138,0.4198,0.006979512303879119,0.4061201558843969,0.4334798441156031,0.995,303.8730841675049,2500,5000
Scalar region null,Anytime-valid,139,0,0,0,0,0.995,303.8730841675049,2500,5000
Scalar region null,Conventional,139,0.421,0.006982248921371967,0.4073147921141109,0.43468520788588905,0.995,303.8730841675049,2500,5000
Scalar region null,Anytime-valid,141,0,0,0,0,0.995,303.8730841675049,2500,5000
Scalar region null,Conventional,141,0.4218,0.006984049828000943,0.40811126233711814,0.4354887376628819,0.995,303.8730841675049,2500,5000
Scalar region null,Anytime-valid,142,0,0,0,0,0.995,303.8730841675049,2500,5000
Scalar region null,Conventional,142,0.423,0.006986715966747181,0.4093060367051755,0.43669396329482446,0.995,303.8730841675049,2500,5000
Scalar region null,Anytime-valid,143,0,0,0,0,0.995,303.8730841675049,2500,5000
Scalar region null,Conventional,143,0.4234,0.00698759529452014,0.40970431322274053,0.43709568677725946,0.995,303.8730841675049,2500,5000
Scalar region null,Anytime-valid,145,2e-4,1.9997999899989998e-4,0,5.919607980398039e-4,0.995,303.8730841675049,2500,5000
Scalar region null,Conventional,145,0.4252,0.006991494260885866,0.41149667124866374,0.4389033287513363,0.995,303.8730841675049,2500,5000
Scalar region null,Anytime-valid,146,2e-4,1.9997999899989998e-4,0,5.919607980398039e-4,0.995,303.8730841675049,2500,5000
Scalar region null,Conventional,146,0.4254,0.006991921624274688,0.4116958336164216,0.4391041663835784,0.995,303.8730841675049,2500,5000
Scalar region null,Anytime-valid,148,2e-4,1.9997999899989998e-4,0,5.919607980398039e-4,0.995,303.8730841675049,2500,5000
Scalar region null,Conventional,148,0.4262,0.006993619377689924,0.41249250601972776,0.4399074939802723,0.995,303.8730841675049,2500,5000
Scalar region null,Anytime-valid,149,2e-4,1.9997999899989998e-4,0,5.919607980398039e-4,0.995,303.8730841675049,2500,5000
Scalar region null,Conventional,149,0.427,0.006995298421082549,0.4132892150946782,0.4407107849053218,0.995,303.8730841675049,2500,5000
Scalar region null,Anytime-valid,151,2e-4,1.9997999899989998e-4,0,5.919607980398039e-4,0.995,303.8730841675049,2500,5000
Scalar region null,Conventional,151,0.4282,0.006997781934298896,0.4144843474087742,0.44191565259122584,0.995,303.8730841675049,2500,5000
Scalar region null,Anytime-valid,152,2e-4,1.9997999899989998e-4,0,5.919607980398039e-4,0.995,303.8730841675049,2500,5000
Scalar region null,Conventional,152,0.4286,0.006998600431514861,0.41488274315423085,0.4423172568457691,0.995,303.8730841675049,2500,5000
Scalar region null,Anytime-valid,154,2e-4,1.9997999899989998e-4,0,5.919607980398039e-4,0.995,303.8730841675049,2500,5000
Scalar region null,Conventional,154,0.4292,0.006999819426242366,0.415480353924565,0.44291964607543505,0.995,303.8730841675049,2500,5000
Scalar region null,Anytime-valid,155,2e-4,1.9997999899989998e-4,0,5.919607980398039e-4,0.995,303.8730841675049,2500,5000
Scalar region null,Conventional,155,0.4296,0.007000626257700092,0.4158787725349078,0.44332122746509217,0.995,303.8730841675049,2500,5000
Scalar region null,Anytime-valid,157,2e-4,1.9997999899989998e-4,0,5.919607980398039e-4,0.995,303.8730841675049,2500,5000
Scalar region null,Conventional,157,0.43,0.007001428425685719,0.41627720028565596,0.44372279971434403,0.995,303.8730841675049,2500,5000
Scalar region null,Anytime-valid,159,2e-4,1.9997999899989998e-4,0,5.919607980398039e-4,0.995,303.8730841675049,2500,5000
Scalar region null,Conventional,159,0.431,0.007003413453452538,0.41727330963123305,0.44472669036876694,0.995,303.8730841675049,2500,5000
Scalar region null,Anytime-valid,160,2e-4,1.9997999899989998e-4,0,5.919607980398039e-4,0.995,303.8730841675049,2500,5000
Scalar region null,Conventional,160,0.4314,0.007004199311841433,0.4176717693487908,0.4451282306512092,0.995,303.8730841675049,2500,5000
Scalar region null,Anytime-valid,162,2e-4,1.9997999899989998e-4,0,5.919607980398039e-4,0.995,303.8730841675049,2500,5000
Scalar region null,Conventional,162,0.4322,0.007005757061160485,0.41846871616012543,0.4459312838398745,0.995,303.8730841675049,2500,5000
Scalar region null,Anytime-valid,163,2e-4,1.9997999899989998e-4,0,5.919607980398039e-4,0.995,303.8730841675049,2500,5000
Scalar region null,Conventional,163,0.4328,0.007006913157732155,0.419066450210845,0.44653354978915505,0.995,303.8730841675049,2500,5000
Scalar region null,Anytime-valid,165,2e-4,1.9997999899989998e-4,0,5.919607980398039e-4,0.995,303.8730841675049,2500,5000
Scalar region null,Conventional,165,0.4338,0.007008816733229655,0.4200627192028699,0.4475372807971301,0.995,303.8730841675049,2500,5000
Scalar region null,Anytime-valid,167,2e-4,1.9997999899989998e-4,0,5.919607980398039e-4,0.995,303.8730841675049,2500,5000
Scalar region null,Conventional,167,0.4346,0.007010318680345424,0.42085977538652297,0.448340224613477,0.995,303.8730841675049,2500,5000
Scalar region null,Anytime-valid,168,2e-4,1.9997999899989998e-4,0,5.919607980398039e-4,0.995,303.8730841675049,2500,5000
Scalar region null,Conventional,168,0.4352,0.007011432949119602,0.42145759141972555,0.4489424085802744,0.995,303.8730841675049,2500,5000
Scalar region null,Anytime-valid,170,2e-4,1.9997999899989998e-4,0,5.919607980398039e-4,0.995,303.8730841675049,2500,5000
Scalar region null,Conventional,170,0.4364,0.007013630158484265,0.4226532848893709,0.45014671511062915,0.995,303.8730841675049,2500,5000
Scalar region null,Anytime-valid,172,2e-4,1.9997999899989998e-4,0,5.919607980398039e-4,0.995,303.8730841675049,2500,5000
Scalar region null,Conventional,172,0.4366,0.007013992301107837,0.42285257508982865,0.4503474249101713,0.995,303.8730841675049,2500,5000
Scalar region null,Anytime-valid,174,2e-4,1.9997999899989998e-4,0,5.919607980398039e-4,0.995,303.8730841675049,2500,5000
Scalar region null,Conventional,174,0.4372,0.007015071774401171,0.4234504593221737,0.4509495406778263,0.995,303.8730841675049,2500,5000
Scalar region null,Anytime-valid,175,2e-4,1.9997999899989998e-4,0,5.919607980398039e-4,0.995,303.8730841675049,2500,5000
Scalar region null,Conventional,175,0.4374,0.0070154292812343285,0.42364975860878074,0.4511502413912193,0.995,303.8730841675049,2500,5000
Scalar region null,Anytime-valid,177,2e-4,1.9997999899989998e-4,0,5.919607980398039e-4,0.995,303.8730841675049,2500,5000
Scalar region null,Conventional,177,0.438,0.00701649485141976,0.4242476700912173,0.4517523299087827,0.995,303.8730841675049,2500,5000
Scalar region null,Anytime-valid,179,2e-4,1.9997999899989998e-4,0,5.919607980398039e-4,0.995,303.8730841675049,2500,5000
Scalar region null,Conventional,179,0.4384,0.007017199441372605,0.4246462890949097,0.4521537109050903,0.995,303.8730841675049,2500,5000
Scalar region null,Anytime-valid,181,2e-4,1.9997999899989998e-4,0,5.919607980398039e-4,0.995,303.8730841675049,2500,5000
Scalar region null,Conventional,181,0.4386,0.007017549999821875,0.4248456020003491,0.4523543979996509,0.995,303.8730841675049,2500,5000
Scalar region null,Anytime-valid,182,2e-4,1.9997999899989998e-4,0,5.919607980398039e-4,0.995,303.8730841675049,2500,5000
Scalar region null,Conventional,182,0.4386,0.007017549999821875,0.4248456020003491,0.4523543979996509,0.995,303.8730841675049,2500,5000
Scalar region null,Anytime-valid,184,2e-4,1.9997999899989998e-4,0,5.919607980398039e-4,0.995,303.8730841675049,2500,5000
Scalar region null,Conventional,184,0.4392,0.007018594731140985,0.4254435543269636,0.45295644567303633,0.995,303.8730841675049,2500,5000
Scalar region null,Anytime-valid,186,2e-4,1.9997999899989998e-4,0,5.919607980398039e-4,0.995,303.8730841675049,2500,5000
Scalar region null,Conventional,186,0.4398,0.007019629050028214,0.4260415270619447,0.45355847293805535,0.995,303.8730841675049,2500,5000
Scalar region null,Anytime-valid,188,2e-4,1.9997999899989998e-4,0,5.919607980398039e-4,0.995,303.8730841675049,2500,5000
Scalar region null,Conventional,188,0.4404,0.0070206529610856,0.4266395201962722,0.4541604798037278,0.995,303.8730841675049,2500,5000
Scalar region null,Anytime-valid,190,2e-4,1.9997999899989998e-4,0,5.919607980398039e-4,0.995,303.8730841675049,2500,5000
Scalar region null,Conventional,190,0.4414,0.0070223363633480276,0.42763622072783786,0.45516377927216217,0.995,303.8730841675049,2500,5000
Scalar region null,Anytime-valid,192,2e-4,1.9997999899989998e-4,0,5.919607980398039e-4,0.995,303.8730841675049,2500,5000
Scalar region null,Conventional,192,0.4418,0.007023001637476671,0.4280349167905457,0.4555650832094543,0.995,303.8730841675049,2500,5000
Scalar region null,Anytime-valid,194,2e-4,1.9997999899989998e-4,0,5.919607980398039e-4,0.995,303.8730841675049,2500,5000
Scalar region null,Conventional,194,0.4424,0.007023990888376778,0.4286329778587815,0.4561670221412185,0.995,303.8730841675049,2500,5000
Scalar region null,Anytime-valid,196,2e-4,1.9997999899989998e-4,0,5.919607980398039e-4,0.995,303.8730841675049,2500,5000
Scalar region null,Conventional,196,0.4426,0.0070243183299164335,0.4288323360733638,0.4563676639266362,0.995,303.8730841675049,2500,5000
Scalar region null,Anytime-valid,198,2e-4,1.9997999899989998e-4,0,5.919607980398039e-4,0.995,303.8730841675049,2500,5000
Scalar region null,Conventional,198,0.4432,0.007025293730514049,0.42943042428819245,0.4569695757118075,0.995,303.8730841675049,2500,5000
Scalar region null,Anytime-valid,200,2e-4,1.9997999899989998e-4,0,5.919607980398039e-4,0.995,303.8730841675049,2500,5000
Scalar region null,Conventional,200,0.4434,0.007025616556573523,0.4296297915491159,0.45717020845088413,0.995,303.8730841675049,2500,5000
Scalar region null,Anytime-valid,202,2e-4,1.9997999899989998e-4,0,5.919607980398039e-4,0.995,303.8730841675049,2500,5000
Scalar region null,Conventional,202,0.444,0.007026578114559035,0.4302279068954643,0.4577720931045357,0.995,303.8730841675049,2500,5000
Scalar region null,Anytime-valid,204,2e-4,1.9997999899989998e-4,0,5.919607980398039e-4,0.995,303.8730841675049,2500,5000
Scalar region null,Conventional,204,0.4448,0.007027844050631744,0.43102542566076174,0.4585745743392382,0.995,303.8730841675049,2500,5000
Scalar region null,Anytime-valid,206,2e-4,1.9997999899989998e-4,0,5.919607980398039e-4,0.995,303.8730841675049,2500,5000
Scalar region null,Conventional,206,0.4454,0.007028781402206217,0.4316235884516758,0.4591764115483242,0.995,303.8730841675049,2500,5000
Scalar region null,Anytime-valid,208,2e-4,1.9997999899989998e-4,0,5.919607980398039e-4,0.995,303.8730841675049,2500,5000
Scalar region null,Conventional,208,0.4468,0.0070309282459715084,0.4330193806378958,0.46058061936210415,0.995,303.8730841675049,2500,5000
Scalar region null,Anytime-valid,210,2e-4,1.9997999899989998e-4,0,5.919607980398039e-4,0.995,303.8730841675049,2500,5000
Scalar region null,Conventional,210,0.4478,0.007032427177013638,0.43401644273305323,0.4615835572669467,0.995,303.8730841675049,2500,5000
Scalar region null,Anytime-valid,212,2e-4,1.9997999899989998e-4,0,5.919607980398039e-4,0.995,303.8730841675049,2500,5000
Scalar region null,Conventional,212,0.4486,0.007033605618742069,0.43481413298726557,0.46238586701273443,0.995,303.8730841675049,2500,5000
Scalar region null,Anytime-valid,214,2e-4,1.9997999899989998e-4,0,5.919607980398039e-4,0.995,303.8730841675049,2500,5000
Scalar region null,Conventional,214,0.449,0.007034187941759872,0.43521299163415067,0.46278700836584935,0.995,303.8730841675049,2500,5000
Scalar region null,Anytime-valid,216,2e-4,1.9997999899989998e-4,0,5.919607980398039e-4,0.995,303.8730841675049,2500,5000
Scalar region null,Conventional,216,0.4496,0.007035052807193419,0.4358112964979009,0.4633887035020991,0.995,303.8730841675049,2500,5000
Scalar region null,Anytime-valid,219,2e-4,1.9997999899989998e-4,0,5.919607980398039e-4,0.995,303.8730841675049,2500,5000
Scalar region null,Conventional,219,0.4502,0.007035907333102107,0.4364096216271199,0.4639903783728801,0.995,303.8730841675049,2500,5000
Scalar region null,Anytime-valid,221,2e-4,1.9997999899989998e-4,0,5.919607980398039e-4,0.995,303.8730841675049,2500,5000
Scalar region null,Conventional,221,0.4506,0.007036471274722863,0.4368085163015432,0.4643914836984568,0.995,303.8730841675049,2500,5000
Scalar region null,Anytime-valid,223,2e-4,1.9997999899989998e-4,0,5.919607980398039e-4,0.995,303.8730841675049,2500,5000
Scalar region null,Conventional,223,0.4518,0.007038135548566822,0.438005254324809,0.46559474567519094,0.995,303.8730841675049,2500,5000
Scalar region null,Anytime-valid,225,2e-4,1.9997999899989998e-4,0,5.919607980398039e-4,0.995,303.8730841675049,2500,5000
Scalar region null,Conventional,225,0.4526,0.00703922211611482,0.43880312465241494,0.46639687534758506,0.995,303.8730841675049,2500,5000
Scalar region null,Anytime-valid,228,2e-4,1.9997999899989998e-4,0,5.919607980398039e-4,0.995,303.8730841675049,2500,5000
Scalar region null,Conventional,228,0.4534,0.007040290334922275,0.43960103094355235,0.4671989690564477,0.995,303.8730841675049,2500,5000
Scalar region null,Anytime-valid,230,2e-4,1.9997999899989998e-4,0,5.919607980398039e-4,0.995,303.8730841675049,2500,5000
Scalar region null,Conventional,230,0.4538,0.007040817566163747,0.43999999757031905,0.4676000024296809,0.995,303.8730841675049,2500,5000
Scalar region null,Anytime-valid,232,2e-4,1.9997999899989998e-4,0,5.919607980398039e-4,0.995,303.8730841675049,2500,5000
Scalar region null,Conventional,232,0.4546,0.007041858277471934,0.440797957776155,0.468402042223845,0.995,303.8730841675049,2500,5000
Scalar region null,Anytime-valid,234,2e-4,1.9997999899989998e-4,0,5.919607980398039e-4,0.995,303.8730841675049,2500,5000
Scalar region null,Conventional,234,0.4556,0.0070431333935969155,0.44179545854855007,0.46940454145144994,0.995,303.8730841675049,2500,5000
Scalar region null,Anytime-valid,237,2e-4,1.9997999899989998e-4,0,5.919607980398039e-4,0.995,303.8730841675049,2500,5000
Scalar region null,Conventional,237,0.4564,0.007044132877792696,0.4425934995595263,0.47020650044047363,0.995,303.8730841675049,2500,5000
Scalar region null,Anytime-valid,239,2e-4,1.9997999899989998e-4,0,5.919607980398039e-4,0.995,303.8730841675049,2500,5000
Scalar region null,Conventional,239,0.4576,0.0070455977744972075,0.44379062836198546,0.47140937163801455,0.995,303.8730841675049,2500,5000
Scalar region null,Anytime-valid,242,2e-4,1.9997999899989998e-4,0,5.919607980398039e-4,0.995,303.8730841675049,2500,5000
Scalar region null,Conventional,242,0.459,0.007047254784666153,0.4451873806220544,0.47281261937794566,0.995,303.8730841675049,2500,5000
Scalar region null,Anytime-valid,244,2e-4,1.9997999899989998e-4,0,5.919607980398039e-4,0.995,303.8730841675049,2500,5000
Scalar region null,Conventional,244,0.4596,0.007047947786412723,0.44578602233863107,0.47341397766136895,0.995,303.8730841675049,2500,5000
Scalar region null,Anytime-valid,247,2e-4,1.9997999899989998e-4,0,5.919607980398039e-4,0.995,303.8730841675049,2500,5000
Scalar region null,Conventional,247,0.4604,0.007048855793673183,0.44658424264440055,0.4742157573555994,0.995,303.8730841675049,2500,5000
Scalar region null,Anytime-valid,249,2e-4,1.9997999899989998e-4,0,5.919607980398039e-4,0.995,303.8730841675049,2500,5000
Scalar region null,Conventional,249,0.461,0.0070495248066802345,0.44718293137890675,0.4748170686210933,0.995,303.8730841675049,2500,5000
Scalar region null,Anytime-valid,252,2e-4,1.9997999899989998e-4,0,5.919607980398039e-4,0.995,303.8730841675049,2500,5000
Scalar region null,Conventional,252,0.4618,0.007050400839668621,0.4479812143542495,0.4756187856457505,0.995,303.8730841675049,2500,5000
Scalar region null,Anytime-valid,254,2e-4,1.9997999899989998e-4,0,5.919607980398039e-4,0.995,303.8730841675049,2500,5000
Scalar region null,Conventional,254,0.4626,0.007051258611056611,0.44877953312232904,0.476420466877671,0.995,303.8730841675049,2500,5000
Scalar region null,Anytime-valid,257,2e-4,1.9997999899989998e-4,0,5.919607980398039e-4,0.995,303.8730841675049,2500,5000
Scalar region null,Conventional,257,0.4628,0.007051470201312631,0.44897911840542726,0.4766208815945727,0.995,303.8730841675049,2500,5000
Scalar region null,Anytime-valid,259,2e-4,1.9997999899989998e-4,0,5.919607980398039e-4,0.995,303.8730841675049,2500,5000
Scalar region null,Conventional,259,0.4636,0.007052305155053913,0.44977748189609434,0.4774225181039057,0.995,303.8730841675049,2500,5000
Scalar region null,Anytime-valid,262,2e-4,1.9997999899989998e-4,0,5.919607980398039e-4,0.995,303.8730841675049,2500,5000
Scalar region null,Conventional,262,0.4646,0.007053323188398501,0.45077548655073896,0.47842451344926107,0.995,303.8730841675049,2500,5000
Scalar region null,Anytime-valid,264,2e-4,1.9997999899989998e-4,0,5.919607980398039e-4,0.995,303.8730841675049,2500,5000
Scalar region null,Conventional,264,0.465,0.007053722421530351,0.45117470405380056,0.4788252959461995,0.995,303.8730841675049,2500,5000
Scalar region null,Anytime-valid,267,4e-4,2.8278613827413816e-4,0,9.542608310173109e-4,0.995,303.8730841675049,2500,5000
Scalar region null,Conventional,267,0.466,0.00705470056061914,0.4521727869011865,0.47982721309881354,0.995,303.8730841675049,2500,5000
Scalar region null,Anytime-valid,270,4e-4,2.8278613827413816e-4,0,9.542608310173109e-4,0.995,303.8730841675049,2500,5000
Scalar region null,Conventional,270,0.4662,0.0070548927702694395,0.4523724101702719,0.4800275898297281,0.995,303.8730841675049,2500,5000
Scalar region null,Anytime-valid,273,6e-4,3.4630622287218577e-4,0,0.001278760196829484,0.995,303.8730841675049,2500,5000
Scalar region null,Conventional,273,0.4668,0.00705546256456655,0.45297129337344955,0.48062870662655044,0.995,303.8730841675049,2500,5000
Scalar region null,Anytime-valid,275,6e-4,3.4630622287218577e-4,0,0.001278760196829484,0.995,303.8730841675049,2500,5000
Scalar region null,Conventional,275,0.4672,0.007055836732804976,0.45337056000370224,0.48102943999629777,0.995,303.8730841675049,2500,5000
Scalar region null,Anytime-valid,278,6e-4,3.4630622287218577e-4,0,0.001278760196829484,0.995,303.8730841675049,2500,5000
Scalar region null,Conventional,278,0.468,0.007056571405434795,0.4541691200453478,0.48183087995465224,0.995,303.8730841675049,2500,5000
Scalar region null,Anytime-valid,281,6e-4,3.4630622287218577e-4,0,0.001278760196829484,0.995,303.8730841675049,2500,5000
Scalar region null,Conventional,281,0.4684,0.007056931911248684,0.45456841345395255,0.4822315865460474,0.995,303.8730841675049,2500,5000
Scalar region null,Anytime-valid,284,6e-4,3.4630622287218577e-4,0,0.001278760196829484,0.995,303.8730841675049,2500,5000
Scalar region null,Conventional,284,0.4692,0.007057639265363454,0.45536702703988763,0.4830329729601124,0.995,303.8730841675049,2500,5000
Scalar region null,Anytime-valid,287,6e-4,3.4630622287218577e-4,0,0.001278760196829484,0.995,303.8730841675049,2500,5000
Scalar region null,Conventional,287,0.47,0.007058328414008518,0.45616567630854327,0.4838343236914567,0.995,303.8730841675049,2500,5000
Scalar region null,Anytime-valid,289,6e-4,3.4630622287218577e-4,0,0.001278760196829484,0.995,303.8730841675049,2500,5000
Scalar region null,Conventional,289,0.4706,0.0070588333313657435,0.45676468667052317,0.48443531332947687,0.995,303.8730841675049,2500,5000
Scalar region null,Anytime-valid,292,6e-4,3.4630622287218577e-4,0,0.001278760196829484,0.995,303.8730841675049,2500,5000
Scalar region null,Conventional,292,0.4714,0.007059490633183105,0.4575633983589611,0.4852366016410389,0.995,303.8730841675049,2500,5000
Scalar region null,Anytime-valid,295,6e-4,3.4630622287218577e-4,0,0.001278760196829484,0.995,303.8730841675049,2500,5000
Scalar region null,Conventional,295,0.4718,0.007059812462098409,0.4579627675742871,0.4856372324257129,0.995,303.8730841675049,2500,5000
Scalar region null,Anytime-valid,298,6e-4,3.4630622287218577e-4,0,0.001278760196829484,0.995,303.8730841675049,2500,5000
Scalar region null,Conventional,298,0.4728,0.00706059714188538,0.45896122960190466,0.48663877039809533,0.995,303.8730841675049,2500,5000
Scalar region null,Anytime-valid,301,6e-4,3.4630622287218577e-4,0,0.001278760196829484,0.995,303.8730841675049,2500,5000
Scalar region null,Conventional,301,0.4734,0.007061054312211456,0.4595603335480655,0.48723966645193445,0.995,303.8730841675049,2500,5000
Scalar region null,Anytime-valid,304,6e-4,3.4630622287218577e-4,0,0.001278760196829484,0.995,303.8730841675049,2500,5000
Scalar region null,Conventional,304,0.4738,0.007061353411351113,0.45995974731375183,0.48764025268624817,0.995,303.8730841675049,2500,5000
Scalar region null,Anytime-valid,307,6e-4,3.4630622287218577e-4,0,0.001278760196829484,0.995,303.8730841675049,2500,5000
Scalar region null,Conventional,307,0.4746,0.007061937977637583,0.46075860156383036,0.4884413984361697,0.995,303.8730841675049,2500,5000
Scalar region null,Anytime-valid,310,6e-4,3.4630622287218577e-4,0,0.001278760196829484,0.995,303.8730841675049,2500,5000
Scalar region null,Conventional,310,0.4746,0.007061937977637583,0.46075860156383036,0.4884413984361697,0.995,303.8730841675049,2500,5000
Scalar region null,Anytime-valid,314,6e-4,3.4630622287218577e-4,0,0.001278760196829484,0.995,303.8730841675049,2500,5000
Scalar region null,Conventional,314,0.476,0.0070629172443120135,0.4621566822011484,0.48984331779885154,0.995,303.8730841675049,2500,5000
Scalar region null,Anytime-valid,317,6e-4,3.4630622287218577e-4,0,0.001278760196829484,0.995,303.8730841675049,2500,5000
Scalar region null,Conventional,317,0.4766,0.007063319899310805,0.46275589299735087,0.4904441070026492,0.995,303.8730841675049,2500,5000
Scalar region null,Anytime-valid,320,6e-4,3.4630622287218577e-4,0,0.001278760196829484,0.995,303.8730841675049,2500,5000
Scalar region null,Conventional,320,0.4776,0.007063968289849552,0.4637546221518949,0.49144537784810516,0.995,303.8730841675049,2500,5000
Scalar region null,Anytime-valid,323,6e-4,3.4630622287218577e-4,0,0.001278760196829484,0.995,303.8730841675049,2500,5000
Scalar region null,Conventional,323,0.4782,0.007064343706247595,0.46435388633575475,0.4920461136642453,0.995,303.8730841675049,2500,5000
Scalar region null,Anytime-valid,326,6e-4,3.4630622287218577e-4,0,0.001278760196829484,0.995,303.8730841675049,2500,5000
Scalar region null,Conventional,326,0.4796,0.007065179969399223,0.46575224725997755,0.4934477527400225,0.995,303.8730841675049,2500,5000
Scalar region null,Anytime-valid,330,6e-4,3.4630622287218577e-4,0,0.001278760196829484,0.995,303.8730841675049,2500,5000
Scalar region null,Conventional,330,0.4802,0.007065521353728966,0.46635157814669126,0.4940484218533088,0.995,303.8730841675049,2500,5000
Scalar region null,Anytime-valid,333,6e-4,3.4630622287218577e-4,0,0.001278760196829484,0.995,303.8730841675049,2500,5000
Scalar region null,Conventional,333,0.4806,0.00706574327300391,0.46675114318491234,0.4944488568150877,0.995,303.8730841675049,2500,5000
Scalar region null,Anytime-valid,336,6e-4,3.4630622287218577e-4,0,0.001278760196829484,0.995,303.8730841675049,2500,5000
Scalar region null,Conventional,336,0.4808,0.007065852531719014,0.46695092903783075,0.49464907096216926,0.995,303.8730841675049,2500,5000
Scalar region null,Anytime-valid,340,6e-4,3.4630622287218577e-4,0,0.001278760196829484,0.995,303.8730841675049,2500,5000
Scalar region null,Conventional,340,0.4822,0.007066585597019256,0.4683494922298423,0.49605050777015774,0.995,303.8730841675049,2500,5000
Scalar region null,Anytime-valid,343,6e-4,3.4630622287218577e-4,0,0.001278760196829484,0.995,303.8730841675049,2500,5000
Scalar region null,Conventional,343,0.4824,0.007066685786137658,0.4685492958591702,0.4962507041408298,0.995,303.8730841675049,2500,5000
Scalar region null,Anytime-valid,347,6e-4,3.4630622287218577e-4,0,0.001278760196829484,0.995,303.8730841675049,2500,5000
Scalar region null,Conventional,347,0.4832,0.00706707520831638,0.4693485325916999,0.49705146740830014,0.995,303.8730841675049,2500,5000
Scalar region null,Anytime-valid,350,6e-4,3.4630622287218577e-4,0,0.001278760196829484,0.995,303.8730841675049,2500,5000
Scalar region null,Conventional,350,0.484,0.007067446497851964,0.47014780486421015,0.4978521951357898,0.995,303.8730841675049,2500,5000
Scalar region null,Anytime-valid,354,6e-4,3.4630622287218577e-4,0,0.001278760196829484,0.995,303.8730841675049,2500,5000
Scalar region null,Conventional,354,0.4844,0.007067625343777075,0.47054745432619693,0.49825254567380306,0.995,303.8730841675049,2500,5000
Scalar region null,Anytime-valid,357,6e-4,3.4630622287218577e-4,0,0.001278760196829484,0.995,303.8730841675049,2500,5000
Scalar region null,Conventional,357,0.4848,0.007067799657602075,0.47094711267109995,0.49865288732890006,0.995,303.8730841675049,2500,5000
Scalar region null,Anytime-valid,361,6e-4,3.4630622287218577e-4,0,0.001278760196829484,0.995,303.8730841675049,2500,5000
Scalar region null,Conventional,361,0.4858,0.0070682156164056,0.471946297391845,0.499653702608155,0.995,303.8730841675049,2500,5000
Scalar region null,Anytime-valid,364,6e-4,3.4630622287218577e-4,0,0.001278760196829484,0.995,303.8730841675049,2500,5000
Scalar region null,Conventional,364,0.487,0.007068677386894949,0.4731453923216859,0.5008546076783141,0.995,303.8730841675049,2500,5000
Scalar region null,Anytime-valid,368,8e-4,3.9983996798719363e-4,1.6313662745100557e-5,0.0015836863372548995,0.995,303.8730841675049,2500,5000
Scalar region null,Conventional,368,0.4874,0.007068822249851809,0.47354510839029046,0.5012548916097096,0.995,303.8730841675049,2500,5000
Scalar region null,Anytime-valid,372,8e-4,3.9983996798719363e-4,1.6313662745100557e-5,0.0015836863372548995,0.995,303.8730841675049,2500,5000
Scalar region null,Conventional,372,0.4876,0.007068892982638794,0.47374496975402797,0.501455030245972,0.995,303.8730841675049,2500,5000
Scalar region null,Anytime-valid,376,8e-4,3.9983996798719363e-4,1.6313662745100557e-5,0.0015836863372548995,0.995,303.8730841675049,2500,5000
Scalar region null,Conventional,376,0.4886,0.007069229661002675,0.4747443098644347,0.5024556901355652,0.995,303.8730841675049,2500,5000
Scalar region null,Anytime-valid,379,8e-4,3.9983996798719363e-4,1.6313662745100557e-5,0.0015836863372548995,0.995,303.8730841675049,2500,5000
Scalar region null,Conventional,379,0.489,0.007069356406349874,0.47514406144355426,0.5028559385564457,0.995,303.8730841675049,2500,5000
Scalar region null,Anytime-valid,383,8e-4,3.9983996798719363e-4,1.6313662745100557e-5,0.0015836863372548995,0.995,303.8730841675049,2500,5000
Scalar region null,Conventional,383,0.4896,0.00706953803299763,0.47574370545532463,0.5034562945446753,0.995,303.8730841675049,2500,5000
Scalar region null,Anytime-valid,387,8e-4,3.9983996798719363e-4,1.6313662745100557e-5,0.0015836863372548995,0.995,303.8730841675049,2500,5000
Scalar region null,Conventional,387,0.49,0.007069653456853455,0.47614347922456723,0.5038565207754327,0.995,303.8730841675049,2500,5000
Scalar region null,Anytime-valid,391,8e-4,3.9983996798719363e-4,1.6313662745100557e-5,0.0015836863372548995,0.995,303.8730841675049,2500,5000
Scalar region null,Conventional,391,0.4904,0.007069764352508505,0.47654326186908336,0.5042567381309166,0.995,303.8730841675049,2500,5000
Scalar region null,Anytime-valid,395,8e-4,3.9983996798719363e-4,1.6313662745100557e-5,0.0015836863372548995,0.995,303.8730841675049,2500,5000
Scalar region null,Conventional,395,0.491,0.007069922206078367,0.4771429524760864,0.5048570475239136,0.995,303.8730841675049,2500,5000
Scalar region null,Anytime-valid,399,8e-4,3.9983996798719363e-4,1.6313662745100557e-5,0.0015836863372548995,0.995,303.8730841675049,2500,5000
Scalar region null,Conventional,399,0.4918,0.007070116830717863,0.477942571011793,0.505657428988207,0.995,303.8730841675049,2500,5000
Scalar region null,Anytime-valid,403,8e-4,3.9983996798719363e-4,1.6313662745100557e-5,0.0015836863372548995,0.995,303.8730841675049,2500,5000
Scalar region null,Conventional,403,0.4926,0.007070293346106653,0.47874222504163094,0.506457774958369,0.995,303.8730841675049,2500,5000
Scalar region null,Anytime-valid,407,8e-4,3.9983996798719363e-4,1.6313662745100557e-5,0.0015836863372548995,0.995,303.8730841675049,2500,5000
Scalar region null,Conventional,407,0.4932,0.007070413849273605,0.4793419888554238,0.5070580111445763,0.995,303.8730841675049,2500,5000
Scalar region null,Anytime-valid,411,8e-4,3.9983996798719363e-4,1.6313662745100557e-5,0.0015836863372548995,0.995,303.8730841675049,2500,5000
Scalar region null,Conventional,411,0.4942,0.007070592054418074,0.48034163957334053,0.5080583604266594,0.995,303.8730841675049,2500,5000
Scalar region null,Anytime-valid,415,0.001,4.469899327725402e-4,1.2389973176582124e-4,0.0018761002682341787,0.995,303.8730841675049,2500,5000
Scalar region null,Conventional,415,0.495,0.007070714249635605,0.4811414000707142,0.5088585999292858,0.995,303.8730841675049,2500,5000
Scalar region null,Anytime-valid,419,0.001,4.469899327725402e-4,1.2389973176582124e-4,0.0018761002682341787,0.995,303.8730841675049,2500,5000
Scalar region null,Conventional,419,0.4962,0.007070863596478156,0.4823411073509028,0.5100588926490972,0.995,303.8730841675049,2500,5000
Scalar region null,Anytime-valid,424,0.001,4.469899327725402e-4,1.2389973176582124e-4,0.0018761002682341787,0.995,303.8730841675049,2500,5000
Scalar region null,Conventional,424,0.4966,0.007070904326887757,0.4827410275193,0.5104589724806999,0.995,303.8730841675049,2500,5000
Scalar region null,Anytime-valid,428,0.0012,4.896039215529222e-4,2.4037631375627242e-4,0.0021596236862437275,0.995,303.8730841675049,2500,5000
Scalar region null,Conventional,428,0.4972,0.0070709569366529165,0.48334092440416027,0.5110590755958397,0.995,303.8730841675049,2500,5000
Scalar region null,Anytime-valid,432,0.0012,4.896039215529222e-4,2.4037631375627242e-4,0.0021596236862437275,0.995,303.8730841675049,2500,5000
Scalar region null,Conventional,432,0.4982,0.007071021991197595,0.4843407968972527,0.5120592031027472,0.995,303.8730841675049,2500,5000
Scalar region null,Anytime-valid,437,0.0012,4.896039215529222e-4,2.4037631375627242e-4,0.0021596236862437275,0.995,303.8730841675049,2500,5000
Scalar region null,Conventional,437,0.4988,0.007071047447160852,0.48494074700356476,0.5126592529964353,0.995,303.8730841675049,2500,5000
Scalar region null,Anytime-valid,441,0.0014,5.287797272967262e-4,3.6359173449841665e-4,0.0024364082655015835,0.995,303.8730841675049,2500,5000
Scalar region null,Conventional,441,0.4994,0.0070710627206948175,0.4855407170674382,0.5132592829325618,0.995,303.8730841675049,2500,5000
Scalar region null,Anytime-valid,445,0.0014,5.287797272967262e-4,3.6359173449841665e-4,0.0024364082655015835,0.995,303.8730841675049,2500,5000
Scalar region null,Conventional,445,0.4998,0.007071067246180028,0.4859407081974872,0.5136592918025129,0.995,303.8730841675049,2500,5000
Scalar region null,Anytime-valid,450,0.0016,5.652326954449822e-4,4.921439169278349e-4,0.0027078560830721653,0.995,303.8730841675049,2500,5000
Scalar region null,Conventional,450,0.5004,0.007071065549123414,0.4865407115237181,0.5142592884762819,0.995,303.8730841675049,2500,5000
Scalar region null,Anytime-valid,454,0.0018,5.994597567810536e-4,6.250588767091349e-4,0.002974941123290865,0.995,303.8730841675049,2500,5000
Scalar region null,Conventional,454,0.5006,0.0070710627206948175,0.4867407170674382,0.5144592829325619,0.995,303.8730841675049,2500,5000
Scalar region null,Anytime-valid,459,0.0018,5.994597567810536e-4,6.250588767091349e-4,0.002974941123290865,0.995,303.8730841675049,2500,5000
Scalar region null,Conventional,459,0.5012,0.007071047447160852,0.4873407470035647,0.5150592529964353,0.995,303.8730841675049,2500,5000
Scalar region null,Anytime-valid,464,0.0018,5.994597567810536e-4,6.250588767091349e-4,0.002974941123290865,0.995,303.8730841675049,2500,5000
Scalar region null,Conventional,464,0.5016,0.007071031607905596,0.4877407780485051,0.515459221951495,0.995,303.8730841675049,2500,5000
Scalar region null,Anytime-valid,468,0.0018,5.994597567810536e-4,6.250588767091349e-4,0.002974941123290865,0.995,303.8730841675049,2500,5000
Scalar region null,Conventional,468,0.5024,0.007070986352695075,0.4885408667487176,0.5162591332512823,0.995,303.8730841675049,2500,5000
Scalar region null,Anytime-valid,473,0.0018,5.994597567810536e-4,6.250588767091349e-4,0.002974941123290865,0.995,303.8730841675049,2500,5000
Scalar region null,Conventional,473,0.503,0.007070940531499328,0.48914095655826134,0.5168590434417387,0.995,303.8730841675049,2500,5000
Scalar region null,Anytime-valid,478,0.0018,5.994597567810536e-4,6.250588767091349e-4,0.002974941123290865,0.995,303.8730841675049,2500,5000
Scalar region null,Conventional,478,0.5036,0.0070708845274123945,0.48974106632627173,0.5174589336737283,0.995,303.8730841675049,2500,5000
Scalar region null,Anytime-valid,483,0.002,6.318227599572526e-4,7.61627390483785e-4,0.003238372609516215,0.995,303.8730841675049,2500,5000
Scalar region null,Conventional,483,0.5038,0.007070863596478156,0.48994110735090285,0.5176588926490973,0.995,303.8730841675049,2500,5000
Scalar region null,Anytime-valid,487,0.002,6.318227599572526e-4,7.61627390483785e-4,0.003238372609516215,0.995,303.8730841675049,2500,5000
Scalar region null,Conventional,487,0.504,0.007070841534074993,0.490141150593213,0.517858849406787,0.995,303.8730841675049,2500,5000
Scalar region null,Anytime-valid,492,0.002,6.318227599572526e-4,7.61627390483785e-4,0.003238372609516215,0.995,303.8730841675049,2500,5000
Scalar region null,Conventional,492,0.505,0.007070714249635605,0.4911414000707142,0.5188585999292858,0.995,303.8730841675049,2500,5000
Scalar region null,Anytime-valid,497,0.002,6.318227599572526e-4,7.61627390483785e-4,0.003238372609516215,0.995,303.8730841675049,2500,5000
Scalar region null,Conventional,497,0.5056,0.007070624300583365,0.49174157637085664,0.5194584236291434,0.995,303.8730841675049,2500,5000
Scalar region null,Anytime-valid,502,0.002,6.318227599572526e-4,7.61627390483785e-4,0.003238372609516215,0.995,303.8730841675049,2500,5000
Scalar region null,Conventional,502,0.506,0.007070558676653493,0.49214170499375914,0.5198582950062408,0.995,303.8730841675049,2500,5000
Scalar region null,Anytime-valid,507,0.002,6.318227599572526e-4,7.61627390483785e-4,0.003238372609516215,0.995,303.8730841675049,2500,5000
Scalar region null,Conventional,507,0.5066,0.0070704517536010385,0.49274191456294203,0.5204580854370581,0.995,303.8730841675049,2500,5000
Scalar region null,Anytime-valid,512,0.002,6.318227599572526e-4,7.61627390483785e-4,0.003238372609516215,0.995,303.8730841675049,2500,5000
Scalar region null,Conventional,512,0.5074,0.007070293346106652,0.4935422250416309,0.521257774958369,0.995,303.8730841675049,2500,5000
Scalar region null,Anytime-valid,518,0.002,6.318227599572526e-4,7.61627390483785e-4,0.003238372609516215,0.995,303.8730841675049,2500,5000
Scalar region null,Conventional,518,0.508,0.007070162657251953,0.49414248119178616,0.5218575188082138,0.995,303.8730841675049,2500,5000
Scalar region null,Anytime-valid,523,0.002,6.318227599572526e-4,7.61627390483785e-4,0.003238372609516215,0.995,303.8730841675049,2500,5000
Scalar region null,Conventional,523,0.5086,0.007070021782144663,0.4947427573069965,0.5224572426930036,0.995,303.8730841675049,2500,5000
Scalar region null,Anytime-valid,528,0.002,6.318227599572526e-4,7.61627390483785e-4,0.003238372609516215,0.995,303.8730841675049,2500,5000
Scalar region null,Conventional,528,0.5092,0.007069870720175865,0.4953430533884553,0.5230569466115447,0.995,303.8730841675049,2500,5000
Scalar region null,Anytime-valid,533,0.002,6.318227599572526e-4,7.61627390483785e-4,0.003238372609516215,0.995,303.8730841675049,2500,5000
Scalar region null,Conventional,533,0.5094,0.007069818102327669,0.49554315651943776,0.5232568434805622,0.995,303.8730841675049,2500,5000
Scalar region null,Anytime-valid,539,0.002,6.318227599572526e-4,7.61627390483785e-4,0.003238372609516215,0.995,303.8730841675049,2500,5000
Scalar region null,Conventional,539,0.5104,0.00706953803299763,0.4965437054553246,0.5242562945446754,0.995,303.8730841675049,2500,5000
Scalar region null,Anytime-valid,544,0.002,6.318227599572526e-4,7.61627390483785e-4,0.003238372609516215,0.995,303.8730841675049,2500,5000
Scalar region null,Conventional,544,0.5106,0.007069478622925456,0.4967438218990662,0.5244561781009339,0.995,303.8730841675049,2500,5000
Scalar region null,Anytime-valid,550,0.002,6.318227599572526e-4,7.61627390483785e-4,0.003238372609516215,0.995,303.8730841675049,2500,5000
Scalar region null,Conventional,550,0.5118,0.007069098386640265,0.4979445671621851,0.5256554328378149,0.995,303.8730841675049,2500,5000
Scalar region null,Anytime-valid,555,0.002,6.318227599572526e-4,7.61627390483785e-4,0.003238372609516215,0.995,303.8730841675049,2500,5000
Scalar region null,Conventional,555,0.5124,0.007068892982638795,0.49854496975402796,0.526255030245972,0.995,303.8730841675049,2500,5000
Scalar region null,Anytime-valid,561,0.002,6.318227599572526e-4,7.61627390483785e-4,0.003238372609516215,0.995,303.8730841675049,2500,5000
Scalar region null,Conventional,561,0.5128,0.007068750384615374,0.4989452492461539,0.5266547507538462,0.995,303.8730841675049,2500,5000
Scalar region null,Anytime-valid,567,0.002,6.318227599572526e-4,7.61627390483785e-4,0.003238372609516215,0.995,303.8730841675049,2500,5000
Scalar region null,Conventional,567,0.5134,0.00706852799386124,0.49954568513203196,0.527254314867968,0.995,303.8730841675049,2500,5000
Scalar region null,Anytime-valid,572,0.0022,6.625948988635515e-4,9.013139982274392e-4,0.0034986860017725612,0.995,303.8730841675049,2500,5000
Scalar region null,Conventional,572,0.5142,0.0070682156164056,0.500346297391845,0.528053702608155,0.995,303.8730841675049,2500,5000
Scalar region null,Anytime-valid,578,0.0022,6.625948988635515e-4,9.013139982274392e-4,0.0034986860017725612,0.995,303.8730841675049,2500,5000
Scalar region null,Conventional,578,0.5156,0.007067625343777074,0.5017474543261968,0.5294525456738031,0.995,303.8730841675049,2500,5000
Scalar region null,Anytime-valid,584,0.0022,6.625948988635515e-4,9.013139982274392e-4,0.0034986860017725612,0.995,303.8730841675049,2500,5000
Scalar region null,Conventional,584,0.516,0.007067446497851964,0.5021478048642102,0.5298521951357898,0.995,303.8730841675049,2500,5000
Scalar region null,Anytime-valid,590,0.0024,6.91988439209789e-4,0.0010437026591488133,0.0037562973408511863,0.995,303.8730841675049,2500,5000
Scalar region null,Conventional,590,0.5166,0.007067169730521547,0.5027483473281777,0.5304516526718221,0.995,303.8730841675049,2500,5000
Scalar region null,Anytime-valid,596,0.0026,7.201722016295824e-4,0.0011884624848060184,0.004011537515193981,0.995,303.8730841675049,2500,5000
Scalar region null,Conventional,596,0.5174,0.007066784841779181,0.5035491017101128,0.5312508982898871,0.995,303.8730841675049,2500,5000
Scalar region null,Anytime-valid,602,0.0032,7.987189743583158e-4,0.001634510810257701,0.0047654891897422995,0.995,303.8730841675049,2500,5000
Scalar region null,Conventional,602,0.5188,0.007066067647567492,0.5049505074107677,0.5326494925892323,0.995,303.8730841675049,2500,5000
Scalar region null,Anytime-valid,608,0.0034,8.232180756032997e-4,0.0017864925718175325,0.005013507428182467,0.995,303.8730841675049,2500,5000
Scalar region null,Conventional,608,0.5194,0.00706574327300391,0.5055511431849123,0.5332488568150876,0.995,303.8730841675049,2500,5000
Scalar region null,Anytime-valid,614,0.0034,8.232180756032997e-4,0.0017864925718175325,0.005013507428182467,0.995,303.8730841675049,2500,5000
Scalar region null,Conventional,614,0.5198,0.007065521353728966,0.5059515781466912,0.5336484218533089,0.995,303.8730841675049,2500,5000
Scalar region null,Anytime-valid,620,0.0034,8.232180756032997e-4,0.0017864925718175325,0.005013507428182467,0.995,303.8730841675049,2500,5000
Scalar region null,Conventional,620,0.5202,0.007065294898303962,0.5063520219993243,0.5340479780006757,0.995,303.8730841675049,2500,5000
Scalar region null,Anytime-valid,626,0.0034,8.232180756032997e-4,0.0017864925718175325,0.005013507428182467,0.995,303.8730841675049,2500,5000
Scalar region null,Conventional,626,0.5206,0.00706506390629271,0.5067524747436662,0.5344475252563337,0.995,303.8730841675049,2500,5000
Scalar region null,Anytime-valid,633,0.0034,8.232180756032997e-4,0.0017864925718175325,0.005013507428182467,0.995,303.8730841675049,2500,5000
Scalar region null,Conventional,633,0.5208,0.007064946708928525,0.5069527044505001,0.5346472955495,0.995,303.8730841675049,2500,5000
Scalar region null,Anytime-valid,639,0.0034,8.232180756032997e-4,0.0017864925718175325,0.005013507428182467,0.995,303.8730841675049,2500,5000
Scalar region null,Conventional,639,0.5212,0.007064708911200801,0.5073531705340464,0.5350468294659536,0.995,303.8730841675049,2500,5000
Scalar region null,Anytime-valid,645,0.0034,8.232180756032997e-4,0.0017864925718175325,0.005013507428182467,0.995,303.8730841675049,2500,5000
Scalar region null,Conventional,645,0.5216,0.007064466575757862,0.5077536455115146,0.5354463544884853,0.995,303.8730841675049,2500,5000
Scalar region null,Anytime-valid,652,0.0034,8.232180756032997e-4,0.0017864925718175325,0.005013507428182467,0.995,303.8730841675049,2500,5000
Scalar region null,Conventional,652,0.5224,0.007063968289849552,0.5085546221518948,0.5362453778481051,0.995,303.8730841675049,2500,5000
Scalar region null,Anytime-valid,658,0.0034,8.232180756032997e-4,0.0017864925718175325,0.005013507428182467,0.995,303.8730841675049,2500,5000
Scalar region null,Conventional,658,0.5226,0.007063840881560117,0.5087548718721421,0.5364451281278578,0.995,303.8730841675049,2500,5000
Scalar region null,Anytime-valid,665,0.0036,8.46999409681022e-4,0.0019398811570251967,0.005260118842974803,0.995,303.8730841675049,2500,5000
Scalar region null,Conventional,665,0.5234,0.007063319899310805,0.5095558929973508,0.5372441070026491,0.995,303.8730841675049,2500,5000
Scalar region null,Anytime-valid,672,0.0036,8.46999409681022e-4,0.0019398811570251967,0.005260118842974803,0.995,303.8730841675049,2500,5000
Scalar region null,Conventional,672,0.524,0.0070629172443120135,0.5101566822011485,0.5378433177988515,0.995,303.8730841675049,2500,5000
Scalar region null,Anytime-valid,679,0.0038,8.701218305501822e-4,0.002094561212121643,0.005505438787878357,0.995,303.8730841675049,2500,5000
Scalar region null,Conventional,679,0.5252,0.007062081279622884,0.5113583206919391,0.5390416793080609,0.995,303.8730841675049,2500,5000
Scalar region null,Anytime-valid,685,0.0042,9.145884320283086e-4,0.002407406673224515,0.005992593326775484,0.995,303.8730841675049,2500,5000
Scalar region null,Conventional,685,0.5254,0.007061937977637583,0.5115586015638303,0.5392413984361697,0.995,303.8730841675049,2500,5000
Scalar region null,Anytime-valid,692,0.0042,9.145884320283086e-4,0.002407406673224515,0.005992593326775484,0.995,303.8730841675049,2500,5000
Scalar region null,Conventional,692,0.526,0.007061501256815012,0.5121594575366426,0.5398405424633574,0.995,303.8730841675049,2500,5000
Scalar region null,Anytime-valid,699,0.0044,9.360170938610043e-4,0.002565406496032432,0.006234593503967569,0.995,303.8730841675049,2500,5000
Scalar region null,Conventional,699,0.5268,0.007060903058391328,0.512960630005553,0.5406393699944471,0.995,303.8730841675049,2500,5000
Scalar region null,Anytime-valid,706,0.0044,9.360170938610043e-4,0.002565406496032432,0.006234593503967569,0.995,303.8730841675049,2500,5000
Scalar region null,Conventional,706,0.5272,0.00706059714188538,0.5133612296019047,0.5410387703980953,0.995,303.8730841675049,2500,5000
Scalar region null,Anytime-valid,713,0.0044,9.360170938610043e-4,0.002565406496032432,0.006234593503967569,0.995,303.8730841675049,2500,5000
Scalar region null,Conventional,713,0.5276,0.007060286679731922,0.5137618381077254,0.5414381618922746,0.995,303.8730841675049,2500,5000
Scalar region null,Anytime-valid,721,0.0044,9.360170938610043e-4,0.002565406496032432,0.006234593503967569,0.995,303.8730841675049,2500,5000
Scalar region null,Conventional,721,0.5282,0.007059812462098409,0.5143627675742871,0.5420372324257129,0.995,303.8730841675049,2500,5000
Scalar region null,Anytime-valid,728,0.0044,9.360170938610043e-4,0.002565406496032432,0.006234593503967569,0.995,303.8730841675049,2500,5000
Scalar region null,Conventional,728,0.5284,0.007059652116074842,0.5145630818524933,0.5422369181475066,0.995,303.8730841675049,2500,5000
Scalar region null,Anytime-valid,735,0.0046,9.569576793150259e-4,0.0027243629485425493,0.0064756370514574505,0.995,303.8730841675049,2500,5000
Scalar region null,Conventional,735,0.5292,0.007058999362515909,0.5153643612494688,0.5430356387505312,0.995,303.8730841675049,2500,5000
Scalar region null,Anytime-valid,743,0.0046,9.569576793150259e-4,0.0027243629485425493,0.0064756370514574505,0.995,303.8730841675049,2500,5000
Scalar region null,Conventional,743,0.5302,0.007058157833315999,0.5163660106467006,0.5440339893532994,0.995,303.8730841675049,2500,5000
Scalar region null,Anytime-valid,750,0.0048,9.774415583552807e-4,0.002884214545623649,0.00671578545437635,0.995,303.8730841675049,2500,5000
Scalar region null,Conventional,750,0.5312,0.007057287864328619,0.5173677157859159,0.5450322842140841,0.995,303.8730841675049,2500,5000
Scalar region null,Anytime-valid,758,0.0052,0.0010171489566430279,0.003206388044979665,0.0071936119550203344,0.995,303.8730841675049,2500,5000
Scalar region null,Conventional,758,0.532,0.007056571405434795,0.5181691200453479,0.5458308799546522,0.995,303.8730841675049,2500,5000
Scalar region null,Anytime-valid,765,0.0052,0.0010171489566430279,0.003206388044979665,0.0071936119550203344,0.995,303.8730841675049,2500,5000
Scalar region null,Conventional,765,0.532,0.007056571405434795,0.5181691200453479,0.5458308799546522,0.995,303.8730841675049,2500,5000
Scalar region null,Anytime-valid,773,0.0052,0.0010171489566430279,0.003206388044979665,0.0071936119550203344,0.995,303.8730841675049,2500,5000
Scalar region null,Conventional,773,0.5326,0.007056022108808901,0.5187701966667345,0.5464298033332654,0.995,303.8730841675049,2500,5000
Scalar region null,Anytime-valid,781,0.0054,0.001036420763975713,0.003368615302607603,0.007431384697392397,0.995,303.8730841675049,2500,5000
Scalar region null,Conventional,781,0.533,0.007055650218087629,0.5191709255725483,0.5468290744274518,0.995,303.8730841675049,2500,5000
Scalar region null,Anytime-valid,789,0.0058,0.001073905023733477,0.0036951461534823846,0.007904853846517615,0.995,303.8730841675049,2500,5000
Scalar region null,Conventional,789,0.5336,0.007055083840749166,0.5197720356721316,0.5474279643278683,0.995,303.8730841675049,2500,5000
Scalar region null,Anytime-valid,797,0.0058,0.001073905023733477,0.0036951461534823846,0.007904853846517615,0.995,303.8730841675049,2500,5000
Scalar region null,Conventional,797,0.5348,0.007053920328441483,0.5209743161562548,0.5486256838437453,0.995,303.8730841675049,2500,5000
Scalar region null,Anytime-valid,805,0.006,0.0010921538353180838,0.003859378482776556,0.008140621517223445,0.995,303.8730841675049,2500,5000
Scalar region null,Conventional,805,0.536,0.007052715788970941,0.522176677053617,0.549823322946383,0.995,303.8730841675049,2500,5000
Scalar region null,Anytime-valid,813,0.006,0.0010921538353180838,0.003859378482776556,0.008140621517223445,0.995,303.8730841675049,2500,5000
Scalar region null,Conventional,813,0.5364,0.007052305155053913,0.5225774818960943,0.5502225181039057,0.995,303.8730841675049,2500,5000
Scalar region null,Anytime-valid,821,0.006,0.0010921538353180838,0.003859378482776556,0.008140621517223445,0.995,303.8730841675049,2500,5000
Scalar region null,Conventional,821,0.5368,0.007051889959436407,0.5229782956795047,0.5506217043204954,0.995,303.8730841675049,2500,5000
Scalar region null,Anytime-valid,829,0.006,0.0010921538353180838,0.003859378482776556,0.008140621517223445,0.995,303.8730841675049,2500,5000
Scalar region null,Conventional,829,0.5372,0.007051470201312631,0.5233791184054273,0.5510208815945727,0.995,303.8730841675049,2500,5000
Scalar region null,Anytime-valid,838,0.0064,0.0011277446519491901,0.004189620482179588,0.008610379517820413,0.995,303.8730841675049,2500,5000
Scalar region null,Conventional,838,0.5382,0.007050400839668621,0.5243812143542496,0.5520187856457505,0.995,303.8730841675049,2500,5000
Scalar region null,Anytime-valid,846,0.0068,0.001162218568084334,0.004522051606554705,0.009077948393445294,0.995,303.8730841675049,2500,5000
Scalar region null,Conventional,846,0.539,0.0070495248066802345,0.5251829313789068,0.5528170686210933,0.995,303.8730841675049,2500,5000
Scalar region null,Anytime-valid,855,0.007,0.0011790674280973078,0.004689027840929277,0.009310972159070723,0.995,303.8730841675049,2500,5000
Scalar region null,Conventional,855,0.5404,0.007047947786412723,0.526586022338631,0.5542139776613689,0.995,303.8730841675049,2500,5000
Scalar region null,Anytime-valid,863,0.007,0.0011790674280973078,0.004689027840929277,0.009310972159070723,0.995,303.8730841675049,2500,5000
Scalar region null,Conventional,863,0.5406,0.00704771792852126,0.5267864728600983,0.5544135271399017,0.995,303.8730841675049,2500,5000
Scalar region null,Anytime-valid,872,0.007,0.0011790674280973078,0.004689027840929277,0.009310972159070723,0.995,303.8730841675049,2500,5000
Scalar region null,Conventional,872,0.5414,0.007046787069296192,0.5275882973441794,0.5552117026558205,0.995,303.8730841675049,2500,5000
Scalar region null,Anytime-valid,881,0.0072,0.0011956721958797903,0.004856482496075611,0.00954351750392439,0.995,303.8730841675049,2500,5000
Scalar region null,Conventional,881,0.5414,0.007046787069296192,0.5275882973441794,0.5552117026558205,0.995,303.8730841675049,2500,5000
Scalar region null,Anytime-valid,889,0.0072,0.0011956721958797903,0.004856482496075611,0.00954351750392439,0.995,303.8730841675049,2500,5000
Scalar region null,Conventional,889,0.542,0.0070460769226570324,0.5281896892315923,0.5558103107684078,0.995,303.8730841675049,2500,5000
Scalar region null,Anytime-valid,898,0.0072,0.0011956721958797903,0.004856482496075611,0.00954351750392439,0.995,303.8730841675049,2500,5000
Scalar region null,Conventional,898,0.5422,0.007045837920361212,0.528390157676092,0.556009842323908,0.995,303.8730841675049,2500,5000
Scalar region null,Anytime-valid,907,0.0076,0.0012281889105508158,0.005192749735320401,0.0100072502646796,0.995,303.8730841675049,2500,5000
Scalar region null,Conventional,907,0.5428,0.007045114051596326,0.5289915764588712,0.5566084235411287,0.995,303.8730841675049,2500,5000
Scalar region null,Anytime-valid,917,0.0076,0.0012281889105508158,0.005192749735320401,0.0100072502646796,0.995,303.8730841675049,2500,5000
Scalar region null,Conventional,917,0.5436,0.007044132877792695,0.5297934995595263,0.5574065004404737,0.995,303.8730841675049,2500,5000
Scalar region null,Anytime-valid,926,0.0076,0.0012281889105508158,0.005192749735320401,0.0100072502646796,0.995,303.8730841675049,2500,5000
Scalar region null,Conventional,926,0.5442,0.00704338498166897,0.5303949654359288,0.5580050345640712,0.995,303.8730841675049,2500,5000
Scalar region null,Anytime-valid,935,0.008,0.0012598412598418898,0.005530711130709897,0.010469288869290104,0.995,303.8730841675049,2500,5000
Scalar region null,Conventional,935,0.5446,0.0070428806606387985,0.5307959539051479,0.5584040460948521,0.995,303.8730841675049,2500,5000
Scalar region null,Anytime-valid,945,0.008,0.0012598412598418898,0.005530711130709897,0.010469288869290104,0.995,303.8730841675049,2500,5000
Scalar region null,Conventional,945,0.5448,0.007042626782671363,0.5309964515059641,0.5586035484940358,0.995,303.8730841675049,2500,5000
Scalar region null,Anytime-valid,954,0.008,0.0012598412598418898,0.005530711130709897,0.010469288869290104,0.995,303.8730841675049,2500,5000
Scalar region null,Conventional,954,0.5456,0.007041599818223129,0.5317984643562826,0.5594015356437173,0.995,303.8730841675049,2500,5000
Scalar region null,Anytime-valid,964,0.0084,0.001290692837200238,0.005870242039087533,0.010929757960912466,0.995,303.8730841675049,2500,5000
Scalar region null,Conventional,964,0.5462,0.007040817566163747,0.5323999975703191,0.560000002429681,0.995,303.8730841675049,2500,5000
Scalar region null,Anytime-valid,973,0.0086,0.0013058361306075123,0.006040561184009276,0.011159438815990724,0.995,303.8730841675049,2500,5000
Scalar region null,Conventional,973,0.5468,0.007040024999955611,0.533001551000087,0.560598448999913,0.995,303.8730841675049,2500,5000
Scalar region null,Anytime-valid,983,0.0086,0.0013058361306075123,0.006040561184009276,0.011159438815990724,0.995,303.8730841675049,2500,5000
Scalar region null,Conventional,983,0.5482,0.007038135548566822,0.534405254324809,0.561994745675191,0.995,303.8730841675049,2500,5000
Scalar region null,Anytime-valid,993,0.0086,0.0013058361306075123,0.006040561184009276,0.011159438815990724,0.995,303.8730841675049,2500,5000
Scalar region null,Conventional,993,0.5488,0.007037308576437444,0.5350068751901825,0.5625931248098174,0.995,303.8730841675049,2500,5000
Scalar region null,Anytime-valid,1003,0.0086,0.0013058361306075123,0.006040561184009276,0.011159438815990724,0.995,303.8730841675049,2500,5000
Scalar region null,Conventional,1003,0.5498,0.007035907333102107,0.5360096216271198,0.5635903783728801,0.995,303.8730841675049,2500,5000
Scalar region null,Anytime-valid,1013,0.0088,0.0013207997577225701,0.0062112324748637635,0.011388767525136238,0.995,303.8730841675049,2500,5000
Scalar region null,Conventional,1013,0.55,0.007035623639735144,0.5362101776661191,0.563789822333881,0.995,303.8730841675049,2500,5000
Scalar region null,Anytime-valid,1024,0.0088,0.0013207997577225701,0.0062112324748637635,0.011388767525136238,0.995,303.8730841675049,2500,5000
Scalar region null,Conventional,1024,0.551,0.007034187941759873,0.5372129916341507,0.5647870083658494,0.995,303.8730841675049,2500,5000
Scalar region null,Anytime-valid,1034,0.009,0.001335589757373124,0.006382244075548676,0.011617755924451321,0.995,303.8730841675049,2500,5000
Scalar region null,Conventional,1034,0.551,0.007034187941759873,0.5372129916341507,0.5647870083658494,0.995,303.8730841675049,2500,5000
Scalar region null,Anytime-valid,1044,0.009,0.001335589757373124,0.006382244075548676,0.011617755924451321,0.995,303.8730841675049,2500,5000
Scalar region null,Conventional,1044,0.5516,0.007033312732987209,0.537814707043345,0.565385292956655,0.995,303.8730841675049,2500,5000
Scalar region null,Anytime-valid,1055,0.009,0.001335589757373124,0.006382244075548676,0.011617755924451321,0.995,303.8730841675049,2500,5000
Scalar region null,Conventional,1055,0.552,0.007032723512267491,0.5382158619159557,0.5657841380840444,0.995,303.8730841675049,2500,5000
Scalar region null,Anytime-valid,1065,0.009,0.001335589757373124,0.006382244075548676,0.011617755924451321,0.995,303.8730841675049,2500,5000
Scalar region null,Conventional,1065,0.5528,0.007031531269929758,0.5390181987109376,0.5665818012890623,0.995,303.8730841675049,2500,5000
Scalar region null,Anytime-valid,1076,0.009,0.001335589757373124,0.006382244075548676,0.011617755924451321,0.995,303.8730841675049,2500,5000
Scalar region null,Conventional,1076,0.5532,0.0070309282459715084,0.5394193806378959,0.5669806193621042,0.995,303.8730841675049,2500,5000
Scalar region null,Anytime-valid,1087,0.0092,0.0013502118352317904,0.00655358480294569,0.01184641519705431,0.995,303.8730841675049,2500,5000
Scalar region null,Conventional,1087,0.5538,0.007030015078219961,0.5400211704466888,0.5675788295533111,0.995,303.8730841675049,2500,5000
Scalar region null,Anytime-valid,1098,0.0092,0.0013502118352317904,0.00655358480294569,0.01184641519705431,0.995,303.8730841675049,2500,5000
Scalar region null,Conventional,1098,0.5548,0.007028470103799262,0.5410241985965534,0.5685758014034465,0.995,303.8730841675049,2500,5000
Scalar region null,Anytime-valid,1109,0.0092,0.0013502118352317904,0.00655358480294569,0.01184641519705431,0.995,303.8730841675049,2500,5000
Scalar region null,Conventional,1109,0.5554,0.007027529295563271,0.541626042580696,0.569173957419304,0.995,303.8730841675049,2500,5000
Scalar region null,Anytime-valid,1120,0.0094,0.0013646713890164183,0.006725244077527821,0.01207475592247218,0.995,303.8730841675049,2500,5000
Scalar region null,Conventional,1120,0.5566,0.007025616556573523,0.5428297915491159,0.570370208450884,0.995,303.8730841675049,2500,5000
Scalar region null,Anytime-valid,1131,0.0096,0.0013789735312905755,0.006897211878670472,0.012302788121329527,0.995,303.8730841675049,2500,5000
Scalar region null,Conventional,1131,0.5574,0.0070243183299164335,0.5436323360733638,0.5711676639266362,0.995,303.8730841675049,2500,5000
Scalar region null,Anytime-valid,1143,0.0096,0.0013789735312905755,0.006897211878670472,0.012302788121329527,0.995,303.8730841675049,2500,5000
Scalar region null,Conventional,1143,0.5576,0.007023990888376778,0.5438329778587815,0.5713670221412185,0.995,303.8730841675049,2500,5000
Scalar region null,Anytime-valid,1154,0.0098,0.0013931231101377939,0.007069478704129923,0.012530521295870076,0.995,303.8730841675049,2500,5000
Scalar region null,Conventional,1154,0.5576,0.007023990888376778,0.5438329778587815,0.5713670221412185,0.995,303.8730841675049,2500,5000
Scalar region null,Anytime-valid,1166,0.0098,0.0013931231101377939,0.007069478704129923,0.012530521295870076,0.995,303.8730841675049,2500,5000
Scalar region null,Conventional,1166,0.558,0.007023332542319209,0.5442342682170545,0.5717657317829457,0.995,303.8730841675049,2500,5000
Scalar region null,Anytime-valid,1178,0.01,0.0014071247279470289,0.007242035533223824,0.012757964466776177,0.995,303.8730841675049,2500,5000
Scalar region null,Conventional,1178,0.5588,0.007022001993733696,0.5450368760922819,0.572563123907718,0.995,303.8730841675049,2500,5000
Scalar region null,Anytime-valid,1190,0.0102,0.0014209827585160914,0.007414873793308461,0.01298512620669154,0.995,303.8730841675049,2500,5000
Scalar region null,Conventional,1190,0.5594,0.007020991952708677,0.545638855772691,0.573161144227309,0.995,303.8730841675049,2500,5000
Scalar region null,Anytime-valid,1202,0.0102,0.0014209827585160914,0.007414873793308461,0.01298512620669154,0.995,303.8730841675049,2500,5000
Scalar region null,Conventional,1202,0.56,0.007019971509913697,0.5462408558405693,0.5737591441594309,0.995,303.8730841675049,2500,5000
Scalar region null,Anytime-valid,1214,0.0104,0.0014347013626535663,0.00758798532919901,0.013212014670800989,0.995,303.8730841675049,2500,5000
Scalar region null,Conventional,1214,0.5606,0.007018940660812,0.5468428763048084,0.5743571236951915,0.995,303.8730841675049,2500,5000
Scalar region null,Anytime-valid,1226,0.0104,0.0014347013626535663,0.00758798532919901,0.013212014670800989,0.995,303.8730841675049,2500,5000
Scalar region null,Conventional,1226,0.5614,0.007017549999821875,0.5476456020003492,0.5751543979996508,0.995,303.8730841675049,2500,5000
Scalar region null,Anytime-valid,1238,0.0106,0.00144828450243728,0.007761362375222932,0.013438637624777068,0.995,303.8730841675049,2500,5000
Scalar region null,Conventional,1238,0.562,0.00701649485141976,0.5482476700912173,0.5757523299087828,0.995,303.8730841675049,2500,5000
Scalar region null,Anytime-valid,1251,0.0106,0.00144828450243728,0.007761362375222932,0.013438637624777068,0.995,303.8730841675049,2500,5000
Scalar region null,Conventional,1251,0.5628,0.007015071774401172,0.5490504593221737,0.5765495406778263,0.995,303.8730841675049,2500,5000
Scalar region null,Anytime-valid,1263,0.0106,0.00144828450243728,0.007761362375222932,0.013438637624777068,0.995,303.8730841675049,2500,5000
Scalar region null,Conventional,1263,0.5636,0.007013630158484265,0.5498532848893708,0.5773467151106292,0.995,303.8730841675049,2500,5000
Scalar region null,Anytime-valid,1276,0.0106,0.00144828450243728,0.007761362375222932,0.013438637624777068,0.995,303.8730841675049,2500,5000
Scalar region null,Conventional,1276,0.5642,0.0070125367735221185,0.5504554279238967,0.5779445720761034,0.995,303.8730841675049,2500,5000
Scalar region null,Anytime-valid,1289,0.0106,0.00144828450243728,0.007761362375222932,0.013438637624777068,0.995,303.8730841675049,2500,5000
Scalar region null,Conventional,1289,0.5642,0.0070125367735221185,0.5504554279238967,0.5779445720761034,0.995,303.8730841675049,2500,5000
Scalar region null,Anytime-valid,1302,0.0106,0.00144828450243728,0.007761362375222932,0.013438637624777068,0.995,303.8730841675049,2500,5000
Scalar region null,Conventional,1302,0.5644,0.007012169992234929,0.5506561468152196,0.5781438531847805,0.995,303.8730841675049,2500,5000
Scalar region null,Anytime-valid,1315,0.0108,0.001461735954268075,0.007934997529634573,0.013665002470365428,0.995,303.8730841675049,2500,5000
Scalar region null,Conventional,1315,0.5648,0.007011432949119602,0.5510575914197255,0.5785424085802744,0.995,303.8730841675049,2500,5000
Scalar region null,Anytime-valid,1328,0.0108,0.001461735954268075,0.007934997529634573,0.013665002470365428,0.995,303.8730841675049,2500,5000
Scalar region null,Conventional,1328,0.5656,0.007009944935589723,0.5518605079262441,0.5793394920737559,0.995,303.8730841675049,2500,5000
Scalar region null,Anytime-valid,1342,0.0112,0.001488258042141886,0.008283014237401904,0.014116985762598096,0.995,303.8730841675049,2500,5000
Scalar region null,Conventional,1342,0.566,0.007009193962218481,0.5522619798340517,0.5797380201659482,0.995,303.8730841675049,2500,5000
Scalar region null,Anytime-valid,1355,0.0112,0.001488258042141886,0.008283014237401904,0.014116985762598096,0.995,303.8730841675049,2500,5000
Scalar region null,Conventional,1355,0.5666,0.0070080587897077455,0.5528642047721728,0.5803357952278272,0.995,303.8730841675049,2500,5000
Scalar region null,Anytime-valid,1369,0.0114,0.0015013354055639933,0.008457382605094575,0.014342617394905426,0.995,303.8730841675049,2500,5000
Scalar region null,Conventional,1369,0.5678,0.007005757061160485,0.5540687161601254,0.5815312838398745,0.995,303.8730841675049,2500,5000
Scalar region null,Anytime-valid,1383,0.0114,0.0015013354055639933,0.008457382605094575,0.014342617394905426,0.995,303.8730841675049,2500,5000
Scalar region null,Conventional,1383,0.5684,0.007004590494811242,0.55467100263017,0.58212899736983,0.995,303.8730841675049,2500,5000
Scalar region null,Anytime-valid,1397,0.0116,0.0015142945552302563,0.008631982671748696,0.014568017328251302,0.995,303.8730841675049,2500,5000
Scalar region null,Conventional,1397,0.569,0.007003413453452538,0.555273309631233,0.5827266903687669,0.995,303.8730841675049,2500,5000
Scalar region null,Anytime-valid,1411,0.0116,0.0015142945552302563,0.008631982671748696,0.014568017328251302,0.995,303.8730841675049,2500,5000
Scalar region null,Conventional,1411,0.5698,0.007001827761377739,0.5560764175876997,0.5835235824123003,0.995,303.8730841675049,2500,5000
Scalar region null,Anytime-valid,1425,0.0116,0.0015142945552302563,0.008631982671748696,0.014568017328251302,0.995,303.8730841675049,2500,5000
Scalar region null,Conventional,1425,0.5702,0.007001027924526512,0.556477985267928,0.5839220147320721,0.995,303.8730841675049,2500,5000
Scalar region null,Anytime-valid,1439,0.0116,0.0015142945552302563,0.008631982671748696,0.014568017328251302,0.995,303.8730841675049,2500,5000
Scalar region null,Conventional,1439,0.5714,0.006998600431514861,0.5576827431542309,0.5851172568457691,0.995,303.8730841675049,2500,5000
Scalar region null,Anytime-valid,1454,0.0116,0.0015142945552302563,0.008631982671748696,0.014568017328251302,0.995,303.8730841675049,2500,5000
Scalar region null,Conventional,1454,0.572,0.00699737093485832,0.5582851529676777,0.5857148470323222,0.995,303.8730841675049,2500,5000
Scalar region null,Anytime-valid,1468,0.0122,0.0015524921899964586,0.009157115307606942,0.01524288469239306,0.995,303.8730841675049,2500,5000
Scalar region null,Conventional,1468,0.5722,0.0069969587679219606,0.558485960814873,0.5859140391851271,0.995,303.8730841675049,2500,5000
Scalar region null,Anytime-valid,1483,0.0124,0.0015650073482255604,0.009332585597477901,0.015467414402522098,0.995,303.8730841675049,2500,5000
Scalar region null,Conventional,1483,0.5728,0.006995715260071696,0.5590883980902595,0.5865116019097405,0.995,303.8730841675049,2500,5000
Scalar region null,Anytime-valid,1498,0.0126,0.0015774181436765586,0.009508260438393945,0.015691739561606056,0.995,303.8730841675049,2500,5000
Scalar region null,Conventional,1498,0.573,0.006995298421082549,0.5592892150946781,0.5867107849053218,0.995,303.8730841675049,2500,5000
Scalar region null,Anytime-valid,1513,0.0126,0.0015774181436765586,0.009508260438393945,0.015691739561606056,0.995,303.8730841675049,2500,5000
Scalar region null,Conventional,1513,0.573,0.006995298421082549,0.5592892150946781,0.5867107849053218,0.995,303.8730841675049,2500,5000
Scalar region null,Anytime-valid,1528,0.0128,0.0015897270205919003,0.009684135039639876,0.015915864960360127,0.995,303.8730841675049,2500,5000
Scalar region null,Conventional,1528,0.5732,0.00699488041355962,0.5594900343894232,0.5869099656105768,0.995,303.8730841675049,2500,5000
Scalar region null,Anytime-valid,1544,0.013,0.0016019363283226958,0.009860204796487516,0.016139795203512483,0.995,303.8730841675049,2500,5000
Scalar region null,Conventional,1544,0.5736,0.006994040892073766,0.5598916798515354,0.5873083201484646,0.995,303.8730841675049,2500,5000
Scalar region null,Anytime-valid,1559,0.013,0.0016019363283226958,0.009860204796487516,0.016139795203512483,0.995,303.8730841675049,2500,5000
Scalar region null,Conventional,1559,0.5742,0.00699277284058334,0.5604941652324567,0.5879058347675434,0.995,303.8730841675049,2500,5000
Scalar region null,Anytime-valid,1575,0.013,0.0016019363283226958,0.009860204796487516,0.016139795203512483,0.995,303.8730841675049,2500,5000
Scalar region null,Conventional,1575,0.575,0.006991065727054781,0.5612975111749726,0.5887024888250273,0.995,303.8730841675049,2500,5000
Scalar region null,Anytime-valid,1591,0.013,0.0016019363283226958,0.009860204796487516,0.016139795203512483,0.995,303.8730841675049,2500,5000
Scalar region null,Conventional,1591,0.5756,0.00698977310075227,0.5619000447225255,0.5892999552774745,0.995,303.8730841675049,2500,5000
Scalar region null,Anytime-valid,1607,0.013,0.0016019363283226958,0.009860204796487516,0.016139795203512483,0.995,303.8730841675049,2500,5000
Scalar region null,Conventional,1607,0.5764,0.006988033199692171,0.5627034549286034,0.5900965450713966,0.995,303.8730841675049,2500,5000
Scalar region null,Anytime-valid,1623,0.013,0.0016019363283226958,0.009860204796487516,0.016139795203512483,0.995,303.8730841675049,2500,5000
Scalar region null,Conventional,1623,0.577,0.0069867159667471816,0.5633060367051754,0.5906939632948245,0.995,303.8730841675049,2500,5000
Scalar region null,Anytime-valid,1640,0.0132,0.0016140483264140513,0.01003646528022846,0.01636353471977154,0.995,303.8730841675049,2500,5000
Scalar region null,Conventional,1640,0.5772,0.0069862745437035325,0.5635069018943412,0.5908930981056589,0.995,303.8730841675049,2500,5000
Scalar region null,Anytime-valid,1656,0.0132,0.0016140483264140513,0.01003646528022846,0.01636353471977154,0.995,303.8730841675049,2500,5000
Scalar region null,Conventional,1656,0.5776,0.006985388178190243,0.5639086391707471,0.5912913608292529,0.995,303.8730841675049,2500,5000
Scalar region null,Anytime-valid,1673,0.0132,0.0016140483264140513,0.01003646528022846,0.01636353471977154,0.995,303.8730841675049,2500,5000
Scalar region null,Conventional,1673,0.578,0.006984497118619207,0.5643103856475064,0.5916896143524936,0.995,303.8730841675049,2500,5000
Scalar region null,Anytime-valid,1690,0.0132,0.0016140483264140513,0.01003646528022846,0.01636353471977154,0.995,303.8730841675049,2500,5000
Scalar region null,Conventional,1690,0.579,0.006982248921371967,0.565314792114111,0.592685207885889,0.995,303.8730841675049,2500,5000
Scalar region null,Anytime-valid,1707,0.0132,0.0016140483264140513,0.01003646528022846,0.01636353471977154,0.995,303.8730841675049,2500,5000
Scalar region null,Conventional,1707,0.5798,0.006980429213164474,0.5661183587421976,0.5934816412578023,0.995,303.8730841675049,2500,5000
Scalar region null,Anytime-valid,1724,0.0136,0.0016379890109521492,0.010389541538533787,0.016810458461466213,0.995,303.8730841675049,2500,5000
Scalar region null,Conventional,1724,0.5804,0.006979052084631551,0.5667210579141222,0.5940789420858779,0.995,303.8730841675049,2500,5000
Scalar region null,Anytime-valid,1741,0.0136,0.0016379890109521492,0.010389541538533787,0.016810458461466213,0.995,303.8730841675049,2500,5000
Scalar region null,Conventional,1741,0.5808,0.006978128115762852,0.5671228688931048,0.5944771311068952,0.995,303.8730841675049,2500,5000
Scalar region null,Anytime-valid,1759,0.0136,0.0016379890109521492,0.010389541538533787,0.016810458461466213,0.995,303.8730841675049,2500,5000
Scalar region null,Conventional,1759,0.5816,0.006976266049972578,0.5679265185420538,0.5952734814579462,0.995,303.8730841675049,2500,5000
Scalar region null,Anytime-valid,1776,0.0136,0.0016379890109521492,0.010389541538533787,0.016810458461466213,0.995,303.8730841675049,2500,5000
Scalar region null,Conventional,1776,0.582,0.006975327949279518,0.5683283572194121,0.5956716427805878,0.995,303.8730841675049,2500,5000
Scalar region null,Anytime-valid,1794,0.0138,0.0016498218085599426,0.010566349255222512,0.017033650744777487,0.995,303.8730841675049,2500,5000
Scalar region null,Conventional,1794,0.5826,0.006973911958148023,0.5689311325620299,0.5962688674379701,0.995,303.8730841675049,2500,5000
Scalar region null,Anytime-valid,1812,0.0138,0.0016498218085599426,0.010566349255222512,0.017033650744777487,0.995,303.8730841675049,2500,5000
Scalar region null,Conventional,1812,0.5832,0.006972485353157796,0.5695339287078107,0.5968660712921894,0.995,303.8730841675049,2500,5000
Scalar region null,Anytime-valid,1831,0.014,0.0016615655268450895,0.010743331567383625,0.017256668432616376,0.995,303.8730841675049,2500,5000
Scalar region null,Conventional,1831,0.5834,0.00697200745840106,0.569734865381534,0.5970651346184661,0.995,303.8730841675049,2500,5000
Scalar region null,Anytime-valid,1849,0.014,0.0016615655268450895,0.010743331567383625,0.017256668432616376,0.995,303.8730841675049,2500,5000
Scalar region null,Conventional,1849,0.5842,0.006970084074098389,0.5705386352147672,0.5978613647852329,0.995,303.8730841675049,2500,5000
Scalar region null,Anytime-valid,1868,0.014,0.0016615655268450895,0.010743331567383625,0.017256668432616376,0.995,303.8730841675049,2500,5000
Scalar region null,Conventional,1868,0.5844,0.006969600275482088,0.5707395834600552,0.5980604165399449,0.995,303.8730841675049,2500,5000
Scalar region null,Anytime-valid,1887,0.014,0.0016615655268450895,0.010743331567383625,0.017256668432616376,0.995,303.8730841675049,2500,5000
Scalar region null,Conventional,1887,0.5848,0.006968629133480989,0.5711414868983773,0.5984585131016227,0.995,303.8730841675049,2500,5000
Scalar region null,Anytime-valid,1906,0.0142,0.0016732220414517615,0.010920484798754548,0.017479515201245452,0.995,303.8730841675049,2500,5000
Scalar region null,Conventional,1906,0.585,0.006968141789602161,0.5713424420923797,0.5986575579076202,0.995,303.8730841675049,2500,5000
Scalar region null,Anytime-valid,1925,0.0144,0.0016847931623792875,0.011097805401736596,0.0177021945982634,0.995,303.8730841675049,2500,5000
Scalar region null,Conventional,1925,0.5852,0.006967653263474008,0.571543399603591,0.5988566003964091,0.995,303.8730841675049,2500,5000
Scalar region null,Anytime-valid,1944,0.0146,0.0016962806371588399,0.011275289951168674,0.017924710048831324,0.995,303.8730841675049,2500,5000
Scalar region null,Conventional,1944,0.5856,0.006966672663474293,0.5719453215795904,0.5992546784204096,0.995,303.8730841675049,2500,5000
Scalar region null,Anytime-valid,1964,0.0146,0.0016962806371588399,0.011275289951168674,0.017924710048831324,0.995,303.8730841675049,2500,5000
Scalar region null,Conventional,1964,0.5862,0.006965192890365636,0.5725482219348834,0.5998517780651167,0.995,303.8730841675049,2500,5000
Scalar region null,Anytime-valid,1984,0.0148,0.0017076861538350657,0.011452935138483271,0.01814706486151673,0.995,303.8730841675049,2500,5000
Scalar region null,Conventional,1984,0.5868,0.006963702463488802,0.5731511431715619,0.6004488568284381,0.995,303.8730841675049,2500,5000
Scalar region null,Anytime-valid,2004,0.0148,0.0017076861538350657,0.011452935138483271,0.01814706486151673,0.995,303.8730841675049,2500,5000
Scalar region null,Conventional,2004,0.587,0.006963203285844813,0.5733521215597441,0.6006478784402558,0.995,303.8730841675049,2500,5000
Scalar region null,Anytime-valid,2024,0.0148,0.0017076861538350657,0.011452935138483271,0.01814706486151673,0.995,303.8730841675049,2500,5000
Scalar region null,Conventional,2024,0.5876,0.006961698643291018,0.5739550706591496,0.6012449293408504,0.995,303.8730841675049,2500,5000
Scalar region null,Anytime-valid,2044,0.0148,0.0017076861538350657,0.011452935138483271,0.01814706486151673,0.995,303.8730841675049,2500,5000
Scalar region null,Conventional,2044,0.5878,0.006961194725045407,0.574156058338911,0.6014439416610889,0.995,303.8730841675049,2500,5000
Scalar region null,Anytime-valid,2065,0.0148,0.0017076861538350657,0.011452935138483271,0.01814706486151673,0.995,303.8730841675049,2500,5000
Scalar region null,Conventional,2065,0.5878,0.006961194725045407,0.574156058338911,0.6014439416610889,0.995,303.8730841675049,2500,5000
Scalar region null,Anytime-valid,2086,0.0148,0.0017076861538350657,0.011452935138483271,0.01814706486151673,0.995,303.8730841675049,2500,5000
Scalar region null,Conventional,2086,0.5884,0.006959675854520812,0.5747590353251393,0.6020409646748608,0.995,303.8730841675049,2500,5000
Scalar region null,Anytime-valid,2107,0.0148,0.0017076861538350657,0.011452935138483271,0.01814706486151673,0.995,303.8730841675049,2500,5000
Scalar region null,Conventional,2107,0.5884,0.006959675854520812,0.5747590353251393,0.6020409646748608,0.995,303.8730841675049,2500,5000
Scalar region null,Anytime-valid,2128,0.0148,0.0017076861538350657,0.011452935138483271,0.01814706486151673,0.995,303.8730841675049,2500,5000
Scalar region null,Conventional,2128,0.589,0.006958146304871723,0.5753620332424514,0.6026379667575485,0.995,303.8730841675049,2500,5000
Scalar region null,Anytime-valid,2149,0.015,0.0017190113437671084,0.011630737766216467,0.01836926223378353,0.995,303.8730841675049,2500,5000
Scalar region null,Conventional,2149,0.589,0.006958146304871723,0.5753620332424514,0.6026379667575485,0.995,303.8730841675049,2500,5000
Scalar region null,Anytime-valid,2171,0.015,0.0017190113437671084,0.011630737766216467,0.01836926223378353,0.995,303.8730841675049,2500,5000
Scalar region null,Conventional,2171,0.5894,0.006957120668782452,0.5757640434891864,0.6030359565108137,0.995,303.8730841675049,2500,5000
Scalar region null,Anytime-valid,2193,0.0152,0.001730257784262218,0.011808694742846054,0.018591305257153946,0.995,303.8730841675049,2500,5000
Scalar region null,Conventional,2193,0.5898,0.006956090281185258,0.5761660630488769,0.6034339369511231,0.995,303.8730841675049,2500,5000
Scalar region null,Anytime-valid,2215,0.0156,0.001752520470636506,0.012165059877552448,0.019034940122447552,0.995,303.8730841675049,2500,5000
Scalar region null,Conventional,2215,0.5908,0.006953493510459329,0.5771711527194997,0.6044288472805003,0.995,303.8730841675049,2500,5000
Scalar region null,Anytime-valid,2237,0.0156,0.001752520470636506,0.012165059877552448,0.019034940122447552,0.995,303.8730841675049,2500,5000
Scalar region null,Conventional,2237,0.5908,0.006953493510459329,0.5771711527194997,0.6044288472805003,0.995,303.8730841675049,2500,5000
Scalar region null,Anytime-valid,2260,0.0156,0.001752520470636506,0.012165059877552448,0.019034940122447552,0.995,303.8730841675049,2500,5000
Scalar region null,Conventional,2260,0.5914,0.00695192117331605,0.5777742345003006,0.6050257654996994,0.995,303.8730841675049,2500,5000
Scalar region null,Anytime-valid,2282,0.0158,0.0017635396224638675,0.012343462339970822,0.01925653766002918,0.995,303.8730841675049,2500,5000
Scalar region null,Conventional,2282,0.5918,0.0069508669962818305,0.5781763006872876,0.6054236993127123,0.995,303.8730841675049,2500,5000
Scalar region null,Anytime-valid,2305,0.0158,0.0017635396224638675,0.012343462339970822,0.01925653766002918,0.995,303.8730841675049,2500,5000
Scalar region null,Conventional,2305,0.5926,0.0069487443470025575,0.578980461079875,0.606219538920125,0.995,303.8730841675049,2500,5000
Scalar region null,Anytime-valid,2329,0.0158,0.0017635396224638675,0.012343462339970822,0.01925653766002918,0.995,303.8730841675049,2500,5000
Scalar region null,Conventional,2329,0.5936,0.006946064209320268,0.5799857141497323,0.6072142858502677,0.995,303.8730841675049,2500,5000
Scalar region null,Anytime-valid,2352,0.0158,0.0017635396224638675,0.012343462339970822,0.01925653766002918,0.995,303.8730841675049,2500,5000
Scalar region null,Conventional,2352,0.594,0.006944983801277006,0.580387831749497,0.6076121682505029,0.995,303.8730841675049,2500,5000
Scalar region null,Anytime-valid,2376,0.016,0.0017744858410255067,0.012522007751590007,0.019477992248409993,0.995,303.8730841675049,2500,5000
Scalar region null,Conventional,2376,0.5946,0.006943354232645775,0.5809910257040143,0.6082089742959857,0.995,303.8730841675049,2500,5000
Scalar region null,Anytime-valid,2400,0.016,0.0017744858410255067,0.012522007751590007,0.019477992248409993,0.995,303.8730841675049,2500,5000
Scalar region null,Conventional,2400,0.5952,0.006941713909403066,0.5815942407375699,0.60880575926243,0.995,303.8730841675049,2500,5000
Scalar region null,Anytime-valid,2424,0.016,0.0017744858410255067,0.012522007751590007,0.019477992248409993,0.995,303.8730841675049,2500,5000
Scalar region null,Conventional,2424,0.5956,0.006940614382026997,0.5819963958112271,0.609203604188773,0.995,303.8730841675049,2500,5000
Scalar region null,Anytime-valid,2448,0.0162,0.0017853604678047513,0.012700693483102687,0.019699306516897313,0.995,303.8730841675049,2500,5000
Scalar region null,Conventional,2448,0.5958,0.0069400628239231375,0.5821974768651107,0.6094025231348893,0.995,303.8730841675049,2500,5000
Scalar region null,Anytime-valid,2473,0.0162,0.0017853604678047513,0.012700693483102687,0.019699306516897313,0.995,303.8730841675049,2500,5000
Scalar region null,Conventional,2473,0.5962,0.006938956117457438,0.5825996460097834,0.6098003539902165,0.995,303.8730841675049,2500,5000
Scalar region null,Anytime-valid,2498,0.0166,0.0018069001079196382,0.013058475788477509,0.02014152421152249,0.995,303.8730841675049,2500,5000
Scalar region null,Conventional,2498,0.597,0.006936728335461898,0.5834040124624946,0.6105959875375053,0.995,303.8730841675049,2500,5000
Scalar region null,Anytime-valid,2523,0.0166,0.0018069001079196382,0.013058475788477509,0.02014152421152249,0.995,303.8730841675049,2500,5000
Scalar region null,Conventional,2523,0.5974,0.006935607255316581,0.5838062097795795,0.6109937902204206,0.995,303.8730841675049,2500,5000
Scalar region null,Anytime-valid,2549,0.0168,0.0018175676053451217,0.013237567493523561,0.020362432506476437,0.995,303.8730841675049,2500,5000
Scalar region null,Conventional,2549,0.598,0.0069339166421294686,0.5844095233814263,0.6115904766185737,0.995,303.8730841675049,2500,5000
Scalar region null,Anytime-valid,2574,0.017,0.0018281684823888635,0.013416789774517828,0.020583210225482172,0.995,303.8730841675049,2500,5000
Scalar region null,Conventional,2574,0.5988,0.006931645692041681,0.5852139744435984,0.6123860255564016,0.995,303.8730841675049,2500,5000
Scalar region null,Anytime-valid,2600,0.0174,0.001849174951160652,0.013775617095725121,0.02102438290427488,0.995,303.8730841675049,2500,5000
Scalar region null,Conventional,2600,0.5992,0.0069305030120475385,0.5856162140963868,0.6127837859036132,0.995,303.8730841675049,2500,5000
Scalar region null,Anytime-valid,2626,0.0174,0.001849174951160652,0.013775617095725121,0.02102438290427488,0.995,303.8730841675049,2500,5000
Scalar region null,Conventional,2626,0.5992,0.0069305030120475385,0.5856162140963868,0.6127837859036132,0.995,303.8730841675049,2500,5000
Scalar region null,Anytime-valid,2653,0.0176,0.0018595827488982577,0.013955217812159415,0.021244782187840587,0.995,303.8730841675049,2500,5000
Scalar region null,Conventional,2653,0.5992,0.0069305030120475385,0.5856162140963868,0.6127837859036132,0.995,303.8730841675049,2500,5000
Scalar region null,Anytime-valid,2680,0.0176,0.0018595827488982577,0.013955217812159415,0.021244782187840587,0.995,303.8730841675049,2500,5000
Scalar region null,Conventional,2680,0.5994,0.006929929869775018,0.585817337455241,0.6129826625447591,0.995,303.8730841675049,2500,5000
Scalar region null,Anytime-valid,2707,0.0176,0.0018595827488982577,0.013955217812159415,0.021244782187840587,0.995,303.8730841675049,2500,5000
Scalar region null,Conventional,2707,0.5996,0.0069293555255882195,0.5860184631698471,0.613181536830153,0.995,303.8730841675049,2500,5000
Scalar region null,Anytime-valid,2734,0.0182,0.0018904369865192546,0.014494743506422263,0.02190525649357774,0.995,303.8730841675049,2500,5000
Scalar region null,Conventional,2734,0.6002,0.0069276252785496414,0.5866218544540427,0.6137781455459572,0.995,303.8730841675049,2500,5000
Scalar region null,Anytime-valid,2761,0.0182,0.0018904369865192546,0.014494743506422263,0.02190525649357774,0.995,303.8730841675049,2500,5000
Scalar region null,Conventional,2761,0.6016,0.0069235459123197845,0.5880298500118533,0.6151701499881468,0.995,303.8730841675049,2500,5000
Scalar region null,Anytime-valid,2789,0.0182,0.0018904369865192546,0.014494743506422263,0.02190525649357774,0.995,303.8730841675049,2500,5000
Scalar region null,Conventional,2789,0.6016,0.0069235459123197845,0.5880298500118533,0.6151701499881468,0.995,303.8730841675049,2500,5000
Scalar region null,Anytime-valid,2817,0.0184,0.0019006020098905506,0.01467482006061452,0.022125179939385477,0.995,303.8730841675049,2500,5000
Scalar region null,Conventional,2817,0.6028,0.006920002312138343,0.5892367954682088,0.6163632045317912,0.995,303.8730841675049,2500,5000
Scalar region null,Anytime-valid,2846,0.0184,0.0019006020098905506,0.01467482006061452,0.022125179939385477,0.995,303.8730841675049,2500,5000
Scalar region null,Conventional,2846,0.6028,0.006920002312138343,0.5892367954682088,0.6163632045317912,0.995,303.8730841675049,2500,5000
Scalar region null,Anytime-valid,2874,0.0184,0.0019006020098905506,0.01467482006061452,0.022125179939385477,0.995,303.8730841675049,2500,5000
Scalar region null,Conventional,2874,0.603,0.006919407489084596,0.5894379613213941,0.6165620386786058,0.995,303.8730841675049,2500,5000
Scalar region null,Anytime-valid,2903,0.0186,0.001910708769017403,0.014855010812725888,0.02234498918727411,0.995,303.8730841675049,2500,5000
Scalar region null,Conventional,2903,0.6036,0.006917615774238983,0.5900414730824917,0.6171585269175084,0.995,303.8730841675049,2500,5000
Scalar region null,Anytime-valid,2933,0.0188,0.0019207581836347854,0.015035313960075822,0.02256468603992418,0.995,303.8730841675049,2500,5000
Scalar region null,Conventional,2933,0.6038,0.006917016119686291,0.5902426484054148,0.6173573515945852,0.995,303.8730841675049,2500,5000
Scalar region null,Anytime-valid,2962,0.019,0.0019307511491644903,0.0152157277476376,0.0227842722523624,0.995,303.8730841675049,2500,5000
Scalar region null,Conventional,2962,0.6046,0.006914605411735365,0.5910473733929987,0.6181526266070013,0.995,303.8730841675049,2500,5000
Scalar region null,Anytime-valid,2992,0.019,0.0019307511491644903,0.0152157277476376,0.0227842722523624,0.995,303.8730841675049,2500,5000
Scalar region null,Conventional,2992,0.6048,0.006913999710731843,0.5912485605669656,0.6183514394330344,0.995,303.8730841675049,2500,5000
Scalar region null,Anytime-valid,3022,0.019,0.0019307511491644903,0.0152157277476376,0.0227842722523624,0.995,303.8730841675049,2500,5000
Scalar region null,Conventional,3022,0.605,0.006913392799487094,0.5914497501130053,0.6185502498869947,0.995,303.8730841675049,2500,5000
Scalar region null,Anytime-valid,3053,0.0192,0.0019406885376072069,0.015396250466289873,0.023003749533710125,0.995,303.8730841675049,2500,5000
Scalar region null,Conventional,3053,0.6054,0.006912175344998129,0.5918521363238037,0.6189478636761964,0.995,303.8730841675049,2500,5000
Scalar region null,Anytime-valid,3083,0.0194,0.001950571198392922,0.015576880451149874,0.02322311954885013,0.995,303.8730841675049,2500,5000
Scalar region null,Conventional,3083,0.6058,0.006910953045709397,0.5922545320304096,0.6193454679695904,0.995,303.8730841675049,2500,5000
Scalar region null,Anytime-valid,3114,0.0194,0.001950571198392922,0.015576880451149874,0.02322311954885013,0.995,303.8730841675049,2500,5000
Scalar region null,Conventional,3114,0.6058,0.006910953045709397,0.5922545320304096,0.6193454679695904,0.995,303.8730841675049,2500,5000
Scalar region null,Anytime-valid,3146,0.0194,0.001950571198392922,0.015576880451149874,0.02322311954885013,0.995,303.8730841675049,2500,5000
Scalar region null,Conventional,3146,0.606,0.00691034007846213,0.5924557334462142,0.6195442665537858,0.995,303.8730841675049,2500,5000
Scalar region null,Anytime-valid,3177,0.0194,0.001950571198392922,0.015576880451149874,0.02322311954885013,0.995,303.8730841675049,2500,5000
Scalar region null,Conventional,3177,0.6066,0.006908493902436334,0.5930593519512248,0.6201406480487752,0.995,303.8730841675049,2500,5000
Scalar region null,Anytime-valid,3209,0.0196,0.0019603999591920013,0.015757616079983678,0.02344238392001632,0.995,303.8730841675049,2500,5000
Scalar region null,Conventional,3209,0.607,0.006907257053273753,0.5934617761755834,0.6205382238244166,0.995,303.8730841675049,2500,5000
Scalar region null,Anytime-valid,3242,0.0198,0.001970175626689154,0.01593845577168926,0.023661544228310745,0.995,303.8730841675049,2500,5000
Scalar region null,Conventional,3242,0.6072,0.006906636808172267,0.5936629918559824,0.6207370081440176,0.995,303.8730841675049,2500,5000
Scalar region null,Anytime-valid,3274,0.02,0.001979898987322333,0.016119397984848228,0.023880602015151773,0.995,303.8730841675049,2500,5000
Scalar region null,Conventional,3274,0.6078,0.006904768786860281,0.5942666531777538,0.6213333468222462,0.995,303.8730841675049,2500,5000
Scalar region null,Anytime-valid,3307,0.02,0.001979898987322333,0.016119397984848228,0.023880602015151773,0.995,303.8730841675049,2500,5000
Scalar region null,Conventional,3307,0.608,0.006904143683325254,0.5944678783806825,0.6215321216193175,0.995,303.8730841675049,2500,5000
Scalar region null,Anytime-valid,3341,0.0202,0.001989570807988497,0.016300441216342547,0.02409955878365745,0.995,303.8730841675049,2500,5000
Scalar region null,Conventional,3341,0.6086,0.006902261078805988,0.5950715682855403,0.6221284317144598,0.995,303.8730841675049,2500,5000
Scalar region null,Anytime-valid,3374,0.0202,0.001989570807988497,0.016300441216342547,0.02409955878365745,0.995,303.8730841675049,2500,5000
Scalar region null,Conventional,3374,0.6092,0.006900367526443791,0.5956752796481701,0.6227247203518298,0.995,303.8730841675049,2500,5000
Scalar region null,Anytime-valid,3408,0.0202,0.001989570807988497,0.016300441216342547,0.02409955878365745,0.995,303.8730841675049,2500,5000
Scalar region null,Conventional,3408,0.6102,0.0068971872527864575,0.5966815129845385,0.6237184870154614,0.995,303.8730841675049,2500,5000
Scalar region null,Anytime-valid,3443,0.0202,0.001989570807988497,0.016300441216342547,0.02409955878365745,0.995,303.8730841675049,2500,5000
Scalar region null,Conventional,3443,0.6108,0.006895264461933276,0.5972852816546108,0.6243147183453892,0.995,303.8730841675049,2500,5000
Scalar region null,Anytime-valid,3477,0.0204,0.0019991918367180273,0.01648158400003267,0.024318415999967334,0.995,303.8730841675049,2500,5000
Scalar region null,Conventional,3477,0.6118,0.00689203540327529,0.5982916106095805,0.62530838939041955,0.995,303.8730841675049,2500,5000
Scalar region null,Anytime-valid,3512,0.0206,0.002008762803319496,0.016662824905493787,0.024537175094506213,0.995,303.8730841675049,2500,5000
Scalar region null,Conventional,3512,0.613,0.0068881202080103105,0.5994992843922998,0.6265007156077002,0.995,303.8730841675049,2500,5000
Scalar region null,Anytime-valid,3548,0.0208,0.0020182844199963493,0.016844162536807154,0.024755837463192844,0.995,303.8730841675049,2500,5000
Scalar region null,Conventional,3548,0.6132,0.0068874633937321215,0.5997005717482851,0.6266994282517149,0.995,303.8730841675049,2500,5000
Scalar region null,Anytime-valid,3584,0.0208,0.0020182844199963493,0.016844162536807154,0.024755837463192844,0.995,303.8730841675049,2500,5000
Scalar region null,Conventional,3584,0.6146,0.006882831394128437,0.6011096504675083,0.6280903495324918,0.995,303.8730841675049,2500,5000
Scalar region null,Anytime-valid,3620,0.0208,0.0020182844199963493,0.016844162536807154,0.024755837463192844,0.995,303.8730841675049,2500,5000
Scalar region null,Conventional,3620,0.615,0.006881496930174423,0.6015122660168581,0.6284877339831418,0.995,303.8730841675049,2500,5000
Scalar region null,Anytime-valid,3656,0.0208,0.0020182844199963493,0.016844162536807154,0.024755837463192844,0.995,303.8730841675049,2500,5000
Scalar region null,Conventional,3656,0.6156,0.006879486027313377,0.6021162073864659,0.6290837926135342,0.995,303.8730841675049,2500,5000
Scalar region null,Anytime-valid,3693,0.0208,0.0020182844199963493,0.016844162536807154,0.024755837463192844,0.995,303.8730841675049,2500,5000
Scalar region null,Conventional,3693,0.6158,0.006878813269743554,0.6023175259913026,0.6292824740086974,0.995,303.8730841675049,2500,5000
Scalar region null,Anytime-valid,3730,0.0208,0.0020182844199963493,0.016844162536807154,0.024755837463192844,0.995,303.8730841675049,2500,5000
Scalar region null,Conventional,3730,0.6162,0.00687746406751791,0.6027201704276649,0.629679829572335,0.995,303.8730841675049,2500,5000
Scalar region null,Anytime-valid,3768,0.0208,0.0020182844199963493,0.016844162536807154,0.024755837463192844,0.995,303.8730841675049,2500,5000
Scalar region null,Conventional,3768,0.6168,0.006875431041032991,0.6033241551595754,0.6302758448404246,0.995,303.8730841675049,2500,5000
Scalar region null,Anytime-valid,3806,0.0212,0.0020371823678797143,0.017207122558955762,0.025192877441044238,0.995,303.8730841675049,2500,5000
Scalar region null,Conventional,3806,0.6174,0.006873386938038626,0.6039281616014442,0.6308718383985557,0.995,303.8730841675049,2500,5000
Scalar region null,Anytime-valid,3844,0.0214,0.002046560040653584,0.017388742320318975,0.025411257679681023,0.995,303.8730841675049,2500,5000
Scalar region null,Conventional,3844,0.6182,0.006870644220158689,0.6047335373284889,0.631666462671511,0.995,303.8730841675049,2500,5000
Scalar region null,Anytime-valid,3883,0.0216,0.0020558910476968376,0.017570453546514198,0.025629546453485804,0.995,303.8730841675049,2500,5000
Scalar region null,Conventional,3883,0.6184,0.006869955458370891,0.604934887301593,0.631865112698407,0.995,303.8730841675049,2500,5000
Scalar region null,Anytime-valid,3922,0.0216,0.0020558910476968376,0.017570453546514198,0.025629546453485804,0.995,303.8730841675049,2500,5000
Scalar region null,Conventional,3922,0.6186,0.006869265462915231,0.6051362396926862,0.6320637603073139,0.995,303.8730841675049,2500,5000
Scalar region null,Anytime-valid,3961,0.0218,0.0020651760215536106,0.017752254997754922,0.025847745002245077,0.995,303.8730841675049,2500,5000
Scalar region null,Conventional,3961,0.6188,0.006868574233419917,0.605337594502497,0.632262405497503,0.995,303.8730841675049,2500,5000
Scalar region null,Anytime-valid,4001,0.022,0.0020744155803502826,0.017934145462513443,0.026065854537486555,0.995,303.8730841675049,2500,5000
Scalar region null,Conventional,4001,0.619,0.006867881769512344,0.6055389517317558,0.6324610482682442,0.995,303.8730841675049,2500,5000
Scalar region null,Anytime-valid,4042,0.022,0.0020744155803502826,0.017934145462513443,0.026065854537486555,0.995,303.8730841675049,2500,5000
Scalar region null,Conventional,4042,0.6198,0.006865099562278758,0.6063444048579336,0.6332555951420664,0.995,303.8730841675049,2500,5000
Scalar region null,Anytime-valid,4082,0.0222,0.002083610328252382,0.018116123756625333,0.02628387624337467,0.995,303.8730841675049,2500,5000
Scalar region null,Conventional,4082,0.62,0.006864400920692206,0.6065457741954433,0.6334542258045567,0.995,303.8730841675049,2500,5000
Scalar region null,Anytime-valid,4124,0.0222,0.002083610328252382,0.018116123756625333,0.02628387624337467,0.995,303.8730841675049,2500,5000
Scalar region null,Conventional,4124,0.6216,0.006858767236172984,0.6081568162171009,0.6350431837828991,0.995,303.8730841675049,2500,5000
Scalar region null,Anytime-valid,4165,0.0222,0.002083610328252382,0.018116123756625333,0.02628387624337467,0.995,303.8730841675049,2500,5000
Scalar region null,Conventional,4165,0.6222,0.006856634159702558,0.6087609970469829,0.635639002953017,0.995,303.8730841675049,2500,5000
Scalar region null,Anytime-valid,4207,0.0222,0.002083610328252382,0.018116123756625333,0.02628387624337467,0.995,303.8730841675049,2500,5000
Scalar region null,Conventional,4207,0.6228,0.006854489915376636,0.6093651997658618,0.6362348002341383,0.995,303.8730841675049,2500,5000
Scalar region null,Anytime-valid,4249,0.0222,0.002083610328252382,0.018116123756625333,0.02628387624337467,0.995,303.8730841675049,2500,5000
Scalar region null,Conventional,4249,0.6228,0.006854489915376636,0.6093651997658618,0.6362348002341383,0.995,303.8730841675049,2500,5000
Scalar region null,Anytime-valid,4292,0.0224,0.002092760855903034,0.018298188722430053,0.026501811277569946,0.995,303.8730841675049,2500,5000
Scalar region null,Conventional,4292,0.6234,0.006852334492711225,0.6099694243942859,0.636830575605714,0.995,303.8730841675049,2500,5000
Scalar region null,Anytime-valid,4336,0.0224,0.002092760855903034,0.018298188722430053,0.026501811277569946,0.995,303.8730841675049,2500,5000
Scalar region null,Conventional,4336,0.6236,0.006851613532592159,0.6101708374761194,0.6370291625238806,0.995,303.8730841675049,2500,5000
Scalar region null,Anytime-valid,4379,0.0224,0.002092760855903034,0.018298188722430053,0.026501811277569946,0.995,303.8730841675049,2500,5000
Scalar region null,Conventional,4379,0.6238,0.006850891328871011,0.6103722529954129,0.6372277470045872,0.995,303.8730841675049,2500,5000
Scalar region null,Anytime-valid,4423,0.0224,0.002092760855903034,0.018298188722430053,0.026501811277569946,0.995,303.8730841675049,2500,5000
Scalar region null,Conventional,4423,0.624,0.006850167881154447,0.6105736709529372,0.6374263290470628,0.995,303.8730841675049,2500,5000
Scalar region null,Anytime-valid,4468,0.0224,0.002092760855903034,0.018298188722430053,0.026501811277569946,0.995,303.8730841675049,2500,5000
Scalar region null,Conventional,4468,0.6246,0.006847990070086258,0.611177939462631,0.6380220605373691,0.995,303.8730841675049,2500,5000
Scalar region null,Anytime-valid,4513,0.0224,0.002092760855903034,0.018298188722430053,0.026501811277569946,0.995,303.8730841675049,2500,5000
Scalar region null,Conventional,4513,0.625,0.006846531968814577,0.6115807973411235,0.6384192026588765,0.995,303.8730841675049,2500,5000
Scalar region null,Anytime-valid,4558,0.0226,0.0021018677408438428,0.018480339227946067,0.02671966077205393,0.995,303.8730841675049,2500,5000
Scalar region null,Conventional,4558,0.6256,0.006844335468107915,0.6121851024825086,0.6390148975174915,0.995,303.8730841675049,2500,5000
Scalar region null,Anytime-valid,4604,0.0226,0.0021018677408438428,0.018480339227946067,0.02671966077205393,0.995,303.8730841675049,2500,5000
Scalar region null,Conventional,4604,0.626,0.006842864897102675,0.6125879848016788,0.6394120151983212,0.995,303.8730841675049,2500,5000
Scalar region null,Anytime-valid,4651,0.0226,0.0021018677408438428,0.018480339227946067,0.02671966077205393,0.995,303.8730841675049,2500,5000
Scalar region null,Conventional,4651,0.6262,0.006842127739234339,0.6127894296311007,0.6396105703688992,0.995,303.8730841675049,2500,5000
Scalar region null,Anytime-valid,4698,0.0228,0.00211093154791907,0.018662574166078624,0.026937425833921377,0.995,303.8730841675049,2500,5000
Scalar region null,Conventional,4698,0.6266,0.006840649676748547,0.6131923266335729,0.6400076733664272,0.995,303.8730841675049,2500,5000
Scalar region null,Anytime-valid,4745,0.0228,0.00211093154791907,0.018662574166078624,0.026937425833921377,0.995,303.8730841675049,2500,5000
Scalar region null,Conventional,4745,0.6274,0.0068376785534273255,0.6139981500352824,0.6408018499647176,0.995,303.8730841675049,2500,5000
Scalar region null,Anytime-valid,4793,0.0228,0.00211093154791907,0.018662574166078624,0.026937425833921377,0.995,303.8730841675049,2500,5000
Scalar region null,Conventional,4793,0.6274,0.0068376785534273255,0.6139981500352824,0.6408018499647176,0.995,303.8730841675049,2500,5000
Scalar region null,Anytime-valid,4841,0.0232,0.0021289321266775977,0.019027293031711908,0.02737270696828809,0.995,303.8730841675049,2500,5000
Scalar region null,Conventional,4841,0.6278,0.006836185486073355,0.6144010764472962,0.6411989235527038,0.995,303.8730841675049,2500,5000
Scalar region null,Anytime-valid,4890,0.0232,0.0021289321266775977,0.019027293031711908,0.02737270696828809,0.995,303.8730841675049,2500,5000
Scalar region null,Conventional,4890,0.6282,0.0068346874105550725,0.614804012675312,0.6415959873246879,0.995,303.8730841675049,2500,5000
Scalar region null,Anytime-valid,4939,0.0232,0.0021289321266775977,0.019027293031711908,0.02737270696828809,0.995,303.8730841675049,2500,5000
Scalar region null,Conventional,4939,0.6284,0.006833936493705513,0.6150054844723372,0.6417945155276628,0.995,303.8730841675049,2500,5000
Scalar region null,Anytime-valid,4989,0.0234,0.0021378699679821503,0.019209774862754984,0.027590225137245017,0.995,303.8730841675049,2500,5000
Scalar region null,Conventional,4989,0.629,0.0068316762218360435,0.6156099146052013,0.6423900853947987,0.995,303.8730841675049,2500,5000
Scalar region null,Anytime-valid,5039,0.0236,0.002146766871367266,0.01939233693212016,0.02780766306787984,0.995,303.8730841675049,2500,5000
Scalar region null,Conventional,5039,0.6294,0.0068301631020056906,0.6160128803200688,0.6427871196799311,0.995,303.8730841675049,2500,5000
Scalar region null,Anytime-valid,5090,0.0236,0.002146766871367266,0.01939233693212016,0.02780766306787984,0.995,303.8730841675049,2500,5000
Scalar region null,Conventional,5090,0.6296,0.006829404659265697,0.6162143668678393,0.6429856331321608,0.995,303.8730841675049,2500,5000
Scalar region null,Anytime-valid,5141,0.0236,0.002146766871367266,0.01939233693212016,0.02780766306787984,0.995,303.8730841675049,2500,5000
Scalar region null,Conventional,5141,0.6298,0.00682864496075173,0.6164158558769266,0.6431841441230735,0.995,303.8730841675049,2500,5000
Scalar region null,Anytime-valid,5193,0.0238,0.002155623343722182,0.019574978246304525,0.028025021753695478,0.995,303.8730841675049,2500,5000
Scalar region null,Conventional,5193,0.63,0.006827884006044625,0.6166173473481525,0.6433826526518475,0.995,303.8730841675049,2500,5000
Scalar region null,Anytime-valid,5245,0.0238,0.002155623343722182,0.019574978246304525,0.028025021753695478,0.995,303.8730841675049,2500,5000
Scalar region null,Conventional,5245,0.63,0.006827884006044625,0.6166173473481525,0.6433826526518475,0.995,303.8730841675049,2500,5000
Scalar region null,Anytime-valid,5298,0.024,0.002164439881354989,0.019757697832544222,0.02824230216745578,0.995,303.8730841675049,2500,5000
Scalar region null,Conventional,5298,0.6306,0.006825593600559588,0.6172218365429033,0.6439781634570968,0.995,303.8730841675049,2500,5000
Scalar region null,Anytime-valid,5351,0.024,0.002164439881354989,0.019757697832544222,0.02824230216745578,0.995,303.8730841675049,2500,5000
Scalar region null,Conventional,5351,0.6314,0.006822522114291752,0.6180278566559881,0.6447721433440118,0.995,303.8730841675049,2500,5000
Scalar region null,Anytime-valid,5405,0.0242,0.0021732169703000204,0.01994049473821196,0.02845950526178804,0.995,303.8730841675049,2500,5000
Scalar region null,Conventional,5405,0.6314,0.006822522114291752,0.6180278566559881,0.6447721433440118,0.995,303.8730841675049,2500,5000
Scalar region null,Anytime-valid,5460,0.0244,0.002181955086613838,0.020123368030236878,0.028676631969763125,0.995,303.8730841675049,2500,5000
Scalar region null,Conventional,5460,0.6318,0.006820978815390061,0.6184308815218356,0.6451691184781645,0.995,303.8730841675049,2500,5000
Scalar region null,Anytime-valid,5515,0.0246,0.0021906546966603386,0.020306316794545736,0.028893683205454265,0.995,303.8730841675049,2500,5000
Scalar region null,Conventional,5515,0.6318,0.006820978815390061,0.6184308815218356,0.6451691184781645,0.995,303.8730841675049,2500,5000
Scalar region null,Anytime-valid,5570,0.0246,0.0021906546966603386,0.020306316794545736,0.028893683205454265,0.995,303.8730841675049,2500,5000
Scalar region null,Conventional,5570,0.632,0.006820205275503076,0.618632397660014,0.645367602339986,0.995,303.8730841675049,2500,5000
Scalar region null,Anytime-valid,5627,0.0246,0.0021906546966603386,0.020306316794545736,0.028893683205454265,0.995,303.8730841675049,2500,5000
Scalar region null,Conventional,5627,0.6322,0.0068194304747537385,0.6188339162694827,0.6455660837305173,0.995,303.8730841675049,2500,5000
Scalar region null,Anytime-valid,5683,0.0246,0.0021906546966603386,0.020306316794545736,0.028893683205454265,0.995,303.8730841675049,2500,5000
Scalar region null,Conventional,5683,0.6326,0.006817877088947849,0.6192369609056623,0.6459630390943378,0.995,303.8730841675049,2500,5000
Scalar region null,Anytime-valid,5741,0.0246,0.0021906546966603386,0.020306316794545736,0.028893683205454265,0.995,303.8730841675049,2500,5000
Scalar region null,Conventional,5741,0.633,0.0068163186545231284,0.6196400154371347,0.6463599845628654,0.995,303.8730841675049,2500,5000
Scalar region null,Anytime-valid,5798,0.0248,0.002199316257385463,0.020489340135524493,0.029110659864475506,0.995,303.8730841675049,2500,5000
Scalar region null,Conventional,5798,0.6332,0.006815537542996884,0.6198415464157261,0.6465584535842739,0.995,303.8730841675049,2500,5000
Scalar region null,Anytime-valid,5857,0.0248,0.002199316257385463,0.020489340135524493,0.029110659864475506,0.995,303.8730841675049,2500,5000
Scalar region null,Conventional,5857,0.6334,0.006814755168015943,0.6200430798706887,0.6467569201293112,0.995,303.8730841675049,2500,5000
Scalar region null,Anytime-valid,5916,0.0248,0.002199316257385463,0.020489340135524493,0.029110659864475506,0.995,303.8730841675049,2500,5000
Scalar region null,Conventional,5916,0.6334,0.006814755168015943,0.6200430798706887,0.6467569201293112,0.995,303.8730841675049,2500,5000
Scalar region null,Anytime-valid,5975,0.0248,0.002199316257385463,0.020489340135524493,0.029110659864475506,0.995,303.8730841675049,2500,5000
Scalar region null,Conventional,5975,0.6338,0.006813186625948243,0.6204461542131414,0.6471538457868586,0.995,303.8730841675049,2500,5000
Scalar region null,Anytime-valid,6036,0.0248,0.002199316257385463,0.020489340135524493,0.029110659864475506,0.995,303.8730841675049,2500,5000
Scalar region null,Conventional,6036,0.6344,0.0068108243260269164,0.6210507843209873,0.6477492156790127,0.995,303.8730841675049,2500,5000
Scalar region null,Anytime-valid,6096,0.0248,0.002199316257385463,0.020489340135524493,0.029110659864475506,0.995,303.8730841675049,2500,5000
Scalar region null,Conventional,6096,0.6344,0.0068108243260269164,0.6210507843209873,0.6477492156790127,0.995,303.8730841675049,2500,5000
Scalar region null,Anytime-valid,6158,0.0248,0.002199316257385463,0.020489340135524493,0.029110659864475506,0.995,303.8730841675049,2500,5000
Scalar region null,Conventional,6158,0.635,0.0068084506313845,0.6216554367624864,0.6483445632375137,0.995,303.8730841675049,2500,5000
Scalar region null,Anytime-valid,6220,0.025,0.002207940216581962,0.020672437175499356,0.029327562824500646,0.995,303.8730841675049,2500,5000
Scalar region null,Conventional,6220,0.635,0.0068084506313845,0.6216554367624864,0.6483445632375137,0.995,303.8730841675049,2500,5000
Scalar region null,Anytime-valid,6283,0.025,0.002207940216581962,0.020672437175499356,0.029327562824500646,0.995,303.8730841675049,2500,5000
Scalar region null,Conventional,6283,0.6352,0.0068076568656183015,0.6218569925433881,0.6485430074566119,0.995,303.8730841675049,2500,5000
Scalar region null,Anytime-valid,6346,0.0252,0.0022165270131446627,0.02085560705423646,0.02954439294576354,0.995,303.8730841675049,2500,5000
Scalar region null,Conventional,6346,0.6356,0.006806065530098869,0.6222601115610062,0.6489398884389939,0.995,303.8730841675049,2500,5000
Scalar region null,Anytime-valid,6410,0.0252,0.0022165270131446627,0.02085560705423646,0.02954439294576354,0.995,303.8730841675049,2500,5000
Scalar region null,Conventional,6410,0.6362,0.006803669010173849,0.6228648087400592,0.6495351912599407,0.995,303.8730841675049,2500,5000
Scalar region null,Anytime-valid,6474,0.0254,0.002225077077316649,0.021038848928459367,0.02976115107154063,0.995,303.8730841675049,2500,5000
Scalar region null,Conventional,6474,0.6378,0.0067972223738818486,0.6244774441471916,0.6511225558528084,0.995,303.8730841675049,2500,5000
Scalar region null,Anytime-valid,6540,0.0258,0.0022420686876186463,0.021405545372267454,0.030194454627732546,0.995,303.8730841675049,2500,5000
Scalar region null,Conventional,6540,0.6378,0.0067972223738818486,0.6244774441471916,0.6511225558528084,0.995,303.8730841675049,2500,5000
Scalar region null,Anytime-valid,6605,0.0258,0.0022420686876186463,0.021405545372267454,0.030194454627732546,0.995,303.8730841675049,2500,5000
Scalar region null,Conventional,6605,0.6384,0.006794783881772842,0.6250822235917252,0.6517177764082748,0.995,303.8730841675049,2500,5000
Scalar region null,Anytime-valid,6672,0.0258,0.0022420686876186463,0.021405545372267454,0.030194454627732546,0.995,303.8730841675049,2500,5000
Scalar region null,Conventional,6672,0.6388,0.006793151845792937,0.6254854223822459,0.6521145776177542,0.995,303.8730841675049,2500,5000
Scalar region null,Anytime-valid,6739,0.0258,0.0022420686876186463,0.021405545372267454,0.030194454627732546,0.995,303.8730841675049,2500,5000
Scalar region null,Conventional,6739,0.639,0.006792333914053402,0.6256870255284553,0.6523129744715447,0.995,303.8730841675049,2500,5000
Scalar region null,Anytime-valid,6807,0.0258,0.0022420686876186463,0.021405545372267454,0.030194454627732546,0.995,303.8730841675049,2500,5000
Scalar region null,Conventional,6807,0.6396,0.006789872458301408,0.6262918499817292,0.6529081500182707,0.995,303.8730841675049,2500,5000
Scalar region null,Anytime-valid,6876,0.0258,0.0022420686876186463,0.021405545372267454,0.030194454627732546,0.995,303.8730841675049,2500,5000
Scalar region null,Conventional,6876,0.6398,0.006789049417996602,0.6264934631407267,0.6531065368592733,0.995,303.8730841675049,2500,5000
Scalar region null,Anytime-valid,6945,0.0258,0.0022420686876186463,0.021405545372267454,0.030194454627732546,0.995,303.8730841675049,2500,5000
Scalar region null,Conventional,6945,0.6404,0.006786572625412625,0.6270983176541912,0.6537016823458087,0.995,303.8730841675049,2500,5000
Scalar region null,Anytime-valid,7015,0.026,0.0022505110530721684,0.02158899833597855,0.03041100166402145,0.995,303.8730841675049,2500,5000
Scalar region null,Conventional,7015,0.6406,0.0067857444691058035,0.6272999408405526,0.6539000591594473,0.995,303.8730841675049,2500,5000
Scalar region null,Anytime-valid,7086,0.026,0.0022505110530721684,0.02158899833597855,0.03041100166402145,0.995,303.8730841675049,2500,5000
Scalar region null,Conventional,7086,0.641,0.006784084315513774,0.627703194741593,0.654296805258407,0.995,303.8730841675049,2500,5000
Scalar region null,Anytime-valid,7157,0.026,0.0022505110530721684,0.02158899833597855,0.03041100166402145,0.995,303.8730841675049,2500,5000
Scalar region null,Conventional,7157,0.6414,0.006782419037482128,0.628106458686535,0.6546935413134649,0.995,303.8730841675049,2500,5000
Scalar region null,Anytime-valid,7229,0.0262,0.0022589183252167398,0.021772520082575193,0.03062747991742481,0.995,303.8730841675049,2500,5000
Scalar region null,Conventional,7229,0.642,0.006779911503847229,0.6287113734524594,0.6552886265475406,0.995,303.8730841675049,2500,5000
Scalar region null,Anytime-valid,7302,0.0262,0.0022589183252167398,0.021772520082575193,0.03062747991742481,0.995,303.8730841675049,2500,5000
Scalar region null,Conventional,7302,0.6422,0.0067790730929825505,0.6289130167377542,0.6554869832622457,0.995,303.8730841675049,2500,5000
Scalar region null,Anytime-valid,7376,0.0262,0.0022589183252167398,0.021772520082575193,0.03062747991742481,0.995,303.8730841675049,2500,5000
Scalar region null,Conventional,7376,0.6426,0.006777392418917471,0.6293163108589217,0.6558836891410782,0.995,303.8730841675049,2500,5000
Scalar region null,Anytime-valid,7450,0.0264,0.0022672908944376766,0.021956109846902154,0.030843890153097846,0.995,303.8730841675049,2500,5000
Scalar region null,Conventional,7450,0.6432,0.006774861769807558,0.6299212709311772,0.6564787290688228,0.995,303.8730841675049,2500,5000
Scalar region null,Anytime-valid,7525,0.0266,0.0022756291437754086,0.0221397668782002,0.0310602331217998,0.995,303.8730841675049,2500,5000
Scalar region null,Conventional,7525,0.6442,0.006770618287867069,0.6309295881557806,0.6574704118442194,0.995,303.8730841675049,2500,5000
Scalar region null,Anytime-valid,7601,0.0266,0.0022756291437754086,0.0221397668782002,0.0310602331217998,0.995,303.8730841675049,2500,5000
Scalar region null,Conventional,7601,0.6446,0.00676891187710403,0.6313329327208761,0.6578670672791238,0.995,303.8730841675049,2500,5000
Scalar region null,Anytime-valid,7677,0.0266,0.0022756291437754086,0.0221397668782002,0.0310602331217998,0.995,303.8730841675049,2500,5000
Scalar region null,Conventional,7677,0.6454,0.00676548357473433,0.6321396521935206,0.6586603478064793,0.995,303.8730841675049,2500,5000
Scalar region null,Anytime-valid,7755,0.0266,0.0022756291437754086,0.0221397668782002,0.0310602331217998,0.995,303.8730841675049,2500,5000
Scalar region null,Conventional,7755,0.6454,0.00676548357473433,0.6321396521935206,0.6586603478064793,0.995,303.8730841675049,2500,5000
Scalar region null,Anytime-valid,7833,0.0266,0.0022756291437754086,0.0221397668782002,0.0310602331217998,0.995,303.8730841675049,2500,5000
Scalar region null,Conventional,7833,0.6462,0.006762034605057859,0.6329464121740866,0.6594535878259133,0.995,303.8730841675049,2500,5000
Scalar region null,Anytime-valid,7912,0.0268,0.0022839334491179903,0.02232349043972874,0.03127650956027126,0.995,303.8730841675049,2500,5000
Scalar region null,Conventional,7912,0.6464,0.006761169129669809,0.6331481085058471,0.6596518914941528,0.995,303.8730841675049,2500,5000
Scalar region null,Anytime-valid,7991,0.027,0.002292204179387168,0.02250727980840115,0.03149272019159885,0.995,303.8730841675049,2500,5000
Scalar region null,Conventional,7991,0.6468,0.006759434295856421,0.6335515087801215,0.6600484912198786,0.995,303.8730841675049,2500,5000
Scalar region null,Anytime-valid,8072,0.027,0.002292204179387168,0.02250727980840115,0.03149272019159885,0.995,303.8730841675049,2500,5000
Scalar region null,Conventional,8072,0.648,0.006754198694145739,0.6347617705594744,0.6612382294405257,0.995,303.8730841675049,2500,5000
Scalar region null,Anytime-valid,8153,0.027,0.002292204179387168,0.02250727980840115,0.03149272019159885,0.995,303.8730841675049,2500,5000
Scalar region null,Conventional,8153,0.6484,0.006752443113421986,0.6351652114976929,0.6616347885023071,0.995,303.8730841675049,2500,5000
Scalar region null,Anytime-valid,8235,0.027,0.002292204179387168,0.02250727980840115,0.03149272019159885,0.995,303.8730841675049,2500,5000
Scalar region null,Conventional,8235,0.6486,0.006751563374508159,0.6353669357859639,0.661833064214036,0.995,303.8730841675049,2500,5000
Scalar region null,Anytime-valid,8318,0.0272,0.002300441696718263,0.022691134274432204,0.031708865725567796,0.995,303.8730841675049,2500,5000
Scalar region null,Conventional,8318,0.6488,0.006750682335882796,0.6355686626216698,0.6620313373783303,0.995,303.8730841675049,2500,5000
Scalar region null,Anytime-valid,8402,0.0272,0.002300441696718263,0.022691134274432204,0.031708865725567796,0.995,303.8730841675049,2500,5000
Scalar region null,Conventional,8402,0.6492,0.0067489163574606555,0.6359721239393771,0.6624278760606229,0.995,303.8730841675049,2500,5000
Scalar region null,Anytime-valid,8487,0.0272,0.002300441696718263,0.022691134274432204,0.031708865725567796,0.995,303.8730841675049,2500,5000
Scalar region null,Conventional,8487,0.651,0.0067409049837540355,0.6377878262318422,0.6642121737681579,0.995,303.8730841675049,2500,5000
Scalar region null,Anytime-valid,8572,0.0272,0.002300441696718263,0.022691134274432204,0.031708865725567796,0.995,303.8730841675049,2500,5000
Scalar region null,Conventional,8572,0.6514,0.0067391103270387255,0.6381913437590041,0.6646086562409959,0.995,303.8730841675049,2500,5000
Scalar region null,Anytime-valid,8659,0.0272,0.002300441696718263,0.022691134274432204,0.031708865725567796,0.995,303.8730841675049,2500,5000
Scalar region null,Conventional,8659,0.6524,0.00673460080479905,0.6392001824225938,0.6655998175774062,0.995,303.8730841675049,2500,5000
Scalar region null,Anytime-valid,8746,0.0272,0.002300441696718263,0.022691134274432204,0.031708865725567796,0.995,303.8730841675049,2500,5000
Scalar region null,Conventional,8746,0.6528,0.006732787832688625,0.6396037358479303,0.6659962641520698,0.995,303.8730841675049,2500,5000
Scalar region null,Anytime-valid,8834,0.0272,0.002300441696718263,0.022691134274432204,0.031708865725567796,0.995,303.8730841675049,2500,5000
Scalar region null,Conventional,8834,0.653,0.006731879380975271,0.6398055164132885,0.6661944835867115,0.995,303.8730841675049,2500,5000
Scalar region null,Anytime-valid,8923,0.0272,0.002300441696718263,0.022691134274432204,0.031708865725567796,0.995,303.8730841675049,2500,5000
Scalar region null,Conventional,8923,0.6536,0.006729146156831489,0.6404108735326103,0.6667891264673896,0.995,303.8730841675049,2500,5000
Scalar region null,Anytime-valid,9013,0.0272,0.002300441696718263,0.022691134274432204,0.031708865725567796,0.995,303.8730841675049,2500,5000
Scalar region null,Conventional,9013,0.6538,0.006728232457339743,0.6406126643836142,0.6669873356163859,0.995,303.8730841675049,2500,5000
Scalar region null,Anytime-valid,9104,0.0272,0.002300441696718263,0.022691134274432204,0.031708865725567796,0.995,303.8730841675049,2500,5000
Scalar region null,Conventional,9104,0.6538,0.006728232457339743,0.6406126643836142,0.6669873356163859,0.995,303.8730841675049,2500,5000
Scalar region null,Anytime-valid,9196,0.0272,0.002300441696718263,0.022691134274432204,0.031708865725567796,0.995,303.8730841675049,2500,5000
Scalar region null,Conventional,9196,0.6538,0.006728232457339743,0.6406126643836142,0.6669873356163859,0.995,303.8730841675049,2500,5000
Scalar region null,Anytime-valid,9288,0.0272,0.002300441696718263,0.022691134274432204,0.031708865725567796,0.995,303.8730841675049,2500,5000
Scalar region null,Conventional,9288,0.6538,0.006728232457339743,0.6406126643836142,0.6669873356163859,0.995,303.8730841675049,2500,5000
Scalar region null,Anytime-valid,9382,0.0272,0.002300441696718263,0.022691134274432204,0.031708865725567796,0.995,303.8730841675049,2500,5000
Scalar region null,Conventional,9382,0.6544,0.006725483477044606,0.6412180523849925,0.6675819476150074,0.995,303.8730841675049,2500,5000
Scalar region null,Anytime-valid,9476,0.0272,0.002300441696718263,0.022691134274432204,0.031708865725567796,0.995,303.8730841675049,2500,5000
Scalar region null,Conventional,9476,0.6546,0.006724564521216225,0.6414198535384161,0.6677801464615838,0.995,303.8730841675049,2500,5000
Scalar region null,Anytime-valid,9572,0.0272,0.002300441696718263,0.022691134274432204,0.031708865725567796,0.995,303.8730841675049,2500,5000
Scalar region null,Conventional,9572,0.6552,0.006721799758993122,0.6420252724723735,0.6683747275276265,0.995,303.8730841675049,2500,5000
Scalar region null,Anytime-valid,9668,0.0272,0.002300441696718263,0.022691134274432204,0.031708865725567796,0.995,303.8730841675049,2500,5000
Scalar region null,Conventional,9668,0.656,0.006718094968069446,0.6428325338625839,0.6691674661374162,0.995,303.8730841675049,2500,5000
Scalar region null,Anytime-valid,9766,0.0272,0.002300441696718263,0.022691134274432204,0.031708865725567796,0.995,303.8730841675049,2500,5000
Scalar region null,Conventional,9766,0.6564,0.006716234659390632,0.6432361800675943,0.6695638199324057,0.995,303.8730841675049,2500,5000
Scalar region null,Anytime-valid,9864,0.0274,0.002308646356634121,0.022875053140997123,0.03192494685900288,0.995,303.8730841675049,2500,5000
Scalar region null,Conventional,9864,0.657,0.006713434292521228,0.6438416687866584,0.6701583312133417,0.995,303.8730841675049,2500,5000
Scalar region null,Anytime-valid,9963,0.0274,0.002308646356634121,0.022875053140997123,0.03192494685900288,0.995,303.8730841675049,2500,5000
Scalar region null,Conventional,9963,0.6572,0.006712498193668285,0.6440435035404102,0.6703564964595898,0.995,303.8730841675049,2500,5000
Scalar region null,Anytime-valid,10064,0.0276,0.0023168185082133646,0.023059035723901805,0.032140964276098194,0.995,303.8730841675049,2500,5000
Scalar region null,Conventional,10064,0.6574,0.006711560772279425,0.6442453408863323,0.6705546591136676,0.995,303.8730841675049,2500,5000
Scalar region null,Anytime-valid,10165,0.0276,0.0023168185082133646,0.023059035723901805,0.032140964276098194,0.995,303.8730841675049,2500,5000
Scalar region null,Conventional,10165,0.6574,0.006711560772279425,0.6442453408863323,0.6705546591136676,0.995,303.8730841675049,2500,5000
Scalar region null,Anytime-valid,10268,0.0276,0.0023168185082133646,0.023059035723901805,0.032140964276098194,0.995,303.8730841675049,2500,5000
Scalar region null,Conventional,10268,0.6578,0.006709681959675883,0.6446490233590353,0.6709509766409648,0.995,303.8730841675049,2500,5000
Scalar region null,Anytime-valid,10371,0.0276,0.0023168185082133646,0.023059035723901805,0.032140964276098194,0.995,303.8730841675049,2500,5000
Scalar region null,Conventional,10371,0.6586,0.006705908439577743,0.6454564194584276,0.6717435805415723,0.995,303.8730841675049,2500,5000
Scalar region null,Anytime-valid,10476,0.0278,0.002324958494253177,0.023243081351263774,0.03235691864873622,0.995,303.8730841675049,2500,5000
Scalar region null,Conventional,10476,0.6592,0.006703064373851708,0.6460619938272507,0.6723380061727493,0.995,303.8730841675049,2500,5000
Scalar region null,Anytime-valid,10581,0.0278,0.002324958494253177,0.023243081351263774,0.03235691864873622,0.995,303.8730841675049,2500,5000
Scalar region null,Conventional,10581,0.6596,0.006701161690333997,0.6464657230869453,0.6727342769130547,0.995,303.8730841675049,2500,5000
Scalar region null,Anytime-valid,10688,0.0278,0.002324958494253177,0.023243081351263774,0.03235691864873622,0.995,303.8730841675049,2500,5000
Scalar region null,Conventional,10688,0.6596,0.006701161690333997,0.6464657230869453,0.6727342769130547,0.995,303.8730841675049,2500,5000
Scalar region null,Anytime-valid,10795,0.0278,0.002324958494253177,0.023243081351263774,0.03235691864873622,0.995,303.8730841675049,2500,5000
Scalar region null,Conventional,10795,0.66,0.00669925368977769,0.6468694627680358,0.6731305372319643,0.995,303.8730841675049,2500,5000
Scalar region null,Anytime-valid,10904,0.0278,0.002324958494253177,0.023243081351263774,0.03235691864873622,0.995,303.8730841675049,2500,5000
Scalar region null,Conventional,10904,0.6606,0.006696381709550316,0.6474750918492813,0.6737249081507186,0.995,303.8730841675049,2500,5000
Scalar region null,Anytime-valid,11014,0.0278,0.002324958494253177,0.023243081351263774,0.03235691864873622,0.995,303.8730841675049,2500,5000
Scalar region null,Conventional,11014,0.661,0.006694460396477075,0.647878857622905,0.6741211423770951,0.995,303.8730841675049,2500,5000
Scalar region null,Anytime-valid,11125,0.028,0.0023330666514268295,0.023427189363203413,0.03257281063679659,0.995,303.8730841675049,2500,5000
Scalar region null,Conventional,11125,0.6614,0.006692533750381839,0.6482826338492516,0.6745173661507484,0.995,303.8730841675049,2500,5000
Scalar region null,Anytime-valid,11237,0.0286,0.0023572034277931976,0.023979881281525332,0.03322011871847467,0.995,303.8730841675049,2500,5000
Scalar region null,Conventional,11237,0.6622,0.006688664440678722,0.6490902176962697,0.6753097823037303,0.995,303.8730841675049,2500,5000
Scalar region null,Anytime-valid,11350,0.0286,0.0023572034277931976,0.023979881281525332,0.03322011871847467,0.995,303.8730841675049,2500,5000
Scalar region null,Conventional,11350,0.6628,0.006685748424821263,0.6496959330873503,0.6759040669126496,0.995,303.8730841675049,2500,5000
Scalar region null,Anytime-valid,11465,0.0286,0.0023572034277931976,0.023979881281525332,0.03322011871847467,0.995,303.8730841675049,2500,5000
Scalar region null,Conventional,11465,0.6632,0.006683797722851882,0.6500997564632103,0.6763002435367897,0.995,303.8730841675049,2500,5000
Scalar region null,Anytime-valid,11580,0.0286,0.0023572034277931976,0.023979881281525332,0.03322011871847467,0.995,303.8730841675049,2500,5000
Scalar region null,Conventional,11580,0.6638,0.006680861621078527,0.650705511222686,0.6768944887773138,0.995,303.8730841675049,2500,5000
Scalar region null,Anytime-valid,11697,0.0286,0.0023572034277931976,0.023979881281525332,0.03322011871847467,0.995,303.8730841675049,2500,5000
Scalar region null,Conventional,11697,0.6642,0.006678897513811692,0.6511093608729291,0.6772906391270709,0.995,303.8730841675049,2500,5000
Scalar region null,Anytime-valid,11815,0.0286,0.0023572034277931976,0.023979881281525332,0.03322011871847467,0.995,303.8730841675049,2500,5000
Scalar region null,Conventional,11815,0.6644,0.006677913446578953,0.6513112896447052,0.6774887103552948,0.995,303.8730841675049,2500,5000
Scalar region null,Anytime-valid,11934,0.0288,0.0023651875189929445,0.024164232462773827,0.03343576753722617,0.995,303.8730841675049,2500,5000
Scalar region null,Conventional,11934,0.665,0.006674953183356419,0.6519170917606214,0.6780829082393787,0.995,303.8730841675049,2500,5000
Scalar region null,Anytime-valid,12054,0.0288,0.0023651875189929445,0.024164232462773827,0.03343576753722617,0.995,303.8730841675049,2500,5000
Scalar region null,Conventional,12054,0.6654,0.006672972950642016,0.6523209730167416,0.6784790269832583,0.995,303.8730841675049,2500,5000
Scalar region null,Anytime-valid,12176,0.029,0.0023731413780051116,0.024348642899109985,0.03365135710089002,0.995,303.8730841675049,2500,5000
Scalar region null,Conventional,12176,0.6654,0.006672972950642016,0.6523209730167416,0.6784790269832583,0.995,303.8730841675049,2500,5000
Scalar region null,Anytime-valid,12298,0.0292,0.002381065307798171,0.024533111996715585,0.03386688800328441,0.995,303.8730841675049,2500,5000
Scalar region null,Conventional,12298,0.666,0.006669992503743913,0.652926814692662,0.6790731853073381,0.995,303.8730841675049,2500,5000
Scalar region null,Anytime-valid,12422,0.0294,0.0023889596061884345,0.024717639171870667,0.03408236082812933,0.995,303.8730841675049,2500,5000
Scalar region null,Conventional,12422,0.6664,0.0066679988002398445,0.6533307223515299,0.6794692776484701,0.995,303.8730841675049,2500,5000
Scalar region null,Anytime-valid,12547,0.0294,0.0023889596061884345,0.024717639171870667,0.03408236082812933,0.995,303.8730841675049,2500,5000
Scalar region null,Conventional,12547,0.6664,0.0066679988002398445,0.6533307223515299,0.6794692776484701,0.995,303.8730841675049,2500,5000
Scalar region null,Anytime-valid,12674,0.0296,0.0023968245659622234,0.024902223850714042,0.03429777614928596,0.995,303.8730841675049,2500,5000
Scalar region null,Conventional,12674,0.6664,0.0066679988002398445,0.6533307223515299,0.6794692776484701,0.995,303.8730841675049,2500,5000
Scalar region null,Anytime-valid,12801,0.0296,0.0023968245659622234,0.024902223850714042,0.03429777614928596,0.995,303.8730841675049,2500,5000
Scalar region null,Conventional,12801,0.6668,0.0066659996999699905,0.6537346405880587,0.6798653594119412,0.995,303.8730841675049,2500,5000
Scalar region null,Anytime-valid,12930,0.0296,0.0023968245659622234,0.024902223850714042,0.03429777614928596,0.995,303.8730841675049,2500,5000
Scalar region null,Conventional,12930,0.6668,0.0066659996999699905,0.6537346405880587,0.6798653594119412,0.995,303.8730841675049,2500,5000
Scalar region null,Anytime-valid,13061,0.0296,0.0023968245659622234,0.024902223850714042,0.03429777614928596,0.995,303.8730841675049,2500,5000
Scalar region null,Conventional,13061,0.6674,0.0066629909199998165,0.6543405377968003,0.6804594622031996,0.995,303.8730841675049,2500,5000
Scalar region null,Anytime-valid,13192,0.0298,0.002404660474994339,0.025086865469011097,0.034513134530988906,0.995,303.8730841675049,2500,5000
Scalar region null,Conventional,13192,0.6678,0.006660978306525251,0.6547444825192105,0.6808555174807894,0.995,303.8730841675049,2500,5000
Scalar region null,Anytime-valid,13325,0.03,0.0024124676163629634,0.02527156347192859,0.03472843652807141,0.995,303.8730841675049,2500,5000
Scalar region null,Conventional,13325,0.6682,0.006658960279202752,0.6551484378527627,0.6812515621472374,0.995,303.8730841675049,2500,5000
Scalar region null,Anytime-valid,13459,0.03,0.0024124676163629634,0.02527156347192859,0.03472843652807141,0.995,303.8730841675049,2500,5000
Scalar region null,Conventional,13459,0.6686,0.0066569368331087534,0.6555524038071068,0.6816475961928932,0.995,303.8730841675049,2500,5000
Scalar region null,Anytime-valid,13595,0.03,0.0024124676163629634,0.02527156347192859,0.03472843652807141,0.995,303.8730841675049,2500,5000
Scalar region null,Conventional,13595,0.669,0.00665490796330047,0.6559563803919312,0.6820436196080689,0.995,303.8730841675049,2500,5000
Scalar region null,Anytime-valid,13732,0.0302,0.002420246268461125,0.025456317313816194,0.03494368268618381,0.995,303.8730841675049,2500,5000
Scalar region null,Conventional,13732,0.669,0.00665490796330047,0.6559563803919312,0.6820436196080689,0.995,303.8730841675049,2500,5000
Scalar region null,Anytime-valid,13870,0.0306,0.002435719195638118,0.02582599037654929,0.03537400962345071,0.995,303.8730841675049,2500,5000
Scalar region null,Conventional,13870,0.6694,0.006652873664815829,0.6563603676169609,0.6824396323830391,0.995,303.8730841675049,2500,5000
Scalar region null,Anytime-valid,14010,0.0306,0.002435719195638118,0.02582599037654929,0.03537400962345071,0.995,303.8730841675049,2500,5000
Scalar region null,Conventional,14010,0.6696,0.006651854478263938,0.6565623652226027,0.6826376347773973,0.995,303.8730841675049,2500,5000
Scalar region null,Anytime-valid,14151,0.0308,0.0024434140050347587,0.026010908550131873,0.035589091449868125,0.995,303.8730841675049,2500,5000
Scalar region null,Conventional,14151,0.67,0.0066498120274185194,0.6569663684262598,0.6830336315737403,0.995,303.8730841675049,2500,5000
Scalar region null,Anytime-valid,14294,0.0312,0.0024587216190532835,0.026380905626655564,0.03601909437334443,0.995,303.8730841675049,2500,5000
Scalar region null,Conventional,14294,0.67,0.0066498120274185194,0.6569663684262598,0.6830336315737403,0.995,303.8730841675049,2500,5000
Scalar region null,Anytime-valid,14438,0.0312,0.0024587216190532835,0.026380905626655564,0.03601909437334443,0.995,303.8730841675049,2500,5000
Scalar region null,Conventional,14438,0.6706,0.006646738147392298,0.657572393231111,0.6836276067688889,0.995,303.8730841675049,2500,5000
Scalar region null,Anytime-valid,14583,0.0312,0.0024587216190532835,0.026380905626655564,0.03601909437334443,0.995,303.8730841675049,2500,5000
Scalar region null,Conventional,14583,0.6708,0.006645710797198446,0.657774406837491,0.6838255931625089,0.995,303.8730841675049,2500,5000
Scalar region null,Anytime-valid,14730,0.0312,0.0024587216190532835,0.026380905626655564,0.03601909437334443,0.995,303.8730841675049,2500,5000
Scalar region null,Conventional,14730,0.6714,0.006642620567215924,0.6583804636882568,0.6844195363117432,0.995,303.8730841675049,2500,5000
Scalar region null,Anytime-valid,14879,0.0312,0.0024587216190532835,0.026380905626655564,0.03601909437334443,0.995,303.8730841675049,2500,5000
Scalar region null,Conventional,14879,0.6718,0.006640553591380767,0.6587845149608936,0.6848154850391063,0.995,303.8730841675049,2500,5000
Scalar region null,Anytime-valid,15029,0.0312,0.0024587216190532835,0.026380905626655564,0.03601909437334443,0.995,303.8730841675049,2500,5000
Scalar region null,Conventional,15029,0.672,0.006639518054798857,0.6589865446125943,0.6850134553874058,0.995,303.8730841675049,2500,5000
Scalar region null,Anytime-valid,15180,0.0314,0.0024663349326480375,0.026565983532009844,0.036234016467990154,0.995,303.8730841675049,2500,5000
Scalar region null,Conventional,15180,0.6724,0.006637442881110164,0.6593906119530241,0.6854093880469759,0.995,303.8730841675049,2500,5000
Scalar region null,Anytime-valid,15333,0.0314,0.0024663349326480375,0.026565983532009844,0.036234016467990154,0.995,303.8730841675049,2500,5000
Scalar region null,Conventional,15333,0.6726,0.006636403242721165,0.6595926496442664,0.6856073503557335,0.995,303.8730841675049,2500,5000
Scalar region null,Anytime-valid,15487,0.0314,0.0024663349326480375,0.026565983532009844,0.036234016467990154,0.995,303.8730841675049,2500,5000
Scalar region null,Conventional,15487,0.6728,0.006635362235778843,0.6597946900178734,0.6858053099821265,0.995,303.8730841675049,2500,5000
Scalar region null,Anytime-valid,15644,0.0316,0.0024739215832358147,0.026751113696857808,0.0364488863031422,0.995,303.8730841675049,2500,5000
Scalar region null,Conventional,15644,0.6732,0.006633276113656056,0.6601987788172341,0.6862012211827659,0.995,303.8730841675049,2500,5000
Scalar region null,Anytime-valid,15801,0.0316,0.0024739215832358147,0.026751113696857808,0.0364488863031422,0.995,303.8730841675049,2500,5000
Scalar region null,Conventional,15801,0.6736,0.006631184509572932,0.660602878361237,0.686597121638763,0.995,303.8730841675049,2500,5000
Scalar region null,Anytime-valid,15960,0.0316,0.0024739215832358147,0.026751113696857808,0.0364488863031422,0.995,303.8730841675049,2500,5000
Scalar region null,Conventional,15960,0.674,0.006629087418340476,0.6610069886600527,0.6869930113399474,0.995,303.8730841675049,2500,5000
Scalar region null,Anytime-valid,16121,0.0316,0.0024739215832358147,0.026751113696857808,0.0364488863031422,0.995,303.8730841675049,2500,5000
Scalar region null,Conventional,16121,0.674,0.006629087418340476,0.6610069886600527,0.6869930113399474,0.995,303.8730841675049,2500,5000
Scalar region null,Anytime-valid,16284,0.0316,0.0024739215832358147,0.026751113696857808,0.0364488863031422,0.995,303.8730841675049,2500,5000
Scalar region null,Conventional,16284,0.6742,0.006628036813416172,0.6612090478457043,0.6871909521542957,0.995,303.8730841675049,2500,5000
Scalar region null,Anytime-valid,16448,0.0318,0.002481481815367584,0.026936295641879538,0.03666370435812047,0.995,303.8730841675049,2500,5000
Scalar region null,Conventional,16448,0.6742,0.006628036813416172,0.6612090478457043,0.6871909521542957,0.995,303.8730841675049,2500,5000
Scalar region null,Anytime-valid,16613,0.0318,0.002481481815367584,0.026936295641879538,0.03666370435812047,0.995,303.8730841675049,2500,5000
Scalar region null,Conventional,16613,0.6746,0.006625931481686179,0.6616131742958951,0.6875868257041049,0.995,303.8730841675049,2500,5000
Scalar region null,Anytime-valid,16781,0.032,0.002489015869776647,0.02712152889523777,0.03687847110476223,0.995,303.8730841675049,2500,5000
Scalar region null,Conventional,16781,0.6754,0.006621704312335307,0.6624214595478228,0.6883785404521772,0.995,303.8730841675049,2500,5000
Scalar region null,Anytime-valid,16950,0.032,0.002489015869776647,0.02712152889523777,0.03687847110476223,0.995,303.8730841675049,2500,5000
Scalar region null,Conventional,16950,0.6758,0.006619582464174006,0.6628256183702189,0.688774381629781,0.995,303.8730841675049,2500,5000
Scalar region null,Anytime-valid,17121,0.0322,0.002496523983461805,0.027306812992414862,0.03709318700758514,0.995,303.8730841675049,2500,5000
Scalar region null,Conventional,17121,0.6762,0.006617455099961011,0.6632297880040764,0.6891702119959237,0.995,303.8730841675049,2500,5000
Scalar region null,Anytime-valid,17293,0.0324,0.002504006389768205,0.027492147476054316,0.03730785252394568,0.995,303.8730841675049,2500,5000
Scalar region null,Conventional,17293,0.6764,0.006616389347672944,0.663431876878561,0.689368123121439,0.995,303.8730841675049,2500,5000
Scalar region null,Anytime-valid,17467,0.0326,0.0025114633184659496,0.027677531895806736,0.037522468104193255,0.995,303.8730841675049,2500,5000
Scalar region null,Conventional,17467,0.6766,0.006615322214374747,0.6636339684598255,0.6895660315401745,0.995,303.8730841675049,2500,5000
Scalar region null,Anytime-valid,17643,0.0328,0.002518894995826543,0.027862965808179978,0.03773703419182003,0.995,303.8730841675049,2500,5000
Scalar region null,Conventional,17643,0.677,0.006613183802072946,0.6640381597479371,0.689961840252063,0.995,303.8730841675049,2500,5000
Scalar region null,Anytime-valid,17821,0.0328,0.002518894995826543,0.027862965808179978,0.03773703419182003,0.995,303.8730841675049,2500,5000
Scalar region null,Conventional,17821,0.6772,0.006612112521728589,0.6642402594574119,0.6901597405425881,0.995,303.8730841675049,2500,5000
Scalar region null,Anytime-valid,18001,0.0328,0.002518894995826543,0.027862965808179978,0.03773703419182003,0.995,303.8730841675049,2500,5000
Scalar region null,Conventional,18001,0.6774,0.006611039857692585,0.6644423618789226,0.6903576381210774,0.995,303.8730841675049,2500,5000
Scalar region null,Anytime-valid,18182,0.0328,0.002518894995826543,0.027862965808179978,0.03773703419182003,0.995,303.8730841675049,2500,5000
Scalar region null,Conventional,18182,0.678,0.006607813556691804,0.6650486854288841,0.690951314571116,0.995,303.8730841675049,2500,5000
Scalar region null,Anytime-valid,18365,0.0328,0.002518894995826543,0.027862965808179978,0.03773703419182003,0.995,303.8730841675049,2500,5000
Scalar region null,Conventional,18365,0.678,0.006607813556691804,0.6650486854288841,0.690951314571116,0.995,303.8730841675049,2500,5000
Scalar region null,Anytime-valid,18550,0.033,0.0025263016446972443,0.028048448776393405,0.0379515512236066,0.995,303.8730841675049,2500,5000
Scalar region null,Conventional,18550,0.6782,0.006606735351139774,0.6652507987117661,0.691149201288234,0.995,303.8730841675049,2500,5000
Scalar region null,Anytime-valid,18737,0.0332,0.002533683484573399,0.02823398037023614,0.03816601962976386,0.995,303.8730841675049,2500,5000
Scalar region null,Conventional,18737,0.6786,0.006604574778136743,0.665655033434852,0.691544966565148,0.995,303.8730841675049,2500,5000
Scalar region null,Anytime-valid,18926,0.0332,0.002533683484573399,0.02823398037023614,0.03816601962976386,0.995,303.8730841675049,2500,5000
Scalar region null,Conventional,18926,0.6788,0.006603492409324024,0.6658571548777249,0.691742845122275,0.995,303.8730841675049,2500,5000
Scalar region null,Anytime-valid,19117,0.0332,0.002533683484573399,0.02823398037023614,0.03816601962976386,0.995,303.8730841675049,2500,5000
Scalar region null,Conventional,19117,0.6794,0.006600236965442983,0.6664635355477317,0.6923364644522683,0.995,303.8730841675049,2500,5000
Scalar region null,Anytime-valid,19309,0.0332,0.002533683484573399,0.02823398037023614,0.03816601962976386,0.995,303.8730841675049,2500,5000
Scalar region null,Conventional,19309,0.6798,0.006598059714794949,0.6668678029590018,0.6927321970409981,0.995,303.8730841675049,2500,5000
Scalar region null,Anytime-valid,19504,0.0334,0.0025410407316688176,0.028419560165929118,0.038380439834070884,0.995,303.8730841675049,2500,5000
Scalar region null,Conventional,19504,0.6802,0.006595876893939122,0.6672720812878794,0.6931279187121206,0.995,303.8730841675049,2500,5000
Scalar region null,Anytime-valid,19700,0.0334,0.0025410407316688176,0.028419560165929118,0.038380439834070884,0.995,303.8730841675049,2500,5000
Scalar region null,Conventional,19700,0.6804,0.006594783392955375,0.6674742245498074,0.6933257754501926,0.995,303.8730841675049,2500,5000
Scalar region null,Anytime-valid,19899,0.0334,0.0025410407316688176,0.028419560165929118,0.038380439834070884,0.995,303.8730841675049,2500,5000
Scalar region null,Conventional,19899,0.6812,0.006590395435783804,0.6682828249458638,0.6941171750541363,0.995,303.8730841675049,2500,5000
Scalar region null,Anytime-valid,20099,0.0334,0.0025410407316688176,0.028419560165929118,0.038380439834070884,0.995,303.8730841675049,2500,5000
Scalar region null,Conventional,20099,0.682,0.006585985119934602,0.6690914691649282,0.6949085308350719,0.995,303.8730841675049,2500,5000
Scalar region null,Anytime-valid,20302,0.0334,0.0025410407316688176,0.028419560165929118,0.038380439834070884,0.995,303.8730841675049,2500,5000
Scalar region null,Conventional,20302,0.6822,0.006584879042169264,0.6692936370773482,0.6951063629226518,0.995,303.8730841675049,2500,5000
Scalar region null,Anytime-valid,20506,0.0334,0.0025410407316688176,0.028419560165929118,0.038380439834070884,0.995,303.8730841675049,2500,5000
Scalar region null,Conventional,20506,0.6822,0.006584879042169264,0.6692936370773482,0.6951063629226518,0.995,303.8730841675049,2500,5000
Scalar region null,Anytime-valid,20713,0.0334,0.0025410407316688176,0.028419560165929118,0.038380439834070884,0.995,303.8730841675049,2500,5000
Scalar region null,Conventional,20713,0.6826,0.006582662683139703,0.6696979811410462,0.6955020188589538,0.995,303.8730841675049,2500,5000
Scalar region null,Anytime-valid,20922,0.0334,0.0025410407316688176,0.028419560165929118,0.038380439834070884,0.995,303.8730841675049,2500,5000
Scalar region null,Conventional,20922,0.6828,0.0065815524004599404,0.6699001572950984,0.6956998427049015,0.995,303.8730841675049,2500,5000
Scalar region null,Anytime-valid,21132,0.0334,0.0025410407316688176,0.028419560165929118,0.038380439834070884,0.995,303.8730841675049,2500,5000
Scalar region null,Conventional,21132,0.6832,0.006579327625221288,0.6703045178545664,0.6960954821454337,0.995,303.8730841675049,2500,5000
Scalar region null,Anytime-valid,21345,0.0334,0.0025410407316688176,0.028419560165929118,0.038380439834070884,0.995,303.8730841675049,2500,5000
Scalar region null,Conventional,21345,0.6836,0.006577097232062181,0.6707088894251582,0.6964911105748418,0.995,303.8730841675049,2500,5000
Scalar region null,Anytime-valid,21560,0.0334,0.0025410407316688176,0.028419560165929118,0.038380439834070884,0.995,303.8730841675049,2500,5000
Scalar region null,Conventional,21560,0.6846,0.006571496633187907,0.6717198665989517,0.6974801334010483,0.995,303.8730841675049,2500,5000
Scalar region null,Anytime-valid,21778,0.0334,0.0025410407316688176,0.028419560165929118,0.038380439834070884,0.995,303.8730841675049,2500,5000
Scalar region null,Conventional,21778,0.685,0.0065692465321374564,0.6721242767970106,0.6978757232029895,0.995,303.8730841675049,2500,5000
Scalar region null,Anytime-valid,21997,0.0334,0.0025410407316688176,0.028419560165929118,0.038380439834070884,0.995,303.8730841675049,2500,5000
Scalar region null,Conventional,21997,0.6856,0.006565860796574963,0.6727309128387131,0.6984690871612869,0.995,303.8730841675049,2500,5000
Scalar region null,Anytime-valid,22219,0.0334,0.0025410407316688176,0.028419560165929118,0.038380439834070884,0.995,303.8730841675049,2500,5000
Scalar region null,Conventional,22219,0.6862,0.006562462342749099,0.6733375738082118,0.6990624261917883,0.995,303.8730841675049,2500,5000
Scalar region null,Anytime-valid,22443,0.0334,0.0025410407316688176,0.028419560165929118,0.038380439834070884,0.995,303.8730841675049,2500,5000
Scalar region null,Conventional,22443,0.6862,0.006562462342749099,0.6733375738082118,0.6990624261917883,0.995,303.8730841675049,2500,5000
Scalar region null,Anytime-valid,22669,0.0334,0.0025410407316688176,0.028419560165929118,0.038380439834070884,0.995,303.8730841675049,2500,5000
Scalar region null,Conventional,22669,0.6866,0.006560189631405483,0.6737420283224452,0.6994579716775547,0.995,303.8730841675049,2500,5000
Scalar region null,Anytime-valid,22897,0.0334,0.0025410407316688176,0.028419560165929118,0.038380439834070884,0.995,303.8730841675049,2500,5000
Scalar region null,Conventional,22897,0.6876,0.006554483045977005,0.674753213229885,0.700446786770115,0.995,303.8730841675049,2500,5000
Scalar region null,Anytime-valid,23128,0.0334,0.0025410407316688176,0.028419560165929118,0.038380439834070884,0.995,303.8730841675049,2500,5000
Scalar region null,Conventional,23128,0.6882,0.00655104205451316,0.6753599575731543,0.7010400424268458,0.995,303.8730841675049,2500,5000
Scalar region null,Anytime-valid,23361,0.0334,0.0025410407316688176,0.028419560165929118,0.038380439834070884,0.995,303.8730841675049,2500,5000
Scalar region null,Conventional,23361,0.6886,0.0065487409476936865,0.6757644677425204,0.7014355322574796,0.995,303.8730841675049,2500,5000
Scalar region null,Anytime-valid,23596,0.0334,0.0025410407316688176,0.028419560165929118,0.038380439834070884,0.995,303.8730841675049,2500,5000
Scalar region null,Conventional,23596,0.689,0.006546434143867943,0.6761689890780188,0.7018310109219811,0.995,303.8730841675049,2500,5000
Scalar region null,Anytime-valid,23834,0.0334,0.0025410407316688176,0.028419560165929118,0.038380439834070884,0.995,303.8730841675049,2500,5000
Scalar region null,Conventional,23834,0.6892,0.006545278603695949,0.676371253936756,0.7020287460632441,0.995,303.8730841675049,2500,5000
Scalar region null,Anytime-valid,24074,0.0334,0.0025410407316688176,0.028419560165929118,0.038380439834070884,0.995,303.8730841675049,2500,5000
Scalar region null,Conventional,24074,0.6892,0.006545278603695949,0.676371253936756,0.7020287460632441,0.995,303.8730841675049,2500,5000
Scalar region null,Anytime-valid,24317,0.0334,0.0025410407316688176,0.028419560165929118,0.038380439834070884,0.995,303.8730841675049,2500,5000
Scalar region null,Conventional,24317,0.6892,0.006545278603695949,0.676371253936756,0.7020287460632441,0.995,303.8730841675049,2500,5000
Scalar region null,Anytime-valid,24562,0.0334,0.0025410407316688176,0.028419560165929118,0.038380439834070884,0.995,303.8730841675049,2500,5000
Scalar region null,Conventional,24562,0.6894,0.006544121637011341,0.6765735215914578,0.7022264784085422,0.995,303.8730841675049,2500,5000
Scalar region null,Anytime-valid,24809,0.0334,0.0025410407316688176,0.028419560165929118,0.038380439834070884,0.995,303.8730841675049,2500,5000
Scalar region null,Conventional,24809,0.6894,0.006544121637011341,0.6765735215914578,0.7022264784085422,0.995,303.8730841675049,2500,5000
Scalar region null,Anytime-valid,25059,0.0334,0.0025410407316688176,0.028419560165929118,0.038380439834070884,0.995,303.8730841675049,2500,5000
Scalar region null,Conventional,25059,0.6898,0.0065418034210758735,0.6769780652946913,0.7026219347053086,0.995,303.8730841675049,2500,5000
Scalar region null,Anytime-valid,25312,0.0334,0.0025410407316688176,0.028419560165929118,0.038380439834070884,0.995,303.8730841675049,2500,5000
Scalar region null,Conventional,25312,0.6898,0.0065418034210758735,0.6769780652946913,0.7026219347053086,0.995,303.8730841675049,2500,5000
Scalar region null,Anytime-valid,25567,0.0334,0.0025410407316688176,0.028419560165929118,0.038380439834070884,0.995,303.8730841675049,2500,5000
Scalar region null,Conventional,25567,0.6898,0.0065418034210758735,0.6769780652946913,0.7026219347053086,0.995,303.8730841675049,2500,5000
Scalar region null,Anytime-valid,25824,0.0334,0.0025410407316688176,0.028419560165929118,0.038380439834070884,0.995,303.8730841675049,2500,5000
Scalar region null,Conventional,25824,0.6906,0.006537149837658611,0.6777871863181891,0.7034128136818109,0.995,303.8730841675049,2500,5000
Scalar region null,Anytime-valid,26084,0.0334,0.0025410407316688176,0.028419560165929118,0.038380439834070884,0.995,303.8730841675049,2500,5000
Scalar region null,Conventional,26084,0.6906,0.006537149837658611,0.6777871863181891,0.7034128136818109,0.995,303.8730841675049,2500,5000
Scalar region null,Anytime-valid,26347,0.0334,0.0025410407316688176,0.028419560165929118,0.038380439834070884,0.995,303.8730841675049,2500,5000
Scalar region null,Conventional,26347,0.6908,0.006535982864114624,0.6779894735863353,0.7036105264136646,0.995,303.8730841675049,2500,5000
Scalar region null,Anytime-valid,26613,0.0334,0.0025410407316688176,0.028419560165929118,0.038380439834070884,0.995,303.8730841675049,2500,5000
Scalar region null,Conventional,26613,0.6908,0.006535982864114624,0.6779894735863353,0.7036105264136646,0.995,303.8730841675049,2500,5000
Scalar region null,Anytime-valid,26881,0.0334,0.0025410407316688176,0.028419560165929118,0.038380439834070884,0.995,303.8730841675049,2500,5000
Scalar region null,Conventional,26881,0.691,0.006534814457962827,0.6781917636623928,0.7038082363376071,0.995,303.8730841675049,2500,5000
Scalar region null,Anytime-valid,27152,0.0334,0.0025410407316688176,0.028419560165929118,0.038380439834070884,0.995,303.8730841675049,2500,5000
Scalar region null,Conventional,27152,0.6914,0.0065324733447600074,0.6785963522442704,0.7042036477557296,0.995,303.8730841675049,2500,5000
Scalar region null,Anytime-valid,27425,0.0336,0.002548373598984262,0.028605187745990843,0.03859481225400915,0.995,303.8730841675049,2500,5000
Scalar region null,Conventional,27425,0.6914,0.0065324733447600074,0.6785963522442704,0.7042036477557296,0.995,303.8730841675049,2500,5000
Scalar region null,Anytime-valid,27702,0.0336,0.002548373598984262,0.028605187745990843,0.03859481225400915,0.995,303.8730841675049,2500,5000
Scalar region null,Conventional,27702,0.692,0.006528950911134193,0.679203256214177,0.7047967437858229,0.995,303.8730841675049,2500,5000
Scalar region null,Anytime-valid,27981,0.0336,0.002548373598984262,0.028605187745990843,0.03859481225400915,0.995,303.8730841675049,2500,5000
Scalar region null,Conventional,27981,0.6926,0.006525415542323723,0.6798101855370455,0.7053898144629545,0.995,303.8730841675049,2500,5000
Scalar region null,Anytime-valid,28263,0.0336,0.002548373598984262,0.028605187745990843,0.03859481225400915,0.995,303.8730841675049,2500,5000
Scalar region null,Conventional,28263,0.6932,0.006521867217292913,0.6804171402541059,0.7059828597458941,0.995,303.8730841675049,2500,5000
Scalar region null,Anytime-valid,28547,0.0336,0.002548373598984262,0.028605187745990843,0.03859481225400915,0.995,303.8730841675049,2500,5000
Scalar region null,Conventional,28547,0.6932,0.006521867217292913,0.6804171402541059,0.7059828597458941,0.995,303.8730841675049,2500,5000
Scalar region null,Anytime-valid,28835,0.0338,0.002555682296374101,0.02879086269910676,0.038809137300893234,0.995,303.8730841675049,2500,5000
Scalar region null,Conventional,28835,0.6938,0.006518305914883099,0.6810241204068291,0.7065758795931708,0.995,303.8730841675049,2500,5000
Scalar region null,Anytime-valid,29125,0.0338,0.002555682296374101,0.02879086269910676,0.038809137300893234,0.995,303.8730841675049,2500,5000
Scalar region null,Conventional,29125,0.6942,0.0065159244931168436,0.681428787993491,0.706971212006509,0.995,303.8730841675049,2500,5000
Scalar region null,Anytime-valid,29419,0.0338,0.002555682296374101,0.02879086269910676,0.038809137300893234,0.995,303.8730841675049,2500,5000
Scalar region null,Conventional,29419,0.6946,0.006513537287833701,0.6818334669158459,0.7073665330841541,0.995,303.8730841675049,2500,5000
Scalar region null,Anytime-valid,29715,0.034,0.0025629670306112017,0.028976584620002046,0.039023415379997956,0.995,303.8730841675049,2500,5000
Scalar region null,Conventional,29715,0.6946,0.006513537287833701,0.6818334669158459,0.7073665330841541,0.995,303.8730841675049,2500,5000
Scalar region null,Anytime-valid,30015,0.034,0.0025629670306112017,0.028976584620002046,0.039023415379997956,0.995,303.8730841675049,2500,5000
Scalar region null,Conventional,30015,0.695,0.006511144292672372,0.682238157186362,0.7077618428136379,0.995,303.8730841675049,2500,5000
Scalar region null,Anytime-valid,30317,0.034,0.0025629670306112017,0.028976584620002046,0.039023415379997956,0.995,303.8730841675049,2500,5000
Scalar region null,Conventional,30317,0.6954,0.006508745501246764,0.6826428588175564,0.7081571411824437,0.995,303.8730841675049,2500,5000
Scalar region null,Anytime-valid,30623,0.0342,0.0025702280054501004,0.029162353109317807,0.039237646890682196,0.995,303.8730841675049,2500,5000
Scalar region null,Conventional,30623,0.6956,0.006507543929932398,0.6828452138973325,0.7083547861026674,0.995,303.8730841675049,2500,5000
Scalar region null,Anytime-valid,30931,0.0342,0.0025702280054501004,0.029162353109317807,0.039237646890682196,0.995,303.8730841675049,2500,5000
Scalar region null,Conventional,30931,0.6956,0.006507543929932398,0.6828452138973325,0.7083547861026674,0.995,303.8730841675049,2500,5000
Scalar region null,Anytime-valid,31243,0.0342,0.0025702280054501004,0.029162353109317807,0.039237646890682196,0.995,303.8730841675049,2500,5000
Scalar region null,Conventional,31243,0.6958,0.00650634090714589,0.683047571821994,0.7085524281780059,0.995,303.8730841675049,2500,5000
Scalar region null,Anytime-valid,31558,0.0342,0.0025702280054501004,0.029162353109317807,0.039237646890682196,0.995,303.8730841675049,2500,5000
Scalar region null,Conventional,31558,0.6966,0.006501514285149268,0.6838570320011075,0.7093429679988925,0.995,303.8730841675049,2500,5000
Scalar region null,Anytime-valid,31876,0.0342,0.0025702280054501004,0.029162353109317807,0.039237646890682196,0.995,303.8730841675049,2500,5000
Scalar region null,Conventional,31876,0.697,0.006499092244306124,0.6842617792011599,0.70973822079884,0.995,303.8730841675049,2500,5000
Scalar region null,Anytime-valid,32197,0.0342,0.0025702280054501004,0.029162353109317807,0.039237646890682196,0.995,303.8730841675049,2500,5000
Scalar region null,Conventional,32197,0.6974,0.006496664374892703,0.6846665378252104,0.7101334621747897,0.995,303.8730841675049,2500,5000
Scalar region null,Anytime-valid,32521,0.0342,0.0025702280054501004,0.029162353109317807,0.039237646890682196,0.995,303.8730841675049,2500,5000
Scalar region null,Conventional,32521,0.6978,0.0064942306703719725,0.685071307886071,0.710528692113929,0.995,303.8730841675049,2500,5000
Scalar region null,Anytime-valid,32849,0.0342,0.0025702280054501004,0.029162353109317807,0.039237646890682196,0.995,303.8730841675049,2500,5000
Scalar region null,Conventional,32849,0.698,0.006493011627896565,0.6852736972093227,0.7107263027906772,0.995,303.8730841675049,2500,5000
Scalar region null,Anytime-valid,33180,0.0342,0.0025702280054501004,0.029162353109317807,0.039237646890682196,0.995,303.8730841675049,2500,5000
Scalar region null,Conventional,33180,0.6982,0.0064917911241813685,0.6854760893966045,0.7109239106033955,0.995,303.8730841675049,2500,5000
Scalar region null,Anytime-valid,33514,0.0342,0.0025702280054501004,0.029162353109317807,0.039237646890682196,0.995,303.8730841675049,2500,5000
Scalar region null,Conventional,33514,0.6992,0.006485666658100769,0.6864880933501225,0.7119119066498776,0.995,303.8730841675049,2500,5000
Scalar region null,Anytime-valid,33852,0.0342,0.0025702280054501004,0.029162353109317807,0.039237646890682196,0.995,303.8730841675049,2500,5000
Scalar region null,Conventional,33852,0.6996,0.006483206614014395,0.6868929150365318,0.7123070849634682,0.995,303.8730841675049,2500,5000
Scalar region null,Anytime-valid,34193,0.0342,0.0025702280054501004,0.029162353109317807,0.039237646890682196,0.995,303.8730841675049,2500,5000
Scalar region null,Conventional,34193,0.6996,0.006483206614014395,0.6868929150365318,0.7123070849634682,0.995,303.8730841675049,2500,5000
Scalar region null,Anytime-valid,34537,0.0342,0.0025702280054501004,0.029162353109317807,0.039237646890682196,0.995,303.8730841675049,2500,5000
Scalar region null,Conventional,34537,0.6998,0.006481974390569589,0.6870953301944835,0.7125046698055164,0.995,303.8730841675049,2500,5000
Scalar region null,Anytime-valid,34885,0.0344,0.0025774654216885236,0.029348167773490495,0.039451832226509505,0.995,303.8730841675049,2500,5000
Scalar region null,Conventional,34885,0.6998,0.006481974390569589,0.6870953301944835,0.7125046698055164,0.995,303.8730841675049,2500,5000
Scalar region null,Anytime-valid,35237,0.0344,0.0025774654216885236,0.029348167773490495,0.039451832226509505,0.995,303.8730841675049,2500,5000
Scalar region null,Conventional,35237,0.7,0.006480740698407861,0.6872977482311206,0.7127022517688794,0.995,303.8730841675049,2500,5000
Scalar region null,Anytime-valid,35592,0.0344,0.0025774654216885236,0.029348167773490495,0.039451832226509505,0.995,303.8730841675049,2500,5000
Scalar region null,Conventional,35592,0.7004,0.006478268904576283,0.6877025929470305,0.7130974070529695,0.995,303.8730841675049,2500,5000
Scalar region null,Anytime-valid,35950,0.0344,0.0025774654216885236,0.029348167773490495,0.039451832226509505,0.995,303.8730841675049,2500,5000
Scalar region null,Conventional,35950,0.7004,0.006478268904576283,0.6877025929470305,0.7130974070529695,0.995,303.8730841675049,2500,5000
Scalar region null,Anytime-valid,36313,0.0344,0.0025774654216885236,0.029348167773490495,0.039451832226509505,0.995,303.8730841675049,2500,5000
Scalar region null,Conventional,36313,0.7006,0.006477030801223659,0.6879050196296016,0.7132949803703984,0.995,303.8730841675049,2500,5000
Scalar region null,Anytime-valid,36678,0.0344,0.0025774654216885236,0.029348167773490495,0.039451832226509505,0.995,303.8730841675049,2500,5000
Scalar region null,Conventional,36678,0.701,0.006474550177425456,0.688309881652246,0.7136901183477539,0.995,303.8730841675049,2500,5000
Scalar region null,Anytime-valid,37048,0.0344,0.0025774654216885236,0.029348167773490495,0.039451832226509505,0.995,303.8730841675049,2500,5000
Scalar region null,Conventional,37048,0.7012,0.00647330765528721,0.6885123169956371,0.713887683004363,0.995,303.8730841675049,2500,5000
Scalar region null,Anytime-valid,37421,0.0344,0.0025774654216885236,0.029348167773490495,0.039451832226509505,0.995,303.8730841675049,2500,5000
Scalar region null,Conventional,37421,0.7016,0.0064708181862883464,0.6889171963548748,0.7142828036451252,0.995,303.8730841675049,2500,5000
Scalar region null,Anytime-valid,37798,0.0346,0.0025846794772273023,0.02953402822463449,0.03966597177536551,0.995,303.8730841675049,2500,5000
Scalar region null,Conventional,37798,0.7022,0.006467072908201979,0.6895245370999241,0.714875462900076,0.995,303.8730841675049,2500,5000
Scalar region null,Anytime-valid,38179,0.0348,0.0025918703671287267,0.029719934080427692,0.0398800659195723,0.995,303.8730841675049,2500,5000
Scalar region null,Conventional,38179,0.7032,0.006460801188707171,0.690536829670134,0.7158631703298661,0.995,303.8730841675049,2500,5000
Scalar region null,Anytime-valid,38564,0.0348,0.0025918703671287267,0.029719934080427692,0.0398800659195723,0.995,303.8730841675049,2500,5000
Scalar region null,Conventional,38564,0.7038,0.006457020365462696,0.6911442400836931,0.7164557599163068,0.995,303.8730841675049,2500,5000
Scalar region null,Anytime-valid,38952,0.0348,0.0025918703671287267,0.029719934080427692,0.0398800659195723,0.995,303.8730841675049,2500,5000
Scalar region null,Conventional,38952,0.7044,0.006453226169909125,0.6917516767069781,0.7170483232930219,0.995,303.8730841675049,2500,5000
Scalar region null,Anytime-valid,39345,0.0348,0.0025918703671287267,0.029719934080427692,0.0398800659195723,0.995,303.8730841675049,2500,5000
Scalar region null,Conventional,39345,0.7046,0.006451958462358542,0.6919541614137773,0.7172458385862227,0.995,303.8730841675049,2500,5000
Scalar region null,Anytime-valid,39741,0.0348,0.0025918703671287267,0.029719934080427692,0.0398800659195723,0.995,303.8730841675049,2500,5000
Scalar region null,Conventional,39741,0.7048,0.006450689265497138,0.6921566490396256,0.7174433509603744,0.995,303.8730841675049,2500,5000
Scalar region null,Anytime-valid,40142,0.0348,0.0025918703671287267,0.029719934080427692,0.0398800659195723,0.995,303.8730841675049,2500,5000
Scalar region null,Conventional,40142,0.7054,0.006446872730246813,0.6927641294487162,0.7180358705512838,0.995,303.8730841675049,2500,5000
Scalar region null,Anytime-valid,40546,0.0348,0.0025918703671287267,0.029719934080427692,0.0398800659195723,0.995,303.8730841675049,2500,5000
Scalar region null,Conventional,40546,0.7058,0.0064443209106933835,0.693169131015041,0.718430868984959,0.995,303.8730841675049,2500,5000
Scalar region null,Anytime-valid,40955,0.0348,0.0025918703671287267,0.029719934080427692,0.0398800659195723,0.995,303.8730841675049,2500,5000
Scalar region null,Conventional,40955,0.7062,0.006441763112688947,0.6935741442991297,0.7188258557008704,0.995,303.8730841675049,2500,5000
Scalar region null,Anytime-valid,41367,0.0348,0.0025918703671287267,0.029719934080427692,0.0398800659195723,0.995,303.8730841675049,2500,5000
Scalar region null,Conventional,41367,0.7064,0.006440481969542341,0.693776655339697,0.719023344660303,0.995,303.8730841675049,2500,5000
Scalar region null,Anytime-valid,41784,0.0348,0.0025918703671287267,0.029719934080427692,0.0398800659195723,0.995,303.8730841675049,2500,5000
Scalar region null,Conventional,41784,0.7068,0.006437915190494513,0.6941816862266308,0.7194183137733692,0.995,303.8730841675049,2500,5000
Scalar region null,Anytime-valid,42205,0.0348,0.0025918703671287267,0.029719934080427692,0.0398800659195723,0.995,303.8730841675049,2500,5000
Scalar region null,Conventional,42205,0.7072,0.006435342415132235,0.6945867288663409,0.7198132711336592,0.995,303.8730841675049,2500,5000
Scalar region null,Anytime-valid,42630,0.0348,0.0025918703671287267,0.029719934080427692,0.0398800659195723,0.995,303.8730841675049,2500,5000
Scalar region null,Conventional,42630,0.7082,0.006428884195566132,0.6955993869766904,0.7208006130233097,0.995,303.8730841675049,2500,5000
Scalar region null,Anytime-valid,43060,0.0348,0.0025918703671287267,0.029719934080427692,0.0398800659195723,0.995,303.8730841675049,2500,5000
Scalar region null,Conventional,43060,0.7084,0.006427588039070333,0.6958019274434222,0.7209980725565779,0.995,303.8730841675049,2500,5000
Scalar region null,Anytime-valid,43494,0.0348,0.0025918703671287267,0.029719934080427692,0.0398800659195723,0.995,303.8730841675049,2500,5000
Scalar region null,Conventional,43494,0.7086,0.006426290376259075,0.6960044708625323,0.7211955291374678,0.995,303.8730841675049,2500,5000
Scalar region null,Anytime-valid,43932,0.0348,0.0025918703671287267,0.029719934080427692,0.0398800659195723,0.995,303.8730841675049,2500,5000
Scalar region null,Conventional,43932,0.7088,0.006424991206219663,0.6962070172358095,0.7213929827641905,0.995,303.8730841675049,2500,5000
Scalar region null,Anytime-valid,44375,0.0348,0.0025918703671287267,0.029719934080427692,0.0398800659195723,0.995,303.8730841675049,2500,5000
Scalar region null,Conventional,44375,0.7092,0.006422388340796592,0.6966121188520388,0.7217878811479613,0.995,303.8730841675049,2500,5000
Scalar region null,Anytime-valid,44822,0.0348,0.0025918703671287267,0.029719934080427692,0.0398800659195723,0.995,303.8730841675049,2500,5000
Scalar region null,Conventional,44822,0.7092,0.006422388340796592,0.6966121188520388,0.7217878811479613,0.995,303.8730841675049,2500,5000
Scalar region null,Anytime-valid,45273,0.0348,0.0025918703671287267,0.029719934080427692,0.0398800659195723,0.995,303.8730841675049,2500,5000
Scalar region null,Conventional,45273,0.7096,0.006419779435463496,0.6970172323064916,0.7221827676935084,0.995,303.8730841675049,2500,5000
Scalar region null,Anytime-valid,45729,0.0348,0.0025918703671287267,0.029719934080427692,0.0398800659195723,0.995,303.8730841675049,2500,5000
Scalar region null,Conventional,45729,0.71,0.006417164482853778,0.6974223576136066,0.7225776423863933,0.995,303.8730841675049,2500,5000
Scalar region null,Anytime-valid,46190,0.0348,0.0025918703671287267,0.029719934080427692,0.0398800659195723,0.995,303.8730841675049,2500,5000
Scalar region null,Conventional,46190,0.71,0.006417164482853778,0.6974223576136066,0.7225776423863933,0.995,303.8730841675049,2500,5000
Scalar region null,Anytime-valid,46656,0.0348,0.0025918703671287267,0.029719934080427692,0.0398800659195723,0.995,303.8730841675049,2500,5000
Scalar region null,Conventional,46656,0.7106,0.0064132306991094585,0.6980300678297455,0.7231699321702545,0.995,303.8730841675049,2500,5000
Scalar region null,Anytime-valid,47126,0.0348,0.0025918703671287267,0.029719934080427692,0.0398800659195723,0.995,303.8730841675049,2500,5000
Scalar region null,Conventional,47126,0.7114,0.006407964419376875,0.6988403897380213,0.7239596102619787,0.995,303.8730841675049,2500,5000
Scalar region null,Anytime-valid,47600,0.0348,0.0025918703671287267,0.029719934080427692,0.0398800659195723,0.995,303.8730841675049,2500,5000
Scalar region null,Conventional,47600,0.7118,0.0064053221620774085,0.6992455685623282,0.7243544314376718,0.995,303.8730841675049,2500,5000
Scalar region null,Anytime-valid,48080,0.0348,0.0025918703671287267,0.029719934080427692,0.0398800659195723,0.995,303.8730841675049,2500,5000
Scalar region null,Conventional,48080,0.7124,0.006401347358173903,0.6998533591779792,0.7249466408220209,0.995,303.8730841675049,2500,5000
Scalar region null,Anytime-valid,48564,0.0348,0.0025918703671287267,0.029719934080427692,0.0398800659195723,0.995,303.8730841675049,2500,5000
Scalar region null,Conventional,48564,0.7126,0.006400019374970672,0.7000559620250575,0.7251440379749425,0.995,303.8730841675049,2500,5000
Scalar region null,Anytime-valid,49054,0.0348,0.0025918703671287267,0.029719934080427692,0.0398800659195723,0.995,303.8730841675049,2500,5000
Scalar region null,Conventional,49054,0.7126,0.006400019374970672,0.7000559620250575,0.7251440379749425,0.995,303.8730841675049,2500,5000
Scalar region null,Anytime-valid,49548,0.0348,0.0025918703671287267,0.029719934080427692,0.0398800659195723,0.995,303.8730841675049,2500,5000
Scalar region null,Conventional,49548,0.713,0.006397358830017275,0.7004611766931661,0.7255388233068338,0.995,303.8730841675049,2500,5000
Scalar region null,Anytime-valid,50047,0.0348,0.0025918703671287267,0.029719934080427692,0.0398800659195723,0.995,303.8730841675049,2500,5000
Scalar region null,Conventional,50047,0.7134,0.0063946921739830445,0.7008664033389933,0.7259335966610068,0.995,303.8730841675049,2500,5000
Scalar region null,Anytime-valid,50551,0.035,0.002599038283673405,0.02990588496400013,0.040094115035999876,0.995,303.8730841675049,2500,5000
Scalar region null,Conventional,50551,0.7142,0.006389340498048293,0.7016768926238253,0.7267231073761746,0.995,303.8730841675049,2500,5000
Scalar region null,Anytime-valid,51061,0.0352,0.0026061834164156595,0.03009188050382531,0.040308119496174695,0.995,303.8730841675049,2500,5000
Scalar region null,Conventional,51061,0.715,0.006383964285614387,0.7024874300001958,0.7275125699998042,0.995,303.8730841675049,2500,5000
Scalar region null,Anytime-valid,51575,0.0352,0.0026061834164156595,0.03009188050382531,0.040308119496174695,0.995,303.8730841675049,2500,5000
Scalar region null,Conventional,51575,0.7152,0.006382616391418178,0.7026900718728203,0.7277099281271796,0.995,303.8730841675049,2500,5000
Scalar region null,Anytime-valid,52095,0.0352,0.0026061834164156595,0.03009188050382531,0.040308119496174695,0.995,303.8730841675049,2500,5000
Scalar region null,Conventional,52095,0.7156,0.006379915986907664,0.703095364665661,0.728104635334339,0.995,303.8730841675049,2500,5000
Scalar region null,Anytime-valid,52620,0.0352,0.0026061834164156595,0.03009188050382531,0.040308119496174695,0.995,303.8730841675049,2500,5000
Scalar region null,Conventional,52620,0.7156,0.006379915986907664,0.703095364665661,0.728104635334339,0.995,303.8730841675049,2500,5000
Scalar region null,Anytime-valid,53150,0.0352,0.0026061834164156595,0.03009188050382531,0.040308119496174695,0.995,303.8730841675049,2500,5000
Scalar region null,Conventional,53150,0.716,0.006377209421055577,0.703500669534731,0.7284993304652689,0.995,303.8730841675049,2500,5000
Scalar region null,Anytime-valid,53685,0.0352,0.0026061834164156595,0.03009188050382531,0.040308119496174695,0.995,303.8730841675049,2500,5000
Scalar region null,Conventional,53685,0.7168,0.0063717777739026645,0.7043113155631507,0.7292886844368492,0.995,303.8730841675049,2500,5000
Scalar region null,Anytime-valid,54226,0.0352,0.0026061834164156595,0.03009188050382531,0.040308119496174695,0.995,303.8730841675049,2500,5000
Scalar region null,Conventional,54226,0.7172,0.006369052676811522,0.7047166567534494,0.7296833432465505,0.995,303.8730841675049,2500,5000
Scalar region null,Anytime-valid,54773,0.0352,0.0026061834164156595,0.03009188050382531,0.040308119496174695,0.995,303.8730841675049,2500,5000
Scalar region null,Conventional,54773,0.7172,0.006369052676811522,0.7047166567534494,0.7296833432465505,0.995,303.8730841675049,2500,5000
Scalar region null,Anytime-valid,55325,0.0352,0.0026061834164156595,0.03009188050382531,0.040308119496174695,0.995,303.8730841675049,2500,5000
Scalar region null,Conventional,55325,0.7174,0.006367687806417647,0.7049193318994215,0.7298806681005786,0.995,303.8730841675049,2500,5000
Scalar region null,Anytime-valid,55882,0.0352,0.0026061834164156595,0.03009188050382531,0.040308119496174695,0.995,303.8730841675049,2500,5000
Scalar region null,Conventional,55882,0.718,0.0063635838958876,0.7055273755640603,0.7304726244359396,0.995,303.8730841675049,2500,5000
Scalar region null,Anytime-valid,56445,0.0354,0.0026133059522375104,0.03027792033361448,0.04052207966638552,0.995,303.8730841675049,2500,5000
Scalar region null,Conventional,56445,0.718,0.0063635838958876,0.7055273755640603,0.7304726244359396,0.995,303.8730841675049,2500,5000
Scalar region null,Anytime-valid,57014,0.0354,0.0026133059522375104,0.03027792033361448,0.04052207966638552,0.995,303.8730841675049,2500,5000
Scalar region null,Conventional,57014,0.7182,0.0063622128225956105,0.7057300628677126,0.7306699371322873,0.995,303.8730841675049,2500,5000
Scalar region null,Anytime-valid,57588,0.0354,0.0026133059522375104,0.03027792033361448,0.04052207966638552,0.995,303.8730841675049,2500,5000
Scalar region null,Conventional,57588,0.7184,0.006360840196074729,0.7059327532156936,0.7308672467843065,0.995,303.8730841675049,2500,5000
Scalar region null,Anytime-valid,58168,0.0354,0.0026133059522375104,0.03027792033361448,0.04052207966638552,0.995,303.8730841675049,2500,5000
Scalar region null,Conventional,58168,0.7186,0.0063594660153192106,0.7061354466099744,0.7310645533900256,0.995,303.8730841675049,2500,5000
Scalar region null,Anytime-valid,58755,0.0354,0.0026133059522375104,0.03027792033361448,0.04052207966638552,0.995,303.8730841675049,2500,5000
Scalar region null,Conventional,58755,0.7188,0.0063580902793213,0.7063381430525303,0.7312618569474697,0.995,303.8730841675049,2500,5000
Scalar region null,Anytime-valid,59347,0.0354,0.0026133059522375104,0.03027792033361448,0.04052207966638552,0.995,303.8730841675049,2500,5000
Scalar region null,Conventional,59347,0.72,0.0063498031465550175,0.7075543858327521,0.7324456141672478,0.995,303.8730841675049,2500,5000
Scalar region null,Anytime-valid,59944,0.0356,0.0026204060754012916,0.03046400409221347,0.04073599590778653,0.995,303.8730841675049,2500,5000
Scalar region null,Conventional,59944,0.7202,0.006348416495473497,0.7077571036688719,0.732642896331128,0.995,303.8730841675049,2500,5000
Scalar region null,Anytime-valid,60548,0.0356,0.0026204060754012916,0.03046400409221347,0.04073599590778653,0.995,303.8730841675049,2500,5000
Scalar region null,Conventional,60548,0.7206,0.006345638502152482,0.7081625485357812,0.7330374514642188,0.995,303.8730841675049,2500,5000
Scalar region null,Anytime-valid,61158,0.0356,0.0026204060754012916,0.03046400409221347,0.04073599590778653,0.995,303.8730841675049,2500,5000
Scalar region null,Conventional,61158,0.7208,0.006344247157858843,0.7083652755705967,0.7332347244294033,0.995,303.8730841675049,2500,5000
Scalar region null,Anytime-valid,61775,0.0356,0.0026204060754012916,0.03046400409221347,0.04073599590778653,0.995,303.8730841675049,2500,5000
Scalar region null,Conventional,61775,0.7208,0.006344247157858843,0.7083652755705967,0.7332347244294033,0.995,303.8730841675049,2500,5000
Scalar region null,Anytime-valid,62397,0.0356,0.0026204060754012916,0.03046400409221347,0.04073599590778653,0.995,303.8730841675049,2500,5000
Scalar region null,Conventional,62397,0.721,0.006342854247103586,0.7085680056756769,0.733431994324323,0.995,303.8730841675049,2500,5000
Scalar region null,Anytime-valid,63026,0.0356,0.0026204060754012916,0.03046400409221347,0.04073599590778653,0.995,303.8730841675049,2500,5000
Scalar region null,Conventional,63026,0.7214,0.006340063722077247,0.7089734751047286,0.7338265248952714,0.995,303.8730841675049,2500,5000
Scalar region null,Anytime-valid,63661,0.0358,0.002627483967600944,0.030650131423502147,0.04094986857649785,0.995,303.8730841675049,2500,5000
Scalar region null,Conventional,63661,0.7216,0.006338666105735496,0.7091762144327585,0.7340237855672416,0.995,303.8730841675049,2500,5000
Scalar region null,Anytime-valid,64302,0.0358,0.002627483967600944,0.030650131423502147,0.04094986857649785,0.995,303.8730841675049,2500,5000
Scalar region null,Conventional,64302,0.7224,0.006333059923923031,0.7099872025491109,0.7348127974508892,0.995,303.8730841675049,2500,5000
Scalar region null,Anytime-valid,64950,0.0358,0.002627483967600944,0.030650131423502147,0.04094986857649785,0.995,303.8730841675049,2500,5000
Scalar region null,Conventional,64950,0.7228,0.0063302473885307195,0.7103927151184798,0.7352072848815202,0.995,303.8730841675049,2500,5000
Scalar region null,Anytime-valid,65604,0.0358,0.002627483967600944,0.030650131423502147,0.04094986857649785,0.995,303.8730841675049,2500,5000
Scalar region null,Conventional,65604,0.7232,0.006327428545625783,0.7107982400505735,0.7356017599494264,0.995,303.8730841675049,2500,5000
Scalar region null,Anytime-valid,66265,0.0358,0.002627483967600944,0.030650131423502147,0.04094986857649785,0.995,303.8730841675049,2500,5000
Scalar region null,Conventional,66265,0.7234,0.00632601675622188,0.7110010071578051,0.735798992842195,0.995,303.8730841675049,2500,5000
Scalar region null,Anytime-valid,66933,0.0358,0.002627483967600944,0.030650131423502147,0.04094986857649785,0.995,303.8730841675049,2500,5000
Scalar region null,Conventional,66933,0.7236,0.006324603386774541,0.711203777361922,0.7359962226380781,0.995,303.8730841675049,2500,5000
Scalar region null,Anytime-valid,67608,0.0358,0.002627483967600944,0.030650131423502147,0.04094986857649785,0.995,303.8730841675049,2500,5000
Scalar region null,Conventional,67608,0.724,0.006321771903509332,0.7116093270691217,0.7363906729308782,0.995,303.8730841675049,2500,5000
Scalar region null,Anytime-valid,68289,0.036,0.002634539808012018,0.030836301976296443,0.04116369802370355,0.995,303.8730841675049,2500,5000
Scalar region null,Conventional,68289,0.724,0.006321771903509332,0.7116093270691217,0.7363906729308782,0.995,303.8730841675049,2500,5000
Scalar region null,Anytime-valid,68977,0.036,0.002634539808012018,0.030836301976296443,0.04116369802370355,0.995,303.8730841675049,2500,5000
Scalar region null,Conventional,68977,0.724,0.006321771903509332,0.7116093270691217,0.7363906729308782,0.995,303.8730841675049,2500,5000
Scalar region null,Anytime-valid,69672,0.0362,0.0026415737733404307,0.03102251540425276,0.04137748459574725,0.995,303.8730841675049,2500,5000
Scalar region null,Conventional,69672,0.7246,0.0063175128017282246,0.7122176749086127,0.7369823250913874,0.995,303.8730841675049,2500,5000
Scalar region null,Anytime-valid,70374,0.0362,0.0026415737733404307,0.03102251540425276,0.04137748459574725,0.995,303.8730841675049,2500,5000
Scalar region null,Conventional,70374,0.7252,0.006313239422040004,0.7128260507328016,0.7375739492671983,0.995,303.8730841675049,2500,5000
Scalar region null,Anytime-valid,71083,0.0364,0.002648586037870018,0.031208771365774768,0.041591228634225236,0.995,303.8730841675049,2500,5000
Scalar region null,Conventional,71083,0.7258,0.006308951735431173,0.7134344545985549,0.7381655454014451,0.995,303.8730841675049,2500,5000
Scalar region null,Anytime-valid,71799,0.0364,0.002648586037870018,0.031208771365774768,0.041591228634225236,0.995,303.8730841675049,2500,5000
Scalar region null,Conventional,71799,0.7264,0.006304649712712039,0.7140428865630845,0.7387571134369156,0.995,303.8730841675049,2500,5000
Scalar region null,Anytime-valid,72522,0.0364,0.002648586037870018,0.031208771365774768,0.041591228634225236,0.995,303.8730841675049,2500,5000
Scalar region null,Conventional,72522,0.7264,0.006304649712712039,0.7140428865630845,0.7387571134369156,0.995,303.8730841675049,2500,5000
Scalar region null,Anytime-valid,73253,0.0364,0.002648586037870018,0.031208771365774768,0.041591228634225236,0.995,303.8730841675049,2500,5000
Scalar region null,Conventional,73253,0.7268,0.006301773718565273,0.714448523511612,0.739151476488388,0.995,303.8730841675049,2500,5000
Scalar region null,Anytime-valid,73991,0.0364,0.002648586037870018,0.031208771365774768,0.041591228634225236,0.995,303.8730841675049,2500,5000
Scalar region null,Conventional,73991,0.727,0.006300333324515458,0.7146513466839497,0.7393486533160503,0.995,303.8730841675049,2500,5000
Scalar region null,Anytime-valid,74737,0.0364,0.002648586037870018,0.031208771365774768,0.041591228634225236,0.995,303.8730841675049,2500,5000
Scalar region null,Conventional,74737,0.7272,0.006298891331020087,0.7148541729912006,0.7395458270087993,0.995,303.8730841675049,2500,5000
Scalar region null,Anytime-valid,75490,0.0364,0.002648586037870018,0.031208771365774768,0.041591228634225236,0.995,303.8730841675049,2500,5000
Scalar region null,Conventional,75490,0.7274,0.0062974477369804344,0.7150570024355184,0.7397429975644817,0.995,303.8730841675049,2500,5000
Scalar region null,Anytime-valid,76250,0.0364,0.002648586037870018,0.031208771365774768,0.041591228634225236,0.995,303.8730841675049,2500,5000
Scalar region null,Conventional,76250,0.7276,0.006296002541295548,0.7152598350190608,0.7399401649809393,0.995,303.8730841675049,2500,5000
Scalar region null,Anytime-valid,77018,0.0364,0.002648586037870018,0.031208771365774768,0.041591228634225236,0.995,303.8730841675049,2500,5000
Scalar region null,Conventional,77018,0.7276,0.006296002541295548,0.7152598350190608,0.7399401649809393,0.995,303.8730841675049,2500,5000
Scalar region null,Anytime-valid,77794,0.0366,0.0026555767735089116,0.031395069523922535,0.041804930476077466,0.995,303.8730841675049,2500,5000
Scalar region null,Conventional,77794,0.7276,0.006296002541295548,0.7152598350190608,0.7399401649809393,0.995,303.8730841675049,2500,5000
Scalar region null,Anytime-valid,78578,0.0366,0.0026555767735089116,0.031395069523922535,0.041804930476077466,0.995,303.8730841675049,2500,5000
Scalar region null,Conventional,78578,0.7284,0.006290205720006301,0.7160711967887877,0.7407288032112124,0.995,303.8730841675049,2500,5000
Scalar region null,Anytime-valid,79370,0.0366,0.0026555767735089116,0.031395069523922535,0.041804930476077466,0.995,303.8730841675049,2500,5000
Scalar region null,Conventional,79370,0.7288,0.006287297670700824,0.7164768965654263,0.7411231034345737,0.995,303.8730841675049,2500,5000
Scalar region null,Anytime-valid,80170,0.0368,0.002662546149834778,0.03158140954632384,0.04201859045367616,0.995,303.8730841675049,2500,5000
Scalar region null,Conventional,80170,0.7292,0.0062843831837341045,0.7168826089598811,0.7415173910401188,0.995,303.8730841675049,2500,5000
Scalar region null,Anytime-valid,80977,0.0368,0.002662546149834778,0.03158140954632384,0.04201859045367616,0.995,303.8730841675049,2500,5000
Scalar region null,Conventional,80977,0.7296,0.006281462250145264,0.7172883339897154,0.7419116660102847,0.995,303.8730841675049,2500,5000
Scalar region null,Anytime-valid,81793,0.0368,0.002662546149834778,0.03158140954632384,0.04201859045367616,0.995,303.8730841675049,2500,5000
Scalar region null,Conventional,81793,0.7308,0.006272660679488409,0.7185055850682027,0.7430944149317973,0.995,303.8730841675049,2500,5000
Scalar region null,Anytime-valid,82617,0.0368,0.002662546149834778,0.03158140954632384,0.04201859045367616,0.995,303.8730841675049,2500,5000
Scalar region null,Conventional,82617,0.731,0.006271188085203632,0.7187084713530009,0.7432915286469991,0.995,303.8730841675049,2500,5000
Scalar region null,Anytime-valid,83450,0.0368,0.002662546149834778,0.03158140954632384,0.04201859045367616,0.995,303.8730841675049,2500,5000
Scalar region null,Conventional,83450,0.7314,0.006268238029941109,0.7191142534613155,0.7436857465386846,0.995,303.8730841675049,2500,5000
Scalar region null,Anytime-valid,84291,0.0368,0.002662546149834778,0.03158140954632384,0.04201859045367616,0.995,303.8730841675049,2500,5000
Scalar region null,Conventional,84291,0.732,0.006263800763114996,0.7197229505042946,0.7442770494957054,0.995,303.8730841675049,2500,5000
Scalar region null,Anytime-valid,85140,0.0368,0.002662546149834778,0.03158140954632384,0.04201859045367616,0.995,303.8730841675049,2500,5000
Scalar region null,Conventional,85140,0.7324,0.006260834449176882,0.7201287644796134,0.7446712355203867,0.995,303.8730841675049,2500,5000
Scalar region null,Anytime-valid,85998,0.0368,0.002662546149834778,0.03158140954632384,0.04201859045367616,0.995,303.8730841675049,2500,5000
Scalar region null,Conventional,85998,0.7324,0.006260834449176882,0.7201287644796134,0.7446712355203867,0.995,303.8730841675049,2500,5000
Scalar region null,Anytime-valid,86864,0.0368,0.002662546149834778,0.03158140954632384,0.04201859045367616,0.995,303.8730841675049,2500,5000
Scalar region null,Conventional,86864,0.733,0.006256372751043531,0.7207375094079547,0.7452624905920453,0.995,303.8730841675049,2500,5000
Scalar region null,Anytime-valid,87739,0.037,0.002669494334138958,0.031767791105087644,0.04223220889491235,0.995,303.8730841675049,2500,5000
Scalar region null,Conventional,87739,0.734,0.006248903903885865,0.7217521483483836,0.7462478516516163,0.995,303.8730841675049,2500,5000
Scalar region null,Anytime-valid,88623,0.037,0.002669494334138958,0.031767791105087644,0.04223220889491235,0.995,303.8730841675049,2500,5000
Scalar region null,Conventional,88623,0.7342,0.0062474052213699095,0.7219550857661149,0.746444914233885,0.995,303.8730841675049,2500,5000
Scalar region null,Anytime-valid,89516,0.037,0.002669494334138958,0.031767791105087644,0.04223220889491235,0.995,303.8730841675049,2500,5000
Scalar region null,Conventional,89516,0.7344,0.006245904898411438,0.7221580263991136,0.7466419736008865,0.995,303.8730841675049,2500,5000
Scalar region null,Anytime-valid,90418,0.0372,0.002676421491469533,0.03195421387671971,0.04244578612328028,0.995,303.8730841675049,2500,5000
Scalar region null,Conventional,90418,0.7348,0.006242899326434794,0.7225639173201878,0.7470360826798123,0.995,303.8730841675049,2500,5000
Scalar region null,Anytime-valid,91329,0.0372,0.002676421491469533,0.03195421387671971,0.04244578612328028,0.995,303.8730841675049,2500,5000
Scalar region null,Conventional,91329,0.7354,0.006238378635510993,0.7231727778743985,0.7476272221256016,0.995,303.8730841675049,2500,5000
Scalar region null,Anytime-valid,92250,0.0372,0.002676421491469533,0.03195421387671971,0.04244578612328028,0.995,303.8730841675049,2500,5000
Scalar region null,Conventional,92250,0.7356,0.006236868444981022,0.7233757378478373,0.7478242621521628,0.995,303.8730841675049,2500,5000
Scalar region null,Anytime-valid,93179,0.0372,0.002676421491469533,0.03195421387671971,0.04244578612328028,0.995,303.8730841675049,2500,5000
Scalar region null,Conventional,93179,0.7366,0.006229292736739862,0.72439058623599,0.7488094137640101,0.995,303.8730841675049,2500,5000
Scalar region null,Anytime-valid,94118,0.0372,0.002676421491469533,0.03195421387671971,0.04244578612328028,0.995,303.8730841675049,2500,5000
Scalar region null,Conventional,94118,0.7366,0.006229292736739862,0.72439058623599,0.7488094137640101,0.995,303.8730841675049,2500,5000
Scalar region null,Anytime-valid,95066,0.0372,0.002676421491469533,0.03195421387671971,0.04244578612328028,0.995,303.8730841675049,2500,5000
Scalar region null,Conventional,95066,0.73740000000000006,0.006223202391052374,0.7252025233135374,0.7495974766864627,0.995,303.8730841675049,2500,5000
Scalar region null,Anytime-valid,96024,0.0372,0.002676421491469533,0.03195421387671971,0.04244578612328028,0.995,303.8730841675049,2500,5000
Scalar region null,Conventional,96024,0.738,0.006218617209637525,0.7258115102691104,0.7501884897308896,0.995,303.8730841675049,2500,5000
Scalar region null,Anytime-valid,96991,0.0372,0.002676421491469533,0.03195421387671971,0.04244578612328028,0.995,303.8730841675049,2500,5000
Scalar region null,Conventional,96991,0.7382,0.006217085490806766,0.7260145124380187,0.7503854875619812,0.995,303.8730841675049,2500,5000
Scalar region null,Anytime-valid,97969,0.0372,0.002676421491469533,0.03195421387671971,0.04244578612328028,0.995,303.8730841675049,2500,5000
Scalar region null,Conventional,97969,0.7386,0.006214017058232138,0.7264205265658651,0.750779473434135,0.995,303.8730841675049,2500,5000
Scalar region null,Anytime-valid,98956,0.0372,0.002676421491469533,0.03195421387671971,0.04244578612328028,0.995,303.8730841675049,2500,5000
Scalar region null,Conventional,98956,0.7396,0.006206316782118038,0.7274356191070487,0.7517643808929514,0.995,303.8730841675049,2500,5000
Scalar region null,Anytime-valid,99953,0.0372,0.002676421491469533,0.03195421387671971,0.04244578612328028,0.995,303.8730841675049,2500,5000
Scalar region null,Conventional,99953,0.7398,0.006204771712158313,0.7276386474441697,0.7519613525558303,0.995,303.8730841675049,2500,5000
Scalar region null,Anytime-valid,100960,0.0372,0.002676421491469533,0.03195421387671971,0.04244578612328028,0.995,303.8730841675049,2500,5000
Scalar region null,Conventional,100960,0.7402,0.006201676547515197,0.7280447139668702,0.7523552860331297,0.995,303.8730841675049,2500,5000
Scalar region null,Anytime-valid,101977,0.0372,0.002676421491469533,0.03195421387671971,0.04244578612328028,0.995,303.8730841675049,2500,5000
Scalar region null,Conventional,101977,0.7406,0.006198574674874862,0.7284507936372453,0.7527492063627548,0.995,303.8730841675049,2500,5000
Scalar region null,Anytime-valid,103005,0.0372,0.002676421491469533,0.03195421387671971,0.04244578612328028,0.995,303.8730841675049,2500,5000
Scalar region null,Conventional,103005,0.741,0.006195466084161869,0.7288568864750428,0.7531431135249572,0.995,303.8730841675049,2500,5000
Scalar region null,Anytime-valid,104042,0.0374,0.0026833277846733524,0.03214067754204023,0.042659322457959774,0.995,303.8730841675049,2500,5000
Scalar region null,Conventional,104042,0.7412,0.00619390926636805,0.7290599378379186,0.7533400621620814,0.995,303.8730841675049,2500,5000
Scalar region null,Anytime-valid,105091,0.0374,0.0026833277846733524,0.03214067754204023,0.042659322457959774,0.995,303.8730841675049,2500,5000
Scalar region null,Conventional,105091,0.7416,0.006190790579562517,0.7294660504640575,0.7537339495359425,0.995,303.8730841675049,2500,5000
Scalar region null,Anytime-valid,106149,0.0374,0.0026833277846733524,0.03214067754204023,0.042659322457959774,0.995,303.8730841675049,2500,5000
Scalar region null,Conventional,106149,0.7422,0.006186099902200093,0.7300752441916878,0.7543247558083122,0.995,303.8730841675049,2500,5000
Scalar region null,Anytime-valid,107219,0.0374,0.0026833277846733524,0.03214067754204023,0.042659322457959774,0.995,303.8730841675049,2500,5000
Scalar region null,Conventional,107219,0.7426,0.006182964337597298,0.7304813898983094,0.7547186101016907,0.995,303.8730841675049,2500,5000
Scalar region null,Anytime-valid,108299,0.0374,0.0026833277846733524,0.03214067754204023,0.042659322457959774,0.995,303.8730841675049,2500,5000
Scalar region null,Conventional,108299,0.7434,0.006176672890804563,0.731293721134023,0.7555062788659769,0.995,303.8730841675049,2500,5000
Scalar region null,Anytime-valid,109390,0.0374,0.0026833277846733524,0.03214067754204023,0.042659322457959774,0.995,303.8730841675049,2500,5000
Scalar region null,Conventional,109390,0.7436,0.00617509578873073,0.7314968122540878,0.7557031877459123,0.995,303.8730841675049,2500,5000
Scalar region null,Anytime-valid,110493,0.0374,0.0026833277846733524,0.03214067754204023,0.042659322457959774,0.995,303.8730841675049,2500,5000
Scalar region null,Conventional,110493,0.7436,0.00617509578873073,0.7314968122540878,0.7557031877459123,0.995,303.8730841675049,2500,5000
Scalar region null,Anytime-valid,111606,0.0374,0.0026833277846733524,0.03214067754204023,0.042659322457959774,0.995,303.8730841675049,2500,5000
Scalar region null,Conventional,111606,0.7436,0.00617509578873073,0.7314968122540878,0.7557031877459123,0.995,303.8730841675049,2500,5000
Scalar region null,Anytime-valid,112730,0.0374,0.0026833277846733524,0.03214067754204023,0.042659322457959774,0.995,303.8730841675049,2500,5000
Scalar region null,Conventional,112730,0.744,0.006171936487035491,0.7319030044854105,0.7560969955145895,0.995,303.8730841675049,2500,5000
Scalar region null,Anytime-valid,113866,0.0374,0.0026833277846733524,0.03214067754204023,0.042659322457959774,0.995,303.8730841675049,2500,5000
Scalar region null,Conventional,113866,0.7442,0.006170354284804075,0.732106105601784,0.7562938943982159,0.995,303.8730841675049,2500,5000
Scalar region null,Anytime-valid,115013,0.0374,0.0026833277846733524,0.03214067754204023,0.042659322457959774,0.995,303.8730841675049,2500,5000
Scalar region null,Conventional,115013,0.7444,0.006168770379905545,0.7323092100553851,0.7564907899446148,0.995,303.8730841675049,2500,5000
Scalar region null,Anytime-valid,116172,0.0374,0.0026833277846733524,0.03214067754204023,0.042659322457959774,0.995,303.8730841675049,2500,5000
Scalar region null,Conventional,116172,0.7446,0.006167184771028025,0.7325123178487851,0.756687682151215,0.995,303.8730841675049,2500,5000
Scalar region null,Anytime-valid,117343,0.0374,0.0026833277846733524,0.03214067754204023,0.042659322457959774,0.995,303.8730841675049,2500,5000
Scalar region null,Conventional,117343,0.7452,0.006162417707361292,0.7331216612935718,0.7572783387064281,0.995,303.8730841675049,2500,5000
Scalar region null,Anytime-valid,118525,0.0374,0.0026833277846733524,0.03214067754204023,0.042659322457959774,0.995,303.8730841675049,2500,5000
Scalar region null,Conventional,118525,0.7454,0.006160825269393704,0.7333247824719883,0.7574752175280116,0.995,303.8730841675049,2500,5000
Scalar region null,Anytime-valid,119719,0.0374,0.0026833277846733524,0.03214067754204023,0.042659322457959774,0.995,303.8730841675049,2500,5000
Scalar region null,Conventional,119719,0.7456,0.006159231120846172,0.7335279070031415,0.7576720929968586,0.995,303.8730841675049,2500,5000
Scalar region null,Anytime-valid,120925,0.0376,0.0026902133744370537,0.03232718178610337,0.04287281821389663,0.995,303.8730841675049,2500,5000
Scalar region null,Conventional,120925,0.746,0.006156037686694258,0.7339341661340792,0.7580658338659207,0.995,303.8730841675049,2500,5000
Scalar region null,Anytime-valid,122144,0.0376,0.0026902133744370537,0.03232718178610337,0.04287281821389663,0.995,303.8730841675049,2500,5000
Scalar region null,Conventional,122144,0.7468,0.0061496302327863584,0.7347467247437388,0.7588532752562612,0.995,303.8730841675049,2500,5000
Scalar region null,Anytime-valid,123374,0.0376,0.0026902133744370537,0.03232718178610337,0.04287281821389663,0.995,303.8730841675049,2500,5000
Scalar region null,Conventional,123374,0.7468,0.0061496302327863584,0.7347467247437388,0.7588532752562612,0.995,303.8730841675049,2500,5000
Scalar region null,Anytime-valid,124618,0.0376,0.0026902133744370537,0.03232718178610337,0.04287281821389663,0.995,303.8730841675049,2500,5000
Scalar region null,Conventional,124618,0.747,0.006148024072822097,0.7349498728172686,0.7590501271827313,0.995,303.8730841675049,2500,5000
Scalar region null,Anytime-valid,125873,0.0376,0.0026902133744370537,0.03232718178610337,0.04287281821389663,0.995,303.8730841675049,2500,5000
Scalar region null,Conventional,125873,0.747,0.006148024072822097,0.7349498728172686,0.7590501271827313,0.995,303.8730841675049,2500,5000
Scalar region null,Anytime-valid,127141,0.0376,0.0026902133744370537,0.03232718178610337,0.04287281821389663,0.995,303.8730841675049,2500,5000
Scalar region null,Conventional,127141,0.7472,0.006146416191570499,0.7351530242645218,0.7592469757354782,0.995,303.8730841675049,2500,5000
Scalar region null,Anytime-valid,128422,0.0378,0.002697078419327106,0.03251372629811887,0.04308627370188113,0.995,303.8730841675049,2500,5000
Scalar region null,Conventional,128422,0.748,0.006139967426623695,0.7359656638438176,0.7600343361561824,0.995,303.8730841675049,2500,5000
Scalar region null,Anytime-valid,129716,0.0378,0.002697078419327106,0.03251372629811887,0.04308627370188113,0.995,303.8730841675049,2500,5000
Scalar region null,Conventional,129716,0.7488,0.006133491012465902,0.7367783576155669,0.7608216423844332,0.995,303.8730841675049,2500,5000
Scalar region null,Anytime-valid,131023,0.0378,0.002697078419327106,0.03251372629811887,0.04308627370188113,0.995,303.8730841675049,2500,5000
Scalar region null,Conventional,131023,0.749,0.006131867578478844,0.7369815395461815,0.7610184604538185,0.995,303.8730841675049,2500,5000
Scalar region null,Anytime-valid,132343,0.0378,0.002697078419327106,0.03251372629811887,0.04308627370188113,0.995,303.8730841675049,2500,5000
Scalar region null,Conventional,132343,0.7494,0.006128615504337012,0.7373879136114994,0.7614120863885006,0.995,303.8730841675049,2500,5000
Scalar region null,Anytime-valid,133677,0.0378,0.002697078419327106,0.03251372629811887,0.04308627370188113,0.995,303.8730841675049,2500,5000
Scalar region null,Conventional,133677,0.75,0.006123724356957945,0.7379975002603625,0.7620024997396375,0.995,303.8730841675049,2500,5000
Scalar region null,Anytime-valid,135024,0.0378,0.002697078419327106,0.03251372629811887,0.04308627370188113,0.995,303.8730841675049,2500,5000
Scalar region null,Conventional,135024,0.7502,0.006122090492634032,0.7382007026344373,0.7621992973655627,0.995,303.8730841675049,2500,5000
Scalar region null,Anytime-valid,136384,0.0378,0.002697078419327106,0.03251372629811887,0.04308627370188113,0.995,303.8730841675049,2500,5000
Scalar region null,Conventional,136384,0.7504,0.006120454885055522,0.7384039084252911,0.7623960915747088,0.995,303.8730841675049,2500,5000
Scalar region null,Anytime-valid,137758,0.0378,0.002697078419327106,0.03251372629811887,0.04308627370188113,0.995,303.8730841675049,2500,5000
Scalar region null,Conventional,137758,0.7508,0.006117178434539898,0.7388103302683018,0.7627896697316983,0.995,303.8730841675049,2500,5000
Scalar region null,Anytime-valid,139146,0.0378,0.002697078419327106,0.03251372629811887,0.04308627370188113,0.995,303.8730841675049,2500,5000
Scalar region null,Conventional,139146,0.7514,0.006112250649310776,0.7394199887273508,0.7633800112726491,0.995,303.8730841675049,2500,5000
Scalar region null,Anytime-valid,140548,0.0378,0.002697078419327106,0.03251372629811887,0.04308627370188113,0.995,303.8730841675049,2500,5000
Scalar region null,Conventional,140548,0.7518,0.0061089567030713195,0.7398264448619802,0.7637735551380198,0.995,303.8730841675049,2500,5000
Scalar region null,Anytime-valid,141964,0.0378,0.002697078419327106,0.03251372629811887,0.04308627370188113,0.995,303.8730841675049,2500,5000
Scalar region null,Conventional,141964,0.7518,0.0061089567030713195,0.7398264448619802,0.7637735551380198,0.995,303.8730841675049,2500,5000
Scalar region null,Anytime-valid,143395,0.0378,0.002697078419327106,0.03251372629811887,0.04308627370188113,0.995,303.8730841675049,2500,5000
Scalar region null,Conventional,143395,0.7518,0.0061089567030713195,0.7398264448619802,0.7637735551380198,0.995,303.8730841675049,2500,5000
Scalar region null,Anytime-valid,144839,0.0378,0.002697078419327106,0.03251372629811887,0.04308627370188113,0.995,303.8730841675049,2500,5000
Scalar region null,Conventional,144839,0.7518,0.0061089567030713195,0.7398264448619802,0.7637735551380198,0.995,303.8730841675049,2500,5000
Scalar region null,Anytime-valid,146299,0.0378,0.002697078419327106,0.03251372629811887,0.04308627370188113,0.995,303.8730841675049,2500,5000
Scalar region null,Conventional,146299,0.752,0.00610730709887754,0.7400296780862,0.7639703219138,0.995,303.8730841675049,2500,5000
Scalar region null,Anytime-valid,147773,0.0378,0.002697078419327106,0.03251372629811887,0.04308627370188113,0.995,303.8730841675049,2500,5000
Scalar region null,Conventional,147773,0.7522,0.006105655738739288,0.740232914752071,0.764167085247929,0.995,303.8730841675049,2500,5000
Scalar region null,Anytime-valid,149262,0.0378,0.002697078419327106,0.03251372629811887,0.04308627370188113,0.995,303.8730841675049,2500,5000
Scalar region null,Conventional,149262,0.7522,0.006105655738739288,0.740232914752071,0.764167085247929,0.995,303.8730841675049,2500,5000
Scalar region null,Anytime-valid,150766,0.0378,0.002697078419327106,0.03251372629811887,0.04308627370188113,0.995,303.8730841675049,2500,5000
Scalar region null,Conventional,150766,0.7524,0.006104002621231417,0.7404361548623863,0.7643638451376136,0.995,303.8730841675049,2500,5000
Scalar region null,Anytime-valid,152285,0.0378,0.002697078419327106,0.03251372629811887,0.04308627370188113,0.995,303.8730841675049,2500,5000
Scalar region null,Conventional,152285,0.7528,0.006100691108390917,0.7408426454275538,0.7647573545724462,0.995,303.8730841675049,2500,5000
Scalar region null,Anytime-valid,153819,0.0378,0.002697078419327106,0.03251372629811887,0.04308627370188113,0.995,303.8730841675049,2500,5000
Scalar region null,Conventional,153819,0.7534,0.0060957106230529025,0.7414524071788162,0.7653475928211837,0.995,303.8730841675049,2500,5000
Scalar region null,Anytime-valid,155369,0.0378,0.002697078419327106,0.03251372629811887,0.04308627370188113,0.995,303.8730841675049,2500,5000
Scalar region null,Conventional,155369,0.7534,0.0060957106230529025,0.7414524071788162,0.7653475928211837,0.995,303.8730841675049,2500,5000
Scalar region null,Anytime-valid,156934,0.0378,0.002697078419327106,0.03251372629811887,0.04308627370188113,0.995,303.8730841675049,2500,5000
Scalar region null,Conventional,156934,0.7536,0.006094046931227228,0.7416556680147947,0.7655443319852054,0.995,303.8730841675049,2500,5000
Scalar region null,Anytime-valid,158515,0.038,0.0027039230758288966,0.03270031077137536,0.043299689228624635,0.995,303.8730841675049,2500,5000
Scalar region null,Conventional,158515,0.7542,0.006089045245356615,0.742265471319101,0.7661345286808989,0.995,303.8730841675049,2500,5000
Scalar region null,Anytime-valid,160112,0.038,0.0027039230758288966,0.03270031077137536,0.043299689228624635,0.995,303.8730841675049,2500,5000
Scalar region null,Conventional,160112,0.755,0.006082351518943968,0.7430785910228699,0.7669214089771301,0.995,303.8730841675049,2500,5000
Scalar region null,Anytime-valid,161726,0.038,0.0027039230758288966,0.03270031077137536,0.043299689228624635,0.995,303.8730841675049,2500,5000
Scalar region null,Conventional,161726,0.755,0.006082351518943968,0.7430785910228699,0.7669214089771301,0.995,303.8730841675049,2500,5000
Scalar region null,Anytime-valid,163355,0.038,0.0027039230758288966,0.03270031077137536,0.043299689228624635,0.995,303.8730841675049,2500,5000
Scalar region null,Conventional,163355,0.755,0.006082351518943968,0.7430785910228699,0.7669214089771301,0.995,303.8730841675049,2500,5000
Scalar region null,Anytime-valid,165001,0.038,0.0027039230758288966,0.03270031077137536,0.043299689228624635,0.995,303.8730841675049,2500,5000
Scalar region null,Conventional,165001,0.755,0.006082351518943968,0.7430785910228699,0.7669214089771301,0.995,303.8730841675049,2500,5000
Scalar region null,Anytime-valid,166663,0.038,0.0027039230758288966,0.03270031077137536,0.043299689228624635,0.995,303.8730841675049,2500,5000
Scalar region null,Conventional,166663,0.7554,0.0060789939957200155,0.7434851717683887,0.7673148282316112,0.995,303.8730841675049,2500,5000
Scalar region null,Anytime-valid,168343,0.038,0.0027039230758288966,0.03270031077137536,0.043299689228624635,0.995,303.8730841675049,2500,5000
Scalar region null,Conventional,168343,0.7556,0.006077312563954563,0.7436884673746491,0.767511532625351,0.995,303.8730841675049,2500,5000
Scalar region null,Anytime-valid,170039,0.038,0.0027039230758288966,0.03270031077137536,0.043299689228624635,0.995,303.8730841675049,2500,5000
Scalar region null,Conventional,170039,0.7558,0.006075629350116743,0.7438917664737712,0.7677082335262289,0.995,303.8730841675049,2500,5000
Scalar region null,Anytime-valid,171752,0.038,0.0027039230758288966,0.03270031077137536,0.043299689228624635,0.995,303.8730841675049,2500,5000
Scalar region null,Conventional,171752,0.7558,0.006075629350116743,0.7438917664737712,0.7677082335262289,0.995,303.8730841675049,2500,5000
Scalar region null,Anytime-valid,173483,0.038,0.0027039230758288966,0.03270031077137536,0.043299689228624635,0.995,303.8730841675049,2500,5000
Scalar region null,Conventional,173483,0.7564,0.006070569001337519,0.7445016847573784,0.7682983152426215,0.995,303.8730841675049,2500,5000
Scalar region null,Anytime-valid,175230,0.038,0.0027039230758288966,0.03270031077137536,0.043299689228624635,0.995,303.8730841675049,2500,5000
Scalar region null,Conventional,175230,0.7568,0.006067186497875271,0.7449083144641645,0.7686916855358356,0.995,303.8730841675049,2500,5000
Scalar region null,Anytime-valid,176996,0.038,0.0027039230758288966,0.03270031077137536,0.043299689228624635,0.995,303.8730841675049,2500,5000
Scalar region null,Conventional,176996,0.7568,0.006067186497875271,0.7449083144641645,0.7686916855358356,0.995,303.8730841675049,2500,5000
Scalar region null,Anytime-valid,178779,0.038,0.0027039230758288966,0.03270031077137536,0.043299689228624635,0.995,303.8730841675049,2500,5000
Scalar region null,Conventional,178779,0.7568,0.006067186497875271,0.7449083144641645,0.7686916855358356,0.995,303.8730841675049,2500,5000
Scalar region null,Anytime-valid,180581,0.038,0.0027039230758288966,0.03270031077137536,0.043299689228624635,0.995,303.8730841675049,2500,5000
Scalar region null,Conventional,180581,0.7568,0.006067186497875271,0.7449083144641645,0.7686916855358356,0.995,303.8730841675049,2500,5000
Scalar region null,Anytime-valid,182400,0.038,0.0027039230758288966,0.03270031077137536,0.043299689228624635,0.995,303.8730841675049,2500,5000
Scalar region null,Conventional,182400,0.7568,0.006067186497875271,0.7449083144641645,0.7686916855358356,0.995,303.8730841675049,2500,5000
Scalar region null,Anytime-valid,184238,0.038,0.0027039230758288966,0.03270031077137536,0.043299689228624635,0.995,303.8730841675049,2500,5000
Scalar region null,Conventional,184238,0.757,0.0060654925603779285,0.7451116345816593,0.7688883654183407,0.995,303.8730841675049,2500,5000
Scalar region null,Anytime-valid,186094,0.038,0.0027039230758288966,0.03270031077137536,0.043299689228624635,0.995,303.8730841675049,2500,5000
Scalar region null,Conventional,186094,0.7578,0.006058698870219578,0.7459249502143697,0.7696750497856304,0.995,303.8730841675049,2500,5000
Scalar region null,Anytime-valid,187969,0.038,0.0027039230758288966,0.03270031077137536,0.043299689228624635,0.995,303.8730841675049,2500,5000
Scalar region null,Conventional,187969,0.7584,0.0060535847231206735,0.7465349739426834,0.7702650260573165,0.995,303.8730841675049,2500,5000
Scalar region null,Anytime-valid,189863,0.038,0.0027039230758288966,0.03270031077137536,0.043299689228624635,0.995,303.8730841675049,2500,5000
Scalar region null,Conventional,189863,0.7586,0.0060518764032323055,0.7467383222496647,0.7704616777503354,0.995,303.8730841675049,2500,5000
Scalar region null,Anytime-valid,191776,0.038,0.0027039230758288966,0.03270031077137536,0.043299689228624635,0.995,303.8730841675049,2500,5000
Scalar region null,Conventional,191776,0.759,0.006048454348013218,0.7471450294778941,0.7708549705221059,0.995,303.8730841675049,2500,5000
Scalar region null,Anytime-valid,193708,0.038,0.0027039230758288966,0.03270031077137536,0.043299689228624635,0.995,303.8730841675049,2500,5000
Scalar region null,Conventional,193708,0.7594,0.006045025061982787,0.7475517508785137,0.7712482491214863,0.995,303.8730841675049,2500,5000
Scalar region null,Anytime-valid,195660,0.038,0.0027039230758288966,0.03270031077137536,0.043299689228624635,0.995,303.8730841675049,2500,5000
Scalar region null,Conventional,195660,0.7594,0.006045025061982787,0.7475517508785137,0.7712482491214863,0.995,303.8730841675049,2500,5000
Scalar region null,Anytime-valid,197631,0.038,0.0027039230758288966,0.03270031077137536,0.043299689228624635,0.995,303.8730841675049,2500,5000
Scalar region null,Conventional,197631,0.7598,0.006041588532828101,0.747958486475657,0.7716415135243431,0.995,303.8730841675049,2500,5000
Scalar region null,Anytime-valid,199623,0.038,0.0027039230758288966,0.03270031077137536,0.043299689228624635,0.995,303.8730841675049,2500,5000
Scalar region null,Conventional,199623,0.7598,0.006041588532828101,0.747958486475657,0.7716415135243431,0.995,303.8730841675049,2500,5000
Scalar region null,Anytime-valid,201634,0.038,0.0027039230758288966,0.03270031077137536,0.043299689228624635,0.995,303.8730841675049,2500,5000
Scalar region null,Conventional,201634,0.7598,0.006041588532828101,0.747958486475657,0.7716415135243431,0.995,303.8730841675049,2500,5000
Scalar region null,Anytime-valid,203665,0.038,0.0027039230758288966,0.03270031077137536,0.043299689228624635,0.995,303.8730841675049,2500,5000
Scalar region null,Conventional,203665,0.76,0.0060398675482166,0.7481618596054955,0.7718381403945045,0.995,303.8730841675049,2500,5000
Scalar region null,Anytime-valid,205717,0.038,0.0027039230758288966,0.03270031077137536,0.043299689228624635,0.995,303.8730841675049,2500,5000
Scalar region null,Conventional,205717,0.7604,0.0060364201311704615,0.7485686165429059,0.7722313834570941,0.995,303.8730841675049,2500,5000
Scalar region null,Anytime-valid,207790,0.038,0.0027039230758288966,0.03270031077137536,0.043299689228624635,0.995,303.8730841675049,2500,5000
Scalar region null,Conventional,207790,0.7604,0.0060364201311704615,0.7485686165429059,0.7722313834570941,0.995,303.8730841675049,2500,5000
Scalar region null,Anytime-valid,209884,0.038,0.0027039230758288966,0.03270031077137536,0.043299689228624635,0.995,303.8730841675049,2500,5000
Scalar region null,Conventional,209884,0.761,0.006031235362676538,0.749178778689154,0.7728212213108461,0.995,303.8730841675049,2500,5000
Scalar region null,Anytime-valid,211998,0.038,0.0027039230758288966,0.03270031077137536,0.043299689228624635,0.995,303.8730841675049,2500,5000
Scalar region null,Conventional,211998,0.7612,0.006029503462143463,0.7493821732141988,0.7730178267858012,0.995,303.8730841675049,2500,5000
Scalar region null,Anytime-valid,214134,0.038,0.0027039230758288966,0.03270031077137536,0.043299689228624635,0.995,303.8730841675049,2500,5000
Scalar region null,Conventional,214134,0.7612,0.006029503462143463,0.7493821732141988,0.7730178267858012,0.995,303.8730841675049,2500,5000
Scalar region null,Anytime-valid,216292,0.038,0.0027039230758288966,0.03270031077137536,0.043299689228624635,0.995,303.8730841675049,2500,5000
Scalar region null,Conventional,216292,0.7612,0.006029503462143463,0.7493821732141988,0.7730178267858012,0.995,303.8730841675049,2500,5000
Scalar region null,Anytime-valid,218471,0.038,0.0027039230758288966,0.03270031077137536,0.043299689228624635,0.995,303.8730841675049,2500,5000
Scalar region null,Conventional,218471,0.7612,0.006029503462143463,0.7493821732141988,0.7730178267858012,0.995,303.8730841675049,2500,5000
Scalar region null,Anytime-valid,220672,0.038,0.0027039230758288966,0.03270031077137536,0.043299689228624635,0.995,303.8730841675049,2500,5000
Scalar region null,Conventional,220672,0.7614,0.006027769736809793,0.7495855713158528,0.7732144286841471,0.995,303.8730841675049,2500,5000
Scalar region null,Anytime-valid,222896,0.038,0.0027039230758288966,0.03270031077137536,0.043299689228624635,0.995,303.8730841675049,2500,5000
Scalar region null,Conventional,222896,0.7614,0.006027769736809793,0.7495855713158528,0.7732144286841471,0.995,303.8730841675049,2500,5000
Scalar region null,Anytime-valid,225142,0.038,0.0027039230758288966,0.03270031077137536,0.043299689228624635,0.995,303.8730841675049,2500,5000
Scalar region null,Conventional,225142,0.7618,0.006024296805437129,0.7499923782613432,0.7736076217386568,0.995,303.8730841675049,2500,5000
Scalar region null,Anytime-valid,227410,0.0382,0.002710747498384901,0.03288693490316559,0.043513065096834405,0.995,303.8730841675049,2500,5000
Scalar region null,Conventional,227410,0.7618,0.006024296805437129,0.7499923782613432,0.7736076217386568,0.995,303.8730841675049,2500,5000
Scalar region null,Anytime-valid,229701,0.0382,0.002710747498384901,0.03288693490316559,0.043513065096834405,0.995,303.8730841675049,2500,5000
Scalar region null,Conventional,229701,0.7618,0.006024296805437129,0.7499923782613432,0.7736076217386568,0.995,303.8730841675049,2500,5000
Scalar region null,Anytime-valid,232016,0.0382,0.002710747498384901,0.03288693490316559,0.043513065096834405,0.995,303.8730841675049,2500,5000
Scalar region null,Conventional,232016,0.7622,0.006020816555916648,0.7503991995504034,0.7740008004495966,0.995,303.8730841675049,2500,5000
Scalar region null,Anytime-valid,234353,0.0382,0.002710747498384901,0.03288693490316559,0.043513065096834405,0.995,303.8730841675049,2500,5000
Scalar region null,Conventional,234353,0.7628,0.006015582432316924,0.7510094584326589,0.7745905415673412,0.995,303.8730841675049,2500,5000
Scalar region null,Anytime-valid,236714,0.0382,0.002710747498384901,0.03288693490316559,0.043513065096834405,0.995,303.8730841675049,2500,5000
Scalar region null,Conventional,236714,0.7632,0.006012083831750852,0.7514163156897683,0.7749836843102317,0.995,303.8730841675049,2500,5000
Scalar region null,Anytime-valid,239100,0.0382,0.002710747498384901,0.03288693490316559,0.043513065096834405,0.995,303.8730841675049,2500,5000
Scalar region null,Conventional,239100,0.764,0.0060050645292119885,0.7522300735227445,0.7757699264772555,0.995,303.8730841675049,2500,5000
Scalar region null,Anytime-valid,241509,0.0382,0.002710747498384901,0.03288693490316559,0.043513065096834405,0.995,303.8730841675049,2500,5000
Scalar region null,Conventional,241509,0.7644,0.006001543801389773,0.752636974149276,0.7761630258507239,0.995,303.8730841675049,2500,5000
Scalar region null,Anytime-valid,243942,0.0382,0.002710747498384901,0.03288693490316559,0.043513065096834405,0.995,303.8730841675049,2500,5000
Scalar region null,Conventional,243942,0.7646,0.005999780662657595,0.752840429901191,0.7763595700988088,0.995,303.8730841675049,2500,5000
Scalar region null,Anytime-valid,246400,0.0382,0.002710747498384901,0.03288693490316559,0.043513065096834405,0.995,303.8730841675049,2500,5000
Scalar region null,Conventional,246400,0.7648,0.005998015671870156,0.7530438892831345,0.7765561107168656,0.995,303.8730841675049,2500,5000
Scalar region null,Anytime-valid,248882,0.0382,0.002710747498384901,0.03288693490316559,0.043513065096834405,0.995,303.8730841675049,2500,5000
Scalar region null,Conventional,248882,0.765,0.005996248827392005,0.7532473522983116,0.7767526477016884,0.995,303.8730841675049,2500,5000
Scalar region null,Anytime-valid,251390,0.0382,0.002710747498384901,0.03288693490316559,0.043513065096834405,0.995,303.8730841675049,2500,5000
Scalar region null,Conventional,251390,0.7654,0.005992709570803511,0.7536542892412251,0.7771457107587748,0.995,303.8730841675049,2500,5000
Scalar region null,Anytime-valid,253923,0.0382,0.002710747498384901,0.03288693490316559,0.043513065096834405,0.995,303.8730841675049,2500,5000
Scalar region null,Conventional,253923,0.7658,0.005989162879735364,0.7540612407557187,0.7775387592442814,0.995,303.8730841675049,2500,5000
Scalar region null,Anytime-valid,256481,0.0382,0.002710747498384901,0.03288693490316559,0.043513065096834405,0.995,303.8730841675049,2500,5000
Scalar region null,Conventional,256481,0.766,0.005987386742143854,0.7542647219853981,0.777735278014602,0.995,303.8730841675049,2500,5000
Scalar region null,Anytime-valid,259065,0.0382,0.002710747498384901,0.03288693490316559,0.043513065096834405,0.995,303.8730841675049,2500,5000
Scalar region null,Conventional,259065,0.7662,0.005985608740971966,0.7544682068676949,0.7779317931323051,0.995,303.8730841675049,2500,5000
Scalar region null,Anytime-valid,261676,0.0382,0.002710747498384901,0.03288693490316559,0.043513065096834405,0.995,303.8730841675049,2500,5000
Scalar region null,Conventional,261676,0.7668,0.005980263539343396,0.755078683462887,0.7785213165371131,0.995,303.8730841675049,2500,5000
Scalar region null,Anytime-valid,264312,0.0382,0.002710747498384901,0.03288693490316559,0.043513065096834405,0.995,303.8730841675049,2500,5000
Scalar region null,Conventional,264312,0.767,0.005978478067200715,0.7552821829882866,0.7787178170117134,0.995,303.8730841675049,2500,5000
Scalar region null,Anytime-valid,266975,0.0382,0.002710747498384901,0.03288693490316559,0.043513065096834405,0.995,303.8730841675049,2500,5000
Scalar region null,Conventional,266975,0.767,0.005978478067200715,0.7552821829882866,0.7787178170117134,0.995,303.8730841675049,2500,5000
Scalar region null,Anytime-valid,269665,0.0382,0.002710747498384901,0.03288693490316559,0.043513065096834405,0.995,303.8730841675049,2500,5000
Scalar region null,Conventional,269665,0.767,0.005978478067200715,0.7552821829882866,0.7787178170117134,0.995,303.8730841675049,2500,5000
Scalar region null,Anytime-valid,272382,0.0382,0.002710747498384901,0.03288693490316559,0.043513065096834405,0.995,303.8730841675049,2500,5000
Scalar region null,Conventional,272382,0.7672,0.0059766907231343334,0.7554856861826567,0.7789143138173433,0.995,303.8730841675049,2500,5000
Scalar region null,Anytime-valid,275126,0.0382,0.002710747498384901,0.03288693490316559,0.043513065096834405,0.995,303.8730841675049,2500,5000
Scalar region null,Conventional,275126,0.7676,0.005973110412507038,0.7558927035914862,0.7793072964085137,0.995,303.8730841675049,2500,5000
Scalar region null,Anytime-valid,277899,0.0382,0.002710747498384901,0.03288693490316559,0.043513065096834405,0.995,303.8730841675049,2500,5000
Scalar region null,Conventional,277899,0.7678,0.005971317442574963,0.7560962178125531,0.779503782187447,0.995,303.8730841675049,2500,5000
Scalar region null,Anytime-valid,280699,0.0382,0.002710747498384901,0.03288693490316559,0.043513065096834405,0.995,303.8730841675049,2500,5000
Scalar region null,Conventional,280699,0.7682,0.005967725865017594,0.7565032573045655,0.7798967426954345,0.995,303.8730841675049,2500,5000
Scalar region null,Anytime-valid,283527,0.0382,0.002710747498384901,0.03288693490316559,0.043513065096834405,0.995,303.8730841675049,2500,5000
Scalar region null,Conventional,283527,0.7682,0.005967725865017594,0.7565032573045655,0.7798967426954345,0.995,303.8730841675049,2500,5000
Scalar region null,Anytime-valid,286383,0.0382,0.002710747498384901,0.03288693490316559,0.043513065096834405,0.995,303.8730841675049,2500,5000
Scalar region null,Conventional,286383,0.7684,0.005965927253998325,0.7567067825821633,0.7800932174178367,0.995,303.8730841675049,2500,5000
Scalar region null,Anytime-valid,289269,0.0382,0.002710747498384901,0.03288693490316559,0.043513065096834405,0.995,303.8730841675049,2500,5000
Scalar region null,Conventional,289269,0.7686,0.005964126759216306,0.756910311551936,0.7802896884480639,0.995,303.8730841675049,2500,5000
Scalar region null,Anytime-valid,292183,0.0382,0.002710747498384901,0.03288693490316559,0.043513065096834405,0.995,303.8730841675049,2500,5000
Scalar region null,Conventional,292183,0.7686,0.005964126759216306,0.756910311551936,0.7802896884480639,0.995,303.8730841675049,2500,5000
Scalar region null,Anytime-valid,295127,0.0382,0.002710747498384901,0.03288693490316559,0.043513065096834405,0.995,303.8730841675049,2500,5000
Scalar region null,Conventional,295127,0.7688,0.0059623243789649685,0.7571138442172287,0.7804861557827714,0.995,303.8730841675049,2500,5000
Scalar region null,Anytime-valid,298101,0.0382,0.002710747498384901,0.03288693490316559,0.043513065096834405,0.995,303.8730841675049,2500,5000
Scalar region null,Conventional,298101,0.7692,0.0059587139552087914,0.7575209206477908,0.7808790793522092,0.995,303.8730841675049,2500,5000
Scalar region null,Anytime-valid,301104,0.0382,0.002710747498384901,0.03288693490316559,0.043513065096834405,0.995,303.8730841675049,2500,5000
Scalar region null,Conventional,301104,0.7694,0.0059569059082715085,0.7577244644197878,0.7810755355802121,0.995,303.8730841675049,2500,5000
Scalar region null,Anytime-valid,304138,0.0382,0.002710747498384901,0.03288693490316559,0.043513065096834405,0.995,303.8730841675049,2500,5000
Scalar region null,Conventional,304138,0.7694,0.0059569059082715085,0.7577244644197878,0.7810755355802121,0.995,303.8730841675049,2500,5000
Scalar region null,Anytime-valid,307202,0.0382,0.002710747498384901,0.03288693490316559,0.043513065096834405,0.995,303.8730841675049,2500,5000
Scalar region null,Conventional,307202,0.7698,0.005953284135668311,0.7581315630940901,0.78146843690591,0.995,303.8730841675049,2500,5000
Scalar region null,Anytime-valid,310298,0.0382,0.002710747498384901,0.03288693490316559,0.043513065096834405,0.995,303.8730841675049,2500,5000
Scalar region null,Conventional,310298,0.7706,0.005946017827083939,0.7589458050589154,0.7822541949410845,0.995,303.8730841675049,2500,5000
Scalar region null,Anytime-valid,313424,0.0382,0.002710747498384901,0.03288693490316559,0.043513065096834405,0.995,303.8730841675049,2500,5000
Scalar region null,Conventional,313424,0.7706,0.005946017827083939,0.7589458050589154,0.7822541949410845,0.995,303.8730841675049,2500,5000
Scalar region null,Anytime-valid,316582,0.0382,0.002710747498384901,0.03288693490316559,0.043513065096834405,0.995,303.8730841675049,2500,5000
Scalar region null,Conventional,316582,0.771,0.0059423732632678,0.7593529484039951,0.7826470515960049,0.995,303.8730841675049,2500,5000
Scalar region null,Anytime-valid,319772,0.0382,0.002710747498384901,0.03288693490316559,0.043513065096834405,0.995,303.8730841675049,2500,5000
Scalar region null,Conventional,319772,0.7716,0.005936892116250724,0.7599636914521485,0.7832363085478514,0.995,303.8730841675049,2500,5000
Scalar region null,Anytime-valid,322994,0.0382,0.002710747498384901,0.03288693490316559,0.043513065096834405,0.995,303.8730841675049,2500,5000
Scalar region null,Conventional,322994,0.772,0.005933228463492704,0.7603708722115543,0.7836291277884457,0.995,303.8730841675049,2500,5000
Scalar region null,Anytime-valid,326248,0.0382,0.002710747498384901,0.03288693490316559,0.043513065096834405,0.995,303.8730841675049,2500,5000
Scalar region null,Conventional,326248,0.772,0.005933228463492704,0.7603708722115543,0.7836291277884457,0.995,303.8730841675049,2500,5000
Scalar region null,Anytime-valid,329535,0.0382,0.002710747498384901,0.03288693490316559,0.043513065096834405,0.995,303.8730841675049,2500,5000
Scalar region null,Conventional,329535,0.7724,0.005929557150411826,0.7607780679851928,0.7840219320148072,0.995,303.8730841675049,2500,5000
Scalar region null,Anytime-valid,332855,0.0382,0.002710747498384901,0.03288693490316559,0.043513065096834405,0.995,303.8730841675049,2500,5000
Scalar region null,Conventional,332855,0.7728,0.005925878162770476,0.7611852788009699,0.7844147211990302,0.995,303.8730841675049,2500,5000
Scalar region null,Anytime-valid,336209,0.0382,0.002710747498384901,0.03288693490316559,0.043513065096834405,0.995,303.8730841675049,2500,5000
Scalar region null,Conventional,336209,0.773,0.005924035786522563,0.7613888898584158,0.7846111101415842,0.995,303.8730841675049,2500,5000
Scalar region null,Anytime-valid,339596,0.0382,0.002710747498384901,0.03288693490316559,0.043513065096834405,0.995,303.8730841675049,2500,5000
Scalar region null,Conventional,339596,0.7734,0.005920345260202313,0.7617961232900035,0.7850038767099965,0.995,303.8730841675049,2500,5000
Scalar region null,Anytime-valid,343018,0.0382,0.002710747498384901,0.03288693490316559,0.043513065096834405,0.995,303.8730841675049,2500,5000
Scalar region null,Conventional,343018,0.7736,0.005918497106529664,0.7619997456712018,0.7852002543287981,0.995,303.8730841675049,2500,5000
Scalar region null,Anytime-valid,346474,0.0382,0.002710747498384901,0.03288693490316559,0.043513065096834405,0.995,303.8730841675049,2500,5000
Scalar region null,Conventional,346474,0.7742,0.005912941061772897,0.7626106355189252,0.7857893644810748,0.995,303.8730841675049,2500,5000
Scalar region null,Anytime-valid,349965,0.0382,0.002710747498384901,0.03288693490316559,0.043513065096834405,0.995,303.8730841675049,2500,5000
Scalar region null,Conventional,349965,0.7748,0.005907367603256123,0.763221559497618,0.786378440502382,0.995,303.8730841675049,2500,5000
Scalar region null,Anytime-valid,353491,0.0382,0.002710747498384901,0.03288693490316559,0.043513065096834405,0.995,303.8730841675049,2500,5000
Scalar region null,Conventional,353491,0.7748,0.005907367603256123,0.763221559497618,0.786378440502382,0.995,303.8730841675049,2500,5000
Scalar region null,Anytime-valid,357053,0.0382,0.002710747498384901,0.03288693490316559,0.043513065096834405,0.995,303.8730841675049,2500,5000
Scalar region null,Conventional,357053,0.775,0.005905505905508858,0.7634252084252027,0.7865747915747974,0.995,303.8730841675049,2500,5000
Scalar region null,Anytime-valid,360650,0.0382,0.002710747498384901,0.03288693490316559,0.043513065096834405,0.995,303.8730841675049,2500,5000
Scalar region null,Conventional,360650,0.7752,0.005903642265584865,0.7636288611594537,0.7867711388405463,0.995,303.8730841675049,2500,5000
Scalar region null,Anytime-valid,364284,0.0382,0.002710747498384901,0.03288693490316559,0.043513065096834405,0.995,303.8730841675049,2500,5000
Scalar region null,Conventional,364284,0.7758,0.00589803967433248,0.7642398422383084,0.7873601577616917,0.995,303.8730841675049,2500,5000
Scalar region null,Anytime-valid,367954,0.0382,0.002710747498384901,0.03288693490316559,0.043513065096834405,0.995,303.8730841675049,2500,5000
Scalar region null,Conventional,367954,0.776,0.005896168247260249,0.7644435102353699,0.7875564897646301,0.995,303.8730841675049,2500,5000
Scalar region null,Anytime-valid,371662,0.0382,0.002710747498384901,0.03288693490316559,0.043513065096834405,0.995,303.8730841675049,2500,5000
Scalar region null,Conventional,371662,0.7762,0.005894294868769291,0.7646471820572122,0.7877528179427878,0.995,303.8730841675049,2500,5000
Scalar region null,Anytime-valid,375406,0.0382,0.002710747498384901,0.03288693490316559,0.043513065096834405,0.995,303.8730841675049,2500,5000
Scalar region null,Conventional,375406,0.7762,0.005894294868769291,0.7646471820572122,0.7877528179427878,0.995,303.8730841675049,2500,5000
Scalar region null,Anytime-valid,379189,0.0382,0.002710747498384901,0.03288693490316559,0.043513065096834405,0.995,303.8730841675049,2500,5000
Scalar region null,Conventional,379189,0.7768,0.005888663006150038,0.765258220507946,0.7883417794920541,0.995,303.8730841675049,2500,5000
Scalar region null,Anytime-valid,383009,0.0382,0.002710747498384901,0.03288693490316559,0.043513065096834405,0.995,303.8730841675049,2500,5000
Scalar region null,Conventional,383009,0.7772,0.005884898639738836,0.7656655986661118,0.7887344013338882,0.995,303.8730841675049,2500,5000
Scalar region null,Anytime-valid,386868,0.0384,0.0027175518394319544,0.03307359839471337,0.043726401605286624,0.995,303.8730841675049,2500,5000
Scalar region null,Conventional,386868,0.7778,0.005879237365509237,0.7662766947636019,0.7893233052363982,0.995,303.8730841675049,2500,5000
Scalar region null,Anytime-valid,390766,0.0384,0.0027175518394319544,0.03307359839471337,0.043726401605286624,0.995,303.8730841675049,2500,5000
Scalar region null,Conventional,390766,0.778,0.005877346339973509,0.7664804011736519,0.7895195988263481,0.995,303.8730841675049,2500,5000
Scalar region null,Anytime-valid,394703,0.0384,0.0027175518394319544,0.03307359839471337,0.043726401605286624,0.995,303.8730841675049,2500,5000
Scalar region null,Conventional,394703,0.7782,0.005875453344210981,0.7666841114453464,0.7897158885546536,0.995,303.8730841675049,2500,5000
Scalar region null,Anytime-valid,398680,0.0384,0.0027175518394319544,0.03307359839471337,0.043726401605286624,0.995,303.8730841675049,2500,5000
Scalar region null,Conventional,398680,0.7782,0.005875453344210981,0.7666841114453464,0.7897158885546536,0.995,303.8730841675049,2500,5000
Scalar region null,Anytime-valid,402697,0.0384,0.0027175518394319544,0.03307359839471337,0.043726401605286624,0.995,303.8730841675049,2500,5000
Scalar region null,Conventional,402697,0.7788,0.005869762516490765,0.7672952654676781,0.790304734532322,0.995,303.8730841675049,2500,5000
Scalar region null,Anytime-valid,406754,0.0384,0.0027175518394319544,0.03307359839471337,0.043726401605286624,0.995,303.8730841675049,2500,5000
Scalar region null,Conventional,406754,0.779,0.005867861620726923,0.7674989912233753,0.7905010087766248,0.995,303.8730841675049,2500,5000
Scalar region null,Anytime-valid,410853,0.0384,0.0027175518394319544,0.03307359839471337,0.043726401605286624,0.995,303.8730841675049,2500,5000
Scalar region null,Conventional,410853,0.7796,0.00586214704694449,0.7681101917879888,0.7910898082120111,0.995,303.8730841675049,2500,5000
Scalar region null,Anytime-valid,414992,0.0384,0.0027175518394319544,0.03307359839471337,0.043726401605286624,0.995,303.8730841675049,2500,5000
Scalar region null,Conventional,414992,0.7796,0.00586214704694449,0.7681101917879888,0.7910898082120111,0.995,303.8730841675049,2500,5000
Scalar region null,Anytime-valid,419173,0.0384,0.0027175518394319544,0.03307359839471337,0.043726401605286624,0.995,303.8730841675049,2500,5000
Scalar region null,Conventional,419173,0.7802,0.00585641460280947,0.7687214273784935,0.7916785726215065,0.995,303.8730841675049,2500,5000
Scalar region null,Anytime-valid,423397,0.0386,0.0027243362494376497,0.03326030095110221,0.043939699048897794,0.995,303.8730841675049,2500,5000
Scalar region null,Conventional,423397,0.7808,0.005850664235794086,0.7693326980978437,0.7922673019021564,0.995,303.8730841675049,2500,5000
Scalar region null,Anytime-valid,427663,0.0386,0.0027243362494376497,0.03326030095110221,0.043939699048897794,0.995,303.8730841675049,2500,5000
Scalar region null,Conventional,427663,0.7812,0.00584682067452047,0.7697402314779399,0.7926597685220601,0.995,303.8730841675049,2500,5000
Scalar region null,Anytime-valid,431972,0.0386,0.0027243362494376497,0.03326030095110221,0.043939699048897794,0.995,303.8730841675049,2500,5000
Scalar region null,Conventional,431972,0.7816,0.005842969108253098,0.7701477805478238,0.7930522194521761,0.995,303.8730841675049,2500,5000
Scalar region null,Anytime-valid,436324,0.0388,0.0027311008769358926,0.03344704228120565,0.04415295771879435,0.995,303.8730841675049,2500,5000
Scalar region null,Conventional,436324,0.7818,0.005841040318299472,0.7703515609761331,0.793248439023867,0.995,303.8730841675049,2500,5000
Scalar region null,Anytime-valid,440720,0.039,0.0027378458685616324,0.0336338220976192,0.0443661779023808,0.995,303.8730841675049,2500,5000
Scalar region null,Conventional,440720,0.782,0.00583910952115132,0.7705553453385434,0.7934446546614566,0.995,303.8730841675049,2500,5000
Scalar region null,Anytime-valid,445161,0.039,0.0027378458685616324,0.0336338220976192,0.0443661779023808,0.995,303.8730841675049,2500,5000
Scalar region null,Conventional,445161,0.782,0.00583910952115132,0.7705553453385434,0.7934446546614566,0.995,303.8730841675049,2500,5000
Scalar region null,Anytime-valid,449646,0.039,0.0027378458685616324,0.0336338220976192,0.0443661779023808,0.995,303.8730841675049,2500,5000
Scalar region null,Conventional,449646,0.7822,0.005837176714816847,0.770759133638959,0.793640866361041,0.995,303.8730841675049,2500,5000
Scalar region null,Anytime-valid,454176,0.039,0.0027378458685616324,0.0336338220976192,0.0443661779023808,0.995,303.8730841675049,2500,5000
Scalar region null,Conventional,454176,0.7822,0.005837176714816847,0.770759133638959,0.793640866361041,0.995,303.8730841675049,2500,5000
Scalar region null,Anytime-valid,458752,0.039,0.0027378458685616324,0.0336338220976192,0.0443661779023808,0.995,303.8730841675049,2500,5000
Scalar region null,Conventional,458752,0.7826,0.0058333050665981805,0.7711667220694676,0.7940332779305324,0.995,303.8730841675049,2500,5000
Scalar region null,Anytime-valid,463374,0.039,0.0027378458685616324,0.0336338220976192,0.0443661779023808,0.995,303.8730841675049,2500,5000
Scalar region null,Conventional,463374,0.7828,0.005831366220706773,0.7713705222074148,0.7942294777925853,0.995,303.8730841675049,2500,5000
Scalar region null,Anytime-valid,468043,0.039,0.0027378458685616324,0.0336338220976192,0.0443661779023808,0.995,303.8730841675049,2500,5000
Scalar region null,Conventional,468043,0.7832,0.005827482475306125,0.7717781343484,0.7946218656516,0.995,303.8730841675049,2500,5000
Scalar region null,Anytime-valid,472759,0.039,0.0027378458685616324,0.0336338220976192,0.0443661779023808,0.995,303.8730841675049,2500,5000
Scalar region null,Conventional,472759,0.7834,0.0058255375717610825,0.7719819463593482,0.7948180536406517,0.995,303.8730841675049,2500,5000
Scalar region null,Anytime-valid,477522,0.039,0.0027378458685616324,0.0336338220976192,0.0443661779023808,0.995,303.8730841675049,2500,5000
Scalar region null,Conventional,477522,0.7836,0.005823590644954366,0.7721857623358894,0.7950142376641105,0.995,303.8730841675049,2500,5000
Scalar region null,Anytime-valid,482333,0.039,0.0027378458685616324,0.0336338220976192,0.0443661779023808,0.995,303.8730841675049,2500,5000
Scalar region null,Conventional,482333,0.784,0.005819690713431427,0.7725934062016744,0.7954065937983257,0.995,303.8730841675049,2500,5000
Scalar region null,Anytime-valid,487193,0.039,0.0027378458685616324,0.0336338220976192,0.0443661779023808,0.995,303.8730841675049,2500,5000
Scalar region null,Conventional,487193,0.7848,0.005811866481604683,0.7734087416960549,0.7961912583039452,0.995,303.8730841675049,2500,5000
Scalar region null,Anytime-valid,492102,0.039,0.0027378458685616324,0.0336338220976192,0.0443661779023808,0.995,303.8730841675049,2500,5000
Scalar region null,Conventional,492102,0.7852,0.005807942148472211,0.7738164333889945,0.7965835666110055,0.995,303.8730841675049,2500,5000
Scalar region null,Anytime-valid,497060,0.039,0.0027378458685616324,0.0336338220976192,0.0443661779023808,0.995,303.8730841675049,2500,5000
Scalar region null,Conventional,497060,0.7854,0.005805976920381272,0.7740202852360527,0.7967797147639473,0.995,303.8730841675049,2500,5000
Scalar region null,Anytime-valid,502068,0.039,0.0027378458685616324,0.0336338220976192,0.0443661779023808,0.995,303.8730841675049,2500,5000
Scalar region null,Conventional,502068,0.7856,0.005804009648510244,0.7742241410889199,0.79697585891108,0.995,303.8730841675049,2500,5000
Scalar region null,Anytime-valid,507127,0.039,0.0027378458685616324,0.0336338220976192,0.0443661779023808,0.995,303.8730841675049,2500,5000
Scalar region null,Conventional,507127,0.7858,0.005802040330780199,0.7744280009516709,0.7971719990483292,0.995,303.8730841675049,2500,5000
Scalar region null,Anytime-valid,512236,0.039,0.0027378458685616324,0.0336338220976192,0.0443661779023808,0.995,303.8730841675049,2500,5000
Scalar region null,Conventional,512236,0.7862,0.005798095549402407,0.7748357327231713,0.7975642672768287,0.995,303.8730841675049,2500,5000
Scalar region null,Anytime-valid,517397,0.039,0.0027378458685616324,0.0336338220976192,0.0443661779023808,0.995,303.8730841675049,2500,5000
Scalar region null,Conventional,517397,0.7862,0.005798095549402407,0.7748357327231713,0.7975642672768287,0.995,303.8730841675049,2500,5000
Scalar region null,Anytime-valid,522610,0.039,0.0027378458685616324,0.0336338220976192,0.0443661779023808,0.995,303.8730841675049,2500,5000
Scalar region null,Conventional,522610,0.7866,0.005794142559516464,0.7752434805833477,0.7979565194166522,0.995,303.8730841675049,2500,5000
Scalar region null,Anytime-valid,527876,0.039,0.0027378458685616324,0.0336338220976192,0.0443661779023808,0.995,303.8730841675049,2500,5000
Scalar region null,Conventional,527876,0.7866,0.005794142559516464,0.7752434805833477,0.7979565194166522,0.995,303.8730841675049,2500,5000
Scalar region null,Anytime-valid,533195,0.039,0.0027378458685616324,0.0336338220976192,0.0443661779023808,0.995,303.8730841675049,2500,5000
Scalar region null,Conventional,533195,0.787,0.005790181344310383,0.7756512445651517,0.7983487554348484,0.995,303.8730841675049,2500,5000
Scalar region null,Anytime-valid,538567,0.039,0.0027378458685616324,0.0336338220976192,0.0443661779023808,0.995,303.8730841675049,2500,5000
Scalar region null,Conventional,538567,0.7872,0.0057881976469363935,0.7758551326120047,0.7985448673879953,0.995,303.8730841675049,2500,5000
Scalar region null,Anytime-valid,543993,0.039,0.0027378458685616324,0.0336338220976192,0.0443661779023808,0.995,303.8730841675049,2500,5000
Scalar region null,Conventional,543993,0.7876,0.005784224062050156,0.7762629208383817,0.7989370791616183,0.995,303.8730841675049,2500,5000
Scalar region null,Anytime-valid,549474,0.039,0.0027378458685616324,0.0336338220976192,0.0443661779023808,0.995,303.8730841675049,2500,5000
Scalar region null,Conventional,549474,0.7876,0.005784224062050156,0.7762629208383817,0.7989370791616183,0.995,303.8730841675049,2500,5000
Scalar region null,Anytime-valid,555010,0.039,0.0027378458685616324,0.0336338220976192,0.0443661779023808,0.995,303.8730841675049,2500,5000
Scalar region null,Conventional,555010,0.7878,0.00578223417028401,0.7764668210262433,0.7991331789737566,0.995,303.8730841675049,2500,5000
Scalar region null,Anytime-valid,560602,0.039,0.0027378458685616324,0.0336338220976192,0.0443661779023808,0.995,303.8730841675049,2500,5000
Scalar region null,Conventional,560602,0.788,0.005780242209458008,0.7766707252694623,0.7993292747305377,0.995,303.8730841675049,2500,5000
Scalar region null,Anytime-valid,566251,0.039,0.0027378458685616324,0.0336338220976192,0.0443661779023808,0.995,303.8730841675049,2500,5000
Scalar region null,Conventional,566251,0.7882,0.005778248177432326,0.7768746335722326,0.7995253664277674,0.995,303.8730841675049,2500,5000
Scalar region null,Anytime-valid,571956,0.039,0.0027378458685616324,0.0336338220976192,0.0443661779023808,0.995,303.8730841675049,2500,5000
Scalar region null,Conventional,571956,0.7886,0.005774253891196681,0.7772824623732545,0.7999175376267454,0.995,303.8730841675049,2500,5000
Scalar region null,Anytime-valid,577719,0.039,0.0027378458685616324,0.0336338220976192,0.0443661779023808,0.995,303.8730841675049,2500,5000
Scalar region null,Conventional,577719,0.7892,0.005768246874051075,0.7778942361268599,0.8005057638731401,0.995,303.8730841675049,2500,5000
Scalar region null,Anytime-valid,583540,0.039,0.0027378458685616324,0.0336338220976192,0.0443661779023808,0.995,303.8730841675049,2500,5000
Scalar region null,Conventional,583540,0.7894,0.0057662403695995885,0.7780981688755848,0.8007018311244152,0.995,303.8730841675049,2500,5000
Scalar region null,Anytime-valid,589419,0.039,0.0027378458685616324,0.0336338220976192,0.0443661779023808,0.995,303.8730841675049,2500,5000
Scalar region null,Conventional,589419,0.79,0.005760208329565867,0.778709991674051,0.8012900083259491,0.995,303.8730841675049,2500,5000
Scalar region null,Anytime-valid,595358,0.039,0.0027378458685616324,0.0336338220976192,0.0443661779023808,0.995,303.8730841675049,2500,5000
Scalar region null,Conventional,595358,0.79,0.005760208329565867,0.778709991674051,0.8012900083259491,0.995,303.8730841675049,2500,5000
Scalar region null,Anytime-valid,601356,0.039,0.0027378458685616324,0.0336338220976192,0.0443661779023808,0.995,303.8730841675049,2500,5000
Scalar region null,Conventional,601356,0.79,0.005760208329565867,0.778709991674051,0.8012900083259491,0.995,303.8730841675049,2500,5000
Scalar region null,Anytime-valid,607415,0.039,0.0027378458685616324,0.0336338220976192,0.0443661779023808,0.995,303.8730841675049,2500,5000
Scalar region null,Conventional,607415,0.7904,0.00575617650875996,0.7791178940428305,0.8016821059571695,0.995,303.8730841675049,2500,5000
Scalar region null,Anytime-valid,613535,0.039,0.0027378458685616324,0.0336338220976192,0.0443661779023808,0.995,303.8730841675049,2500,5000
Scalar region null,Conventional,613535,0.7906,0.00575415745352871,0.7793218513910837,0.8018781486089163,0.995,303.8730841675049,2500,5000
Scalar region null,Anytime-valid,619717,0.039,0.0027378458685616324,0.0336338220976192,0.0443661779023808,0.995,303.8730841675049,2500,5000
Scalar region null,Conventional,619717,0.791,0.00575011304236708,0.7797297784369606,0.8022702215630395,0.995,303.8730841675049,2500,5000
Scalar region null,Anytime-valid,625961,0.039,0.0027378458685616324,0.0336338220976192,0.0443661779023808,0.995,303.8730841675049,2500,5000
Scalar region null,Conventional,625961,0.7912,0.005748087682003468,0.7799337481432732,0.8024662518567268,0.995,303.8730841675049,2500,5000
Scalar region null,Anytime-valid,632268,0.039,0.0027378458685616324,0.0336338220976192,0.0443661779023808,0.995,303.8730841675049,2500,5000
Scalar region null,Conventional,632268,0.7914,0.005746060215486782,0.7801377219776459,0.8026622780223541,0.995,303.8730841675049,2500,5000
Scalar region null,Anytime-valid,638638,0.039,0.0027378458685616324,0.0336338220976192,0.0443661779023808,0.995,303.8730841675049,2500,5000
Scalar region null,Conventional,638638,0.7914,0.005746060215486782,0.7801377219776459,0.8026622780223541,0.995,303.8730841675049,2500,5000
Scalar region null,Anytime-valid,645073,0.039,0.0027378458685616324,0.0336338220976192,0.0443661779023808,0.995,303.8730841675049,2500,5000
Scalar region null,Conventional,645073,0.7916,0.0057440306405867995,0.7803416999444498,0.8028583000555501,0.995,303.8730841675049,2500,5000
Scalar region null,Anytime-valid,651572,0.039,0.0027378458685616324,0.0336338220976192,0.0443661779023808,0.995,303.8730841675049,2500,5000
Scalar region null,Conventional,651572,0.7918,0.005741998955067826,0.780545682048067,0.8030543179519329,0.995,303.8730841675049,2500,5000
Scalar region null,Anytime-valid,658137,0.039,0.0027378458685616324,0.0336338220976192,0.0443661779023808,0.995,303.8730841675049,2500,5000
Scalar region null,Conventional,658137,0.792,0.00573996515668867,0.7807496682928903,0.8032503317071098,0.995,303.8730841675049,2500,5000
Scalar region null,Anytime-valid,664768,0.039,0.0027378458685616324,0.0336338220976192,0.0443661779023808,0.995,303.8730841675049,2500,5000
Scalar region null,Conventional,664768,0.792,0.00573996515668867,0.7807496682928903,0.8032503317071098,0.995,303.8730841675049,2500,5000
Scalar region null,Anytime-valid,671466,0.039,0.0027378458685616324,0.0336338220976192,0.0443661779023808,0.995,303.8730841675049,2500,5000
Scalar region null,Conventional,671466,0.7926,0.005733851061895487,0.7813616519186848,0.8038383480813152,0.995,303.8730841675049,2500,5000
Scalar region null,Anytime-valid,678231,0.039,0.0027378458685616324,0.0336338220976192,0.0443661779023808,0.995,303.8730841675049,2500,5000
Scalar region null,Conventional,678231,0.7934,0.005725669218528085,0.782177688331685,0.804622311668315,0.995,303.8730841675049,2500,5000
Scalar region null,Anytime-valid,685065,0.039,0.0027378458685616324,0.0336338220976192,0.0443661779023808,0.995,303.8730841675049,2500,5000
Scalar region null,Conventional,685065,0.7936,0.005723618435919711,0.7823817078655974,0.8048182921344026,0.995,303.8730841675049,2500,5000
Scalar region null,Anytime-valid,691967,0.039,0.0027378458685616324,0.0336338220976192,0.0443661779023808,0.995,303.8730841675049,2500,5000
Scalar region null,Conventional,691967,0.7938,0.005721565520030336,0.7825857315807405,0.8050142684192594,0.995,303.8730841675049,2500,5000
Scalar region null,Anytime-valid,698939,0.039,0.0027378458685616324,0.0336338220976192,0.0443661779023808,0.995,303.8730841675049,2500,5000
Scalar region null,Conventional,698939,0.794,0.005719510468562847,0.7827897594816169,0.8052102405183832,0.995,303.8730841675049,2500,5000
Scalar region null,Anytime-valid,705981,0.039,0.0027378458685616324,0.0336338220976192,0.0443661779023808,0.995,303.8730841675049,2500,5000
Scalar region null,Conventional,705981,0.794,0.005719510468562847,0.7827897594816169,0.8052102405183832,0.995,303.8730841675049,2500,5000
Scalar region null,Anytime-valid,713094,0.039,0.0027378458685616324,0.0336338220976192,0.0443661779023808,0.995,303.8730841675049,2500,5000
Scalar region null,Conventional,713094,0.794,0.005719510468562847,0.7827897594816169,0.8052102405183832,0.995,303.8730841675049,2500,5000
Scalar region null,Anytime-valid,720279,0.0392,0.0027445713690847973,0.033820640116593796,0.0445793598834062,0.995,303.8730841675049,2500,5000
Scalar region null,Conventional,720279,0.7948,0.005711268860769908,0.783605913032891,0.805994086967109,0.995,303.8730841675049,2500,5000
Scalar region null,Anytime-valid,727536,0.0392,0.0027445713690847973,0.033820640116593796,0.0445793598834062,0.995,303.8730841675049,2500,5000
Scalar region null,Conventional,727536,0.7952,0.005707135183259636,0.7840140150408111,0.8063859849591889,0.995,303.8730841675049,2500,5000
Scalar region null,Anytime-valid,734867,0.0392,0.0027445713690847973,0.033820640116593796,0.0445793598834062,0.995,303.8730841675049,2500,5000
Scalar region null,Conventional,734867,0.7956,0.005702992898470065,0.7844221339189986,0.8067778660810013,0.995,303.8730841675049,2500,5000
Scalar region null,Anytime-valid,742271,0.0392,0.0027445713690847973,0.033820640116593796,0.0445793598834062,0.995,303.8730841675049,2500,5000
Scalar region null,Conventional,742271,0.7958,0.005700918522483899,0.7846261996959315,0.8069738003040684,0.995,303.8730841675049,2500,5000
Scalar region null,Anytime-valid,749750,0.0392,0.0027445713690847973,0.033820640116593796,0.0445793598834062,0.995,303.8730841675049,2500,5000
Scalar region null,Conventional,749750,0.7962,0.005696763291554248,0.7850343439485536,0.8073656560514464,0.995,303.8730841675049,2500,5000
Scalar region null,Anytime-valid,757304,0.0392,0.0027445713690847973,0.033820640116593796,0.0445793598834062,0.995,303.8730841675049,2500,5000
Scalar region null,Conventional,757304,0.7964,0.005694682431883274,0.7852384224335088,0.8075615775664912,0.995,303.8730841675049,2500,5000
Scalar region null,Anytime-valid,764934,0.0392,0.0027445713690847973,0.033820640116593796,0.0445793598834062,0.995,303.8730841675049,2500,5000
Scalar region null,Conventional,764934,0.7968,0.0056905142122658835,0.7856465921439588,0.8079534078560411,0.995,303.8730841675049,2500,5000
Scalar region null,Anytime-valid,772641,0.0392,0.0027445713690847973,0.033820640116593796,0.0445793598834062,0.995,303.8730841675049,2500,5000
Scalar region null,Conventional,772641,0.7976,0.005682151705120165,0.7864629826579644,0.8087370173420355,0.995,303.8730841675049,2500,5000
Scalar region null,Anytime-valid,780426,0.0392,0.0027445713690847973,0.033820640116593796,0.0445793598834062,0.995,303.8730841675049,2500,5000
Scalar region null,Conventional,780426,0.7978,0.0056800556335303625,0.7866670909582805,0.8089329090417194,0.995,303.8730841675049,2500,5000
Scalar region null,Anytime-valid,788289,0.0392,0.0027445713690847973,0.033820640116593796,0.0445793598834062,0.995,303.8730841675049,2500,5000
Scalar region null,Conventional,788289,0.7978,0.0056800556335303625,0.7866670909582805,0.8089329090417194,0.995,303.8730841675049,2500,5000
Scalar region null,Anytime-valid,796231,0.0392,0.0027445713690847973,0.033820640116593796,0.0445793598834062,0.995,303.8730841675049,2500,5000
Scalar region null,Conventional,796231,0.798,0.0056779573791989665,0.7868712035367701,0.80912879646323,0.995,303.8730841675049,2500,5000
Scalar region null,Anytime-valid,804254,0.0394,0.0027512775214434473,0.03400749605797084,0.044792503942029153,0.995,303.8730841675049,2500,5000
Scalar region null,Conventional,804254,0.7984,0.005673754312622287,0.7872794415472604,0.8095205584527396,0.995,303.8730841675049,2500,5000
Scalar region null,Anytime-valid,812357,0.0394,0.0027512775214434473,0.03400749605797084,0.044792503942029153,0.995,303.8730841675049,2500,5000
Scalar region null,Conventional,812357,0.7994,0.0056632082779993174,0.7883001117751214,0.8104998882248786,0.995,303.8730841675049,2500,5000
Scalar region null,Anytime-valid,820542,0.0394,0.0027512775214434473,0.03400749605797084,0.044792503942029153,0.995,303.8730841675049,2500,5000
Scalar region null,Conventional,820542,0.7994,0.0056632082779993174,0.7883001117751214,0.8104998882248786,0.995,303.8730841675049,2500,5000
Scalar region null,Anytime-valid,828809,0.0394,0.0027512775214434473,0.03400749605797084,0.044792503942029153,0.995,303.8730841675049,2500,5000
Scalar region null,Conventional,828809,0.7996,0.0056610924740724735,0.788504258750818,0.810695741249182,0.995,303.8730841675049,2500,5000
Scalar region null,Anytime-valid,837160,0.0396,0.0027579644667761766,0.0341943896451187,0.045005610354881306,0.995,303.8730841675049,2500,5000
Scalar region null,Conventional,837160,0.7998,0.005658974465395652,0.7887084100478244,0.8108915899521755,0.995,303.8730841675049,2500,5000
Scalar region null,Anytime-valid,845595,0.0396,0.0027579644667761766,0.0341943896451187,0.045005610354881306,0.995,303.8730841675049,2500,5000
Scalar region null,Conventional,845595,0.8002,0.005654731823879891,0.7891167256251954,0.8112832743748046,0.995,303.8730841675049,2500,5000
Scalar region null,Anytime-valid,854115,0.0396,0.0027579644667761766,0.0341943896451187,0.045005610354881306,0.995,303.8730841675049,2500,5000
Scalar region null,Conventional,854115,0.8004,0.005652607186069097,0.7893208899153046,0.8114791100846954,0.995,303.8730841675049,2500,5000
Scalar region null,Anytime-valid,862720,0.0396,0.0027579644667761766,0.0341943896451187,0.045005610354881306,0.995,303.8730841675049,2500,5000
Scalar region null,Conventional,862720,0.8004,0.005652607186069097,0.7893208899153046,0.8114791100846954,0.995,303.8730841675049,2500,5000
Scalar region null,Anytime-valid,871413,0.0398,0.0027646323444537792,0.03438132060487059,0.04521867939512941,0.995,303.8730841675049,2500,5000
Scalar region null,Conventional,871413,0.8008,0.005648351263864528,0.7897292315228255,0.8118707684771744,0.995,303.8730841675049,2500,5000
Scalar region null,Anytime-valid,880193,0.0398,0.0027646323444537792,0.03438132060487059,0.04521867939512941,0.995,303.8730841675049,2500,5000
Scalar region null,Conventional,880193,0.8012,0.0056440864628387825,0.790137590532836,0.812262409467164,0.995,303.8730841675049,2500,5000
Scalar region null,Anytime-valid,889061,0.0398,0.0027646323444537792,0.03438132060487059,0.04521867939512941,0.995,303.8730841675049,2500,5000
Scalar region null,Conventional,889061,0.8014,0.0056419507264775,0.790341776576104,0.812458223423896,0.995,303.8730841675049,2500,5000
Scalar region null,Anytime-valid,898019,0.0398,0.0027646323444537792,0.03438132060487059,0.04521867939512941,0.995,303.8730841675049,2500,5000
Scalar region null,Conventional,898019,0.8014,0.0056419507264775,0.790341776576104,0.812458223423896,0.995,303.8730841675049,2500,5000
Scalar region null,Anytime-valid,907067,0.0398,0.0027646323444537792,0.03438132060487059,0.04521867939512941,0.995,303.8730841675049,2500,5000
Scalar region null,Conventional,907067,0.8016,0.00563981276284949,0.7905459669848149,0.812654033015185,0.995,303.8730841675049,2500,5000
Scalar region null,Anytime-valid,916206,0.0398,0.0027646323444537792,0.03438132060487059,0.04521867939512941,0.995,303.8730841675049,2500,5000
Scalar region null,Conventional,916206,0.8022,0.00563338548299333,0.7911585644533331,0.813241435546667,0.995,303.8730841675049,2500,5000
Scalar region null,Anytime-valid,925437,0.0398,0.0027646323444537792,0.03438132060487059,0.04521867939512941,0.995,303.8730841675049,2500,5000
Scalar region null,Conventional,925437,0.8024,0.005631238584894091,0.7913627723736076,0.8134372276263924,0.995,303.8730841675049,2500,5000
Scalar region null,Anytime-valid,934761,0.0398,0.0027646323444537792,0.03438132060487059,0.04521867939512941,0.995,303.8730841675049,2500,5000
Scalar region null,Conventional,934761,0.8028,0.005626938066124418,0.7917712013903961,0.8138287986096038,0.995,303.8730841675049,2500,5000
Scalar region null,Anytime-valid,944179,0.0398,0.0027646323444537792,0.03438132060487059,0.04521867939512941,0.995,303.8730841675049,2500,5000
Scalar region null,Conventional,944179,0.8028,0.005626938066124418,0.7917712013903961,0.8138287986096038,0.995,303.8730841675049,2500,5000
Scalar region null,Anytime-valid,953693,0.0398,0.0027646323444537792,0.03438132060487059,0.04521867939512941,0.995,303.8730841675049,2500,5000
Scalar region null,Conventional,953693,0.803,0.005624784440314135,0.7919754224969844,0.8140245775030157,0.995,303.8730841675049,2500,5000
Scalar region null,Anytime-valid,963301,0.0398,0.0027646323444537792,0.03438132060487059,0.04521867939512941,0.995,303.8730841675049,2500,5000
Scalar region null,Conventional,963301,0.8036,0.005618310066203182,0.7925881122702417,0.8146118877297582,0.995,303.8730841675049,2500,5000
Scalar region null,Anytime-valid,973007,0.0398,0.0027646323444537792,0.03438132060487059,0.04521867939512941,0.995,303.8730841675049,2500,5000
Scalar region null,Conventional,973007,0.804,0.005613982543613757,0.7929965942145171,0.815003405785483,0.995,303.8730841675049,2500,5000
Scalar region null,Anytime-valid,982811,0.0398,0.0027646323444537792,0.03438132060487059,0.04521867939512941,0.995,303.8730841675049,2500,5000
Scalar region null,Conventional,982811,0.804,0.005613982543613757,0.7929965942145171,0.815003405785483,0.995,303.8730841675049,2500,5000
Scalar region null,Anytime-valid,992713,0.0398,0.0027646323444537792,0.03438132060487059,0.04521867939512941,0.995,303.8730841675049,2500,5000
Scalar region null,Conventional,992713,0.8044,0.005609645978134449,0.7934050938828565,0.8153949061171435,0.995,303.8730841675049,2500,5000
Scalar region null,Anytime-valid,1002715,0.0398,0.0027646323444537792,0.03438132060487059,0.04521867939512941,0.995,303.8730841675049,2500,5000
Scalar region null,Conventional,1002715,0.8044,0.005609645978134449,0.7934050938828565,0.8153949061171435,0.995,303.8730841675049,2500,5000
Scalar region null,Anytime-valid,1012818,0.0398,0.0027646323444537792,0.03438132060487059,0.04521867939512941,0.995,303.8730841675049,2500,5000
Scalar region null,Conventional,1012818,0.8044,0.005609645978134449,0.7934050938828565,0.8153949061171435,0.995,303.8730841675049,2500,5000
Scalar region null,Anytime-valid,1023023,0.0398,0.0027646323444537792,0.03438132060487059,0.04521867939512941,0.995,303.8730841675049,2500,5000
Scalar region null,Conventional,1023023,0.8046,0.005607474297756522,0.7936093503763972,0.8155906496236027,0.995,303.8730841675049,2500,5000
Scalar region null,Anytime-valid,1033330,0.04,0.0027712812921102037,0.034568288667464,0.045431711332536,0.995,303.8730841675049,2500,5000
Scalar region null,Conventional,1033330,0.8046,0.005607474297756522,0.7936093503763972,0.8155906496236027,0.995,303.8730841675049,2500,5000
Scalar region null,Anytime-valid,1043741,0.04,0.0027712812921102037,0.034568288667464,0.045431711332536,0.995,303.8730841675049,2500,5000
Scalar region null,Conventional,1043741,0.8046,0.005607474297756522,0.7936093503763972,0.8155906496236027,0.995,303.8730841675049,2500,5000
Scalar region null,Anytime-valid,1054258,0.04,0.0027712812921102037,0.034568288667464,0.045431711332536,0.995,303.8730841675049,2500,5000
Scalar region null,Conventional,1054258,0.8048,0.00560530034877704,0.7938136113163969,0.815786388683603,0.995,303.8730841675049,2500,5000
Scalar region null,Anytime-valid,1064880,0.04,0.0027712812921102037,0.034568288667464,0.045431711332536,0.995,303.8730841675049,2500,5000
Scalar region null,Conventional,1064880,0.8052,0.005600945634444241,0.7942221465564893,0.8161778534435108,0.995,303.8730841675049,2500,5000
Scalar region null,Anytime-valid,1075609,0.04,0.0027712812921102037,0.034568288667464,0.045431711332536,0.995,303.8730841675049,2500,5000
Scalar region null,Conventional,1075609,0.8054,0.005598764863789156,0.7944264208669732,0.8163735791330268,0.995,303.8730841675049,2500,5000
Scalar region null,Anytime-valid,1086446,0.04,0.0027712812921102037,0.034568288667464,0.045431711332536,0.995,303.8730841675049,2500,5000
Scalar region null,Conventional,1086446,0.8056,0.0055965818139289275,0.7946306996446992,0.8165693003553007,0.995,303.8730841675049,2500,5000
Scalar region null,Anytime-valid,1097393,0.04,0.0027712812921102037,0.034568288667464,0.045431711332536,0.995,303.8730841675049,2500,5000
Scalar region null,Conventional,1097393,0.8058,0.005594396482195377,0.7948349828948971,0.8167650171051029,0.995,303.8730841675049,2500,5000
Scalar region null,Anytime-valid,1108450,0.04,0.0027712812921102037,0.034568288667464,0.045431711332536,0.995,303.8730841675049,2500,5000
Scalar region null,Conventional,1108450,0.8058,0.005594396482195377,0.7948349828948971,0.8167650171051029,0.995,303.8730841675049,2500,5000
Scalar region null,Anytime-valid,1119618,0.04,0.0027712812921102037,0.034568288667464,0.045431711332536,0.995,303.8730841675049,2500,5000
Scalar region null,Conventional,1119618,0.8058,0.005594396482195377,0.7948349828948971,0.8167650171051029,0.995,303.8730841675049,2500,5000
Scalar region null,Anytime-valid,1130899,0.04,0.0027712812921102037,0.034568288667464,0.045431711332536,0.995,303.8730841675049,2500,5000
Scalar region null,Conventional,1130899,0.806,0.0055922088659133605,0.7950392706228099,0.8169607293771902,0.995,303.8730841675049,2500,5000
Scalar region null,Anytime-valid,1142293,0.04,0.0027712812921102037,0.034568288667464,0.045431711332536,0.995,303.8730841675049,2500,5000
Scalar region null,Conventional,1142293,0.8062,0.005590018962400753,0.7952435628336946,0.8171564371663055,0.995,303.8730841675049,2500,5000
Scalar region null,Anytime-valid,1153802,0.04,0.0027712812921102037,0.034568288667464,0.045431711332536,0.995,303.8730841675049,2500,5000
Scalar region null,Conventional,1153802,0.8062,0.005590018962400753,0.7952435628336946,0.8171564371663055,0.995,303.8730841675049,2500,5000
Scalar region null,Anytime-valid,1165427,0.04,0.0027712812921102037,0.034568288667464,0.045431711332536,0.995,303.8730841675049,2500,5000
Scalar region null,Conventional,1165427,0.8066,0.005585632282920172,0.7956521607254764,0.8175478392745236,0.995,303.8730841675049,2500,5000
Scalar region null,Anytime-valid,1177170,0.04,0.0027712812921102037,0.034568288667464,0.045431711332536,0.995,303.8730841675049,2500,5000
Scalar region null,Conventional,1177170,0.8068,0.005583435501552786,0.7958564664169565,0.8177435335830434,0.995,303.8730841675049,2500,5000
Scalar region null,Anytime-valid,1189030,0.04,0.0027712812921102037,0.034568288667464,0.045431711332536,0.995,303.8730841675049,2500,5000
Scalar region null,Conventional,1189030,0.807,0.005581236422155936,0.7960607766125745,0.8179392233874256,0.995,303.8730841675049,2500,5000
Scalar region null,Anytime-valid,1201010,0.04,0.0027712812921102037,0.034568288667464,0.045431711332536,0.995,303.8730841675049,2500,5000
Scalar region null,Conventional,1201010,0.807,0.005581236422155936,0.7960607766125745,0.8179392233874256,0.995,303.8730841675049,2500,5000
Scalar region null,Anytime-valid,1213111,0.04,0.0027712812921102037,0.034568288667464,0.045431711332536,0.995,303.8730841675049,2500,5000
Scalar region null,Conventional,1213111,0.8074,0.005576831358396988,0.7964694105375419,0.8183305894624581,0.995,303.8730841675049,2500,5000
Scalar region null,Anytime-valid,1225334,0.04,0.0027712812921102037,0.034568288667464,0.045431711332536,0.995,303.8730841675049,2500,5000
Scalar region null,Conventional,1225334,0.8074,0.005576831358396988,0.7964694105375419,0.8183305894624581,0.995,303.8730841675049,2500,5000
Scalar region null,Anytime-valid,1237680,0.04,0.0027712812921102037,0.034568288667464,0.045431711332536,0.995,303.8730841675049,2500,5000
Scalar region null,Conventional,1237680,0.8074,0.005576831358396988,0.7964694105375419,0.8183305894624581,0.995,303.8730841675049,2500,5000
Scalar region null,Anytime-valid,1250150,0.04,0.0027712812921102037,0.034568288667464,0.045431711332536,0.995,303.8730841675049,2500,5000
Scalar region null,Conventional,1250150,0.8078,0.0055724170698180885,0.7968780625431565,0.8187219374568434,0.995,303.8730841675049,2500,5000
Scalar region null,Anytime-valid,1262746,0.04,0.0027712812921102037,0.034568288667464,0.045431711332536,0.995,303.8730841675049,2500,5000
Scalar region null,Conventional,1262746,0.8078,0.0055724170698180885,0.7968780625431565,0.8187219374568434,0.995,303.8730841675049,2500,5000
Scalar region null,Anytime-valid,1275468,0.04,0.0027712812921102037,0.034568288667464,0.045431711332536,0.995,303.8730841675049,2500,5000
Scalar region null,Conventional,1275468,0.8078,0.0055724170698180885,0.7968780625431565,0.8187219374568434,0.995,303.8730841675049,2500,5000
Scalar region null,Anytime-valid,1288319,0.04,0.0027712812921102037,0.034568288667464,0.045431711332536,0.995,303.8730841675049,2500,5000
Scalar region null,Conventional,1288319,0.8082,0.005567993534479005,0.7972867326724212,0.8191132673275788,0.995,303.8730841675049,2500,5000
Scalar region null,Anytime-valid,1301300,0.04,0.0027712812921102037,0.034568288667464,0.045431711332536,0.995,303.8730841675049,2500,5000
Scalar region null,Conventional,1301300,0.8086,0.005563560730323702,0.7976954209685655,0.8195045790314345,0.995,303.8730841675049,2500,5000
Scalar region null,Anytime-valid,1314411,0.04,0.0027712812921102037,0.034568288667464,0.045431711332536,0.995,303.8730841675049,2500,5000
Scalar region null,Conventional,1314411,0.8086,0.005563560730323702,0.7976954209685655,0.8195045790314345,0.995,303.8730841675049,2500,5000
Scalar region null,Anytime-valid,1327654,0.04,0.0027712812921102037,0.034568288667464,0.045431711332536,0.995,303.8730841675049,2500,5000
Scalar region null,Conventional,1327654,0.8086,0.005563560730323702,0.7976954209685655,0.8195045790314345,0.995,303.8730841675049,2500,5000
Scalar region null,Anytime-valid,1341031,0.04,0.0027712812921102037,0.034568288667464,0.045431711332536,0.995,303.8730841675049,2500,5000
Scalar region null,Conventional,1341031,0.8086,0.005563560730323702,0.7976954209685655,0.8195045790314345,0.995,303.8730841675049,2500,5000
Scalar region null,Anytime-valid,1354543,0.04,0.0027712812921102037,0.034568288667464,0.045431711332536,0.995,303.8730841675049,2500,5000
Scalar region null,Conventional,1354543,0.8092,0.005556894096525504,0.7983084875708101,0.82009151242919,0.995,303.8730841675049,2500,5000
Scalar region null,Anytime-valid,1368191,0.0402,0.00277791144567281,0.03475529356648129,0.04564470643351871,0.995,303.8730841675049,2500,5000
Scalar region null,Conventional,1368191,0.8094,0.005554667226756253,0.7985128522355578,0.8202871477644422,0.995,303.8730841675049,2500,5000
Scalar region null,Anytime-valid,1381976,0.0402,0.00277791144567281,0.03475529356648129,0.04564470643351871,0.995,303.8730841675049,2500,5000
Scalar region null,Conventional,1381976,0.8096,0.005552438023066984,0.7987172214747887,0.8204827785252112,0.995,303.8730841675049,2500,5000
Scalar region null,Anytime-valid,1395900,0.0402,0.00277791144567281,0.03475529356648129,0.04564470643351871,0.995,303.8730841675049,2500,5000
Scalar region null,Conventional,1395900,0.8096,0.005552438023066984,0.7987172214747887,0.8204827785252112,0.995,303.8730841675049,2500,5000
Scalar region null,Anytime-valid,1409964,0.0402,0.00277791144567281,0.03475529356648129,0.04564470643351871,0.995,303.8730841675049,2500,5000
Scalar region null,Conventional,1409964,0.8096,0.005552438023066984,0.7987172214747887,0.8204827785252112,0.995,303.8730841675049,2500,5000
Scalar region null,Anytime-valid,1424170,0.0402,0.00277791144567281,0.03475529356648129,0.04564470643351871,0.995,303.8730841675049,2500,5000
Scalar region null,Conventional,1424170,0.8098,0.005550206482645489,0.7989215952940149,0.8206784047059851,0.995,303.8730841675049,2500,5000
Scalar region null,Anytime-valid,1438520,0.0402,0.00277791144567281,0.03475529356648129,0.04564470643351871,0.995,303.8730841675049,2500,5000
Scalar region null,Conventional,1438520,0.8098,0.005550206482645489,0.7989215952940149,0.8206784047059851,0.995,303.8730841675049,2500,5000
Scalar region null,Anytime-valid,1453013,0.0402,0.00277791144567281,0.03475529356648129,0.04564470643351871,0.995,303.8730841675049,2500,5000
Scalar region null,Conventional,1453013,0.81,0.005547972602672078,0.7991259736987628,0.8208740263012373,0.995,303.8730841675049,2500,5000
Scalar region null,Anytime-valid,1467653,0.0402,0.00277791144567281,0.03475529356648129,0.04564470643351871,0.995,303.8730841675049,2500,5000
Scalar region null,Conventional,1467653,0.8102,0.005545736380319569,0.7993303566945736,0.8210696433054264,0.995,303.8730841675049,2500,5000
Scalar region null,Anytime-valid,1482441,0.0402,0.00277791144567281,0.03475529356648129,0.04564470643351871,0.995,303.8730841675049,2500,5000
Scalar region null,Conventional,1482441,0.8108,0.0055390136306024745,0.7999435332840191,0.8216564667159808,0.995,303.8730841675049,2500,5000
Scalar region null,Anytime-valid,1497377,0.0402,0.00277791144567281,0.03475529356648129,0.04564470643351871,0.995,303.8730841675049,2500,5000
Scalar region null,Conventional,1497377,0.8108,0.0055390136306024745,0.7999435332840191,0.8216564667159808,0.995,303.8730841675049,2500,5000
Scalar region null,Anytime-valid,1512464,0.0402,0.00277791144567281,0.03475529356648129,0.04564470643351871,0.995,303.8730841675049,2500,5000
Scalar region null,Conventional,1512464,0.811,0.005536768010310707,0.8001479346997911,0.821852065300209,0.995,303.8730841675049,2500,5000
Scalar region null,Anytime-valid,1527703,0.0402,0.00277791144567281,0.03475529356648129,0.04564470643351871,0.995,303.8730841675049,2500,5000
Scalar region null,Conventional,1527703,0.8114,0.005532269696968867,0.800556751393941,0.822243248606059,0.995,303.8730841675049,2500,5000
Scalar region null,Anytime-valid,1543095,0.0402,0.00277791144567281,0.03475529356648129,0.04564470643351871,0.995,303.8730841675049,2500,5000
Scalar region null,Conventional,1543095,0.8116,0.005530016998165557,0.8007611666835955,0.8224388333164044,0.995,303.8730841675049,2500,5000
Scalar region null,Anytime-valid,1558642,0.0402,0.00277791144567281,0.03475529356648129,0.04564470643351871,0.995,303.8730841675049,2500,5000
Scalar region null,Conventional,1558642,0.8118,0.005527761934092315,0.800965586609179,0.8226344133908209,0.995,303.8730841675049,2500,5000
Scalar region null,Anytime-valid,1574346,0.0402,0.00277791144567281,0.03475529356648129,0.04564470643351871,0.995,303.8730841675049,2500,5000
Scalar region null,Conventional,1574346,0.8122,0.005523244698544506,0.8013744403908528,0.8230255596091473,0.995,303.8730841675049,2500,5000
Scalar region null,Anytime-valid,1590209,0.0402,0.00277791144567281,0.03475529356648129,0.04564470643351871,0.995,303.8730841675049,2500,5000
Scalar region null,Conventional,1590209,0.8122,0.005523244698544506,0.8013744403908528,0.8230255596091473,0.995,303.8730841675049,2500,5000
Scalar region null,Anytime-valid,1606231,0.0402,0.00277791144567281,0.03475529356648129,0.04564470643351871,0.995,303.8730841675049,2500,5000
Scalar region null,Conventional,1606231,0.8122,0.005523244698544506,0.8013744403908528,0.8230255596091473,0.995,303.8730841675049,2500,5000
Scalar region null,Anytime-valid,1622415,0.0402,0.00277791144567281,0.03475529356648129,0.04564470643351871,0.995,303.8730841675049,2500,5000
Scalar region null,Conventional,1622415,0.8122,0.005523244698544506,0.8013744403908528,0.8230255596091473,0.995,303.8730841675049,2500,5000
Scalar region null,Anytime-valid,1638761,0.0402,0.00277791144567281,0.03475529356648129,0.04564470643351871,0.995,303.8730841675049,2500,5000
Scalar region null,Conventional,1638761,0.8122,0.005523244698544506,0.8013744403908528,0.8230255596091473,0.995,303.8730841675049,2500,5000
Scalar region null,Anytime-valid,1655273,0.0402,0.00277791144567281,0.03475529356648129,0.04564470643351871,0.995,303.8730841675049,2500,5000
Scalar region null,Conventional,1655273,0.8126,0.005518717967064452,0.8017833127845536,0.8234166872154464,0.995,303.8730841675049,2500,5000
Scalar region null,Anytime-valid,1671950,0.0402,0.00277791144567281,0.03475529356648129,0.04564470643351871,0.995,303.8730841675049,2500,5000
Scalar region null,Conventional,1671950,0.813,0.005514181716265797,0.802192203836119,0.8238077961638809,0.995,303.8730841675049,2500,5000
Scalar region null,Anytime-valid,1688796,0.0402,0.00277791144567281,0.03475529356648129,0.04564470643351871,0.995,303.8730841675049,2500,5000
Scalar region null,Conventional,1688796,0.8132,0.005511910013779252,0.8023966563729927,0.8240033436270073,0.995,303.8730841675049,2500,5000
Scalar region null,Anytime-valid,1705811,0.0402,0.00277791144567281,0.03475529356648129,0.04564470643351871,0.995,303.8730841675049,2500,5000
Scalar region null,Conventional,1705811,0.8134,0.005509635922635905,0.8026011135916337,0.8241988864083664,0.995,303.8730841675049,2500,5000
Scalar region null,Anytime-valid,1722998,0.0402,0.00277791144567281,0.03475529356648129,0.04564470643351871,0.995,303.8730841675049,2500,5000
Scalar region null,Conventional,1722998,0.8136,0.005507359439876791,0.8028055754978415,0.8243944245021585,0.995,303.8730841675049,2500,5000
Scalar region null,Anytime-valid,1740358,0.0402,0.00277791144567281,0.03475529356648129,0.04564470643351871,0.995,303.8730841675049,2500,5000
Scalar region null,Conventional,1740358,0.8136,0.005507359439876791,0.8028055754978415,0.8243944245021585,0.995,303.8730841675049,2500,5000
Scalar region null,Anytime-valid,1757893,0.0402,0.00277791144567281,0.03475529356648129,0.04564470643351871,0.995,303.8730841675049,2500,5000
Scalar region null,Conventional,1757893,0.8142,0.005500515612194915,0.803418989400098,0.824981010599902,0.995,303.8730841675049,2500,5000
Scalar region null,Anytime-valid,1775605,0.0402,0.00277791144567281,0.03475529356648129,0.04564470643351871,0.995,303.8730841675049,2500,5000
Scalar region null,Conventional,1775605,0.8146,0.005495941047718762,0.8038279555464712,0.8253720444535287,0.995,303.8730841675049,2500,5000
Scalar region null,Anytime-valid,1793495,0.0402,0.00277791144567281,0.03475529356648129,0.04564470643351871,0.995,303.8730841675049,2500,5000
Scalar region null,Conventional,1793495,0.8146,0.005495941047718762,0.8038279555464712,0.8253720444535287,0.995,303.8730841675049,2500,5000
Scalar region null,Anytime-valid,1811566,0.0404,0.0027845229393919525,0.03494233503879177,0.045857664961208223,0.995,303.8730841675049,2500,5000
Scalar region null,Conventional,1811566,0.8146,0.005495941047718762,0.8038279555464712,0.8253720444535287,0.995,303.8730841675049,2500,5000
Scalar region null,Anytime-valid,1829818,0.0404,0.0027845229393919525,0.03494233503879177,0.045857664961208223,0.995,303.8730841675049,2500,5000
Scalar region null,Conventional,1829818,0.815,0.005491356845079366,0.8042369405836444,0.8257630594163555,0.995,303.8730841675049,2500,5000
Scalar region null,Anytime-valid,1848254,0.0406,0.0027911159058699084,0.03512941282449498,0.046070587175505016,0.995,303.8730841675049,2500,5000
Scalar region null,Conventional,1848254,0.8152,0.005489061121904182,0.8044414402010679,0.8259585597989322,0.995,303.8730841675049,2500,5000
Scalar region null,Anytime-valid,1866876,0.0406,0.0027911159058699084,0.03512941282449498,0.046070587175505016,0.995,303.8730841675049,2500,5000
Scalar region null,Conventional,1866876,0.8152,0.005489061121904182,0.8044414402010679,0.8259585597989322,0.995,303.8730841675049,2500,5000
Scalar region null,Anytime-valid,1885686,0.0406,0.0027911159058699084,0.03512941282449498,0.046070587175505016,0.995,303.8730841675049,2500,5000
Scalar region null,Conventional,1885686,0.8152,0.005489061121904182,0.8044414402010679,0.8259585597989322,0.995,303.8730841675049,2500,5000
Scalar region null,Anytime-valid,1904685,0.0406,0.0027911159058699084,0.03512941282449498,0.046070587175505016,0.995,303.8730841675049,2500,5000
Scalar region null,Conventional,1904685,0.8158,0.005482159428546383,0.805054967520049,0.8265450324799509,0.995,303.8730841675049,2500,5000
Scalar region null,Anytime-valid,1923876,0.0406,0.0027911159058699084,0.03512941282449498,0.046070587175505016,0.995,303.8730841675049,2500,5000
Scalar region null,Conventional,1923876,0.816,0.005479854012653987,0.8052594861351982,0.8267405138648017,0.995,303.8730841675049,2500,5000
Scalar region null,Anytime-valid,1943260,0.0406,0.0027911159058699084,0.03512941282449498,0.046070587175505016,0.995,303.8730841675049,2500,5000
Scalar region null,Conventional,1943260,0.8162,0.005477546165939635,0.8054640095147584,0.8269359904852417,0.995,303.8730841675049,2500,5000
Scalar region null,Anytime-valid,1962839,0.0406,0.0027911159058699084,0.03512941282449498,0.046070587175505016,0.995,303.8730841675049,2500,5000
Scalar region null,Conventional,1962839,0.8164,0.005475235885329508,0.8056685376647542,0.8271314623352458,0.995,303.8730841675049,2500,5000
Scalar region null,Anytime-valid,1982616,0.0406,0.0027911159058699084,0.03512941282449498,0.046070587175505016,0.995,303.8730841675049,2500,5000
Scalar region null,Conventional,1982616,0.817,0.005468290409259553,0.8062821507978513,0.8277178492021486,0.995,303.8730841675049,2500,5000
Scalar region null,Anytime-valid,2002592,0.0406,0.0027911159058699084,0.03512941282449498,0.046070587175505016,0.995,303.8730841675049,2500,5000
Scalar region null,Conventional,2002592,0.8174,0.005463647865666307,0.806691250183294,0.828108749816706,0.995,303.8730841675049,2500,5000
Scalar region null,Anytime-valid,2022769,0.0406,0.0027911159058699084,0.03512941282449498,0.046070587175505016,0.995,303.8730841675049,2500,5000
Scalar region null,Conventional,2022769,0.8178,0.00545899551199669,0.8071003687964865,0.8284996312035134,0.995,303.8730841675049,2500,5000
Scalar region null,Anytime-valid,2043149,0.0406,0.0027911159058699084,0.03512941282449498,0.046070587175505016,0.995,303.8730841675049,2500,5000
Scalar region null,Conventional,2043149,0.8178,0.00545899551199669,0.8071003687964865,0.8284996312035134,0.995,303.8730841675049,2500,5000
Scalar region null,Anytime-valid,2063735,0.0406,0.0027911159058699084,0.03512941282449498,0.046070587175505016,0.995,303.8730841675049,2500,5000
Scalar region null,Conventional,2063735,0.8178,0.00545899551199669,0.8071003687964865,0.8284996312035134,0.995,303.8730841675049,2500,5000
Scalar region null,Anytime-valid,2084528,0.0406,0.0027911159058699084,0.03512941282449498,0.046070587175505016,0.995,303.8730841675049,2500,5000
Scalar region null,Conventional,2084528,0.8178,0.00545899551199669,0.8071003687964865,0.8284996312035134,0.995,303.8730841675049,2500,5000
Scalar region null,Anytime-valid,2105531,0.0406,0.0027911159058699084,0.03512941282449498,0.046070587175505016,0.995,303.8730841675049,2500,5000
Scalar region null,Conventional,2105531,0.818,0.0054566656485439905,0.8073049353288537,0.8286950646711462,0.995,303.8730841675049,2500,5000
Scalar region null,Anytime-valid,2126745,0.0406,0.0027911159058699084,0.03512941282449498,0.046070587175505016,0.995,303.8730841675049,2500,5000
Scalar region null,Conventional,2126745,0.818,0.0054566656485439905,0.8073049353288537,0.8286950646711462,0.995,303.8730841675049,2500,5000
Scalar region null,Anytime-valid,2148173,0.0406,0.0027911159058699084,0.03512941282449498,0.046070587175505016,0.995,303.8730841675049,2500,5000
Scalar region null,Conventional,2148173,0.8182,0.005454333323147752,0.8075095066866305,0.8288904933133696,0.995,303.8730841675049,2500,5000
Scalar region null,Anytime-valid,2169817,0.0406,0.0027911159058699084,0.03512941282449498,0.046070587175505016,0.995,303.8730841675049,2500,5000
Scalar region null,Conventional,2169817,0.8184,0.005451998532648372,0.8077140828760092,0.8290859171239908,0.995,303.8730841675049,2500,5000
Scalar region null,Anytime-valid,2191679,0.0406,0.0027911159058699084,0.03512941282449498,0.046070587175505016,0.995,303.8730841675049,2500,5000
Scalar region null,Conventional,2191679,0.819,0.005444979338803776,0.8083278404959445,0.8296721595040554,0.995,303.8730841675049,2500,5000
Scalar region null,Anytime-valid,2213762,0.0406,0.0027911159058699084,0.03512941282449498,0.046070587175505016,0.995,303.8730841675049,2500,5000
Scalar region null,Conventional,2213762,0.819,0.005444979338803776,0.8083278404959445,0.8296721595040554,0.995,303.8730841675049,2500,5000
Scalar region null,Anytime-valid,2236066,0.0408,0.002797690476089162,0.035316526666865244,0.04628347333313476,0.995,303.8730841675049,2500,5000
Scalar region null,Conventional,2236066,0.819,0.005444979338803776,0.8083278404959445,0.8296721595040554,0.995,303.8730841675049,2500,5000
Scalar region null,Anytime-valid,2258596,0.0408,0.002797690476089162,0.035316526666865244,0.04628347333313476,0.995,303.8730841675049,2500,5000
Scalar region null,Conventional,2258596,0.819,0.005444979338803776,0.8083278404959445,0.8296721595040554,0.995,303.8730841675049,2500,5000
Scalar region null,Anytime-valid,2281352,0.0408,0.002797690476089162,0.035316526666865244,0.04628347333313476,0.995,303.8730841675049,2500,5000
Scalar region null,Conventional,2281352,0.819,0.005444979338803776,0.8083278404959445,0.8296721595040554,0.995,303.8730841675049,2500,5000
Scalar region null,Anytime-valid,2304338,0.0408,0.002797690476089162,0.035316526666865244,0.04628347333313476,0.995,303.8730841675049,2500,5000
Scalar region null,Conventional,2304338,0.8192,0.00544263465612014,0.8085324360740046,0.8298675639259955,0.995,303.8730841675049,2500,5000
Scalar region null,Anytime-valid,2327555,0.0408,0.002797690476089162,0.035316526666865244,0.04628347333313476,0.995,303.8730841675049,2500,5000
Scalar region null,Conventional,2327555,0.8192,0.00544263465612014,0.8085324360740046,0.8298675639259955,0.995,303.8730841675049,2500,5000
Scalar region null,Anytime-valid,2351007,0.0408,0.002797690476089162,0.035316526666865244,0.04628347333313476,0.995,303.8730841675049,2500,5000
Scalar region null,Conventional,2351007,0.8196,0.005437937844440666,0.8089416418248963,0.8302583581751037,0.995,303.8730841675049,2500,5000
Scalar region null,Anytime-valid,2374694,0.0408,0.002797690476089162,0.035316526666865244,0.04628347333313476,0.995,303.8730841675049,2500,5000
Scalar region null,Conventional,2374694,0.8198,0.005435585709010576,0.8091462520103393,0.8304537479896607,0.995,303.8730841675049,2500,5000
Scalar region null,Anytime-valid,2398620,0.0408,0.002797690476089162,0.035316526666865244,0.04628347333313476,0.995,303.8730841675049,2500,5000
Scalar region null,Conventional,2398620,0.8202,0.005430873962816666,0.8095554870328794,0.8308445129671207,0.995,303.8730841675049,2500,5000
Scalar region null,Anytime-valid,2422788,0.0408,0.002797690476089162,0.035316526666865244,0.04628347333313476,0.995,303.8730841675049,2500,5000
Scalar region null,Conventional,2422788,0.8202,0.005430873962816666,0.8095554870328794,0.8308445129671207,0.995,303.8730841675049,2500,5000
Scalar region null,Anytime-valid,2447199,0.0408,0.002797690476089162,0.035316526666865244,0.04628347333313476,0.995,303.8730841675049,2500,5000
Scalar region null,Conventional,2447199,0.8204,0.0054285143455645385,0.8097601118826935,0.8310398881173066,0.995,303.8730841675049,2500,5000
Scalar region null,Anytime-valid,2471855,0.0408,0.002797690476089162,0.035316526666865244,0.04628347333313476,0.995,303.8730841675049,2500,5000
Scalar region null,Conventional,2471855,0.8206,0.005426152227868289,0.8099647416333782,0.8312352583666218,0.995,303.8730841675049,2500,5000
Scalar region null,Anytime-valid,2496761,0.0408,0.002797690476089162,0.035316526666865244,0.04628347333313476,0.995,303.8730841675049,2500,5000
Scalar region null,Conventional,2496761,0.8208,0.005423787606461006,0.8101693762913365,0.8314306237086635,0.995,303.8730841675049,2500,5000
Scalar region null,Anytime-valid,2521917,0.0408,0.002797690476089162,0.035316526666865244,0.04628347333313476,0.995,303.8730841675049,2500,5000
Scalar region null,Conventional,2521917,0.8208,0.005423787606461006,0.8101693762913365,0.8314306237086635,0.995,303.8730841675049,2500,5000
Scalar region null,Anytime-valid,2547326,0.0408,0.002797690476089162,0.035316526666865244,0.04628347333313476,0.995,303.8730841675049,2500,5000
Scalar region null,Conventional,2547326,0.8208,0.005423787606461006,0.8101693762913365,0.8314306237086635,0.995,303.8730841675049,2500,5000
Scalar region null,Anytime-valid,2572992,0.0408,0.002797690476089162,0.035316526666865244,0.04628347333313476,0.995,303.8730841675049,2500,5000
Scalar region null,Conventional,2572992,0.8208,0.005423787606461006,0.8101693762913365,0.8314306237086635,0.995,303.8730841675049,2500,5000
Scalar region null,Anytime-valid,2598916,0.0408,0.002797690476089162,0.035316526666865244,0.04628347333313476,0.995,303.8730841675049,2500,5000
Scalar region null,Conventional,2598916,0.821,0.005421420478066611,0.8103740158629894,0.8316259841370105,0.995,303.8730841675049,2500,5000
Scalar region null,Anytime-valid,2625101,0.0408,0.002797690476089162,0.035316526666865244,0.04628347333313476,0.995,303.8730841675049,2500,5000
Scalar region null,Conventional,2625101,0.8212,0.005419050839399829,0.8105786603547763,0.8318213396452238,0.995,303.8730841675049,2500,5000
Scalar region null,Anytime-valid,2651551,0.0408,0.002797690476089162,0.035316526666865244,0.04628347333313476,0.995,303.8730841675049,2500,5000
Scalar region null,Conventional,2651551,0.8212,0.005419050839399829,0.8105786603547763,0.8318213396452238,0.995,303.8730841675049,2500,5000
Scalar region null,Anytime-valid,2678266,0.041,0.002804246779440069,0.035503676312297464,0.04649632368770254,0.995,303.8730841675049,2500,5000
Scalar region null,Conventional,2678266,0.8214,0.005416678687166149,0.8107833097731544,0.8320166902268457,0.995,303.8730841675049,2500,5000
Scalar region null,Anytime-valid,2705251,0.041,0.002804246779440069,0.035503676312297464,0.04649632368770254,0.995,303.8730841675049,2500,5000
Scalar region null,Conventional,2705251,0.8214,0.005416678687166149,0.8107833097731544,0.8320166902268457,0.995,303.8730841675049,2500,5000
Scalar region null,Anytime-valid,2732508,0.041,0.002804246779440069,0.035503676312297464,0.04649632368770254,0.995,303.8730841675049,2500,5000
Scalar region null,Conventional,2732508,0.8216,0.0054143040180617856,0.810987964124599,0.832212035875401,0.995,303.8730841675049,2500,5000
Scalar region null,Anytime-valid,2760039,0.041,0.002804246779440069,0.035503676312297464,0.04649632368770254,0.995,303.8730841675049,2500,5000
Scalar region null,Conventional,2760039,0.8216,0.0054143040180617856,0.810987964124599,0.832212035875401,0.995,303.8730841675049,2500,5000
Scalar region null,Anytime-valid,2787848,0.041,0.002804246779440069,0.035503676312297464,0.04649632368770254,0.995,303.8730841675049,2500,5000
Scalar region null,Conventional,2787848,0.8218,0.005411926828773649,0.8111926234156036,0.8324073765843963,0.995,303.8730841675049,2500,5000
Scalar region null,Anytime-valid,2815937,0.041,0.002804246779440069,0.035503676312297464,0.04649632368770254,0.995,303.8730841675049,2500,5000
Scalar region null,Conventional,2815937,0.822,0.005409547115979304,0.8113972876526805,0.8326027123473194,0.995,303.8730841675049,2500,5000
Scalar region null,Anytime-valid,2844309,0.041,0.002804246779440069,0.035503676312297464,0.04649632368770254,0.995,303.8730841675049,2500,5000
Scalar region null,Conventional,2844309,0.8224,0.0054047801065353245,0.8118066309911908,0.8329933690088093,0.995,303.8730841675049,2500,5000
Scalar region null,Anytime-valid,2872967,0.041,0.002804246779440069,0.035503676312297464,0.04649632368770254,0.995,303.8730841675049,2500,5000
Scalar region null,Conventional,2872967,0.8224,0.0054047801065353245,0.8118066309911908,0.8329933690088093,0.995,303.8730841675049,2500,5000
Scalar region null,Anytime-valid,2901914,0.041,0.002804246779440069,0.035503676312297464,0.04649632368770254,0.995,303.8730841675049,2500,5000
Scalar region null,Conventional,2901914,0.8224,0.0054047801065353245,0.8118066309911908,0.8329933690088093,0.995,303.8730841675049,2500,5000
Scalar region null,Anytime-valid,2931152,0.041,0.002804246779440069,0.035503676312297464,0.04649632368770254,0.995,303.8730841675049,2500,5000
Scalar region null,Conventional,2931152,0.8226,0.005402392803193785,0.8120113101057402,0.8331886898942598,0.995,303.8730841675049,2500,5000
Scalar region null,Anytime-valid,2960685,0.041,0.002804246779440069,0.035503676312297464,0.04649632368770254,0.995,303.8730841675049,2500,5000
Scalar region null,Conventional,2960685,0.8228,0.00540000296296215,0.8122159941925942,0.8333840058074058,0.995,303.8730841675049,2500,5000
Scalar region null,Anytime-valid,2990515,0.041,0.002804246779440069,0.035503676312297464,0.04649632368770254,0.995,303.8730841675049,2500,5000
Scalar region null,Conventional,2990515,0.8236,0.005390418165597174,0.8130347803954295,0.8341652196045705,0.995,303.8730841675049,2500,5000
Scalar region null,Anytime-valid,3020646,0.041,0.002804246779440069,0.035503676312297464,0.04649632368770254,0.995,303.8730841675049,2500,5000
Scalar region null,Conventional,3020646,0.8236,0.005390418165597174,0.8130347803954295,0.8341652196045705,0.995,303.8730841675049,2500,5000
Scalar region null,Anytime-valid,3051080,0.041,0.002804246779440069,0.035503676312297464,0.04649632368770254,0.995,303.8730841675049,2500,5000
Scalar region null,Conventional,3051080,0.824,0.005385610457506187,0.8134442035032878,0.8345557964967121,0.995,303.8730841675049,2500,5000
Scalar region null,Anytime-valid,3081822,0.041,0.002804246779440069,0.035503676312297464,0.04649632368770254,0.995,303.8730841675049,2500,5000
Scalar region null,Conventional,3081822,0.8242,0.0053832027641544395,0.8136489225822573,0.8347510774177428,0.995,303.8730841675049,2500,5000
Scalar region null,Anytime-valid,3112873,0.041,0.002804246779440069,0.035503676312297464,0.04649632368770254,0.995,303.8730841675049,2500,5000
Scalar region null,Conventional,3112873,0.8242,0.0053832027641544395,0.8136489225822573,0.8347510774177428,0.995,303.8730841675049,2500,5000
Scalar region null,Anytime-valid,3144236,0.041,0.002804246779440069,0.035503676312297464,0.04649632368770254,0.995,303.8730841675049,2500,5000
Scalar region null,Conventional,3144236,0.8242,0.0053832027641544395,0.8136489225822573,0.8347510774177428,0.995,303.8730841675049,2500,5000
Scalar region null,Anytime-valid,3175916,0.041,0.002804246779440069,0.035503676312297464,0.04649632368770254,0.995,303.8730841675049,2500,5000
Scalar region null,Conventional,3175916,0.8244,0.005380792506685237,0.813853646686897,0.8349463533131031,0.995,303.8730841675049,2500,5000
Scalar region null,Anytime-valid,3207915,0.0412,0.0028107849437479203,0.03569086151025408,0.04670913848974592,0.995,303.8730841675049,2500,5000
Scalar region null,Conventional,3207915,0.8248,0.005375964285595655,0.8142631100002324,0.8353368899997675,0.995,303.8730841675049,2500,5000
Scalar region null,Anytime-valid,3240236,0.0412,0.0028107849437479203,0.03569086151025408,0.04670913848974592,0.995,303.8730841675049,2500,5000
Scalar region null,Conventional,3240236,0.8248,0.005375964285595655,0.8142631100002324,0.8353368899997675,0.995,303.8730841675049,2500,5000
Scalar region null,Anytime-valid,3272883,0.0412,0.0028107849437479203,0.03569086151025408,0.04670913848974592,0.995,303.8730841675049,2500,5000
Scalar region null,Conventional,3272883,0.8248,0.005375964285595655,0.8142631100002324,0.8353368899997675,0.995,303.8730841675049,2500,5000
Scalar region null,Anytime-valid,3305859,0.0412,0.0028107849437479203,0.03569086151025408,0.04670913848974592,0.995,303.8730841675049,2500,5000
Scalar region null,Conventional,3305859,0.8248,0.005375964285595655,0.8142631100002324,0.8353368899997675,0.995,303.8730841675049,2500,5000
Scalar region null,Anytime-valid,3339168,0.0412,0.0028107849437479203,0.03569086151025408,0.04670913848974592,0.995,303.8730841675049,2500,5000
Scalar region null,Conventional,3339168,0.8248,0.005375964285595655,0.8142631100002324,0.8353368899997675,0.995,303.8730841675049,2500,5000
Scalar region null,Anytime-valid,3372811,0.0412,0.0028107849437479203,0.03569086151025408,0.04670913848974592,0.995,303.8730841675049,2500,5000
Scalar region null,Conventional,3372811,0.825,0.00537354631505117,0.8144678492224997,0.8355321507775002,0.995,303.8730841675049,2500,5000
Scalar region null,Anytime-valid,3406794,0.0412,0.0028107849437479203,0.03569086151025408,0.04670913848974592,0.995,303.8730841675049,2500,5000
Scalar region null,Conventional,3406794,0.825,0.00537354631505117,0.8144678492224997,0.8355321507775002,0.995,303.8730841675049,2500,5000
Scalar region null,Anytime-valid,3441119,0.0412,0.0028107849437479203,0.03569086151025408,0.04670913848974592,0.995,303.8730841675049,2500,5000
Scalar region null,Conventional,3441119,0.825,0.00537354631505117,0.8144678492224997,0.8355321507775002,0.995,303.8730841675049,2500,5000
Scalar region null,Anytime-valid,3475790,0.0412,0.0028107849437479203,0.03569086151025408,0.04670913848974592,0.995,303.8730841675049,2500,5000
Scalar region null,Conventional,3475790,0.8258,0.005363848618296382,0.815286856708139,0.8363131432918609,0.995,303.8730841675049,2500,5000
Scalar region null,Anytime-valid,3510811,0.0412,0.0028107849437479203,0.03569086151025408,0.04670913848974592,0.995,303.8730841675049,2500,5000
Scalar region null,Conventional,3510811,0.8262,0.005358984232109663,0.8156963909050651,0.836703609094935,0.995,303.8730841675049,2500,5000
Scalar region null,Anytime-valid,3546184,0.0412,0.0028107849437479203,0.03569086151025408,0.04670913848974592,0.995,303.8730841675049,2500,5000
Scalar region null,Conventional,3546184,0.8262,0.005358984232109663,0.8156963909050651,0.836703609094935,0.995,303.8730841675049,2500,5000
Scalar region null,Anytime-valid,3581913,0.0412,0.0028107849437479203,0.03569086151025408,0.04670913848974592,0.995,303.8730841675049,2500,5000
Scalar region null,Conventional,3581913,0.8262,0.005358984232109663,0.8156963909050651,0.836703609094935,0.995,303.8730841675049,2500,5000
Scalar region null,Anytime-valid,3618003,0.0412,0.0028107849437479203,0.03569086151025408,0.04670913848974592,0.995,303.8730841675049,2500,5000
Scalar region null,Conventional,3618003,0.8266,0.0053541094497591285,0.81610594547847215,0.8370940545215279,0.995,303.8730841675049,2500,5000
Scalar region null,Anytime-valid,3654456,0.0412,0.0028107849437479203,0.03569086151025408,0.04670913848974592,0.995,303.8730841675049,2500,5000
Scalar region null,Conventional,3654456,0.8266,0.0053541094497591285,0.81610594547847215,0.8370940545215279,0.995,303.8730841675049,2500,5000
Scalar region null,Anytime-valid,3691277,0.0412,0.0028107849437479203,0.03569086151025408,0.04670913848974592,0.995,303.8730841675049,2500,5000
Scalar region null,Conventional,3691277,0.827,0.005349224242822506,0.8165155204840678,0.8374844795159321,0.995,303.8730841675049,2500,5000
Scalar region null,Anytime-valid,3728468,0.0412,0.0028107849437479203,0.03569086151025408,0.04670913848974592,0.995,303.8730841675049,2500,5000
Scalar region null,Conventional,3728468,0.8272,0.005346777721207419,0.8167203156664335,0.8376796843335665,0.995,303.8730841675049,2500,5000
Scalar region null,Anytime-valid,3766034,0.0412,0.0028107849437479203,0.03569086151025408,0.04670913848974592,0.995,303.8730841675049,2500,5000
Scalar region null,Conventional,3766034,0.8276,0.0053418768237390125,0.8171299214254716,0.8380700785745284,0.995,303.8730841675049,2500,5000
Scalar region null,Anytime-valid,3803979,0.0412,0.0028107849437479203,0.03569086151025408,0.04670913848974592,0.995,303.8730841675049,2500,5000
Scalar region null,Conventional,3803979,0.828,0.005336965429904901,0.8175395477573864,0.8384604522426136,0.995,303.8730841675049,2500,5000
Scalar region null,Anytime-valid,3842306,0.0412,0.0028107849437479203,0.03569086151025408,0.04670913848974592,0.995,303.8730841675049,2500,5000
Scalar region null,Conventional,3842306,0.8282,0.005334505787793279,0.8177443686559253,0.8386556313440748,0.995,303.8730841675049,2500,5000
Scalar region null,Anytime-valid,3881019,0.0412,0.0028107849437479203,0.03569086151025408,0.04670913848974592,0.995,303.8730841675049,2500,5000
Scalar region null,Conventional,3881019,0.8288,0.005327111036950516,0.8183588623675769,0.839241137632423,0.995,303.8730841675049,2500,5000
Scalar region null,Anytime-valid,3920122,0.0412,0.0028107849437479203,0.03569086151025408,0.04670913848974592,0.995,303.8730841675049,2500,5000
Scalar region null,Conventional,3920122,0.8296,0.005317214308263303,0.819178259955804,0.840021740044196,0.995,303.8730841675049,2500,5000
Scalar region null,Anytime-valid,3959620,0.0412,0.0028107849437479203,0.03569086151025408,0.04670913848974592,0.995,303.8730841675049,2500,5000
Scalar region null,Conventional,3959620,0.8298,0.005314733483440162,0.8193831223724573,0.8402168776275427,0.995,303.8730841675049,2500,5000
Scalar region null,Anytime-valid,3999515,0.0412,0.0028107849437479203,0.03569086151025408,0.04670913848974592,0.995,303.8730841675049,2500,5000
Scalar region null,Conventional,3999515,0.8302,0.005309763836556198,0.8197928628803499,0.8406071371196502,0.995,303.8730841675049,2500,5000
Scalar region null,Anytime-valid,4039812,0.0412,0.0028107849437479203,0.03569086151025408,0.04670913848974592,0.995,303.8730841675049,2500,5000
Scalar region null,Conventional,4039812,0.8306,0.005304783501708623,0.8202026243366511,0.8409973756633489,0.995,303.8730841675049,2500,5000
Scalar region null,Anytime-valid,4080515,0.0412,0.0028107849437479203,0.03569086151025408,0.04670913848974592,0.995,303.8730841675049,2500,5000
Scalar region null,Conventional,4080515,0.8312,0.005297292893544777,0.8208173059286523,0.8415826940713478,0.995,303.8730841675049,2500,5000
Scalar region null,Anytime-valid,4121628,0.0412,0.0028107849437479203,0.03569086151025408,0.04670913848974592,0.995,303.8730841675049,2500,5000
Scalar region null,Conventional,4121628,0.8314,0.005294790647419404,0.821022210331058,0.841777789668942,0.995,303.8730841675049,2500,5000
Scalar region null,Anytime-valid,4163156,0.0412,0.0028107849437479203,0.03569086151025408,0.04670913848974592,0.995,303.8730841675049,2500,5000
Scalar region null,Conventional,4163156,0.8316,0.0052922857065732945,0.8212271200151163,0.8419728799848837,0.995,303.8730841675049,2500,5000
Scalar region null,Anytime-valid,4205102,0.0412,0.0028107849437479203,0.03569086151025408,0.04670913848974592,0.995,303.8730841675049,2500,5000
Scalar region null,Conventional,4205102,0.8318,0.005289778067178245,0.8214320349883306,0.8421679650116694,0.995,303.8730841675049,2500,5000
Scalar region null,Anytime-valid,4247470,0.0412,0.0028107849437479203,0.03569086151025408,0.04670913848974592,0.995,303.8730841675049,2500,5000
Scalar region null,Conventional,4247470,0.832,0.005287267725394658,0.8216369552582264,0.8423630447417735,0.995,303.8730841675049,2500,5000
Scalar region null,Anytime-valid,4290266,0.0412,0.0028107849437479203,0.03569086151025408,0.04670913848974592,0.995,303.8730841675049,2500,5000
Scalar region null,Conventional,4290266,0.832,0.005287267725394658,0.8216369552582264,0.8423630447417735,0.995,303.8730841675049,2500,5000
Scalar region null,Anytime-valid,4333492,0.0412,0.0028107849437479203,0.03569086151025408,0.04670913848974592,0.995,303.8730841675049,2500,5000
Scalar region null,Conventional,4333492,0.832,0.005287267725394658,0.8216369552582264,0.8423630447417735,0.995,303.8730841675049,2500,5000
Scalar region null,Anytime-valid,4377154,0.0412,0.0028107849437479203,0.03569086151025408,0.04670913848974592,0.995,303.8730841675049,2500,5000
Scalar region null,Conventional,4377154,0.8324,0.005282238919246269,0.8220468117182773,0.8427531882817227,0.995,303.8730841675049,2500,5000
Scalar region null,Anytime-valid,4421256,0.0412,0.0028107849437479203,0.03569086151025408,0.04670913848974592,0.995,303.8730841675049,2500,5000
Scalar region null,Conventional,4421256,0.8326,0.005279720447144905,0.822251747923596,0.842948252076404,0.995,303.8730841675049,2500,5000
Scalar region null,Anytime-valid,4465803,0.0412,0.0028107849437479203,0.03569086151025408,0.04670913848974592,0.995,303.8730841675049,2500,5000
Scalar region null,Conventional,4465803,0.8326,0.005279720447144905,0.822251747923596,0.842948252076404,0.995,303.8730841675049,2500,5000
Scalar region null,Anytime-valid,4510798,0.0412,0.0028107849437479203,0.03569086151025408,0.04670913848974592,0.995,303.8730841675049,2500,5000
Scalar region null,Conventional,4510798,0.8328,0.005277199257181787,0.8224566894559237,0.8431433105440763,0.995,303.8730841675049,2500,5000
Scalar region null,Anytime-valid,4556246,0.0412,0.0028107849437479203,0.03569086151025408,0.04670913848974592,0.995,303.8730841675049,2500,5000
Scalar region null,Conventional,4556246,0.833,0.005274675345459662,0.822661636322899,0.8433383636771009,0.995,303.8730841675049,2500,5000
Scalar region null,Anytime-valid,4602153,0.0412,0.0028107849437479203,0.03569086151025408,0.04670913848974592,0.995,303.8730841675049,2500,5000
Scalar region null,Conventional,4602153,0.8332,0.005272148708069604,0.8228665885321836,0.8435334114678165,0.995,303.8730841675049,2500,5000
Scalar region null,Anytime-valid,4648522,0.0412,0.0028107849437479203,0.03569086151025408,0.04670913848974592,0.995,303.8730841675049,2500,5000
Scalar region null,Conventional,4648522,0.8332,0.005272148708069604,0.8228665885321836,0.8435334114678165,0.995,303.8730841675049,2500,5000
Scalar region null,Anytime-valid,4695358,0.0412,0.0028107849437479203,0.03569086151025408,0.04670913848974592,0.995,303.8730841675049,2500,5000
Scalar region null,Conventional,4695358,0.8332,0.005272148708069604,0.8228665885321836,0.8435334114678165,0.995,303.8730841675049,2500,5000
Scalar region null,Anytime-valid,4742666,0.0412,0.0028107849437479203,0.03569086151025408,0.04670913848974592,0.995,303.8730841675049,2500,5000
Scalar region null,Conventional,4742666,0.8334,0.005269619341090967,0.8230715460914617,0.8437284539085383,0.995,303.8730841675049,2500,5000
Scalar region null,Anytime-valid,4790451,0.0412,0.0028107849437479203,0.03569086151025408,0.04670913848974592,0.995,303.8730841675049,2500,5000
Scalar region null,Conventional,4790451,0.8336,0.005267087240591331,0.823276509008441,0.84392349099155906,0.995,303.8730841675049,2500,5000
Scalar region null,Anytime-valid,4838717,0.0412,0.0028107849437479203,0.03569086151025408,0.04670913848974592,0.995,303.8730841675049,2500,5000
Scalar region null,Conventional,4838717,0.8338,0.005264552402626457,0.8234814772908521,0.8441185227091479,0.995,303.8730841675049,2500,5000
Scalar region null,Anytime-valid,4887470,0.0412,0.0028107849437479203,0.03569086151025408,0.04670913848974592,0.995,303.8730841675049,2500,5000
Scalar region null,Conventional,4887470,0.8338,0.005264552402626457,0.8234814772908521,0.8441185227091479,0.995,303.8730841675049,2500,5000
Scalar region null,Anytime-valid,4936713,0.0412,0.0028107849437479203,0.03569086151025408,0.04670913848974592,0.995,303.8730841675049,2500,5000
Scalar region null,Conventional,4936713,0.8344,0.005256931424319705,0.8240964144083334,0.8447035855916667,0.995,303.8730841675049,2500,5000
Scalar region null,Anytime-valid,4986453,0.0412,0.0028107849437479203,0.03569086151025408,0.04670913848974592,0.995,303.8730841675049,2500,5000
Scalar region null,Conventional,4986453,0.8346,0.00525438559681339,0.8243014042302458,0.8448985957697542,0.995,303.8730841675049,2500,5000
Scalar region null,Anytime-valid,5036694,0.0412,0.0028107849437479203,0.03569086151025408,0.04670913848974592,0.995,303.8730841675049,2500,5000
Scalar region null,Conventional,5036694,0.8346,0.00525438559681339,0.8243014042302458,0.8448985957697542,0.995,303.8730841675049,2500,5000
Scalar region null,Anytime-valid,5087441,0.0412,0.0028107849437479203,0.03569086151025408,0.04670913848974592,0.995,303.8730841675049,2500,5000
Scalar region null,Conventional,5087441,0.8348,0.005251837011941631,0.8245063994565944,0.8450936005434055,0.995,303.8730841675049,2500,5000
Scalar region null,Anytime-valid,5138700,0.0412,0.0028107849437479203,0.03569086151025408,0.04670913848974592,0.995,303.8730841675049,2500,5000
Scalar region null,Conventional,5138700,0.8352,0.005246731554024847,0.8249164061541113,0.8454835938458888,0.995,303.8730841675049,2500,5000
Scalar region null,Anytime-valid,5190475,0.0412,0.0028107849437479203,0.03569086151025408,0.04670913848974592,0.995,303.8730841675049,2500,5000
Scalar region null,Conventional,5190475,0.8352,0.005246731554024847,0.8249164061541113,0.8454835938458888,0.995,303.8730841675049,2500,5000
Scalar region null,Anytime-valid,5242772,0.0412,0.0028107849437479203,0.03569086151025408,0.04670913848974592,0.995,303.8730841675049,2500,5000
Scalar region null,Conventional,5242772,0.8352,0.005246731554024847,0.8249164061541113,0.8454835938458888,0.995,303.8730841675049,2500,5000
Scalar region null,Anytime-valid,5295595,0.0412,0.0028107849437479203,0.03569086151025408,0.04670913848974592,0.995,303.8730841675049,2500,5000
Scalar region null,Conventional,5295595,0.8354,0.005244174672910886,0.8251214176410947,0.8456785823589054,0.995,303.8730841675049,2500,5000
Scalar region null,Anytime-valid,5348951,0.0412,0.0028107849437479203,0.03569086151025408,0.04670913848974592,0.995,303.8730841675049,2500,5000
Scalar region null,Conventional,5348951,0.8354,0.005244174672910886,0.8251214176410947,0.8456785823589054,0.995,303.8730841675049,2500,5000
Scalar region null,Anytime-valid,5402844,0.0412,0.0028107849437479203,0.03569086151025408,0.04670913848974592,0.995,303.8730841675049,2500,5000
Scalar region null,Conventional,5402844,0.8356,0.005241615018293503,0.8253264345641448,0.8458735654358552,0.995,303.8730841675049,2500,5000
Scalar region null,Anytime-valid,5457281,0.0412,0.0028107849437479203,0.03569086151025408,0.04670913848974592,0.995,303.8730841675049,2500,5000
Scalar region null,Conventional,5457281,0.8356,0.005241615018293503,0.8253264345641448,0.8458735654358552,0.995,303.8730841675049,2500,5000
Scalar region null,Anytime-valid,5512266,0.0412,0.0028107849437479203,0.03569086151025408,0.04670913848974592,0.995,303.8730841675049,2500,5000
Scalar region null,Conventional,5512266,0.8358,0.005239052586107531,0.8255314569312292,0.8460685430687708,0.995,303.8730841675049,2500,5000
Scalar region null,Anytime-valid,5567804,0.0412,0.0028107849437479203,0.03569086151025408,0.04670913848974592,0.995,303.8730841675049,2500,5000
Scalar region null,Conventional,5567804,0.8362,0.005233919372707225,0.8259415180294939,0.8464584819705062,0.995,303.8730841675049,2500,5000
Scalar region null,Anytime-valid,5623903,0.0412,0.0028107849437479203,0.03569086151025408,0.04670913848974592,0.995,303.8730841675049,2500,5000
Scalar region null,Conventional,5623903,0.8362,0.005233919372707225,0.8259415180294939,0.8464584819705062,0.995,303.8730841675049,2500,5000
Scalar region null,Anytime-valid,5680567,0.0412,0.0028107849437479203,0.03569086151025408,0.04670913848974592,0.995,303.8730841675049,2500,5000
Scalar region null,Conventional,5680567,0.8368,0.005226198618498918,0.8265566507077421,0.8470433492922579,0.995,303.8730841675049,2500,5000
Scalar region null,Anytime-valid,5737801,0.0412,0.0028107849437479203,0.03569086151025408,0.04670913848974592,0.995,303.8730841675049,2500,5000
Scalar region null,Conventional,5737801,0.8372,0.005221037444799644,0.8269667666081928,0.8474332333918073,0.995,303.8730841675049,2500,5000
Scalar region null,Anytime-valid,5795612,0.0412,0.0028107849437479203,0.03569086151025408,0.04670913848974592,0.995,303.8730841675049,2500,5000
Scalar region null,Conventional,5795612,0.8376,0.005215865028928567,0.8273769045433,0.8478230954567,0.995,303.8730841675049,2500,5000
Scalar region null,Anytime-valid,5854006,0.0412,0.0028107849437479203,0.03569086151025408,0.04670913848974592,0.995,303.8730841675049,2500,5000
Scalar region null,Conventional,5854006,0.838,0.005210681337406846,0.8277870645786826,0.8482129354213174,0.995,303.8730841675049,2500,5000
Scalar region null,Anytime-valid,5912988,0.0412,0.0028107849437479203,0.03569086151025408,0.04670913848974592,0.995,303.8730841675049,2500,5000
Scalar region null,Conventional,5912988,0.8382,0.005208085252758446,0.8279921529045934,0.8484078470954065,0.995,303.8730841675049,2500,5000
Scalar region null,Anytime-valid,5972564,0.0412,0.0028107849437479203,0.03569086151025408,0.04670913848974592,0.995,303.8730841675049,2500,5000
Scalar region null,Conventional,5972564,0.8384,0.00520548633654916,0.8281972467803637,0.8486027532196364,0.995,303.8730841675049,2500,5000
Scalar region null,Anytime-valid,6032741,0.0412,0.0028107849437479203,0.03569086151025408,0.04670913848974592,0.995,303.8730841675049,2500,5000
Scalar region null,Conventional,6032741,0.8384,0.00520548633654916,0.8281972467803637,0.8486027532196364,0.995,303.8730841675049,2500,5000
Scalar region null,Anytime-valid,6093524,0.0412,0.0028107849437479203,0.03569086151025408,0.04670913848974592,0.995,303.8730841675049,2500,5000
Scalar region null,Conventional,6093524,0.8384,0.00520548633654916,0.8281972467803637,0.8486027532196364,0.995,303.8730841675049,2500,5000
Scalar region null,Anytime-valid,6154919,0.0412,0.0028107849437479203,0.03569086151025408,0.04670913848974592,0.995,303.8730841675049,2500,5000
Scalar region null,Conventional,6154919,0.8386,0.0052028845845357745,0.8284023462143099,0.8487976537856902,0.995,303.8730841675049,2500,5000
Scalar region null,Anytime-valid,6216933,0.0412,0.0028107849437479203,0.03569086151025408,0.04670913848974592,0.995,303.8730841675049,2500,5000
Scalar region null,Conventional,6216933,0.8388,0.005200279992461945,0.8286074512147745,0.8489925487852255,0.995,303.8730841675049,2500,5000
Scalar region null,Anytime-valid,6279572,0.0412,0.0028107849437479203,0.03569086151025408,0.04670913848974592,0.995,303.8730841675049,2500,5000
Scalar region null,Conventional,6279572,0.8392,0.00519506227104161,0.8290176779487584,0.8493823220512415,0.995,303.8730841675049,2500,5000
Scalar region null,Anytime-valid,6342842,0.0412,0.0028107849437479203,0.03569086151025408,0.04670913848974592,0.995,303.8730841675049,2500,5000
Scalar region null,Conventional,6342842,0.8398,0.005187214281288176,0.8296330600086752,0.8499669399913248,0.995,303.8730841675049,2500,5000
Scalar region null,Anytime-valid,6406749,0.0412,0.0028107849437479203,0.03569086151025408,0.04670913848974592,0.995,303.8730841675049,2500,5000
Scalar region null,Conventional,6406749,0.8404,0.0051793404985577066,0.830248492622827,0.8505515073771731,0.995,303.8730841675049,2500,5000
Scalar region null,Anytime-valid,6471300,0.0412,0.0028107849437479203,0.03569086151025408,0.04670913848974592,0.995,303.8730841675049,2500,5000
Scalar region null,Conventional,6471300,0.8404,0.0051793404985577066,0.830248492622827,0.8505515073771731,0.995,303.8730841675049,2500,5000
Scalar region null,Anytime-valid,6536502,0.0412,0.0028107849437479203,0.03569086151025408,0.04670913848974592,0.995,303.8730841675049,2500,5000
Scalar region null,Conventional,6536502,0.8404,0.0051793404985577066,0.830248492622827,0.8505515073771731,0.995,303.8730841675049,2500,5000
Scalar region null,Anytime-valid,6602360,0.0412,0.0028107849437479203,0.03569086151025408,0.04670913848974592,0.995,303.8730841675049,2500,5000
Scalar region null,Conventional,6602360,0.841,0.005171440805036833,0.8308639760221278,0.8511360239778721,0.995,303.8730841675049,2500,5000
Scalar region null,Anytime-valid,6668883,0.0412,0.0028107849437479203,0.03569086151025408,0.04670913848974592,0.995,303.8730841675049,2500,5000
Scalar region null,Conventional,6668883,0.8412,0.0051688017953874,0.8310691484810406,0.8513308515189593,0.995,303.8730841675049,2500,5000
Scalar region null,Anytime-valid,6736075,0.0412,0.0028107849437479203,0.03569086151025408,0.04670913848974592,0.995,303.8730841675049,2500,5000
Scalar region null,Conventional,6736075,0.8414,0.005166159889124609,0.8312743266173158,0.8515256733826843,0.995,303.8730841675049,2500,5000
Scalar region null,Anytime-valid,6803944,0.0412,0.0028107849437479203,0.03569086151025408,0.04670913848974592,0.995,303.8730841675049,2500,5000
Scalar region null,Conventional,6803944,0.8414,0.005166159889124609,0.8312743266173158,0.8515256733826843,0.995,303.8730841675049,2500,5000
Scalar region null,Anytime-valid,6872497,0.0412,0.0028107849437479203,0.03569086151025408,0.04670913848974592,0.995,303.8730841675049,2500,5000
Scalar region null,Conventional,6872497,0.8416,0.005163515081802318,0.8314795104396675,0.8517204895603325,0.995,303.8730841675049,2500,5000
Scalar region null,Anytime-valid,6941741,0.0412,0.0028107849437479203,0.03569086151025408,0.04670913848974592,0.995,303.8730841675049,2500,5000
Scalar region null,Conventional,6941741,0.842,0.0051582167461245755,0.8318898951775958,0.8521101048224041,0.995,303.8730841675049,2500,5000
Scalar region null,Anytime-valid,7011683,0.0412,0.0028107849437479203,0.03569086151025408,0.04670913848974592,0.995,303.8730841675049,2500,5000
Scalar region null,Conventional,7011683,0.842,0.0051582167461245755,0.8318898951775958,0.8521101048224041,0.995,303.8730841675049,2500,5000
Scalar region null,Anytime-valid,7082329,0.0412,0.0028107849437479203,0.03569086151025408,0.04670913848974592,0.995,303.8730841675049,2500,5000
Scalar region null,Conventional,7082329,0.842,0.0051582167461245755,0.8318898951775958,0.8521101048224041,0.995,303.8730841675049,2500,5000
Scalar region null,Anytime-valid,7153687,0.0412,0.0028107849437479203,0.03569086151025408,0.04670913848974592,0.995,303.8730841675049,2500,5000
Scalar region null,Conventional,7153687,0.8426,0.005150247372699684,0.8325055151495087,0.8526944848504914,0.995,303.8730841675049,2500,5000
Scalar region null,Anytime-valid,7225764,0.0412,0.0028107849437479203,0.03569086151025408,0.04670913848974592,0.995,303.8730841675049,2500,5000
Scalar region null,Conventional,7225764,0.8426,0.005150247372699684,0.8325055151495087,0.8526944848504914,0.995,303.8730841675049,2500,5000
Scalar region null,Anytime-valid,7298567,0.0412,0.0028107849437479203,0.03569086151025408,0.04670913848974592,0.995,303.8730841675049,2500,5000
Scalar region null,Conventional,7298567,0.843,0.0051449198244481915,0.8329159571440815,0.8530840428559184,0.995,303.8730841675049,2500,5000
Scalar region null,Anytime-valid,7372104,0.0412,0.0028107849437479203,0.03569086151025408,0.04670913848974592,0.995,303.8730841675049,2500,5000
Scalar region null,Conventional,7372104,0.843,0.0051449198244481915,0.8329159571440815,0.8530840428559184,0.995,303.8730841675049,2500,5000
Scalar region null,Anytime-valid,7446382,0.0412,0.0028107849437479203,0.03569086151025408,0.04670913848974592,0.995,303.8730841675049,2500,5000
Scalar region null,Conventional,7446382,0.843,0.0051449198244481915,0.8329159571440815,0.8530840428559184,0.995,303.8730841675049,2500,5000
Scalar region null,Anytime-valid,7521408,0.0412,0.0028107849437479203,0.03569086151025408,0.04670913848974592,0.995,303.8730841675049,2500,5000
Scalar region null,Conventional,7521408,0.8432,0.0051422516468955515,0.8331211867720847,0.8532788132279152,0.995,303.8730841675049,2500,5000
Scalar region null,Anytime-valid,7597190,0.0412,0.0028107849437479203,0.03569086151025408,0.04670913848974592,0.995,303.8730841675049,2500,5000
Scalar region null,Conventional,7597190,0.8434,0.005139580527630635,0.833326422165844,0.8534735778341561,0.995,303.8730841675049,2500,5000
Scalar region null,Anytime-valid,7673735,0.0412,0.0028107849437479203,0.03569086151025408,0.04670913848974592,0.995,303.8730841675049,2500,5000
Scalar region null,Conventional,7673735,0.8434,0.005139580527630635,0.833326422165844,0.8534735778341561,0.995,303.8730841675049,2500,5000
Scalar region null,Anytime-valid,7751052,0.0412,0.0028107849437479203,0.03569086151025408,0.04670913848974592,0.995,303.8730841675049,2500,5000
Scalar region null,Conventional,7751052,0.8436,0.005136906462064498,0.8335316633343536,0.8536683366656465,0.995,303.8730841675049,2500,5000
Scalar region null,Anytime-valid,7829148,0.0412,0.0028107849437479203,0.03569086151025408,0.04670913848974592,0.995,303.8730841675049,2500,5000
Scalar region null,Conventional,7829148,0.8438,0.005134229445593564,0.8337369102866367,0.8538630897133633,0.995,303.8730841675049,2500,5000
Scalar region null,Anytime-valid,7908030,0.0412,0.0028107849437479203,0.03569086151025408,0.04670913848974592,0.995,303.8730841675049,2500,5000
Scalar region null,Conventional,7908030,0.8442,0.005128866541449485,0.834147421578759,0.8542525784212409,0.995,303.8730841675049,2500,5000
Scalar region null,Anytime-valid,7987708,0.0412,0.0028107849437479203,0.03569086151025408,0.04670913848974592,0.995,303.8730841675049,2500,5000
Scalar region null,Conventional,7987708,0.8442,0.005128866541449485,0.834147421578759,0.8542525784212409,0.995,303.8730841675049,2500,5000
Scalar region null,Anytime-valid,8068188,0.0412,0.0028107849437479203,0.03569086151025408,0.04670913848974592,0.995,303.8730841675049,2500,5000
Scalar region null,Conventional,8068188,0.8444,0.00512618064449547,0.8343526859367889,0.8544473140632112,0.995,303.8730841675049,2500,5000
Scalar region null,Anytime-valid,8149479,0.0412,0.0028107849437479203,0.03569086151025408,0.04670913848974592,0.995,303.8730841675049,2500,5000
Scalar region null,Conventional,8149479,0.845,0.005118105118107678,0.8349685139685089,0.855031486031491,0.995,303.8730841675049,2500,5000
Scalar region null,Anytime-valid,8231589,0.0412,0.0028107849437479203,0.03569086151025408,0.04670913848974592,0.995,303.8730841675049,2500,5000
Scalar region null,Conventional,8231589,0.8452,0.005115407315160739,0.8351738016622849,0.855226198337715,0.995,303.8730841675049,2500,5000
Scalar region null,Anytime-valid,8314526,0.0412,0.0028107849437479203,0.03569086151025408,0.04670913848974592,0.995,303.8730841675049,2500,5000
Scalar region null,Conventional,8314526,0.8452,0.005115407315160739,0.8351738016622849,0.855226198337715,0.995,303.8730841675049,2500,5000
Scalar region null,Anytime-valid,8398299,0.0412,0.0028107849437479203,0.03569086151025408,0.04670913848974592,0.995,303.8730841675049,2500,5000
Scalar region null,Conventional,8398299,0.8456,0.005110002739725293,0.8355843946301384,0.8556156053698616,0.995,303.8730841675049,2500,5000
Scalar region null,Anytime-valid,8482916,0.0412,0.0028107849437479203,0.03569086151025408,0.04670913848974592,0.995,303.8730841675049,2500,5000
Scalar region null,Conventional,8482916,0.8458,0.005107295957745155,0.8357896999228195,0.8558103000771805,0.995,303.8730841675049,2500,5000
Scalar region null,Anytime-valid,8568386,0.0412,0.0028107849437479203,0.03569086151025408,0.04670913848974592,0.995,303.8730841675049,2500,5000
Scalar region null,Conventional,8568386,0.846,0.005104586173236769,0.8359950111004559,0.856004988899544,0.995,303.8730841675049,2500,5000
Scalar region null,Anytime-valid,8654717,0.0412,0.0028107849437479203,0.03569086151025408,0.04670913848974592,0.995,303.8730841675049,2500,5000
Scalar region null,Conventional,8654717,0.846,0.005104586173236769,0.8359950111004559,0.856004988899544,0.995,303.8730841675049,2500,5000
Scalar region null,Anytime-valid,8741918,0.0412,0.0028107849437479203,0.03569086151025408,0.04670913848974592,0.995,303.8730841675049,2500,5000
Scalar region null,Conventional,8741918,0.846,0.005104586173236769,0.8359950111004559,0.856004988899544,0.995,303.8730841675049,2500,5000
Scalar region null,Anytime-valid,8829997,0.0412,0.0028107849437479203,0.03569086151025408,0.04670913848974592,0.995,303.8730841675049,2500,5000
Scalar region null,Conventional,8829997,0.846,0.005104586173236769,0.8359950111004559,0.856004988899544,0.995,303.8730841675049,2500,5000
Scalar region null,Anytime-valid,8918963,0.0412,0.0028107849437479203,0.03569086151025408,0.04670913848974592,0.995,303.8730841675049,2500,5000
Scalar region null,Conventional,8918963,0.846,0.005104586173236769,0.8359950111004559,0.856004988899544,0.995,303.8730841675049,2500,5000
Scalar region null,Anytime-valid,9008826,0.0412,0.0028107849437479203,0.03569086151025408,0.04670913848974592,0.995,303.8730841675049,2500,5000
Scalar region null,Conventional,9008826,0.8464,0.005099157577482774,0.8364056511481338,0.8563943488518663,0.995,303.8730841675049,2500,5000
Scalar region null,Anytime-valid,9099595,0.0412,0.0028107849437479203,0.03569086151025408,0.04670913848974592,0.995,303.8730841675049,2500,5000
Scalar region null,Conventional,9099595,0.8466,0.005096438756622117,0.8366109800370207,0.8565890199629793,0.995,303.8730841675049,2500,5000
Scalar region null,Anytime-valid,9191278,0.0412,0.0028107849437479203,0.03569086151025408,0.04670913848974592,0.995,303.8730841675049,2500,5000
Scalar region null,Conventional,9191278,0.8468,0.005093716914002976,0.8368163148485541,0.8567836851514459,0.995,303.8730841675049,2500,5000
Scalar region null,Anytime-valid,9283885,0.0412,0.0028107849437479203,0.03569086151025408,0.04670913848974592,0.995,303.8730841675049,2500,5000
Scalar region null,Conventional,9283885,0.847,0.005090992044778699,0.8370216555922337,0.8569783444077662,0.995,303.8730841675049,2500,5000
Scalar region null,Anytime-valid,9377425,0.0412,0.0028107849437479203,0.03569086151025408,0.04670913848974592,0.995,303.8730841675049,2500,5000
Scalar region null,Conventional,9377425,0.8476,0.005082799228771485,0.8376377135116079,0.8575622864883922,0.995,303.8730841675049,2500,5000
Scalar region null,Anytime-valid,9471907,0.0412,0.0028107849437479203,0.03569086151025408,0.04670913848974592,0.995,303.8730841675049,2500,5000
Scalar region null,Conventional,9471907,0.8476,0.005082799228771485,0.8376377135116079,0.8575622864883922,0.995,303.8730841675049,2500,5000
Scalar region null,Anytime-valid,9567341,0.0412,0.0028107849437479203,0.03569086151025408,0.04670913848974592,0.995,303.8730841675049,2500,5000
Scalar region null,Conventional,9567341,0.8476,0.005082799228771485,0.8376377135116079,0.8575622864883922,0.995,303.8730841675049,2500,5000
Scalar region null,Anytime-valid,9663737,0.0412,0.0028107849437479203,0.03569086151025408,0.04670913848974592,0.995,303.8730841675049,2500,5000
Scalar region null,Conventional,9663737,0.848,0.005077322128839178,0.8380484486274752,0.8579515513725248,0.995,303.8730841675049,2500,5000
Scalar region null,Anytime-valid,9761104,0.0412,0.0028107849437479203,0.03569086151025408,0.04670913848974592,0.995,303.8730841675049,2500,5000
Scalar region null,Conventional,9761104,0.8482,0.005074578997315935,0.8382538251652607,0.8581461748347392,0.995,303.8730841675049,2500,5000
Scalar region null,Anytime-valid,9859452,0.0412,0.0028107849437479203,0.03569086151025408,0.04670913848974592,0.995,303.8730841675049,2500,5000
Scalar region null,Conventional,9859452,0.8482,0.005074578997315935,0.8382538251652607,0.8581461748347392,0.995,303.8730841675049,2500,5000
Scalar region null,Anytime-valid,9958791,0.0412,0.0028107849437479203,0.03569086151025408,0.04670913848974592,0.995,303.8730841675049,2500,5000
Scalar region null,Conventional,9958791,0.8484,0.005071832804815237,0.8384592077025622,0.8583407922974379,0.995,303.8730841675049,2500,5000
Scalar region null,Anytime-valid,10059131,0.0412,0.0028107849437479203,0.03569086151025408,0.04670913848974592,0.995,303.8730841675049,2500,5000
Scalar region null,Conventional,10059131,0.8486,0.005069083546362201,0.8386645962491301,0.8585354037508699,0.995,303.8730841675049,2500,5000
Scalar region null,Anytime-valid,10160481,0.0412,0.0028107849437479203,0.03569086151025408,0.04670913848974592,0.995,303.8730841675049,2500,5000
Scalar region null,Conventional,10160481,0.8488,0.005066331216965586,0.8388699908147474,0.8587300091852526,0.995,303.8730841675049,2500,5000
Scalar region null,Anytime-valid,10262853,0.0412,0.0028107849437479203,0.03569086151025408,0.04670913848974592,0.995,303.8730841675049,2500,5000
Scalar region null,Conventional,10262853,0.849,0.005063575811617715,0.8390753914092293,0.8589246085907707,0.995,303.8730841675049,2500,5000
Scalar region null,Anytime-valid,10366257,0.0412,0.0028107849437479203,0.03569086151025408,0.04670913848974592,0.995,303.8730841675049,2500,5000
Scalar region null,Conventional,10366257,0.8494,0.005058055752954884,0.8394862107242085,0.8593137892757916,0.995,303.8730841675049,2500,5000
Scalar region null,Anytime-valid,10470702,0.0412,0.0028107849437479203,0.03569086151025408,0.04670913848974592,0.995,303.8730841675049,2500,5000
Scalar region null,Conventional,10470702,0.8494,0.005058055752954884,0.8394862107242085,0.8593137892757916,0.995,303.8730841675049,2500,5000
Scalar region null,Anytime-valid,10576200,0.0412,0.0028107849437479203,0.03569086151025408,0.04670913848974592,0.995,303.8730841675049,2500,5000
Scalar region null,Conventional,10576200,0.8498,0.005052523329980773,0.8398970542732377,0.8597029457267623,0.995,303.8730841675049,2500,5000
Scalar region null,Anytime-valid,10682760,0.0412,0.0028107849437479203,0.03569086151025408,0.04670913848974592,0.995,303.8730841675049,2500,5000
Scalar region null,Conventional,10682760,0.85,0.005049752469181039,0.8401024851604051,0.8598975148395949,0.995,303.8730841675049,2500,5000
Scalar region null,Anytime-valid,10790394,0.0412,0.0028107849437479203,0.03569086151025408,0.04670913848974592,0.995,303.8730841675049,2500,5000
Scalar region null,Conventional,10790394,0.85,0.005049752469181039,0.8401024851604051,0.8598975148395949,0.995,303.8730841675049,2500,5000
Scalar region null,Anytime-valid,10899113,0.0412,0.0028107849437479203,0.03569086151025408,0.04670913848974592,0.995,303.8730841675049,2500,5000
Scalar region null,Conventional,10899113,0.8502,0.005046978502034658,0.840307922136012,0.8600920778639879,0.995,303.8730841675049,2500,5000
Scalar region null,Anytime-valid,11008927,0.0412,0.0028107849437479203,0.03569086151025408,0.04670913848974592,0.995,303.8730841675049,2500,5000
Scalar region null,Conventional,11008927,0.8502,0.005046978502034658,0.840307922136012,0.8600920778639879,0.995,303.8730841675049,2500,5000
Scalar region null,Anytime-valid,11119848,0.0412,0.0028107849437479203,0.03569086151025408,0.04670913848974592,0.995,303.8730841675049,2500,5000
Scalar region null,Conventional,11119848,0.8502,0.005046978502034658,0.840307922136012,0.8600920778639879,0.995,303.8730841675049,2500,5000
Scalar region null,Anytime-valid,11231886,0.0412,0.0028107849437479203,0.03569086151025408,0.04670913848974592,0.995,303.8730841675049,2500,5000
Scalar region null,Conventional,11231886,0.8508,0.00503863791118195,0.8409242696940834,0.8606757303059166,0.995,303.8730841675049,2500,5000
Scalar region null,Anytime-valid,11345052,0.0412,0.0028107849437479203,0.03569086151025408,0.04670913848974592,0.995,303.8730841675049,2500,5000
Scalar region null,Conventional,11345052,0.851,0.005035851467229748,0.8411297311242296,0.8608702688757703,0.995,303.8730841675049,2500,5000
Scalar region null,Anytime-valid,11459360,0.0412,0.0028107849437479203,0.03569086151025408,0.04670913848974592,0.995,303.8730841675049,2500,5000
Scalar region null,Conventional,11459360,0.8514,0.0050302691776882074,0.8415406724117311,0.861259327588269,0.995,303.8730841675049,2500,5000
Scalar region null,Anytime-valid,11574818,0.0412,0.0028107849437479203,0.03569086151025408,0.04670913848974592,0.995,303.8730841675049,2500,5000
Scalar region null,Conventional,11574818,0.8518,0.00502467431780409,0.841951638337104,0.861648361662896,0.995,303.8730841675049,2500,5000
Scalar region null,Anytime-valid,11691441,0.0412,0.0028107849437479203,0.03569086151025408,0.04670913848974592,0.995,303.8730841675049,2500,5000
Scalar region null,Conventional,11691441,0.852,0.005021872160857941,0.8421571305647184,0.8618428694352815,0.995,303.8730841675049,2500,5000
Scalar region null,Anytime-valid,11809238,0.0412,0.0028107849437479203,0.03569086151025408,0.04670913848974592,0.995,303.8730841675049,2500,5000
Scalar region null,Conventional,11809238,0.852,0.005021872160857941,0.8421571305647184,0.8618428694352815,0.995,303.8730841675049,2500,5000
Scalar region null,Anytime-valid,11928222,0.0412,0.0028107849437479203,0.03569086151025408,0.04670913848974592,0.995,303.8730841675049,2500,5000
Scalar region null,Conventional,11928222,0.852,0.005021872160857941,0.8421571305647184,0.8618428694352815,0.995,303.8730841675049,2500,5000
Scalar region null,Anytime-valid,12048404,0.0412,0.0028107849437479203,0.03569086151025408,0.04670913848974592,0.995,303.8730841675049,2500,5000
Scalar region null,Conventional,12048404,0.852,0.005021872160857941,0.8421571305647184,0.8618428694352815,0.995,303.8730841675049,2500,5000
Scalar region null,Anytime-valid,12169798,0.0412,0.0028107849437479203,0.03569086151025408,0.04670913848974592,0.995,303.8730841675049,2500,5000
Scalar region null,Conventional,12169798,0.8526,0.0050134467185759535,0.8427736444315912,0.8624263555684089,0.995,303.8730841675049,2500,5000
Scalar region null,Anytime-valid,12292415,0.0412,0.0028107849437479203,0.03569086151025408,0.04670913848974592,0.995,303.8730841675049,2500,5000
Scalar region null,Conventional,12292415,0.8532,0.005004992707287395,0.8433902142937166,0.8630097857062833,0.995,303.8730841675049,2500,5000
Scalar region null,Anytime-valid,12416267,0.0412,0.0028107849437479203,0.03569086151025408,0.04670913848974592,0.995,303.8730841675049,2500,5000
Scalar region null,Conventional,12416267,0.8532,0.005004992707287395,0.8433902142937166,0.8630097857062833,0.995,303.8730841675049,2500,5000
Scalar region null,Anytime-valid,12541367,0.0412,0.0028107849437479203,0.03569086151025408,0.04670913848974592,0.995,303.8730841675049,2500,5000
Scalar region null,Conventional,12541367,0.8536,0.004999340756539806,0.843801292117182,0.863398707882818,0.995,303.8730841675049,2500,5000
Scalar region null,Anytime-valid,12667728,0.0412,0.0028107849437479203,0.03569086151025408,0.04670913848974592,0.995,303.8730841675049,2500,5000
Scalar region null,Conventional,12667728,0.854,0.00499367600070329,0.8442123950386216,0.8637876049613784,0.995,303.8730841675049,2500,5000
Scalar region null,Anytime-valid,12795362,0.0412,0.0028107849437479203,0.03569086151025408,0.04670913848974592,0.995,303.8730841675049,2500,5000
Scalar region null,Conventional,12795362,0.854,0.00499367600070329,0.8442123950386216,0.8637876049613784,0.995,303.8730841675049,2500,5000
Scalar region null,Anytime-valid,12924282,0.0412,0.0028107849437479203,0.03569086151025408,0.04670913848974592,0.995,303.8730841675049,2500,5000
Scalar region null,Conventional,12924282,0.8542,0.004990838807254749,0.8444179559377807,0.8639820440622192,0.995,303.8730841675049,2500,5000
Scalar region null,Anytime-valid,13054500,0.0412,0.0028107849437479203,0.03569086151025408,0.04670913848974592,0.995,303.8730841675049,2500,5000
Scalar region null,Conventional,13054500,0.8542,0.004990838807254749,0.8444179559377807,0.8639820440622192,0.995,303.8730841675049,2500,5000
Scalar region null,Anytime-valid,13186031,0.0412,0.0028107849437479203,0.03569086151025408,0.04670913848974592,0.995,303.8730841675049,2500,5000
Scalar region null,Conventional,13186031,0.8542,0.004990838807254749,0.8444179559377807,0.8639820440622192,0.995,303.8730841675049,2500,5000
Scalar region null,Anytime-valid,13318887,0.0412,0.0028107849437479203,0.03569086151025408,0.04670913848974592,0.995,303.8730841675049,2500,5000
Scalar region null,Conventional,13318887,0.8542,0.004990838807254749,0.8444179559377807,0.8639820440622192,0.995,303.8730841675049,2500,5000
Scalar region null,Anytime-valid,13453081,0.0412,0.0028107849437479203,0.03569086151025408,0.04670913848974592,0.995,303.8730841675049,2500,5000
Scalar region null,Conventional,13453081,0.8542,0.004990838807254749,0.8444179559377807,0.8639820440622192,0.995,303.8730841675049,2500,5000
Scalar region null,Anytime-valid,13588628,0.0412,0.0028107849437479203,0.03569086151025408,0.04670913848974592,0.995,303.8730841675049,2500,5000
Scalar region null,Conventional,13588628,0.8544,0.0049879983961505035,0.844623523143545,0.864176476856455,0.995,303.8730841675049,2500,5000
Scalar region null,Anytime-valid,13725540,0.0412,0.0028107849437479203,0.03569086151025408,0.04670913848974592,0.995,303.8730841675049,2500,5000
Scalar region null,Conventional,13725540,0.8548,0.004982307898956065,0.8450346765180461,0.8645653234819539,0.995,303.8730841675049,2500,5000
Scalar region null,Anytime-valid,13863832,0.0412,0.0028107849437479203,0.03569086151025408,0.04670913848974592,0.995,303.8730841675049,2500,5000
Scalar region null,Conventional,13863832,0.855,0.0049794578018093495,0.8452402627084536,0.8647597372915463,0.995,303.8730841675049,2500,5000
Scalar region null,Anytime-valid,14003517,0.0412,0.0028107849437479203,0.03569086151025408,0.04670913848974592,0.995,303.8730841675049,2500,5000
Scalar region null,Conventional,14003517,0.855,0.0049794578018093495,0.8452402627084536,0.8647597372915463,0.995,303.8730841675049,2500,5000
Scalar region null,Anytime-valid,14144609,0.0412,0.0028107849437479203,0.03569086151025408,0.04670913848974592,0.995,303.8730841675049,2500,5000
Scalar region null,Conventional,14144609,0.855,0.0049794578018093495,0.8452402627084536,0.8647597372915463,0.995,303.8730841675049,2500,5000
Scalar region null,Anytime-valid,14287123,0.0412,0.0028107849437479203,0.03569086151025408,0.04670913848974592,0.995,303.8730841675049,2500,5000
Scalar region null,Conventional,14287123,0.855,0.0049794578018093495,0.8452402627084536,0.8647597372915463,0.995,303.8730841675049,2500,5000
Scalar region null,Anytime-valid,14431073,0.0412,0.0028107849437479203,0.03569086151025408,0.04670913848974592,0.995,303.8730841675049,2500,5000
Scalar region null,Conventional,14431073,0.855,0.0049794578018093495,0.8452402627084536,0.8647597372915463,0.995,303.8730841675049,2500,5000
Scalar region null,Anytime-valid,14576474,0.0412,0.0028107849437479203,0.03569086151025408,0.04670913848974592,0.995,303.8730841675049,2500,5000
Scalar region null,Conventional,14576474,0.8552,0.004976604464893709,0.8454458552488083,0.8649541447511916,0.995,303.8730841675049,2500,5000
Scalar region null,Anytime-valid,14723339,0.0412,0.0028107849437479203,0.03569086151025408,0.04670913848974592,0.995,303.8730841675049,2500,5000
Scalar region null,Conventional,14723339,0.8552,0.004976604464893709,0.8454458552488083,0.8649541447511916,0.995,303.8730841675049,2500,5000
Scalar region null,Anytime-valid,14871684,0.0412,0.0028107849437479203,0.03569086151025408,0.04670913848974592,0.995,303.8730841675049,2500,5000
Scalar region null,Conventional,14871684,0.8552,0.004976604464893709,0.8454458552488083,0.8649541447511916,0.995,303.8730841675049,2500,5000
Scalar region null,Anytime-valid,15021524,0.0412,0.0028107849437479203,0.03569086151025408,0.04670913848974592,0.995,303.8730841675049,2500,5000
Scalar region null,Conventional,15021524,0.8554,0.004973747882633376,0.8456514541500386,0.8651485458499615,0.995,303.8730841675049,2500,5000
Scalar region null,Anytime-valid,15172873,0.0412,0.0028107849437479203,0.03569086151025408,0.04670913848974592,0.995,303.8730841675049,2500,5000
Scalar region null,Conventional,15172873,0.8558,0.0049680249596796506,0.8460626710790279,0.8655373289209721,0.995,303.8730841675049,2500,5000
Scalar region null,Anytime-valid,15325747,0.0412,0.0028107849437479203,0.03569086151025408,0.04670913848974592,0.995,303.8730841675049,2500,5000
Scalar region null,Conventional,15325747,0.856,0.004965158607738529,0.8462682891288325,0.8657317108711675,0.995,303.8730841675049,2500,5000
Scalar region null,Anytime-valid,15480162,0.0412,0.0028107849437479203,0.03569086151025408,0.04670913848974592,0.995,303.8730841675049,2500,5000
Scalar region null,Conventional,15480162,0.8562,0.004962288987957071,0.8464739135836041,0.8659260864163958,0.995,303.8730841675049,2500,5000
Scalar region null,Anytime-valid,15636132,0.0412,0.0028107849437479203,0.03569086151025408,0.04670913848974592,0.995,303.8730841675049,2500,5000
Scalar region null,Conventional,15636132,0.8562,0.004962288987957071,0.8464739135836041,0.8659260864163958,0.995,303.8730841675049,2500,5000
Scalar region null,Anytime-valid,15793674,0.0412,0.0028107849437479203,0.03569086151025408,0.04670913848974592,0.995,303.8730841675049,2500,5000
Scalar region null,Conventional,15793674,0.8562,0.004962288987957071,0.8464739135836041,0.8659260864163958,0.995,303.8730841675049,2500,5000
Scalar region null,Anytime-valid,15952804,0.0412,0.0028107849437479203,0.03569086151025408,0.04670913848974592,0.995,303.8730841675049,2500,5000
Scalar region null,Conventional,15952804,0.8564,0.004959416094662757,0.846679544454461,0.8661204555455391,0.995,303.8730841675049,2500,5000
Scalar region null,Anytime-valid,16113536,0.0414,0.002817305095299407,0.03587808201321316,0.04692191798678684,0.995,303.8730841675049,2500,5000
Scalar region null,Conventional,16113536,0.8566,0.004956539922163444,0.8468851817525597,0.8663148182474404,0.995,303.8730841675049,2500,5000
Scalar region null,Anytime-valid,16275888,0.0414,0.002817305095299407,0.03587808201321316,0.04692191798678684,0.995,303.8730841675049,2500,5000
Scalar region null,Conventional,16275888,0.8568,0.004953660464747256,0.8470908254890954,0.8665091745109046,0.995,303.8730841675049,2500,5000
Scalar region null,Anytime-valid,16439876,0.0414,0.002817305095299407,0.03587808201321316,0.04692191798678684,0.995,303.8730841675049,2500,5000
Scalar region null,Conventional,16439876,0.8568,0.004953660464747256,0.8470908254890954,0.8665091745109046,0.995,303.8730841675049,2500,5000
Scalar region null,Anytime-valid,16605516,0.0414,0.002817305095299407,0.03587808201321316,0.04692191798678684,0.995,303.8730841675049,2500,5000
Scalar region null,Conventional,16605516,0.8572,0.004947891672217573,0.8475021323224535,0.8668978676775464,0.995,303.8730841675049,2500,5000
Scalar region null,Anytime-valid,16772825,0.0414,0.002817305095299407,0.03587808201321316,0.04692191798678684,0.995,303.8730841675049,2500,5000
Scalar region null,Conventional,16772825,0.8572,0.004947891672217573,0.8475021323224535,0.8668978676775464,0.995,303.8730841675049,2500,5000
Scalar region null,Anytime-valid,16941819,0.0414,0.002817305095299407,0.03587808201321316,0.04692191798678684,0.995,303.8730841675049,2500,5000
Scalar region null,Conventional,16941819,0.8576,0.004942109670980602,0.8479134650448781,0.867286534955122,0.995,303.8730841675049,2500,5000
Scalar region null,Anytime-valid,17112517,0.0414,0.002817305095299407,0.03587808201321316,0.04692191798678684,0.995,303.8730841675049,2500,5000
Scalar region null,Conventional,17112517,0.8576,0.004942109670980602,0.8479134650448781,0.867286534955122,0.995,303.8730841675049,2500,5000
Scalar region null,Anytime-valid,17284934,0.0414,0.002817305095299407,0.03587808201321316,0.04692191798678684,0.995,303.8730841675049,2500,5000
Scalar region null,Conventional,17284934,0.8576,0.004942109670980602,0.8479134650448781,0.867286534955122,0.995,303.8730841675049,2500,5000
Scalar region null,Anytime-valid,17459088,0.0414,0.002817305095299407,0.03587808201321316,0.04692191798678684,0.995,303.8730841675049,2500,5000
Scalar region null,Conventional,17459088,0.8578,0.004939213702604899,0.8481191411428944,0.8674808588571056,0.995,303.8730841675049,2500,5000
Scalar region null,Anytime-valid,17634998,0.0414,0.002817305095299407,0.03587808201321316,0.04692191798678684,0.995,303.8730841675049,2500,5000
Scalar region null,Conventional,17634998,0.8578,0.004939213702604899,0.8481191411428944,0.8674808588571056,0.995,303.8730841675049,2500,5000
Scalar region null,Anytime-valid,17812679,0.0414,0.002817305095299407,0.03587808201321316,0.04692191798678684,0.995,303.8730841675049,2500,5000
Scalar region null,Conventional,17812679,0.8578,0.004939213702604899,0.8481191411428944,0.8674808588571056,0.995,303.8730841675049,2500,5000
Scalar region null,Anytime-valid,17992151,0.0414,0.002817305095299407,0.03587808201321316,0.04692191798678684,0.995,303.8730841675049,2500,5000
Scalar region null,Conventional,17992151,0.8578,0.004939213702604899,0.8481191411428944,0.8674808588571056,0.995,303.8730841675049,2500,5000
Scalar region null,Anytime-valid,18173431,0.0414,0.002817305095299407,0.03587808201321316,0.04692191798678684,0.995,303.8730841675049,2500,5000
Scalar region null,Conventional,18173431,0.8578,0.004939213702604899,0.8481191411428944,0.8674808588571056,0.995,303.8730841675049,2500,5000
Scalar region null,Anytime-valid,18356537,0.0414,0.002817305095299407,0.03587808201321316,0.04692191798678684,0.995,303.8730841675049,2500,5000
Scalar region null,Conventional,18356537,0.8578,0.004939213702604899,0.8481191411428944,0.8674808588571056,0.995,303.8730841675049,2500,5000
Scalar region null,Anytime-valid,18541488,0.0414,0.002817305095299407,0.03587808201321316,0.04692191798678684,0.995,303.8730841675049,2500,5000
Scalar region null,Conventional,18541488,0.8578,0.004939213702604899,0.8481191411428944,0.8674808588571056,0.995,303.8730841675049,2500,5000
Scalar region null,Anytime-valid,18728303,0.0414,0.002817305095299407,0.03587808201321316,0.04692191798678684,0.995,303.8730841675049,2500,5000
Scalar region null,Conventional,18728303,0.8578,0.004939213702604899,0.8481191411428944,0.8674808588571056,0.995,303.8730841675049,2500,5000
Scalar region null,Anytime-valid,18917000,0.0414,0.002817305095299407,0.03587808201321316,0.04692191798678684,0.995,303.8730841675049,2500,5000
Scalar region null,Conventional,18917000,0.8582,0.004933411801177762,0.8485305128696915,0.8678694871303084,0.995,303.8730841675049,2500,5000
Scalar region null,Anytime-valid,19107599,0.0414,0.002817305095299407,0.03587808201321316,0.04692191798678684,0.995,303.8730841675049,2500,5000
Scalar region null,Conventional,19107599,0.8586,0.004927596574396081,0.8489419107141837,0.8682580892858164,0.995,303.8730841675049,2500,5000
Scalar region null,Anytime-valid,19300117,0.0414,0.002817305095299407,0.03587808201321316,0.04692191798678684,0.995,303.8730841675049,2500,5000
Scalar region null,Conventional,19300117,0.8588,0.004924683949249942,0.8491476194594701,0.8684523805405299,0.995,303.8730841675049,2500,5000
Scalar region null,Anytime-valid,19494576,0.0414,0.002817305095299407,0.03587808201321316,0.04692191798678684,0.995,303.8730841675049,2500,5000
Scalar region null,Conventional,19494576,0.859,0.00492176797502686,0.8493533347689474,0.8686466652310526,0.995,303.8730841675049,2500,5000
Scalar region null,Anytime-valid,19690993,0.0414,0.002817305095299407,0.03587808201321316,0.04692191798678684,0.995,303.8730841675049,2500,5000
Scalar region null,Conventional,19690993,0.8592,0.004918848645770675,0.8495590566542894,0.8688409433457105,0.995,303.8730841675049,2500,5000
Scalar region null,Anytime-valid,19889390,0.0414,0.002817305095299407,0.03587808201321316,0.04692191798678684,0.995,303.8730841675049,2500,5000
Scalar region null,Conventional,19889390,0.8592,0.004918848645770675,0.8495590566542894,0.8688409433457105,0.995,303.8730841675049,2500,5000
Scalar region null,Anytime-valid,20089786,0.0414,0.002817305095299407,0.03587808201321316,0.04692191798678684,0.995,303.8730841675049,2500,5000
Scalar region null,Conventional,20089786,0.8592,0.004918848645770675,0.8495590566542894,0.8688409433457105,0.995,303.8730841675049,2500,5000
Scalar region null,Anytime-valid,20292200,0.0414,0.002817305095299407,0.03587808201321316,0.04692191798678684,0.995,303.8730841675049,2500,5000
Scalar region null,Conventional,20292200,0.8592,0.004918848645770675,0.8495590566542894,0.8688409433457105,0.995,303.8730841675049,2500,5000
Scalar region null,Anytime-valid,20496654,0.0414,0.002817305095299407,0.03587808201321316,0.04692191798678684,0.995,303.8730841675049,2500,5000
Scalar region null,Conventional,20496654,0.8592,0.004918848645770675,0.8495590566542894,0.8688409433457105,0.995,303.8730841675049,2500,5000
Scalar region null,Anytime-valid,20703169,0.0414,0.002817305095299407,0.03587808201321316,0.04692191798678684,0.995,303.8730841675049,2500,5000
Scalar region null,Conventional,20703169,0.8592,0.004918848645770675,0.8495590566542894,0.8688409433457105,0.995,303.8730841675049,2500,5000
Scalar region null,Anytime-valid,20911763,0.0414,0.002817305095299407,0.03587808201321316,0.04692191798678684,0.995,303.8730841675049,2500,5000
Scalar region null,Conventional,20911763,0.8594,0.004915925955504211,0.8497647851272118,0.8690352148727883,0.995,303.8730841675049,2500,5000
Scalar region null,Anytime-valid,21122460,0.0414,0.002817305095299407,0.03587808201321316,0.04692191798678684,0.995,303.8730841675049,2500,5000
Scalar region null,Conventional,21122460,0.8594,0.004915925955504211,0.8497647851272118,0.8690352148727883,0.995,303.8730841675049,2500,5000
Scalar region null,Anytime-valid,21335279,0.0414,0.002817305095299407,0.03587808201321316,0.04692191798678684,0.995,303.8730841675049,2500,5000
Scalar region null,Conventional,21335279,0.8598,0.004910070467926096,0.8501762618828649,0.8694237381171351,0.995,303.8730841675049,2500,5000
Scalar region null,Anytime-valid,21550243,0.0414,0.002817305095299407,0.03587808201321316,0.04692191798678684,0.995,303.8730841675049,2500,5000
Scalar region null,Conventional,21550243,0.8598,0.004910070467926096,0.8501762618828649,0.8694237381171351,0.995,303.8730841675049,2500,5000
Scalar region null,Anytime-valid,21767373,0.0414,0.002817305095299407,0.03587808201321316,0.04692191798678684,0.995,303.8730841675049,2500,5000
Scalar region null,Conventional,21767373,0.8606,0.004898318895294588,0.8509992949652226,0.8702007050347774,0.995,303.8730841675049,2500,5000
Scalar region null,Anytime-valid,21986690,0.0414,0.002817305095299407,0.03587808201321316,0.04692191798678684,0.995,303.8730841675049,2500,5000
Scalar region null,Conventional,21986690,0.8606,0.004898318895294588,0.8509992949652226,0.8702007050347774,0.995,303.8730841675049,2500,5000
Scalar region null,Anytime-valid,22208217,0.0414,0.002817305095299407,0.03587808201321316,0.04692191798678684,0.995,303.8730841675049,2500,5000
Scalar region null,Conventional,22208217,0.8608,0.004895372508808701,0.8512050698827349,0.8703949301172651,0.995,303.8730841675049,2500,5000
Scalar region null,Anytime-valid,22431976,0.0414,0.002817305095299407,0.03587808201321316,0.04692191798678684,0.995,303.8730841675049,2500,5000
Scalar region null,Conventional,22431976,0.861,0.004892422712726283,0.8514108514830565,0.8705891485169435,0.995,303.8730841675049,2500,5000
Scalar region null,Anytime-valid,22657989,0.0414,0.002817305095299407,0.03587808201321316,0.04692191798678684,0.995,303.8730841675049,2500,5000
Scalar region null,Conventional,22657989,0.861,0.004892422712726283,0.8514108514830565,0.8705891485169435,0.995,303.8730841675049,2500,5000
Scalar region null,Anytime-valid,22886280,0.0414,0.002817305095299407,0.03587808201321316,0.04692191798678684,0.995,303.8730841675049,2500,5000
Scalar region null,Conventional,22886280,0.8614,0.0048865128670658375,0.851822434780551,0.8709775652194491,0.995,303.8730841675049,2500,5000
Scalar region null,Anytime-valid,23116871,0.0414,0.002817305095299407,0.03587808201321316,0.04692191798678684,0.995,303.8730841675049,2500,5000
Scalar region null,Conventional,23116871,0.8618,0.004880589308679844,0.8522340449549876,0.8713659550450125,0.995,303.8730841675049,2500,5000
Scalar region null,Anytime-valid,23349785,0.0414,0.002817305095299407,0.03587808201321316,0.04692191798678684,0.995,303.8730841675049,2500,5000
Scalar region null,Conventional,23349785,0.8618,0.004880589308679844,0.8522340449549876,0.8713659550450125,0.995,303.8730841675049,2500,5000
Scalar region null,Anytime-valid,23585046,0.0414,0.002817305095299407,0.03587808201321316,0.04692191798678684,0.995,303.8730841675049,2500,5000
Scalar region null,Conventional,23585046,0.8618,0.004880589308679844,0.8522340449549876,0.8713659550450125,0.995,303.8730841675049,2500,5000
Scalar region null,Anytime-valid,23822677,0.0414,0.002817305095299407,0.03587808201321316,0.04692191798678684,0.995,303.8730841675049,2500,5000
Scalar region null,Conventional,23822677,0.8622,0.004874651987578191,0.8526456821043467,0.8717543178956533,0.995,303.8730841675049,2500,5000
Scalar region null,Anytime-valid,24062702,0.0414,0.002817305095299407,0.03587808201321316,0.04692191798678684,0.995,303.8730841675049,2500,5000
Scalar region null,Conventional,24062702,0.8626,0.004868700853410486,0.8530573463273154,0.8721426536726846,0.995,303.8730841675049,2500,5000
Scalar region null,Anytime-valid,24305146,0.0414,0.002817305095299407,0.03587808201321316,0.04692191798678684,0.995,303.8730841675049,2500,5000
Scalar region null,Conventional,24305146,0.8626,0.004868700853410486,0.8530573463273154,0.8721426536726846,0.995,303.8730841675049,2500,5000
Scalar region null,Anytime-valid,24550033,0.0414,0.002817305095299407,0.03587808201321316,0.04692191798678684,0.995,303.8730841675049,2500,5000
Scalar region null,Conventional,24550033,0.8628,0.004865720090592963,0.8532631886224378,0.8723368113775622,0.995,303.8730841675049,2500,5000
Scalar region null,Anytime-valid,24797387,0.0414,0.002817305095299407,0.03587808201321316,0.04692191798678684,0.995,303.8730841675049,2500,5000
Scalar region null,Conventional,24797387,0.8628,0.004865720090592963,0.8532631886224378,0.8723368113775622,0.995,303.8730841675049,2500,5000
Scalar region null,Anytime-valid,25047233,0.0414,0.002817305095299407,0.03587808201321316,0.04692191798678684,0.995,303.8730841675049,2500,5000
Scalar region null,Conventional,25047233,0.863,0.004862735855462437,0.8534690377232936,0.8725309622767063,0.995,303.8730841675049,2500,5000
Scalar region null,Anytime-valid,25299596,0.0414,0.002817305095299407,0.03587808201321316,0.04692191798678684,0.995,303.8730841675049,2500,5000
Scalar region null,Conventional,25299596,0.8634,0.004856756942652165,0.8538807563924017,0.8729192436075982,0.995,303.8730841675049,2500,5000
Scalar region null,Anytime-valid,25554502,0.0414,0.002817305095299407,0.03587808201321316,0.04692191798678684,0.995,303.8730841675049,2500,5000
Scalar region null,Conventional,25554502,0.8636,0.004853762252109182,0.854086625985866,0.873113374014134,0.995,303.8730841675049,2500,5000
Scalar region null,Anytime-valid,25811977,0.0414,0.002817305095299407,0.03587808201321316,0.04692191798678684,0.995,303.8730841675049,2500,5000
Scalar region null,Conventional,25811977,0.8636,0.004853762252109182,0.854086625985866,0.873113374014134,0.995,303.8730841675049,2500,5000
Scalar region null,Anytime-valid,26072045,0.0414,0.002817305095299407,0.03587808201321316,0.04692191798678684,0.995,303.8730841675049,2500,5000
Scalar region null,Conventional,26072045,0.8638,0.004850764063526487,0.8542925024354882,0.8733074975645119,0.995,303.8730841675049,2500,5000
Scalar region null,Anytime-valid,26334734,0.0414,0.002817305095299407,0.03587808201321316,0.04692191798678684,0.995,303.8730841675049,2500,5000
Scalar region null,Conventional,26334734,0.864,0.004847762370413798,0.854498385753989,0.873501614246011,0.995,303.8730841675049,2500,5000
Scalar region null,Anytime-valid,26600070,0.0414,0.002817305095299407,0.03587808201321316,0.04692191798678684,0.995,303.8730841675049,2500,5000
Scalar region null,Conventional,26600070,0.8642,0.004844757166257149,0.854704275954136,0.8736957240458639,0.995,303.8730841675049,2500,5000
Scalar region null,Anytime-valid,26868079,0.0414,0.002817305095299407,0.03587808201321316,0.04692191798678684,0.995,303.8730841675049,2500,5000
Scalar region null,Conventional,26868079,0.8642,0.004844757166257149,0.854704275954136,0.8736957240458639,0.995,303.8730841675049,2500,5000
Scalar region null,Anytime-valid,27138789,0.0414,0.002817305095299407,0.03587808201321316,0.04692191798678684,0.995,303.8730841675049,2500,5000
Scalar region null,Conventional,27138789,0.8642,0.004844757166257149,0.854704275954136,0.8736957240458639,0.995,303.8730841675049,2500,5000
Scalar region null,Anytime-valid,27412226,0.0414,0.002817305095299407,0.03587808201321316,0.04692191798678684,0.995,303.8730841675049,2500,5000
Scalar region null,Conventional,27412226,0.8642,0.004844757166257149,0.854704275954136,0.8736957240458639,0.995,303.8730841675049,2500,5000
Scalar region null,Anytime-valid,27688418,0.0414,0.002817305095299407,0.03587808201321316,0.04692191798678684,0.995,303.8730841675049,2500,5000
Scalar region null,Conventional,27688418,0.8648,0.00483572042202607,0.8553219879728289,0.8742780120271711,0.995,303.8730841675049,2500,5000
Scalar region null,Anytime-valid,27967392,0.0414,0.002817305095299407,0.03587808201321316,0.04692191798678684,0.995,303.8730841675049,2500,5000
Scalar region null,Conventional,27967392,0.8648,0.00483572042202607,0.8553219879728289,0.8742780120271711,0.995,303.8730841675049,2500,5000
Scalar region null,Anytime-valid,28249178,0.0414,0.002817305095299407,0.03587808201321316,0.04692191798678684,0.995,303.8730841675049,2500,5000
Scalar region null,Conventional,28249178,0.8648,0.00483572042202607,0.8553219879728289,0.8742780120271711,0.995,303.8730841675049,2500,5000
Scalar region null,Anytime-valid,28533803,0.0414,0.002817305095299407,0.03587808201321316,0.04692191798678684,0.995,303.8730841675049,2500,5000
Scalar region null,Conventional,28533803,0.8648,0.00483572042202607,0.8553219879728289,0.8742780120271711,0.995,303.8730841675049,2500,5000
Scalar region null,Anytime-valid,28821295,0.0414,0.002817305095299407,0.03587808201321316,0.04692191798678684,0.995,303.8730841675049,2500,5000
Scalar region null,Conventional,28821295,0.8648,0.00483572042202607,0.8553219879728289,0.8742780120271711,0.995,303.8730841675049,2500,5000
Scalar region null,Anytime-valid,29111684,0.0414,0.002817305095299407,0.03587808201321316,0.04692191798678684,0.995,303.8730841675049,2500,5000
Scalar region null,Conventional,29111684,0.8648,0.00483572042202607,0.8553219879728289,0.8742780120271711,0.995,303.8730841675049,2500,5000
Scalar region null,Anytime-valid,29404999,0.0414,0.002817305095299407,0.03587808201321316,0.04692191798678684,0.995,303.8730841675049,2500,5000
Scalar region null,Conventional,29404999,0.8652,0.004829678250152902,0.8557338306297003,0.8746661693702996,0.995,303.8730841675049,2500,5000
Scalar region null,Anytime-valid,29701269,0.0414,0.002817305095299407,0.03587808201321316,0.04692191798678684,0.995,303.8730841675049,2500,5000
Scalar region null,Conventional,29701269,0.8652,0.004829678250152902,0.8557338306297003,0.8746661693702996,0.995,303.8730841675049,2500,5000
Scalar region null,Anytime-valid,30000524,0.0414,0.002817305095299407,0.03587808201321316,0.04692191798678684,0.995,303.8730841675049,2500,5000
Scalar region null,Conventional,30000524,0.8652,0.004829678250152902,0.8557338306297003,0.8746661693702996,0.995,303.8730841675049,2500,5000
Scalar region null,Anytime-valid,30302795,0.0414,0.002817305095299407,0.03587808201321316,0.04692191798678684,0.995,303.8730841675049,2500,5000
Scalar region null,Conventional,30302795,0.8652,0.004829678250152902,0.8557338306297003,0.8746661693702996,0.995,303.8730841675049,2500,5000
Scalar region null,Anytime-valid,30608111,0.0414,0.002817305095299407,0.03587808201321316,0.04692191798678684,0.995,303.8730841675049,2500,5000
Scalar region null,Conventional,30608111,0.8654,0.0048266518415978595,0.8559397623904681,0.8748602376095318,0.995,303.8730841675049,2500,5000
Scalar region null,Anytime-valid,30916503,0.0414,0.002817305095299407,0.03587808201321316,0.04692191798678684,0.995,303.8730841675049,2500,5000
Scalar region null,Conventional,30916503,0.8654,0.0048266518415978595,0.8559397623904681,0.8748602376095318,0.995,303.8730841675049,2500,5000
Scalar region null,Anytime-valid,31228002,0.0414,0.002817305095299407,0.03587808201321316,0.04692191798678684,0.995,303.8730841675049,2500,5000
Scalar region null,Conventional,31228002,0.8658,0.004820588345834977,0.8563516468421635,0.8752483531578366,0.995,303.8730841675049,2500,5000
Scalar region null,Anytime-valid,31542640,0.0414,0.002817305095299407,0.03587808201321316,0.04692191798678684,0.995,303.8730841675049,2500,5000
Scalar region null,Conventional,31542640,0.8658,0.004820588345834977,0.8563516468421635,0.8752483531578366,0.995,303.8730841675049,2500,5000
Scalar region null,Anytime-valid,31860448,0.0414,0.002817305095299407,0.03587808201321316,0.04692191798678684,0.995,303.8730841675049,2500,5000
Scalar region null,Conventional,31860448,0.8658,0.004820588345834977,0.8563516468421635,0.8752483531578366,0.995,303.8730841675049,2500,5000
Scalar region null,Anytime-valid,32181458,0.0414,0.002817305095299407,0.03587808201321316,0.04692191798678684,0.995,303.8730841675049,2500,5000
Scalar region null,Conventional,32181458,0.866,0.004817551245186708,0.856557599559434,0.875442400440566,0.995,303.8730841675049,2500,5000
Scalar region null,Anytime-valid,32505702,0.0414,0.002817305095299407,0.03587808201321316,0.04692191798678684,0.995,303.8730841675049,2500,5000
Scalar region null,Conventional,32505702,0.866,0.004817551245186708,0.856557599559434,0.875442400440566,0.995,303.8730841675049,2500,5000
Scalar region null,Anytime-valid,32833213,0.0414,0.002817305095299407,0.03587808201321316,0.04692191798678684,0.995,303.8730841675049,2500,5000
Scalar region null,Conventional,32833213,0.866,0.004817551245186708,0.856557599559434,0.875442400440566,0.995,303.8730841675049,2500,5000
Scalar region null,Anytime-valid,33164025,0.0414,0.002817305095299407,0.03587808201321316,0.04692191798678684,0.995,303.8730841675049,2500,5000
Scalar region null,Conventional,33164025,0.8662,0.00481451056702548,0.85676355928863,0.8756364407113699,0.995,303.8730841675049,2500,5000
Scalar region null,Anytime-valid,33498169,0.0414,0.002817305095299407,0.03587808201321316,0.04692191798678684,0.995,303.8730841675049,2500,5000
Scalar region null,Conventional,33498169,0.8664,0.004811466304568703,0.8569695260430453,0.8758304739569546,0.995,303.8730841675049,2500,5000
Scalar region null,Anytime-valid,33835680,0.0414,0.002817305095299407,0.03587808201321316,0.04692191798678684,0.995,303.8730841675049,2500,5000
Scalar region null,Conventional,33835680,0.8664,0.004811466304568703,0.8569695260430453,0.8758304739569546,0.995,303.8730841675049,2500,5000
Scalar region null,Anytime-valid,34176591,0.0414,0.002817305095299407,0.03587808201321316,0.04692191798678684,0.995,303.8730841675049,2500,5000
Scalar region null,Conventional,34176591,0.8664,0.004811466304568703,0.8569695260430453,0.8758304739569546,0.995,303.8730841675049,2500,5000
Scalar region null,Anytime-valid,34520938,0.0414,0.002817305095299407,0.03587808201321316,0.04692191798678684,0.995,303.8730841675049,2500,5000
Scalar region null,Conventional,34520938,0.8664,0.004811466304568703,0.8569695260430453,0.8758304739569546,0.995,303.8730841675049,2500,5000
Scalar region null,Anytime-valid,34868753,0.0414,0.002817305095299407,0.03587808201321316,0.04692191798678684,0.995,303.8730841675049,2500,5000
Scalar region null,Conventional,34868753,0.8664,0.004811466304568703,0.8569695260430453,0.8758304739569546,0.995,303.8730841675049,2500,5000
Scalar region null,Anytime-valid,35220074,0.0414,0.002817305095299407,0.03587808201321316,0.04692191798678684,0.995,303.8730841675049,2500,5000
Scalar region null,Conventional,35220074,0.8668,0.004805366999512108,0.8573814806809563,0.8762185193190437,0.995,303.8730841675049,2500,5000
Scalar region null,Anytime-valid,35574934,0.0414,0.002817305095299407,0.03587808201321316,0.04692191798678684,0.995,303.8730841675049,2500,5000
Scalar region null,Conventional,35574934,0.867,0.004802311943220682,0.8575874685912874,0.8764125314087126,0.995,303.8730841675049,2500,5000
Scalar region null,Anytime-valid,35933369,0.0414,0.002817305095299407,0.03587808201321316,0.04692191798678684,0.995,303.8730841675049,2500,5000
Scalar region null,Conventional,35933369,0.8672,0.0047992532752502235,0.8577934635805096,0.8766065364194904,0.995,303.8730841675049,2500,5000
Scalar region null,Anytime-valid,36295416,0.0414,0.002817305095299407,0.03587808201321316,0.04692191798678684,0.995,303.8730841675049,2500,5000
Scalar region null,Conventional,36295416,0.8674,0.004796190988690922,0.8579994656621658,0.8768005343378341,0.995,303.8730841675049,2500,5000
Scalar region null,Anytime-valid,36661110,0.0414,0.002817305095299407,0.03587808201321316,0.04692191798678684,0.995,303.8730841675049,2500,5000
Scalar region null,Conventional,36661110,0.8676,0.004793125076607119,0.8582054748498501,0.87699452515015,0.995,303.8730841675049,2500,5000
Scalar region null,Anytime-valid,37030489,0.0414,0.002817305095299407,0.03587808201321316,0.04692191798678684,0.995,303.8730841675049,2500,5000
Scalar region null,Conventional,37030489,0.868,0.0047869823479933585,0.858617514597933,0.877382485402067,0.995,303.8730841675049,2500,5000
Scalar region null,Anytime-valid,37403590,0.0416,0.002823807358868519,0.0360653375766177,0.047134662423382295,0.995,303.8730841675049,2500,5000
Scalar region null,Conventional,37403590,0.8682,0.004783905517461649,0.8588235451857752,0.8775764548142247,0.995,303.8730841675049,2500,5000
Scalar region null,Anytime-valid,37780450,0.0416,0.002823807358868519,0.0360653375766177,0.047134662423382295,0.995,303.8730841675049,2500,5000
Scalar region null,Conventional,37780450,0.8682,0.004783905517461649,0.8588235451857752,0.8775764548142247,0.995,303.8730841675049,2500,5000
Scalar region null,Anytime-valid,38161107,0.0416,0.002823807358868519,0.0360653375766177,0.047134662423382295,0.995,303.8730841675049,2500,5000
Scalar region null,Conventional,38161107,0.8684,0.004780825033401662,0.8590295829345327,0.8777704170654672,0.995,303.8730841675049,2500,5000
Scalar region null,Anytime-valid,38545600,0.0416,0.002823807358868519,0.0360653375766177,0.047134662423382295,0.995,303.8730841675049,2500,5000
Scalar region null,Conventional,38545600,0.8688,0.004774653076402515,0.8594416799702511,0.8781583200297489,0.995,303.8730841675049,2500,5000
Scalar region null,Anytime-valid,38933966,0.0416,0.002823807358868519,0.0360653375766177,0.047134662423382295,0.995,303.8730841675049,2500,5000
Scalar region null,Conventional,38933966,0.8694,0.004765367561899082,0.8600598795786778,0.8787401204213221,0.995,303.8730841675049,2500,5000
Scalar region null,Anytime-valid,39326245,0.0416,0.002823807358868519,0.0360653375766177,0.047134662423382295,0.995,303.8730841675049,2500,5000
Scalar region null,Conventional,39326245,0.8694,0.004765367561899082,0.8600598795786778,0.8787401204213221,0.995,303.8730841675049,2500,5000
Scalar region null,Anytime-valid,39722477,0.0416,0.002823807358868519,0.0360653375766177,0.047134662423382295,0.995,303.8730841675049,2500,5000
Scalar region null,Conventional,39722477,0.8694,0.004765367561899082,0.8600598795786778,0.8787401204213221,0.995,303.8730841675049,2500,5000
Scalar region null,Anytime-valid,40122701,0.0416,0.002823807358868519,0.0360653375766177,0.047134662423382295,0.995,303.8730841675049,2500,5000
Scalar region null,Conventional,40122701,0.8698,0.0047591587491908685,0.8604720488515859,0.8791279511484141,0.995,303.8730841675049,2500,5000
Scalar region null,Anytime-valid,40526957,0.0416,0.002823807358868519,0.0360653375766177,0.047134662423382295,0.995,303.8730841675049,2500,5000
Scalar region null,Conventional,40526957,0.8698,0.0047591587491908685,0.8604720488515859,0.8791279511484141,0.995,303.8730841675049,2500,5000
Scalar region null,Anytime-valid,40935287,0.0416,0.002823807358868519,0.0360653375766177,0.047134662423382295,0.995,303.8730841675049,2500,5000
Scalar region null,Conventional,40935287,0.8698,0.0047591587491908685,0.8604720488515859,0.8791279511484141,0.995,303.8730841675049,2500,5000
Scalar region null,Anytime-valid,41347730,0.0416,0.002823807358868519,0.0360653375766177,0.047134662423382295,0.995,303.8730841675049,2500,5000
Scalar region null,Conventional,41347730,0.8698,0.0047591587491908685,0.8604720488515859,0.8791279511484141,0.995,303.8730841675049,2500,5000
Scalar region null,Anytime-valid,41764330,0.0416,0.002823807358868519,0.0360653375766177,0.047134662423382295,0.995,303.8730841675049,2500,5000
Scalar region null,Conventional,41764330,0.8698,0.0047591587491908685,0.8604720488515859,0.8791279511484141,0.995,303.8730841675049,2500,5000
Scalar region null,Anytime-valid,42185126,0.0416,0.002823807358868519,0.0360653375766177,0.047134662423382295,0.995,303.8730841675049,2500,5000
Scalar region null,Conventional,42185126,0.87,0.004756048780237646,0.8606781443907342,0.8793218556092658,0.995,303.8730841675049,2500,5000
Scalar region null,Anytime-valid,42610163,0.0416,0.002823807358868519,0.0360653375766177,0.047134662423382295,0.995,303.8730841675049,2500,5000
Scalar region null,Conventional,42610163,0.8702,0.004752935093181897,0.8608842472173635,0.8795157527826365,0.995,303.8730841675049,2500,5000
Scalar region null,Anytime-valid,43039481,0.0416,0.002823807358868519,0.0360653375766177,0.047134662423382295,0.995,303.8730841675049,2500,5000
Scalar region null,Conventional,43039481,0.8704,0.004749817680711545,0.8610903573458053,0.8797096426541946,0.995,303.8730841675049,2500,5000
Scalar region null,Anytime-valid,43473126,0.0416,0.002823807358868519,0.0360653375766177,0.047134662423382295,0.995,303.8730841675049,2500,5000
Scalar region null,Conventional,43473126,0.8708,0.0047435716501387434,0.86150259956572806,0.880097400434272,0.995,303.8730841675049,2500,5000
Scalar region null,Anytime-valid,43911139,0.0416,0.002823807358868519,0.0360653375766177,0.047134662423382295,0.995,303.8730841675049,2500,5000
Scalar region null,Conventional,43911139,0.871,0.004740443017271698,0.8617087316861475,0.8802912683138525,0.995,303.8730841675049,2500,5000
Scalar region null,Anytime-valid,44353566,0.0416,0.002823807358868519,0.0360653375766177,0.047134662423382295,0.995,303.8730841675049,2500,5000
Scalar region null,Conventional,44353566,0.871,0.004740443017271698,0.8617087316861475,0.8802912683138525,0.995,303.8730841675049,2500,5000
Scalar region null,Anytime-valid,44800451,0.0416,0.002823807358868519,0.0360653375766177,0.047134662423382295,0.995,303.8730841675049,2500,5000
Scalar region null,Conventional,44800451,0.871,0.004740443017271698,0.8617087316861475,0.8802912683138525,0.995,303.8730841675049,2500,5000
Scalar region null,Anytime-valid,45251838,0.0416,0.002823807358868519,0.0360653375766177,0.047134662423382295,0.995,303.8730841675049,2500,5000
Scalar region null,Conventional,45251838,0.8712,0.00473731062946056,0.8619148711662573,0.8804851288337426,0.995,303.8730841675049,2500,5000
Scalar region null,Anytime-valid,45707773,0.0416,0.002823807358868519,0.0360653375766177,0.047134662423382295,0.995,303.8730841675049,2500,5000
Scalar region null,Conventional,45707773,0.8716,0.0047310345591635656,0.8623271722640394,0.8808728277359607,0.995,303.8730841675049,2500,5000
Scalar region null,Anytime-valid,46168302,0.0416,0.002823807358868519,0.0360653375766177,0.047134662423382295,0.995,303.8730841675049,2500,5000
Scalar region null,Conventional,46168302,0.8718,0.004727890861684521,0.8625333339110983,0.8810666660889017,0.995,303.8730841675049,2500,5000
Scalar region null,Anytime-valid,46633471,0.0416,0.002823807358868519,0.0360653375766177,0.047134662423382295,0.995,303.8730841675049,2500,5000
Scalar region null,Conventional,46633471,0.872,0.004724743379274688,0.8627395029766216,0.8812604970233784,0.995,303.8730841675049,2500,5000
Scalar region null,Anytime-valid,47103326,0.0416,0.002823807358868519,0.0360653375766177,0.047134662423382295,0.995,303.8730841675049,2500,5000
Scalar region null,Conventional,47103326,0.872,0.004724743379274688,0.8627395029766216,0.8812604970233784,0.995,303.8730841675049,2500,5000
Scalar region null,Anytime-valid,47577916,0.0416,0.002823807358868519,0.0360653375766177,0.047134662423382295,0.995,303.8730841675049,2500,5000
Scalar region null,Conventional,47577916,0.8724,0.0047184370293562265,0.8631518634224618,0.8816481365775382,0.995,303.8730841675049,2500,5000
Scalar region null,Anytime-valid,48057287,0.0416,0.002823807358868519,0.0360653375766177,0.047134662423382295,0.995,303.8730841675049,2500,5000
Scalar region null,Conventional,48057287,0.8724,0.0047184370293562265,0.8631518634224618,0.8816481365775382,0.995,303.8730841675049,2500,5000
Scalar region null,Anytime-valid,48541489,0.0416,0.002823807358868519,0.0360653375766177,0.047134662423382295,0.995,303.8730841675049,2500,5000
Scalar region null,Conventional,48541489,0.8728,0.0047121154485008105,0.8635642537209385,0.8820357462790616,0.995,303.8730841675049,2500,5000
Scalar region null,Anytime-valid,49030569,0.0416,0.002823807358868519,0.0360653375766177,0.047134662423382295,0.995,303.8730841675049,2500,5000
Scalar region null,Conventional,49030569,0.8728,0.0047121154485008105,0.8635642537209385,0.8820357462790616,0.995,303.8730841675049,2500,5000
Scalar region null,Anytime-valid,49524576,0.0416,0.002823807358868519,0.0360653375766177,0.047134662423382295,0.995,303.8730841675049,2500,5000
Scalar region null,Conventional,49524576,0.8728,0.0047121154485008105,0.8635642537209385,0.8820357462790616,0.995,303.8730841675049,2500,5000
Scalar region null,Anytime-valid,50023561,0.0416,0.002823807358868519,0.0360653375766177,0.047134662423382295,0.995,303.8730841675049,2500,5000
Scalar region null,Conventional,50023561,0.8728,0.0047121154485008105,0.8635642537209385,0.8820357462790616,0.995,303.8730841675049,2500,5000
Scalar region null,Anytime-valid,50527574,0.0416,0.002823807358868519,0.0360653375766177,0.047134662423382295,0.995,303.8730841675049,2500,5000
Scalar region null,Conventional,50527574,0.873,0.004708948927308513,0.8637704601024753,0.8822295398975247,0.995,303.8730841675049,2500,5000
Scalar region null,Anytime-valid,51036665,0.0416,0.002823807358868519,0.0360653375766177,0.047134662423382295,0.995,303.8730841675049,2500,5000
Scalar region null,Conventional,51036665,0.8732,0.004705778575326298,0.8639766739923604,0.8824233260076395,0.995,303.8730841675049,2500,5000
Scalar region null,Anytime-valid,51550885,0.0416,0.002823807358868519,0.0360653375766177,0.047134662423382295,0.995,303.8730841675049,2500,5000
Scalar region null,Conventional,51550885,0.8734,0.00470260438480636,0.8641828954057795,0.8826171045942204,0.995,303.8730841675049,2500,5000
Scalar region null,Anytime-valid,52070286,0.0416,0.002823807358868519,0.0360653375766177,0.047134662423382295,0.995,303.8730841675049,2500,5000
Scalar region null,Conventional,52070286,0.8734,0.00470260438480636,0.8641828954057795,0.8826171045942204,0.995,303.8730841675049,2500,5000
Scalar region null,Anytime-valid,52594920,0.0416,0.002823807358868519,0.0360653375766177,0.047134662423382295,0.995,303.8730841675049,2500,5000
Scalar region null,Conventional,52594920,0.8736,0.004699426347970569,0.8643891243579778,0.8828108756420223,0.995,303.8730841675049,2500,5000
Scalar region null,Anytime-valid,53124840,0.0418,0.002830291857741883,0.0362526279588259,0.04734737204117409,0.995,303.8730841675049,2500,5000
Scalar region null,Conventional,53124840,0.8738,0.004696244457010303,0.8645953608642598,0.8830046391357402,0.995,303.8730841675049,2500,5000
Scalar region null,Anytime-valid,53660100,0.0418,0.002830291857741883,0.0362526279588259,0.04734737204117409,0.995,303.8730841675049,2500,5000
Scalar region null,Conventional,53660100,0.8738,0.004696244457010303,0.8645953608642598,0.8830046391357402,0.995,303.8730841675049,2500,5000
Scalar region null,Anytime-valid,54200752,0.0418,0.002830291857741883,0.0362526279588259,0.04734737204117409,0.995,303.8730841675049,2500,5000
Scalar region null,Conventional,54200752,0.8746,0.004683478194675406,0.8654203827384362,0.8837796172615638,0.995,303.8730841675049,2500,5000
Scalar region null,Anytime-valid,54746852,0.0418,0.002830291857741883,0.0362526279588259,0.04734737204117409,0.995,303.8730841675049,2500,5000
Scalar region null,Conventional,54746852,0.8746,0.004683478194675406,0.8654203827384362,0.8837796172615638,0.995,303.8730841675049,2500,5000
Scalar region null,Anytime-valid,55298454,0.0418,0.002830291857741883,0.0362526279588259,0.04734737204117409,0.995,303.8730841675049,2500,5000
Scalar region null,Conventional,55298454,0.8746,0.004683478194675406,0.8654203827384362,0.8837796172615638,0.995,303.8730841675049,2500,5000
Scalar region null,Anytime-valid,55855614,0.0418,0.002830291857741883,0.0362526279588259,0.04734737204117409,0.995,303.8730841675049,2500,5000
Scalar region null,Conventional,55855614,0.8746,0.004683478194675406,0.8654203827384362,0.8837796172615638,0.995,303.8730841675049,2500,5000
Scalar region null,Anytime-valid,56418388,0.0418,0.002830291857741883,0.0362526279588259,0.04734737204117409,0.995,303.8730841675049,2500,5000
Scalar region null,Conventional,56418388,0.8748,0.004680276914884417,0.8656266572468265,0.8839733427531735,0.995,303.8730841675049,2500,5000
Scalar region null,Anytime-valid,56986831,0.0418,0.002830291857741883,0.0362526279588259,0.04734737204117409,0.995,303.8730841675049,2500,5000
Scalar region null,Conventional,56986831,0.8754,0.004670649633616292,0.8662455267181121,0.8845544732818879,0.995,303.8730841675049,2500,5000
Scalar region null,Anytime-valid,57561002,0.0418,0.002830291857741883,0.0362526279588259,0.04734737204117409,0.995,303.8730841675049,2500,5000
Scalar region null,Conventional,57561002,0.8756,0.004667432699032734,0.8664518319098959,0.8847481680901041,0.995,303.8730841675049,2500,5000
Scalar region null,Anytime-valid,58140958,0.0418,0.002830291857741883,0.0362526279588259,0.04734737204117409,0.995,303.8730841675049,2500,5000
Scalar region null,Conventional,58140958,0.8758,0.004664211830523995,0.866658144812173,0.8849418551878271,0.995,303.8730841675049,2500,5000
Scalar region null,Anytime-valid,58726758,0.0418,0.002830291857741883,0.0362526279588259,0.04734737204117409,0.995,303.8730841675049,2500,5000
Scalar region null,Conventional,58726758,0.8758,0.004664211830523995,0.866658144812173,0.8849418551878271,0.995,303.8730841675049,2500,5000
Scalar region null,Anytime-valid,59318459,0.0418,0.002830291857741883,0.0362526279588259,0.04734737204117409,0.995,303.8730841675049,2500,5000
Scalar region null,Conventional,59318459,0.876,0.004660987019934726,0.866864465440928,0.885135534559072,0.995,303.8730841675049,2500,5000
Scalar region null,Anytime-valid,59916123,0.0418,0.002830291857741883,0.0362526279588259,0.04734737204117409,0.995,303.8730841675049,2500,5000
Scalar region null,Conventional,59916123,0.8762,0.004657758259077,0.8670707938122091,0.8853292061877909,0.995,303.8730841675049,2500,5000
Scalar region null,Anytime-valid,60519808,0.0418,0.002830291857741883,0.0362526279588259,0.04734737204117409,0.995,303.8730841675049,2500,5000
Scalar region null,Conventional,60519808,0.877,0.004644803548052382,0.8678961850458173,0.8861038149541827,0.995,303.8730841675049,2500,5000
Scalar region null,Anytime-valid,61129575,0.0418,0.002830291857741883,0.0362526279588259,0.04734737204117409,0.995,303.8730841675049,2500,5000
Scalar region null,Conventional,61129575,0.877,0.004644803548052382,0.8678961850458173,0.8861038149541827,0.995,303.8730841675049,2500,5000
Scalar region null,Anytime-valid,61745486,0.0418,0.002830291857741883,0.0362526279588259,0.04734737204117409,0.995,303.8730841675049,2500,5000
Scalar region null,Conventional,61745486,0.877,0.004644803548052382,0.8678961850458173,0.8861038149541827,0.995,303.8730841675049,2500,5000
Scalar region null,Anytime-valid,62367603,0.0418,0.002830291857741883,0.0362526279588259,0.04734737204117409,0.995,303.8730841675049,2500,5000
Scalar region null,Conventional,62367603,0.877,0.004644803548052382,0.8678961850458173,0.8861038149541827,0.995,303.8730841675049,2500,5000
Scalar region null,Anytime-valid,62995988,0.0418,0.002830291857741883,0.0362526279588259,0.04734737204117409,0.995,303.8730841675049,2500,5000
Scalar region null,Conventional,62995988,0.877,0.004644803548052382,0.8678961850458173,0.8861038149541827,0.995,303.8730841675049,2500,5000
Scalar region null,Anytime-valid,63630705,0.0418,0.002830291857741883,0.0362526279588259,0.04734737204117409,0.995,303.8730841675049,2500,5000
Scalar region null,Conventional,63630705,0.877,0.004644803548052382,0.8678961850458173,0.8861038149541827,0.995,303.8730841675049,2500,5000
Scalar region null,Anytime-valid,64271816,0.0418,0.002830291857741883,0.0362526279588259,0.04734737204117409,0.995,303.8730841675049,2500,5000
Scalar region null,Conventional,64271816,0.8774,0.0046383022756176645,0.8683089275397894,0.8864910724602105,0.995,303.8730841675049,2500,5000
Scalar region null,Anytime-valid,64919387,0.0418,0.002830291857741883,0.0362526279588259,0.04734737204117409,0.995,303.8730841675049,2500,5000
Scalar region null,Conventional,64919387,0.8774,0.0046383022756176645,0.8683089275397894,0.8864910724602105,0.995,303.8730841675049,2500,5000
Scalar region null,Anytime-valid,65573482,0.0418,0.002830291857741883,0.0362526279588259,0.04734737204117409,0.995,303.8730841675049,2500,5000
Scalar region null,Conventional,65573482,0.8776,0.004635045630843346,0.8685153105635471,0.886684689436453,0.995,303.8730841675049,2500,5000
Scalar region null,Anytime-valid,66234168,0.0418,0.002830291857741883,0.0362526279588259,0.04734737204117409,0.995,303.8730841675049,2500,5000
Scalar region null,Conventional,66234168,0.8778,0.004631784969102084,0.8687217014605599,0.8868782985394401,0.995,303.8730841675049,2500,5000
Scalar region null,Anytime-valid,66901511,0.0418,0.002830291857741883,0.0362526279588259,0.04734737204117409,0.995,303.8730841675049,2500,5000
Scalar region null,Conventional,66901511,0.8778,0.004631784969102084,0.8687217014605599,0.8868782985394401,0.995,303.8730841675049,2500,5000
Scalar region null,Anytime-valid,67575577,0.0418,0.002830291857741883,0.0362526279588259,0.04734737204117409,0.995,303.8730841675049,2500,5000
Scalar region null,Conventional,67575577,0.878,0.004628520281904358,0.8689281002474675,0.8870718997525325,0.995,303.8730841675049,2500,5000
Scalar region null,Anytime-valid,68256435,0.0418,0.002830291857741883,0.0362526279588259,0.04734737204117409,0.995,303.8730841675049,2500,5000
Scalar region null,Conventional,68256435,0.8782,0.004625251560726185,0.8691345069409766,0.8872654930590234,0.995,303.8730841675049,2500,5000
Scalar region null,Anytime-valid,68944153,0.0418,0.002830291857741883,0.0362526279588259,0.04734737204117409,0.995,303.8730841675049,2500,5000
Scalar region null,Conventional,68944153,0.8784,0.004621978797008919,0.8693409215578625,0.88745907844213745,0.995,303.8730841675049,2500,5000
Scalar region null,Anytime-valid,69638800,0.0418,0.002830291857741883,0.0362526279588259,0.04734737204117409,0.995,303.8730841675049,2500,5000
Scalar region null,Conventional,69638800,0.8786,0.004618701982159056,0.8695473441149683,0.8876526558850318,0.995,303.8730841675049,2500,5000
Scalar region null,Anytime-valid,70340446,0.0418,0.002830291857741883,0.0362526279588259,0.04734737204117409,0.995,303.8730841675049,2500,5000
Scalar region null,Conventional,70340446,0.8786,0.004618701982159056,0.8695473441149683,0.8876526558850318,0.995,303.8730841675049,2500,5000
Scalar region null,Anytime-valid,71049161,0.0418,0.002830291857741883,0.0362526279588259,0.04734737204117409,0.995,303.8730841675049,2500,5000
Scalar region null,Conventional,71049161,0.8792,0.004608847144351828,0.8701666595970704,0.8882333404029296,0.995,303.8730841675049,2500,5000
Scalar region null,Anytime-valid,71765017,0.0418,0.002830291857741883,0.0362526279588259,0.04734737204117409,0.995,303.8730841675049,2500,5000
Scalar region null,Conventional,71765017,0.8792,0.004608847144351828,0.8701666595970704,0.8882333404029296,0.995,303.8730841675049,2500,5000
Scalar region null,Anytime-valid,72488086,0.0418,0.002830291857741883,0.0362526279588259,0.04734737204117409,0.995,303.8730841675049,2500,5000
Scalar region null,Conventional,72488086,0.8796,0.004602256837683007,0.8705795765981413,0.8886204234018588,0.995,303.8730841675049,2500,5000
Scalar region null,Anytime-valid,73218440,0.0418,0.002830291857741883,0.0362526279588259,0.04734737204117409,0.995,303.8730841675049,2500,5000
Scalar region null,Conventional,73218440,0.8796,0.004602256837683007,0.8705795765981413,0.8886204234018588,0.995,303.8730841675049,2500,5000
Scalar region null,Anytime-valid,73956153,0.0418,0.002830291857741883,0.0362526279588259,0.04734737204117409,0.995,303.8730841675049,2500,5000
Scalar region null,Conventional,73956153,0.8798,0.004598955533596731,0.8707860471541504,0.8888139528458496,0.995,303.8730841675049,2500,5000
Scalar region null,Anytime-valid,74701298,0.0418,0.002830291857741883,0.0362526279588259,0.04734737204117409,0.995,303.8730841675049,2500,5000
Scalar region null,Conventional,74701298,0.8802,0.004592340579704428,0.8711990124637793,0.8892009875362207,0.995,303.8730841675049,2500,5000
Scalar region null,Anytime-valid,75453951,0.0418,0.002830291857741883,0.0362526279588259,0.04734737204117409,0.995,303.8730841675049,2500,5000
Scalar region null,Conventional,75453951,0.8802,0.004592340579704428,0.8711990124637793,0.8892009875362207,0.995,303.8730841675049,2500,5000
Scalar region null,Anytime-valid,76214188,0.0418,0.002830291857741883,0.0362526279588259,0.04734737204117409,0.995,303.8730841675049,2500,5000
Scalar region null,Conventional,76214188,0.8806,0.0045857091054710385,0.8716120101532768,0.8895879898467233,0.995,303.8730841675049,2500,5000
Scalar region null,Anytime-valid,76982084,0.0418,0.002830291857741883,0.0362526279588259,0.04734737204117409,0.995,303.8730841675049,2500,5000
Scalar region null,Conventional,76982084,0.8806,0.0045857091054710385,0.8716120101532768,0.8895879898467233,0.995,303.8730841675049,2500,5000
Scalar region null,Anytime-valid,77757717,0.0418,0.002830291857741883,0.0362526279588259,0.04734737204117409,0.995,303.8730841675049,2500,5000
Scalar region null,Conventional,77757717,0.8806,0.0045857091054710385,0.8716120101532768,0.8895879898467233,0.995,303.8730841675049,2500,5000
Scalar region null,Anytime-valid,78541165,0.0418,0.002830291857741883,0.0362526279588259,0.04734737204117409,0.995,303.8730841675049,2500,5000
Scalar region null,Conventional,78541165,0.8812,0.004575730761310154,0.8722315677078321,0.8901684322921679,0.995,303.8730841675049,2500,5000
Scalar region null,Anytime-valid,79332507,0.0418,0.002830291857741883,0.0362526279588259,0.04734737204117409,0.995,303.8730841675049,2500,5000
Scalar region null,Conventional,79332507,0.8812,0.004575730761310154,0.8722315677078321,0.8901684322921679,0.995,303.8730841675049,2500,5000
Scalar region null,Anytime-valid,80131822,0.0418,0.002830291857741883,0.0362526279588259,0.04734737204117409,0.995,303.8730841675049,2500,5000
Scalar region null,Conventional,80131822,0.8814,0.004572396308283,0.8724381032357653,0.8903618967642346,0.995,303.8730841675049,2500,5000
Scalar region null,Anytime-valid,80939190,0.0418,0.002830291857741883,0.0362526279588259,0.04734737204117409,0.995,303.8730841675049,2500,5000
Scalar region null,Conventional,80939190,0.8814,0.004572396308283,0.8724381032357653,0.8903618967642346,0.995,303.8730841675049,2500,5000
Scalar region null,Anytime-valid,81754693,0.0418,0.002830291857741883,0.0362526279588259,0.04734737204117409,0.995,303.8730841675049,2500,5000
Scalar region null,Conventional,81754693,0.8814,0.004572396308283,0.8724381032357653,0.8903618967642346,0.995,303.8730841675049,2500,5000
Scalar region null,Anytime-valid,82578413,0.0418,0.002830291857741883,0.0362526279588259,0.04734737204117409,0.995,303.8730841675049,2500,5000
Scalar region null,Conventional,82578413,0.8818,0.004565714839978511,0.8728511989136422,0.8907488010863579,0.995,303.8730841675049,2500,5000
Scalar region null,Anytime-valid,83410432,0.0418,0.002830291857741883,0.0362526279588259,0.04734737204117409,0.995,303.8730841675049,2500,5000
Scalar region null,Conventional,83410432,0.8818,0.004565714839978511,0.8728511989136422,0.8907488010863579,0.995,303.8730841675049,2500,5000
Scalar region null,Anytime-valid,84250834,0.0418,0.002830291857741883,0.0362526279588259,0.04734737204117409,0.995,303.8730841675049,2500,5000
Scalar region null,Conventional,84250834,0.8818,0.004565714839978511,0.8728511989136422,0.8907488010863579,0.995,303.8730841675049,2500,5000
Scalar region null,Anytime-valid,85099704,0.0418,0.002830291857741883,0.0362526279588259,0.04734737204117409,0.995,303.8730841675049,2500,5000
Scalar region null,Conventional,85099704,0.8818,0.004565714839978511,0.8728511989136422,0.8907488010863579,0.995,303.8730841675049,2500,5000
Scalar region null,Anytime-valid,85957126,0.0418,0.002830291857741883,0.0362526279588259,0.04734737204117409,0.995,303.8730841675049,2500,5000
Scalar region null,Conventional,85957126,0.882,0.004562367806304091,0.873057759099644,0.890942240900356,0.995,303.8730841675049,2500,5000
Scalar region null,Anytime-valid,86823187,0.0418,0.002830291857741883,0.0362526279588259,0.04734737204117409,0.995,303.8730841675049,2500,5000
Scalar region null,Conventional,86823187,0.882,0.004562367806304091,0.873057759099644,0.890942240900356,0.995,303.8730841675049,2500,5000
Scalar region null,Anytime-valid,87697975,0.0418,0.002830291857741883,0.0362526279588259,0.04734737204117409,0.995,303.8730841675049,2500,5000
Scalar region null,Conventional,87697975,0.8822,0.004559016560619187,0.8732643275411863,0.8911356724588136,0.995,303.8730841675049,2500,5000
Scalar region null,Anytime-valid,88581576,0.0418,0.002830291857741883,0.0362526279588259,0.04734737204117409,0.995,303.8730841675049,2500,5000
Scalar region null,Conventional,88581576,0.8822,0.004559016560619187,0.8732643275411863,0.8911356724588136,0.995,303.8730841675049,2500,5000
Scalar region null,Anytime-valid,89474080,0.0418,0.002830291857741883,0.0362526279588259,0.04734737204117409,0.995,303.8730841675049,2500,5000
Scalar region null,Conventional,89474080,0.8822,0.004559016560619187,0.8732643275411863,0.8911356724588136,0.995,303.8730841675049,2500,5000
Scalar region null,Anytime-valid,90375576,0.0418,0.002830291857741883,0.0362526279588259,0.04734737204117409,0.995,303.8730841675049,2500,5000
Scalar region null,Conventional,90375576,0.8822,0.004559016560619187,0.8732643275411863,0.8911356724588136,0.995,303.8730841675049,2500,5000
Scalar region null,Anytime-valid,91286156,0.0418,0.002830291857741883,0.0362526279588259,0.04734737204117409,0.995,303.8730841675049,2500,5000
Scalar region null,Conventional,91286156,0.8826,0.004552301395997413,0.8736774892638451,0.891522510736155,0.995,303.8730841675049,2500,5000
Scalar region null,Anytime-valid,92205910,0.0418,0.002830291857741883,0.0362526279588259,0.04734737204117409,0.995,303.8730841675049,2500,5000
Scalar region null,Conventional,92205910,0.883,0.004545569271279451,0.8740906842282923,0.8919093157717077,0.995,303.8730841675049,2500,5000
Scalar region null,Anytime-valid,93134931,0.0418,0.002830291857741883,0.0362526279588259,0.04734737204117409,0.995,303.8730841675049,2500,5000
Scalar region null,Conventional,93134931,0.8832,0.004542196825325825,0.8742972942223614,0.8921027057776386,0.995,303.8730841675049,2500,5000
Scalar region null,Anytime-valid,94073312,0.0418,0.002830291857741883,0.0362526279588259,0.04734737204117409,0.995,303.8730841675049,2500,5000
Scalar region null,Conventional,94073312,0.8834,0.004538820110998012,0.8745039125824439,0.8922960874175561,0.995,303.8730841675049,2500,5000
Scalar region null,Anytime-valid,95021148,0.0418,0.002830291857741883,0.0362526279588259,0.04734737204117409,0.995,303.8730841675049,2500,5000
Scalar region null,Conventional,95021148,0.8838,0.004532053839044721,0.8749171744754723,0.8926828255245277,0.995,303.8730841675049,2500,5000
Scalar region null,Anytime-valid,95978534,0.0418,0.002830291857741883,0.0362526279588259,0.04734737204117409,0.995,303.8730841675049,2500,5000
Scalar region null,Conventional,95978534,0.884,0.004528664262230089,0.875123818046029,0.892876181953971,0.995,303.8730841675049,2500,5000
Scalar region null,Anytime-valid,96945566,0.0418,0.002830291857741883,0.0362526279588259,0.04734737204117409,0.995,303.8730841675049,2500,5000
Scalar region null,Conventional,96945566,0.884,0.004528664262230089,0.875123818046029,0.892876181953971,0.995,303.8730841675049,2500,5000
Scalar region null,Anytime-valid,97922341,0.0418,0.002830291857741883,0.0362526279588259,0.04734737204117409,0.995,303.8730841675049,2500,5000
Scalar region null,Conventional,97922341,0.884,0.004528664262230089,0.875123818046029,0.892876181953971,0.995,303.8730841675049,2500,5000
Scalar region null,Anytime-valid,98908958,0.0418,0.002830291857741883,0.0362526279588259,0.04734737204117409,0.995,303.8730841675049,2500,5000
Scalar region null,Conventional,98908958,0.884,0.004528664262230089,0.875123818046029,0.892876181953971,0.995,303.8730841675049,2500,5000
Scalar region null,Anytime-valid,99905515,0.0418,0.002830291857741883,0.0362526279588259,0.04734737204117409,0.995,303.8730841675049,2500,5000
Scalar region null,Conventional,99905515,0.8844,0.004521872178644594,0.8755371305298566,0.8932628694701433,0.995,303.8730841675049,2500,5000
Scalar region null,Anytime-valid,100000000,0.0418,0.002830291857741883,0.0362526279588259,0.04734737204117409,0.995,303.8730841675049,2500,5000
Scalar region null,Conventional,100000000,0.8844,0.004521872178644594,0.8755371305298566,0.8932628694701433,0.995,303.8730841675049,2500,5000
Multivariate region null,Anytime-valid,5,0,0,0,0,0.995,712.0349912088234,2500,5000
Multivariate region null,Conventional,5,0.1624,0.005215865028928567,0.1521769045433,0.1726230954567,0.995,712.0349912088234,2500,5000
Multivariate region null,Anytime-valid,6,0,0,0,0,0.995,712.0349912088234,2500,5000
Multivariate region null,Conventional,6,0.3618,0.006795597986932423,0.34848062794561246,0.37511937205438756,0.995,712.0349912088234,2500,5000
Multivariate region null,Anytime-valid,7,0,0,0,0,0.995,712.0349912088234,2500,5000
Multivariate region null,Conventional,7,0.5066,0.0070704517536010385,0.49274191456294203,0.5204580854370581,0.995,712.0349912088234,2500,5000
Multivariate region null,Anytime-valid,8,0,0,0,0,0.995,712.0349912088234,2500,5000
Multivariate region null,Conventional,8,0.5994,0.006929929869775018,0.585817337455241,0.6129826625447591,0.995,712.0349912088234,2500,5000
Multivariate region null,Anytime-valid,9,0,0,0,0,0.995,712.0349912088234,2500,5000
Multivariate region null,Conventional,9,0.6486,0.006751563374508159,0.6353669357859639,0.661833064214036,0.995,712.0349912088234,2500,5000
Multivariate region null,Anytime-valid,10,0,0,0,0,0.995,712.0349912088234,2500,5000
Multivariate region null,Conventional,10,0.6772,0.006612112521728589,0.6642402594574119,0.6901597405425881,0.995,712.0349912088234,2500,5000
Multivariate region null,Anytime-valid,11,0,0,0,0,0.995,712.0349912088234,2500,5000
Multivariate region null,Conventional,11,0.6938,0.006518305914883099,0.6810241204068291,0.7065758795931708,0.995,712.0349912088234,2500,5000
Multivariate region null,Anytime-valid,12,0,0,0,0,0.995,712.0349912088234,2500,5000
Multivariate region null,Conventional,12,0.7068,0.006437915190494513,0.6941816862266308,0.7194183137733692,0.995,712.0349912088234,2500,5000
Multivariate region null,Anytime-valid,13,0,0,0,0,0.995,712.0349912088234,2500,5000
Multivariate region null,Conventional,13,0.7142,0.006389340498048293,0.7016768926238253,0.7267231073761746,0.995,712.0349912088234,2500,5000
Multivariate region null,Anytime-valid,14,0,0,0,0,0.995,712.0349912088234,2500,5000
Multivariate region null,Conventional,14,0.72,0.0063498031465550175,0.7075543858327521,0.7324456141672478,0.995,712.0349912088234,2500,5000
Multivariate region null,Anytime-valid,15,0,0,0,0,0.995,712.0349912088234,2500,5000
Multivariate region null,Conventional,15,0.7254,0.0063118117842660675,0.7130288489028386,0.7377711510971615,0.995,712.0349912088234,2500,5000
Multivariate region null,Anytime-valid,16,0,0,0,0,0.995,712.0349912088234,2500,5000
Multivariate region null,Conventional,16,0.7302,0.006277068742653692,0.7178969452643987,0.7425030547356012,0.995,712.0349912088234,2500,5000
Multivariate region null,Anytime-valid,17,0,0,0,0,0.995,712.0349912088234,2500,5000
Multivariate region null,Conventional,17,0.7322,0.006262318420521269,0.7199258558957783,0.7444741441042216,0.995,712.0349912088234,2500,5000
Multivariate region null,Anytime-valid,18,0,0,0,0,0.995,712.0349912088234,2500,5000
Multivariate region null,Conventional,18,0.7348,0.006242899326434794,0.7225639173201878,0.7470360826798123,0.995,712.0349912088234,2500,5000
Multivariate region null,Anytime-valid,19,0,0,0,0,0.995,712.0349912088234,2500,5000
Multivariate region null,Conventional,19,0.737,0.006226250878337621,0.7247965482784583,0.7492034517215417,0.995,712.0349912088234,2500,5000
Multivariate region null,Anytime-valid,20,0,0,0,0,0.995,712.0349912088234,2500,5000
Multivariate region null,Conventional,20,0.7394,0.0062078601788377935,0.7272325940494778,0.7515674059505221,0.995,712.0349912088234,2500,5000
Multivariate region null,Anytime-valid,21,0,0,0,0,0.995,712.0349912088234,2500,5000
Multivariate region null,Conventional,21,0.742,0.006187665149311169,0.7298721763073501,0.7541278236926499,0.995,712.0349912088234,2500,5000
Multivariate region null,Anytime-valid,22,0,0,0,0,0.995,712.0349912088234,2500,5000
Multivariate region null,Conventional,22,0.7452,0.006162417707361292,0.7331216612935718,0.7572783387064281,0.995,712.0349912088234,2500,5000
Multivariate region null,Anytime-valid,23,0,0,0,0,0.995,712.0349912088234,2500,5000
Multivariate region null,Conventional,23,0.7476,0.006143195259797624,0.7355593372907967,0.7596406627092034,0.995,712.0349912088234,2500,5000
Multivariate region null,Anytime-valid,24,0,0,0,0,0.995,712.0349912088234,2500,5000
Multivariate region null,Conventional,24,0.7488,0.006133491012465902,0.7367783576155669,0.7608216423844332,0.995,712.0349912088234,2500,5000
Multivariate region null,Anytime-valid,25,0,0,0,0,0.995,712.0349912088234,2500,5000
Multivariate region null,Conventional,25,0.751,0.0061155375887978975,0.7390135463259562,0.7629864536740438,0.995,712.0349912088234,2500,5000
Multivariate region null,Anytime-valid,26,0,0,0,0,0.995,712.0349912088234,2500,5000
Multivariate region null,Conventional,26,0.7528,0.006100691108390917,0.7408426454275538,0.7647573545724462,0.995,712.0349912088234,2500,5000
Multivariate region null,Anytime-valid,27,0,0,0,0,0.995,712.0349912088234,2500,5000
Multivariate region null,Conventional,27,0.754,0.006090714243830521,0.7420622000820922,0.7659377999179078,0.995,712.0349912088234,2500,5000
Multivariate region null,Anytime-valid,28,0,0,0,0,0.995,712.0349912088234,2500,5000
Multivariate region null,Conventional,28,0.756,0.006073944352725007,0.744095069068659,0.767904930931341,0.995,712.0349912088234,2500,5000
Multivariate region null,Anytime-valid,29,0,0,0,0,0.995,712.0349912088234,2500,5000
Multivariate region null,Conventional,29,0.7578,0.006058698870219578,0.7459249502143697,0.7696750497856304,0.995,712.0349912088234,2500,5000
Multivariate region null,Anytime-valid,30,0,0,0,0,0.995,712.0349912088234,2500,5000
Multivariate region null,Conventional,30,0.7588,0.006050166278706726,0.7469416740937348,0.7706583259062653,0.995,712.0349912088234,2500,5000
Multivariate region null,Anytime-valid,31,0,0,0,0,0.995,712.0349912088234,2500,5000
Multivariate region null,Conventional,31,0.76,0.0060398675482166,0.7481618596054955,0.7718381403945045,0.995,712.0349912088234,2500,5000
Multivariate region null,Anytime-valid,32,0,0,0,0,0.995,712.0349912088234,2500,5000
Multivariate region null,Conventional,32,0.7616,0.006026034185100512,0.749788972997203,0.7734110270027971,0.995,712.0349912088234,2500,5000
Multivariate region null,Anytime-valid,33,0,0,0,0,0.995,712.0349912088234,2500,5000
Multivariate region null,Conventional,33,0.7624,0.0060190736828851,0.7506026155815452,0.7741973844184548,0.995,712.0349912088234,2500,5000
Multivariate region null,Anytime-valid,34,0,0,0,0,0.995,712.0349912088234,2500,5000
Multivariate region null,Conventional,34,0.7636,0.006008577868347884,0.7518231873780381,0.7753768126219618,0.995,712.0349912088234,2500,5000
Multivariate region null,Anytime-valid,35,0,0,0,0,0.995,712.0349912088234,2500,5000
Multivariate region null,Conventional,35,0.7646,0.005999780662657595,0.752840429901191,0.7763595700988088,0.995,712.0349912088234,2500,5000
Multivariate region null,Anytime-valid,36,0,0,0,0,0.995,712.0349912088234,2500,5000
Multivariate region null,Conventional,36,0.7652,0.005994480127584043,0.7534508189499353,0.7769491810500647,0.995,712.0349912088234,2500,5000
Multivariate region null,Anytime-valid,37,0,0,0,0,0.995,712.0349912088234,2500,5000
Multivariate region null,Conventional,37,0.7664,0.005983828874558496,0.7546716954058653,0.7781283045941346,0.995,712.0349912088234,2500,5000
Multivariate region null,Anytime-valid,38,0,0,0,0,0.995,712.0349912088234,2500,5000
Multivariate region null,Conventional,38,0.768,0.005969522593976841,0.7562997357158054,0.7797002642841946,0.995,712.0349912088234,2500,5000
Multivariate region null,Anytime-valid,39,0,0,0,0,0.995,712.0349912088234,2500,5000
Multivariate region null,Conventional,39,0.7686,0.005964126759216306,0.756910311551936,0.7802896884480639,0.995,712.0349912088234,2500,5000
Multivariate region null,Anytime-valid,40,0,0,0,0,0.995,712.0349912088234,2500,5000
Multivariate region null,Conventional,40,0.7692,0.0059587139552087914,0.7575209206477908,0.7808790793522092,0.995,712.0349912088234,2500,5000
Multivariate region null,Anytime-valid,41,0,0,0,0,0.995,712.0349912088234,2500,5000
Multivariate region null,Conventional,41,0.7698,0.005953284135668311,0.7581315630940901,0.78146843690591,0.995,712.0349912088234,2500,5000
Multivariate region null,Anytime-valid,42,0,0,0,0,0.995,712.0349912088234,2500,5000
Multivariate region null,Conventional,42,0.7704,0.005947837253994094,0.7587422389821715,0.7820577610178284,0.995,712.0349912088234,2500,5000
Multivariate region null,Anytime-valid,43,0,0,0,0,0.995,712.0349912088234,2500,5000
Multivariate region null,Conventional,43,0.7714,0.005938721074440186,0.7597601066940972,0.7830398933059027,0.995,712.0349912088234,2500,5000
Multivariate region null,Anytime-valid,44,0,0,0,0,0.995,712.0349912088234,2500,5000
Multivariate region null,Conventional,44,0.772,0.005933228463492704,0.7603708722115543,0.7836291277884457,0.995,712.0349912088234,2500,5000
Multivariate region null,Anytime-valid,45,0,0,0,0,0.995,712.0349912088234,2500,5000
Multivariate region null,Conventional,45,0.7728,0.005925878162770476,0.7611852788009699,0.7844147211990302,0.995,712.0349912088234,2500,5000
Multivariate region null,Anytime-valid,46,0,0,0,0,0.995,712.0349912088234,2500,5000
Multivariate region null,Conventional,46,0.7734,0.005920345260202313,0.7617961232900035,0.7850038767099965,0.995,712.0349912088234,2500,5000
Multivariate region null,Anytime-valid,47,0,0,0,0,0.995,712.0349912088234,2500,5000
Multivariate region null,Conventional,47,0.7742,0.005912941061772897,0.7626106355189252,0.7857893644810748,0.995,712.0349912088234,2500,5000
Multivariate region null,Anytime-valid,48,0,0,0,0,0.995,712.0349912088234,2500,5000
Multivariate region null,Conventional,48,0.7754,0.005901776681644265,0.7638325177039772,0.7869674822960228,0.995,712.0349912088234,2500,5000
Multivariate region null,Anytime-valid,49,0,0,0,0,0.995,712.0349912088234,2500,5000
Multivariate region null,Conventional,49,0.7764,0.005892419536998363,0.7648508577074832,0.7879491422925168,0.995,712.0349912088234,2500,5000
Multivariate region null,Anytime-valid,50,0,0,0,0,0.995,712.0349912088234,2500,5000
Multivariate region null,Conventional,50,0.777,0.005886781803328538,0.7654619076654761,0.788538092334524,0.995,712.0349912088234,2500,5000
Multivariate region null,Anytime-valid,51,0,0,0,0,0.995,712.0349912088234,2500,5000
Multivariate region null,Conventional,51,0.7782,0.005875453344210981,0.7666841114453464,0.7897158885546536,0.995,712.0349912088234,2500,5000
Multivariate region null,Anytime-valid,52,0,0,0,0,0.995,712.0349912088234,2500,5000
Multivariate region null,Conventional,52,0.7784,0.005873558376316694,0.7668878255824193,0.7899121744175807,0.995,712.0349912088234,2500,5000
Multivariate region null,Anytime-valid,53,0,0,0,0,0.995,712.0349912088234,2500,5000
Multivariate region null,Conventional,53,0.7794,0.005864053887883364,0.7679064543797486,0.7908935456202514,0.995,712.0349912088234,2500,5000
Multivariate region null,Anytime-valid,54,0,0,0,0,0.995,712.0349912088234,2500,5000
Multivariate region null,Conventional,54,0.7796,0.00586214704694449,0.7681101917879888,0.7910898082120111,0.995,712.0349912088234,2500,5000
Multivariate region null,Anytime-valid,55,0,0,0,0,0.995,712.0349912088234,2500,5000
Multivariate region null,Conventional,55,0.7804,0.0058544998078401194,0.7689251803766334,0.7918748196233666,0.995,712.0349912088234,2500,5000
Multivariate region null,Anytime-valid,56,0,0,0,0,0.995,712.0349912088234,2500,5000
Multivariate region null,Conventional,56,0.7806,0.005852583019488062,0.7691289372818033,0.7920710627181966,0.995,712.0349912088234,2500,5000
Multivariate region null,Anytime-valid,57,0,0,0,0,0.995,712.0349912088234,2500,5000
Multivariate region null,Conventional,57,0.7808,0.005850664235794086,0.7693326980978437,0.7922673019021564,0.995,712.0349912088234,2500,5000
Multivariate region null,Anytime-valid,58,0,0,0,0,0.995,712.0349912088234,2500,5000
Multivariate region null,Conventional,58,0.7814,0.005844895892999293,0.7699440040497214,0.7928559959502786,0.995,712.0349912088234,2500,5000
Multivariate region null,Anytime-valid,59,0,0,0,0,0.995,712.0349912088234,2500,5000
Multivariate region null,Conventional,59,0.7816,0.005842969108253098,0.7701477805478238,0.7930522194521761,0.995,712.0349912088234,2500,5000
Multivariate region null,Anytime-valid,60,0,0,0,0,0.995,712.0349912088234,2500,5000
Multivariate region null,Conventional,60,0.7826,0.0058333050665981805,0.7711667220694676,0.7940332779305324,0.995,712.0349912088234,2500,5000
Multivariate region null,Anytime-valid,61,0,0,0,0,0.995,712.0349912088234,2500,5000
Multivariate region null,Conventional,61,0.7832,0.005827482475306125,0.7717781343484,0.7946218656516,0.995,712.0349912088234,2500,5000
Multivariate region null,Anytime-valid,62,0,0,0,0,0.995,712.0349912088234,2500,5000
Multivariate region null,Conventional,62,0.7838,0.005821641692856062,0.7723895822820022,0.7952104177179979,0.995,712.0349912088234,2500,5000
Multivariate region null,Anytime-valid,63,0,0,0,0,0.995,712.0349912088234,2500,5000
Multivariate region null,Conventional,63,0.7842,0.005817737704640868,0.7727972340989039,0.7956027659010961,0.995,712.0349912088234,2500,5000
Multivariate region null,Anytime-valid,64,0,0,0,0,0.995,712.0349912088234,2500,5000
Multivariate region null,Conventional,64,0.7848,0.005811866481604683,0.7734087416960549,0.7961912583039452,0.995,712.0349912088234,2500,5000
Multivariate region null,Anytime-valid,65,0,0,0,0,0.995,712.0349912088234,2500,5000
Multivariate region null,Conventional,65,0.7856,0.005804009648510244,0.7742241410889199,0.79697585891108,0.995,712.0349912088234,2500,5000
Multivariate region null,Anytime-valid,66,0,0,0,0,0.995,712.0349912088234,2500,5000
Multivariate region null,Conventional,66,0.787,0.005790181344310383,0.7756512445651517,0.7983487554348484,0.995,712.0349912088234,2500,5000
Multivariate region null,Anytime-valid,67,0,0,0,0,0.995,712.0349912088234,2500,5000
Multivariate region null,Conventional,67,0.7876,0.005784224062050156,0.7762629208383817,0.7989370791616183,0.995,712.0349912088234,2500,5000
Multivariate region null,Anytime-valid,68,0,0,0,0,0.995,712.0349912088234,2500,5000
Multivariate region null,Conventional,68,0.7876,0.005784224062050156,0.7762629208383817,0.7989370791616183,0.995,712.0349912088234,2500,5000
Multivariate region null,Anytime-valid,69,0,0,0,0,0.995,712.0349912088234,2500,5000
Multivariate region null,Conventional,69,0.7878,0.00578223417028401,0.7764668210262433,0.7991331789737566,0.995,712.0349912088234,2500,5000
Multivariate region null,Anytime-valid,70,0,0,0,0,0.995,712.0349912088234,2500,5000
Multivariate region null,Conventional,70,0.788,0.005780242209458008,0.7766707252694623,0.7993292747305377,0.995,712.0349912088234,2500,5000
Multivariate region null,Anytime-valid,71,0,0,0,0,0.995,712.0349912088234,2500,5000
Multivariate region null,Conventional,71,0.7882,0.005778248177432326,0.7768746335722326,0.7995253664277674,0.995,712.0349912088234,2500,5000
Multivariate region null,Anytime-valid,72,0,0,0,0,0.995,712.0349912088234,2500,5000
Multivariate region null,Conventional,72,0.7884,0.005776252072061953,0.7770785459387586,0.7997214540612414,0.995,712.0349912088234,2500,5000
Multivariate region null,Anytime-valid,73,0,0,0,0,0.995,712.0349912088234,2500,5000
Multivariate region null,Conventional,73,0.7896,0.0057642317788236105,0.7783021057135057,0.8008978942864943,0.995,712.0349912088234,2500,5000
Multivariate region null,Anytime-valid,74,0,0,0,0,0.995,712.0349912088234,2500,5000
Multivariate region null,Conventional,74,0.7898,0.005762221099541392,0.7785060466448989,0.801093953355101,0.995,712.0349912088234,2500,5000
Multivariate region null,Anytime-valid,75,0,0,0,0,0.995,712.0349912088234,2500,5000
Multivariate region null,Conventional,75,0.7902,0.00575819346670464,0.7789139408052589,0.8014860591947411,0.995,712.0349912088234,2500,5000
Multivariate region null,Anytime-valid,76,0,0,0,0,0.995,712.0349912088234,2500,5000
Multivariate region null,Conventional,76,0.7908,0.005752136298802385,0.7795258128543473,0.8020741871456526,0.995,712.0349912088234,2500,5000
Multivariate region null,Anytime-valid,77,0,0,0,0,0.995,712.0349912088234,2500,5000
Multivariate region null,Conventional,77,0.791,0.00575011304236708,0.7797297784369606,0.8022702215630395,0.995,712.0349912088234,2500,5000
Multivariate region null,Anytime-valid,78,0,0,0,0,0.995,712.0349912088234,2500,5000
Multivariate region null,Conventional,78,0.7912,0.005748087682003468,0.7799337481432732,0.8024662518567268,0.995,712.0349912088234,2500,5000
Multivariate region null,Anytime-valid,79,0,0,0,0,0.995,712.0349912088234,2500,5000
Multivariate region null,Conventional,79,0.7914,0.005746060215486782,0.7801377219776459,0.8026622780223541,0.995,712.0349912088234,2500,5000
Multivariate region null,Anytime-valid,80,0,0,0,0,0.995,712.0349912088234,2500,5000
Multivariate region null,Conventional,80,0.7922,0.005737929243202638,0.7809536586833229,0.8034463413166771,0.995,712.0349912088234,2500,5000
Multivariate region null,Anytime-valid,81,0,0,0,0,0.995,712.0349912088234,2500,5000
Multivariate region null,Conventional,81,0.7922,0.005737929243202638,0.7809536586833229,0.8034463413166771,0.995,712.0349912088234,2500,5000
Multivariate region null,Anytime-valid,82,0,0,0,0,0.995,712.0349912088234,2500,5000
Multivariate region null,Conventional,82,0.7924,0.0057358912123575,0.7811576532237793,0.8036423467762207,0.995,712.0349912088234,2500,5000
Multivariate region null,Anytime-valid,83,0,0,0,0,0.995,712.0349912088234,2500,5000
Multivariate region null,Conventional,83,0.7928,0.00573180878955326,0.7815656547724755,0.8040343452275244,0.995,712.0349912088234,2500,5000
Multivariate region null,Anytime-valid,84,0,0,0,0,0.995,712.0349912088234,2500,5000
Multivariate region null,Conventional,84,0.793,0.005729764393061899,0.7817696617895987,0.8042303382104014,0.995,712.0349912088234,2500,5000
Multivariate region null,Anytime-valid,85,0,0,0,0,0.995,712.0349912088234,2500,5000
Multivariate region null,Conventional,85,0.7932,0.005727717870146888,0.7819736729745121,0.8044263270254879,0.995,712.0349912088234,2500,5000
Multivariate region null,Anytime-valid,86,0,0,0,0,0.995,712.0349912088234,2500,5000
Multivariate region null,Conventional,86,0.794,0.005719510468562847,0.7827897594816169,0.8052102405183832,0.995,712.0349912088234,2500,5000
Multivariate region null,Anytime-valid,87,0,0,0,0,0.995,712.0349912088234,2500,5000
Multivariate region null,Conventional,87,0.7944,0.00571539394967661,0.7831978278586338,0.8056021721413662,0.995,712.0349912088234,2500,5000
Multivariate region null,Anytime-valid,88,0,0,0,0,0.995,712.0349912088234,2500,5000
Multivariate region null,Conventional,88,0.7946,0.005713332477635098,0.7834018683438352,0.8057981316561648,0.995,712.0349912088234,2500,5000
Multivariate region null,Anytime-valid,89,0,0,0,0,0.995,712.0349912088234,2500,5000
Multivariate region null,Conventional,89,0.795,0.0057092030967552726,0.7838099619303597,0.8061900380696404,0.995,712.0349912088234,2500,5000
Multivariate region null,Anytime-valid,90,0,0,0,0,0.995,712.0349912088234,2500,5000
Multivariate region null,Conventional,90,0.7956,0.005702992898470065,0.7844221339189986,0.8067778660810013,0.995,712.0349912088234,2500,5000
Multivariate region null,Anytime-valid,91,0,0,0,0,0.995,712.0349912088234,2500,5000
Multivariate region null,Conventional,91,0.7962,0.005696763291554248,0.7850343439485536,0.8073656560514464,0.995,712.0349912088234,2500,5000
Multivariate region null,Anytime-valid,92,0,0,0,0,0.995,712.0349912088234,2500,5000
Multivariate region null,Conventional,92,0.7972,0.005686337309727589,0.786054778872934,0.8083452211270661,0.995,712.0349912088234,2500,5000
Multivariate region null,Anytime-valid,93,0,0,0,0,0.995,712.0349912088234,2500,5000
Multivariate region null,Conventional,93,0.7972,0.005686337309727589,0.786054778872934,0.8083452211270661,0.995,712.0349912088234,2500,5000
Multivariate region null,Anytime-valid,94,0,0,0,0,0.995,712.0349912088234,2500,5000
Multivariate region null,Conventional,94,0.798,0.0056779573791989665,0.7868712035367701,0.80912879646323,0.995,712.0349912088234,2500,5000
Multivariate region null,Anytime-valid,95,0,0,0,0,0.995,712.0349912088234,2500,5000
Multivariate region null,Conventional,95,0.798,0.0056779573791989665,0.7868712035367701,0.80912879646323,0.995,712.0349912088234,2500,5000
Multivariate region null,Anytime-valid,96,0,0,0,0,0.995,712.0349912088234,2500,5000
Multivariate region null,Conventional,96,0.798,0.0056779573791989665,0.7868712035367701,0.80912879646323,0.995,712.0349912088234,2500,5000
Multivariate region null,Anytime-valid,97,0,0,0,0,0.995,712.0349912088234,2500,5000
Multivariate region null,Conventional,97,0.7984,0.005673754312622287,0.7872794415472604,0.8095205584527396,0.995,712.0349912088234,2500,5000
Multivariate region null,Anytime-valid,98,0,0,0,0,0.995,712.0349912088234,2500,5000
Multivariate region null,Conventional,98,0.799,0.005667433281477603,0.7878918307683039,0.8101081692316962,0.995,712.0349912088234,2500,5000
Multivariate region null,Anytime-valid,99,0,0,0,0,0.995,712.0349912088234,2500,5000
Multivariate region null,Conventional,99,0.7996,0.0056610924740724735,0.788504258750818,0.810695741249182,0.995,712.0349912088234,2500,5000
Multivariate region null,Anytime-valid,100,0,0,0,0,0.995,712.0349912088234,2500,5000
Multivariate region null,Conventional,100,0.8002,0.005654731823879891,0.7891167256251954,0.8112832743748046,0.995,712.0349912088234,2500,5000
Multivariate region null,Anytime-valid,101,0,0,0,0,0.995,712.0349912088234,2500,5000
Multivariate region null,Conventional,101,0.8002,0.005654731823879891,0.7891167256251954,0.8112832743748046,0.995,712.0349912088234,2500,5000
Multivariate region null,Anytime-valid,102,0,0,0,0,0.995,712.0349912088234,2500,5000
Multivariate region null,Conventional,102,0.8008,0.005648351263864528,0.7897292315228255,0.8118707684771744,0.995,712.0349912088234,2500,5000
Multivariate region null,Anytime-valid,103,0,0,0,0,0.995,712.0349912088234,2500,5000
Multivariate region null,Conventional,103,0.801,0.00564621997446079,0.7899334088500569,0.8120665911499432,0.995,712.0349912088234,2500,5000
Multivariate region null,Anytime-valid,104,0,0,0,0,0.995,712.0349912088234,2500,5000
Multivariate region null,Conventional,104,0.801,0.00564621997446079,0.7899334088500569,0.8120665911499432,0.995,712.0349912088234,2500,5000
Multivariate region null,Anytime-valid,105,0,0,0,0,0.995,712.0349912088234,2500,5000
Multivariate region null,Conventional,105,0.8014,0.0056419507264775,0.790341776576104,0.812458223423896,0.995,712.0349912088234,2500,5000
Multivariate region null,Anytime-valid,106,0,0,0,0,0.995,712.0349912088234,2500,5000
Multivariate region null,Conventional,106,0.8014,0.0056419507264775,0.790341776576104,0.812458223423896,0.995,712.0349912088234,2500,5000
Multivariate region null,Anytime-valid,107,0,0,0,0,0.995,712.0349912088234,2500,5000
Multivariate region null,Conventional,107,0.8014,0.0056419507264775,0.790341776576104,0.812458223423896,0.995,712.0349912088234,2500,5000
Multivariate region null,Anytime-valid,108,0,0,0,0,0.995,712.0349912088234,2500,5000
Multivariate region null,Conventional,108,0.8014,0.0056419507264775,0.790341776576104,0.812458223423896,0.995,712.0349912088234,2500,5000
Multivariate region null,Anytime-valid,109,0,0,0,0,0.995,712.0349912088234,2500,5000
Multivariate region null,Conventional,109,0.8018,0.005637672569420825,0.7907501617639351,0.8128498382360648,0.995,712.0349912088234,2500,5000
Multivariate region null,Anytime-valid,111,0,0,0,0,0.995,712.0349912088234,2500,5000
Multivariate region null,Conventional,111,0.802,0.005635530143651083,0.790954360918444,0.8130456390815561,0.995,712.0349912088234,2500,5000
Multivariate region null,Anytime-valid,112,0,0,0,0,0.995,712.0349912088234,2500,5000
Multivariate region null,Conventional,112,0.8022,0.00563338548299333,0.7911585644533331,0.813241435546667,0.995,712.0349912088234,2500,5000
Multivariate region null,Anytime-valid,113,0,0,0,0,0.995,712.0349912088234,2500,5000
Multivariate region null,Conventional,113,0.8024,0.005631238584894091,0.7913627723736076,0.8134372276263924,0.995,712.0349912088234,2500,5000
Multivariate region null,Anytime-valid,114,0,0,0,0,0.995,712.0349912088234,2500,5000
Multivariate region null,Conventional,114,0.8024,0.005631238584894091,0.7913627723736076,0.8134372276263924,0.995,712.0349912088234,2500,5000
Multivariate region null,Anytime-valid,115,0,0,0,0,0.995,712.0349912088234,2500,5000
Multivariate region null,Conventional,115,0.8026,0.005629089446793327,0.7915669846842851,0.8136330153157149,0.995,712.0349912088234,2500,5000
Multivariate region null,Anytime-valid,116,0,0,0,0,0.995,712.0349912088234,2500,5000
Multivariate region null,Conventional,116,0.8026,0.005629089446793327,0.7915669846842851,0.8136330153157149,0.995,712.0349912088234,2500,5000
Multivariate region null,Anytime-valid,117,0,0,0,0,0.995,712.0349912088234,2500,5000
Multivariate region null,Conventional,117,0.8028,0.005626938066124418,0.7917712013903961,0.8138287986096038,0.995,712.0349912088234,2500,5000
Multivariate region null,Anytime-valid,119,0,0,0,0,0.995,712.0349912088234,2500,5000
Multivariate region null,Conventional,119,0.803,0.005624784440314135,0.7919754224969844,0.8140245775030157,0.995,712.0349912088234,2500,5000
Multivariate region null,Anytime-valid,120,0,0,0,0,0.995,712.0349912088234,2500,5000
Multivariate region null,Conventional,120,0.8032,0.005622628566782621,0.7921796480091061,0.8142203519908939,0.995,712.0349912088234,2500,5000
Multivariate region null,Anytime-valid,121,0,0,0,0,0.995,712.0349912088234,2500,5000
Multivariate region null,Conventional,121,0.8034,0.005620470442943367,0.792383877931831,0.814416122068169,0.995,712.0349912088234,2500,5000
Multivariate region null,Anytime-valid,122,0,0,0,0,0.995,712.0349912088234,2500,5000
Multivariate region null,Conventional,122,0.8036,0.005618310066203182,0.7925881122702417,0.8146118877297582,0.995,712.0349912088234,2500,5000
Multivariate region null,Anytime-valid,123,0,0,0,0,0.995,712.0349912088234,2500,5000
Multivariate region null,Conventional,123,0.8042,0.005611815392544555,0.7932008418306127,0.8151991581693874,0.995,712.0349912088234,2500,5000
Multivariate region null,Anytime-valid,125,0,0,0,0,0.995,712.0349912088234,2500,5000
Multivariate region null,Conventional,125,0.8048,0.00560530034877704,0.7938136113163969,0.815786388683603,0.995,712.0349912088234,2500,5000
Multivariate region null,Anytime-valid,126,0,0,0,0,0.995,712.0349912088234,2500,5000
Multivariate region null,Conventional,126,0.8058,0.005594396482195377,0.7948349828948971,0.8167650171051029,0.995,712.0349912088234,2500,5000
Multivariate region null,Anytime-valid,127,0,0,0,0,0.995,712.0349912088234,2500,5000
Multivariate region null,Conventional,127,0.8062,0.005590018962400753,0.7952435628336946,0.8171564371663055,0.995,712.0349912088234,2500,5000
Multivariate region null,Anytime-valid,128,0,0,0,0,0.995,712.0349912088234,2500,5000
Multivariate region null,Conventional,128,0.8068,0.005583435501552786,0.7958564664169565,0.8177435335830434,0.995,712.0349912088234,2500,5000
Multivariate region null,Anytime-valid,130,0,0,0,0,0.995,712.0349912088234,2500,5000
Multivariate region null,Conventional,130,0.8074,0.005576831358396988,0.7964694105375419,0.8183305894624581,0.995,712.0349912088234,2500,5000
Multivariate region null,Anytime-valid,131,0,0,0,0,0.995,712.0349912088234,2500,5000
Multivariate region null,Conventional,131,0.8078,0.0055724170698180885,0.7968780625431565,0.8187219374568434,0.995,712.0349912088234,2500,5000
Multivariate region null,Anytime-valid,132,0,0,0,0,0.995,712.0349912088234,2500,5000
Multivariate region null,Conventional,132,0.8082,0.005567993534479005,0.7972867326724212,0.8191132673275788,0.995,712.0349912088234,2500,5000
Multivariate region null,Anytime-valid,134,0,0,0,0,0.995,712.0349912088234,2500,5000
Multivariate region null,Conventional,134,0.8086,0.005563560730323702,0.7976954209685655,0.8195045790314345,0.995,712.0349912088234,2500,5000
Multivariate region null,Anytime-valid,135,0,0,0,0,0.995,712.0349912088234,2500,5000
Multivariate region null,Conventional,135,0.8088,0.005561340845515585,0.7978997719427894,0.8197002280572105,0.995,712.0349912088234,2500,5000
Multivariate region null,Anytime-valid,136,0,0,0,0,0.995,712.0349912088234,2500,5000
Multivariate region null,Conventional,136,0.809,0.0055591186351795,0.7981041274750482,0.8198958725249519,0.995,712.0349912088234,2500,5000
Multivariate region null,Anytime-valid,138,0,0,0,0,0.995,712.0349912088234,2500,5000
Multivariate region null,Conventional,138,0.8098,0.005550206482645489,0.7989215952940149,0.8206784047059851,0.995,712.0349912088234,2500,5000
Multivariate region null,Anytime-valid,139,0,0,0,0,0.995,712.0349912088234,2500,5000
Multivariate region null,Conventional,139,0.81,0.005547972602672078,0.7991259736987628,0.8208740263012373,0.995,712.0349912088234,2500,5000
Multivariate region null,Anytime-valid,141,0,0,0,0,0.995,712.0349912088234,2500,5000
Multivariate region null,Conventional,141,0.8104,0.005543497812753244,0.7995347442870037,0.8212652557129964,0.995,712.0349912088234,2500,5000
Multivariate region null,Anytime-valid,142,0,0,0,0,0.995,712.0349912088234,2500,5000
Multivariate region null,Conventional,142,0.811,0.005536768010310707,0.8001479346997911,0.821852065300209,0.995,712.0349912088234,2500,5000
Multivariate region null,Anytime-valid,143,0,0,0,0,0.995,712.0349912088234,2500,5000
Multivariate region null,Conventional,143,0.8112,0.005534520033390429,0.8003523407345547,0.8220476592654453,0.995,712.0349912088234,2500,5000
Multivariate region null,Anytime-valid,145,0,0,0,0,0.995,712.0349912088234,2500,5000
Multivariate region null,Conventional,145,0.8122,0.005523244698544506,0.8013744403908528,0.8230255596091473,0.995,712.0349912088234,2500,5000
Multivariate region null,Anytime-valid,146,0,0,0,0,0.995,712.0349912088234,2500,5000
Multivariate region null,Conventional,146,0.8124,0.0055209825212547085,0.8015788742583407,0.8232211257416593,0.995,712.0349912088234,2500,5000
Multivariate region null,Anytime-valid,148,0,0,0,0,0.995,712.0349912088234,2500,5000
Multivariate region null,Conventional,148,0.8126,0.005518717967064452,0.8017833127845536,0.8234166872154464,0.995,712.0349912088234,2500,5000
Multivariate region null,Anytime-valid,149,0,0,0,0,0.995,712.0349912088234,2500,5000
Multivariate region null,Conventional,149,0.8128,0.005516451033046519,0.8019877559752288,0.8236122440247712,0.995,712.0349912088234,2500,5000
Multivariate region null,Anytime-valid,151,0,0,0,0,0.995,712.0349912088234,2500,5000
Multivariate region null,Conventional,151,0.8132,0.005511910013779252,0.8023966563729927,0.8240033436270073,0.995,712.0349912088234,2500,5000
Multivariate region null,Anytime-valid,152,0,0,0,0,0.995,712.0349912088234,2500,5000
Multivariate region null,Conventional,152,0.8136,0.005507359439876791,0.8028055754978415,0.8243944245021585,0.995,712.0349912088234,2500,5000
Multivariate region null,Anytime-valid,154,0,0,0,0,0.995,712.0349912088234,2500,5000
Multivariate region null,Conventional,154,0.8136,0.005507359439876791,0.8028055754978415,0.8243944245021585,0.995,712.0349912088234,2500,5000
Multivariate region null,Anytime-valid,155,0,0,0,0,0.995,712.0349912088234,2500,5000
Multivariate region null,Conventional,155,0.814,0.00550279928763534,0.8032145133962347,0.8247854866037652,0.995,712.0349912088234,2500,5000
Multivariate region null,Anytime-valid,157,0,0,0,0,0.995,712.0349912088234,2500,5000
Multivariate region null,Conventional,157,0.814,0.00550279928763534,0.8032145133962347,0.8247854866037652,0.995,712.0349912088234,2500,5000
Multivariate region null,Anytime-valid,159,0,0,0,0,0.995,712.0349912088234,2500,5000
Multivariate region null,Conventional,159,0.8142,0.005500515612194915,0.803418989400098,0.824981010599902,0.995,712.0349912088234,2500,5000
Multivariate region null,Anytime-valid,160,0,0,0,0,0.995,712.0349912088234,2500,5000
Multivariate region null,Conventional,160,0.8148,0.00549365015267627,0.8040324457007545,0.8255675542992454,0.995,712.0349912088234,2500,5000
Multivariate region null,Anytime-valid,162,0,0,0,0,0.995,712.0349912088234,2500,5000
Multivariate region null,Conventional,162,0.8152,0.005489061121904182,0.8044414402010679,0.8259585597989322,0.995,712.0349912088234,2500,5000
Multivariate region null,Anytime-valid,163,0,0,0,0,0.995,712.0349912088234,2500,5000
Multivariate region null,Conventional,163,0.8152,0.005489061121904182,0.8044414402010679,0.8259585597989322,0.995,712.0349912088234,2500,5000
Multivariate region null,Anytime-valid,165,0,0,0,0,0.995,712.0349912088234,2500,5000
Multivariate region null,Conventional,165,0.8154,0.005486762980118605,0.8046459445589675,0.8261540554410325,0.995,712.0349912088234,2500,5000
Multivariate region null,Anytime-valid,167,0,0,0,0,0.995,712.0349912088234,2500,5000
Multivariate region null,Conventional,167,0.8154,0.005486762980118605,0.8046459445589675,0.8261540554410325,0.995,712.0349912088234,2500,5000
Multivariate region null,Anytime-valid,168,0,0,0,0,0.995,712.0349912088234,2500,5000
Multivariate region null,Conventional,168,0.8156,0.00548446241668224,0.8048504536633028,0.8263495463366972,0.995,712.0349912088234,2500,5000
Multivariate region null,Anytime-valid,170,0,0,0,0,0.995,712.0349912088234,2500,5000
Multivariate region null,Conventional,170,0.8158,0.005482159428546383,0.805054967520049,0.8265450324799509,0.995,712.0349912088234,2500,5000
Multivariate region null,Anytime-valid,172,0,0,0,0,0.995,712.0349912088234,2500,5000
Multivariate region null,Conventional,172,0.816,0.005479854012653987,0.8052594861351982,0.8267405138648017,0.995,712.0349912088234,2500,5000
Multivariate region null,Anytime-valid,174,0,0,0,0,0.995,712.0349912088234,2500,5000
Multivariate region null,Conventional,174,0.816,0.005479854012653987,0.8052594861351982,0.8267405138648017,0.995,712.0349912088234,2500,5000
Multivariate region null,Anytime-valid,175,0,0,0,0,0.995,712.0349912088234,2500,5000
Multivariate region null,Conventional,175,0.8162,0.005477546165939635,0.8054640095147584,0.8269359904852417,0.995,712.0349912088234,2500,5000
Multivariate region null,Anytime-valid,177,0,0,0,0,0.995,712.0349912088234,2500,5000
Multivariate region null,Conventional,177,0.8162,0.005477546165939635,0.8054640095147584,0.8269359904852417,0.995,712.0349912088234,2500,5000
Multivariate region null,Anytime-valid,179,0,0,0,0,0.995,712.0349912088234,2500,5000
Multivariate region null,Conventional,179,0.8164,0.005475235885329508,0.8056685376647542,0.8271314623352458,0.995,712.0349912088234,2500,5000
Multivariate region null,Anytime-valid,181,0,0,0,0,0.995,712.0349912088234,2500,5000
Multivariate region null,Conventional,181,0.8166,0.005472923167741349,0.8058730705912269,0.8273269294087731,0.995,712.0349912088234,2500,5000
Multivariate region null,Anytime-valid,182,0,0,0,0,0.995,712.0349912088234,2500,5000
Multivariate region null,Conventional,182,0.817,0.005468290409259553,0.8062821507978513,0.8277178492021486,0.995,712.0349912088234,2500,5000
Multivariate region null,Anytime-valid,184,0,0,0,0,0.995,712.0349912088234,2500,5000
Multivariate region null,Conventional,184,0.817,0.005468290409259553,0.8062821507978513,0.8277178492021486,0.995,712.0349912088234,2500,5000
Multivariate region null,Anytime-valid,186,0,0,0,0,0.995,712.0349912088234,2500,5000
Multivariate region null,Conventional,186,0.8174,0.005463647865666307,0.806691250183294,0.828108749816706,0.995,712.0349912088234,2500,5000
Multivariate region null,Anytime-valid,188,0,0,0,0,0.995,712.0349912088234,2500,5000
Multivariate region null,Conventional,188,0.8178,0.00545899551199669,0.8071003687964865,0.8284996312035134,0.995,712.0349912088234,2500,5000
Multivariate region null,Anytime-valid,190,0,0,0,0,0.995,712.0349912088234,2500,5000
Multivariate region null,Conventional,190,0.8178,0.00545899551199669,0.8071003687964865,0.8284996312035134,0.995,712.0349912088234,2500,5000
Multivariate region null,Anytime-valid,192,0,0,0,0,0.995,712.0349912088234,2500,5000
Multivariate region null,Conventional,192,0.8182,0.005454333323147752,0.8075095066866305,0.8288904933133696,0.995,712.0349912088234,2500,5000
Multivariate region null,Anytime-valid,194,0,0,0,0,0.995,712.0349912088234,2500,5000
Multivariate region null,Conventional,194,0.8184,0.005451998532648372,0.8077140828760092,0.8290859171239908,0.995,712.0349912088234,2500,5000
Multivariate region null,Anytime-valid,196,0,0,0,0,0.995,712.0349912088234,2500,5000
Multivariate region null,Conventional,196,0.819,0.005444979338803776,0.8083278404959445,0.8296721595040554,0.995,712.0349912088234,2500,5000
Multivariate region null,Anytime-valid,198,0,0,0,0,0.995,712.0349912088234,2500,5000
Multivariate region null,Conventional,198,0.819,0.005444979338803776,0.8083278404959445,0.8296721595040554,0.995,712.0349912088234,2500,5000
Multivariate region null,Anytime-valid,200,0,0,0,0,0.995,712.0349912088234,2500,5000
Multivariate region null,Conventional,200,0.819,0.005444979338803776,0.8083278404959445,0.8296721595040554,0.995,712.0349912088234,2500,5000
Multivariate region null,Anytime-valid,202,0,0,0,0,0.995,712.0349912088234,2500,5000
Multivariate region null,Conventional,202,0.8192,0.00544263465612014,0.8085324360740046,0.8298675639259955,0.995,712.0349912088234,2500,5000
Multivariate region null,Anytime-valid,204,0,0,0,0,0.995,712.0349912088234,2500,5000
Multivariate region null,Conventional,204,0.8198,0.005435585709010576,0.8091462520103393,0.8304537479896607,0.995,712.0349912088234,2500,5000
Multivariate region null,Anytime-valid,206,0,0,0,0,0.995,712.0349912088234,2500,5000
Multivariate region null,Conventional,206,0.82,0.005433231082882451,0.8093508670775503,0.8306491329224496,0.995,712.0349912088234,2500,5000
Multivariate region null,Anytime-valid,208,0,0,0,0,0.995,712.0349912088234,2500,5000
Multivariate region null,Conventional,208,0.82,0.005433231082882451,0.8093508670775503,0.8306491329224496,0.995,712.0349912088234,2500,5000
Multivariate region null,Anytime-valid,210,0,0,0,0,0.995,712.0349912088234,2500,5000
Multivariate region null,Conventional,210,0.8202,0.005430873962816666,0.8095554870328794,0.8308445129671207,0.995,712.0349912088234,2500,5000
Multivariate region null,Anytime-valid,212,0,0,0,0,0.995,712.0349912088234,2500,5000
Multivariate region null,Conventional,212,0.8204,0.0054285143455645385,0.8097601118826935,0.8310398881173066,0.995,712.0349912088234,2500,5000
Multivariate region null,Anytime-valid,214,0,0,0,0,0.995,712.0349912088234,2500,5000
Multivariate region null,Conventional,214,0.8204,0.0054285143455645385,0.8097601118826935,0.8310398881173066,0.995,712.0349912088234,2500,5000
Multivariate region null,Anytime-valid,216,0,0,0,0,0.995,712.0349912088234,2500,5000
Multivariate region null,Conventional,216,0.8208,0.005423787606461006,0.8101693762913365,0.8314306237086635,0.995,712.0349912088234,2500,5000
Multivariate region null,Anytime-valid,219,0,0,0,0,0.995,712.0349912088234,2500,5000
Multivariate region null,Conventional,219,0.8212,0.005419050839399829,0.8105786603547763,0.8318213396452238,0.995,712.0349912088234,2500,5000
Multivariate region null,Anytime-valid,221,0,0,0,0,0.995,712.0349912088234,2500,5000
Multivariate region null,Conventional,221,0.8214,0.005416678687166149,0.8107833097731544,0.8320166902268457,0.995,712.0349912088234,2500,5000
Multivariate region null,Anytime-valid,223,0,0,0,0,0.995,712.0349912088234,2500,5000
Multivariate region null,Conventional,223,0.8218,0.005411926828773649,0.8111926234156036,0.8324073765843963,0.995,712.0349912088234,2500,5000
Multivariate region null,Anytime-valid,225,0,0,0,0,0.995,712.0349912088234,2500,5000
Multivariate region null,Conventional,225,0.8218,0.005411926828773649,0.8111926234156036,0.8324073765843963,0.995,712.0349912088234,2500,5000
Multivariate region null,Anytime-valid,228,0,0,0,0,0.995,712.0349912088234,2500,5000
Multivariate region null,Conventional,228,0.8222,0.005407164876346938,0.81160195684236,0.83279804315764006,0.995,712.0349912088234,2500,5000
Multivariate region null,Anytime-valid,230,0,0,0,0,0.995,712.0349912088234,2500,5000
Multivariate region null,Conventional,230,0.8224,0.0054047801065353245,0.8118066309911908,0.8329933690088093,0.995,712.0349912088234,2500,5000
Multivariate region null,Anytime-valid,232,0,0,0,0,0.995,712.0349912088234,2500,5000
Multivariate region null,Conventional,232,0.8224,0.0054047801065353245,0.8118066309911908,0.8329933690088093,0.995,712.0349912088234,2500,5000
Multivariate region null,Anytime-valid,234,0,0,0,0,0.995,712.0349912088234,2500,5000
Multivariate region null,Conventional,234,0.8226,0.005402392803193785,0.8120113101057402,0.8331886898942598,0.995,712.0349912088234,2500,5000
Multivariate region null,Anytime-valid,237,0,0,0,0,0.995,712.0349912088234,2500,5000
Multivariate region null,Conventional,237,0.8234,0.005392818187181911,0.8128300763531234,0.8339699236468766,0.995,712.0349912088234,2500,5000
Multivariate region null,Anytime-valid,239,0,0,0,0,0.995,712.0349912088234,2500,5000
Multivariate region null,Conventional,239,0.8234,0.005392818187181911,0.8128300763531234,0.8339699236468766,0.995,712.0349912088234,2500,5000
Multivariate region null,Anytime-valid,242,0,0,0,0,0.995,712.0349912088234,2500,5000
Multivariate region null,Conventional,242,0.8236,0.005390418165597174,0.8130347803954295,0.8341652196045705,0.995,712.0349912088234,2500,5000
Multivariate region null,Anytime-valid,244,0,0,0,0,0.995,712.0349912088234,2500,5000
Multivariate region null,Conventional,244,0.824,0.005385610457506187,0.8134442035032878,0.8345557964967121,0.995,712.0349912088234,2500,5000
Multivariate region null,Anytime-valid,247,0,0,0,0,0.995,712.0349912088234,2500,5000
Multivariate region null,Conventional,247,0.8242,0.0053832027641544395,0.8136489225822573,0.8347510774177428,0.995,712.0349912088234,2500,5000
Multivariate region null,Anytime-valid,249,0,0,0,0,0.995,712.0349912088234,2500,5000
Multivariate region null,Conventional,249,0.8244,0.005380792506685237,0.813853646686897,0.8349463533131031,0.995,712.0349912088234,2500,5000
Multivariate region null,Anytime-valid,252,0,0,0,0,0.995,712.0349912088234,2500,5000
Multivariate region null,Conventional,252,0.8248,0.005375964285595655,0.8142631100002324,0.8353368899997675,0.995,712.0349912088234,2500,5000
Multivariate region null,Anytime-valid,254,0,0,0,0,0.995,712.0349912088234,2500,5000
Multivariate region null,Conventional,254,0.8252,0.005371125766540939,0.8146725934975798,0.8357274065024203,0.995,712.0349912088234,2500,5000
Multivariate region null,Anytime-valid,257,0,0,0,0,0.995,712.0349912088234,2500,5000
Multivariate region null,Conventional,257,0.8254,0.00536870263657804,0.8148773428323071,0.835922657167693,0.995,712.0349912088234,2500,5000
Multivariate region null,Anytime-valid,259,0,0,0,0,0.995,712.0349912088234,2500,5000
Multivariate region null,Conventional,259,0.8256,0.005366276921665523,0.8150820972335355,0.8361179027664645,0.995,712.0349912088234,2500,5000
Multivariate region null,Anytime-valid,262,0,0,0,0,0.995,712.0349912088234,2500,5000
Multivariate region null,Conventional,262,0.8256,0.005366276921665523,0.8150820972335355,0.8361179027664645,0.995,712.0349912088234,2500,5000
Multivariate region null,Anytime-valid,264,0,0,0,0,0.995,712.0349912088234,2500,5000
Multivariate region null,Conventional,264,0.8256,0.005366276921665523,0.8150820972335355,0.8361179027664645,0.995,712.0349912088234,2500,5000
Multivariate region null,Anytime-valid,267,0,0,0,0,0.995,712.0349912088234,2500,5000
Multivariate region null,Conventional,267,0.8258,0.005363848618296382,0.815286856708139,0.8363131432918609,0.995,712.0349912088234,2500,5000
Multivariate region null,Anytime-valid,270,0,0,0,0,0.995,712.0349912088234,2500,5000
Multivariate region null,Conventional,270,0.8264,0.005356548142227417,0.8159011656412343,0.8368988343587658,0.995,712.0349912088234,2500,5000
Multivariate region null,Anytime-valid,273,0,0,0,0,0.995,712.0349912088234,2500,5000
Multivariate region null,Conventional,273,0.8266,0.0053541094497591285,0.81610594547847215,0.8370940545215279,0.995,712.0349912088234,2500,5000
Multivariate region null,Anytime-valid,275,0,0,0,0,0.995,712.0349912088234,2500,5000
Multivariate region null,Conventional,275,0.8268,0.005351668151146893,0.816310730423752,0.8372892695762479,0.995,712.0349912088234,2500,5000
Multivariate region null,Anytime-valid,278,0,0,0,0,0.995,712.0349912088234,2500,5000
Multivariate region null,Conventional,278,0.8272,0.005346777721207419,0.8167203156664335,0.8376796843335665,0.995,712.0349912088234,2500,5000
Multivariate region null,Anytime-valid,281,0,0,0,0,0.995,712.0349912088234,2500,5000
Multivariate region null,Conventional,281,0.8276,0.0053418768237390125,0.8171299214254716,0.8380700785745284,0.995,712.0349912088234,2500,5000
Multivariate region null,Anytime-valid,284,0,0,0,0,0.995,712.0349912088234,2500,5000
Multivariate region null,Conventional,284,0.8284,0.0053320435107001895,0.8179491947190276,0.8388508052809724,0.995,712.0349912088234,2500,5000
Multivariate region null,Anytime-valid,287,0,0,0,0,0.995,712.0349912088234,2500,5000
Multivariate region null,Conventional,287,0.8284,0.0053320435107001895,0.8179491947190276,0.8388508052809724,0.995,712.0349912088234,2500,5000
Multivariate region null,Anytime-valid,289,0,0,0,0,0.995,712.0349912088234,2500,5000
Multivariate region null,Conventional,289,0.8284,0.0053320435107001895,0.8179491947190276,0.8388508052809724,0.995,712.0349912088234,2500,5000
Multivariate region null,Anytime-valid,292,0,0,0,0,0.995,712.0349912088234,2500,5000
Multivariate region null,Conventional,292,0.8286,0.005329578594973528,0.8181540259538519,0.8390459740461481,0.995,712.0349912088234,2500,5000
Multivariate region null,Anytime-valid,295,0,0,0,0,0.995,712.0349912088234,2500,5000
Multivariate region null,Conventional,295,0.8286,0.005329578594973528,0.8181540259538519,0.8390459740461481,0.995,712.0349912088234,2500,5000
Multivariate region null,Anytime-valid,298,0,0,0,0,0.995,712.0349912088234,2500,5000
Multivariate region null,Conventional,298,0.8286,0.005329578594973528,0.8181540259538519,0.8390459740461481,0.995,712.0349912088234,2500,5000
Multivariate region null,Anytime-valid,301,0,0,0,0,0.995,712.0349912088234,2500,5000
Multivariate region null,Conventional,301,0.8288,0.005327111036950516,0.8183588623675769,0.839241137632423,0.995,712.0349912088234,2500,5000
Multivariate region null,Anytime-valid,304,0,0,0,0,0.995,712.0349912088234,2500,5000
Multivariate region null,Conventional,304,0.8296,0.005317214308263303,0.819178259955804,0.840021740044196,0.995,712.0349912088234,2500,5000
Multivariate region null,Anytime-valid,307,0,0,0,0,0.995,712.0349912088234,2500,5000
Multivariate region null,Conventional,307,0.83,0.005312249994117371,0.8195879900115299,0.84041200998847,0.995,712.0349912088234,2500,5000
Multivariate region null,Anytime-valid,310,0,0,0,0,0.995,712.0349912088234,2500,5000
Multivariate region null,Conventional,310,0.8302,0.005309763836556198,0.8197928628803499,0.8406071371196502,0.995,712.0349912088234,2500,5000
Multivariate region null,Anytime-valid,314,0,0,0,0,0.995,712.0349912088234,2500,5000
Multivariate region null,Conventional,314,0.8304,0.005307275007006892,0.8199977409862665,0.8408022590137335,0.995,712.0349912088234,2500,5000
Multivariate region null,Anytime-valid,317,0,0,0,0,0.995,712.0349912088234,2500,5000
Multivariate region null,Conventional,317,0.8312,0.005297292893544777,0.8208173059286523,0.8415826940713478,0.995,712.0349912088234,2500,5000
Multivariate region null,Anytime-valid,320,0,0,0,0,0.995,712.0349912088234,2500,5000
Multivariate region null,Conventional,320,0.8314,0.005294790647419404,0.821022210331058,0.841777789668942,0.995,712.0349912088234,2500,5000
Multivariate region null,Anytime-valid,323,0,0,0,0,0.995,712.0349912088234,2500,5000
Multivariate region null,Conventional,323,0.8314,0.005294790647419404,0.821022210331058,0.841777789668942,0.995,712.0349912088234,2500,5000
Multivariate region null,Anytime-valid,326,0,0,0,0,0.995,712.0349912088234,2500,5000
Multivariate region null,Conventional,326,0.8314,0.005294790647419404,0.821022210331058,0.841777789668942,0.995,712.0349912088234,2500,5000
Multivariate region null,Anytime-valid,330,0,0,0,0,0.995,712.0349912088234,2500,5000
Multivariate region null,Conventional,330,0.8318,0.005289778067178245,0.8214320349883306,0.8421679650116694,0.995,712.0349912088234,2500,5000
Multivariate region null,Anytime-valid,333,0,0,0,0,0.995,712.0349912088234,2500,5000
Multivariate region null,Conventional,333,0.8324,0.005282238919246269,0.8220468117182773,0.8427531882817227,0.995,712.0349912088234,2500,5000
Multivariate region null,Anytime-valid,336,0,0,0,0,0.995,712.0349912088234,2500,5000
Multivariate region null,Conventional,336,0.8326,0.005279720447144905,0.822251747923596,0.842948252076404,0.995,712.0349912088234,2500,5000
Multivariate region null,Anytime-valid,340,0,0,0,0,0.995,712.0349912088234,2500,5000
Multivariate region null,Conventional,340,0.8328,0.005277199257181787,0.8224566894559237,0.8431433105440763,0.995,712.0349912088234,2500,5000
Multivariate region null,Anytime-valid,343,0,0,0,0,0.995,712.0349912088234,2500,5000
Multivariate region null,Conventional,343,0.833,0.005274675345459662,0.822661636322899,0.8433383636771009,0.995,712.0349912088234,2500,5000
Multivariate region null,Anytime-valid,347,0,0,0,0,0.995,712.0349912088234,2500,5000
Multivariate region null,Conventional,347,0.8332,0.005272148708069604,0.8228665885321836,0.8435334114678165,0.995,712.0349912088234,2500,5000
Multivariate region null,Anytime-valid,350,0,0,0,0,0.995,712.0349912088234,2500,5000
Multivariate region null,Conventional,350,0.8334,0.005269619341090967,0.8230715460914617,0.8437284539085383,0.995,712.0349912088234,2500,5000
Multivariate region null,Anytime-valid,354,0,0,0,0,0.995,712.0349912088234,2500,5000
Multivariate region null,Conventional,354,0.8336,0.005267087240591331,0.823276509008441,0.84392349099155906,0.995,712.0349912088234,2500,5000
Multivariate region null,Anytime-valid,357,0,0,0,0,0.995,712.0349912088234,2500,5000
Multivariate region null,Conventional,357,0.8336,0.005267087240591331,0.823276509008441,0.84392349099155906,0.995,712.0349912088234,2500,5000
Multivariate region null,Anytime-valid,361,0,0,0,0,0.995,712.0349912088234,2500,5000
Multivariate region null,Conventional,361,0.8338,0.005264552402626457,0.8234814772908521,0.8441185227091479,0.995,712.0349912088234,2500,5000
Multivariate region null,Anytime-valid,364,2e-4,1.9997999899989998e-4,0,5.919607980398039e-4,0.995,712.0349912088234,2500,5000
Multivariate region null,Conventional,364,0.8338,0.005264552402626457,0.8234814772908521,0.8441185227091479,0.995,712.0349912088234,2500,5000
Multivariate region null,Anytime-valid,368,2e-4,1.9997999899989998e-4,0,5.919607980398039e-4,0.995,712.0349912088234,2500,5000
Multivariate region null,Conventional,368,0.8342,0.005259474498464652,0.8238914299830093,0.8445085700169908,0.995,712.0349912088234,2500,5000
Multivariate region null,Anytime-valid,372,2e-4,1.9997999899989998e-4,0,5.919607980398039e-4,0.995,712.0349912088234,2500,5000
Multivariate region null,Conventional,372,0.8342,0.005259474498464652,0.8238914299830093,0.8445085700169908,0.995,712.0349912088234,2500,5000
Multivariate region null,Anytime-valid,376,2e-4,1.9997999899989998e-4,0,5.919607980398039e-4,0.995,712.0349912088234,2500,5000
Multivariate region null,Conventional,376,0.8342,0.005259474498464652,0.8238914299830093,0.8445085700169908,0.995,712.0349912088234,2500,5000
Multivariate region null,Anytime-valid,379,2e-4,1.9997999899989998e-4,0,5.919607980398039e-4,0.995,712.0349912088234,2500,5000
Multivariate region null,Conventional,379,0.8346,0.00525438559681339,0.8243014042302458,0.8448985957697542,0.995,712.0349912088234,2500,5000
Multivariate region null,Anytime-valid,383,2e-4,1.9997999899989998e-4,0,5.919607980398039e-4,0.995,712.0349912088234,2500,5000
Multivariate region null,Conventional,383,0.8346,0.00525438559681339,0.8243014042302458,0.8448985957697542,0.995,712.0349912088234,2500,5000
Multivariate region null,Anytime-valid,387,2e-4,1.9997999899989998e-4,0,5.919607980398039e-4,0.995,712.0349912088234,2500,5000
Multivariate region null,Conventional,387,0.8348,0.005251837011941631,0.8245063994565944,0.8450936005434055,0.995,712.0349912088234,2500,5000
Multivariate region null,Anytime-valid,391,2e-4,1.9997999899989998e-4,0,5.919607980398039e-4,0.995,712.0349912088234,2500,5000
Multivariate region null,Conventional,391,0.8356,0.005241615018293503,0.8253264345641448,0.8458735654358552,0.995,712.0349912088234,2500,5000
Multivariate region null,Anytime-valid,395,2e-4,1.9997999899989998e-4,0,5.919607980398039e-4,0.995,712.0349912088234,2500,5000
Multivariate region null,Conventional,395,0.8356,0.005241615018293503,0.8253264345641448,0.8458735654358552,0.995,712.0349912088234,2500,5000
Multivariate region null,Anytime-valid,399,2e-4,1.9997999899989998e-4,0,5.919607980398039e-4,0.995,712.0349912088234,2500,5000
Multivariate region null,Conventional,399,0.8358,0.005239052586107531,0.8255314569312292,0.8460685430687708,0.995,712.0349912088234,2500,5000
Multivariate region null,Anytime-valid,403,2e-4,1.9997999899989998e-4,0,5.919607980398039e-4,0.995,712.0349912088234,2500,5000
Multivariate region null,Conventional,403,0.836,0.005236487372275427,0.8257364847503401,0.8462635152496598,0.995,712.0349912088234,2500,5000
Multivariate region null,Anytime-valid,407,2e-4,1.9997999899989998e-4,0,5.919607980398039e-4,0.995,712.0349912088234,2500,5000
Multivariate region null,Conventional,407,0.8364,0.005231348583300485,0.8261465567767311,0.846653443223269,0.995,712.0349912088234,2500,5000
Multivariate region null,Anytime-valid,411,2e-4,1.9997999899989998e-4,0,5.919607980398039e-4,0.995,712.0349912088234,2500,5000
Multivariate region null,Conventional,411,0.8364,0.005231348583300485,0.8261465567767311,0.846653443223269,0.995,712.0349912088234,2500,5000
Multivariate region null,Anytime-valid,415,2e-4,1.9997999899989998e-4,0,5.919607980398039e-4,0.995,712.0349912088234,2500,5000
Multivariate region null,Conventional,415,0.8368,0.005226198618498918,0.8265566507077421,0.8470433492922579,0.995,712.0349912088234,2500,5000
Multivariate region null,Anytime-valid,419,2e-4,1.9997999899989998e-4,0,5.919607980398039e-4,0.995,712.0349912088234,2500,5000
Multivariate region null,Conventional,419,0.8368,0.005226198618498918,0.8265566507077421,0.8470433492922579,0.995,712.0349912088234,2500,5000
Multivariate region null,Anytime-valid,424,2e-4,1.9997999899989998e-4,0,5.919607980398039e-4,0.995,712.0349912088234,2500,5000
Multivariate region null,Conventional,424,0.837,0.005223619434836348,0.8267617059077207,0.8472382940922792,0.995,712.0349912088234,2500,5000
Multivariate region null,Anytime-valid,428,4e-4,2.8278613827413816e-4,0,9.542608310173109e-4,0.995,712.0349912088234,2500,5000
Multivariate region null,Conventional,428,0.8372,0.005221037444799644,0.8269667666081928,0.8474332333918073,0.995,712.0349912088234,2500,5000
Multivariate region null,Anytime-valid,432,4e-4,2.8278613827413816e-4,0,9.542608310173109e-4,0.995,712.0349912088234,2500,5000
Multivariate region null,Conventional,432,0.8374,0.00521845264422319,0.8271718328173225,0.8476281671826775,0.995,712.0349912088234,2500,5000
Multivariate region null,Anytime-valid,437,4e-4,2.8278613827413816e-4,0,9.542608310173109e-4,0.995,712.0349912088234,2500,5000
Multivariate region null,Conventional,437,0.8374,0.00521845264422319,0.8271718328173225,0.8476281671826775,0.995,712.0349912088234,2500,5000
Multivariate region null,Anytime-valid,441,4e-4,2.8278613827413816e-4,0,9.542608310173109e-4,0.995,712.0349912088234,2500,5000
Multivariate region null,Conventional,441,0.838,0.005210681337406846,0.8277870645786826,0.8482129354213174,0.995,712.0349912088234,2500,5000
Multivariate region null,Anytime-valid,445,4e-4,2.8278613827413816e-4,0,9.542608310173109e-4,0.995,712.0349912088234,2500,5000
Multivariate region null,Conventional,445,0.8384,0.00520548633654916,0.8281972467803637,0.8486027532196364,0.995,712.0349912088234,2500,5000
Multivariate region null,Anytime-valid,450,4e-4,2.8278613827413816e-4,0,9.542608310173109e-4,0.995,712.0349912088234,2500,5000
Multivariate region null,Conventional,450,0.8388,0.005200279992461945,0.8286074512147745,0.8489925487852255,0.995,712.0349912088234,2500,5000
Multivariate region null,Anytime-valid,454,4e-4,2.8278613827413816e-4,0,9.542608310173109e-4,0.995,712.0349912088234,2500,5000
Multivariate region null,Conventional,454,0.8394,0.0051924491331162784,0.8292227996990922,0.8495772003009079,0.995,712.0349912088234,2500,5000
Multivariate region null,Anytime-valid,459,6e-4,3.4630622287218577e-4,0,0.001278760196829484,0.995,712.0349912088234,2500,5000
Multivariate region null,Conventional,459,0.8396,0.005189833137972742,0.8294279270495735,0.8497720729504266,0.995,712.0349912088234,2500,5000
Multivariate region null,Anytime-valid,464,6e-4,3.4630622287218577e-4,0,0.001278760196829484,0.995,712.0349912088234,2500,5000
Multivariate region null,Conventional,464,0.8398,0.005187214281288176,0.8296330600086752,0.8499669399913248,0.995,712.0349912088234,2500,5000
Multivariate region null,Anytime-valid,468,6e-4,3.4630622287218577e-4,0,0.001278760196829484,0.995,712.0349912088234,2500,5000
Multivariate region null,Conventional,468,0.8398,0.005187214281288176,0.8296330600086752,0.8499669399913248,0.995,712.0349912088234,2500,5000
Multivariate region null,Anytime-valid,473,6e-4,3.4630622287218577e-4,0,0.001278760196829484,0.995,712.0349912088234,2500,5000
Multivariate region null,Conventional,473,0.8398,0.005187214281288176,0.8296330600086752,0.8499669399913248,0.995,712.0349912088234,2500,5000
Multivariate region null,Anytime-valid,478,8e-4,3.9983996798719363e-4,1.6313662745100557e-5,0.0015836863372548995,0.995,712.0349912088234,2500,5000
Multivariate region null,Conventional,478,0.8398,0.005187214281288176,0.8296330600086752,0.8499669399913248,0.995,712.0349912088234,2500,5000
Multivariate region null,Anytime-valid,483,8e-4,3.9983996798719363e-4,1.6313662745100557e-5,0.0015836863372548995,0.995,712.0349912088234,2500,5000
Multivariate region null,Conventional,483,0.84,0.005184592558726288,0.8298381985848965,0.8501618014151034,0.995,712.0349912088234,2500,5000
Multivariate region null,Anytime-valid,487,8e-4,3.9983996798719363e-4,1.6313662745100557e-5,0.0015836863372548995,0.995,712.0349912088234,2500,5000
Multivariate region null,Conventional,487,0.84,0.005184592558726288,0.8298381985848965,0.8501618014151034,0.995,712.0349912088234,2500,5000
Multivariate region null,Anytime-valid,492,8e-4,3.9983996798719363e-4,1.6313662745100557e-5,0.0015836863372548995,0.995,712.0349912088234,2500,5000
Multivariate region null,Conventional,492,0.8404,0.0051793404985577066,0.830248492622827,0.8505515073771731,0.995,712.0349912088234,2500,5000
Multivariate region null,Anytime-valid,497,0.001,4.469899327725402e-4,1.2389973176582124e-4,0.0018761002682341787,0.995,712.0349912088234,2500,5000
Multivariate region null,Conventional,497,0.8408,0.005174076922505115,0.83065880923189,0.85094119076811,0.995,712.0349912088234,2500,5000
Multivariate region null,Anytime-valid,502,0.001,4.469899327725402e-4,1.2389973176582124e-4,0.0018761002682341787,0.995,712.0349912088234,2500,5000
Multivariate region null,Conventional,502,0.8408,0.005174076922505115,0.83065880923189,0.85094119076811,0.995,712.0349912088234,2500,5000
Multivariate region null,Anytime-valid,507,0.001,4.469899327725402e-4,1.2389973176582124e-4,0.0018761002682341787,0.995,712.0349912088234,2500,5000
Multivariate region null,Conventional,507,0.841,0.005171440805036833,0.8308639760221278,0.8511360239778721,0.995,712.0349912088234,2500,5000
Multivariate region null,Anytime-valid,512,0.0012,4.896039215529222e-4,2.4037631375627242e-4,0.0021596236862437275,0.995,712.0349912088234,2500,5000
Multivariate region null,Conventional,512,0.841,0.005171440805036833,0.8308639760221278,0.8511360239778721,0.995,712.0349912088234,2500,5000
Multivariate region null,Anytime-valid,518,0.0012,4.896039215529222e-4,2.4037631375627242e-4,0.0021596236862437275,0.995,712.0349912088234,2500,5000
Multivariate region null,Conventional,518,0.8414,0.005166159889124609,0.8312743266173158,0.8515256733826843,0.995,712.0349912088234,2500,5000
Multivariate region null,Anytime-valid,523,0.0012,4.896039215529222e-4,2.4037631375627242e-4,0.0021596236862437275,0.995,712.0349912088234,2500,5000
Multivariate region null,Conventional,523,0.8418,0.0051608673689603765,0.8316846999568377,0.8519153000431623,0.995,712.0349912088234,2500,5000
Multivariate region null,Anytime-valid,528,0.0012,4.896039215529222e-4,2.4037631375627242e-4,0.0021596236862437275,0.995,712.0349912088234,2500,5000
Multivariate region null,Conventional,528,0.8418,0.0051608673689603765,0.8316846999568377,0.8519153000431623,0.995,712.0349912088234,2500,5000
Multivariate region null,Anytime-valid,533,0.0014,5.287797272967262e-4,3.6359173449841665e-4,0.0024364082655015835,0.995,712.0349912088234,2500,5000
Multivariate region null,Conventional,533,0.8418,0.0051608673689603765,0.8316846999568377,0.8519153000431623,0.995,712.0349912088234,2500,5000
Multivariate region null,Anytime-valid,539,0.0016,5.652326954449822e-4,4.921439169278349e-4,0.0027078560830721653,0.995,712.0349912088234,2500,5000
Multivariate region null,Conventional,539,0.842,0.0051582167461245755,0.8318898951775958,0.8521101048224041,0.995,712.0349912088234,2500,5000
Multivariate region null,Anytime-valid,544,0.0016,5.652326954449822e-4,4.921439169278349e-4,0.0027078560830721653,0.995,712.0349912088234,2500,5000
Multivariate region null,Conventional,544,0.842,0.0051582167461245755,0.8318898951775958,0.8521101048224041,0.995,712.0349912088234,2500,5000
Multivariate region null,Anytime-valid,550,0.0018,5.994597567810536e-4,6.250588767091349e-4,0.002974941123290865,0.995,712.0349912088234,2500,5000
Multivariate region null,Conventional,550,0.8424,0.005152906752503871,0.8323003027650925,0.8524996972349076,0.995,712.0349912088234,2500,5000
Multivariate region null,Anytime-valid,555,0.002,6.318227599572526e-4,7.61627390483785e-4,0.003238372609516215,0.995,712.0349912088234,2500,5000
Multivariate region null,Conventional,555,0.8424,0.005152906752503871,0.8323003027650925,0.8524996972349076,0.995,712.0349912088234,2500,5000
Multivariate region null,Anytime-valid,561,0.002,6.318227599572526e-4,7.61627390483785e-4,0.003238372609516215,0.995,712.0349912088234,2500,5000
Multivariate region null,Conventional,561,0.8428,0.00514758506486294,0.8327107332728686,0.8528892667271314,0.995,712.0349912088234,2500,5000
Multivariate region null,Anytime-valid,567,0.002,6.318227599572526e-4,7.61627390483785e-4,0.003238372609516215,0.995,712.0349912088234,2500,5000
Multivariate region null,Conventional,567,0.843,0.0051449198244481915,0.8329159571440815,0.8530840428559184,0.995,712.0349912088234,2500,5000
Multivariate region null,Anytime-valid,572,0.002,6.318227599572526e-4,7.61627390483785e-4,0.003238372609516215,0.995,712.0349912088234,2500,5000
Multivariate region null,Conventional,572,0.8432,0.0051422516468955515,0.8331211867720847,0.8532788132279152,0.995,712.0349912088234,2500,5000
Multivariate region null,Anytime-valid,578,0.0022,6.625948988635515e-4,9.013139982274392e-4,0.0034986860017725612,0.995,712.0349912088234,2500,5000
Multivariate region null,Conventional,578,0.8432,0.0051422516468955515,0.8331211867720847,0.8532788132279152,0.995,712.0349912088234,2500,5000
Multivariate region null,Anytime-valid,584,0.0026,7.201722016295824e-4,0.0011884624848060184,0.004011537515193981,0.995,712.0349912088234,2500,5000
Multivariate region null,Conventional,584,0.8432,0.0051422516468955515,0.8331211867720847,0.8532788132279152,0.995,712.0349912088234,2500,5000
Multivariate region null,Anytime-valid,590,0.0028,7.472830788931326e-4,0.00133532516536946,0.00426467483463054,0.995,712.0349912088234,2500,5000
Multivariate region null,Conventional,590,0.8436,0.005136906462064498,0.8335316633343536,0.8536683366656465,0.995,712.0349912088234,2500,5000
Multivariate region null,Anytime-valid,596,0.0028,7.472830788931326e-4,0.00133532516536946,0.00426467483463054,0.995,712.0349912088234,2500,5000
Multivariate region null,Conventional,596,0.8438,0.005134229445593564,0.8337369102866367,0.8538630897133633,0.995,712.0349912088234,2500,5000
Multivariate region null,Anytime-valid,602,0.0028,7.472830788931326e-4,0.00133532516536946,0.00426467483463054,0.995,712.0349912088234,2500,5000
Multivariate region null,Conventional,602,0.844,0.005131549473599568,0.8339421630317448,0.8540578369682551,0.995,712.0349912088234,2500,5000
Multivariate region null,Anytime-valid,608,0.0028,7.472830788931326e-4,0.00133532516536946,0.00426467483463054,0.995,712.0349912088234,2500,5000
Multivariate region null,Conventional,608,0.8442,0.005128866541449485,0.834147421578759,0.8542525784212409,0.995,712.0349912088234,2500,5000
Multivariate region null,Anytime-valid,614,0.0028,7.472830788931326e-4,0.00133532516536946,0.00426467483463054,0.995,712.0349912088234,2500,5000
Multivariate region null,Conventional,614,0.8442,0.005128866541449485,0.834147421578759,0.8542525784212409,0.995,712.0349912088234,2500,5000
Multivariate region null,Anytime-valid,620,0.0028,7.472830788931326e-4,0.00133532516536946,0.00426467483463054,0.995,712.0349912088234,2500,5000
Multivariate region null,Conventional,620,0.8444,0.00512618064449547,0.8343526859367889,0.8544473140632112,0.995,712.0349912088234,2500,5000
Multivariate region null,Anytime-valid,626,0.003,7.734339015067804e-4,0.0014840695530467106,0.00451593044695329,0.995,712.0349912088234,2500,5000
Multivariate region null,Conventional,626,0.8444,0.00512618064449547,0.8343526859367889,0.8544473140632112,0.995,712.0349912088234,2500,5000
Multivariate region null,Anytime-valid,633,0.003,7.734339015067804e-4,0.0014840695530467106,0.00451593044695329,0.995,712.0349912088234,2500,5000
Multivariate region null,Conventional,633,0.8448,0.005120799937509764,0.8347632321224808,0.8548367678775192,0.995,712.0349912088234,2500,5000
Multivariate region null,Anytime-valid,639,0.003,7.734339015067804e-4,0.0014840695530467106,0.00451593044695329,0.995,712.0349912088234,2500,5000
Multivariate region null,Conventional,639,0.8452,0.005115407315160739,0.8351738016622849,0.855226198337715,0.995,712.0349912088234,2500,5000
Multivariate region null,Anytime-valid,645,0.003,7.734339015067804e-4,0.0014840695530467106,0.00451593044695329,0.995,712.0349912088234,2500,5000
Multivariate region null,Conventional,645,0.8452,0.005115407315160739,0.8351738016622849,0.855226198337715,0.995,712.0349912088234,2500,5000
Multivariate region null,Anytime-valid,652,0.0032,7.987189743583158e-4,0.001634510810257701,0.0047654891897422995,0.995,712.0349912088234,2500,5000
Multivariate region null,Conventional,652,0.8456,0.005110002739725293,0.8355843946301384,0.8556156053698616,0.995,712.0349912088234,2500,5000
Multivariate region null,Anytime-valid,658,0.0032,7.987189743583158e-4,0.001634510810257701,0.0047654891897422995,0.995,712.0349912088234,2500,5000
Multivariate region null,Conventional,658,0.846,0.005104586173236769,0.8359950111004559,0.856004988899544,0.995,712.0349912088234,2500,5000
Multivariate region null,Anytime-valid,665,0.0032,7.987189743583158e-4,0.001634510810257701,0.0047654891897422995,0.995,712.0349912088234,2500,5000
Multivariate region null,Conventional,665,0.8466,0.005096438756622117,0.8366109800370207,0.8565890199629793,0.995,712.0349912088234,2500,5000
Multivariate region null,Anytime-valid,672,0.0034,8.232180756032997e-4,0.0017864925718175325,0.005013507428182467,0.995,712.0349912088234,2500,5000
Multivariate region null,Conventional,672,0.8466,0.005096438756622117,0.8366109800370207,0.8565890199629793,0.995,712.0349912088234,2500,5000
Multivariate region null,Anytime-valid,679,0.0038,8.701218305501822e-4,0.002094561212121643,0.005505438787878357,0.995,712.0349912088234,2500,5000
Multivariate region null,Conventional,679,0.8468,0.005093716914002976,0.8368163148485541,0.8567836851514459,0.995,712.0349912088234,2500,5000
Multivariate region null,Anytime-valid,685,0.0038,8.701218305501822e-4,0.002094561212121643,0.005505438787878357,0.995,712.0349912088234,2500,5000
Multivariate region null,Conventional,685,0.8472,0.005088264144086862,0.8372270022775897,0.8571729977224102,0.995,712.0349912088234,2500,5000
Multivariate region null,Anytime-valid,692,0.0038,8.701218305501822e-4,0.002094561212121643,0.005505438787878357,0.995,712.0349912088234,2500,5000
Multivariate region null,Conventional,692,0.8474,0.005085533207049187,0.8374323549141837,0.8573676450858164,0.995,712.0349912088234,2500,5000
Multivariate region null,Anytime-valid,699,0.004,8.926365441768558e-4,0.002250432373413363,0.005749567626586637,0.995,712.0349912088234,2500,5000
Multivariate region null,Conventional,699,0.8476,0.005082799228771485,0.8376377135116079,0.8575622864883922,0.995,712.0349912088234,2500,5000
Multivariate region null,Anytime-valid,706,0.004,8.926365441768558e-4,0.002250432373413363,0.005749567626586637,0.995,712.0349912088234,2500,5000
Multivariate region null,Conventional,706,0.8478,0.005080062204343565,0.8378430780794867,0.8577569219205133,0.995,712.0349912088234,2500,5000
Multivariate region null,Anytime-valid,713,0.004,8.926365441768558e-4,0.002250432373413363,0.005749567626586637,0.995,712.0349912088234,2500,5000
Multivariate region null,Conventional,713,0.848,0.005077322128839178,0.8380484486274752,0.8579515513725248,0.995,712.0349912088234,2500,5000
Multivariate region null,Anytime-valid,721,0.004,8.926365441768558e-4,0.002250432373413363,0.005749567626586637,0.995,712.0349912088234,2500,5000
Multivariate region null,Conventional,721,0.8484,0.005071832804815237,0.8384592077025622,0.8583407922974379,0.995,712.0349912088234,2500,5000
Multivariate region null,Anytime-valid,728,0.0042,9.145884320283086e-4,0.002407406673224515,0.005992593326775484,0.995,712.0349912088234,2500,5000
Multivariate region null,Conventional,728,0.8486,0.005069083546362201,0.8386645962491301,0.8585354037508699,0.995,712.0349912088234,2500,5000
Multivariate region null,Anytime-valid,735,0.0042,9.145884320283086e-4,0.002407406673224515,0.005992593326775484,0.995,712.0349912088234,2500,5000
Multivariate region null,Conventional,735,0.8486,0.005069083546362201,0.8386645962491301,0.8585354037508699,0.995,712.0349912088234,2500,5000
Multivariate region null,Anytime-valid,743,0.0042,9.145884320283086e-4,0.002407406673224515,0.005992593326775484,0.995,712.0349912088234,2500,5000
Multivariate region null,Conventional,743,0.8488,0.005066331216965586,0.8388699908147474,0.8587300091852526,0.995,712.0349912088234,2500,5000
Multivariate region null,Anytime-valid,750,0.0042,9.145884320283086e-4,0.002407406673224515,0.005992593326775484,0.995,712.0349912088234,2500,5000
Multivariate region null,Conventional,750,0.849,0.005063575811617715,0.8390753914092293,0.8589246085907707,0.995,712.0349912088234,2500,5000
Multivariate region null,Anytime-valid,758,0.0044,9.360170938610043e-4,0.002565406496032432,0.006234593503967569,0.995,712.0349912088234,2500,5000
Multivariate region null,Conventional,758,0.849,0.005063575811617715,0.8390753914092293,0.8589246085907707,0.995,712.0349912088234,2500,5000
Multivariate region null,Anytime-valid,765,0.0046,9.569576793150259e-4,0.0027243629485425493,0.0064756370514574505,0.995,712.0349912088234,2500,5000
Multivariate region null,Conventional,765,0.8492,0.005060817325294405,0.839280798042423,0.859119201957577,0.995,712.0349912088234,2500,5000
Multivariate region null,Anytime-valid,773,0.0046,9.569576793150259e-4,0.0027243629485425493,0.0064756370514574505,0.995,712.0349912088234,2500,5000
Multivariate region null,Conventional,773,0.8492,0.005060817325294405,0.839280798042423,0.859119201957577,0.995,712.0349912088234,2500,5000
Multivariate region null,Anytime-valid,781,0.0046,9.569576793150259e-4,0.0027243629485425493,0.0064756370514574505,0.995,712.0349912088234,2500,5000
Multivariate region null,Conventional,781,0.8494,0.005058055752954884,0.8394862107242085,0.8593137892757916,0.995,712.0349912088234,2500,5000
Multivariate region null,Anytime-valid,789,0.005,9.97496867163e-4,0.00304490614036052,0.00695509385963948,0.995,712.0349912088234,2500,5000
Multivariate region null,Conventional,789,0.8498,0.005052523329980773,0.8398970542732377,0.8597029457267623,0.995,712.0349912088234,2500,5000
Multivariate region null,Anytime-valid,797,0.005,9.97496867163e-4,0.00304490614036052,0.00695509385963948,0.995,712.0349912088234,2500,5000
Multivariate region null,Conventional,797,0.85,0.005049752469181039,0.8401024851604051,0.8598975148395949,0.995,712.0349912088234,2500,5000
Multivariate region null,Anytime-valid,805,0.005,9.97496867163e-4,0.00304490614036052,0.00695509385963948,0.995,712.0349912088234,2500,5000
Multivariate region null,Conventional,805,0.8504,0.005044201423416793,0.8405133652101031,0.860286634789897,0.995,712.0349912088234,2500,5000
Multivariate region null,Anytime-valid,813,0.0052,0.0010171489566430279,0.003206388044979665,0.0071936119550203344,0.995,712.0349912088234,2500,5000
Multivariate region null,Conventional,813,0.8504,0.005044201423416793,0.8405133652101031,0.860286634789897,0.995,712.0349912088234,2500,5000
Multivariate region null,Anytime-valid,821,0.0052,0.0010171489566430279,0.003206388044979665,0.0071936119550203344,0.995,712.0349912088234,2500,5000
Multivariate region null,Conventional,821,0.8504,0.005044201423416793,0.8405133652101031,0.860286634789897,0.995,712.0349912088234,2500,5000
Multivariate region null,Anytime-valid,829,0.0052,0.0010171489566430279,0.003206388044979665,0.0071936119550203344,0.995,712.0349912088234,2500,5000
Multivariate region null,Conventional,829,0.8506,0.00504142122818556,0.8407188143927563,0.8604811856072437,0.995,712.0349912088234,2500,5000
Multivariate region null,Anytime-valid,838,0.0054,0.001036420763975713,0.003368615302607603,0.007431384697392397,0.995,712.0349912088234,2500,5000
Multivariate region null,Conventional,838,0.8508,0.00503863791118195,0.8409242696940834,0.8606757303059166,0.995,712.0349912088234,2500,5000
Multivariate region null,Anytime-valid,846,0.0054,0.001036420763975713,0.003368615302607603,0.007431384697392397,0.995,712.0349912088234,2500,5000
Multivariate region null,Conventional,846,0.851,0.005035851467229748,0.8411297311242296,0.8608702688757703,0.995,712.0349912088234,2500,5000
Multivariate region null,Anytime-valid,855,0.0056,0.0010553331227626658,0.003531547079385175,0.007668452920614825,0.995,712.0349912088234,2500,5000
Multivariate region null,Conventional,855,0.8518,0.00502467431780409,0.841951638337104,0.861648361662896,0.995,712.0349912088234,2500,5000
Multivariate region null,Anytime-valid,863,0.0056,0.0010553331227626658,0.003531547079385175,0.007668452920614825,0.995,712.0349912088234,2500,5000
Multivariate region null,Conventional,863,0.8518,0.00502467431780409,0.841951638337104,0.861648361662896,0.995,712.0349912088234,2500,5000
Multivariate region null,Anytime-valid,872,0.0058,0.001073905023733477,0.0036951461534823846,0.007904853846517615,0.995,712.0349912088234,2500,5000
Multivariate region null,Conventional,872,0.852,0.005021872160857941,0.8421571305647184,0.8618428694352815,0.995,712.0349912088234,2500,5000
Multivariate region null,Anytime-valid,881,0.0062,0.0011100954913880157,0.0040242128368794886,0.008375787163120511,0.995,712.0349912088234,2500,5000
Multivariate region null,Conventional,881,0.852,0.005021872160857941,0.8421571305647184,0.8618428694352815,0.995,712.0349912088234,2500,5000
Multivariate region null,Anytime-valid,889,0.0064,0.0011277446519491901,0.004189620482179588,0.008610379517820413,0.995,712.0349912088234,2500,5000
Multivariate region null,Conventional,889,0.8522,0.005019066845540115,0.8423626289827413,0.8620373710172586,0.995,712.0349912088234,2500,5000
Multivariate region null,Anytime-valid,898,0.0066,0.001145114841402381,0.004355574910851333,0.008844425089148667,0.995,712.0349912088234,2500,5000
Multivariate region null,Conventional,898,0.8524,0.0050162583665517065,0.8425681336015587,0.8622318663984414,0.995,712.0349912088234,2500,5000
Multivariate region null,Anytime-valid,907,0.0068,0.001162218568084334,0.004522051606554705,0.009077948393445294,0.995,712.0349912088234,2500,5000
Multivariate region null,Conventional,907,0.8524,0.0050162583665517065,0.8425681336015587,0.8622318663984414,0.995,712.0349912088234,2500,5000
Multivariate region null,Anytime-valid,917,0.007,0.0011790674280973078,0.004689027840929277,0.009310972159070723,0.995,712.0349912088234,2500,5000
Multivariate region null,Conventional,917,0.8528,0.005010631896278153,0.8429791614832948,0.8626208385167052,0.995,712.0349912088234,2500,5000
Multivariate region null,Anytime-valid,926,0.007,0.0011790674280973078,0.004689027840929277,0.009310972159070723,0.995,712.0349912088234,2500,5000
Multivariate region null,Conventional,926,0.853,0.005007813894305578,0.843184684767161,0.8628153152328389,0.995,712.0349912088234,2500,5000
Multivariate region null,Anytime-valid,935,0.0072,0.0011956721958797903,0.004856482496075611,0.00954351750392439,0.995,712.0349912088234,2500,5000
Multivariate region null,Conventional,935,0.8532,0.005004992707287395,0.8433902142937166,0.8630097857062833,0.995,712.0349912088234,2500,5000
Multivariate region null,Anytime-valid,945,0.0074,0.001212042903531059,0.0050243959090791246,0.009775604090920875,0.995,712.0349912088234,2500,5000
Multivariate region null,Conventional,945,0.8532,0.005004992707287395,0.8433902142937166,0.8630097857062833,0.995,712.0349912088234,2500,5000
Multivariate region null,Anytime-valid,954,0.0074,0.001212042903531059,0.0050243959090791246,0.009775604090920875,0.995,712.0349912088234,2500,5000
Multivariate region null,Conventional,954,0.8532,0.005004992707287395,0.8433902142937166,0.8630097857062833,0.995,712.0349912088234,2500,5000
Multivariate region null,Anytime-valid,964,0.0076,0.0012281889105508158,0.005192749735320401,0.0100072502646796,0.995,712.0349912088234,2500,5000
Multivariate region null,Conventional,964,0.8534,0.005002168329834572,0.8435957500735243,0.8632042499264758,0.995,712.0349912088234,2500,5000
Multivariate region null,Anytime-valid,973,0.0078,0.0012441189653726848,0.005361526827869537,0.010238473172130462,0.995,712.0349912088234,2500,5000
Multivariate region null,Conventional,973,0.8536,0.004999340756539806,0.843801292117182,0.863398707882818,0.995,712.0349912088234,2500,5000
Multivariate region null,Anytime-valid,983,0.0078,0.0012441189653726848,0.005361526827869537,0.010238473172130462,0.995,712.0349912088234,2500,5000
Multivariate region null,Conventional,983,0.8536,0.004999340756539806,0.843801292117182,0.863398707882818,0.995,712.0349912088234,2500,5000
Multivariate region null,Anytime-valid,993,0.008,0.0012598412598418898,0.005530711130709897,0.010469288869290104,0.995,712.0349912088234,2500,5000
Multivariate region null,Conventional,993,0.8538,0.00499650998197742,0.8440068404353243,0.8635931595646757,0.995,712.0349912088234,2500,5000
Multivariate region null,Anytime-valid,1003,0.008,0.0012598412598418898,0.005530711130709897,0.010469288869290104,0.995,712.0349912088234,2500,5000
Multivariate region null,Conventional,1003,0.854,0.00499367600070329,0.8442123950386216,0.8637876049613784,0.995,712.0349912088234,2500,5000
Multivariate region null,Anytime-valid,1013,0.0082,0.0012753634776015816,0.005700287583900901,0.0106997124160991,0.995,712.0349912088234,2500,5000
Multivariate region null,Conventional,1013,0.8544,0.0049879983961505035,0.844623523143545,0.864176476856455,0.995,712.0349912088234,2500,5000
Multivariate region null,Anytime-valid,1024,0.0082,0.0012753634776015816,0.005700287583900901,0.0106997124160991,0.995,712.0349912088234,2500,5000
Multivariate region null,Conventional,1024,0.855,0.0049794578018093495,0.8452402627084536,0.8647597372915463,0.995,712.0349912088234,2500,5000
Multivariate region null,Anytime-valid,1034,0.0082,0.0012753634776015816,0.005700287583900901,0.0106997124160991,0.995,712.0349912088234,2500,5000
Multivariate region null,Conventional,1034,0.8552,0.004976604464893709,0.8454458552488083,0.8649541447511916,0.995,712.0349912088234,2500,5000
Multivariate region null,Anytime-valid,1044,0.0084,0.001290692837200238,0.005870242039087533,0.010929757960912466,0.995,712.0349912088234,2500,5000
Multivariate region null,Conventional,1044,0.8552,0.004976604464893709,0.8454458552488083,0.8649541447511916,0.995,712.0349912088234,2500,5000
Multivariate region null,Anytime-valid,1055,0.0088,0.0013207997577225701,0.0062112324748637635,0.011388767525136238,0.995,712.0349912088234,2500,5000
Multivariate region null,Conventional,1055,0.8552,0.004976604464893709,0.8454458552488083,0.8649541447511916,0.995,712.0349912088234,2500,5000
Multivariate region null,Anytime-valid,1065,0.0088,0.0013207997577225701,0.0062112324748637635,0.011388767525136238,0.995,712.0349912088234,2500,5000
Multivariate region null,Conventional,1065,0.8552,0.004976604464893709,0.8454458552488083,0.8649541447511916,0.995,712.0349912088234,2500,5000
Multivariate region null,Anytime-valid,1076,0.009,0.001335589757373124,0.006382244075548676,0.011617755924451321,0.995,712.0349912088234,2500,5000
Multivariate region null,Conventional,1076,0.8554,0.004973747882633376,0.8456514541500386,0.8651485458499615,0.995,712.0349912088234,2500,5000
Multivariate region null,Anytime-valid,1087,0.009,0.001335589757373124,0.006382244075548676,0.011617755924451321,0.995,712.0349912088234,2500,5000
Multivariate region null,Conventional,1087,0.8554,0.004973747882633376,0.8456514541500386,0.8651485458499615,0.995,712.0349912088234,2500,5000
Multivariate region null,Anytime-valid,1098,0.0096,0.0013789735312905755,0.006897211878670472,0.012302788121329527,0.995,712.0349912088234,2500,5000
Multivariate region null,Conventional,1098,0.8556,0.004970888049433421,0.8458570594231105,0.8653429405768895,0.995,712.0349912088234,2500,5000
Multivariate region null,Anytime-valid,1109,0.0096,0.0013789735312905755,0.006897211878670472,0.012302788121329527,0.995,712.0349912088234,2500,5000
Multivariate region null,Conventional,1109,0.8562,0.004962288987957071,0.8464739135836041,0.8659260864163958,0.995,712.0349912088234,2500,5000
Multivariate region null,Anytime-valid,1120,0.01,0.0014071247279470289,0.007242035533223824,0.012757964466776177,0.995,712.0349912088234,2500,5000
Multivariate region null,Conventional,1120,0.8564,0.004959416094662757,0.846679544454461,0.8661204555455391,0.995,712.0349912088234,2500,5000
Multivariate region null,Anytime-valid,1131,0.01,0.0014071247279470289,0.007242035533223824,0.012757964466776177,0.995,712.0349912088234,2500,5000
Multivariate region null,Conventional,1131,0.8564,0.004959416094662757,0.846679544454461,0.8661204555455391,0.995,712.0349912088234,2500,5000
Multivariate region null,Anytime-valid,1143,0.0102,0.0014209827585160914,0.007414873793308461,0.01298512620669154,0.995,712.0349912088234,2500,5000
Multivariate region null,Conventional,1143,0.8564,0.004959416094662757,0.846679544454461,0.8661204555455391,0.995,712.0349912088234,2500,5000
Multivariate region null,Anytime-valid,1154,0.0102,0.0014209827585160914,0.007414873793308461,0.01298512620669154,0.995,712.0349912088234,2500,5000
Multivariate region null,Conventional,1154,0.8566,0.004956539922163444,0.8468851817525597,0.8663148182474404,0.995,712.0349912088234,2500,5000
Multivariate region null,Anytime-valid,1166,0.0106,0.00144828450243728,0.007761362375222932,0.013438637624777068,0.995,712.0349912088234,2500,5000
Multivariate region null,Conventional,1166,0.8566,0.004956539922163444,0.8468851817525597,0.8663148182474404,0.995,712.0349912088234,2500,5000
Multivariate region null,Anytime-valid,1178,0.0106,0.00144828450243728,0.007761362375222932,0.013438637624777068,0.995,712.0349912088234,2500,5000
Multivariate region null,Conventional,1178,0.8566,0.004956539922163444,0.8468851817525597,0.8663148182474404,0.995,712.0349912088234,2500,5000
Multivariate region null,Anytime-valid,1190,0.011,0.0014750593208410297,0.008108883731151581,0.013891116268848418,0.995,712.0349912088234,2500,5000
Multivariate region null,Conventional,1190,0.8568,0.004953660464747256,0.8470908254890954,0.8665091745109046,0.995,712.0349912088234,2500,5000
Multivariate region null,Anytime-valid,1202,0.011,0.0014750593208410297,0.008108883731151581,0.013891116268848418,0.995,712.0349912088234,2500,5000
Multivariate region null,Conventional,1202,0.8572,0.004947891672217573,0.8475021323224535,0.8668978676775464,0.995,712.0349912088234,2500,5000
Multivariate region null,Anytime-valid,1214,0.0112,0.001488258042141886,0.008283014237401904,0.014116985762598096,0.995,712.0349912088234,2500,5000
Multivariate region null,Conventional,1214,0.8572,0.004947891672217573,0.8475021323224535,0.8668978676775464,0.995,712.0349912088234,2500,5000
Multivariate region null,Anytime-valid,1226,0.0112,0.001488258042141886,0.008283014237401904,0.014116985762598096,0.995,712.0349912088234,2500,5000
Multivariate region null,Conventional,1226,0.8574,0.004945002325580847,0.8477077954418616,0.8670922045581385,0.995,712.0349912088234,2500,5000
Multivariate region null,Anytime-valid,1238,0.0112,0.001488258042141886,0.008283014237401904,0.014116985762598096,0.995,712.0349912088234,2500,5000
Multivariate region null,Conventional,1238,0.8578,0.004939213702604899,0.8481191411428944,0.8674808588571056,0.995,712.0349912088234,2500,5000
Multivariate region null,Anytime-valid,1251,0.0116,0.0015142945552302563,0.008631982671748696,0.014568017328251302,0.995,712.0349912088234,2500,5000
Multivariate region null,Conventional,1251,0.8582,0.004933411801177762,0.8485305128696915,0.8678694871303084,0.995,712.0349912088234,2500,5000
Multivariate region null,Anytime-valid,1263,0.0118,0.001527138500595149,0.008806808538833508,0.014793191461166491,0.995,712.0349912088234,2500,5000
Multivariate region null,Conventional,1263,0.8588,0.004924683949249942,0.8491476194594701,0.8684523805405299,0.995,712.0349912088234,2500,5000
Multivariate region null,Anytime-valid,1276,0.0122,0.0015524921899964586,0.009157115307606942,0.01524288469239306,0.995,712.0349912088234,2500,5000
Multivariate region null,Conventional,1276,0.8588,0.004924683949249942,0.8491476194594701,0.8684523805405299,0.995,712.0349912088234,2500,5000
Multivariate region null,Anytime-valid,1289,0.0122,0.0015524921899964586,0.009157115307606942,0.01524288469239306,0.995,712.0349912088234,2500,5000
Multivariate region null,Conventional,1289,0.8588,0.004924683949249942,0.8491476194594701,0.8684523805405299,0.995,712.0349912088234,2500,5000
Multivariate region null,Anytime-valid,1302,0.0122,0.0015524921899964586,0.009157115307606942,0.01524288469239306,0.995,712.0349912088234,2500,5000
Multivariate region null,Conventional,1302,0.8594,0.004915925955504211,0.8497647851272118,0.8690352148727883,0.995,712.0349912088234,2500,5000
Multivariate region null,Anytime-valid,1315,0.0122,0.0015524921899964586,0.009157115307606942,0.01524288469239306,0.995,712.0349912088234,2500,5000
Multivariate region null,Conventional,1315,0.8596,0.004912999898229187,0.8499705201994708,0.8692294798005292,0.995,712.0349912088234,2500,5000
Multivariate region null,Anytime-valid,1328,0.0124,0.0015650073482255604,0.009332585597477901,0.015467414402522098,0.995,712.0349912088234,2500,5000
Multivariate region null,Conventional,1328,0.8596,0.004912999898229187,0.8499705201994708,0.8692294798005292,0.995,712.0349912088234,2500,5000
Multivariate region null,Anytime-valid,1342,0.0126,0.0015774181436765586,0.009508260438393945,0.015691739561606056,0.995,712.0349912088234,2500,5000
Multivariate region null,Conventional,1342,0.8598,0.004910070467926096,0.8501762618828649,0.8694237381171351,0.995,712.0349912088234,2500,5000
Multivariate region null,Anytime-valid,1355,0.0128,0.0015897270205919003,0.009684135039639876,0.015915864960360127,0.995,712.0349912088234,2500,5000
Multivariate region null,Conventional,1355,0.86,0.004907137658554119,0.8503820101892339,0.8696179898107661,0.995,712.0349912088234,2500,5000
Multivariate region null,Anytime-valid,1369,0.013,0.0016019363283226958,0.009860204796487516,0.016139795203512483,0.995,712.0349912088234,2500,5000
Multivariate region null,Conventional,1369,0.86,0.004907137658554119,0.8503820101892339,0.8696179898107661,0.995,712.0349912088234,2500,5000
Multivariate region null,Anytime-valid,1383,0.013,0.0016019363283226958,0.009860204796487516,0.016139795203512483,0.995,712.0349912088234,2500,5000
Multivariate region null,Conventional,1383,0.8602,0.004904201464051004,0.85058776513046,0.86981223486954,0.995,712.0349912088234,2500,5000
Multivariate region null,Anytime-valid,1397,0.0132,0.0016140483264140513,0.01003646528022846,0.01636353471977154,0.995,712.0349912088234,2500,5000
Multivariate region null,Conventional,1397,0.8602,0.004904201464051004,0.85058776513046,0.86981223486954,0.995,712.0349912088234,2500,5000
Multivariate region null,Anytime-valid,1411,0.0132,0.0016140483264140513,0.01003646528022846,0.01636353471977154,0.995,712.0349912088234,2500,5000
Multivariate region null,Conventional,1411,0.8606,0.004898318895294588,0.8509992949652226,0.8702007050347774,0.995,712.0349912088234,2500,5000
Multivariate region null,Anytime-valid,1425,0.0132,0.0016140483264140513,0.01003646528022846,0.01636353471977154,0.995,712.0349912088234,2500,5000
Multivariate region null,Conventional,1425,0.8608,0.004895372508808701,0.8512050698827349,0.8703949301172651,0.995,712.0349912088234,2500,5000
Multivariate region null,Anytime-valid,1439,0.0136,0.0016379890109521492,0.010389541538533787,0.016810458461466213,0.995,712.0349912088234,2500,5000
Multivariate region null,Conventional,1439,0.8612,0.004889469500876349,0.8516166397782823,0.8707833602217177,0.995,712.0349912088234,2500,5000
Multivariate region null,Anytime-valid,1454,0.0138,0.0016498218085599426,0.010566349255222512,0.017033650744777487,0.995,712.0349912088234,2500,5000
Multivariate region null,Conventional,1454,0.8614,0.0048865128670658375,0.851822434780551,0.8709775652194491,0.995,712.0349912088234,2500,5000
Multivariate region null,Anytime-valid,1468,0.0138,0.0016498218085599426,0.010566349255222512,0.017033650744777487,0.995,712.0349912088234,2500,5000
Multivariate region null,Conventional,1468,0.8616,0.0048835528050795145,0.8520282365020442,0.8711717634979559,0.995,712.0349912088234,2500,5000
Multivariate region null,Anytime-valid,1483,0.0144,0.0016847931623792875,0.011097805401736596,0.0177021945982634,0.995,712.0349912088234,2500,5000
Multivariate region null,Conventional,1483,0.8616,0.0048835528050795145,0.8520282365020442,0.8711717634979559,0.995,712.0349912088234,2500,5000
Multivariate region null,Anytime-valid,1498,0.0148,0.0017076861538350657,0.011452935138483271,0.01814706486151673,0.995,712.0349912088234,2500,5000
Multivariate region null,Conventional,1498,0.8618,0.004880589308679844,0.8522340449549876,0.8713659550450125,0.995,712.0349912088234,2500,5000
Multivariate region null,Anytime-valid,1513,0.0152,0.001730257784262218,0.011808694742846054,0.018591305257153946,0.995,712.0349912088234,2500,5000
Multivariate region null,Conventional,1513,0.8618,0.004880589308679844,0.8522340449549876,0.8713659550450125,0.995,712.0349912088234,2500,5000
Multivariate region null,Anytime-valid,1528,0.0156,0.001752520470636506,0.012165059877552448,0.019034940122447552,0.995,712.0349912088234,2500,5000
Multivariate region null,Conventional,1528,0.862,0.0048776223716068875,0.8524398601516505,0.8715601398483495,0.995,712.0349912088234,2500,5000
Multivariate region null,Anytime-valid,1544,0.0156,0.001752520470636506,0.012165059877552448,0.019034940122447552,0.995,712.0349912088234,2500,5000
Multivariate region null,Conventional,1544,0.8622,0.004874651987578191,0.8526456821043467,0.8717543178956533,0.995,712.0349912088234,2500,5000
Multivariate region null,Anytime-valid,1559,0.0156,0.001752520470636506,0.012165059877552448,0.019034940122447552,0.995,712.0349912088234,2500,5000
Multivariate region null,Conventional,1559,0.8626,0.004868700853410486,0.8530573463273154,0.8721426536726846,0.995,712.0349912088234,2500,5000
Multivariate region null,Anytime-valid,1575,0.0156,0.001752520470636506,0.012165059877552448,0.019034940122447552,0.995,712.0349912088234,2500,5000
Multivariate region null,Conventional,1575,0.8626,0.004868700853410486,0.8530573463273154,0.8721426536726846,0.995,712.0349912088234,2500,5000
Multivariate region null,Anytime-valid,1591,0.0156,0.001752520470636506,0.012165059877552448,0.019034940122447552,0.995,712.0349912088234,2500,5000
Multivariate region null,Conventional,1591,0.8628,0.004865720090592963,0.8532631886224378,0.8723368113775622,0.995,712.0349912088234,2500,5000
Multivariate region null,Anytime-valid,1607,0.0158,0.0017635396224638675,0.012343462339970822,0.01925653766002918,0.995,712.0349912088234,2500,5000
Multivariate region null,Conventional,1607,0.8628,0.004865720090592963,0.8532631886224378,0.8723368113775622,0.995,712.0349912088234,2500,5000
Multivariate region null,Anytime-valid,1623,0.0162,0.0017853604678047513,0.012700693483102687,0.019699306516897313,0.995,712.0349912088234,2500,5000
Multivariate region null,Conventional,1623,0.863,0.004862735855462437,0.8534690377232936,0.8725309622767063,0.995,712.0349912088234,2500,5000
Multivariate region null,Anytime-valid,1640,0.0162,0.0017853604678047513,0.012700693483102687,0.019699306516897313,0.995,712.0349912088234,2500,5000
Multivariate region null,Conventional,1640,0.8632,0.004859748141622156,0.8536748936424206,0.8727251063575794,0.995,712.0349912088234,2500,5000
Multivariate region null,Anytime-valid,1656,0.0164,0.0017961648031291561,0.012879516985866856,0.01992048301413315,0.995,712.0349912088234,2500,5000
Multivariate region null,Conventional,1656,0.8634,0.004856756942652165,0.8538807563924017,0.8729192436075982,0.995,712.0349912088234,2500,5000
Multivariate region null,Anytime-valid,1673,0.0164,0.0017961648031291561,0.012879516985866856,0.01992048301413315,0.995,712.0349912088234,2500,5000
Multivariate region null,Conventional,1673,0.8634,0.004856756942652165,0.8538807563924017,0.8729192436075982,0.995,712.0349912088234,2500,5000
Multivariate region null,Anytime-valid,1690,0.0164,0.0017961648031291561,0.012879516985866856,0.01992048301413315,0.995,712.0349912088234,2500,5000
Multivariate region null,Conventional,1690,0.8636,0.004853762252109182,0.854086625985866,0.873113374014134,0.995,712.0349912088234,2500,5000
Multivariate region null,Anytime-valid,1707,0.0164,0.0017961648031291561,0.012879516985866856,0.01992048301413315,0.995,712.0349912088234,2500,5000
Multivariate region null,Conventional,1707,0.8636,0.004853762252109182,0.854086625985866,0.873113374014134,0.995,712.0349912088234,2500,5000
Multivariate region null,Anytime-valid,1724,0.0164,0.0017961648031291561,0.012879516985866856,0.01992048301413315,0.995,712.0349912088234,2500,5000
Multivariate region null,Conventional,1724,0.864,0.004847762370413798,0.854498385753989,0.873501614246011,0.995,712.0349912088234,2500,5000
Multivariate region null,Anytime-valid,1741,0.0168,0.0018175676053451217,0.013237567493523561,0.020362432506476437,0.995,712.0349912088234,2500,5000
Multivariate region null,Conventional,1741,0.8642,0.004844757166257149,0.854704275954136,0.8736957240458639,0.995,712.0349912088234,2500,5000
Multivariate region null,Anytime-valid,1759,0.017,0.0018281684823888635,0.013416789774517828,0.020583210225482172,0.995,712.0349912088234,2500,5000
Multivariate region null,Conventional,1759,0.8642,0.004844757166257149,0.854704275954136,0.8736957240458639,0.995,712.0349912088234,2500,5000
Multivariate region null,Anytime-valid,1776,0.017,0.0018281684823888635,0.013416789774517828,0.020583210225482172,0.995,712.0349912088234,2500,5000
Multivariate region null,Conventional,1776,0.8644,0.0048417484445187784,0.8549101730487432,0.8738898269512567,0.995,712.0349912088234,2500,5000
Multivariate region null,Anytime-valid,1794,0.017,0.0018281684823888635,0.013416789774517828,0.020583210225482172,0.995,712.0349912088234,2500,5000
Multivariate region null,Conventional,1794,0.8646,0.004838736198636995,0.8551160770506715,0.8740839229493286,0.995,712.0349912088234,2500,5000
Multivariate region null,Anytime-valid,1812,0.017,0.0018281684823888635,0.013416789774517828,0.020583210225482172,0.995,712.0349912088234,2500,5000
Multivariate region null,Conventional,1812,0.8646,0.004838736198636995,0.8551160770506715,0.8740839229493286,0.995,712.0349912088234,2500,5000
Multivariate region null,Anytime-valid,1831,0.0176,0.0018595827488982577,0.013955217812159415,0.021244782187840587,0.995,712.0349912088234,2500,5000
Multivariate region null,Conventional,1831,0.8646,0.004838736198636995,0.8551160770506715,0.8740839229493286,0.995,712.0349912088234,2500,5000
Multivariate region null,Anytime-valid,1849,0.0176,0.0018595827488982577,0.013955217812159415,0.021244782187840587,0.995,712.0349912088234,2500,5000
Multivariate region null,Conventional,1849,0.8646,0.004838736198636995,0.8551160770506715,0.8740839229493286,0.995,712.0349912088234,2500,5000
Multivariate region null,Anytime-valid,1868,0.018,0.0018802127539190876,0.014314783002318587,0.02168521699768141,0.995,712.0349912088234,2500,5000
Multivariate region null,Conventional,1868,0.8646,0.004838736198636995,0.8551160770506715,0.8740839229493286,0.995,712.0349912088234,2500,5000
Multivariate region null,Anytime-valid,1887,0.0186,0.001910708769017403,0.014855010812725888,0.02234498918727411,0.995,712.0349912088234,2500,5000
Multivariate region null,Conventional,1887,0.8648,0.00483572042202607,0.8553219879728289,0.8742780120271711,0.995,712.0349912088234,2500,5000
Multivariate region null,Anytime-valid,1906,0.0186,0.001910708769017403,0.014855010812725888,0.02234498918727411,0.995,712.0349912088234,2500,5000
Multivariate region null,Conventional,1906,0.8648,0.00483572042202607,0.8553219879728289,0.8742780120271711,0.995,712.0349912088234,2500,5000
Multivariate region null,Anytime-valid,1925,0.0186,0.001910708769017403,0.014855010812725888,0.02234498918727411,0.995,712.0349912088234,2500,5000
Multivariate region null,Conventional,1925,0.865,0.004832701108076104,0.8555279058281708,0.8744720941718291,0.995,712.0349912088234,2500,5000
Multivariate region null,Anytime-valid,1944,0.0186,0.001910708769017403,0.014855010812725888,0.02234498918727411,0.995,712.0349912088234,2500,5000
Multivariate region null,Conventional,1944,0.8656,0.004823621875727823,0.8561457011235735,0.8750542988764266,0.995,712.0349912088234,2500,5000
Multivariate region null,Anytime-valid,1964,0.0186,0.001910708769017403,0.014855010812725888,0.02234498918727411,0.995,712.0349912088234,2500,5000
Multivariate region null,Conventional,1964,0.8658,0.004820588345834977,0.8563516468421635,0.8752483531578366,0.995,712.0349912088234,2500,5000
Multivariate region null,Anytime-valid,1984,0.0186,0.001910708769017403,0.014855010812725888,0.02234498918727411,0.995,712.0349912088234,2500,5000
Multivariate region null,Conventional,1984,0.866,0.004817551245186708,0.856557599559434,0.875442400440566,0.995,712.0349912088234,2500,5000
Multivariate region null,Anytime-valid,2004,0.0186,0.001910708769017403,0.014855010812725888,0.02234498918727411,0.995,712.0349912088234,2500,5000
Multivariate region null,Conventional,2004,0.8662,0.00481451056702548,0.85676355928863,0.8756364407113699,0.995,712.0349912088234,2500,5000
Multivariate region null,Anytime-valid,2024,0.0188,0.0019207581836347854,0.015035313960075822,0.02256468603992418,0.995,712.0349912088234,2500,5000
Multivariate region null,Conventional,2024,0.8666,0.0048084184510086055,0.8571754998360231,0.8760245001639769,0.995,712.0349912088234,2500,5000
Multivariate region null,Anytime-valid,2044,0.0192,0.0019406885376072069,0.015396250466289873,0.023003749533710125,0.995,712.0349912088234,2500,5000
Multivariate region null,Conventional,2044,0.8666,0.0048084184510086055,0.8571754998360231,0.8760245001639769,0.995,712.0349912088234,2500,5000
Multivariate region null,Anytime-valid,2065,0.0192,0.0019406885376072069,0.015396250466289873,0.023003749533710125,0.995,712.0349912088234,2500,5000
Multivariate region null,Conventional,2065,0.8668,0.004805366999512108,0.8573814806809563,0.8762185193190437,0.995,712.0349912088234,2500,5000
Multivariate region null,Anytime-valid,2086,0.0192,0.0019406885376072069,0.015396250466289873,0.023003749533710125,0.995,712.0349912088234,2500,5000
Multivariate region null,Conventional,2086,0.867,0.004802311943220682,0.8575874685912874,0.8764125314087126,0.995,712.0349912088234,2500,5000
Multivariate region null,Anytime-valid,2107,0.0198,0.001970175626689154,0.01593845577168926,0.023661544228310745,0.995,712.0349912088234,2500,5000
Multivariate region null,Conventional,2107,0.8672,0.0047992532752502235,0.8577934635805096,0.8766065364194904,0.995,712.0349912088234,2500,5000
Multivariate region null,Anytime-valid,2128,0.02,0.001979898987322333,0.016119397984848228,0.023880602015151773,0.995,712.0349912088234,2500,5000
Multivariate region null,Conventional,2128,0.8676,0.004793125076607119,0.8582054748498501,0.87699452515015,0.995,712.0349912088234,2500,5000
Multivariate region null,Anytime-valid,2149,0.0202,0.001989570807988497,0.016300441216342547,0.02409955878365745,0.995,712.0349912088234,2500,5000
Multivariate region null,Conventional,2149,0.8676,0.004793125076607119,0.8582054748498501,0.87699452515015,0.995,712.0349912088234,2500,5000
Multivariate region null,Anytime-valid,2171,0.0202,0.001989570807988497,0.016300441216342547,0.02409955878365745,0.995,712.0349912088234,2500,5000
Multivariate region null,Conventional,2171,0.8676,0.004793125076607119,0.8582054748498501,0.87699452515015,0.995,712.0349912088234,2500,5000
Multivariate region null,Anytime-valid,2193,0.0204,0.0019991918367180273,0.01648158400003267,0.024318415999967334,0.995,712.0349912088234,2500,5000
Multivariate region null,Conventional,2193,0.8676,0.004793125076607119,0.8582054748498501,0.87699452515015,0.995,712.0349912088234,2500,5000
Multivariate region null,Anytime-valid,2215,0.0204,0.0019991918367180273,0.01648158400003267,0.024318415999967334,0.995,712.0349912088234,2500,5000
Multivariate region null,Conventional,2215,0.8678,0.0047900555320371805,0.8584114911572072,0.8771885088427929,0.995,712.0349912088234,2500,5000
Multivariate region null,Anytime-valid,2237,0.0206,0.002008762803319496,0.016662824905493787,0.024537175094506213,0.995,712.0349912088234,2500,5000
Multivariate region null,Conventional,2237,0.868,0.0047869823479933585,0.858617514597933,0.877382485402067,0.995,712.0349912088234,2500,5000
Multivariate region null,Anytime-valid,2260,0.0206,0.002008762803319496,0.016662824905493787,0.024537175094506213,0.995,712.0349912088234,2500,5000
Multivariate region null,Conventional,2260,0.868,0.0047869823479933585,0.858617514597933,0.877382485402067,0.995,712.0349912088234,2500,5000
Multivariate region null,Anytime-valid,2282,0.0206,0.002008762803319496,0.016662824905493787,0.024537175094506213,0.995,712.0349912088234,2500,5000
Multivariate region null,Conventional,2282,0.868,0.0047869823479933585,0.858617514597933,0.877382485402067,0.995,712.0349912088234,2500,5000
Multivariate region null,Anytime-valid,2305,0.0212,0.0020371823678797143,0.017207122558955762,0.025192877441044238,0.995,712.0349912088234,2500,5000
Multivariate region null,Conventional,2305,0.868,0.0047869823479933585,0.858617514597933,0.877382485402067,0.995,712.0349912088234,2500,5000
Multivariate region null,Anytime-valid,2329,0.0212,0.0020371823678797143,0.017207122558955762,0.025192877441044238,0.995,712.0349912088234,2500,5000
Multivariate region null,Conventional,2329,0.8684,0.004780825033401662,0.8590295829345327,0.8777704170654672,0.995,712.0349912088234,2500,5000
Multivariate region null,Anytime-valid,2352,0.022,0.0020744155803502826,0.017934145462513443,0.026065854537486555,0.995,712.0349912088234,2500,5000
Multivariate region null,Conventional,2352,0.8684,0.004780825033401662,0.8590295829345327,0.8777704170654672,0.995,712.0349912088234,2500,5000
Multivariate region null,Anytime-valid,2376,0.0226,0.0021018677408438428,0.018480339227946067,0.02671966077205393,0.995,712.0349912088234,2500,5000
Multivariate region null,Conventional,2376,0.8686,0.004777740888746479,0.859235627858057,0.8779643721419431,0.995,712.0349912088234,2500,5000
Multivariate region null,Anytime-valid,2400,0.0226,0.0021018677408438428,0.018480339227946067,0.02671966077205393,0.995,712.0349912088234,2500,5000
Multivariate region null,Conventional,2400,0.8688,0.004774653076402515,0.8594416799702511,0.8781583200297489,0.995,712.0349912088234,2500,5000
Multivariate region null,Anytime-valid,2424,0.0228,0.00211093154791907,0.018662574166078624,0.026937425833921377,0.995,712.0349912088234,2500,5000
Multivariate region null,Conventional,2424,0.8688,0.004774653076402515,0.8594416799702511,0.8781583200297489,0.995,712.0349912088234,2500,5000
Multivariate region null,Anytime-valid,2448,0.023,0.0021199528296639053,0.018844892453858744,0.027155107546141255,0.995,712.0349912088234,2500,5000
Multivariate region null,Conventional,2448,0.8692,0.004768466420139708,0.8598538058165262,0.8785461941834738,0.995,712.0349912088234,2500,5000
Multivariate region null,Anytime-valid,2473,0.0232,0.0021289321266775977,0.019027293031711908,0.02737270696828809,0.995,712.0349912088234,2500,5000
Multivariate region null,Conventional,2473,0.8692,0.004768466420139708,0.8598538058165262,0.8785461941834738,0.995,712.0349912088234,2500,5000
Multivariate region null,Anytime-valid,2498,0.0232,0.0021289321266775977,0.019027293031711908,0.02737270696828809,0.995,712.0349912088234,2500,5000
Multivariate region null,Conventional,2498,0.8692,0.004768466420139708,0.8598538058165262,0.8785461941834738,0.995,712.0349912088234,2500,5000
Multivariate region null,Anytime-valid,2523,0.0232,0.0021289321266775977,0.019027293031711908,0.02737270696828809,0.995,712.0349912088234,2500,5000
Multivariate region null,Conventional,2523,0.8694,0.004765367561899082,0.8600598795786778,0.8787401204213221,0.995,712.0349912088234,2500,5000
Multivariate region null,Anytime-valid,2549,0.0232,0.0021289321266775977,0.019027293031711908,0.02737270696828809,0.995,712.0349912088234,2500,5000
Multivariate region null,Conventional,2549,0.8696,0.00476226500732582,0.8602659605856414,0.8789340394143587,0.995,712.0349912088234,2500,5000
Multivariate region null,Anytime-valid,2574,0.0232,0.0021289321266775977,0.019027293031711908,0.02737270696828809,0.995,712.0349912088234,2500,5000
Multivariate region null,Conventional,2574,0.8696,0.00476226500732582,0.8602659605856414,0.8789340394143587,0.995,712.0349912088234,2500,5000
Multivariate region null,Anytime-valid,2600,0.0232,0.0021289321266775977,0.019027293031711908,0.02737270696828809,0.995,712.0349912088234,2500,5000
Multivariate region null,Conventional,2600,0.8696,0.00476226500732582,0.8602659605856414,0.8789340394143587,0.995,712.0349912088234,2500,5000
Multivariate region null,Anytime-valid,2626,0.0232,0.0021289321266775977,0.019027293031711908,0.02737270696828809,0.995,712.0349912088234,2500,5000
Multivariate region null,Conventional,2626,0.8698,0.0047591587491908685,0.8604720488515859,0.8791279511484141,0.995,712.0349912088234,2500,5000
Multivariate region null,Anytime-valid,2653,0.0234,0.0021378699679821503,0.019209774862754984,0.027590225137245017,0.995,712.0349912088234,2500,5000
Multivariate region null,Conventional,2653,0.8706,0.004746696535486547,0.8612964747904464,0.8799035252095537,0.995,712.0349912088234,2500,5000
Multivariate region null,Anytime-valid,2680,0.0238,0.002155623343722182,0.019574978246304525,0.028025021753695478,0.995,712.0349912088234,2500,5000
Multivariate region null,Conventional,2680,0.871,0.004740443017271698,0.8617087316861475,0.8802912683138525,0.995,712.0349912088234,2500,5000
Multivariate region null,Anytime-valid,2707,0.0238,0.002155623343722182,0.019574978246304525,0.028025021753695478,0.995,712.0349912088234,2500,5000
Multivariate region null,Conventional,2707,0.871,0.004740443017271698,0.8617087316861475,0.8802912683138525,0.995,712.0349912088234,2500,5000
Multivariate region null,Anytime-valid,2734,0.0238,0.002155623343722182,0.019574978246304525,0.028025021753695478,0.995,712.0349912088234,2500,5000
Multivariate region null,Conventional,2734,0.8712,0.00473731062946056,0.8619148711662573,0.8804851288337426,0.995,712.0349912088234,2500,5000
Multivariate region null,Anytime-valid,2761,0.024,0.002164439881354989,0.019757697832544222,0.02824230216745578,0.995,712.0349912088234,2500,5000
Multivariate region null,Conventional,2761,0.8716,0.0047310345591635656,0.8623271722640394,0.8808728277359607,0.995,712.0349912088234,2500,5000
Multivariate region null,Anytime-valid,2789,0.0242,0.0021732169703000204,0.01994049473821196,0.02845950526178804,0.995,712.0349912088234,2500,5000
Multivariate region null,Conventional,2789,0.8718,0.004727890861684521,0.8625333339110983,0.8810666660889017,0.995,712.0349912088234,2500,5000
Multivariate region null,Anytime-valid,2817,0.0244,0.002181955086613838,0.020123368030236878,0.028676631969763125,0.995,712.0349912088234,2500,5000
Multivariate region null,Conventional,2817,0.8718,0.004727890861684521,0.8625333339110983,0.8810666660889017,0.995,712.0349912088234,2500,5000
Multivariate region null,Anytime-valid,2846,0.0246,0.0021906546966603386,0.020306316794545736,0.028893683205454265,0.995,712.0349912088234,2500,5000
Multivariate region null,Conventional,2846,0.8722,0.004721592104364798,0.862945679475445,0.881454320524555,0.995,712.0349912088234,2500,5000
Multivariate region null,Anytime-valid,2874,0.0246,0.0021906546966603386,0.020306316794545736,0.028893683205454265,0.995,712.0349912088234,2500,5000
Multivariate region null,Conventional,2874,0.8726,0.0047152781466208325,0.8633580548326232,0.8818419451673769,0.995,712.0349912088234,2500,5000
Multivariate region null,Anytime-valid,2903,0.0248,0.002199316257385463,0.020489340135524493,0.029110659864475506,0.995,712.0349912088234,2500,5000
Multivariate region null,Conventional,2903,0.8726,0.0047152781466208325,0.8633580548326232,0.8818419451673769,0.995,712.0349912088234,2500,5000
Multivariate region null,Anytime-valid,2933,0.0252,0.0022165270131446627,0.02085560705423646,0.02954439294576354,0.995,712.0349912088234,2500,5000
Multivariate region null,Conventional,2933,0.8726,0.0047152781466208325,0.8633580548326232,0.8818419451673769,0.995,712.0349912088234,2500,5000
Multivariate region null,Anytime-valid,2962,0.0252,0.0022165270131446627,0.02085560705423646,0.02954439294576354,0.995,712.0349912088234,2500,5000
Multivariate region null,Conventional,2962,0.873,0.004708948927308513,0.8637704601024753,0.8822295398975247,0.995,712.0349912088234,2500,5000
Multivariate region null,Anytime-valid,2992,0.0254,0.002225077077316649,0.021038848928459367,0.02976115107154063,0.995,712.0349912088234,2500,5000
Multivariate region null,Conventional,2992,0.873,0.004708948927308513,0.8637704601024753,0.8822295398975247,0.995,712.0349912088234,2500,5000
Multivariate region null,Anytime-valid,3022,0.0254,0.002225077077316649,0.021038848928459367,0.02976115107154063,0.995,712.0349912088234,2500,5000
Multivariate region null,Conventional,3022,0.873,0.004708948927308513,0.8637704601024753,0.8822295398975247,0.995,712.0349912088234,2500,5000
Multivariate region null,Anytime-valid,3053,0.0258,0.0022420686876186463,0.021405545372267454,0.030194454627732546,0.995,712.0349912088234,2500,5000
Multivariate region null,Conventional,3053,0.8732,0.004705778575326298,0.8639766739923604,0.8824233260076395,0.995,712.0349912088234,2500,5000
Multivariate region null,Anytime-valid,3083,0.026,0.0022505110530721684,0.02158899833597855,0.03041100166402145,0.995,712.0349912088234,2500,5000
Multivariate region null,Conventional,3083,0.8734,0.00470260438480636,0.8641828954057795,0.8826171045942204,0.995,712.0349912088234,2500,5000
Multivariate region null,Anytime-valid,3114,0.026,0.0022505110530721684,0.02158899833597855,0.03041100166402145,0.995,712.0349912088234,2500,5000
Multivariate region null,Conventional,3114,0.8736,0.004699426347970569,0.8643891243579778,0.8828108756420223,0.995,712.0349912088234,2500,5000
Multivariate region null,Anytime-valid,3146,0.026,0.0022505110530721684,0.02158899833597855,0.03041100166402145,0.995,712.0349912088234,2500,5000
Multivariate region null,Conventional,3146,0.8736,0.004699426347970569,0.8643891243579778,0.8828108756420223,0.995,712.0349912088234,2500,5000
Multivariate region null,Anytime-valid,3177,0.026,0.0022505110530721684,0.02158899833597855,0.03041100166402145,0.995,712.0349912088234,2500,5000
Multivariate region null,Conventional,3177,0.8736,0.004699426347970569,0.8643891243579778,0.8828108756420223,0.995,712.0349912088234,2500,5000
Multivariate region null,Anytime-valid,3209,0.026,0.0022505110530721684,0.02158899833597855,0.03041100166402145,0.995,712.0349912088234,2500,5000
Multivariate region null,Conventional,3209,0.8736,0.004699426347970569,0.8643891243579778,0.8828108756420223,0.995,712.0349912088234,2500,5000
Multivariate region null,Anytime-valid,3242,0.0262,0.0022589183252167398,0.021772520082575193,0.03062747991742481,0.995,712.0349912088234,2500,5000
Multivariate region null,Conventional,3242,0.8736,0.004699426347970569,0.8643891243579778,0.8828108756420223,0.995,712.0349912088234,2500,5000
Multivariate region null,Anytime-valid,3274,0.0266,0.0022756291437754086,0.0221397668782002,0.0310602331217998,0.995,712.0349912088234,2500,5000
Multivariate region null,Conventional,3274,0.8738,0.004696244457010303,0.8645953608642598,0.8830046391357402,0.995,712.0349912088234,2500,5000
Multivariate region null,Anytime-valid,3307,0.0266,0.0022756291437754086,0.0221397668782002,0.0310602331217998,0.995,712.0349912088234,2500,5000
Multivariate region null,Conventional,3307,0.8738,0.004696244457010303,0.8645953608642598,0.8830046391357402,0.995,712.0349912088234,2500,5000
Multivariate region null,Anytime-valid,3341,0.0268,0.0022839334491179903,0.02232349043972874,0.03127650956027126,0.995,712.0349912088234,2500,5000
Multivariate region null,Conventional,3341,0.874,0.0046930587040862805,0.8648016049399909,0.8831983950600091,0.995,712.0349912088234,2500,5000
Multivariate region null,Anytime-valid,3374,0.027,0.002292204179387168,0.02250727980840115,0.03149272019159885,0.995,712.0349912088234,2500,5000
Multivariate region null,Conventional,3374,0.8744,0.004686675580835525,0.8652141158615623,0.8835858841384376,0.995,712.0349912088234,2500,5000
Multivariate region null,Anytime-valid,3408,0.0274,0.002308646356634121,0.022875053140997123,0.03192494685900288,0.995,712.0349912088234,2500,5000
Multivariate region null,Conventional,3408,0.8744,0.004686675580835525,0.8652141158615623,0.8835858841384376,0.995,712.0349912088234,2500,5000
Multivariate region null,Anytime-valid,3443,0.0276,0.0023168185082133646,0.023059035723901805,0.032140964276098194,0.995,712.0349912088234,2500,5000
Multivariate region null,Conventional,3443,0.8746,0.004683478194675406,0.8654203827384362,0.8837796172615638,0.995,712.0349912088234,2500,5000
Multivariate region null,Anytime-valid,3477,0.0276,0.0023168185082133646,0.023059035723901805,0.032140964276098194,0.995,712.0349912088234,2500,5000
Multivariate region null,Conventional,3477,0.8748,0.004680276914884417,0.8656266572468265,0.8839733427531735,0.995,712.0349912088234,2500,5000
Multivariate region null,Anytime-valid,3512,0.028,0.0023330666514268295,0.023427189363203413,0.03257281063679659,0.995,712.0349912088234,2500,5000
Multivariate region null,Conventional,3512,0.8752,0.004673862642397613,0.8660392292209007,0.8843607707790992,0.995,712.0349912088234,2500,5000
Multivariate region null,Anytime-valid,3548,0.028,0.0023330666514268295,0.023427189363203413,0.03257281063679659,0.995,712.0349912088234,2500,5000
Multivariate region null,Conventional,3548,0.8752,0.004673862642397613,0.8660392292209007,0.8843607707790992,0.995,712.0349912088234,2500,5000
Multivariate region null,Anytime-valid,3584,0.028,0.0023330666514268295,0.023427189363203413,0.03257281063679659,0.995,712.0349912088234,2500,5000
Multivariate region null,Conventional,3584,0.8752,0.004673862642397613,0.8660392292209007,0.8843607707790992,0.995,712.0349912088234,2500,5000
Multivariate region null,Anytime-valid,3620,0.0282,0.0023411433104361637,0.02361135911154512,0.03278864088845488,0.995,712.0349912088234,2500,5000
Multivariate region null,Conventional,3620,0.8754,0.004670649633616292,0.8662455267181121,0.8845544732818879,0.995,712.0349912088234,2500,5000
Multivariate region null,Anytime-valid,3656,0.0282,0.0023411433104361637,0.02361135911154512,0.03278864088845488,0.995,712.0349912088234,2500,5000
Multivariate region null,Conventional,3656,0.876,0.004660987019934726,0.866864465440928,0.885135534559072,0.995,712.0349912088234,2500,5000
Multivariate region null,Anytime-valid,3693,0.0282,0.0023411433104361637,0.02361135911154512,0.03278864088845488,0.995,712.0349912088234,2500,5000
Multivariate region null,Conventional,3693,0.8762,0.004657758259077,0.8670707938122091,0.8853292061877909,0.995,712.0349912088234,2500,5000
Multivariate region null,Anytime-valid,3730,0.0282,0.0023411433104361637,0.02361135911154512,0.03278864088845488,0.995,712.0349912088234,2500,5000
Multivariate region null,Conventional,3730,0.8762,0.004657758259077,0.8670707938122091,0.8853292061877909,0.995,712.0349912088234,2500,5000
Multivariate region null,Anytime-valid,3768,0.0282,0.0023411433104361637,0.02361135911154512,0.03278864088845488,0.995,712.0349912088234,2500,5000
Multivariate region null,Conventional,3768,0.8762,0.004657758259077,0.8670707938122091,0.8853292061877909,0.995,712.0349912088234,2500,5000
Multivariate region null,Anytime-valid,3806,0.0284,0.002349188796159219,0.023795589959527932,0.03300441004047207,0.995,712.0349912088234,2500,5000
Multivariate region null,Conventional,3806,0.8768,0.004648048192521243,0.8676898255426584,0.8859101744573417,0.995,712.0349912088234,2500,5000
Multivariate region null,Anytime-valid,3844,0.0284,0.002349188796159219,0.023795589959527932,0.03300441004047207,0.995,712.0349912088234,2500,5000
Multivariate region null,Conventional,3844,0.8768,0.004648048192521243,0.8676898255426584,0.8859101744573417,0.995,712.0349912088234,2500,5000
Multivariate region null,Anytime-valid,3883,0.0286,0.0023572034277931976,0.023979881281525332,0.03322011871847467,0.995,712.0349912088234,2500,5000
Multivariate region null,Conventional,3883,0.877,0.004644803548052382,0.8678961850458173,0.8861038149541827,0.995,712.0349912088234,2500,5000
Multivariate region null,Anytime-valid,3922,0.0288,0.0023651875189929445,0.024164232462773827,0.03343576753722617,0.995,712.0349912088234,2500,5000
Multivariate region null,Conventional,3922,0.877,0.004644803548052382,0.8678961850458173,0.8861038149541827,0.995,712.0349912088234,2500,5000
Multivariate region null,Anytime-valid,3961,0.029,0.0023731413780051116,0.024348642899109985,0.03365135710089002,0.995,712.0349912088234,2500,5000
Multivariate region null,Conventional,3961,0.8772,0.004641554911880286,0.8681025523727146,0.8862974476272854,0.995,712.0349912088234,2500,5000
Multivariate region null,Anytime-valid,4001,0.0292,0.002381065307798171,0.024533111996715585,0.03386688800328441,0.995,712.0349912088234,2500,5000
Multivariate region null,Conventional,4001,0.8772,0.004641554911880286,0.8681025523727146,0.8862974476272854,0.995,712.0349912088234,2500,5000
Multivariate region null,Anytime-valid,4042,0.0294,0.0023889596061884345,0.024717639171870667,0.03408236082812933,0.995,712.0349912088234,2500,5000
Multivariate region null,Conventional,4042,0.8772,0.004641554911880286,0.8681025523727146,0.8862974476272854,0.995,712.0349912088234,2500,5000
Multivariate region null,Anytime-valid,4082,0.0294,0.0023889596061884345,0.024717639171870667,0.03408236082812933,0.995,712.0349912088234,2500,5000
Multivariate region null,Conventional,4082,0.8774,0.0046383022756176645,0.8683089275397894,0.8864910724602105,0.995,712.0349912088234,2500,5000
Multivariate region null,Anytime-valid,4124,0.0294,0.0023889596061884345,0.024717639171870667,0.03408236082812933,0.995,712.0349912088234,2500,5000
Multivariate region null,Conventional,4124,0.8774,0.0046383022756176645,0.8683089275397894,0.8864910724602105,0.995,712.0349912088234,2500,5000
Multivariate region null,Anytime-valid,4165,0.0294,0.0023889596061884345,0.024717639171870667,0.03408236082812933,0.995,712.0349912088234,2500,5000
Multivariate region null,Conventional,4165,0.8778,0.004631784969102084,0.8687217014605599,0.8868782985394401,0.995,712.0349912088234,2500,5000
Multivariate region null,Anytime-valid,4207,0.0294,0.0023889596061884345,0.024717639171870667,0.03408236082812933,0.995,712.0349912088234,2500,5000
Multivariate region null,Conventional,4207,0.878,0.004628520281904358,0.8689281002474675,0.8870718997525325,0.995,712.0349912088234,2500,5000
Multivariate region null,Anytime-valid,4249,0.0294,0.0023889596061884345,0.024717639171870667,0.03408236082812933,0.995,712.0349912088234,2500,5000
Multivariate region null,Conventional,4249,0.8782,0.004625251560726185,0.8691345069409766,0.8872654930590234,0.995,712.0349912088234,2500,5000
Multivariate region null,Anytime-valid,4292,0.0294,0.0023889596061884345,0.024717639171870667,0.03408236082812933,0.995,712.0349912088234,2500,5000
Multivariate region null,Conventional,4292,0.8782,0.004625251560726185,0.8691345069409766,0.8872654930590234,0.995,712.0349912088234,2500,5000
Multivariate region null,Anytime-valid,4336,0.0294,0.0023889596061884345,0.024717639171870667,0.03408236082812933,0.995,712.0349912088234,2500,5000
Multivariate region null,Conventional,4336,0.8786,0.004618701982159056,0.8695473441149683,0.8876526558850318,0.995,712.0349912088234,2500,5000
Multivariate region null,Anytime-valid,4379,0.0294,0.0023889596061884345,0.024717639171870667,0.03408236082812933,0.995,712.0349912088234,2500,5000
Multivariate region null,Conventional,4379,0.8788,0.004615421107548042,0.8697537746292059,0.8878462253707942,0.995,712.0349912088234,2500,5000
Multivariate region null,Anytime-valid,4423,0.0294,0.0023889596061884345,0.024717639171870667,0.03408236082812933,0.995,712.0349912088234,2500,5000
Multivariate region null,Conventional,4423,0.8788,0.004615421107548042,0.8697537746292059,0.8878462253707942,0.995,712.0349912088234,2500,5000
Multivariate region null,Anytime-valid,4468,0.0296,0.0023968245659622234,0.024902223850714042,0.03429777614928596,0.995,712.0349912088234,2500,5000
Multivariate region null,Conventional,4468,0.8788,0.004615421107548042,0.8697537746292059,0.8878462253707942,0.995,712.0349912088234,2500,5000
Multivariate region null,Anytime-valid,4513,0.03,0.0024124676163629634,0.02527156347192859,0.03472843652807141,0.995,712.0349912088234,2500,5000
Multivariate region null,Conventional,4513,0.8794,0.004605554038332414,0.8703731140848684,0.8884268859151315,0.995,712.0349912088234,2500,5000
Multivariate region null,Anytime-valid,4558,0.0304,0.002427996705104848,0.025641126457994497,0.0351588735420055,0.995,712.0349912088234,2500,5000
Multivariate region null,Conventional,4558,0.8796,0.004602256837683007,0.8705795765981413,0.8886204234018588,0.995,712.0349912088234,2500,5000
Multivariate region null,Anytime-valid,4604,0.0304,0.002427996705104848,0.025641126457994497,0.0351588735420055,0.995,712.0349912088234,2500,5000
Multivariate region null,Conventional,4604,0.8796,0.004602256837683007,0.8705795765981413,0.8886204234018588,0.995,712.0349912088234,2500,5000
Multivariate region null,Anytime-valid,4651,0.0308,0.0024434140050347587,0.026010908550131873,0.035589091449868125,0.995,712.0349912088234,2500,5000
Multivariate region null,Conventional,4651,0.8798,0.004598955533596731,0.8707860471541504,0.8888139528458496,0.995,712.0349912088234,2500,5000
Multivariate region null,Anytime-valid,4698,0.031,0.0024510813939973516,0.026195880467765192,0.03580411953223481,0.995,712.0349912088234,2500,5000
Multivariate region null,Conventional,4698,0.8798,0.004598955533596731,0.8707860471541504,0.8888139528458496,0.995,712.0349912088234,2500,5000
Multivariate region null,Anytime-valid,4745,0.0316,0.0024739215832358147,0.026751113696857808,0.0364488863031422,0.995,712.0349912088234,2500,5000
Multivariate region null,Conventional,4745,0.88,0.004595650117230423,0.8709925257702283,0.8890074742297717,0.995,712.0349912088234,2500,5000
Multivariate region null,Anytime-valid,4793,0.0316,0.0024739215832358147,0.026751113696857808,0.0364488863031422,0.995,712.0349912088234,2500,5000
Multivariate region null,Conventional,4793,0.88,0.004595650117230423,0.8709925257702283,0.8890074742297717,0.995,712.0349912088234,2500,5000
Multivariate region null,Anytime-valid,4841,0.0316,0.0024739215832358147,0.026751113696857808,0.0364488863031422,0.995,712.0349912088234,2500,5000
Multivariate region null,Conventional,4841,0.8802,0.004592340579704428,0.8711990124637793,0.8892009875362207,0.995,712.0349912088234,2500,5000
Multivariate region null,Anytime-valid,4890,0.0316,0.0024739215832358147,0.026751113696857808,0.0364488863031422,0.995,712.0349912088234,2500,5000
Multivariate region null,Conventional,4890,0.8802,0.004592340579704428,0.8711990124637793,0.8892009875362207,0.995,712.0349912088234,2500,5000
Multivariate region null,Anytime-valid,4939,0.032,0.002489015869776647,0.02712152889523777,0.03687847110476223,0.995,712.0349912088234,2500,5000
Multivariate region null,Conventional,4939,0.8804,0.004589026912102391,0.8714055072522793,0.8893944927477206,0.995,712.0349912088234,2500,5000
Multivariate region null,Anytime-valid,4989,0.032,0.002489015869776647,0.02712152889523777,0.03687847110476223,0.995,712.0349912088234,2500,5000
Multivariate region null,Conventional,4989,0.8804,0.004589026912102391,0.8714055072522793,0.8893944927477206,0.995,712.0349912088234,2500,5000
Multivariate region null,Anytime-valid,5039,0.0322,0.002496523983461805,0.027306812992414862,0.03709318700758514,0.995,712.0349912088234,2500,5000
Multivariate region null,Conventional,5039,0.8808,0.004582387150819974,0.8718185211843928,0.8897814788156072,0.995,712.0349912088234,2500,5000
Multivariate region null,Anytime-valid,5090,0.0322,0.002496523983461805,0.027306812992414862,0.03709318700758514,0.995,712.0349912088234,2500,5000
Multivariate region null,Conventional,5090,0.881,0.004579061039121449,0.872025040363322,0.889974959636678,0.995,712.0349912088234,2500,5000
Multivariate region null,Anytime-valid,5141,0.0322,0.002496523983461805,0.027306812992414862,0.03709318700758514,0.995,712.0349912088234,2500,5000
Multivariate region null,Conventional,5141,0.8812,0.004575730761310154,0.8722315677078321,0.8901684322921679,0.995,712.0349912088234,2500,5000
Multivariate region null,Anytime-valid,5193,0.0322,0.002496523983461805,0.027306812992414862,0.03709318700758514,0.995,712.0349912088234,2500,5000
Multivariate region null,Conventional,5193,0.8812,0.004575730761310154,0.8722315677078321,0.8901684322921679,0.995,712.0349912088234,2500,5000
Multivariate region null,Anytime-valid,5245,0.0326,0.0025114633184659496,0.027677531895806736,0.037522468104193255,0.995,712.0349912088234,2500,5000
Multivariate region null,Conventional,5245,0.8816,0.00456905767089889,0.8726446469650382,0.8905553530349619,0.995,712.0349912088234,2500,5000
Multivariate region null,Anytime-valid,5298,0.0326,0.0025114633184659496,0.027677531895806736,0.037522468104193255,0.995,712.0349912088234,2500,5000
Multivariate region null,Conventional,5298,0.882,0.004562367806304091,0.873057759099644,0.890942240900356,0.995,712.0349912088234,2500,5000
Multivariate region null,Anytime-valid,5351,0.0326,0.0025114633184659496,0.027677531895806736,0.037522468104193255,0.995,712.0349912088234,2500,5000
Multivariate region null,Conventional,5351,0.8822,0.004559016560619187,0.8732643275411863,0.8911356724588136,0.995,712.0349912088234,2500,5000
Multivariate region null,Anytime-valid,5405,0.0326,0.0025114633184659496,0.027677531895806736,0.037522468104193255,0.995,712.0349912088234,2500,5000
Multivariate region null,Conventional,5405,0.8826,0.004552301395997413,0.8736774892638451,0.891522510736155,0.995,712.0349912088234,2500,5000
Multivariate region null,Anytime-valid,5460,0.0328,0.002518894995826543,0.027862965808179978,0.03773703419182003,0.995,712.0349912088234,2500,5000
Multivariate region null,Conventional,5460,0.8828,0.0045489374583522245,0.8738840825816296,0.8917159174183704,0.995,712.0349912088234,2500,5000
Multivariate region null,Anytime-valid,5515,0.0328,0.002518894995826543,0.027862965808179978,0.03773703419182003,0.995,712.0349912088234,2500,5000
Multivariate region null,Conventional,5515,0.8828,0.0045489374583522245,0.8738840825816296,0.8917159174183704,0.995,712.0349912088234,2500,5000
Multivariate region null,Anytime-valid,5570,0.0328,0.002518894995826543,0.027862965808179978,0.03773703419182003,0.995,712.0349912088234,2500,5000
Multivariate region null,Conventional,5570,0.8828,0.0045489374583522245,0.8738840825816296,0.8917159174183704,0.995,712.0349912088234,2500,5000
Multivariate region null,Anytime-valid,5627,0.033,0.0025263016446972443,0.028048448776393405,0.0379515512236066,0.995,712.0349912088234,2500,5000
Multivariate region null,Conventional,5627,0.8828,0.0045489374583522245,0.8738840825816296,0.8917159174183704,0.995,712.0349912088234,2500,5000
Multivariate region null,Anytime-valid,5683,0.033,0.0025263016446972443,0.028048448776393405,0.0379515512236066,0.995,712.0349912088234,2500,5000
Multivariate region null,Conventional,5683,0.8828,0.0045489374583522245,0.8738840825816296,0.8917159174183704,0.995,712.0349912088234,2500,5000
Multivariate region null,Anytime-valid,5741,0.033,0.0025263016446972443,0.028048448776393405,0.0379515512236066,0.995,712.0349912088234,2500,5000
Multivariate region null,Conventional,5741,0.8828,0.0045489374583522245,0.8738840825816296,0.8917159174183704,0.995,712.0349912088234,2500,5000
Multivariate region null,Anytime-valid,5798,0.033,0.0025263016446972443,0.028048448776393405,0.0379515512236066,0.995,712.0349912088234,2500,5000
Multivariate region null,Conventional,5798,0.8828,0.0045489374583522245,0.8738840825816296,0.8917159174183704,0.995,712.0349912088234,2500,5000
Multivariate region null,Anytime-valid,5857,0.0332,0.002533683484573399,0.02823398037023614,0.03816601962976386,0.995,712.0349912088234,2500,5000
Multivariate region null,Conventional,5857,0.8828,0.0045489374583522245,0.8738840825816296,0.8917159174183704,0.995,712.0349912088234,2500,5000
Multivariate region null,Anytime-valid,5916,0.0334,0.0025410407316688176,0.028419560165929118,0.038380439834070884,0.995,712.0349912088234,2500,5000
Multivariate region null,Conventional,5916,0.8828,0.0045489374583522245,0.8738840825816296,0.8917159174183704,0.995,712.0349912088234,2500,5000
Multivariate region null,Anytime-valid,5975,0.0334,0.0025410407316688176,0.028419560165929118,0.038380439834070884,0.995,712.0349912088234,2500,5000
Multivariate region null,Conventional,5975,0.883,0.004545569271279451,0.8740906842282923,0.8919093157717077,0.995,712.0349912088234,2500,5000
Multivariate region null,Anytime-valid,6036,0.0334,0.0025410407316688176,0.028419560165929118,0.038380439834070884,0.995,712.0349912088234,2500,5000
Multivariate region null,Conventional,6036,0.8832,0.004542196825325825,0.8742972942223614,0.8921027057776386,0.995,712.0349912088234,2500,5000
Multivariate region null,Anytime-valid,6096,0.0336,0.002548373598984262,0.028605187745990843,0.03859481225400915,0.995,712.0349912088234,2500,5000
Multivariate region null,Conventional,6096,0.8834,0.004538820110998012,0.8745039125824439,0.8922960874175561,0.995,712.0349912088234,2500,5000
Multivariate region null,Anytime-valid,6158,0.0336,0.002548373598984262,0.028605187745990843,0.03859481225400915,0.995,712.0349912088234,2500,5000
Multivariate region null,Conventional,6158,0.8836,0.004535439118762371,0.8747105393272258,0.8924894606727743,0.995,712.0349912088234,2500,5000
Multivariate region null,Anytime-valid,6220,0.0336,0.002548373598984262,0.028605187745990843,0.03859481225400915,0.995,712.0349912088234,2500,5000
Multivariate region null,Conventional,6220,0.8836,0.004535439118762371,0.8747105393272258,0.8924894606727743,0.995,712.0349912088234,2500,5000
Multivariate region null,Anytime-valid,6283,0.0338,0.002555682296374101,0.02879086269910676,0.038809137300893234,0.995,712.0349912088234,2500,5000
Multivariate region null,Conventional,6283,0.884,0.004528664262230089,0.875123818046029,0.892876181953971,0.995,712.0349912088234,2500,5000
Multivariate region null,Anytime-valid,6346,0.0338,0.002555682296374101,0.02879086269910676,0.038809137300893234,0.995,712.0349912088234,2500,5000
Multivariate region null,Conventional,6346,0.884,0.004528664262230089,0.875123818046029,0.892876181953971,0.995,712.0349912088234,2500,5000
Multivariate region null,Anytime-valid,6410,0.0338,0.002555682296374101,0.02879086269910676,0.038809137300893234,0.995,712.0349912088234,2500,5000
Multivariate region null,Conventional,6410,0.884,0.004528664262230089,0.875123818046029,0.892876181953971,0.995,712.0349912088234,2500,5000
Multivariate region null,Anytime-valid,6474,0.034,0.0025629670306112017,0.028976584620002046,0.039023415379997956,0.995,712.0349912088234,2500,5000
Multivariate region null,Conventional,6474,0.884,0.004528664262230089,0.875123818046029,0.892876181953971,0.995,712.0349912088234,2500,5000
Multivariate region null,Anytime-valid,6540,0.0342,0.0025702280054501004,0.029162353109317807,0.039237646890682196,0.995,712.0349912088234,2500,5000
Multivariate region null,Conventional,6540,0.884,0.004528664262230089,0.875123818046029,0.892876181953971,0.995,712.0349912088234,2500,5000
Multivariate region null,Anytime-valid,6605,0.0342,0.0025702280054501004,0.029162353109317807,0.039237646890682196,0.995,712.0349912088234,2500,5000
Multivariate region null,Conventional,6605,0.8842,0.004525270378662473,0.8753304700578215,0.8930695299421785,0.995,712.0349912088234,2500,5000
Multivariate region null,Anytime-valid,6672,0.0342,0.0025702280054501004,0.029162353109317807,0.039237646890682196,0.995,712.0349912088234,2500,5000
Multivariate region null,Conventional,6672,0.8844,0.004521872178644594,0.8755371305298566,0.8932628694701433,0.995,712.0349912088234,2500,5000
Multivariate region null,Anytime-valid,6739,0.0344,0.0025774654216885236,0.029348167773490495,0.039451832226509505,0.995,712.0349912088234,2500,5000
Multivariate region null,Conventional,6739,0.8844,0.004521872178644594,0.8755371305298566,0.8932628694701433,0.995,712.0349912088234,2500,5000
Multivariate region null,Anytime-valid,6807,0.0344,0.0025774654216885236,0.029348167773490495,0.039451832226509505,0.995,712.0349912088234,2500,5000
Multivariate region null,Conventional,6807,0.8844,0.004521872178644594,0.8755371305298566,0.8932628694701433,0.995,712.0349912088234,2500,5000
Multivariate region null,Anytime-valid,6876,0.0344,0.0025774654216885236,0.029348167773490495,0.039451832226509505,0.995,712.0349912088234,2500,5000
Multivariate region null,Conventional,6876,0.8844,0.004521872178644594,0.8755371305298566,0.8932628694701433,0.995,712.0349912088234,2500,5000
Multivariate region null,Anytime-valid,6945,0.0348,0.0025918703671287267,0.029719934080427692,0.0398800659195723,0.995,712.0349912088234,2500,5000
Multivariate region null,Conventional,6945,0.8844,0.004521872178644594,0.8755371305298566,0.8932628694701433,0.995,712.0349912088234,2500,5000
Multivariate region null,Anytime-valid,7015,0.0348,0.0025918703671287267,0.029719934080427692,0.0398800659195723,0.995,712.0349912088234,2500,5000
Multivariate region null,Conventional,7015,0.885,0.004511651582292232,0.8761571628987073,0.8938428371012928,0.995,712.0349912088234,2500,5000
Multivariate region null,Anytime-valid,7086,0.0348,0.0025918703671287267,0.029719934080427692,0.0398800659195723,0.995,712.0349912088234,2500,5000
Multivariate region null,Conventional,7086,0.885,0.004511651582292232,0.8761571628987073,0.8938428371012928,0.995,712.0349912088234,2500,5000
Multivariate region null,Anytime-valid,7157,0.0348,0.0025918703671287267,0.029719934080427692,0.0398800659195723,0.995,712.0349912088234,2500,5000
Multivariate region null,Conventional,7157,0.8852,0.004508236018666281,0.876363857403414,0.8940361425965859,0.995,712.0349912088234,2500,5000
Multivariate region null,Anytime-valid,7229,0.0348,0.0025918703671287267,0.029719934080427692,0.0398800659195723,0.995,712.0349912088234,2500,5000
Multivariate region null,Conventional,7229,0.8854,0.004504816089475797,0.8765705604646274,0.8942294395353725,0.995,712.0349912088234,2500,5000
Multivariate region null,Anytime-valid,7302,0.035,0.002599038283673405,0.02990588496400013,0.040094115035999876,0.995,712.0349912088234,2500,5000
Multivariate region null,Conventional,7302,0.8854,0.004504816089475797,0.8765705604646274,0.8942294395353725,0.995,712.0349912088234,2500,5000
Multivariate region null,Anytime-valid,7376,0.0354,0.0026133059522375104,0.03027792033361448,0.04052207966638552,0.995,712.0349912088234,2500,5000
Multivariate region null,Conventional,7376,0.8856,0.004501391784770572,0.8767772721018497,0.8944227278981504,0.995,712.0349912088234,2500,5000
Multivariate region null,Anytime-valid,7450,0.0354,0.0026133059522375104,0.03027792033361448,0.04052207966638552,0.995,712.0349912088234,2500,5000
Multivariate region null,Conventional,7450,0.8858,0.0044979630945573565,0.8769839923346676,0.8946160076653324,0.995,712.0349912088234,2500,5000
Multivariate region null,Anytime-valid,7525,0.0354,0.0026133059522375104,0.03027792033361448,0.04052207966638552,0.995,712.0349912088234,2500,5000
Multivariate region null,Conventional,7525,0.8858,0.0044979630945573565,0.8769839923346676,0.8946160076653324,0.995,712.0349912088234,2500,5000
Multivariate region null,Anytime-valid,7601,0.0356,0.0026204060754012916,0.03046400409221347,0.04073599590778653,0.995,712.0349912088234,2500,5000
Multivariate region null,Conventional,7601,0.886,0.004494530008799585,0.8771907211827529,0.8948092788172471,0.995,712.0349912088234,2500,5000
Multivariate region null,Anytime-valid,7677,0.0356,0.0026204060754012916,0.03046400409221347,0.04073599590778653,0.995,712.0349912088234,2500,5000
Multivariate region null,Conventional,7677,0.8866,0.004484204277238046,0.8778109596166135,0.8953890403833866,0.995,712.0349912088234,2500,5000
Multivariate region null,Anytime-valid,7755,0.0358,0.002627483967600944,0.030650131423502147,0.04094986857649785,0.995,712.0349912088234,2500,5000
Multivariate region null,Conventional,7755,0.887,0.004477298292497385,0.8782244953467051,0.8957755046532949,0.995,712.0349912088234,2500,5000
Multivariate region null,Anytime-valid,7833,0.036,0.002634539808012018,0.030836301976296443,0.04116369802370355,0.995,712.0349912088234,2500,5000
Multivariate region null,Conventional,7833,0.8874,0.004470374480957944,0.8786380660173224,0.8961619339826775,0.995,712.0349912088234,2500,5000
Multivariate region null,Anytime-valid,7912,0.036,0.002634539808012018,0.030836301976296443,0.04116369802370355,0.995,712.0349912088234,2500,5000
Multivariate region null,Conventional,7912,0.8874,0.004470374480957944,0.8786380660173224,0.8961619339826775,0.995,712.0349912088234,2500,5000
Multivariate region null,Anytime-valid,7991,0.036,0.002634539808012018,0.030836301976296443,0.04116369802370355,0.995,712.0349912088234,2500,5000
Multivariate region null,Conventional,7991,0.8874,0.004470374480957944,0.8786380660173224,0.8961619339826775,0.995,712.0349912088234,2500,5000
Multivariate region null,Anytime-valid,8072,0.036,0.002634539808012018,0.030836301976296443,0.04116369802370355,0.995,712.0349912088234,2500,5000
Multivariate region null,Conventional,8072,0.8874,0.004470374480957944,0.8786380660173224,0.8961619339826775,0.995,712.0349912088234,2500,5000
Multivariate region null,Anytime-valid,8153,0.036,0.002634539808012018,0.030836301976296443,0.04116369802370355,0.995,712.0349912088234,2500,5000
Multivariate region null,Conventional,8153,0.8874,0.004470374480957944,0.8786380660173224,0.8961619339826775,0.995,712.0349912088234,2500,5000
Multivariate region null,Anytime-valid,8235,0.036,0.002634539808012018,0.030836301976296443,0.04116369802370355,0.995,712.0349912088234,2500,5000
Multivariate region null,Conventional,8235,0.8874,0.004470374480957944,0.8786380660173224,0.8961619339826775,0.995,712.0349912088234,2500,5000
Multivariate region null,Anytime-valid,8318,0.0362,0.0026415737733404307,0.03102251540425276,0.04137748459574725,0.995,712.0349912088234,2500,5000
Multivariate region null,Conventional,8318,0.8874,0.004470374480957944,0.8786380660173224,0.8961619339826775,0.995,712.0349912088234,2500,5000
Multivariate region null,Anytime-valid,8402,0.0362,0.0026415737733404307,0.03102251540425276,0.04137748459574725,0.995,712.0349912088234,2500,5000
Multivariate region null,Conventional,8402,0.8874,0.004470374480957944,0.8786380660173224,0.8961619339826775,0.995,712.0349912088234,2500,5000
Multivariate region null,Anytime-valid,8487,0.0362,0.0026415737733404307,0.03102251540425276,0.04137748459574725,0.995,712.0349912088234,2500,5000
Multivariate region null,Conventional,8487,0.8874,0.004470374480957944,0.8786380660173224,0.8961619339826775,0.995,712.0349912088234,2500,5000
Multivariate region null,Anytime-valid,8572,0.0362,0.0026415737733404307,0.03102251540425276,0.04137748459574725,0.995,712.0349912088234,2500,5000
Multivariate region null,Conventional,8572,0.8876,0.00446690586424205,0.8788448645060856,0.8963551354939143,0.995,712.0349912088234,2500,5000
Multivariate region null,Anytime-valid,8659,0.0362,0.0026415737733404307,0.03102251540425276,0.04137748459574725,0.995,712.0349912088234,2500,5000
Multivariate region null,Conventional,8659,0.8878,0.004463432759659318,0.8790516717910678,0.8965483282089323,0.995,712.0349912088234,2500,5000
Multivariate region null,Anytime-valid,8746,0.0362,0.0026415737733404307,0.03102251540425276,0.04137748459574725,0.995,712.0349912088234,2500,5000
Multivariate region null,Conventional,8746,0.8878,0.004463432759659318,0.8790516717910678,0.8965483282089323,0.995,712.0349912088234,2500,5000
Multivariate region null,Anytime-valid,8834,0.0364,0.002648586037870018,0.031208771365774768,0.041591228634225236,0.995,712.0349912088234,2500,5000
Multivariate region null,Conventional,8834,0.888,0.004459955156725233,0.8792584878928186,0.8967415121071814,0.995,712.0349912088234,2500,5000
Multivariate region null,Anytime-valid,8923,0.0364,0.002648586037870018,0.031208771365774768,0.041591228634225236,0.995,712.0349912088234,2500,5000
Multivariate region null,Conventional,8923,0.8884,0.004452986413632991,0.8796721466292793,0.8971278533707207,0.995,712.0349912088234,2500,5000
Multivariate region null,Anytime-valid,9013,0.0364,0.002648586037870018,0.031208771365774768,0.041591228634225236,0.995,712.0349912088234,2500,5000
Multivariate region null,Conventional,9013,0.8886,0.004449495252273004,0.8798789893055449,0.897321010694455,0.995,712.0349912088234,2500,5000
Multivariate region null,Anytime-valid,9104,0.0364,0.002648586037870018,0.031208771365774768,0.041591228634225236,0.995,712.0349912088234,2500,5000
Multivariate region null,Conventional,9104,0.8888,0.004445999550157421,0.8800858408816915,0.8975141591183086,0.995,712.0349912088234,2500,5000
Multivariate region null,Anytime-valid,9196,0.0364,0.002648586037870018,0.031208771365774768,0.041591228634225236,0.995,712.0349912088234,2500,5000
Multivariate region null,Conventional,9196,0.889,0.004442499296567193,0.8802927013787283,0.8977072986212717,0.995,712.0349912088234,2500,5000
Multivariate region null,Anytime-valid,9288,0.0366,0.0026555767735089116,0.031395069523922535,0.041804930476077466,0.995,712.0349912088234,2500,5000
Multivariate region null,Conventional,9288,0.889,0.004442499296567193,0.8802927013787283,0.8977072986212717,0.995,712.0349912088234,2500,5000
Multivariate region null,Anytime-valid,9382,0.0366,0.0026555767735089116,0.031395069523922535,0.041804930476077466,0.995,712.0349912088234,2500,5000
Multivariate region null,Conventional,9382,0.8892,0.004438994480735474,0.8804995708177584,0.8979004291822416,0.995,712.0349912088234,2500,5000
Multivariate region null,Anytime-valid,9476,0.0366,0.0026555767735089116,0.031395069523922535,0.041804930476077466,0.995,712.0349912088234,2500,5000
Multivariate region null,Conventional,9476,0.8892,0.004438994480735474,0.8804995708177584,0.8979004291822416,0.995,712.0349912088234,2500,5000
Multivariate region null,Anytime-valid,9572,0.0366,0.0026555767735089116,0.031395069523922535,0.041804930476077466,0.995,712.0349912088234,2500,5000
Multivariate region null,Conventional,9572,0.8894,0.00443548509184734,0.8807064492199792,0.8980935507800207,0.995,712.0349912088234,2500,5000
Multivariate region null,Anytime-valid,9668,0.0366,0.0026555767735089116,0.031395069523922535,0.041804930476077466,0.995,712.0349912088234,2500,5000
Multivariate region null,Conventional,9668,0.8894,0.00443548509184734,0.8807064492199792,0.8980935507800207,0.995,712.0349912088234,2500,5000
Multivariate region null,Anytime-valid,9766,0.0368,0.002662546149834778,0.03158140954632384,0.04201859045367616,0.995,712.0349912088234,2500,5000
Multivariate region null,Conventional,9766,0.8896,0.004431971119039473,0.8809133366066826,0.8982866633933173,0.995,712.0349912088234,2500,5000
Multivariate region null,Anytime-valid,9864,0.0368,0.002662546149834778,0.03158140954632384,0.04201859045367616,0.995,712.0349912088234,2500,5000
Multivariate region null,Conventional,9864,0.8896,0.004431971119039473,0.8809133366066826,0.8982866633933173,0.995,712.0349912088234,2500,5000
Multivariate region null,Anytime-valid,9963,0.0368,0.002662546149834778,0.03158140954632384,0.04201859045367616,0.995,712.0349912088234,2500,5000
Multivariate region null,Conventional,9963,0.8896,0.004431971119039473,0.8809133366066826,0.8982866633933173,0.995,712.0349912088234,2500,5000
Multivariate region null,Anytime-valid,10064,0.0368,0.002662546149834778,0.03158140954632384,0.04201859045367616,0.995,712.0349912088234,2500,5000
Multivariate region null,Conventional,10064,0.8896,0.004431971119039473,0.8809133366066826,0.8982866633933173,0.995,712.0349912088234,2500,5000
Multivariate region null,Anytime-valid,10165,0.037,0.002669494334138958,0.031767791105087644,0.04223220889491235,0.995,712.0349912088234,2500,5000
Multivariate region null,Conventional,10165,0.89,0.004424929377967517,0.8813271384191836,0.8986728615808164,0.995,712.0349912088234,2500,5000
Multivariate region null,Anytime-valid,10268,0.0376,0.0026902133744370537,0.03232718178610337,0.04287281821389663,0.995,712.0349912088234,2500,5000
Multivariate region null,Conventional,10268,0.8902,0.004421401587732107,0.8815340528880451,0.8988659471119549,0.995,712.0349912088234,2500,5000
Multivariate region null,Anytime-valid,10371,0.0376,0.0026902133744370537,0.03232718178610337,0.04287281821389663,0.995,712.0349912088234,2500,5000
Multivariate region null,Conventional,10371,0.8902,0.004421401587732107,0.8815340528880451,0.8988659471119549,0.995,712.0349912088234,2500,5000
Multivariate region null,Anytime-valid,10476,0.0376,0.0026902133744370537,0.03232718178610337,0.04287281821389663,0.995,712.0349912088234,2500,5000
Multivariate region null,Conventional,10476,0.8904,0.004417869169633705,0.8817409764275179,0.899059023572482,0.995,712.0349912088234,2500,5000
Multivariate region null,Anytime-valid,10581,0.0376,0.0026902133744370537,0.03232718178610337,0.04287281821389663,0.995,712.0349912088234,2500,5000
Multivariate region null,Conventional,10581,0.8904,0.004417869169633705,0.8817409764275179,0.899059023572482,0.995,712.0349912088234,2500,5000
Multivariate region null,Anytime-valid,10688,0.0376,0.0026902133744370537,0.03232718178610337,0.04287281821389663,0.995,712.0349912088234,2500,5000
Multivariate region null,Conventional,10688,0.8906,0.004414332112562444,0.8819479090593776,0.8992520909406223,0.995,712.0349912088234,2500,5000
Multivariate region null,Anytime-valid,10795,0.0378,0.002697078419327106,0.03251372629811887,0.04308627370188113,0.995,712.0349912088234,2500,5000
Multivariate region null,Conventional,10795,0.8908,0.004410790405358205,0.8821548508054979,0.8994451491945021,0.995,712.0349912088234,2500,5000
Multivariate region null,Anytime-valid,10904,0.0378,0.002697078419327106,0.03251372629811887,0.04308627370188113,0.995,712.0349912088234,2500,5000
Multivariate region null,Conventional,10904,0.891,0.004407244036810305,0.8823618016878518,0.8996381983121482,0.995,712.0349912088234,2500,5000
Multivariate region null,Anytime-valid,11014,0.0378,0.002697078419327106,0.03251372629811887,0.04308627370188113,0.995,712.0349912088234,2500,5000
Multivariate region null,Conventional,11014,0.8912,0.004403692995657168,0.882568761728512,0.899831238271488,0.995,712.0349912088234,2500,5000
Multivariate region null,Anytime-valid,11125,0.0378,0.002697078419327106,0.03251372629811887,0.04308627370188113,0.995,712.0349912088234,2500,5000
Multivariate region null,Conventional,11125,0.8912,0.004403692995657168,0.882568761728512,0.899831238271488,0.995,712.0349912088234,2500,5000
Multivariate region null,Anytime-valid,11237,0.0378,0.002697078419327106,0.03251372629811887,0.04308627370188113,0.995,712.0349912088234,2500,5000
Multivariate region null,Conventional,11237,0.8916,0.0043965768502324636,0.8829827093735443,0.9002172906264556,0.995,712.0349912088234,2500,5000
Multivariate region null,Anytime-valid,11350,0.0378,0.002697078419327106,0.03251372629811887,0.04308627370188113,0.995,712.0349912088234,2500,5000
Multivariate region null,Conventional,11350,0.8916,0.0043965768502324636,0.8829827093735443,0.9002172906264556,0.995,712.0349912088234,2500,5000
Multivariate region null,Anytime-valid,11465,0.0378,0.002697078419327106,0.03251372629811887,0.04308627370188113,0.995,712.0349912088234,2500,5000
Multivariate region null,Conventional,11465,0.8916,0.0043965768502324636,0.8829827093735443,0.9002172906264556,0.995,712.0349912088234,2500,5000
Multivariate region null,Anytime-valid,11580,0.0378,0.002697078419327106,0.03251372629811887,0.04308627370188113,0.995,712.0349912088234,2500,5000
Multivariate region null,Conventional,11580,0.8918,0.00439301172318035,0.8831896970225666,0.9004103029774335,0.995,712.0349912088234,2500,5000
Multivariate region null,Anytime-valid,11697,0.038,0.0027039230758288966,0.03270031077137536,0.043299689228624635,0.995,712.0349912088234,2500,5000
Multivariate region null,Conventional,11697,0.8918,0.00439301172318035,0.8831896970225666,0.9004103029774335,0.995,712.0349912088234,2500,5000
Multivariate region null,Anytime-valid,11815,0.0382,0.002710747498384901,0.03288693490316559,0.043513065096834405,0.995,712.0349912088234,2500,5000
Multivariate region null,Conventional,11815,0.8918,0.00439301172318035,0.8831896970225666,0.9004103029774335,0.995,712.0349912088234,2500,5000
Multivariate region null,Anytime-valid,11934,0.0382,0.002710747498384901,0.03288693490316559,0.043513065096834405,0.995,712.0349912088234,2500,5000
Multivariate region null,Conventional,11934,0.892,0.0043894418779612514,0.883396693919196,0.9006033060808041,0.995,712.0349912088234,2500,5000
Multivariate region null,Anytime-valid,12054,0.0382,0.002710747498384901,0.03288693490316559,0.043513065096834405,0.995,712.0349912088234,2500,5000
Multivariate region null,Conventional,12054,0.8922,0.004385867303054209,0.8836037000860137,0.9007962999139862,0.995,712.0349912088234,2500,5000
Multivariate region null,Anytime-valid,12176,0.0386,0.0027243362494376497,0.03326030095110221,0.043939699048897794,0.995,712.0349912088234,2500,5000
Multivariate region null,Conventional,12176,0.8922,0.004385867303054209,0.8836037000860137,0.9007962999139862,0.995,712.0349912088234,2500,5000
Multivariate region null,Anytime-valid,12298,0.0386,0.0027243362494376497,0.03326030095110221,0.043939699048897794,0.995,712.0349912088234,2500,5000
Multivariate region null,Conventional,12298,0.8924,0.00438228798688539,0.8838107155457046,0.9009892844542954,0.995,712.0349912088234,2500,5000
Multivariate region null,Anytime-valid,12422,0.0388,0.0027311008769358926,0.03344704228120565,0.04415295771879435,0.995,712.0349912088234,2500,5000
Multivariate region null,Conventional,12422,0.8926,0.004378703917827741,0.8840177403210576,0.9011822596789423,0.995,712.0349912088234,2500,5000
Multivariate region null,Anytime-valid,12547,0.0388,0.0027311008769358926,0.03344704228120565,0.04415295771879435,0.995,712.0349912088234,2500,5000
Multivariate region null,Conventional,12547,0.8928,0.004375115084200643,0.8842247744349668,0.9013752255650332,0.995,712.0349912088234,2500,5000
Multivariate region null,Anytime-valid,12674,0.039,0.0027378458685616324,0.0336338220976192,0.0443661779023808,0.995,712.0349912088234,2500,5000
Multivariate region null,Conventional,12674,0.893,0.00437152147426957,0.8844318179104317,0.9015681820895683,0.995,712.0349912088234,2500,5000
Multivariate region null,Anytime-valid,12801,0.039,0.0027378458685616324,0.0336338220976192,0.0443661779023808,0.995,712.0349912088234,2500,5000
Multivariate region null,Conventional,12801,0.8934,0.004364319878285734,0.88484593303856,0.90195406696144,0.995,712.0349912088234,2500,5000
Multivariate region null,Anytime-valid,12930,0.0392,0.0027445713690847973,0.033820640116593796,0.0445793598834062,0.995,712.0349912088234,2500,5000
Multivariate region null,Conventional,12930,0.8934,0.004364319878285734,0.88484593303856,0.90195406696144,0.995,712.0349912088234,2500,5000
Multivariate region null,Anytime-valid,13061,0.0394,0.0027512775214434473,0.03400749605797084,0.044792503942029153,0.995,712.0349912088234,2500,5000
Multivariate region null,Conventional,13061,0.8934,0.004364319878285734,0.88484593303856,0.90195406696144,0.995,712.0349912088234,2500,5000
Multivariate region null,Anytime-valid,13192,0.0396,0.0027579644667761766,0.0341943896451187,0.045005610354881306,0.995,712.0349912088234,2500,5000
Multivariate region null,Conventional,13192,0.8934,0.004364319878285734,0.88484593303856,0.90195406696144,0.995,712.0349912088234,2500,5000
Multivariate region null,Anytime-valid,13325,0.0396,0.0027579644667761766,0.0341943896451187,0.045005610354881306,0.995,712.0349912088234,2500,5000
Multivariate region null,Conventional,13325,0.8936,0.0043607118684912,0.8850530047377572,0.9021469952622427,0.995,712.0349912088234,2500,5000
Multivariate region null,Anytime-valid,13459,0.0396,0.0027579644667761766,0.0341943896451187,0.045005610354881306,0.995,712.0349912088234,2500,5000
Multivariate region null,Conventional,13459,0.8938,0.004357099034908433,0.8852600858915796,0.9023399141084205,0.995,712.0349912088234,2500,5000
Multivariate region null,Anytime-valid,13595,0.0396,0.0027579644667761766,0.0341943896451187,0.045005610354881306,0.995,712.0349912088234,2500,5000
Multivariate region null,Conventional,13595,0.8938,0.004357099034908433,0.8852600858915796,0.9023399141084205,0.995,712.0349912088234,2500,5000
Multivariate region null,Anytime-valid,13732,0.0396,0.0027579644667761766,0.0341943896451187,0.045005610354881306,0.995,712.0349912088234,2500,5000
Multivariate region null,Conventional,13732,0.894,0.0043534813655280525,0.885467176523565,0.902532823476435,0.995,712.0349912088234,2500,5000
Multivariate region null,Anytime-valid,13870,0.0396,0.0027579644667761766,0.0341943896451187,0.045005610354881306,0.995,712.0349912088234,2500,5000
Multivariate region null,Conventional,13870,0.894,0.0043534813655280525,0.885467176523565,0.902532823476435,0.995,712.0349912088234,2500,5000
Multivariate region null,Anytime-valid,14010,0.0398,0.0027646323444537792,0.03438132060487059,0.04521867939512941,0.995,712.0349912088234,2500,5000
Multivariate region null,Conventional,14010,0.894,0.0043534813655280525,0.885467176523565,0.902532823476435,0.995,712.0349912088234,2500,5000
Multivariate region null,Anytime-valid,14151,0.04,0.0027712812921102037,0.034568288667464,0.045431711332536,0.995,712.0349912088234,2500,5000
Multivariate region null,Conventional,14151,0.8942,0.00434985884828462,0.8856742766573621,0.9027257233426379,0.995,712.0349912088234,2500,5000
Multivariate region null,Anytime-valid,14294,0.04,0.0027712812921102037,0.034568288667464,0.045431711332536,0.995,712.0349912088234,2500,5000
Multivariate region null,Conventional,14294,0.8948,0.004338962087873089,0.8862956343077688,0.9033043656922313,0.995,712.0349912088234,2500,5000
Multivariate region null,Anytime-valid,14438,0.04,0.0027712812921102037,0.034568288667464,0.045431711332536,0.995,712.0349912088234,2500,5000
Multivariate region null,Conventional,14438,0.895,0.004335320057389074,0.8865027726875174,0.9034972273124826,0.995,712.0349912088234,2500,5000
Multivariate region null,Anytime-valid,14583,0.0402,0.00277791144567281,0.03475529356648129,0.04564470643351871,0.995,712.0349912088234,2500,5000
Multivariate region null,Conventional,14583,0.8954,0.004328021256879407,0.8869170783365163,0.9038829216634836,0.995,712.0349912088234,2500,5000
Multivariate region null,Anytime-valid,14730,0.0402,0.00277791144567281,0.03475529356648129,0.04564470643351871,0.995,712.0349912088234,2500,5000
Multivariate region null,Conventional,14730,0.8954,0.004328021256879407,0.8869170783365163,0.9038829216634836,0.995,712.0349912088234,2500,5000
Multivariate region null,Anytime-valid,14879,0.0402,0.00277791144567281,0.03475529356648129,0.04564470643351871,0.995,712.0349912088234,2500,5000
Multivariate region null,Conventional,14879,0.8956,0.004324364461975888,0.8871242456545272,0.9040757543454727,0.995,712.0349912088234,2500,5000
Multivariate region null,Anytime-valid,15029,0.0402,0.00277791144567281,0.03475529356648129,0.04564470643351871,0.995,712.0349912088234,2500,5000
Multivariate region null,Conventional,15029,0.8958,0.004320702720623116,0.8873314226675787,0.9042685773324214,0.995,712.0349912088234,2500,5000
Multivariate region null,Anytime-valid,15180,0.0402,0.00277791144567281,0.03475529356648129,0.04564470643351871,0.995,712.0349912088234,2500,5000
Multivariate region null,Conventional,15180,0.8958,0.004320702720623116,0.8873314226675787,0.9042685773324214,0.995,712.0349912088234,2500,5000
Multivariate region null,Anytime-valid,15333,0.0402,0.00277791144567281,0.03475529356648129,0.04564470643351871,0.995,712.0349912088234,2500,5000
Multivariate region null,Conventional,15333,0.8962,0.0043133643481625804,0.8877458058776013,0.9046541941223987,0.995,712.0349912088234,2500,5000
Multivariate region null,Anytime-valid,15487,0.0402,0.00277791144567281,0.03475529356648129,0.04564470643351871,0.995,712.0349912088234,2500,5000
Multivariate region null,Conventional,15487,0.8962,0.0043133643481625804,0.8877458058776013,0.9046541941223987,0.995,712.0349912088234,2500,5000
Multivariate region null,Anytime-valid,15644,0.0402,0.00277791144567281,0.03475529356648129,0.04564470643351871,0.995,712.0349912088234,2500,5000
Multivariate region null,Conventional,15644,0.8964,0.004309687691701106,0.8879530121242658,0.9048469878757341,0.995,712.0349912088234,2500,5000
Multivariate region null,Anytime-valid,15801,0.0402,0.00277791144567281,0.03475529356648129,0.04564470643351871,0.995,712.0349912088234,2500,5000
Multivariate region null,Conventional,15801,0.8964,0.004309687691701106,0.8879530121242658,0.9048469878757341,0.995,712.0349912088234,2500,5000
Multivariate region null,Anytime-valid,15960,0.0404,0.0027845229393919525,0.03494233503879177,0.045857664961208223,0.995,712.0349912088234,2500,5000
Multivariate region null,Conventional,15960,0.8966,0.004306006038082158,0.8881602281653589,0.905039771834641,0.995,712.0349912088234,2500,5000
Multivariate region null,Anytime-valid,16121,0.0404,0.0027845229393919525,0.03494233503879177,0.045857664961208223,0.995,712.0349912088234,2500,5000
Multivariate region null,Conventional,16121,0.8966,0.004306006038082158,0.8881602281653589,0.905039771834641,0.995,712.0349912088234,2500,5000
Multivariate region null,Anytime-valid,16284,0.0404,0.0027845229393919525,0.03494233503879177,0.045857664961208223,0.995,712.0349912088234,2500,5000
Multivariate region null,Conventional,16284,0.8966,0.004306006038082158,0.8881602281653589,0.905039771834641,0.995,712.0349912088234,2500,5000
Multivariate region null,Anytime-valid,16448,0.0404,0.0027845229393919525,0.03494233503879177,0.045857664961208223,0.995,712.0349912088234,2500,5000
Multivariate region null,Conventional,16448,0.8966,0.004306006038082158,0.8881602281653589,0.905039771834641,0.995,712.0349912088234,2500,5000
Multivariate region null,Anytime-valid,16613,0.0404,0.0027845229393919525,0.03494233503879177,0.045857664961208223,0.995,712.0349912088234,2500,5000
Multivariate region null,Conventional,16613,0.897,0.004298627687995321,0.8885746897315292,0.9054253102684708,0.995,712.0349912088234,2500,5000
Multivariate region null,Anytime-valid,16781,0.0404,0.0027845229393919525,0.03494233503879177,0.045857664961208223,0.995,712.0349912088234,2500,5000
Multivariate region null,Conventional,16781,0.897,0.004298627687995321,0.8885746897315292,0.9054253102684708,0.995,712.0349912088234,2500,5000
Multivariate region null,Anytime-valid,16950,0.0404,0.0027845229393919525,0.03494233503879177,0.045857664961208223,0.995,712.0349912088234,2500,5000
Multivariate region null,Conventional,16950,0.897,0.004298627687995321,0.8885746897315292,0.9054253102684708,0.995,712.0349912088234,2500,5000
Multivariate region null,Anytime-valid,17121,0.0404,0.0027845229393919525,0.03494233503879177,0.045857664961208223,0.995,712.0349912088234,2500,5000
Multivariate region null,Conventional,17121,0.897,0.004298627687995321,0.8885746897315292,0.9054253102684708,0.995,712.0349912088234,2500,5000
Multivariate region null,Anytime-valid,17293,0.0404,0.0027845229393919525,0.03494233503879177,0.045857664961208223,0.995,712.0349912088234,2500,5000
Multivariate region null,Conventional,17293,0.897,0.004298627687995321,0.8885746897315292,0.9054253102684708,0.995,712.0349912088234,2500,5000
Multivariate region null,Anytime-valid,17467,0.0406,0.0027911159058699084,0.03512941282449498,0.046070587175505016,0.995,712.0349912088234,2500,5000
Multivariate region null,Conventional,17467,0.8974,0.0042912291945315624,0.8889891907787181,0.9058108092212819,0.995,712.0349912088234,2500,5000
Multivariate region null,Anytime-valid,17643,0.0408,0.002797690476089162,0.035316526666865244,0.04628347333313476,0.995,712.0349912088234,2500,5000
Multivariate region null,Conventional,17643,0.8976,0.0042875223614577225,0.8891964561715429,0.906003543828457,0.995,712.0349912088234,2500,5000
Multivariate region null,Anytime-valid,17821,0.0408,0.002797690476089162,0.035316526666865244,0.04628347333313476,0.995,712.0349912088234,2500,5000
Multivariate region null,Conventional,17821,0.8978,0.004283810453323068,0.8894037315114869,0.9061962684885132,0.995,712.0349912088234,2500,5000
Multivariate region null,Anytime-valid,18001,0.0408,0.002797690476089162,0.035316526666865244,0.04628347333313476,0.995,712.0349912088234,2500,5000
Multivariate region null,Conventional,18001,0.8978,0.004283810453323068,0.8894037315114869,0.9061962684885132,0.995,712.0349912088234,2500,5000
Multivariate region null,Anytime-valid,18182,0.0408,0.002797690476089162,0.035316526666865244,0.04628347333313476,0.995,712.0349912088234,2500,5000
Multivariate region null,Conventional,18182,0.898,0.004280093456923575,0.8896110168244298,0.9063889831755703,0.995,712.0349912088234,2500,5000
Multivariate region null,Anytime-valid,18365,0.0408,0.002797690476089162,0.035316526666865244,0.04628347333313476,0.995,712.0349912088234,2500,5000
Multivariate region null,Conventional,18365,0.8982,0.004276371358991172,0.8898183121363773,0.9065816878636227,0.995,712.0349912088234,2500,5000
Multivariate region null,Anytime-valid,18550,0.041,0.002804246779440069,0.035503676312297464,0.04649632368770254,0.995,712.0349912088234,2500,5000
Multivariate region null,Conventional,18550,0.8982,0.004276371358991172,0.8898183121363773,0.9065816878636227,0.995,712.0349912088234,2500,5000
Multivariate region null,Anytime-valid,18737,0.041,0.002804246779440069,0.035503676312297464,0.04649632368770254,0.995,712.0349912088234,2500,5000
Multivariate region null,Conventional,18737,0.8984,0.004272644146193315,0.8900256174734611,0.9067743825265389,0.995,712.0349912088234,2500,5000
Multivariate region null,Anytime-valid,18926,0.041,0.002804246779440069,0.035503676312297464,0.04649632368770254,0.995,712.0349912088234,2500,5000
Multivariate region null,Conventional,18926,0.8988,0.004265174322346039,0.8904402583282018,0.9071597416717982,0.995,712.0349912088234,2500,5000
Multivariate region null,Anytime-valid,19117,0.041,0.002804246779440069,0.035503676312297464,0.04649632368770254,0.995,712.0349912088234,2500,5000
Multivariate region null,Conventional,19117,0.899,0.004261431684305169,0.8906475938987619,0.9073524061012381,0.995,712.0349912088234,2500,5000
Multivariate region null,Anytime-valid,19309,0.041,0.002804246779440069,0.035503676312297464,0.04649632368770254,0.995,712.0349912088234,2500,5000
Multivariate region null,Conventional,19309,0.899,0.004261431684305169,0.8906475938987619,0.9073524061012381,0.995,712.0349912088234,2500,5000
Multivariate region null,Anytime-valid,19504,0.041,0.002804246779440069,0.035503676312297464,0.04649632368770254,0.995,712.0349912088234,2500,5000
Multivariate region null,Conventional,19504,0.899,0.004261431684305169,0.8906475938987619,0.9073524061012381,0.995,712.0349912088234,2500,5000
Multivariate region null,Anytime-valid,19700,0.041,0.002804246779440069,0.035503676312297464,0.04649632368770254,0.995,712.0349912088234,2500,5000
Multivariate region null,Conventional,19700,0.8992,0.004257683877415043,0.8908549396002665,0.9075450603997335,0.995,712.0349912088234,2500,5000
Multivariate region null,Anytime-valid,19899,0.0412,0.0028107849437479203,0.03569086151025408,0.04670913848974592,0.995,712.0349912088234,2500,5000
Multivariate region null,Conventional,19899,0.8992,0.004257683877415043,0.8908549396002665,0.9075450603997335,0.995,712.0349912088234,2500,5000
Multivariate region null,Anytime-valid,20099,0.0414,0.002817305095299407,0.03587808201321316,0.04692191798678684,0.995,712.0349912088234,2500,5000
Multivariate region null,Conventional,20099,0.8996,0.0042501727023734,0.8912696615033481,0.9079303384966518,0.995,712.0349912088234,2500,5000
Multivariate region null,Anytime-valid,20302,0.0414,0.002817305095299407,0.03587808201321316,0.04692191798678684,0.995,712.0349912088234,2500,5000
Multivariate region null,Conventional,20302,0.8996,0.0042501727023734,0.8912696615033481,0.9079303384966518,0.995,712.0349912088234,2500,5000
Multivariate region null,Anytime-valid,20506,0.0414,0.002817305095299407,0.03587808201321316,0.04692191798678684,0.995,712.0349912088234,2500,5000
Multivariate region null,Conventional,20506,0.8996,0.0042501727023734,0.8912696615033481,0.9079303384966518,0.995,712.0349912088234,2500,5000
Multivariate region null,Anytime-valid,20713,0.0414,0.002817305095299407,0.03587808201321316,0.04692191798678684,0.995,712.0349912088234,2500,5000
Multivariate region null,Conventional,20713,0.8996,0.0042501727023734,0.8912696615033481,0.9079303384966518,0.995,712.0349912088234,2500,5000
Multivariate region null,Anytime-valid,20922,0.0414,0.002817305095299407,0.03587808201321316,0.04692191798678684,0.995,712.0349912088234,2500,5000
Multivariate region null,Conventional,20922,0.8998,0.004246409306696658,0.8914770377588745,0.9081229622411255,0.995,712.0349912088234,2500,5000
Multivariate region null,Anytime-valid,21132,0.0414,0.002817305095299407,0.03587808201321316,0.04692191798678684,0.995,712.0349912088234,2500,5000
Multivariate region null,Conventional,21132,0.8998,0.004246409306696658,0.8914770377588745,0.9081229622411255,0.995,712.0349912088234,2500,5000
Multivariate region null,Anytime-valid,21345,0.0416,0.002823807358868519,0.0360653375766177,0.047134662423382295,0.995,712.0349912088234,2500,5000
Multivariate region null,Conventional,21345,0.8998,0.004246409306696658,0.8914770377588745,0.9081229622411255,0.995,712.0349912088234,2500,5000
Multivariate region null,Anytime-valid,21560,0.0416,0.002823807358868519,0.0360653375766177,0.047134662423382295,0.995,712.0349912088234,2500,5000
Multivariate region null,Conventional,21560,0.8998,0.004246409306696658,0.8914770377588745,0.9081229622411255,0.995,712.0349912088234,2500,5000
Multivariate region null,Anytime-valid,21778,0.0416,0.002823807358868519,0.0360653375766177,0.047134662423382295,0.995,712.0349912088234,2500,5000
Multivariate region null,Conventional,21778,0.8998,0.004246409306696658,0.8914770377588745,0.9081229622411255,0.995,712.0349912088234,2500,5000
Multivariate region null,Anytime-valid,21997,0.0416,0.002823807358868519,0.0360653375766177,0.047134662423382295,0.995,712.0349912088234,2500,5000
Multivariate region null,Conventional,21997,0.9,0.004242640687119285,0.8916844242532462,0.9083155757467538,0.995,712.0349912088234,2500,5000
Multivariate region null,Anytime-valid,22219,0.0416,0.002823807358868519,0.0360653375766177,0.047134662423382295,0.995,712.0349912088234,2500,5000
Multivariate region null,Conventional,22219,0.9004,0.004235087720461053,0.8920992280678963,0.9087007719321036,0.995,712.0349912088234,2500,5000
Multivariate region null,Anytime-valid,22443,0.0416,0.002823807358868519,0.0360653375766177,0.047134662423382295,0.995,712.0349912088234,2500,5000
Multivariate region null,Conventional,22443,0.9008,0.004227513690102019,0.8925140731674001,0.9090859268326,0.995,712.0349912088234,2500,5000
Multivariate region null,Anytime-valid,22669,0.0416,0.002823807358868519,0.0360653375766177,0.047134662423382295,0.995,712.0349912088234,2500,5000
Multivariate region null,Conventional,22669,0.9008,0.004227513690102019,0.8925140731674001,0.9090859268326,0.995,712.0349912088234,2500,5000
Multivariate region null,Anytime-valid,22897,0.0418,0.002830291857741883,0.0362526279588259,0.04734737204117409,0.995,712.0349912088234,2500,5000
Multivariate region null,Conventional,22897,0.9008,0.004227513690102019,0.8925140731674001,0.9090859268326,0.995,712.0349912088234,2500,5000
Multivariate region null,Anytime-valid,23128,0.0418,0.002830291857741883,0.0362526279588259,0.04734737204117409,0.995,712.0349912088234,2500,5000
Multivariate region null,Conventional,23128,0.901,0.004223718740636029,0.8927215112683534,0.9092784887316466,0.995,712.0349912088234,2500,5000
Multivariate region null,Anytime-valid,23361,0.0418,0.002830291857741883,0.0362526279588259,0.04734737204117409,0.995,712.0349912088234,2500,5000
Multivariate region null,Conventional,23361,0.901,0.004223718740636029,0.8927215112683534,0.9092784887316466,0.995,712.0349912088234,2500,5000
Multivariate region null,Anytime-valid,23596,0.0418,0.002830291857741883,0.0362526279588259,0.04734737204117409,0.995,712.0349912088234,2500,5000
Multivariate region null,Conventional,23596,0.9012,0.004219918482624991,0.8929289597740551,0.9094710402259449,0.995,712.0349912088234,2500,5000
Multivariate region null,Anytime-valid,23834,0.0418,0.002830291857741883,0.0362526279588259,0.04734737204117409,0.995,712.0349912088234,2500,5000
Multivariate region null,Conventional,23834,0.9016,0.004212301983476495,0.8933438881123861,0.9098561118876138,0.995,712.0349912088234,2500,5000
Multivariate region null,Anytime-valid,24074,0.0418,0.002830291857741883,0.0362526279588259,0.04734737204117409,0.995,712.0349912088234,2500,5000
Multivariate region null,Conventional,24074,0.9016,0.004212301983476495,0.8933438881123861,0.9098561118876138,0.995,712.0349912088234,2500,5000
Multivariate region null,Anytime-valid,24317,0.0418,0.002830291857741883,0.0362526279588259,0.04734737204117409,0.995,712.0349912088234,2500,5000
Multivariate region null,Conventional,24317,0.9016,0.004212301983476495,0.8933438881123861,0.9098561118876138,0.995,712.0349912088234,2500,5000
Multivariate region null,Anytime-valid,24562,0.0418,0.002830291857741883,0.0362526279588259,0.04734737204117409,0.995,712.0349912088234,2500,5000
Multivariate region null,Conventional,24562,0.9018,0.0042084857134128415,0.8935513680017109,0.9100486319982892,0.995,712.0349912088234,2500,5000
Multivariate region null,Anytime-valid,24809,0.0418,0.002830291857741883,0.0362526279588259,0.04734737204117409,0.995,712.0349912088234,2500,5000
Multivariate region null,Conventional,24809,0.9018,0.0042084857134128415,0.8935513680017109,0.9100486319982892,0.995,712.0349912088234,2500,5000
Multivariate region null,Anytime-valid,25059,0.0418,0.002830291857741883,0.0362526279588259,0.04734737204117409,0.995,712.0349912088234,2500,5000
Multivariate region null,Conventional,25059,0.9018,0.0042084857134128415,0.8935513680017109,0.9100486319982892,0.995,712.0349912088234,2500,5000
Multivariate region null,Anytime-valid,25312,0.0418,0.002830291857741883,0.0362526279588259,0.04734737204117409,0.995,712.0349912088234,2500,5000
Multivariate region null,Conventional,25312,0.9018,0.0042084857134128415,0.8935513680017109,0.9100486319982892,0.995,712.0349912088234,2500,5000
Multivariate region null,Anytime-valid,25567,0.0418,0.002830291857741883,0.0362526279588259,0.04734737204117409,0.995,712.0349912088234,2500,5000
Multivariate region null,Conventional,25567,0.9018,0.0042084857134128415,0.8935513680017109,0.9100486319982892,0.995,712.0349912088234,2500,5000
Multivariate region null,Anytime-valid,25824,0.0418,0.002830291857741883,0.0362526279588259,0.04734737204117409,0.995,712.0349912088234,2500,5000
Multivariate region null,Conventional,25824,0.9018,0.0042084857134128415,0.8935513680017109,0.9100486319982892,0.995,712.0349912088234,2500,5000
Multivariate region null,Anytime-valid,26084,0.0418,0.002830291857741883,0.0362526279588259,0.04734737204117409,0.995,712.0349912088234,2500,5000
Multivariate region null,Conventional,26084,0.9018,0.0042084857134128415,0.8935513680017109,0.9100486319982892,0.995,712.0349912088234,2500,5000
Multivariate region null,Anytime-valid,26347,0.0418,0.002830291857741883,0.0362526279588259,0.04734737204117409,0.995,712.0349912088234,2500,5000
Multivariate region null,Conventional,26347,0.902,0.004204664076950737,0.8937588584091766,0.9102411415908235,0.995,712.0349912088234,2500,5000
Multivariate region null,Anytime-valid,26613,0.0418,0.002830291857741883,0.0362526279588259,0.04734737204117409,0.995,712.0349912088234,2500,5000
Multivariate region null,Conventional,26613,0.9024,0.004197004646173268,0.8941738708935004,0.9106261291064995,0.995,712.0349912088234,2500,5000
Multivariate region null,Anytime-valid,26881,0.0418,0.002830291857741883,0.0362526279588259,0.04734737204117409,0.995,712.0349912088234,2500,5000
Multivariate region null,Conventional,26881,0.9024,0.004197004646173268,0.8941738708935004,0.9106261291064995,0.995,712.0349912088234,2500,5000
Multivariate region null,Anytime-valid,27152,0.0418,0.002830291857741883,0.0362526279588259,0.04734737204117409,0.995,712.0349912088234,2500,5000
Multivariate region null,Conventional,27152,0.9028,0.004189323573084322,0.8945889257967548,0.9110110742032453,0.995,712.0349912088234,2500,5000
Multivariate region null,Anytime-valid,27425,0.0418,0.002830291857741883,0.0362526279588259,0.04734737204117409,0.995,712.0349912088234,2500,5000
Multivariate region null,Conventional,27425,0.9028,0.004189323573084322,0.8945889257967548,0.9110110742032453,0.995,712.0349912088234,2500,5000
Multivariate region null,Anytime-valid,27702,0.0418,0.002830291857741883,0.0362526279588259,0.04734737204117409,0.995,712.0349912088234,2500,5000
Multivariate region null,Conventional,27702,0.9028,0.004189323573084322,0.8945889257967548,0.9110110742032453,0.995,712.0349912088234,2500,5000
Multivariate region null,Anytime-valid,27981,0.0418,0.002830291857741883,0.0362526279588259,0.04734737204117409,0.995,712.0349912088234,2500,5000
Multivariate region null,Conventional,27981,0.9028,0.004189323573084322,0.8945889257967548,0.9110110742032453,0.995,712.0349912088234,2500,5000
Multivariate region null,Anytime-valid,28263,0.0418,0.002830291857741883,0.0362526279588259,0.04734737204117409,0.995,712.0349912088234,2500,5000
Multivariate region null,Conventional,28263,0.9032,0.004181620738421886,0.8950040233526931,0.9113959766473069,0.995,712.0349912088234,2500,5000
Multivariate region null,Anytime-valid,28547,0.0418,0.002830291857741883,0.0362526279588259,0.04734737204117409,0.995,712.0349912088234,2500,5000
Multivariate region null,Conventional,28547,0.9032,0.004181620738421886,0.8950040233526931,0.9113959766473069,0.995,712.0349912088234,2500,5000
Multivariate region null,Anytime-valid,28835,0.0418,0.002830291857741883,0.0362526279588259,0.04734737204117409,0.995,712.0349912088234,2500,5000
Multivariate region null,Conventional,28835,0.9034,0.004177761122898245,0.8952115881991194,0.9115884118008806,0.995,712.0349912088234,2500,5000
Multivariate region null,Anytime-valid,29125,0.0418,0.002830291857741883,0.0362526279588259,0.04734737204117409,0.995,712.0349912088234,2500,5000
Multivariate region null,Conventional,29125,0.9034,0.004177761122898245,0.8952115881991194,0.9115884118008806,0.995,712.0349912088234,2500,5000
Multivariate region null,Anytime-valid,29419,0.0418,0.002830291857741883,0.0362526279588259,0.04734737204117409,0.995,712.0349912088234,2500,5000
Multivariate region null,Conventional,29419,0.9036,0.004173896021704423,0.8954191637974593,0.9117808362025406,0.995,712.0349912088234,2500,5000
Multivariate region null,Anytime-valid,29715,0.0418,0.002830291857741883,0.0362526279588259,0.04734737204117409,0.995,712.0349912088234,2500,5000
Multivariate region null,Conventional,29715,0.9038,0.004170025419586791,0.89562675017761,0.9119732498223901,0.995,712.0349912088234,2500,5000
Multivariate region null,Anytime-valid,30015,0.0418,0.002830291857741883,0.0362526279588259,0.04734737204117409,0.995,712.0349912088234,2500,5000
Multivariate region null,Conventional,30015,0.9038,0.004170025419586791,0.89562675017761,0.9119732498223901,0.995,712.0349912088234,2500,5000
Multivariate region null,Anytime-valid,30317,0.0418,0.002830291857741883,0.0362526279588259,0.04734737204117409,0.995,712.0349912088234,2500,5000
Multivariate region null,Conventional,30317,0.9042,0.004162267651172856,0.8960419554037012,0.9123580445962988,0.995,712.0349912088234,2500,5000
Multivariate region null,Anytime-valid,30623,0.0418,0.002830291857741883,0.0362526279588259,0.04734737204117409,0.995,712.0349912088234,2500,5000
Multivariate region null,Conventional,30623,0.9042,0.004162267651172856,0.8960419554037012,0.9123580445962988,0.995,712.0349912088234,2500,5000
Multivariate region null,Anytime-valid,30931,0.0418,0.002830291857741883,0.0362526279588259,0.04734737204117409,0.995,712.0349912088234,2500,5000
Multivariate region null,Conventional,30931,0.9046,0.00415448769404845,0.896457204119665,0.9127427958803349,0.995,712.0349912088234,2500,5000
Multivariate region null,Anytime-valid,31243,0.0418,0.002830291857741883,0.0362526279588259,0.04734737204117409,0.995,712.0349912088234,2500,5000
Multivariate region null,Conventional,31243,0.9046,0.00415448769404845,0.896457204119665,0.9127427958803349,0.995,712.0349912088234,2500,5000
Multivariate region null,Anytime-valid,31558,0.0418,0.002830291857741883,0.0362526279588259,0.04734737204117409,0.995,712.0349912088234,2500,5000
Multivariate region null,Conventional,31558,0.9046,0.00415448769404845,0.896457204119665,0.9127427958803349,0.995,712.0349912088234,2500,5000
Multivariate region null,Anytime-valid,31876,0.0418,0.002830291857741883,0.0362526279588259,0.04734737204117409,0.995,712.0349912088234,2500,5000
Multivariate region null,Conventional,31876,0.9046,0.00415448769404845,0.896457204119665,0.9127427958803349,0.995,712.0349912088234,2500,5000
Multivariate region null,Anytime-valid,32197,0.0418,0.002830291857741883,0.0362526279588259,0.04734737204117409,0.995,712.0349912088234,2500,5000
Multivariate region null,Conventional,32197,0.9046,0.00415448769404845,0.896457204119665,0.9127427958803349,0.995,712.0349912088234,2500,5000
Multivariate region null,Anytime-valid,32521,0.0418,0.002830291857741883,0.0362526279588259,0.04734737204117409,0.995,712.0349912088234,2500,5000
Multivariate region null,Conventional,32521,0.9046,0.00415448769404845,0.896457204119665,0.9127427958803349,0.995,712.0349912088234,2500,5000
Multivariate region null,Anytime-valid,32849,0.0418,0.002830291857741883,0.0362526279588259,0.04734737204117409,0.995,712.0349912088234,2500,5000
Multivariate region null,Conventional,32849,0.9048,0.004150589355742145,0.8966648448627454,0.9129351551372547,0.995,712.0349912088234,2500,5000
Multivariate region null,Anytime-valid,33180,0.0418,0.002830291857741883,0.0362526279588259,0.04734737204117409,0.995,712.0349912088234,2500,5000
Multivariate region null,Conventional,33180,0.905,0.0041466854233230665,0.8968724965702868,0.9131275034297133,0.995,712.0349912088234,2500,5000
Multivariate region null,Anytime-valid,33514,0.0418,0.002830291857741883,0.0362526279588259,0.04734737204117409,0.995,712.0349912088234,2500,5000
Multivariate region null,Conventional,33514,0.905,0.0041466854233230665,0.8968724965702868,0.9131275034297133,0.995,712.0349912088234,2500,5000
Multivariate region null,Anytime-valid,33852,0.0418,0.002830291857741883,0.0362526279588259,0.04734737204117409,0.995,712.0349912088234,2500,5000
Multivariate region null,Conventional,33852,0.905,0.0041466854233230665,0.8968724965702868,0.9131275034297133,0.995,712.0349912088234,2500,5000
Multivariate region null,Anytime-valid,34193,0.0418,0.002830291857741883,0.0362526279588259,0.04734737204117409,0.995,712.0349912088234,2500,5000
Multivariate region null,Conventional,34193,0.905,0.0041466854233230665,0.8968724965702868,0.9131275034297133,0.995,712.0349912088234,2500,5000
Multivariate region null,Anytime-valid,34537,0.0418,0.002830291857741883,0.0362526279588259,0.04734737204117409,0.995,712.0349912088234,2500,5000
Multivariate region null,Conventional,34537,0.905,0.0041466854233230665,0.8968724965702868,0.9131275034297133,0.995,712.0349912088234,2500,5000
Multivariate region null,Anytime-valid,34885,0.0418,0.002830291857741883,0.0362526279588259,0.04734737204117409,0.995,712.0349912088234,2500,5000
Multivariate region null,Conventional,34885,0.9052,0.004142775880976426,0.8970801592732862,0.9133198407267138,0.995,712.0349912088234,2500,5000
Multivariate region null,Anytime-valid,35237,0.042,0.002836758713743557,0.036439952921062634,0.04756004707893737,0.995,712.0349912088234,2500,5000
Multivariate region null,Conventional,35237,0.9056,0.004134939902828094,0.8974955177904569,0.913704482209543,0.995,712.0349912088234,2500,5000
Multivariate region null,Anytime-valid,35592,0.042,0.002836758713743557,0.036439952921062634,0.04756004707893737,0.995,712.0349912088234,2500,5000
Multivariate region null,Conventional,35592,0.9056,0.004134939902828094,0.8974955177904569,0.913704482209543,0.995,712.0349912088234,2500,5000
Multivariate region null,Anytime-valid,35950,0.042,0.002836758713743557,0.036439952921062634,0.04756004707893737,0.995,712.0349912088234,2500,5000
Multivariate region null,Conventional,35950,0.9056,0.004134939902828094,0.8974955177904569,0.913704482209543,0.995,712.0349912088234,2500,5000
Multivariate region null,Anytime-valid,36313,0.042,0.002836758713743557,0.036439952921062634,0.04756004707893737,0.995,712.0349912088234,2500,5000
Multivariate region null,Conventional,36313,0.9056,0.004134939902828094,0.8974955177904569,0.913704482209543,0.995,712.0349912088234,2500,5000
Multivariate region null,Anytime-valid,36678,0.042,0.002836758713743557,0.036439952921062634,0.04756004707893737,0.995,712.0349912088234,2500,5000
Multivariate region null,Conventional,36678,0.9056,0.004134939902828094,0.8974955177904569,0.913704482209543,0.995,712.0349912088234,2500,5000
Multivariate region null,Anytime-valid,37048,0.042,0.002836758713743557,0.036439952921062634,0.04756004707893737,0.995,712.0349912088234,2500,5000
Multivariate region null,Conventional,37048,0.9058,0.0041310134349817835,0.8977032136674358,0.9138967863325643,0.995,712.0349912088234,2500,5000
Multivariate region null,Anytime-valid,37421,0.042,0.002836758713743557,0.036439952921062634,0.04756004707893737,0.995,712.0349912088234,2500,5000
Multivariate region null,Conventional,37421,0.9058,0.0041310134349817835,0.8977032136674358,0.9138967863325643,0.995,712.0349912088234,2500,5000
Multivariate region null,Anytime-valid,37798,0.0422,0.0028432080472592927,0.03662731222737179,0.04777268777262821,0.995,712.0349912088234,2500,5000
Multivariate region null,Conventional,37798,0.9062,0.004123143461001569,0.8981186388164369,0.9142813611835631,0.995,712.0349912088234,2500,5000
Multivariate region null,Anytime-valid,38179,0.0422,0.0028432080472592927,0.03662731222737179,0.04777268777262821,0.995,712.0349912088234,2500,5000
Multivariate region null,Conventional,38179,0.9064,0.004119199922315012,0.8983263681522625,0.9144736318477374,0.995,712.0349912088234,2500,5000
Multivariate region null,Anytime-valid,38564,0.0422,0.0028432080472592927,0.03662731222737179,0.04777268777262821,0.995,712.0349912088234,2500,5000
Multivariate region null,Conventional,38564,0.9064,0.004119199922315012,0.8983263681522625,0.9144736318477374,0.995,712.0349912088234,2500,5000
Multivariate region null,Anytime-valid,38952,0.0422,0.0028432080472592927,0.03662731222737179,0.04777268777262821,0.995,712.0349912088234,2500,5000
Multivariate region null,Conventional,38952,0.9064,0.004119199922315012,0.8983263681522625,0.9144736318477374,0.995,712.0349912088234,2500,5000
Multivariate region null,Anytime-valid,39345,0.0422,0.0028432080472592927,0.03662731222737179,0.04777268777262821,0.995,712.0349912088234,2500,5000
Multivariate region null,Conventional,39345,0.9064,0.004119199922315012,0.8983263681522625,0.9144736318477374,0.995,712.0349912088234,2500,5000
Multivariate region null,Anytime-valid,39741,0.0422,0.0028432080472592927,0.03662731222737179,0.04777268777262821,0.995,712.0349912088234,2500,5000
Multivariate region null,Conventional,39741,0.9066,0.004115250660652399,0.8985341087051213,0.9146658912948786,0.995,712.0349912088234,2500,5000
Multivariate region null,Anytime-valid,40142,0.0422,0.0028432080472592927,0.03662731222737179,0.04777268777262821,0.995,712.0349912088234,2500,5000
Multivariate region null,Conventional,40142,0.9066,0.004115250660652399,0.8985341087051213,0.9146658912948786,0.995,712.0349912088234,2500,5000
Multivariate region null,Anytime-valid,40546,0.0422,0.0028432080472592927,0.03662731222737179,0.04777268777262821,0.995,712.0349912088234,2500,5000
Multivariate region null,Conventional,40546,0.9068,0.004111295659521459,0.898741860507338,0.9148581394926621,0.995,712.0349912088234,2500,5000
Multivariate region null,Anytime-valid,40955,0.0422,0.0028432080472592927,0.03662731222737179,0.04777268777262821,0.995,712.0349912088234,2500,5000
Multivariate region null,Conventional,40955,0.9068,0.004111295659521459,0.898741860507338,0.9148581394926621,0.995,712.0349912088234,2500,5000
Multivariate region null,Anytime-valid,41367,0.0422,0.0028432080472592927,0.03662731222737179,0.04777268777262821,0.995,712.0349912088234,2500,5000
Multivariate region null,Conventional,41367,0.9072,0.004103368372447202,0.8991573979900035,0.9152426020099965,0.995,712.0349912088234,2500,5000
Multivariate region null,Anytime-valid,41784,0.0422,0.0028432080472592927,0.03662731222737179,0.04777268777262821,0.995,712.0349912088234,2500,5000
Multivariate region null,Conventional,41784,0.9072,0.004103368372447202,0.8991573979900035,0.9152426020099965,0.995,712.0349912088234,2500,5000
Multivariate region null,Anytime-valid,42205,0.0422,0.0028432080472592927,0.03662731222737179,0.04777268777262821,0.995,712.0349912088234,2500,5000
Multivariate region null,Conventional,42205,0.9076,0.004095417927391539,0.8995729808623125,0.9156270191376874,0.995,712.0349912088234,2500,5000
Multivariate region null,Anytime-valid,42630,0.0422,0.0028432080472592927,0.03662731222737179,0.04777268777262821,0.995,712.0349912088234,2500,5000
Multivariate region null,Conventional,42630,0.9076,0.004095417927391539,0.8995729808623125,0.9156270191376874,0.995,712.0349912088234,2500,5000
Multivariate region null,Anytime-valid,43060,0.0422,0.0028432080472592927,0.03662731222737179,0.04777268777262821,0.995,712.0349912088234,2500,5000
Multivariate region null,Conventional,43060,0.9082,0.0040834485425924,0.900196440856519,0.9162035591434811,0.995,712.0349912088234,2500,5000
Multivariate region null,Anytime-valid,43494,0.0422,0.0028432080472592927,0.03662731222737179,0.04777268777262821,0.995,712.0349912088234,2500,5000
Multivariate region null,Conventional,43494,0.9084,0.00407944702134983,0.9004042838381543,0.9163957161618457,0.995,712.0349912088234,2500,5000
Multivariate region null,Anytime-valid,43932,0.0422,0.0028432080472592927,0.03662731222737179,0.04777268777262821,0.995,712.0349912088234,2500,5000
Multivariate region null,Conventional,43932,0.9088,0.004071426285713642,0.9008200044800013,0.9167799955199988,0.995,712.0349912088234,2500,5000
Multivariate region null,Anytime-valid,44375,0.0422,0.0028432080472592927,0.03662731222737179,0.04777268777262821,0.995,712.0349912088234,2500,5000
Multivariate region null,Conventional,44375,0.9092,0.004063381842751183,0.9012357715882077,0.9171642284117923,0.995,712.0349912088234,2500,5000
Multivariate region null,Anytime-valid,44822,0.0422,0.0028432080472592927,0.03662731222737179,0.04777268777262821,0.995,712.0349912088234,2500,5000
Multivariate region null,Conventional,44822,0.9092,0.004063381842751183,0.9012357715882077,0.9171642284117923,0.995,712.0349912088234,2500,5000
Multivariate region null,Anytime-valid,45273,0.0422,0.0028432080472592927,0.03662731222737179,0.04777268777262821,0.995,712.0349912088234,2500,5000
Multivariate region null,Conventional,45273,0.9092,0.004063381842751183,0.9012357715882077,0.9171642284117923,0.995,712.0349912088234,2500,5000
Multivariate region null,Anytime-valid,45729,0.0422,0.0028432080472592927,0.03662731222737179,0.04777268777262821,0.995,712.0349912088234,2500,5000
Multivariate region null,Conventional,45729,0.9092,0.004063381842751183,0.9012357715882077,0.9171642284117923,0.995,712.0349912088234,2500,5000
Multivariate region null,Anytime-valid,46190,0.0422,0.0028432080472592927,0.03662731222737179,0.04777268777262821,0.995,712.0349912088234,2500,5000
Multivariate region null,Conventional,46190,0.9096,0.004055313551379228,0.9016515854392967,0.9175484145607032,0.995,712.0349912088234,2500,5000
Multivariate region null,Anytime-valid,46656,0.0424,0.0028496399772602854,0.03681470564456984,0.04798529435543016,0.995,712.0349912088234,2500,5000
Multivariate region null,Conventional,46656,0.9098,0.0040512704180293855,0.9018595099806624,0.9177404900193377,0.995,712.0349912088234,2500,5000
Multivariate region null,Anytime-valid,47126,0.0424,0.0028496399772602854,0.03681470564456984,0.04798529435543016,0.995,712.0349912088234,2500,5000
Multivariate region null,Conventional,47126,0.91,0.0040472212689696115,0.9020674463128195,0.9179325536871805,0.995,712.0349912088234,2500,5000
Multivariate region null,Anytime-valid,47600,0.0424,0.0028496399772602854,0.03681470564456984,0.04798529435543016,0.995,712.0349912088234,2500,5000
Multivariate region null,Conventional,47600,0.91,0.0040472212689696115,0.9020674463128195,0.9179325536871805,0.995,712.0349912088234,2500,5000
Multivariate region null,Anytime-valid,48080,0.0424,0.0028496399772602854,0.03681470564456984,0.04798529435543016,0.995,712.0349912088234,2500,5000
Multivariate region null,Conventional,48080,0.9102,0.00404316608612607,0.9022753944711929,0.9181246055288071,0.995,712.0349912088234,2500,5000
Multivariate region null,Anytime-valid,48564,0.0424,0.0028496399772602854,0.03681470564456984,0.04798529435543016,0.995,712.0349912088234,2500,5000
Multivariate region null,Conventional,48564,0.9102,0.00404316608612607,0.9022753944711929,0.9181246055288071,0.995,712.0349912088234,2500,5000
Multivariate region null,Anytime-valid,49054,0.0424,0.0028496399772602854,0.03681470564456984,0.04798529435543016,0.995,712.0349912088234,2500,5000
Multivariate region null,Conventional,49054,0.9102,0.00404316608612607,0.9022753944711929,0.9181246055288071,0.995,712.0349912088234,2500,5000
Multivariate region null,Anytime-valid,49548,0.0424,0.0028496399772602854,0.03681470564456984,0.04798529435543016,0.995,712.0349912088234,2500,5000
Multivariate region null,Conventional,49548,0.9106,0.004035037546293715,0.9026913264092643,0.9185086735907356,0.995,712.0349912088234,2500,5000
Multivariate region null,Anytime-valid,50047,0.0424,0.0028496399772602854,0.03681470564456984,0.04798529435543016,0.995,712.0349912088234,2500,5000
Multivariate region null,Conventional,50047,0.9106,0.004035037546293715,0.9026913264092643,0.9185086735907356,0.995,712.0349912088234,2500,5000
Multivariate region null,Anytime-valid,50551,0.0424,0.0028496399772602854,0.03681470564456984,0.04798529435543016,0.995,712.0349912088234,2500,5000
Multivariate region null,Conventional,50551,0.9106,0.004035037546293715,0.9026913264092643,0.9185086735907356,0.995,712.0349912088234,2500,5000
Multivariate region null,Anytime-valid,51061,0.0424,0.0028496399772602854,0.03681470564456984,0.04798529435543016,0.995,712.0349912088234,2500,5000
Multivariate region null,Conventional,51061,0.9108,0.004030964152656284,0.9028993102607937,0.9187006897392064,0.995,712.0349912088234,2500,5000
Multivariate region null,Anytime-valid,51575,0.0424,0.0028496399772602854,0.03681470564456984,0.04798529435543016,0.995,712.0349912088234,2500,5000
Multivariate region null,Conventional,51575,0.9108,0.004030964152656284,0.9028993102607937,0.9187006897392064,0.995,712.0349912088234,2500,5000
Multivariate region null,Anytime-valid,52095,0.0424,0.0028496399772602854,0.03681470564456984,0.04798529435543016,0.995,712.0349912088234,2500,5000
Multivariate region null,Conventional,52095,0.9108,0.004030964152656284,0.9028993102607937,0.9187006897392064,0.995,712.0349912088234,2500,5000
Multivariate region null,Anytime-valid,52620,0.0424,0.0028496399772602854,0.03681470564456984,0.04798529435543016,0.995,712.0349912088234,2500,5000
Multivariate region null,Conventional,52620,0.9108,0.004030964152656284,0.9028993102607937,0.9187006897392064,0.995,712.0349912088234,2500,5000
Multivariate region null,Anytime-valid,53150,0.0424,0.0028496399772602854,0.03681470564456984,0.04798529435543016,0.995,712.0349912088234,2500,5000
Multivariate region null,Conventional,53150,0.911,0.004026884651936282,0.9031073060822049,0.9188926939177952,0.995,712.0349912088234,2500,5000
Multivariate region null,Anytime-valid,53685,0.0424,0.0028496399772602854,0.03681470564456984,0.04798529435543016,0.995,712.0349912088234,2500,5000
Multivariate region null,Conventional,53685,0.9114,0.0040187072548271046,0.9035233337805388,0.9192766662194611,0.995,712.0349912088234,2500,5000
Multivariate region null,Anytime-valid,54226,0.0424,0.0028496399772602854,0.03681470564456984,0.04798529435543016,0.995,712.0349912088234,2500,5000
Multivariate region null,Conventional,54226,0.9114,0.0040187072548271046,0.9035233337805388,0.9192766662194611,0.995,712.0349912088234,2500,5000
Multivariate region null,Anytime-valid,54773,0.0424,0.0028496399772602854,0.03681470564456984,0.04798529435543016,0.995,712.0349912088234,2500,5000
Multivariate region null,Conventional,54773,0.9118,0.004010505205083268,0.9039394097980369,0.9196605902019632,0.995,712.0349912088234,2500,5000
Multivariate region null,Anytime-valid,55325,0.0424,0.0028496399772602854,0.03681470564456984,0.04798529435543016,0.995,712.0349912088234,2500,5000
Multivariate region null,Conventional,55325,0.912,0.004006394888175652,0.9041474660191757,0.9198525339808243,0.995,712.0349912088234,2500,5000
Multivariate region null,Anytime-valid,55882,0.0424,0.0028496399772602854,0.03681470564456984,0.04798529435543016,0.995,712.0349912088234,2500,5000
Multivariate region null,Conventional,55882,0.912,0.004006394888175652,0.9041474660191757,0.9198525339808243,0.995,712.0349912088234,2500,5000
Multivariate region null,Anytime-valid,56445,0.0426,0.00285605462132642,0.037002132942200214,0.048197867057799784,0.995,712.0349912088234,2500,5000
Multivariate region null,Conventional,56445,0.912,0.004006394888175652,0.9041474660191757,0.9198525339808243,0.995,712.0349912088234,2500,5000
Multivariate region null,Anytime-valid,57014,0.0426,0.00285605462132642,0.037002132942200214,0.048197867057799784,0.995,712.0349912088234,2500,5000
Multivariate region null,Conventional,57014,0.912,0.004006394888175652,0.9041474660191757,0.9198525339808243,0.995,712.0349912088234,2500,5000
Multivariate region null,Anytime-valid,57588,0.0426,0.00285605462132642,0.037002132942200214,0.048197867057799784,0.995,712.0349912088234,2500,5000
Multivariate region null,Conventional,57588,0.912,0.004006394888175652,0.9041474660191757,0.9198525339808243,0.995,712.0349912088234,2500,5000
Multivariate region null,Anytime-valid,58168,0.0426,0.00285605462132642,0.037002132942200214,0.048197867057799784,0.995,712.0349912088234,2500,5000
Multivariate region null,Conventional,58168,0.912,0.004006394888175652,0.9041474660191757,0.9198525339808243,0.995,712.0349912088234,2500,5000
Multivariate region null,Anytime-valid,58755,0.0426,0.00285605462132642,0.037002132942200214,0.048197867057799784,0.995,712.0349912088234,2500,5000
Multivariate region null,Conventional,58755,0.912,0.004006394888175652,0.9041474660191757,0.9198525339808243,0.995,712.0349912088234,2500,5000
Multivariate region null,Anytime-valid,59347,0.0426,0.00285605462132642,0.037002132942200214,0.048197867057799784,0.995,712.0349912088234,2500,5000
Multivariate region null,Conventional,59347,0.9122,0.0040022783511395104,0.9043555344317665,0.9200444655682335,0.995,712.0349912088234,2500,5000
Multivariate region null,Anytime-valid,59944,0.0426,0.00285605462132642,0.037002132942200214,0.048197867057799784,0.995,712.0349912088234,2500,5000
Multivariate region null,Conventional,59944,0.9122,0.0040022783511395104,0.9043555344317665,0.9200444655682335,0.995,712.0349912088234,2500,5000
Multivariate region null,Anytime-valid,60548,0.0426,0.00285605462132642,0.037002132942200214,0.048197867057799784,0.995,712.0349912088234,2500,5000
Multivariate region null,Conventional,60548,0.9124,0.003998155574761943,0.9045636150734666,0.9202363849265334,0.995,712.0349912088234,2500,5000
Multivariate region null,Anytime-valid,61158,0.0426,0.00285605462132642,0.037002132942200214,0.048197867057799784,0.995,712.0349912088234,2500,5000
Multivariate region null,Conventional,61158,0.9124,0.003998155574761943,0.9045636150734666,0.9202363849265334,0.995,712.0349912088234,2500,5000
Multivariate region null,Anytime-valid,61775,0.0426,0.00285605462132642,0.037002132942200214,0.048197867057799784,0.995,712.0349912088234,2500,5000
Multivariate region null,Conventional,61775,0.9126,0.003994026539721539,0.9047717079821458,0.9204282920178541,0.995,712.0349912088234,2500,5000
Multivariate region null,Anytime-valid,62397,0.0426,0.00285605462132642,0.037002132942200214,0.048197867057799784,0.995,712.0349912088234,2500,5000
Multivariate region null,Conventional,62397,0.9126,0.003994026539721539,0.9047717079821458,0.9204282920178541,0.995,712.0349912088234,2500,5000
Multivariate region null,Anytime-valid,63026,0.0426,0.00285605462132642,0.037002132942200214,0.048197867057799784,0.995,712.0349912088234,2500,5000
Multivariate region null,Conventional,63026,0.9128,0.003989891226587513,0.9049798131958884,0.9206201868041115,0.995,712.0349912088234,2500,5000
Multivariate region null,Anytime-valid,63661,0.0426,0.00285605462132642,0.037002132942200214,0.048197867057799784,0.995,712.0349912088234,2500,5000
Multivariate region null,Conventional,63661,0.913,0.003985749615818835,0.9051879307529951,0.920812069247005,0.995,712.0349912088234,2500,5000
Multivariate region null,Anytime-valid,64302,0.0426,0.00285605462132642,0.037002132942200214,0.048197867057799784,0.995,712.0349912088234,2500,5000
Multivariate region null,Conventional,64302,0.913,0.003985749615818835,0.9051879307529951,0.920812069247005,0.995,712.0349912088234,2500,5000
Multivariate region null,Anytime-valid,64950,0.0426,0.00285605462132642,0.037002132942200214,0.048197867057799784,0.995,712.0349912088234,2500,5000
Multivariate region null,Conventional,64950,0.9132,0.003981601687763355,0.9053960606919839,0.9210039393080162,0.995,712.0349912088234,2500,5000
Multivariate region null,Anytime-valid,65604,0.0426,0.00285605462132642,0.037002132942200214,0.048197867057799784,0.995,712.0349912088234,2500,5000
Multivariate region null,Conventional,65604,0.9132,0.003981601687763355,0.9053960606919839,0.9210039393080162,0.995,712.0349912088234,2500,5000
Multivariate region null,Anytime-valid,66265,0.0426,0.00285605462132642,0.037002132942200214,0.048197867057799784,0.995,712.0349912088234,2500,5000
Multivariate region null,Conventional,66265,0.9132,0.003981601687763355,0.9053960606919839,0.9210039393080162,0.995,712.0349912088234,2500,5000
Multivariate region null,Anytime-valid,66933,0.0426,0.00285605462132642,0.037002132942200214,0.048197867057799784,0.995,712.0349912088234,2500,5000
Multivariate region null,Conventional,66933,0.9134,0.0039774474226568985,0.9056042030515925,0.9211957969484075,0.995,712.0349912088234,2500,5000
Multivariate region null,Anytime-valid,67608,0.0426,0.00285605462132642,0.037002132942200214,0.048197867057799784,0.995,712.0349912088234,2500,5000
Multivariate region null,Conventional,67608,0.9136,0.003973286800622377,0.9058123578707801,0.9213876421292199,0.995,712.0349912088234,2500,5000
Multivariate region null,Anytime-valid,68289,0.0426,0.00285605462132642,0.037002132942200214,0.048197867057799784,0.995,712.0349912088234,2500,5000
Multivariate region null,Conventional,68289,0.9136,0.003973286800622377,0.9058123578707801,0.9213876421292199,0.995,712.0349912088234,2500,5000
Multivariate region null,Anytime-valid,68977,0.0426,0.00285605462132642,0.037002132942200214,0.048197867057799784,0.995,712.0349912088234,2500,5000
Multivariate region null,Conventional,68977,0.914,0.00396494640569075,0.9062287050448462,0.9217712949551539,0.995,712.0349912088234,2500,5000
Multivariate region null,Anytime-valid,69672,0.0426,0.00285605462132642,0.037002132942200214,0.048197867057799784,0.995,712.0349912088234,2500,5000
Multivariate region null,Conventional,69672,0.914,0.00396494640569075,0.9062287050448462,0.9217712949551539,0.995,712.0349912088234,2500,5000
Multivariate region null,Anytime-valid,70374,0.0426,0.00285605462132642,0.037002132942200214,0.048197867057799784,0.995,712.0349912088234,2500,5000
Multivariate region null,Conventional,70374,0.9142,0.003960766592466665,0.9064368974787653,0.9219631025212347,0.995,712.0349912088234,2500,5000
Multivariate region null,Anytime-valid,71083,0.0426,0.00285605462132642,0.037002132942200214,0.048197867057799784,0.995,712.0349912088234,2500,5000
Multivariate region null,Conventional,71083,0.9142,0.003960766592466665,0.9064368974787653,0.9219631025212347,0.995,712.0349912088234,2500,5000
Multivariate region null,Anytime-valid,71799,0.0426,0.00285605462132642,0.037002132942200214,0.048197867057799784,0.995,712.0349912088234,2500,5000
Multivariate region null,Conventional,71799,0.9142,0.003960766592466665,0.9064368974787653,0.9219631025212347,0.995,712.0349912088234,2500,5000
Multivariate region null,Anytime-valid,72522,0.0426,0.00285605462132642,0.037002132942200214,0.048197867057799784,0.995,712.0349912088234,2500,5000
Multivariate region null,Conventional,72522,0.9142,0.003960766592466665,0.9064368974787653,0.9219631025212347,0.995,712.0349912088234,2500,5000
Multivariate region null,Anytime-valid,73253,0.0426,0.00285605462132642,0.037002132942200214,0.048197867057799784,0.995,712.0349912088234,2500,5000
Multivariate region null,Conventional,73253,0.9144,0.00395658034165869,0.9066451025303489,0.9221548974696511,0.995,712.0349912088234,2500,5000
Multivariate region null,Anytime-valid,73991,0.0426,0.00285605462132642,0.037002132942200214,0.048197867057799784,0.995,712.0349912088234,2500,5000
Multivariate region null,Conventional,73991,0.9144,0.00395658034165869,0.9066451025303489,0.9221548974696511,0.995,712.0349912088234,2500,5000
Multivariate region null,Anytime-valid,74737,0.0426,0.00285605462132642,0.037002132942200214,0.048197867057799784,0.995,712.0349912088234,2500,5000
Multivariate region null,Conventional,74737,0.9148,0.003948188445350603,0.9070615506471128,0.9225384493528871,0.995,712.0349912088234,2500,5000
Multivariate region null,Anytime-valid,75490,0.0426,0.00285605462132642,0.037002132942200214,0.048197867057799784,0.995,712.0349912088234,2500,5000
Multivariate region null,Conventional,75490,0.9154,0.003935551803750016,0.90768631846465,0.92311368153535,0.995,712.0349912088234,2500,5000
Multivariate region null,Anytime-valid,76250,0.0426,0.00285605462132642,0.037002132942200214,0.048197867057799784,0.995,712.0349912088234,2500,5000
Multivariate region null,Conventional,76250,0.9154,0.003935551803750016,0.90768631846465,0.92311368153535,0.995,712.0349912088234,2500,5000
Multivariate region null,Anytime-valid,77018,0.0426,0.00285605462132642,0.037002132942200214,0.048197867057799784,0.995,712.0349912088234,2500,5000
Multivariate region null,Conventional,77018,0.9154,0.003935551803750016,0.90768631846465,0.92311368153535,0.995,712.0349912088234,2500,5000
Multivariate region null,Anytime-valid,77794,0.0426,0.00285605462132642,0.037002132942200214,0.048197867057799784,0.995,712.0349912088234,2500,5000
Multivariate region null,Conventional,77794,0.9158,0.003927094600337508,0.9081028945833385,0.9234971054166614,0.995,712.0349912088234,2500,5000
Multivariate region null,Anytime-valid,78578,0.0426,0.00285605462132642,0.037002132942200214,0.048197867057799784,0.995,712.0349912088234,2500,5000
Multivariate region null,Conventional,78578,0.9158,0.003927094600337508,0.9081028945833385,0.9234971054166614,0.995,712.0349912088234,2500,5000
Multivariate region null,Anytime-valid,79370,0.0426,0.00285605462132642,0.037002132942200214,0.048197867057799784,0.995,712.0349912088234,2500,5000
Multivariate region null,Conventional,79370,0.916,0.0039228561023825475,0.9083112020393302,0.9236887979606698,0.995,712.0349912088234,2500,5000
Multivariate region null,Anytime-valid,80170,0.0426,0.00285605462132642,0.037002132942200214,0.048197867057799784,0.995,712.0349912088234,2500,5000
Multivariate region null,Conventional,80170,0.916,0.0039228561023825475,0.9083112020393302,0.9236887979606698,0.995,712.0349912088234,2500,5000
Multivariate region null,Anytime-valid,80977,0.0426,0.00285605462132642,0.037002132942200214,0.048197867057799784,0.995,712.0349912088234,2500,5000
Multivariate region null,Conventional,80977,0.9166,0.003910100765964991,0.9089362024987085,0.9242637975012914,0.995,712.0349912088234,2500,5000
Multivariate region null,Anytime-valid,81793,0.0426,0.00285605462132642,0.037002132942200214,0.048197867057799784,0.995,712.0349912088234,2500,5000
Multivariate region null,Conventional,81793,0.9166,0.003910100765964991,0.9089362024987085,0.9242637975012914,0.995,712.0349912088234,2500,5000
Multivariate region null,Anytime-valid,82617,0.0426,0.00285605462132642,0.037002132942200214,0.048197867057799784,0.995,712.0349912088234,2500,5000
Multivariate region null,Conventional,82617,0.9166,0.003910100765964991,0.9089362024987085,0.9242637975012914,0.995,712.0349912088234,2500,5000
Multivariate region null,Anytime-valid,83450,0.0426,0.00285605462132642,0.037002132942200214,0.048197867057799784,0.995,712.0349912088234,2500,5000
Multivariate region null,Conventional,83450,0.9168,0.0039058356340225084,0.9091445621573159,0.924455437842684,0.995,712.0349912088234,2500,5000
Multivariate region null,Anytime-valid,84291,0.0426,0.00285605462132642,0.037002132942200214,0.048197867057799784,0.995,712.0349912088234,2500,5000
Multivariate region null,Conventional,84291,0.9172,0.003897285208962772,0.909561320990433,0.9248386790095671,0.995,712.0349912088234,2500,5000
Multivariate region null,Anytime-valid,85140,0.0426,0.00285605462132642,0.037002132942200214,0.048197867057799784,0.995,712.0349912088234,2500,5000
Multivariate region null,Conventional,85140,0.9172,0.003897285208962772,0.909561320990433,0.9248386790095671,0.995,712.0349912088234,2500,5000
Multivariate region null,Anytime-valid,85998,0.0426,0.00285605462132642,0.037002132942200214,0.048197867057799784,0.995,712.0349912088234,2500,5000
Multivariate region null,Conventional,85998,0.9172,0.003897285208962772,0.909561320990433,0.9248386790095671,0.995,712.0349912088234,2500,5000
Multivariate region null,Anytime-valid,86864,0.0426,0.00285605462132642,0.037002132942200214,0.048197867057799784,0.995,712.0349912088234,2500,5000
Multivariate region null,Conventional,86864,0.9172,0.003897285208962772,0.909561320990433,0.9248386790095671,0.995,712.0349912088234,2500,5000
Multivariate region null,Anytime-valid,87739,0.0426,0.00285605462132642,0.037002132942200214,0.048197867057799784,0.995,712.0349912088234,2500,5000
Multivariate region null,Conventional,87739,0.9172,0.003897285208962772,0.909561320990433,0.9248386790095671,0.995,712.0349912088234,2500,5000
Multivariate region null,Anytime-valid,88623,0.0426,0.00285605462132642,0.037002132942200214,0.048197867057799784,0.995,712.0349912088234,2500,5000
Multivariate region null,Conventional,88623,0.9174,0.0038929998715643444,0.9097697202517339,0.9250302797482661,0.995,712.0349912088234,2500,5000
Multivariate region null,Anytime-valid,89516,0.0426,0.00285605462132642,0.037002132942200214,0.048197867057799784,0.995,712.0349912088234,2500,5000
Multivariate region null,Conventional,89516,0.9176,0.003888707754511774,0.9099781328011569,0.925221867198843,0.995,712.0349912088234,2500,5000
Multivariate region null,Anytime-valid,90418,0.0426,0.00285605462132642,0.037002132942200214,0.048197867057799784,0.995,712.0349912088234,2500,5000
Multivariate region null,Conventional,90418,0.9178,0.0038844088353313182,0.9101865586827506,0.9254134413172493,0.995,712.0349912088234,2500,5000
Multivariate region null,Anytime-valid,91329,0.0426,0.00285605462132642,0.037002132942200214,0.048197867057799784,0.995,712.0349912088234,2500,5000
Multivariate region null,Conventional,91329,0.9182,0.0038757905000141577,0.9106034506199723,0.9257965493800278,0.995,712.0349912088234,2500,5000
Multivariate region null,Anytime-valid,92250,0.0426,0.00285605462132642,0.037002132942200214,0.048197867057799784,0.995,712.0349912088234,2500,5000
Multivariate region null,Conventional,92250,0.9182,0.0038757905000141577,0.9106034506199723,0.9257965493800278,0.995,712.0349912088234,2500,5000
Multivariate region null,Anytime-valid,93179,0.0426,0.00285605462132642,0.037002132942200214,0.048197867057799784,0.995,712.0349912088234,2500,5000
Multivariate region null,Conventional,93179,0.9182,0.0038757905000141577,0.9106034506199723,0.9257965493800278,0.995,712.0349912088234,2500,5000
Multivariate region null,Anytime-valid,94118,0.0426,0.00285605462132642,0.037002132942200214,0.048197867057799784,0.995,712.0349912088234,2500,5000
Multivariate region null,Conventional,94118,0.9182,0.0038757905000141577,0.9106034506199723,0.9257965493800278,0.995,712.0349912088234,2500,5000
Multivariate region null,Anytime-valid,95066,0.0426,0.00285605462132642,0.037002132942200214,0.048197867057799784,0.995,712.0349912088234,2500,5000
Multivariate region null,Conventional,95066,0.9182,0.0038757905000141577,0.9106034506199723,0.9257965493800278,0.995,712.0349912088234,2500,5000
Multivariate region null,Anytime-valid,96024,0.0426,0.00285605462132642,0.037002132942200214,0.048197867057799784,0.995,712.0349912088234,2500,5000
Multivariate region null,Conventional,96024,0.9182,0.0038757905000141577,0.9106034506199723,0.9257965493800278,0.995,712.0349912088234,2500,5000
Multivariate region null,Anytime-valid,96991,0.0426,0.00285605462132642,0.037002132942200214,0.048197867057799784,0.995,712.0349912088234,2500,5000
Multivariate region null,Conventional,96991,0.9188,0.0038628114113945567,0.9112288896336667,0.9263711103663332,0.995,712.0349912088234,2500,5000
Multivariate region null,Anytime-valid,97969,0.0426,0.00285605462132642,0.037002132942200214,0.048197867057799784,0.995,712.0349912088234,2500,5000
Multivariate region null,Conventional,97969,0.9188,0.0038628114113945567,0.9112288896336667,0.9263711103663332,0.995,712.0349912088234,2500,5000
Multivariate region null,Anytime-valid,98956,0.0426,0.00285605462132642,0.037002132942200214,0.048197867057799784,0.995,712.0349912088234,2500,5000
Multivariate region null,Conventional,98956,0.919,0.0038584711998406822,0.9114373964483123,0.9265626035516877,0.995,712.0349912088234,2500,5000
Multivariate region null,Anytime-valid,99953,0.0426,0.00285605462132642,0.037002132942200214,0.048197867057799784,0.995,712.0349912088234,2500,5000
Multivariate region null,Conventional,99953,0.919,0.0038584711998406822,0.9114373964483123,0.9265626035516877,0.995,712.0349912088234,2500,5000
Multivariate region null,Anytime-valid,100960,0.0426,0.00285605462132642,0.037002132942200214,0.048197867057799784,0.995,712.0349912088234,2500,5000
Multivariate region null,Conventional,100960,0.919,0.0038584711998406822,0.9114373964483123,0.9265626035516877,0.995,712.0349912088234,2500,5000
Multivariate region null,Anytime-valid,101977,0.0426,0.00285605462132642,0.037002132942200214,0.048197867057799784,0.995,712.0349912088234,2500,5000
Multivariate region null,Conventional,101977,0.919,0.0038584711998406822,0.9114373964483123,0.9265626035516877,0.995,712.0349912088234,2500,5000
Multivariate region null,Anytime-valid,103005,0.0426,0.00285605462132642,0.037002132942200214,0.048197867057799784,0.995,712.0349912088234,2500,5000
Multivariate region null,Conventional,103005,0.9192,0.0038541240249893357,0.9116459169110209,0.9267540830889791,0.995,712.0349912088234,2500,5000
Multivariate region null,Anytime-valid,104042,0.0426,0.00285605462132642,0.037002132942200214,0.048197867057799784,0.995,712.0349912088234,2500,5000
Multivariate region null,Conventional,104042,0.9192,0.0038541240249893357,0.9116459169110209,0.9267540830889791,0.995,712.0349912088234,2500,5000
Multivariate region null,Anytime-valid,105091,0.0426,0.00285605462132642,0.037002132942200214,0.048197867057799784,0.995,712.0349912088234,2500,5000
Multivariate region null,Conventional,105091,0.9192,0.0038541240249893357,0.9116459169110209,0.9267540830889791,0.995,712.0349912088234,2500,5000
Multivariate region null,Anytime-valid,106149,0.0426,0.00285605462132642,0.037002132942200214,0.048197867057799784,0.995,712.0349912088234,2500,5000
Multivariate region null,Conventional,106149,0.9192,0.0038541240249893357,0.9116459169110209,0.9267540830889791,0.995,712.0349912088234,2500,5000
Multivariate region null,Anytime-valid,107219,0.0426,0.00285605462132642,0.037002132942200214,0.048197867057799784,0.995,712.0349912088234,2500,5000
Multivariate region null,Conventional,107219,0.9192,0.0038541240249893357,0.9116459169110209,0.9267540830889791,0.995,712.0349912088234,2500,5000
Multivariate region null,Anytime-valid,108299,0.0426,0.00285605462132642,0.037002132942200214,0.048197867057799784,0.995,712.0349912088234,2500,5000
Multivariate region null,Conventional,108299,0.9194,0.0038497698632515686,0.9118544510680269,0.9269455489319731,0.995,712.0349912088234,2500,5000
Multivariate region null,Anytime-valid,109390,0.0426,0.00285605462132642,0.037002132942200214,0.048197867057799784,0.995,712.0349912088234,2500,5000
Multivariate region null,Conventional,109390,0.9202,0.0038322828705616187,0.9126887255736993,0.9277112744263007,0.995,712.0349912088234,2500,5000
Multivariate region null,Anytime-valid,110493,0.0426,0.00285605462132642,0.037002132942200214,0.048197867057799784,0.995,712.0349912088234,2500,5000
Multivariate region null,Conventional,110493,0.9202,0.0038322828705616187,0.9126887255736993,0.9277112744263007,0.995,712.0349912088234,2500,5000
Multivariate region null,Anytime-valid,111606,0.0426,0.00285605462132642,0.037002132942200214,0.048197867057799784,0.995,712.0349912088234,2500,5000
Multivariate region null,Conventional,111606,0.9202,0.0038322828705616187,0.9126887255736993,0.9277112744263007,0.995,712.0349912088234,2500,5000
Multivariate region null,Anytime-valid,112730,0.0426,0.00285605462132642,0.037002132942200214,0.048197867057799784,0.995,712.0349912088234,2500,5000
Multivariate region null,Conventional,112730,0.9204,0.003827893415444061,0.9128973289057296,0.9279026710942704,0.995,712.0349912088234,2500,5000
Multivariate region null,Anytime-valid,113866,0.0426,0.00285605462132642,0.037002132942200214,0.048197867057799784,0.995,712.0349912088234,2500,5000
Multivariate region null,Conventional,113866,0.9204,0.003827893415444061,0.9128973289057296,0.9279026710942704,0.995,712.0349912088234,2500,5000
Multivariate region null,Anytime-valid,115013,0.0426,0.00285605462132642,0.037002132942200214,0.048197867057799784,0.995,712.0349912088234,2500,5000
Multivariate region null,Conventional,115013,0.9204,0.003827893415444061,0.9128973289057296,0.9279026710942704,0.995,712.0349912088234,2500,5000
Multivariate region null,Anytime-valid,116172,0.0426,0.00285605462132642,0.037002132942200214,0.048197867057799784,0.995,712.0349912088234,2500,5000
Multivariate region null,Conventional,116172,0.9206,0.0038234968288204454,0.9131059462155119,0.9280940537844881,0.995,712.0349912088234,2500,5000
Multivariate region null,Anytime-valid,117343,0.0426,0.00285605462132642,0.037002132942200214,0.048197867057799784,0.995,712.0349912088234,2500,5000
Multivariate region null,Conventional,117343,0.9206,0.0038234968288204454,0.9131059462155119,0.9280940537844881,0.995,712.0349912088234,2500,5000
Multivariate region null,Anytime-valid,118525,0.0426,0.00285605462132642,0.037002132942200214,0.048197867057799784,0.995,712.0349912088234,2500,5000
Multivariate region null,Conventional,118525,0.9208,0.003819093086061141,0.9133145775513201,0.9282854224486798,0.995,712.0349912088234,2500,5000
Multivariate region null,Anytime-valid,119719,0.0426,0.00285605462132642,0.037002132942200214,0.048197867057799784,0.995,712.0349912088234,2500,5000
Multivariate region null,Conventional,119719,0.921,0.0038146821623826002,0.9135232229617302,0.9284767770382699,0.995,712.0349912088234,2500,5000
Multivariate region null,Anytime-valid,120925,0.0426,0.00285605462132642,0.037002132942200214,0.048197867057799784,0.995,712.0349912088234,2500,5000
Multivariate region null,Conventional,120925,0.921,0.0038146821623826002,0.9135232229617302,0.9284767770382699,0.995,712.0349912088234,2500,5000
Multivariate region null,Anytime-valid,122144,0.0426,0.00285605462132642,0.037002132942200214,0.048197867057799784,0.995,712.0349912088234,2500,5000
Multivariate region null,Conventional,122144,0.921,0.0038146821623826002,0.9135232229617302,0.9284767770382699,0.995,712.0349912088234,2500,5000
Multivariate region null,Anytime-valid,123374,0.0426,0.00285605462132642,0.037002132942200214,0.048197867057799784,0.995,712.0349912088234,2500,5000
Multivariate region null,Conventional,123374,0.921,0.0038146821623826002,0.9135232229617302,0.9284767770382699,0.995,712.0349912088234,2500,5000
Multivariate region null,Anytime-valid,124618,0.0426,0.00285605462132642,0.037002132942200214,0.048197867057799784,0.995,712.0349912088234,2500,5000
Multivariate region null,Conventional,124618,0.9212,0.0038102640328460174,0.9137318824956219,0.9286681175043782,0.995,712.0349912088234,2500,5000
Multivariate region null,Anytime-valid,125873,0.0426,0.00285605462132642,0.037002132942200214,0.048197867057799784,0.995,712.0349912088234,2500,5000
Multivariate region null,Conventional,125873,0.9214,0.003805838672355937,0.9139405562021824,0.9288594437978176,0.995,712.0349912088234,2500,5000
Multivariate region null,Anytime-valid,127141,0.0426,0.00285605462132642,0.037002132942200214,0.048197867057799784,0.995,712.0349912088234,2500,5000
Multivariate region null,Conventional,127141,0.9214,0.003805838672355937,0.9139405562021824,0.9288594437978176,0.995,712.0349912088234,2500,5000
Multivariate region null,Anytime-valid,128422,0.0426,0.00285605462132642,0.037002132942200214,0.048197867057799784,0.995,712.0349912088234,2500,5000
Multivariate region null,Conventional,128422,0.9218,0.0037969661573419387,0.9143579463316097,0.9292420536683902,0.995,712.0349912088234,2500,5000
Multivariate region null,Anytime-valid,129716,0.0426,0.00285605462132642,0.037002132942200214,0.048197867057799784,0.995,712.0349912088234,2500,5000
Multivariate region null,Conventional,129716,0.9218,0.0037969661573419387,0.9143579463316097,0.9292420536683902,0.995,712.0349912088234,2500,5000
Multivariate region null,Anytime-valid,131023,0.0426,0.00285605462132642,0.037002132942200214,0.048197867057799784,0.995,712.0349912088234,2500,5000
Multivariate region null,Conventional,131023,0.922,0.003792518951831354,0.9145666628544106,0.9294333371455895,0.995,712.0349912088234,2500,5000
Multivariate region null,Anytime-valid,132343,0.0426,0.00285605462132642,0.037002132942200214,0.048197867057799784,0.995,712.0349912088234,2500,5000
Multivariate region null,Conventional,132343,0.9222,0.0037880644133910916,0.9147753937497535,0.9296246062502466,0.995,712.0349912088234,2500,5000
Multivariate region null,Anytime-valid,133677,0.0426,0.00285605462132642,0.037002132942200214,0.048197867057799784,0.995,712.0349912088234,2500,5000
Multivariate region null,Conventional,133677,0.9222,0.0037880644133910916,0.9147753937497535,0.9296246062502466,0.995,712.0349912088234,2500,5000
Multivariate region null,Anytime-valid,135024,0.0426,0.00285605462132642,0.037002132942200214,0.048197867057799784,0.995,712.0349912088234,2500,5000
Multivariate region null,Conventional,135024,0.9226,0.0037791332339572265,0.9151928988614438,0.9300071011385561,0.995,712.0349912088234,2500,5000
Multivariate region null,Anytime-valid,136384,0.0426,0.00285605462132642,0.037002132942200214,0.048197867057799784,0.995,712.0349912088234,2500,5000
Multivariate region null,Conventional,136384,0.9228,0.0037746565406669794,0.9154016731802926,0.9301983268197073,0.995,712.0349912088234,2500,5000
Multivariate region null,Anytime-valid,137758,0.0426,0.00285605462132642,0.037002132942200214,0.048197867057799784,0.995,712.0349912088234,2500,5000
Multivariate region null,Conventional,137758,0.9228,0.0037746565406669794,0.9154016731802926,0.9301983268197073,0.995,712.0349912088234,2500,5000
Multivariate region null,Anytime-valid,139146,0.0426,0.00285605462132642,0.037002132942200214,0.048197867057799784,0.995,712.0349912088234,2500,5000
Multivariate region null,Conventional,139146,0.923,0.003770172409850774,0.9156104620766925,0.9303895379233076,0.995,712.0349912088234,2500,5000
Multivariate region null,Anytime-valid,140548,0.0426,0.00285605462132642,0.037002132942200214,0.048197867057799784,0.995,712.0349912088234,2500,5000
Multivariate region null,Conventional,140548,0.9232,0.003765680814939046,0.9158192656027195,0.9305807343972805,0.995,712.0349912088234,2500,5000
Multivariate region null,Anytime-valid,141964,0.0426,0.00285605462132642,0.037002132942200214,0.048197867057799784,0.995,712.0349912088234,2500,5000
Multivariate region null,Conventional,141964,0.9236,0.003756675125692932,0.9162369167536418,0.9309630832463581,0.995,712.0349912088234,2500,5000
Multivariate region null,Anytime-valid,143395,0.0426,0.00285605462132642,0.037002132942200214,0.048197867057799784,0.995,712.0349912088234,2500,5000
Multivariate region null,Conventional,143395,0.9236,0.003756675125692932,0.9162369167536418,0.9309630832463581,0.995,712.0349912088234,2500,5000
Multivariate region null,Anytime-valid,144839,0.0428,0.0028624520956690267,0.03718959389248871,0.04841040610751129,0.995,712.0349912088234,2500,5000
Multivariate region null,Conventional,144839,0.9236,0.003756675125692932,0.9162369167536418,0.9309630832463581,0.995,712.0349912088234,2500,5000
Multivariate region null,Anytime-valid,146299,0.0428,0.0028624520956690267,0.03718959389248871,0.04841040610751129,0.995,712.0349912088234,2500,5000
Multivariate region null,Conventional,146299,0.9238,0.003752160977356916,0.9164457644843804,0.9311542355156195,0.995,712.0349912088234,2500,5000
Multivariate region null,Anytime-valid,147773,0.0428,0.0028624520956690267,0.03718959389248871,0.04841040610751129,0.995,712.0349912088234,2500,5000
Multivariate region null,Conventional,147773,0.9242,0.0037431099369374657,0.9168635045236025,0.9315364954763975,0.995,712.0349912088234,2500,5000
Multivariate region null,Anytime-valid,149262,0.0428,0.0028624520956690267,0.03718959389248871,0.04841040610751129,0.995,712.0349912088234,2500,5000
Multivariate region null,Conventional,149262,0.9248,0.003729476102618169,0.9174902268388684,0.9321097731611315,0.995,712.0349912088234,2500,5000
Multivariate region null,Anytime-valid,150766,0.0428,0.0028624520956690267,0.03718959389248871,0.04841040610751129,0.995,712.0349912088234,2500,5000
Multivariate region null,Conventional,150766,0.925,0.0037249161064378342,0.9176991644313819,0.9323008355686182,0.995,712.0349912088234,2500,5000
Multivariate region null,Anytime-valid,152285,0.0428,0.0028624520956690267,0.03718959389248871,0.04841040610751129,0.995,712.0349912088234,2500,5000
Multivariate region null,Conventional,152285,0.9252,0.0037203483707846496,0.9179081171932622,0.9324918828067379,0.995,712.0349912088234,2500,5000
Multivariate region null,Anytime-valid,153819,0.0428,0.0028624520956690267,0.03718959389248871,0.04841040610751129,0.995,712.0349912088234,2500,5000
Multivariate region null,Conventional,153819,0.9252,0.0037203483707846496,0.9179081171932622,0.9324918828067379,0.995,712.0349912088234,2500,5000
Multivariate region null,Anytime-valid,155369,0.0428,0.0028624520956690267,0.03718959389248871,0.04841040610751129,0.995,712.0349912088234,2500,5000
Multivariate region null,Conventional,155369,0.9252,0.0037203483707846496,0.9179081171932622,0.9324918828067379,0.995,712.0349912088234,2500,5000
Multivariate region null,Anytime-valid,156934,0.0428,0.0028624520956690267,0.03718959389248871,0.04841040610751129,0.995,712.0349912088234,2500,5000
Multivariate region null,Conventional,156934,0.9254,0.003715772867116611,0.9181170851804514,0.9326829148195486,0.995,712.0349912088234,2500,5000
Multivariate region null,Anytime-valid,158515,0.0428,0.0028624520956690267,0.03718959389248871,0.04841040610751129,0.995,712.0349912088234,2500,5000
Multivariate region null,Conventional,158515,0.9254,0.003715772867116611,0.9181170851804514,0.9326829148195486,0.995,712.0349912088234,2500,5000
Multivariate region null,Anytime-valid,160112,0.0428,0.0028624520956690267,0.03718959389248871,0.04841040610751129,0.995,712.0349912088234,2500,5000
Multivariate region null,Conventional,160112,0.9254,0.003715772867116611,0.9181170851804514,0.9326829148195486,0.995,712.0349912088234,2500,5000
Multivariate region null,Anytime-valid,161726,0.0428,0.0028624520956690267,0.03718959389248871,0.04841040610751129,0.995,712.0349912088234,2500,5000
Multivariate region null,Conventional,161726,0.926,0.003701999459751445,0.9187440810588872,0.9332559189411129,0.995,712.0349912088234,2500,5000
Multivariate region null,Anytime-valid,163355,0.0428,0.0028624520956690267,0.03718959389248871,0.04841040610751129,0.995,712.0349912088234,2500,5000
Multivariate region null,Conventional,163355,0.9262,0.003697392594788927,0.9189531105142137,0.9334468894857864,0.995,712.0349912088234,2500,5000
Multivariate region null,Anytime-valid,165001,0.0428,0.0028624520956690267,0.03718959389248871,0.04841040610751129,0.995,712.0349912088234,2500,5000
Multivariate region null,Conventional,165001,0.9262,0.003697392594788927,0.9189531105142137,0.9334468894857864,0.995,712.0349912088234,2500,5000
Multivariate region null,Anytime-valid,166663,0.0428,0.0028624520956690267,0.03718959389248871,0.04841040610751129,0.995,712.0349912088234,2500,5000
Multivariate region null,Conventional,166663,0.9266,0.003688155094352731,0.9193712160150687,0.9338287839849313,0.995,712.0349912088234,2500,5000
Multivariate region null,Anytime-valid,168343,0.0428,0.0028624520956690267,0.03718959389248871,0.04841040610751129,0.995,712.0349912088234,2500,5000
Multivariate region null,Conventional,168343,0.9268,0.0036835243992676373,0.9195802921774354,0.9340197078225645,0.995,712.0349912088234,2500,5000
Multivariate region null,Anytime-valid,170039,0.0428,0.0028624520956690267,0.03718959389248871,0.04841040610751129,0.995,712.0349912088234,2500,5000
Multivariate region null,Conventional,170039,0.927,0.003678885700861063,0.9197893840263124,0.9342106159736877,0.995,712.0349912088234,2500,5000
Multivariate region null,Anytime-valid,171752,0.0428,0.0028624520956690267,0.03718959389248871,0.04841040610751129,0.995,712.0349912088234,2500,5000
Multivariate region null,Conventional,171752,0.9272,0.0036742389688206177,0.9199984916211116,0.9344015083788885,0.995,712.0349912088234,2500,5000
Multivariate region null,Anytime-valid,173483,0.0428,0.0028624520956690267,0.03718959389248871,0.04841040610751129,0.995,712.0349912088234,2500,5000
Multivariate region null,Conventional,173483,0.9272,0.0036742389688206177,0.9199984916211116,0.9344015083788885,0.995,712.0349912088234,2500,5000
Multivariate region null,Anytime-valid,175230,0.0428,0.0028624520956690267,0.03718959389248871,0.04841040610751129,0.995,712.0349912088234,2500,5000
Multivariate region null,Conventional,175230,0.9272,0.0036742389688206177,0.9199984916211116,0.9344015083788885,0.995,712.0349912088234,2500,5000
Multivariate region null,Anytime-valid,176996,0.0428,0.0028624520956690267,0.03718959389248871,0.04841040610751129,0.995,712.0349912088234,2500,5000
Multivariate region null,Conventional,176996,0.9272,0.0036742389688206177,0.9199984916211116,0.9344015083788885,0.995,712.0349912088234,2500,5000
Multivariate region null,Anytime-valid,178779,0.0428,0.0028624520956690267,0.03718959389248871,0.04841040610751129,0.995,712.0349912088234,2500,5000
Multivariate region null,Conventional,178779,0.9272,0.0036742389688206177,0.9199984916211116,0.9344015083788885,0.995,712.0349912088234,2500,5000
Multivariate region null,Anytime-valid,180581,0.0428,0.0028624520956690267,0.03718959389248871,0.04841040610751129,0.995,712.0349912088234,2500,5000
Multivariate region null,Conventional,180581,0.9276,0.0036649212815557178,0.9204167542881507,0.9347832457118492,0.995,712.0349912088234,2500,5000
Multivariate region null,Anytime-valid,182400,0.0428,0.0028624520956690267,0.03718959389248871,0.04841040610751129,0.995,712.0349912088234,2500,5000
Multivariate region null,Conventional,182400,0.9276,0.0036649212815557178,0.9204167542881507,0.9347832457118492,0.995,712.0349912088234,2500,5000
Multivariate region null,Anytime-valid,184238,0.0428,0.0028624520956690267,0.03718959389248871,0.04841040610751129,0.995,712.0349912088234,2500,5000
Multivariate region null,Conventional,184238,0.9276,0.0036649212815557178,0.9204167542881507,0.9347832457118492,0.995,712.0349912088234,2500,5000
Multivariate region null,Anytime-valid,186094,0.0428,0.0028624520956690267,0.03718959389248871,0.04841040610751129,0.995,712.0349912088234,2500,5000
Multivariate region null,Conventional,186094,0.9278,0.003660250264667705,0.9206259094812512,0.9349740905187487,0.995,712.0349912088234,2500,5000
Multivariate region null,Anytime-valid,187969,0.0428,0.0028624520956690267,0.03718959389248871,0.04841040610751129,0.995,712.0349912088234,2500,5000
Multivariate region null,Conventional,187969,0.928,0.0036555710908146746,0.9208350806620033,0.9351649193379968,0.995,712.0349912088234,2500,5000
Multivariate region null,Anytime-valid,189863,0.043,0.0028688325151531584,0.037377088270299806,0.04862291172970019,0.995,712.0349912088234,2500,5000
Multivariate region null,Conventional,189863,0.928,0.0036555710908146746,0.9208350806620033,0.9351649193379968,0.995,712.0349912088234,2500,5000
Multivariate region null,Anytime-valid,191776,0.043,0.0028688325151531584,0.037377088270299806,0.04862291172970019,0.995,712.0349912088234,2500,5000
Multivariate region null,Conventional,191776,0.928,0.0036555710908146746,0.9208350806620033,0.9351649193379968,0.995,712.0349912088234,2500,5000
Multivariate region null,Anytime-valid,193708,0.043,0.0028688325151531584,0.037377088270299806,0.04862291172970019,0.995,712.0349912088234,2500,5000
Multivariate region null,Conventional,193708,0.9284,0.0036461881465442783,0.9212534712327732,0.9355465287672268,0.995,712.0349912088234,2500,5000
Multivariate region null,Anytime-valid,195660,0.043,0.0028688325151531584,0.037377088270299806,0.04862291172970019,0.995,712.0349912088234,2500,5000
Multivariate region null,Conventional,195660,0.9284,0.0036461881465442783,0.9212534712327732,0.9355465287672268,0.995,712.0349912088234,2500,5000
Multivariate region null,Anytime-valid,197631,0.043,0.0028688325151531584,0.037377088270299806,0.04862291172970019,0.995,712.0349912088234,2500,5000
Multivariate region null,Conventional,197631,0.9286,0.003641484312749405,0.9214626907470111,0.9357373092529888,0.995,712.0349912088234,2500,5000
Multivariate region null,Anytime-valid,199623,0.043,0.0028688325151531584,0.037377088270299806,0.04862291172970019,0.995,712.0349912088234,2500,5000
Multivariate region null,Conventional,199623,0.9286,0.003641484312749405,0.9214626907470111,0.9357373092529888,0.995,712.0349912088234,2500,5000
Multivariate region null,Anytime-valid,201634,0.043,0.0028688325151531584,0.037377088270299806,0.04862291172970019,0.995,712.0349912088234,2500,5000
Multivariate region null,Conventional,201634,0.9286,0.003641484312749405,0.9214626907470111,0.9357373092529888,0.995,712.0349912088234,2500,5000
Multivariate region null,Anytime-valid,203665,0.043,0.0028688325151531584,0.037377088270299806,0.04862291172970019,0.995,712.0349912088234,2500,5000
Multivariate region null,Conventional,203665,0.9286,0.003641484312749405,0.9214626907470111,0.9357373092529888,0.995,712.0349912088234,2500,5000
Multivariate region null,Anytime-valid,205717,0.043,0.0028688325151531584,0.037377088270299806,0.04862291172970019,0.995,712.0349912088234,2500,5000
Multivariate region null,Conventional,205717,0.9288,0.003636772195230271,0.9216719264973486,0.9359280735026513,0.995,712.0349912088234,2500,5000
Multivariate region null,Anytime-valid,207790,0.043,0.0028688325151531584,0.037377088270299806,0.04862291172970019,0.995,712.0349912088234,2500,5000
Multivariate region null,Conventional,207790,0.9288,0.003636772195230271,0.9216719264973486,0.9359280735026513,0.995,712.0349912088234,2500,5000
Multivariate region null,Anytime-valid,209884,0.043,0.0028688325151531584,0.037377088270299806,0.04862291172970019,0.995,712.0349912088234,2500,5000
Multivariate region null,Conventional,209884,0.929,0.0036320517617456933,0.9218811785469785,0.9361188214530216,0.995,712.0349912088234,2500,5000
Multivariate region null,Anytime-valid,211998,0.043,0.0028688325151531584,0.037377088270299806,0.04862291172970019,0.995,712.0349912088234,2500,5000
Multivariate region null,Conventional,211998,0.929,0.0036320517617456933,0.9218811785469785,0.9361188214530216,0.995,712.0349912088234,2500,5000
Multivariate region null,Anytime-valid,214134,0.043,0.0028688325151531584,0.037377088270299806,0.04862291172970019,0.995,712.0349912088234,2500,5000
Multivariate region null,Conventional,214134,0.929,0.0036320517617456933,0.9218811785469785,0.9361188214530216,0.995,712.0349912088234,2500,5000
Multivariate region null,Anytime-valid,216292,0.043,0.0028688325151531584,0.037377088270299806,0.04862291172970019,0.995,712.0349912088234,2500,5000
Multivariate region null,Conventional,216292,0.9294,0.0036225858167888863,0.9222997317990937,0.9365002682009063,0.995,712.0349912088234,2500,5000
Multivariate region null,Anytime-valid,218471,0.043,0.0028688325151531584,0.037377088270299806,0.04862291172970019,0.995,712.0349912088234,2500,5000
Multivariate region null,Conventional,218471,0.9294,0.0036225858167888863,0.9222997317990937,0.9365002682009063,0.995,712.0349912088234,2500,5000
Multivariate region null,Anytime-valid,220672,0.043,0.0028688325151531584,0.037377088270299806,0.04862291172970019,0.995,712.0349912088234,2500,5000
Multivariate region null,Conventional,220672,0.9294,0.0036225858167888863,0.9222997317990937,0.9365002682009063,0.995,712.0349912088234,2500,5000
Multivariate region null,Anytime-valid,222896,0.043,0.0028688325151531584,0.037377088270299806,0.04862291172970019,0.995,712.0349912088234,2500,5000
Multivariate region null,Conventional,222896,0.9294,0.0036225858167888863,0.9222997317990937,0.9365002682009063,0.995,712.0349912088234,2500,5000
Multivariate region null,Anytime-valid,225142,0.043,0.0028688325151531584,0.037377088270299806,0.04862291172970019,0.995,712.0349912088234,2500,5000
Multivariate region null,Conventional,225142,0.9294,0.0036225858167888863,0.9222997317990937,0.9365002682009063,0.995,712.0349912088234,2500,5000
Multivariate region null,Anytime-valid,227410,0.043,0.0028688325151531584,0.037377088270299806,0.04862291172970019,0.995,712.0349912088234,2500,5000
Multivariate region null,Conventional,227410,0.9294,0.0036225858167888863,0.9222997317990937,0.9365002682009063,0.995,712.0349912088234,2500,5000
Multivariate region null,Anytime-valid,229701,0.043,0.0028688325151531584,0.037377088270299806,0.04862291172970019,0.995,712.0349912088234,2500,5000
Multivariate region null,Conventional,229701,0.9294,0.0036225858167888863,0.9222997317990937,0.9365002682009063,0.995,712.0349912088234,2500,5000
Multivariate region null,Anytime-valid,232016,0.043,0.0028688325151531584,0.037377088270299806,0.04862291172970019,0.995,712.0349912088234,2500,5000
Multivariate region null,Conventional,232016,0.9294,0.0036225858167888863,0.9222997317990937,0.9365002682009063,0.995,712.0349912088234,2500,5000
Multivariate region null,Anytime-valid,234353,0.043,0.0028688325151531584,0.037377088270299806,0.04862291172970019,0.995,712.0349912088234,2500,5000
Multivariate region null,Conventional,234353,0.9294,0.0036225858167888863,0.9222997317990937,0.9365002682009063,0.995,712.0349912088234,2500,5000
Multivariate region null,Anytime-valid,236714,0.043,0.0028688325151531584,0.037377088270299806,0.04862291172970019,0.995,712.0349912088234,2500,5000
Multivariate region null,Conventional,236714,0.9296,0.0036178402397010296,0.922509033130186,0.936690966869814,0.995,712.0349912088234,2500,5000
Multivariate region null,Anytime-valid,239100,0.043,0.0028688325151531584,0.037377088270299806,0.04862291172970019,0.995,712.0349912088234,2500,5000
Multivariate region null,Conventional,239100,0.9296,0.0036178402397010296,0.922509033130186,0.936690966869814,0.995,712.0349912088234,2500,5000
Multivariate region null,Anytime-valid,241509,0.043,0.0028688325151531584,0.037377088270299806,0.04862291172970019,0.995,712.0349912088234,2500,5000
Multivariate region null,Conventional,241509,0.9298,0.003613086215411972,0.9227183510177925,0.9368816489822074,0.995,712.0349912088234,2500,5000
Multivariate region null,Anytime-valid,243942,0.043,0.0028688325151531584,0.037377088270299806,0.04862291172970019,0.995,712.0349912088234,2500,5000
Multivariate region null,Conventional,243942,0.9298,0.003613086215411972,0.9227183510177925,0.9368816489822074,0.995,712.0349912088234,2500,5000
Multivariate region null,Anytime-valid,246400,0.043,0.0028688325151531584,0.037377088270299806,0.04862291172970019,0.995,712.0349912088234,2500,5000
Multivariate region null,Conventional,246400,0.9298,0.003613086215411972,0.9227183510177925,0.9368816489822074,0.995,712.0349912088234,2500,5000
Multivariate region null,Anytime-valid,248882,0.043,0.0028688325151531584,0.037377088270299806,0.04862291172970019,0.995,712.0349912088234,2500,5000
Multivariate region null,Conventional,248882,0.9298,0.003613086215411972,0.9227183510177925,0.9368816489822074,0.995,712.0349912088234,2500,5000
Multivariate region null,Anytime-valid,251390,0.043,0.0028688325151531584,0.037377088270299806,0.04862291172970019,0.995,712.0349912088234,2500,5000
Multivariate region null,Conventional,251390,0.9302,0.0036035526914421547,0.9231370367247734,0.9372629632752266,0.995,712.0349912088234,2500,5000
Multivariate region null,Anytime-valid,253923,0.043,0.0028688325151531584,0.037377088270299806,0.04862291172970019,0.995,712.0349912088234,2500,5000
Multivariate region null,Conventional,253923,0.9302,0.0036035526914421547,0.9231370367247734,0.9372629632752266,0.995,712.0349912088234,2500,5000
Multivariate region null,Anytime-valid,256481,0.043,0.0028688325151531584,0.037377088270299806,0.04862291172970019,0.995,712.0349912088234,2500,5000
Multivariate region null,Conventional,256481,0.9306,0.0035939849749268573,0.9235557894491433,0.9376442105508567,0.995,712.0349912088234,2500,5000
Multivariate region null,Anytime-valid,259065,0.043,0.0028688325151531584,0.037377088270299806,0.04862291172970019,0.995,712.0349912088234,2500,5000
Multivariate region null,Conventional,259065,0.9306,0.0035939849749268573,0.9235557894491433,0.9376442105508567,0.995,712.0349912088234,2500,5000
Multivariate region null,Anytime-valid,261676,0.043,0.0028688325151531584,0.037377088270299806,0.04862291172970019,0.995,712.0349912088234,2500,5000
Multivariate region null,Conventional,261676,0.9306,0.0035939849749268573,0.9235557894491433,0.9376442105508567,0.995,712.0349912088234,2500,5000
Multivariate region null,Anytime-valid,264312,0.043,0.0028688325151531584,0.037377088270299806,0.04862291172970019,0.995,712.0349912088234,2500,5000
Multivariate region null,Conventional,264312,0.9306,0.0035939849749268573,0.9235557894491433,0.9376442105508567,0.995,712.0349912088234,2500,5000
Multivariate region null,Anytime-valid,266975,0.043,0.0028688325151531584,0.037377088270299806,0.04862291172970019,0.995,712.0349912088234,2500,5000
Multivariate region null,Conventional,266975,0.9306,0.0035939849749268573,0.9235557894491433,0.9376442105508567,0.995,712.0349912088234,2500,5000
Multivariate region null,Anytime-valid,269665,0.043,0.0028688325151531584,0.037377088270299806,0.04862291172970019,0.995,712.0349912088234,2500,5000
Multivariate region null,Conventional,269665,0.9306,0.0035939849749268573,0.9235557894491433,0.9376442105508567,0.995,712.0349912088234,2500,5000
Multivariate region null,Anytime-valid,272382,0.043,0.0028688325151531584,0.037377088270299806,0.04862291172970019,0.995,712.0349912088234,2500,5000
Multivariate region null,Conventional,272382,0.9306,0.0035939849749268573,0.9235557894491433,0.9376442105508567,0.995,712.0349912088234,2500,5000
Multivariate region null,Anytime-valid,275126,0.043,0.0028688325151531584,0.037377088270299806,0.04862291172970019,0.995,712.0349912088234,2500,5000
Multivariate region null,Conventional,275126,0.9306,0.0035939849749268573,0.9235557894491433,0.9376442105508567,0.995,712.0349912088234,2500,5000
Multivariate region null,Anytime-valid,277899,0.043,0.0028688325151531584,0.037377088270299806,0.04862291172970019,0.995,712.0349912088234,2500,5000
Multivariate region null,Conventional,277899,0.9308,0.003589188209052293,0.9237651911102575,0.9378348088897425,0.995,712.0349912088234,2500,5000
Multivariate region null,Anytime-valid,280699,0.043,0.0028688325151531584,0.037377088270299806,0.04862291172970019,0.995,712.0349912088234,2500,5000
Multivariate region null,Conventional,280699,0.931,0.0035843827920577893,0.9239746097275667,0.9380253902724334,0.995,712.0349912088234,2500,5000
Multivariate region null,Anytime-valid,283527,0.043,0.0028688325151531584,0.037377088270299806,0.04862291172970019,0.995,712.0349912088234,2500,5000
Multivariate region null,Conventional,283527,0.931,0.0035843827920577893,0.9239746097275667,0.9380253902724334,0.995,712.0349912088234,2500,5000
Multivariate region null,Anytime-valid,286383,0.043,0.0028688325151531584,0.037377088270299806,0.04862291172970019,0.995,712.0349912088234,2500,5000
Multivariate region null,Conventional,286383,0.931,0.0035843827920577893,0.9239746097275667,0.9380253902724334,0.995,712.0349912088234,2500,5000
Multivariate region null,Anytime-valid,289269,0.043,0.0028688325151531584,0.037377088270299806,0.04862291172970019,0.995,712.0349912088234,2500,5000
Multivariate region null,Conventional,289269,0.931,0.0035843827920577893,0.9239746097275667,0.9380253902724334,0.995,712.0349912088234,2500,5000
Multivariate region null,Anytime-valid,292183,0.043,0.0028688325151531584,0.037377088270299806,0.04862291172970019,0.995,712.0349912088234,2500,5000
Multivariate region null,Conventional,292183,0.931,0.0035843827920577893,0.9239746097275667,0.9380253902724334,0.995,712.0349912088234,2500,5000
Multivariate region null,Anytime-valid,295127,0.043,0.0028688325151531584,0.037377088270299806,0.04862291172970019,0.995,712.0349912088234,2500,5000
Multivariate region null,Conventional,295127,0.931,0.0035843827920577893,0.9239746097275667,0.9380253902724334,0.995,712.0349912088234,2500,5000
Multivariate region null,Anytime-valid,298101,0.043,0.0028688325151531584,0.037377088270299806,0.04862291172970019,0.995,712.0349912088234,2500,5000
Multivariate region null,Conventional,298101,0.931,0.0035843827920577893,0.9239746097275667,0.9380253902724334,0.995,712.0349912088234,2500,5000
Multivariate region null,Anytime-valid,301104,0.043,0.0028688325151531584,0.037377088270299806,0.04862291172970019,0.995,712.0349912088234,2500,5000
Multivariate region null,Conventional,301104,0.931,0.0035843827920577893,0.9239746097275667,0.9380253902724334,0.995,712.0349912088234,2500,5000
Multivariate region null,Anytime-valid,304138,0.043,0.0028688325151531584,0.037377088270299806,0.04862291172970019,0.995,712.0349912088234,2500,5000
Multivariate region null,Conventional,304138,0.931,0.0035843827920577893,0.9239746097275667,0.9380253902724334,0.995,712.0349912088234,2500,5000
Multivariate region null,Anytime-valid,307202,0.043,0.0028688325151531584,0.037377088270299806,0.04862291172970019,0.995,712.0349912088234,2500,5000
Multivariate region null,Conventional,307202,0.931,0.0035843827920577893,0.9239746097275667,0.9380253902724334,0.995,712.0349912088234,2500,5000
Multivariate region null,Anytime-valid,310298,0.043,0.0028688325151531584,0.037377088270299806,0.04862291172970019,0.995,712.0349912088234,2500,5000
Multivariate region null,Conventional,310298,0.931,0.0035843827920577893,0.9239746097275667,0.9380253902724334,0.995,712.0349912088234,2500,5000
Multivariate region null,Anytime-valid,313424,0.043,0.0028688325151531584,0.037377088270299806,0.04862291172970019,0.995,712.0349912088234,2500,5000
Multivariate region null,Conventional,313424,0.9312,0.003579568689102082,0.9241840453693599,0.9382159546306401,0.995,712.0349912088234,2500,5000
Multivariate region null,Anytime-valid,316582,0.043,0.0028688325151531584,0.037377088270299806,0.04862291172970019,0.995,712.0349912088234,2500,5000
Multivariate region null,Conventional,316582,0.9312,0.003579568689102082,0.9241840453693599,0.9382159546306401,0.995,712.0349912088234,2500,5000
Multivariate region null,Anytime-valid,319772,0.043,0.0028688325151531584,0.037377088270299806,0.04862291172970019,0.995,712.0349912088234,2500,5000
Multivariate region null,Conventional,319772,0.9312,0.003579568689102082,0.9241840453693599,0.9382159546306401,0.995,712.0349912088234,2500,5000
Multivariate region null,Anytime-valid,322994,0.043,0.0028688325151531584,0.037377088270299806,0.04862291172970019,0.995,712.0349912088234,2500,5000
Multivariate region null,Conventional,322994,0.9312,0.003579568689102082,0.9241840453693599,0.9382159546306401,0.995,712.0349912088234,2500,5000
Multivariate region null,Anytime-valid,326248,0.043,0.0028688325151531584,0.037377088270299806,0.04862291172970019,0.995,712.0349912088234,2500,5000
Multivariate region null,Conventional,326248,0.9314,0.00357474586509307,0.9243934981044176,0.9384065018955824,0.995,712.0349912088234,2500,5000
Multivariate region null,Anytime-valid,329535,0.043,0.0028688325151531584,0.037377088270299806,0.04862291172970019,0.995,712.0349912088234,2500,5000
Multivariate region null,Conventional,329535,0.9316,0.0035699142846852784,0.9246029680020168,0.9385970319979832,0.995,712.0349912088234,2500,5000
Multivariate region null,Anytime-valid,332855,0.043,0.0028688325151531584,0.037377088270299806,0.04862291172970019,0.995,712.0349912088234,2500,5000
Multivariate region null,Conventional,332855,0.9316,0.0035699142846852784,0.9246029680020168,0.9385970319979832,0.995,712.0349912088234,2500,5000
Multivariate region null,Anytime-valid,336209,0.043,0.0028688325151531584,0.037377088270299806,0.04862291172970019,0.995,712.0349912088234,2500,5000
Multivariate region null,Conventional,336209,0.9316,0.0035699142846852784,0.9246029680020168,0.9385970319979832,0.995,712.0349912088234,2500,5000
Multivariate region null,Anytime-valid,339596,0.043,0.0028688325151531584,0.037377088270299806,0.04862291172970019,0.995,712.0349912088234,2500,5000
Multivariate region null,Conventional,339596,0.9318,0.0035650739122772765,0.9248124551319366,0.9387875448680634,0.995,712.0349912088234,2500,5000
Multivariate region null,Anytime-valid,343018,0.043,0.0028688325151531584,0.037377088270299806,0.04862291172970019,0.995,712.0349912088234,2500,5000
Multivariate region null,Conventional,343018,0.9318,0.0035650739122772765,0.9248124551319366,0.9387875448680634,0.995,712.0349912088234,2500,5000
Multivariate region null,Anytime-valid,346474,0.043,0.0028688325151531584,0.037377088270299806,0.04862291172970019,0.995,712.0349912088234,2500,5000
Multivariate region null,Conventional,346474,0.9318,0.0035650739122772765,0.9248124551319366,0.9387875448680634,0.995,712.0349912088234,2500,5000
Multivariate region null,Anytime-valid,349965,0.043,0.0028688325151531584,0.037377088270299806,0.04862291172970019,0.995,712.0349912088234,2500,5000
Multivariate region null,Conventional,349965,0.9322,0.0035553666477594116,0.9252314813703916,0.9391685186296085,0.995,712.0349912088234,2500,5000
Multivariate region null,Anytime-valid,353491,0.043,0.0028688325151531584,0.037377088270299806,0.04862291172970019,0.995,712.0349912088234,2500,5000
Multivariate region null,Conventional,353491,0.9322,0.0035553666477594116,0.9252314813703916,0.9391685186296085,0.995,712.0349912088234,2500,5000
Multivariate region null,Anytime-valid,357053,0.043,0.0028688325151531584,0.037377088270299806,0.04862291172970019,0.995,712.0349912088234,2500,5000
Multivariate region null,Conventional,357053,0.9322,0.0035553666477594116,0.9252314813703916,0.9391685186296085,0.995,712.0349912088234,2500,5000
Multivariate region null,Anytime-valid,360650,0.043,0.0028688325151531584,0.037377088270299806,0.04862291172970019,0.995,712.0349912088234,2500,5000
Multivariate region null,Conventional,360650,0.9326,0.0035456237815086927,0.925650577388243,0.939549422611757,0.995,712.0349912088234,2500,5000
Multivariate region null,Anytime-valid,364284,0.043,0.0028688325151531584,0.037377088270299806,0.04862291172970019,0.995,712.0349912088234,2500,5000
Multivariate region null,Conventional,364284,0.9326,0.0035456237815086927,0.925650577388243,0.939549422611757,0.995,712.0349912088234,2500,5000
Multivariate region null,Anytime-valid,367954,0.043,0.0028688325151531584,0.037377088270299806,0.04862291172970019,0.995,712.0349912088234,2500,5000
Multivariate region null,Conventional,367954,0.9328,0.0035407389059347494,0.9258601517443679,0.9397398482556321,0.995,712.0349912088234,2500,5000
Multivariate region null,Anytime-valid,371662,0.043,0.0028688325151531584,0.037377088270299806,0.04862291172970019,0.995,712.0349912088234,2500,5000
Multivariate region null,Conventional,371662,0.933,0.003535845019228076,0.926069743762313,0.9399302562376871,0.995,712.0349912088234,2500,5000
Multivariate region null,Anytime-valid,375406,0.043,0.0028688325151531584,0.037377088270299806,0.04862291172970019,0.995,712.0349912088234,2500,5000
Multivariate region null,Conventional,375406,0.933,0.003535845019228076,0.926069743762313,0.9399302562376871,0.995,712.0349912088234,2500,5000
Multivariate region null,Anytime-valid,379189,0.043,0.0028688325151531584,0.037377088270299806,0.04862291172970019,0.995,712.0349912088234,2500,5000
Multivariate region null,Conventional,379189,0.933,0.003535845019228076,0.926069743762313,0.9399302562376871,0.995,712.0349912088234,2500,5000
Multivariate region null,Anytime-valid,383009,0.043,0.0028688325151531584,0.037377088270299806,0.04862291172970019,0.995,712.0349912088234,2500,5000
Multivariate region null,Conventional,383009,0.933,0.003535845019228076,0.926069743762313,0.9399302562376871,0.995,712.0349912088234,2500,5000
Multivariate region null,Anytime-valid,386868,0.043,0.0028688325151531584,0.037377088270299806,0.04862291172970019,0.995,712.0349912088234,2500,5000
Multivariate region null,Conventional,386868,0.9332,0.0035309420839203798,0.926279353515516,0.940120646484484,0.995,712.0349912088234,2500,5000
Multivariate region null,Anytime-valid,390766,0.043,0.0028688325151531584,0.037377088270299806,0.04862291172970019,0.995,712.0349912088234,2500,5000
Multivariate region null,Conventional,390766,0.9336,0.003521108916236475,0.9266986265241764,0.9405013734758235,0.995,712.0349912088234,2500,5000
Multivariate region null,Anytime-valid,394703,0.043,0.0028688325151531584,0.037377088270299806,0.04862291172970019,0.995,712.0349912088234,2500,5000
Multivariate region null,Conventional,394703,0.9336,0.003521108916236475,0.9266986265241764,0.9405013734758235,0.995,712.0349912088234,2500,5000
Multivariate region null,Anytime-valid,398680,0.043,0.0028688325151531584,0.037377088270299806,0.04862291172970019,0.995,712.0349912088234,2500,5000
Multivariate region null,Conventional,398680,0.9336,0.003521108916236475,0.9266986265241764,0.9405013734758235,0.995,712.0349912088234,2500,5000
Multivariate region null,Anytime-valid,402697,0.043,0.0028688325151531584,0.037377088270299806,0.04862291172970019,0.995,712.0349912088234,2500,5000
Multivariate region null,Conventional,402697,0.9338,0.003516178607522662,0.9269082899292556,0.9406917100707444,0.995,712.0349912088234,2500,5000
Multivariate region null,Anytime-valid,406754,0.043,0.0028688325151531584,0.037377088270299806,0.04862291172970019,0.995,712.0349912088234,2500,5000
Multivariate region null,Conventional,406754,0.9338,0.003516178607522662,0.9269082899292556,0.9406917100707444,0.995,712.0349912088234,2500,5000
Multivariate region null,Anytime-valid,410853,0.043,0.0028688325151531584,0.037377088270299806,0.04862291172970019,0.995,712.0349912088234,2500,5000
Multivariate region null,Conventional,410853,0.9338,0.003516178607522662,0.9269082899292556,0.9406917100707444,0.995,712.0349912088234,2500,5000
Multivariate region null,Anytime-valid,414992,0.043,0.0028688325151531584,0.037377088270299806,0.04862291172970019,0.995,712.0349912088234,2500,5000
Multivariate region null,Conventional,414992,0.9338,0.003516178607522662,0.9269082899292556,0.9406917100707444,0.995,712.0349912088234,2500,5000
Multivariate region null,Anytime-valid,419173,0.043,0.0028688325151531584,0.037377088270299806,0.04862291172970019,0.995,712.0349912088234,2500,5000
Multivariate region null,Conventional,419173,0.934,0.0035112390975266822,0.9271179713688478,0.9408820286311523,0.995,712.0349912088234,2500,5000
Multivariate region null,Anytime-valid,423397,0.043,0.0028688325151531584,0.037377088270299806,0.04862291172970019,0.995,712.0349912088234,2500,5000
Multivariate region null,Conventional,423397,0.9344,0.003501332317847022,0.9275373886570198,0.9412626113429802,0.995,712.0349912088234,2500,5000
Multivariate region null,Anytime-valid,427663,0.043,0.0028688325151531584,0.037377088270299806,0.04862291172970019,0.995,712.0349912088234,2500,5000
Multivariate region null,Conventional,427663,0.9346,0.0034963649695076175,0.927747124659765,0.9414528753402349,0.995,712.0349912088234,2500,5000
Multivariate region null,Anytime-valid,431972,0.043,0.0028688325151531584,0.037377088270299806,0.04862291172970019,0.995,712.0349912088234,2500,5000
Multivariate region null,Conventional,431972,0.9348,0.003491388262568345,0.927956879005366,0.9416431209946339,0.995,712.0349912088234,2500,5000
Multivariate region null,Anytime-valid,436324,0.043,0.0028688325151531584,0.037377088270299806,0.04862291172970019,0.995,712.0349912088234,2500,5000
Multivariate region null,Conventional,436324,0.935,0.003486402156952062,0.928166651772374,0.9418333482276261,0.995,712.0349912088234,2500,5000
Multivariate region null,Anytime-valid,440720,0.043,0.0028688325151531584,0.037377088270299806,0.04862291172970019,0.995,712.0349912088234,2500,5000
Multivariate region null,Conventional,440720,0.935,0.003486402156952062,0.928166651772374,0.9418333482276261,0.995,712.0349912088234,2500,5000
Multivariate region null,Anytime-valid,445161,0.043,0.0028688325151531584,0.037377088270299806,0.04862291172970019,0.995,712.0349912088234,2500,5000
Multivariate region null,Conventional,445161,0.9352,0.003481406612276135,0.9283764430399388,0.9420235569600612,0.995,712.0349912088234,2500,5000
Multivariate region null,Anytime-valid,449646,0.043,0.0028688325151531584,0.037377088270299806,0.04862291172970019,0.995,712.0349912088234,2500,5000
Multivariate region null,Conventional,449646,0.9352,0.003481406612276135,0.9283764430399388,0.9420235569600612,0.995,712.0349912088234,2500,5000
Multivariate region null,Anytime-valid,454176,0.043,0.0028688325151531584,0.037377088270299806,0.04862291172970019,0.995,712.0349912088234,2500,5000
Multivariate region null,Conventional,454176,0.9354,0.0034764015878491366,0.9285862528878157,0.9422137471121843,0.995,712.0349912088234,2500,5000
Multivariate region null,Anytime-valid,458752,0.043,0.0028688325151531584,0.037377088270299806,0.04862291172970019,0.995,712.0349912088234,2500,5000
Multivariate region null,Conventional,458752,0.9354,0.0034764015878491366,0.9285862528878157,0.9422137471121843,0.995,712.0349912088234,2500,5000
Multivariate region null,Anytime-valid,463374,0.043,0.0028688325151531584,0.037377088270299806,0.04862291172970019,0.995,712.0349912088234,2500,5000
Multivariate region null,Conventional,463374,0.9354,0.0034764015878491366,0.9285862528878157,0.9422137471121843,0.995,712.0349912088234,2500,5000
Multivariate region null,Anytime-valid,468043,0.043,0.0028688325151531584,0.037377088270299806,0.04862291172970019,0.995,712.0349912088234,2500,5000
Multivariate region null,Conventional,468043,0.9356,0.0034713870426675273,0.9287960813963716,0.9424039186036284,0.995,712.0349912088234,2500,5000
Multivariate region null,Anytime-valid,472759,0.043,0.0028688325151531584,0.037377088270299806,0.04862291172970019,0.995,712.0349912088234,2500,5000
Multivariate region null,Conventional,472759,0.9356,0.0034713870426675273,0.9287960813963716,0.9424039186036284,0.995,712.0349912088234,2500,5000
Multivariate region null,Anytime-valid,477522,0.043,0.0028688325151531584,0.037377088270299806,0.04862291172970019,0.995,712.0349912088234,2500,5000
Multivariate region null,Conventional,477522,0.936,0.0034613292244454284,0.929215794720087,0.9427842052799131,0.995,712.0349912088234,2500,5000
Multivariate region null,Anytime-valid,482333,0.043,0.0028688325151531584,0.037377088270299806,0.04862291172970019,0.995,712.0349912088234,2500,5000
Multivariate region null,Conventional,482333,0.936,0.0034613292244454284,0.929215794720087,0.9427842052799131,0.995,712.0349912088234,2500,5000
Multivariate region null,Anytime-valid,487193,0.043,0.0028688325151531584,0.037377088270299806,0.04862291172970019,0.995,712.0349912088234,2500,5000
Multivariate region null,Conventional,487193,0.936,0.0034613292244454284,0.929215794720087,0.9427842052799131,0.995,712.0349912088234,2500,5000
Multivariate region null,Anytime-valid,492102,0.043,0.0028688325151531584,0.037377088270299806,0.04862291172970019,0.995,712.0349912088234,2500,5000
Multivariate region null,Conventional,492102,0.936,0.0034613292244454284,0.929215794720087,0.9427842052799131,0.995,712.0349912088234,2500,5000
Multivariate region null,Anytime-valid,497060,0.043,0.0028688325151531584,0.037377088270299806,0.04862291172970019,0.995,712.0349912088234,2500,5000
Multivariate region null,Conventional,497060,0.9364,0.0034512328232097003,0.929635583666509,0.943164416333491,0.995,712.0349912088234,2500,5000
Multivariate region null,Anytime-valid,502068,0.043,0.0028688325151531584,0.037377088270299806,0.04862291172970019,0.995,712.0349912088234,2500,5000
Multivariate region null,Conventional,502068,0.9364,0.0034512328232097003,0.929635583666509,0.943164416333491,0.995,712.0349912088234,2500,5000
Multivariate region null,Anytime-valid,507127,0.043,0.0028688325151531584,0.037377088270299806,0.04862291172970019,0.995,712.0349912088234,2500,5000
Multivariate region null,Conventional,507127,0.9364,0.0034512328232097003,0.929635583666509,0.943164416333491,0.995,712.0349912088234,2500,5000
Multivariate region null,Anytime-valid,512236,0.043,0.0028688325151531584,0.037377088270299806,0.04862291172970019,0.995,712.0349912088234,2500,5000
Multivariate region null,Conventional,512236,0.9364,0.0034512328232097003,0.929635583666509,0.943164416333491,0.995,712.0349912088234,2500,5000
Multivariate region null,Anytime-valid,517397,0.043,0.0028688325151531584,0.037377088270299806,0.04862291172970019,0.995,712.0349912088234,2500,5000
Multivariate region null,Conventional,517397,0.9366,0.0034461700480388374,0.9298455067058439,0.9433544932941561,0.995,712.0349912088234,2500,5000
Multivariate region null,Anytime-valid,522610,0.043,0.0028688325151531584,0.037377088270299806,0.04862291172970019,0.995,712.0349912088234,2500,5000
Multivariate region null,Conventional,522610,0.9366,0.0034461700480388374,0.9298455067058439,0.9433544932941561,0.995,712.0349912088234,2500,5000
Multivariate region null,Anytime-valid,527876,0.043,0.0028688325151531584,0.037377088270299806,0.04862291172970019,0.995,712.0349912088234,2500,5000
Multivariate region null,Conventional,527876,0.9366,0.0034461700480388374,0.9298455067058439,0.9433544932941561,0.995,712.0349912088234,2500,5000
Multivariate region null,Anytime-valid,533195,0.043,0.0028688325151531584,0.037377088270299806,0.04862291172970019,0.995,712.0349912088234,2500,5000
Multivariate region null,Conventional,533195,0.9366,0.0034461700480388374,0.9298455067058439,0.9433544932941561,0.995,712.0349912088234,2500,5000
Multivariate region null,Anytime-valid,538567,0.043,0.0028688325151531584,0.037377088270299806,0.04862291172970019,0.995,712.0349912088234,2500,5000
Multivariate region null,Conventional,538567,0.9366,0.0034461700480388374,0.9298455067058439,0.9433544932941561,0.995,712.0349912088234,2500,5000
Multivariate region null,Anytime-valid,543993,0.043,0.0028688325151531584,0.037377088270299806,0.04862291172970019,0.995,712.0349912088234,2500,5000
Multivariate region null,Conventional,543993,0.9368,0.0034410974993452316,0.9300554489012833,0.9435445510987166,0.995,712.0349912088234,2500,5000
Multivariate region null,Anytime-valid,549474,0.043,0.0028688325151531584,0.037377088270299806,0.04862291172970019,0.995,712.0349912088234,2500,5000
Multivariate region null,Conventional,549474,0.9368,0.0034410974993452316,0.9300554489012833,0.9435445510987166,0.995,712.0349912088234,2500,5000
Multivariate region null,Anytime-valid,555010,0.043,0.0028688325151531584,0.037377088270299806,0.04862291172970019,0.995,712.0349912088234,2500,5000
Multivariate region null,Conventional,555010,0.9368,0.0034410974993452316,0.9300554489012833,0.9435445510987166,0.995,712.0349912088234,2500,5000
Multivariate region null,Anytime-valid,560602,0.043,0.0028688325151531584,0.037377088270299806,0.04862291172970019,0.995,712.0349912088234,2500,5000
Multivariate region null,Conventional,560602,0.9368,0.0034410974993452316,0.9300554489012833,0.9435445510987166,0.995,712.0349912088234,2500,5000
Multivariate region null,Anytime-valid,566251,0.043,0.0028688325151531584,0.037377088270299806,0.04862291172970019,0.995,712.0349912088234,2500,5000
Multivariate region null,Conventional,566251,0.9368,0.0034410974993452316,0.9300554489012833,0.9435445510987166,0.995,712.0349912088234,2500,5000
Multivariate region null,Anytime-valid,571956,0.043,0.0028688325151531584,0.037377088270299806,0.04862291172970019,0.995,712.0349912088234,2500,5000
Multivariate region null,Conventional,571956,0.9368,0.0034410974993452316,0.9300554489012833,0.9435445510987166,0.995,712.0349912088234,2500,5000
Multivariate region null,Anytime-valid,577719,0.043,0.0028688325151531584,0.037377088270299806,0.04862291172970019,0.995,712.0349912088234,2500,5000
Multivariate region null,Conventional,577719,0.9368,0.0034410974993452316,0.9300554489012833,0.9435445510987166,0.995,712.0349912088234,2500,5000
Multivariate region null,Anytime-valid,583540,0.043,0.0028688325151531584,0.037377088270299806,0.04862291172970019,0.995,712.0349912088234,2500,5000
Multivariate region null,Conventional,583540,0.9368,0.0034410974993452316,0.9300554489012833,0.9435445510987166,0.995,712.0349912088234,2500,5000
Multivariate region null,Anytime-valid,589419,0.043,0.0028688325151531584,0.037377088270299806,0.04862291172970019,0.995,712.0349912088234,2500,5000
Multivariate region null,Conventional,589419,0.937,0.003436015133843271,0.9302654103376673,0.9437345896623328,0.995,712.0349912088234,2500,5000
Multivariate region null,Anytime-valid,595358,0.043,0.0028688325151531584,0.037377088270299806,0.04862291172970019,0.995,712.0349912088234,2500,5000
Multivariate region null,Conventional,595358,0.937,0.003436015133843271,0.9302654103376673,0.9437345896623328,0.995,712.0349912088234,2500,5000
Multivariate region null,Anytime-valid,601356,0.043,0.0028688325151531584,0.037377088270299806,0.04862291172970019,0.995,712.0349912088234,2500,5000
Multivariate region null,Conventional,601356,0.937,0.003436015133843271,0.9302654103376673,0.9437345896623328,0.995,712.0349912088234,2500,5000
Multivariate region null,Anytime-valid,607415,0.043,0.0028688325151531584,0.037377088270299806,0.04862291172970019,0.995,712.0349912088234,2500,5000
Multivariate region null,Conventional,607415,0.937,0.003436015133843271,0.9302654103376673,0.9437345896623328,0.995,712.0349912088234,2500,5000
Multivariate region null,Anytime-valid,613535,0.043,0.0028688325151531584,0.037377088270299806,0.04862291172970019,0.995,712.0349912088234,2500,5000
Multivariate region null,Conventional,613535,0.9372,0.00343092290790685,0.9304753911005026,0.9439246088994975,0.995,712.0349912088234,2500,5000
Multivariate region null,Anytime-valid,619717,0.043,0.0028688325151531584,0.037377088270299806,0.04862291172970019,0.995,712.0349912088234,2500,5000
Multivariate region null,Conventional,619717,0.9374,0.0034258207775655744,0.9306853912759715,0.9441146087240285,0.995,712.0349912088234,2500,5000
Multivariate region null,Anytime-valid,625961,0.043,0.0028688325151531584,0.037377088270299806,0.04862291172970019,0.995,712.0349912088234,2500,5000
Multivariate region null,Conventional,625961,0.9376,0.003420708698500941,0.9308954109509382,0.9443045890490618,0.995,712.0349912088234,2500,5000
Multivariate region null,Anytime-valid,632268,0.043,0.0028688325151531584,0.037377088270299806,0.04862291172970019,0.995,712.0349912088234,2500,5000
Multivariate region null,Conventional,632268,0.9376,0.003420708698500941,0.9308954109509382,0.9443045890490618,0.995,712.0349912088234,2500,5000
Multivariate region null,Anytime-valid,638638,0.043,0.0028688325151531584,0.037377088270299806,0.04862291172970019,0.995,712.0349912088234,2500,5000
Multivariate region null,Conventional,638638,0.9378,0.003415586626042444,0.9311054502129568,0.9444945497870432,0.995,712.0349912088234,2500,5000
Multivariate region null,Anytime-valid,645073,0.043,0.0028688325151531584,0.037377088270299806,0.04862291172970019,0.995,712.0349912088234,2500,5000
Multivariate region null,Conventional,645073,0.9378,0.003415586626042444,0.9311054502129568,0.9444945497870432,0.995,712.0349912088234,2500,5000
Multivariate region null,Anytime-valid,651572,0.043,0.0028688325151531584,0.037377088270299806,0.04862291172970019,0.995,712.0349912088234,2500,5000
Multivariate region null,Conventional,651572,0.938,0.003410454515163633,0.9313155091502793,0.9446844908497206,0.995,712.0349912088234,2500,5000
Multivariate region null,Anytime-valid,658137,0.043,0.0028688325151531584,0.037377088270299806,0.04862291172970019,0.995,712.0349912088234,2500,5000
Multivariate region null,Conventional,658137,0.938,0.003410454515163633,0.9313155091502793,0.9446844908497206,0.995,712.0349912088234,2500,5000
Multivariate region null,Anytime-valid,664768,0.043,0.0028688325151531584,0.037377088270299806,0.04862291172970019,0.995,712.0349912088234,2500,5000
Multivariate region null,Conventional,664768,0.938,0.003410454515163633,0.9313155091502793,0.9446844908497206,0.995,712.0349912088234,2500,5000
Multivariate region null,Anytime-valid,671466,0.043,0.0028688325151531584,0.037377088270299806,0.04862291172970019,0.995,712.0349912088234,2500,5000
Multivariate region null,Conventional,671466,0.938,0.003410454515163633,0.9313155091502793,0.9446844908497206,0.995,712.0349912088234,2500,5000
Multivariate region null,Anytime-valid,678231,0.043,0.0028688325151531584,0.037377088270299806,0.04862291172970019,0.995,712.0349912088234,2500,5000
Multivariate region null,Conventional,678231,0.9382,0.0034053123204781078,0.9315255878518629,0.9448744121481372,0.995,712.0349912088234,2500,5000
Multivariate region null,Anytime-valid,685065,0.043,0.0028688325151531584,0.037377088270299806,0.04862291172970019,0.995,712.0349912088234,2500,5000
Multivariate region null,Conventional,685065,0.9382,0.0034053123204781078,0.9315255878518629,0.9448744121481372,0.995,712.0349912088234,2500,5000
Multivariate region null,Anytime-valid,691967,0.043,0.0028688325151531584,0.037377088270299806,0.04862291172970019,0.995,712.0349912088234,2500,5000
Multivariate region null,Conventional,691967,0.9382,0.0034053123204781078,0.9315255878518629,0.9448744121481372,0.995,712.0349912088234,2500,5000
Multivariate region null,Anytime-valid,698939,0.043,0.0028688325151531584,0.037377088270299806,0.04862291172970019,0.995,712.0349912088234,2500,5000
Multivariate region null,Conventional,698939,0.9384,0.003400159996235471,0.9317356864073785,0.9450643135926216,0.995,712.0349912088234,2500,5000
Multivariate region null,Anytime-valid,705981,0.043,0.0028688325151531584,0.037377088270299806,0.04862291172970019,0.995,712.0349912088234,2500,5000
Multivariate region null,Conventional,705981,0.9384,0.003400159996235471,0.9317356864073785,0.9450643135926216,0.995,712.0349912088234,2500,5000
Multivariate region null,Anytime-valid,713094,0.043,0.0028688325151531584,0.037377088270299806,0.04862291172970019,0.995,712.0349912088234,2500,5000
Multivariate region null,Conventional,713094,0.9384,0.003400159996235471,0.9317356864073785,0.9450643135926216,0.995,712.0349912088234,2500,5000
Multivariate region null,Anytime-valid,720279,0.043,0.0028688325151531584,0.037377088270299806,0.04862291172970019,0.995,712.0349912088234,2500,5000
Multivariate region null,Conventional,720279,0.9386,0.003394997496317192,0.9319458049072183,0.9452541950927816,0.995,712.0349912088234,2500,5000
Multivariate region null,Anytime-valid,727536,0.043,0.0028688325151531584,0.037377088270299806,0.04862291172970019,0.995,712.0349912088234,2500,5000
Multivariate region null,Conventional,727536,0.9386,0.003394997496317192,0.9319458049072183,0.9452541950927816,0.995,712.0349912088234,2500,5000
Multivariate region null,Anytime-valid,734867,0.043,0.0028688325151531584,0.037377088270299806,0.04862291172970019,0.995,712.0349912088234,2500,5000
Multivariate region null,Conventional,734867,0.9386,0.003394997496317192,0.9319458049072183,0.9452541950927816,0.995,712.0349912088234,2500,5000
Multivariate region null,Anytime-valid,742271,0.043,0.0028688325151531584,0.037377088270299806,0.04862291172970019,0.995,712.0349912088234,2500,5000
Multivariate region null,Conventional,742271,0.9386,0.003394997496317192,0.9319458049072183,0.9452541950927816,0.995,712.0349912088234,2500,5000
Multivariate region null,Anytime-valid,749750,0.043,0.0028688325151531584,0.037377088270299806,0.04862291172970019,0.995,712.0349912088234,2500,5000
Multivariate region null,Conventional,749750,0.9386,0.003394997496317192,0.9319458049072183,0.9452541950927816,0.995,712.0349912088234,2500,5000
Multivariate region null,Anytime-valid,757304,0.043,0.0028688325151531584,0.037377088270299806,0.04862291172970019,0.995,712.0349912088234,2500,5000
Multivariate region null,Conventional,757304,0.9386,0.003394997496317192,0.9319458049072183,0.9452541950927816,0.995,712.0349912088234,2500,5000
Multivariate region null,Anytime-valid,764934,0.043,0.0028688325151531584,0.037377088270299806,0.04862291172970019,0.995,712.0349912088234,2500,5000
Multivariate region null,Conventional,764934,0.9388,0.003389824774232439,0.9321559434425044,0.9454440565574955,0.995,712.0349912088234,2500,5000
Multivariate region null,Anytime-valid,772641,0.043,0.0028688325151531584,0.037377088270299806,0.04862291172970019,0.995,712.0349912088234,2500,5000
Multivariate region null,Conventional,772641,0.9392,0.003379448475713159,0.9325762809876023,0.9458237190123978,0.995,712.0349912088234,2500,5000
Multivariate region null,Anytime-valid,780426,0.043,0.0028688325151531584,0.037377088270299806,0.04862291172970019,0.995,712.0349912088234,2500,5000
Multivariate region null,Conventional,780426,0.9392,0.003379448475713159,0.9325762809876023,0.9458237190123978,0.995,712.0349912088234,2500,5000
Multivariate region null,Anytime-valid,788289,0.043,0.0028688325151531584,0.037377088270299806,0.04862291172970019,0.995,712.0349912088234,2500,5000
Multivariate region null,Conventional,788289,0.9392,0.003379448475713159,0.9325762809876023,0.9458237190123978,0.995,712.0349912088234,2500,5000
Multivariate region null,Anytime-valid,796231,0.043,0.0028688325151531584,0.037377088270299806,0.04862291172970019,0.995,712.0349912088234,2500,5000
Multivariate region null,Conventional,796231,0.9392,0.003379448475713159,0.9325762809876023,0.9458237190123978,0.995,712.0349912088234,2500,5000
Multivariate region null,Anytime-valid,804254,0.043,0.0028688325151531584,0.037377088270299806,0.04862291172970019,0.995,712.0349912088234,2500,5000
Multivariate region null,Conventional,804254,0.9394,0.0033742448043969776,0.932786480183382,0.9460135198166181,0.995,712.0349912088234,2500,5000
Multivariate region null,Anytime-valid,812357,0.043,0.0028688325151531584,0.037377088270299806,0.04862291172970019,0.995,712.0349912088234,2500,5000
Multivariate region null,Conventional,812357,0.9396,0.0033690307211422105,0.9329966997865613,0.9462033002134387,0.995,712.0349912088234,2500,5000
Multivariate region null,Anytime-valid,820542,0.043,0.0028688325151531584,0.037377088270299806,0.04862291172970019,0.995,712.0349912088234,2500,5000
Multivariate region null,Conventional,820542,0.9396,0.0033690307211422105,0.9329966997865613,0.9462033002134387,0.995,712.0349912088234,2500,5000
Multivariate region null,Anytime-valid,828809,0.043,0.0028688325151531584,0.037377088270299806,0.04862291172970019,0.995,712.0349912088234,2500,5000
Multivariate region null,Conventional,828809,0.9396,0.0033690307211422105,0.9329966997865613,0.9462033002134387,0.995,712.0349912088234,2500,5000
Multivariate region null,Anytime-valid,837160,0.043,0.0028688325151531584,0.037377088270299806,0.04862291172970019,0.995,712.0349912088234,2500,5000
Multivariate region null,Conventional,837160,0.9398,0.0033638061775316374,0.933206939892038,0.946393060107962,0.995,712.0349912088234,2500,5000
Multivariate region null,Anytime-valid,845595,0.043,0.0028688325151531584,0.037377088270299806,0.04862291172970019,0.995,712.0349912088234,2500,5000
Multivariate region null,Conventional,845595,0.9398,0.0033638061775316374,0.933206939892038,0.946393060107962,0.995,712.0349912088234,2500,5000
Multivariate region null,Anytime-valid,854115,0.043,0.0028688325151531584,0.037377088270299806,0.04862291172970019,0.995,712.0349912088234,2500,5000
Multivariate region null,Conventional,854115,0.9398,0.0033638061775316374,0.933206939892038,0.946393060107962,0.995,712.0349912088234,2500,5000
Multivariate region null,Anytime-valid,862720,0.043,0.0028688325151531584,0.037377088270299806,0.04862291172970019,0.995,712.0349912088234,2500,5000
Multivariate region null,Conventional,862720,0.9398,0.0033638061775316374,0.933206939892038,0.946393060107962,0.995,712.0349912088234,2500,5000
Multivariate region null,Anytime-valid,871413,0.043,0.0028688325151531584,0.037377088270299806,0.04862291172970019,0.995,712.0349912088234,2500,5000
Multivariate region null,Conventional,871413,0.9398,0.0033638061775316374,0.933206939892038,0.946393060107962,0.995,712.0349912088234,2500,5000
Multivariate region null,Anytime-valid,880193,0.043,0.0028688325151531584,0.037377088270299806,0.04862291172970019,0.995,712.0349912088234,2500,5000
Multivariate region null,Conventional,880193,0.94,0.0033585711247493344,0.9334172005954913,0.9465827994045086,0.995,712.0349912088234,2500,5000
Multivariate region null,Anytime-valid,889061,0.043,0.0028688325151531584,0.037377088270299806,0.04862291172970019,0.995,712.0349912088234,2500,5000
Multivariate region null,Conventional,889061,0.94,0.0033585711247493344,0.9334172005954913,0.9465827994045086,0.995,712.0349912088234,2500,5000
Multivariate region null,Anytime-valid,898019,0.043,0.0028688325151531584,0.037377088270299806,0.04862291172970019,0.995,712.0349912088234,2500,5000
Multivariate region null,Conventional,898019,0.9402,0.0033533255135760375,0.933627481993391,0.9467725180066091,0.995,712.0349912088234,2500,5000
Multivariate region null,Anytime-valid,907067,0.0432,0.002875195993319412,0.03756461585309395,0.04883538414690605,0.995,712.0349912088234,2500,5000
Multivariate region null,Conventional,907067,0.9402,0.0033533255135760375,0.933627481993391,0.9467725180066091,0.995,712.0349912088234,2500,5000
Multivariate region null,Anytime-valid,916206,0.0432,0.002875195993319412,0.03756461585309395,0.04883538414690605,0.995,712.0349912088234,2500,5000
Multivariate region null,Conventional,916206,0.9406,0.0033428024171344617,0.9340481072624165,0.9471518927375835,0.995,712.0349912088234,2500,5000
Multivariate region null,Anytime-valid,925437,0.0432,0.002875195993319412,0.03756461585309395,0.04883538414690605,0.995,712.0349912088234,2500,5000
Multivariate region null,Conventional,925437,0.9406,0.0033428024171344617,0.9340481072624165,0.9471518927375835,0.995,712.0349912088234,2500,5000
Multivariate region null,Anytime-valid,934761,0.0432,0.002875195993319412,0.03756461585309395,0.04883538414690605,0.995,712.0349912088234,2500,5000
Multivariate region null,Conventional,934761,0.9408,0.0033375248313683007,0.9342584513305181,0.9473415486694818,0.995,712.0349912088234,2500,5000
Multivariate region null,Anytime-valid,944179,0.0432,0.002875195993319412,0.03756461585309395,0.04883538414690605,0.995,712.0349912088234,2500,5000
Multivariate region null,Conventional,944179,0.9408,0.0033375248313683007,0.9342584513305181,0.9473415486694818,0.995,712.0349912088234,2500,5000
Multivariate region null,Anytime-valid,953693,0.0432,0.002875195993319412,0.03756461585309395,0.04883538414690605,0.995,712.0349912088234,2500,5000
Multivariate region null,Conventional,953693,0.941,0.003332236486205625,0.934468816487037,0.947531183512963,0.995,712.0349912088234,2500,5000
Multivariate region null,Anytime-valid,963301,0.0432,0.002875195993319412,0.03756461585309395,0.04883538414690605,0.995,712.0349912088234,2500,5000
Multivariate region null,Conventional,963301,0.941,0.003332236486205625,0.934468816487037,0.947531183512963,0.995,712.0349912088234,2500,5000
Multivariate region null,Anytime-valid,973007,0.0432,0.002875195993319412,0.03756461585309395,0.04883538414690605,0.995,712.0349912088234,2500,5000
Multivariate region null,Conventional,973007,0.941,0.003332236486205625,0.934468816487037,0.947531183512963,0.995,712.0349912088234,2500,5000
Multivariate region null,Anytime-valid,982811,0.0432,0.002875195993319412,0.03756461585309395,0.04883538414690605,0.995,712.0349912088234,2500,5000
Multivariate region null,Conventional,982811,0.941,0.003332236486205625,0.934468816487037,0.947531183512963,0.995,712.0349912088234,2500,5000
Multivariate region null,Anytime-valid,992713,0.0432,0.002875195993319412,0.03756461585309395,0.04883538414690605,0.995,712.0349912088234,2500,5000
Multivariate region null,Conventional,992713,0.941,0.003332236486205625,0.934468816487037,0.947531183512963,0.995,712.0349912088234,2500,5000
Multivariate region null,Anytime-valid,1002715,0.0432,0.002875195993319412,0.03756461585309395,0.04883538414690605,0.995,712.0349912088234,2500,5000
Multivariate region null,Conventional,1002715,0.941,0.003332236486205625,0.934468816487037,0.947531183512963,0.995,712.0349912088234,2500,5000
Multivariate region null,Anytime-valid,1012818,0.0432,0.002875195993319412,0.03756461585309395,0.04883538414690605,0.995,712.0349912088234,2500,5000
Multivariate region null,Conventional,1012818,0.941,0.003332236486205625,0.934468816487037,0.947531183512963,0.995,712.0349912088234,2500,5000
Multivariate region null,Anytime-valid,1023023,0.0432,0.002875195993319412,0.03756461585309395,0.04883538414690605,0.995,712.0349912088234,2500,5000
Multivariate region null,Conventional,1023023,0.941,0.003332236486205625,0.934468816487037,0.947531183512963,0.995,712.0349912088234,2500,5000
Multivariate region null,Anytime-valid,1033330,0.0432,0.002875195993319412,0.03756461585309395,0.04883538414690605,0.995,712.0349912088234,2500,5000
Multivariate region null,Conventional,1033330,0.941,0.003332236486205625,0.934468816487037,0.947531183512963,0.995,712.0349912088234,2500,5000
Multivariate region null,Anytime-valid,1043741,0.0432,0.002875195993319412,0.03756461585309395,0.04883538414690605,0.995,712.0349912088234,2500,5000
Multivariate region null,Conventional,1043741,0.9412,0.0033269373303385194,0.9346792028325366,0.9477207971674635,0.995,712.0349912088234,2500,5000
Multivariate region null,Anytime-valid,1054258,0.0432,0.002875195993319412,0.03756461585309395,0.04883538414690605,0.995,712.0349912088234,2500,5000
Multivariate region null,Conventional,1054258,0.9412,0.0033269373303385194,0.9346792028325366,0.9477207971674635,0.995,712.0349912088234,2500,5000
Multivariate region null,Anytime-valid,1064880,0.0432,0.002875195993319412,0.03756461585309395,0.04883538414690605,0.995,712.0349912088234,2500,5000
Multivariate region null,Conventional,1064880,0.9412,0.0033269373303385194,0.9346792028325366,0.9477207971674635,0.995,712.0349912088234,2500,5000
Multivariate region null,Anytime-valid,1075609,0.0432,0.002875195993319412,0.03756461585309395,0.04883538414690605,0.995,712.0349912088234,2500,5000
Multivariate region null,Conventional,1075609,0.9414,0.0033216273120264404,0.9348896104684282,0.9479103895315718,0.995,712.0349912088234,2500,5000
Multivariate region null,Anytime-valid,1086446,0.0432,0.002875195993319412,0.03756461585309395,0.04883538414690605,0.995,712.0349912088234,2500,5000
Multivariate region null,Conventional,1086446,0.9416,0.0033163063790910513,0.9351000394969815,0.9480999605030185,0.995,712.0349912088234,2500,5000
Multivariate region null,Anytime-valid,1097393,0.0432,0.002875195993319412,0.03756461585309395,0.04883538414690605,0.995,712.0349912088234,2500,5000
Multivariate region null,Conventional,1097393,0.9416,0.0033163063790910513,0.9351000394969815,0.9480999605030185,0.995,712.0349912088234,2500,5000
Multivariate region null,Anytime-valid,1108450,0.0432,0.002875195993319412,0.03756461585309395,0.04883538414690605,0.995,712.0349912088234,2500,5000
Multivariate region null,Conventional,1108450,0.9418,0.0033109744789110054,0.9353104900213344,0.9482895099786656,0.995,712.0349912088234,2500,5000
Multivariate region null,Anytime-valid,1119618,0.0432,0.002875195993319412,0.03756461585309395,0.04883538414690605,0.995,712.0349912088234,2500,5000
Multivariate region null,Conventional,1119618,0.942,0.003305631558416638,0.9355209621455033,0.9484790378544966,0.995,712.0349912088234,2500,5000
Multivariate region null,Anytime-valid,1130899,0.0432,0.002875195993319412,0.03756461585309395,0.04883538414690605,0.995,712.0349912088234,2500,5000
Multivariate region null,Conventional,1130899,0.9422,0.0033002775640845715,0.9357314559743943,0.9486685440256057,0.995,712.0349912088234,2500,5000
Multivariate region null,Anytime-valid,1142293,0.0432,0.002875195993319412,0.03756461585309395,0.04883538414690605,0.995,712.0349912088234,2500,5000
Multivariate region null,Conventional,1142293,0.9424,0.0032949124419322583,0.9359419716138128,0.9488580283861873,0.995,712.0349912088234,2500,5000
Multivariate region null,Anytime-valid,1153802,0.0432,0.002875195993319412,0.03756461585309395,0.04883538414690605,0.995,712.0349912088234,2500,5000
Multivariate region null,Conventional,1153802,0.9424,0.0032949124419322583,0.9359419716138128,0.9488580283861873,0.995,712.0349912088234,2500,5000
Multivariate region null,Anytime-valid,1165427,0.0432,0.002875195993319412,0.03756461585309395,0.04883538414690605,0.995,712.0349912088234,2500,5000
Multivariate region null,Conventional,1165427,0.9426,0.0032895361375124004,0.9361525091704757,0.9490474908295243,0.995,712.0349912088234,2500,5000
Multivariate region null,Anytime-valid,1177170,0.0432,0.002875195993319412,0.03756461585309395,0.04883538414690605,0.995,712.0349912088234,2500,5000
Multivariate region null,Conventional,1177170,0.9426,0.0032895361375124004,0.9361525091704757,0.9490474908295243,0.995,712.0349912088234,2500,5000
Multivariate region null,Anytime-valid,1189030,0.0432,0.002875195993319412,0.03756461585309395,0.04883538414690605,0.995,712.0349912088234,2500,5000
Multivariate region null,Conventional,1189030,0.9428,0.0032841485959073176,0.9363630687520216,0.9492369312479784,0.995,712.0349912088234,2500,5000
Multivariate region null,Anytime-valid,1201010,0.0432,0.002875195993319412,0.03756461585309395,0.04883538414690605,0.995,712.0349912088234,2500,5000
Multivariate region null,Conventional,1201010,0.9428,0.0032841485959073176,0.9363630687520216,0.9492369312479784,0.995,712.0349912088234,2500,5000
Multivariate region null,Anytime-valid,1213111,0.0432,0.002875195993319412,0.03756461585309395,0.04883538414690605,0.995,712.0349912088234,2500,5000
Multivariate region null,Conventional,1213111,0.943,0.00327874976172321,0.9365736504670225,0.9494263495329774,0.995,712.0349912088234,2500,5000
Multivariate region null,Anytime-valid,1225334,0.0432,0.002875195993319412,0.03756461585309395,0.04883538414690605,0.995,712.0349912088234,2500,5000
Multivariate region null,Conventional,1225334,0.943,0.00327874976172321,0.9365736504670225,0.9494263495329774,0.995,712.0349912088234,2500,5000
Multivariate region null,Anytime-valid,1237680,0.0432,0.002875195993319412,0.03756461585309395,0.04883538414690605,0.995,712.0349912088234,2500,5000
Multivariate region null,Conventional,1237680,0.943,0.00327874976172321,0.9365736504670225,0.9494263495329774,0.995,712.0349912088234,2500,5000
Multivariate region null,Anytime-valid,1250150,0.0432,0.002875195993319412,0.03756461585309395,0.04883538414690605,0.995,712.0349912088234,2500,5000
Multivariate region null,Conventional,1250150,0.943,0.00327874976172321,0.9365736504670225,0.9494263495329774,0.995,712.0349912088234,2500,5000
Multivariate region null,Anytime-valid,1262746,0.0432,0.002875195993319412,0.03756461585309395,0.04883538414690605,0.995,712.0349912088234,2500,5000
Multivariate region null,Conventional,1262746,0.943,0.00327874976172321,0.9365736504670225,0.9494263495329774,0.995,712.0349912088234,2500,5000
Multivariate region null,Anytime-valid,1275468,0.0432,0.002875195993319412,0.03756461585309395,0.04883538414690605,0.995,712.0349912088234,2500,5000
Multivariate region null,Conventional,1275468,0.9432,0.0032733395790843322,0.9367842544249948,0.9496157455750053,0.995,712.0349912088234,2500,5000
Multivariate region null,Anytime-valid,1288319,0.0432,0.002875195993319412,0.03756461585309395,0.04883538414690605,0.995,712.0349912088234,2500,5000
Multivariate region null,Conventional,1288319,0.9432,0.0032733395790843322,0.9367842544249948,0.9496157455750053,0.995,712.0349912088234,2500,5000
Multivariate region null,Anytime-valid,1301300,0.0432,0.002875195993319412,0.03756461585309395,0.04883538414690605,0.995,712.0349912088234,2500,5000
Multivariate region null,Conventional,1301300,0.9434,0.0032679179916270842,0.9369948807364109,0.9498051192635891,0.995,712.0349912088234,2500,5000
Multivariate region null,Anytime-valid,1314411,0.0432,0.002875195993319412,0.03756461585309395,0.04883538414690605,0.995,712.0349912088234,2500,5000
Multivariate region null,Conventional,1314411,0.9436,0.0032624849424939878,0.9372055295127117,0.9499944704872882,0.995,712.0349912088234,2500,5000
Multivariate region null,Anytime-valid,1327654,0.0432,0.002875195993319412,0.03756461585309395,0.04883538414690605,0.995,712.0349912088234,2500,5000
Multivariate region null,Conventional,1327654,0.9436,0.0032624849424939878,0.9372055295127117,0.9499944704872882,0.995,712.0349912088234,2500,5000
Multivariate region null,Anytime-valid,1341031,0.0432,0.002875195993319412,0.03756461585309395,0.04883538414690605,0.995,712.0349912088234,2500,5000
Multivariate region null,Conventional,1341031,0.9436,0.0032624849424939878,0.9372055295127117,0.9499944704872882,0.995,712.0349912088234,2500,5000
Multivariate region null,Anytime-valid,1354543,0.0432,0.002875195993319412,0.03756461585309395,0.04883538414690605,0.995,712.0349912088234,2500,5000
Multivariate region null,Conventional,1354543,0.9436,0.0032624849424939878,0.9372055295127117,0.9499944704872882,0.995,712.0349912088234,2500,5000
Multivariate region null,Anytime-valid,1368191,0.0434,0.0028815426424052795,0.03775217642088565,0.04904782357911435,0.995,712.0349912088234,2500,5000
Multivariate region null,Conventional,1368191,0.9438,0.0032570403743275894,0.9374162008663179,0.950183799133682,0.995,712.0349912088234,2500,5000
Multivariate region null,Anytime-valid,1381976,0.0434,0.0028815426424052795,0.03775217642088565,0.04904782357911435,0.995,712.0349912088234,2500,5000
Multivariate region null,Conventional,1381976,0.944,0.0032515842292642535,0.937626894910642,0.9503731050893579,0.995,712.0349912088234,2500,5000
Multivariate region null,Anytime-valid,1395900,0.0434,0.0028815426424052795,0.03775217642088565,0.04904782357911435,0.995,712.0349912088234,2500,5000
Multivariate region null,Conventional,1395900,0.9446,0.0032351457463304493,0.9382591143371923,0.9509408856628077,0.995,712.0349912088234,2500,5000
Multivariate region null,Anytime-valid,1409964,0.0434,0.0028815426424052795,0.03775217642088565,0.04904782357911435,0.995,712.0349912088234,2500,5000
Multivariate region null,Conventional,1409964,0.9446,0.0032351457463304493,0.9382591143371923,0.9509408856628077,0.995,712.0349912088234,2500,5000
Multivariate region null,Anytime-valid,1424170,0.0434,0.0028815426424052795,0.03775217642088565,0.04904782357911435,0.995,712.0349912088234,2500,5000
Multivariate region null,Conventional,1424170,0.9448,0.0032296427046966053,0.9384699002987946,0.9511300997012053,0.995,712.0349912088234,2500,5000
Multivariate region null,Anytime-valid,1438520,0.0434,0.0028815426424052795,0.03775217642088565,0.04904782357911435,0.995,712.0349912088234,2500,5000
Multivariate region null,Conventional,1438520,0.9448,0.0032296427046966053,0.9384699002987946,0.9511300997012053,0.995,712.0349912088234,2500,5000
Multivariate region null,Anytime-valid,1453013,0.0434,0.0028815426424052795,0.03775217642088565,0.04904782357911435,0.995,712.0349912088234,2500,5000
Multivariate region null,Conventional,1453013,0.9448,0.0032296427046966053,0.9384699002987946,0.9511300997012053,0.995,712.0349912088234,2500,5000
Multivariate region null,Anytime-valid,1467653,0.0434,0.0028815426424052795,0.03775217642088565,0.04904782357911435,0.995,712.0349912088234,2500,5000
Multivariate region null,Conventional,1467653,0.945,0.003224127789030703,0.9386807095334998,0.9513192904665001,0.995,712.0349912088234,2500,5000
Multivariate region null,Anytime-valid,1482441,0.0434,0.0028815426424052795,0.03775217642088565,0.04904782357911435,0.995,712.0349912088234,2500,5000
Multivariate region null,Conventional,1482441,0.945,0.003224127789030703,0.9386807095334998,0.9513192904665001,0.995,712.0349912088234,2500,5000
Multivariate region null,Anytime-valid,1497377,0.0434,0.0028815426424052795,0.03775217642088565,0.04904782357911435,0.995,712.0349912088234,2500,5000
Multivariate region null,Conventional,1497377,0.945,0.003224127789030703,0.9386807095334998,0.9513192904665001,0.995,712.0349912088234,2500,5000
Multivariate region null,Anytime-valid,1512464,0.0434,0.0028815426424052795,0.03775217642088565,0.04904782357911435,0.995,712.0349912088234,2500,5000
Multivariate region null,Conventional,1512464,0.945,0.003224127789030703,0.9386807095334998,0.9513192904665001,0.995,712.0349912088234,2500,5000
Multivariate region null,Anytime-valid,1527703,0.0434,0.0028815426424052795,0.03775217642088565,0.04904782357911435,0.995,712.0349912088234,2500,5000
Multivariate region null,Conventional,1527703,0.945,0.003224127789030703,0.9386807095334998,0.9513192904665001,0.995,712.0349912088234,2500,5000
Multivariate region null,Anytime-valid,1543095,0.0434,0.0028815426424052795,0.03775217642088565,0.04904782357911435,0.995,712.0349912088234,2500,5000
Multivariate region null,Conventional,1543095,0.945,0.003224127789030703,0.9386807095334998,0.9513192904665001,0.995,712.0349912088234,2500,5000
Multivariate region null,Anytime-valid,1558642,0.0434,0.0028815426424052795,0.03775217642088565,0.04904782357911435,0.995,712.0349912088234,2500,5000
Multivariate region null,Conventional,1558642,0.945,0.003224127789030703,0.9386807095334998,0.9513192904665001,0.995,712.0349912088234,2500,5000
Multivariate region null,Anytime-valid,1574346,0.0434,0.0028815426424052795,0.03775217642088565,0.04904782357911435,0.995,712.0349912088234,2500,5000
Multivariate region null,Conventional,1574346,0.945,0.003224127789030703,0.9386807095334998,0.9513192904665001,0.995,712.0349912088234,2500,5000
Multivariate region null,Anytime-valid,1590209,0.0434,0.0028815426424052795,0.03775217642088565,0.04904782357911435,0.995,712.0349912088234,2500,5000
Multivariate region null,Conventional,1590209,0.945,0.003224127789030703,0.9386807095334998,0.9513192904665001,0.995,712.0349912088234,2500,5000
Multivariate region null,Anytime-valid,1606231,0.0434,0.0028815426424052795,0.03775217642088565,0.04904782357911435,0.995,712.0349912088234,2500,5000
Multivariate region null,Conventional,1606231,0.945,0.003224127789030703,0.9386807095334998,0.9513192904665001,0.995,712.0349912088234,2500,5000
Multivariate region null,Anytime-valid,1622415,0.0434,0.0028815426424052795,0.03775217642088565,0.04904782357911435,0.995,712.0349912088234,2500,5000
Multivariate region null,Conventional,1622415,0.945,0.003224127789030703,0.9386807095334998,0.9513192904665001,0.995,712.0349912088234,2500,5000
Multivariate region null,Anytime-valid,1638761,0.0434,0.0028815426424052795,0.03775217642088565,0.04904782357911435,0.995,712.0349912088234,2500,5000
Multivariate region null,Conventional,1638761,0.945,0.003224127789030703,0.9386807095334998,0.9513192904665001,0.995,712.0349912088234,2500,5000
Multivariate region null,Anytime-valid,1655273,0.0434,0.0028815426424052795,0.03775217642088565,0.04904782357911435,0.995,712.0349912088234,2500,5000
Multivariate region null,Conventional,1655273,0.9452,0.003218600938296016,0.9388915421609398,0.9515084578390602,0.995,712.0349912088234,2500,5000
Multivariate region null,Anytime-valid,1671950,0.0434,0.0028815426424052795,0.03775217642088565,0.04904782357911435,0.995,712.0349912088234,2500,5000
Multivariate region null,Conventional,1671950,0.9452,0.003218600938296016,0.9388915421609398,0.9515084578390602,0.995,712.0349912088234,2500,5000
Multivariate region null,Anytime-valid,1688796,0.0434,0.0028815426424052795,0.03775217642088565,0.04904782357911435,0.995,712.0349912088234,2500,5000
Multivariate region null,Conventional,1688796,0.9456,0.003207511184703804,0.9393132780779805,0.9518867219220195,0.995,712.0349912088234,2500,5000
Multivariate region null,Anytime-valid,1705811,0.0434,0.0028815426424052795,0.03775217642088565,0.04904782357911435,0.995,712.0349912088234,2500,5000
Multivariate region null,Conventional,1705811,0.9456,0.003207511184703804,0.9393132780779805,0.9518867219220195,0.995,712.0349912088234,2500,5000
Multivariate region null,Anytime-valid,1722998,0.0434,0.0028815426424052795,0.03775217642088565,0.04904782357911435,0.995,712.0349912088234,2500,5000
Multivariate region null,Conventional,1722998,0.9458,0.003201948156981934,0.9395241816123154,0.9520758183876845,0.995,712.0349912088234,2500,5000
Multivariate region null,Anytime-valid,1740358,0.0434,0.0028815426424052795,0.03775217642088565,0.04904782357911435,0.995,712.0349912088234,2500,5000
Multivariate region null,Conventional,1740358,0.9458,0.003201948156981934,0.9395241816123154,0.9520758183876845,0.995,712.0349912088234,2500,5000
Multivariate region null,Anytime-valid,1757893,0.0434,0.0028815426424052795,0.03775217642088565,0.04904782357911435,0.995,712.0349912088234,2500,5000
Multivariate region null,Conventional,1757893,0.9458,0.003201948156981934,0.9395241816123154,0.9520758183876845,0.995,712.0349912088234,2500,5000
Multivariate region null,Anytime-valid,1775605,0.0434,0.0028815426424052795,0.03775217642088565,0.04904782357911435,0.995,712.0349912088234,2500,5000
Multivariate region null,Conventional,1775605,0.946,0.0031963729444481302,0.9397351090288816,0.9522648909711183,0.995,712.0349912088234,2500,5000
Multivariate region null,Anytime-valid,1793495,0.0434,0.0028815426424052795,0.03775217642088565,0.04904782357911435,0.995,712.0349912088234,2500,5000
Multivariate region null,Conventional,1793495,0.946,0.0031963729444481302,0.9397351090288816,0.9522648909711183,0.995,712.0349912088234,2500,5000
Multivariate region null,Anytime-valid,1811566,0.0434,0.0028815426424052795,0.03775217642088565,0.04904782357911435,0.995,712.0349912088234,2500,5000
Multivariate region null,Conventional,1811566,0.946,0.0031963729444481302,0.9397351090288816,0.9522648909711183,0.995,712.0349912088234,2500,5000
Multivariate region null,Anytime-valid,1829818,0.0434,0.0028815426424052795,0.03775217642088565,0.04904782357911435,0.995,712.0349912088234,2500,5000
Multivariate region null,Conventional,1829818,0.9462,0.0031907854832313614,0.9399460604528665,0.9524539395471335,0.995,712.0349912088234,2500,5000
Multivariate region null,Anytime-valid,1848254,0.0434,0.0028815426424052795,0.03775217642088565,0.04904782357911435,0.995,712.0349912088234,2500,5000
Multivariate region null,Conventional,1848254,0.9464,0.0031851857088716186,0.9401570360106116,0.9526429639893884,0.995,712.0349912088234,2500,5000
Multivariate region null,Anytime-valid,1866876,0.0434,0.0028815426424052795,0.03775217642088565,0.04904782357911435,0.995,712.0349912088234,2500,5000
Multivariate region null,Conventional,1866876,0.9464,0.0031851857088716186,0.9401570360106116,0.9526429639893884,0.995,712.0349912088234,2500,5000
Multivariate region null,Anytime-valid,1885686,0.0434,0.0028815426424052795,0.03775217642088565,0.04904782357911435,0.995,712.0349912088234,2500,5000
Multivariate region null,Conventional,1885686,0.9466,0.0031795735563122296,0.940368035829628,0.952831964170372,0.995,712.0349912088234,2500,5000
Multivariate region null,Anytime-valid,1904685,0.0434,0.0028815426424052795,0.03775217642088565,0.04904782357911435,0.995,712.0349912088234,2500,5000
Multivariate region null,Conventional,1904685,0.9468,0.003173948959892078,0.9405790600386115,0.9530209399613885,0.995,712.0349912088234,2500,5000
Multivariate region null,Anytime-valid,1923876,0.0434,0.0028815426424052795,0.03775217642088565,0.04904782357911435,0.995,712.0349912088234,2500,5000
Multivariate region null,Conventional,1923876,0.9468,0.003173948959892078,0.9405790600386115,0.9530209399613885,0.995,712.0349912088234,2500,5000
Multivariate region null,Anytime-valid,1943260,0.0434,0.0028815426424052795,0.03775217642088565,0.04904782357911435,0.995,712.0349912088234,2500,5000
Multivariate region null,Conventional,1943260,0.9468,0.003173948959892078,0.9405790600386115,0.9530209399613885,0.995,712.0349912088234,2500,5000
Multivariate region null,Anytime-valid,1962839,0.0434,0.0028815426424052795,0.03775217642088565,0.04904782357911435,0.995,712.0349912088234,2500,5000
Multivariate region null,Conventional,1962839,0.947,0.0031683118533376744,0.9407901087674582,0.9532098912325417,0.995,712.0349912088234,2500,5000
Multivariate region null,Anytime-valid,1982616,0.0434,0.0028815426424052795,0.03775217642088565,0.04904782357911435,0.995,712.0349912088234,2500,5000
Multivariate region null,Conventional,1982616,0.9472,0.003162662169755093,0.94100118214728,0.9533988178527201,0.995,712.0349912088234,2500,5000
Multivariate region null,Anytime-valid,2002592,0.0434,0.0028815426424052795,0.03775217642088565,0.04904782357911435,0.995,712.0349912088234,2500,5000
Multivariate region null,Conventional,2002592,0.9472,0.003162662169755093,0.94100118214728,0.9533988178527201,0.995,712.0349912088234,2500,5000
Multivariate region null,Anytime-valid,2022769,0.0434,0.0028815426424052795,0.03775217642088565,0.04904782357911435,0.995,712.0349912088234,2500,5000
Multivariate region null,Conventional,2022769,0.9474,0.0031569998416217885,0.9412122803104214,0.9535877196895787,0.995,712.0349912088234,2500,5000
Multivariate region null,Anytime-valid,2043149,0.0434,0.0028815426424052795,0.03775217642088565,0.04904782357911435,0.995,712.0349912088234,2500,5000
Multivariate region null,Conventional,2043149,0.9474,0.0031569998416217885,0.9412122803104214,0.9535877196895787,0.995,712.0349912088234,2500,5000
Multivariate region null,Anytime-valid,2063735,0.0434,0.0028815426424052795,0.03775217642088565,0.04904782357911435,0.995,712.0349912088234,2500,5000
Multivariate region null,Conventional,2063735,0.9474,0.0031569998416217885,0.9412122803104214,0.9535877196895787,0.995,712.0349912088234,2500,5000
Multivariate region null,Anytime-valid,2084528,0.0434,0.0028815426424052795,0.03775217642088565,0.04904782357911435,0.995,712.0349912088234,2500,5000
Multivariate region null,Conventional,2084528,0.9474,0.0031569998416217885,0.9412122803104214,0.9535877196895787,0.995,712.0349912088234,2500,5000
Multivariate region null,Anytime-valid,2105531,0.0434,0.0028815426424052795,0.03775217642088565,0.04904782357911435,0.995,712.0349912088234,2500,5000
Multivariate region null,Conventional,2105531,0.9474,0.0031569998416217885,0.9412122803104214,0.9535877196895787,0.995,712.0349912088234,2500,5000
Multivariate region null,Anytime-valid,2126745,0.0434,0.0028815426424052795,0.03775217642088565,0.04904782357911435,0.995,712.0349912088234,2500,5000
Multivariate region null,Conventional,2126745,0.9474,0.0031569998416217885,0.9412122803104214,0.9535877196895787,0.995,712.0349912088234,2500,5000
Multivariate region null,Anytime-valid,2148173,0.0434,0.0028815426424052795,0.03775217642088565,0.04904782357911435,0.995,712.0349912088234,2500,5000
Multivariate region null,Conventional,2148173,0.9474,0.0031569998416217885,0.9412122803104214,0.9535877196895787,0.995,712.0349912088234,2500,5000
Multivariate region null,Anytime-valid,2169817,0.0434,0.0028815426424052795,0.03775217642088565,0.04904782357911435,0.995,712.0349912088234,2500,5000
Multivariate region null,Conventional,2169817,0.9474,0.0031569998416217885,0.9412122803104214,0.9535877196895787,0.995,712.0349912088234,2500,5000
Multivariate region null,Anytime-valid,2191679,0.0434,0.0028815426424052795,0.03775217642088565,0.04904782357911435,0.995,712.0349912088234,2500,5000
Multivariate region null,Conventional,2191679,0.9474,0.0031569998416217885,0.9412122803104214,0.9535877196895787,0.995,712.0349912088234,2500,5000
Multivariate region null,Anytime-valid,2213762,0.0434,0.0028815426424052795,0.03775217642088565,0.04904782357911435,0.995,712.0349912088234,2500,5000
Multivariate region null,Conventional,2213762,0.9474,0.0031569998416217885,0.9412122803104214,0.9535877196895787,0.995,712.0349912088234,2500,5000
Multivariate region null,Anytime-valid,2236066,0.0434,0.0028815426424052795,0.03775217642088565,0.04904782357911435,0.995,712.0349912088234,2500,5000
Multivariate region null,Conventional,2236066,0.9474,0.0031569998416217885,0.9412122803104214,0.9535877196895787,0.995,712.0349912088234,2500,5000
Multivariate region null,Anytime-valid,2258596,0.0434,0.0028815426424052795,0.03775217642088565,0.04904782357911435,0.995,712.0349912088234,2500,5000
Multivariate region null,Conventional,2258596,0.9474,0.0031569998416217885,0.9412122803104214,0.9535877196895787,0.995,712.0349912088234,2500,5000
Multivariate region null,Anytime-valid,2281352,0.0434,0.0028815426424052795,0.03775217642088565,0.04904782357911435,0.995,712.0349912088234,2500,5000
Multivariate region null,Conventional,2281352,0.9474,0.0031569998416217885,0.9412122803104214,0.9535877196895787,0.995,712.0349912088234,2500,5000
Multivariate region null,Anytime-valid,2304338,0.0434,0.0028815426424052795,0.03775217642088565,0.04904782357911435,0.995,712.0349912088234,2500,5000
Multivariate region null,Conventional,2304338,0.9476,0.003151324800778238,0.9414234033904747,0.9537765966095253,0.995,712.0349912088234,2500,5000
Multivariate region null,Anytime-valid,2327555,0.0434,0.0028815426424052795,0.03775217642088565,0.04904782357911435,0.995,712.0349912088234,2500,5000
Multivariate region null,Conventional,2327555,0.9478,0.003145636978419475,0.9416345515222978,0.9539654484777021,0.995,712.0349912088234,2500,5000
Multivariate region null,Anytime-valid,2351007,0.0434,0.0028815426424052795,0.03775217642088565,0.04904782357911435,0.995,712.0349912088234,2500,5000
Multivariate region null,Conventional,2351007,0.9478,0.003145636978419475,0.9416345515222978,0.9539654484777021,0.995,712.0349912088234,2500,5000
Multivariate region null,Anytime-valid,2374694,0.0434,0.0028815426424052795,0.03775217642088565,0.04904782357911435,0.995,712.0349912088234,2500,5000
Multivariate region null,Conventional,2374694,0.9478,0.003145636978419475,0.9416345515222978,0.9539654484777021,0.995,712.0349912088234,2500,5000
Multivariate region null,Anytime-valid,2398620,0.0434,0.0028815426424052795,0.03775217642088565,0.04904782357911435,0.995,712.0349912088234,2500,5000
Multivariate region null,Conventional,2398620,0.948,0.00313993630508646,0.9418457248420304,0.9541542751579695,0.995,712.0349912088234,2500,5000
Multivariate region null,Anytime-valid,2422788,0.0434,0.0028815426424052795,0.03775217642088565,0.04904782357911435,0.995,712.0349912088234,2500,5000
Multivariate region null,Conventional,2422788,0.948,0.00313993630508646,0.9418457248420304,0.9541542751579695,0.995,712.0349912088234,2500,5000
Multivariate region null,Anytime-valid,2447199,0.0434,0.0028815426424052795,0.03775217642088565,0.04904782357911435,0.995,712.0349912088234,2500,5000
Multivariate region null,Conventional,2447199,0.948,0.00313993630508646,0.9418457248420304,0.9541542751579695,0.995,712.0349912088234,2500,5000
Multivariate region null,Anytime-valid,2471855,0.0434,0.0028815426424052795,0.03775217642088565,0.04904782357911435,0.995,712.0349912088234,2500,5000
Multivariate region null,Conventional,2471855,0.948,0.00313993630508646,0.9418457248420304,0.9541542751579695,0.995,712.0349912088234,2500,5000
Multivariate region null,Anytime-valid,2496761,0.0434,0.0028815426424052795,0.03775217642088565,0.04904782357911435,0.995,712.0349912088234,2500,5000
Multivariate region null,Conventional,2496761,0.948,0.00313993630508646,0.9418457248420304,0.9541542751579695,0.995,712.0349912088234,2500,5000
Multivariate region null,Anytime-valid,2521917,0.0434,0.0028815426424052795,0.03775217642088565,0.04904782357911435,0.995,712.0349912088234,2500,5000
Multivariate region null,Conventional,2521917,0.9482,0.0031342227106573,0.9420569234871118,0.9543430765128883,0.995,712.0349912088234,2500,5000
Multivariate region null,Anytime-valid,2547326,0.0434,0.0028815426424052795,0.03775217642088565,0.04904782357911435,0.995,712.0349912088234,2500,5000
Multivariate region null,Conventional,2547326,0.9482,0.0031342227106573,0.9420569234871118,0.9543430765128883,0.995,712.0349912088234,2500,5000
Multivariate region null,Anytime-valid,2572992,0.0434,0.0028815426424052795,0.03775217642088565,0.04904782357911435,0.995,712.0349912088234,2500,5000
Multivariate region null,Conventional,2572992,0.9482,0.0031342227106573,0.9420569234871118,0.9543430765128883,0.995,712.0349912088234,2500,5000
Multivariate region null,Anytime-valid,2598916,0.0434,0.0028815426424052795,0.03775217642088565,0.04904782357911435,0.995,712.0349912088234,2500,5000
Multivariate region null,Conventional,2598916,0.9482,0.0031342227106573,0.9420569234871118,0.9543430765128883,0.995,712.0349912088234,2500,5000
Multivariate region null,Anytime-valid,2625101,0.0434,0.0028815426424052795,0.03775217642088565,0.04904782357911435,0.995,712.0349912088234,2500,5000
Multivariate region null,Conventional,2625101,0.9482,0.0031342227106573,0.9420569234871118,0.9543430765128883,0.995,712.0349912088234,2500,5000
Multivariate region null,Anytime-valid,2651551,0.0434,0.0028815426424052795,0.03775217642088565,0.04904782357911435,0.995,712.0349912088234,2500,5000
Multivariate region null,Conventional,2651551,0.9482,0.0031342227106573,0.9420569234871118,0.9543430765128883,0.995,712.0349912088234,2500,5000
Multivariate region null,Anytime-valid,2678266,0.0434,0.0028815426424052795,0.03775217642088565,0.04904782357911435,0.995,712.0349912088234,2500,5000
Multivariate region null,Conventional,2678266,0.9482,0.0031342227106573,0.9420569234871118,0.9543430765128883,0.995,712.0349912088234,2500,5000
Multivariate region null,Anytime-valid,2705251,0.0434,0.0028815426424052795,0.03775217642088565,0.04904782357911435,0.995,712.0349912088234,2500,5000
Multivariate region null,Conventional,2705251,0.9482,0.0031342227106573,0.9420569234871118,0.9543430765128883,0.995,712.0349912088234,2500,5000
Multivariate region null,Anytime-valid,2732508,0.0434,0.0028815426424052795,0.03775217642088565,0.04904782357911435,0.995,712.0349912088234,2500,5000
Multivariate region null,Conventional,2732508,0.9482,0.0031342227106573,0.9420569234871118,0.9543430765128883,0.995,712.0349912088234,2500,5000
Multivariate region null,Anytime-valid,2760039,0.0434,0.0028815426424052795,0.03775217642088565,0.04904782357911435,0.995,712.0349912088234,2500,5000
Multivariate region null,Conventional,2760039,0.9482,0.0031342227106573,0.9420569234871118,0.9543430765128883,0.995,712.0349912088234,2500,5000
Multivariate region null,Anytime-valid,2787848,0.0434,0.0028815426424052795,0.03775217642088565,0.04904782357911435,0.995,712.0349912088234,2500,5000
Multivariate region null,Conventional,2787848,0.9482,0.0031342227106573,0.9420569234871118,0.9543430765128883,0.995,712.0349912088234,2500,5000
Multivariate region null,Anytime-valid,2815937,0.0434,0.0028815426424052795,0.03775217642088565,0.04904782357911435,0.995,712.0349912088234,2500,5000
Multivariate region null,Conventional,2815937,0.9482,0.0031342227106573,0.9420569234871118,0.9543430765128883,0.995,712.0349912088234,2500,5000
Multivariate region null,Anytime-valid,2844309,0.0434,0.0028815426424052795,0.03775217642088565,0.04904782357911435,0.995,712.0349912088234,2500,5000
Multivariate region null,Conventional,2844309,0.9482,0.0031342227106573,0.9420569234871118,0.9543430765128883,0.995,712.0349912088234,2500,5000
Multivariate region null,Anytime-valid,2872967,0.0434,0.0028815426424052795,0.03775217642088565,0.04904782357911435,0.995,712.0349912088234,2500,5000
Multivariate region null,Conventional,2872967,0.9482,0.0031342227106573,0.9420569234871118,0.9543430765128883,0.995,712.0349912088234,2500,5000
Multivariate region null,Anytime-valid,2901914,0.0434,0.0028815426424052795,0.03775217642088565,0.04904782357911435,0.995,712.0349912088234,2500,5000
Multivariate region null,Conventional,2901914,0.9482,0.0031342227106573,0.9420569234871118,0.9543430765128883,0.995,712.0349912088234,2500,5000
Multivariate region null,Anytime-valid,2931152,0.0434,0.0028815426424052795,0.03775217642088565,0.04904782357911435,0.995,712.0349912088234,2500,5000
Multivariate region null,Conventional,2931152,0.9482,0.0031342227106573,0.9420569234871118,0.9543430765128883,0.995,712.0349912088234,2500,5000
Multivariate region null,Anytime-valid,2960685,0.0434,0.0028815426424052795,0.03775217642088565,0.04904782357911435,0.995,712.0349912088234,2500,5000
Multivariate region null,Conventional,2960685,0.9482,0.0031342227106573,0.9420569234871118,0.9543430765128883,0.995,712.0349912088234,2500,5000
Multivariate region null,Anytime-valid,2990515,0.0434,0.0028815426424052795,0.03775217642088565,0.04904782357911435,0.995,712.0349912088234,2500,5000
Multivariate region null,Conventional,2990515,0.9482,0.0031342227106573,0.9420569234871118,0.9543430765128883,0.995,712.0349912088234,2500,5000
Multivariate region null,Anytime-valid,3020646,0.0434,0.0028815426424052795,0.03775217642088565,0.04904782357911435,0.995,712.0349912088234,2500,5000
Multivariate region null,Conventional,3020646,0.9482,0.0031342227106573,0.9420569234871118,0.9543430765128883,0.995,712.0349912088234,2500,5000
Multivariate region null,Anytime-valid,3051080,0.0434,0.0028815426424052795,0.03775217642088565,0.04904782357911435,0.995,712.0349912088234,2500,5000
Multivariate region null,Conventional,3051080,0.9482,0.0031342227106573,0.9420569234871118,0.9543430765128883,0.995,712.0349912088234,2500,5000
Multivariate region null,Anytime-valid,3081822,0.0434,0.0028815426424052795,0.03775217642088565,0.04904782357911435,0.995,712.0349912088234,2500,5000
Multivariate region null,Conventional,3081822,0.9486,0.0031227564746550444,0.9424793973096761,0.9547206026903239,0.995,712.0349912088234,2500,5000
Multivariate region null,Anytime-valid,3112873,0.0434,0.0028815426424052795,0.03775217642088565,0.04904782357911435,0.995,712.0349912088234,2500,5000
Multivariate region null,Conventional,3112873,0.9488,0.0031170036894427964,0.9426906727686921,0.9549093272313078,0.995,712.0349912088234,2500,5000
Multivariate region null,Anytime-valid,3144236,0.0434,0.0028815426424052795,0.03775217642088565,0.04904782357911435,0.995,712.0349912088234,2500,5000
Multivariate region null,Conventional,3144236,0.9488,0.0031170036894427964,0.9426906727686921,0.9549093272313078,0.995,712.0349912088234,2500,5000
Multivariate region null,Anytime-valid,3175916,0.0434,0.0028815426424052795,0.03775217642088565,0.04904782357911435,0.995,712.0349912088234,2500,5000
Multivariate region null,Conventional,3175916,0.9488,0.0031170036894427964,0.9426906727686921,0.9549093272313078,0.995,712.0349912088234,2500,5000
Multivariate region null,Anytime-valid,3207915,0.0434,0.0028815426424052795,0.03775217642088565,0.04904782357911435,0.995,712.0349912088234,2500,5000
Multivariate region null,Conventional,3207915,0.949,0.0031112376958374634,0.9429019741161585,0.9550980258838414,0.995,712.0349912088234,2500,5000
Multivariate region null,Anytime-valid,3240236,0.0434,0.0028815426424052795,0.03775217642088565,0.04904782357911435,0.995,712.0349912088234,2500,5000
Multivariate region null,Conventional,3240236,0.9492,0.003105458420265838,0.943113301496279,0.955286698503721,0.995,712.0349912088234,2500,5000
Multivariate region null,Anytime-valid,3272883,0.0434,0.0028815426424052795,0.03775217642088565,0.04904782357911435,0.995,712.0349912088234,2500,5000
Multivariate region null,Conventional,3272883,0.9492,0.003105458420265838,0.943113301496279,0.955286698503721,0.995,712.0349912088234,2500,5000
Multivariate region null,Anytime-valid,3305859,0.0434,0.0028815426424052795,0.03775217642088565,0.04904782357911435,0.995,712.0349912088234,2500,5000
Multivariate region null,Conventional,3305859,0.9496,0.0030938597253269257,0.9435360349383592,0.9556639650616408,0.995,712.0349912088234,2500,5000
Multivariate region null,Anytime-valid,3339168,0.0434,0.0028815426424052795,0.03775217642088565,0.04904782357911435,0.995,712.0349912088234,2500,5000
Multivariate region null,Conventional,3339168,0.9496,0.0030938597253269257,0.9435360349383592,0.9556639650616408,0.995,712.0349912088234,2500,5000
Multivariate region null,Anytime-valid,3372811,0.0434,0.0028815426424052795,0.03775217642088565,0.04904782357911435,0.995,712.0349912088234,2500,5000
Multivariate region null,Conventional,3372811,0.9498,0.003088040155179334,0.9437474412958485,0.9558525587041514,0.995,712.0349912088234,2500,5000
Multivariate region null,Anytime-valid,3406794,0.0434,0.0028815426424052795,0.03775217642088565,0.04904782357911435,0.995,712.0349912088234,2500,5000
Multivariate region null,Conventional,3406794,0.9498,0.003088040155179334,0.9437474412958485,0.9558525587041514,0.995,712.0349912088234,2500,5000
Multivariate region null,Anytime-valid,3441119,0.0434,0.0028815426424052795,0.03775217642088565,0.04904782357911435,0.995,712.0349912088234,2500,5000
Multivariate region null,Conventional,3441119,0.9498,0.003088040155179334,0.9437474412958485,0.9558525587041514,0.995,712.0349912088234,2500,5000
Multivariate region null,Anytime-valid,3475790,0.0434,0.0028815426424052795,0.03775217642088565,0.04904782357911435,0.995,712.0349912088234,2500,5000
Multivariate region null,Conventional,3475790,0.9498,0.003088040155179334,0.9437474412958485,0.9558525587041514,0.995,712.0349912088234,2500,5000
Multivariate region null,Anytime-valid,3510811,0.0434,0.0028815426424052795,0.03775217642088565,0.04904782357911435,0.995,712.0349912088234,2500,5000
Multivariate region null,Conventional,3510811,0.9498,0.003088040155179334,0.9437474412958485,0.9558525587041514,0.995,712.0349912088234,2500,5000
Multivariate region null,Anytime-valid,3546184,0.0434,0.0028815426424052795,0.03775217642088565,0.04904782357911435,0.995,712.0349912088234,2500,5000
Multivariate region null,Conventional,3546184,0.95,0.0030822070014844896,0.9439588742770904,0.9560411257229096,0.995,712.0349912088234,2500,5000
Multivariate region null,Anytime-valid,3581913,0.0434,0.0028815426424052795,0.03775217642088565,0.04904782357911435,0.995,712.0349912088234,2500,5000
Multivariate region null,Conventional,3581913,0.9502,0.0030763601869742093,0.9441703340335306,0.9562296659664695,0.995,712.0349912088234,2500,5000
Multivariate region null,Anytime-valid,3618003,0.0434,0.0028815426424052795,0.03775217642088565,0.04904782357911435,0.995,712.0349912088234,2500,5000
Multivariate region null,Conventional,3618003,0.9502,0.0030763601869742093,0.9441703340335306,0.9562296659664695,0.995,712.0349912088234,2500,5000
Multivariate region null,Anytime-valid,3654456,0.0434,0.0028815426424052795,0.03775217642088565,0.04904782357911435,0.995,712.0349912088234,2500,5000
Multivariate region null,Conventional,3654456,0.9502,0.0030763601869742093,0.9441703340335306,0.9562296659664695,0.995,712.0349912088234,2500,5000
Multivariate region null,Anytime-valid,3691277,0.0434,0.0028815426424052795,0.03775217642088565,0.04904782357911435,0.995,712.0349912088234,2500,5000
Multivariate region null,Conventional,3691277,0.9502,0.0030763601869742093,0.9441703340335306,0.9562296659664695,0.995,712.0349912088234,2500,5000
Multivariate region null,Anytime-valid,3728468,0.0434,0.0028815426424052795,0.03775217642088565,0.04904782357911435,0.995,712.0349912088234,2500,5000
Multivariate region null,Conventional,3728468,0.9502,0.0030763601869742093,0.9441703340335306,0.9562296659664695,0.995,712.0349912088234,2500,5000
Multivariate region null,Anytime-valid,3766034,0.0434,0.0028815426424052795,0.03775217642088565,0.04904782357911435,0.995,712.0349912088234,2500,5000
Multivariate region null,Conventional,3766034,0.9502,0.0030763601869742093,0.9441703340335306,0.9562296659664695,0.995,712.0349912088234,2500,5000
Multivariate region null,Anytime-valid,3803979,0.0434,0.0028815426424052795,0.03775217642088565,0.04904782357911435,0.995,712.0349912088234,2500,5000
Multivariate region null,Conventional,3803979,0.9504,0.0030704996336101387,0.9443818207181242,0.9564181792818759,0.995,712.0349912088234,2500,5000
Multivariate region null,Anytime-valid,3842306,0.0434,0.0028815426424052795,0.03775217642088565,0.04904782357911435,0.995,712.0349912088234,2500,5000
Multivariate region null,Conventional,3842306,0.9504,0.0030704996336101387,0.9443818207181242,0.9564181792818759,0.995,712.0349912088234,2500,5000
Multivariate region null,Anytime-valid,3881019,0.0434,0.0028815426424052795,0.03775217642088565,0.04904782357911435,0.995,712.0349912088234,2500,5000
Multivariate region null,Conventional,3881019,0.9504,0.0030704996336101387,0.9443818207181242,0.9564181792818759,0.995,712.0349912088234,2500,5000
Multivariate region null,Anytime-valid,3920122,0.0434,0.0028815426424052795,0.03775217642088565,0.04904782357911435,0.995,712.0349912088234,2500,5000
Multivariate region null,Conventional,3920122,0.9504,0.0030704996336101387,0.9443818207181242,0.9564181792818759,0.995,712.0349912088234,2500,5000
Multivariate region null,Anytime-valid,3959620,0.0434,0.0028815426424052795,0.03775217642088565,0.04904782357911435,0.995,712.0349912088234,2500,5000
Multivariate region null,Conventional,3959620,0.9504,0.0030704996336101387,0.9443818207181242,0.9564181792818759,0.995,712.0349912088234,2500,5000
Multivariate region null,Anytime-valid,3999515,0.0434,0.0028815426424052795,0.03775217642088565,0.04904782357911435,0.995,712.0349912088234,2500,5000
Multivariate region null,Conventional,3999515,0.9504,0.0030704996336101387,0.9443818207181242,0.9564181792818759,0.995,712.0349912088234,2500,5000
Multivariate region null,Anytime-valid,4039812,0.0434,0.0028815426424052795,0.03775217642088565,0.04904782357911435,0.995,712.0349912088234,2500,5000
Multivariate region null,Conventional,4039812,0.9506,0.003064625262572897,0.9445933344853571,0.9566066655146429,0.995,712.0349912088234,2500,5000
Multivariate region null,Anytime-valid,4080515,0.0434,0.0028815426424052795,0.03775217642088565,0.04904782357911435,0.995,712.0349912088234,2500,5000
Multivariate region null,Conventional,4080515,0.9506,0.003064625262572897,0.9445933344853571,0.9566066655146429,0.995,712.0349912088234,2500,5000
Multivariate region null,Anytime-valid,4121628,0.0434,0.0028815426424052795,0.03775217642088565,0.04904782357911435,0.995,712.0349912088234,2500,5000
Multivariate region null,Conventional,4121628,0.9506,0.003064625262572897,0.9445933344853571,0.9566066655146429,0.995,712.0349912088234,2500,5000
Multivariate region null,Anytime-valid,4163156,0.0434,0.0028815426424052795,0.03775217642088565,0.04904782357911435,0.995,712.0349912088234,2500,5000
Multivariate region null,Conventional,4163156,0.9508,0.0030587369942510594,0.9448048754912679,0.956795124508732,0.995,712.0349912088234,2500,5000
Multivariate region null,Anytime-valid,4205102,0.0434,0.0028815426424052795,0.03775217642088565,0.04904782357911435,0.995,712.0349912088234,2500,5000
Multivariate region null,Conventional,4205102,0.9508,0.0030587369942510594,0.9448048754912679,0.956795124508732,0.995,712.0349912088234,2500,5000
Multivariate region null,Anytime-valid,4247470,0.0434,0.0028815426424052795,0.03775217642088565,0.04904782357911435,0.995,712.0349912088234,2500,5000
Multivariate region null,Conventional,4247470,0.9508,0.0030587369942510594,0.9448048754912679,0.956795124508732,0.995,712.0349912088234,2500,5000
Multivariate region null,Anytime-valid,4290266,0.0434,0.0028815426424052795,0.03775217642088565,0.04904782357911435,0.995,712.0349912088234,2500,5000
Multivariate region null,Conventional,4290266,0.9508,0.0030587369942510594,0.9448048754912679,0.956795124508732,0.995,712.0349912088234,2500,5000
Multivariate region null,Anytime-valid,4333492,0.0434,0.0028815426424052795,0.03775217642088565,0.04904782357911435,0.995,712.0349912088234,2500,5000
Multivariate region null,Conventional,4333492,0.9508,0.0030587369942510594,0.9448048754912679,0.956795124508732,0.995,712.0349912088234,2500,5000
Multivariate region null,Anytime-valid,4377154,0.0434,0.0028815426424052795,0.03775217642088565,0.04904782357911435,0.995,712.0349912088234,2500,5000
Multivariate region null,Conventional,4377154,0.9508,0.0030587369942510594,0.9448048754912679,0.956795124508732,0.995,712.0349912088234,2500,5000
Multivariate region null,Anytime-valid,4421256,0.0434,0.0028815426424052795,0.03775217642088565,0.04904782357911435,0.995,712.0349912088234,2500,5000
Multivariate region null,Conventional,4421256,0.9508,0.0030587369942510594,0.9448048754912679,0.956795124508732,0.995,712.0349912088234,2500,5000
Multivariate region null,Anytime-valid,4465803,0.0434,0.0028815426424052795,0.03775217642088565,0.04904782357911435,0.995,712.0349912088234,2500,5000
Multivariate region null,Conventional,4465803,0.9514,0.003040987997345599,0.9454396635252027,0.9573603364747973,0.995,712.0349912088234,2500,5000
Multivariate region null,Anytime-valid,4510798,0.0434,0.0028815426424052795,0.03775217642088565,0.04904782357911435,0.995,712.0349912088234,2500,5000
Multivariate region null,Conventional,4510798,0.9514,0.003040987997345599,0.9454396635252027,0.9573603364747973,0.995,712.0349912088234,2500,5000
Multivariate region null,Anytime-valid,4556246,0.0434,0.0028815426424052795,0.03775217642088565,0.04904782357911435,0.995,712.0349912088234,2500,5000
Multivariate region null,Conventional,4556246,0.9514,0.003040987997345599,0.9454396635252027,0.9573603364747973,0.995,712.0349912088234,2500,5000
Multivariate region null,Anytime-valid,4602153,0.0434,0.0028815426424052795,0.03775217642088565,0.04904782357911435,0.995,712.0349912088234,2500,5000
Multivariate region null,Conventional,4602153,0.9514,0.003040987997345599,0.9454396635252027,0.9573603364747973,0.995,712.0349912088234,2500,5000
Multivariate region null,Anytime-valid,4648522,0.0434,0.0028815426424052795,0.03775217642088565,0.04904782357911435,0.995,712.0349912088234,2500,5000
Multivariate region null,Conventional,4648522,0.9514,0.003040987997345599,0.9454396635252027,0.9573603364747973,0.995,712.0349912088234,2500,5000
Multivariate region null,Anytime-valid,4695358,0.0434,0.0028815426424052795,0.03775217642088565,0.04904782357911435,0.995,712.0349912088234,2500,5000
Multivariate region null,Conventional,4695358,0.9514,0.003040987997345599,0.9454396635252027,0.9573603364747973,0.995,712.0349912088234,2500,5000
Multivariate region null,Anytime-valid,4742666,0.0434,0.0028815426424052795,0.03775217642088565,0.04904782357911435,0.995,712.0349912088234,2500,5000
Multivariate region null,Conventional,4742666,0.9514,0.003040987997345599,0.9454396635252027,0.9573603364747973,0.995,712.0349912088234,2500,5000
Multivariate region null,Anytime-valid,4790451,0.0434,0.0028815426424052795,0.03775217642088565,0.04904782357911435,0.995,712.0349912088234,2500,5000
Multivariate region null,Conventional,4790451,0.9516,0.0030350433275325743,0.9456513150780361,0.9575486849219639,0.995,712.0349912088234,2500,5000
Multivariate region null,Anytime-valid,4838717,0.0434,0.0028815426424052795,0.03775217642088565,0.04904782357911435,0.995,712.0349912088234,2500,5000
Multivariate region null,Conventional,4838717,0.9516,0.0030350433275325743,0.9456513150780361,0.9575486849219639,0.995,712.0349912088234,2500,5000
Multivariate region null,Anytime-valid,4887470,0.0434,0.0028815426424052795,0.03775217642088565,0.04904782357911435,0.995,712.0349912088234,2500,5000
Multivariate region null,Conventional,4887470,0.9518,0.003029084350096577,0.9458629946738107,0.9577370053261892,0.995,712.0349912088234,2500,5000
Multivariate region null,Anytime-valid,4936713,0.0434,0.0028815426424052795,0.03775217642088565,0.04904782357911435,0.995,712.0349912088234,2500,5000
Multivariate region null,Conventional,4936713,0.9518,0.003029084350096577,0.9458629946738107,0.9577370053261892,0.995,712.0349912088234,2500,5000
Multivariate region null,Anytime-valid,4986453,0.0434,0.0028815426424052795,0.03775217642088565,0.04904782357911435,0.995,712.0349912088234,2500,5000
Multivariate region null,Conventional,4986453,0.952,0.0030231109804305907,0.946074702478356,0.9579252975216439,0.995,712.0349912088234,2500,5000
Multivariate region null,Anytime-valid,5036694,0.0434,0.0028815426424052795,0.03775217642088565,0.04904782357911435,0.995,712.0349912088234,2500,5000
Multivariate region null,Conventional,5036694,0.952,0.0030231109804305907,0.946074702478356,0.9579252975216439,0.995,712.0349912088234,2500,5000
Multivariate region null,Anytime-valid,5087441,0.0434,0.0028815426424052795,0.03775217642088565,0.04904782357911435,0.995,712.0349912088234,2500,5000
Multivariate region null,Conventional,5087441,0.9522,0.0030171231330524103,0.9462864386592174,0.9581135613407827,0.995,712.0349912088234,2500,5000
Multivariate region null,Anytime-valid,5138700,0.0434,0.0028815426424052795,0.03775217642088565,0.04904782357911435,0.995,712.0349912088234,2500,5000
Multivariate region null,Conventional,5138700,0.9522,0.0030171231330524103,0.9462864386592174,0.9581135613407827,0.995,712.0349912088234,2500,5000
Multivariate region null,Anytime-valid,5190475,0.0434,0.0028815426424052795,0.03775217642088565,0.04904782357911435,0.995,712.0349912088234,2500,5000
Multivariate region null,Conventional,5190475,0.9522,0.0030171231330524103,0.9462864386592174,0.9581135613407827,0.995,712.0349912088234,2500,5000
Multivariate region null,Anytime-valid,5242772,0.0434,0.0028815426424052795,0.03775217642088565,0.04904782357911435,0.995,712.0349912088234,2500,5000
Multivariate region null,Conventional,5242772,0.9524,0.0030111207215918786,0.9464982033856799,0.9583017966143201,0.995,712.0349912088234,2500,5000
Multivariate region null,Anytime-valid,5295595,0.0434,0.0028815426424052795,0.03775217642088565,0.04904782357911435,0.995,712.0349912088234,2500,5000
Multivariate region null,Conventional,5295595,0.9524,0.0030111207215918786,0.9464982033856799,0.9583017966143201,0.995,712.0349912088234,2500,5000
Multivariate region null,Anytime-valid,5348951,0.0434,0.0028815426424052795,0.03775217642088565,0.04904782357911435,0.995,712.0349912088234,2500,5000
Multivariate region null,Conventional,5348951,0.9524,0.0030111207215918786,0.9464982033856799,0.9583017966143201,0.995,712.0349912088234,2500,5000
Multivariate region null,Anytime-valid,5402844,0.0434,0.0028815426424052795,0.03775217642088565,0.04904782357911435,0.995,712.0349912088234,2500,5000
Multivariate region null,Conventional,5402844,0.9526,0.0030051036587778464,0.9467099968287954,0.9584900031712046,0.995,712.0349912088234,2500,5000
Multivariate region null,Anytime-valid,5457281,0.0434,0.0028815426424052795,0.03775217642088565,0.04904782357911435,0.995,712.0349912088234,2500,5000
Multivariate region null,Conventional,5457281,0.9526,0.0030051036587778464,0.9467099968287954,0.9584900031712046,0.995,712.0349912088234,2500,5000
Multivariate region null,Anytime-valid,5512266,0.0434,0.0028815426424052795,0.03775217642088565,0.04904782357911435,0.995,712.0349912088234,2500,5000
Multivariate region null,Conventional,5512266,0.9526,0.0030051036587778464,0.9467099968287954,0.9584900031712046,0.995,712.0349912088234,2500,5000
Multivariate region null,Anytime-valid,5567804,0.0434,0.0028815426424052795,0.03775217642088565,0.04904782357911435,0.995,712.0349912088234,2500,5000
Multivariate region null,Conventional,5567804,0.9526,0.0030051036587778464,0.9467099968287954,0.9584900031712046,0.995,712.0349912088234,2500,5000
Multivariate region null,Anytime-valid,5623903,0.0434,0.0028815426424052795,0.03775217642088565,0.04904782357911435,0.995,712.0349912088234,2500,5000
Multivariate region null,Conventional,5623903,0.9526,0.0030051036587778464,0.9467099968287954,0.9584900031712046,0.995,712.0349912088234,2500,5000
Multivariate region null,Anytime-valid,5680567,0.0434,0.0028815426424052795,0.03775217642088565,0.04904782357911435,0.995,712.0349912088234,2500,5000
Multivariate region null,Conventional,5680567,0.953,0.002993025225419928,0.9471336705581769,0.958866329441823,0.995,712.0349912088234,2500,5000
Multivariate region null,Anytime-valid,5737801,0.0434,0.0028815426424052795,0.03775217642088565,0.04904782357911435,0.995,712.0349912088234,2500,5000
Multivariate region null,Conventional,5737801,0.953,0.002993025225419928,0.9471336705581769,0.958866329441823,0.995,712.0349912088234,2500,5000
Multivariate region null,Anytime-valid,5795612,0.0434,0.0028815426424052795,0.03775217642088565,0.04904782357911435,0.995,712.0349912088234,2500,5000
Multivariate region null,Conventional,5795612,0.953,0.002993025225419928,0.9471336705581769,0.958866329441823,0.995,712.0349912088234,2500,5000
Multivariate region null,Anytime-valid,5854006,0.0434,0.0028815426424052795,0.03775217642088565,0.04904782357911435,0.995,712.0349912088234,2500,5000
Multivariate region null,Conventional,5854006,0.953,0.002993025225419928,0.9471336705581769,0.958866329441823,0.995,712.0349912088234,2500,5000
Multivariate region null,Anytime-valid,5912988,0.0434,0.0028815426424052795,0.03775217642088565,0.04904782357911435,0.995,712.0349912088234,2500,5000
Multivariate region null,Conventional,5912988,0.953,0.002993025225419928,0.9471336705581769,0.958866329441823,0.995,712.0349912088234,2500,5000
Multivariate region null,Anytime-valid,5972564,0.0434,0.0028815426424052795,0.03775217642088565,0.04904782357911435,0.995,712.0349912088234,2500,5000
Multivariate region null,Conventional,5972564,0.953,0.002993025225419928,0.9471336705581769,0.958866329441823,0.995,712.0349912088234,2500,5000
Multivariate region null,Anytime-valid,6032741,0.0434,0.0028815426424052795,0.03775217642088565,0.04904782357911435,0.995,712.0349912088234,2500,5000
Multivariate region null,Conventional,6032741,0.953,0.002993025225419928,0.9471336705581769,0.958866329441823,0.995,712.0349912088234,2500,5000
Multivariate region null,Anytime-valid,6093524,0.0434,0.0028815426424052795,0.03775217642088565,0.04904782357911435,0.995,712.0349912088234,2500,5000
Multivariate region null,Conventional,6093524,0.9534,0.0029808871162793123,0.9475574612520926,0.9592425387479074,0.995,712.0349912088234,2500,5000
Multivariate region null,Anytime-valid,6154919,0.0434,0.0028815426424052795,0.03775217642088565,0.04904782357911435,0.995,712.0349912088234,2500,5000
Multivariate region null,Conventional,6154919,0.9534,0.0029808871162793123,0.9475574612520926,0.9592425387479074,0.995,712.0349912088234,2500,5000
Multivariate region null,Anytime-valid,6216933,0.0434,0.0028815426424052795,0.03775217642088565,0.04904782357911435,0.995,712.0349912088234,2500,5000
Multivariate region null,Conventional,6216933,0.9536,0.0029747954551531774,0.9477694009078997,0.9594305990921003,0.995,712.0349912088234,2500,5000
Multivariate region null,Anytime-valid,6279572,0.0434,0.0028815426424052795,0.03775217642088565,0.04904782357911435,0.995,712.0349912088234,2500,5000
Multivariate region null,Conventional,6279572,0.954,0.0029625664549508433,0.9481933697482963,0.9598066302517037,0.995,712.0349912088234,2500,5000
Multivariate region null,Anytime-valid,6342842,0.0434,0.0028815426424052795,0.03775217642088565,0.04904782357911435,0.995,712.0349912088234,2500,5000
Multivariate region null,Conventional,6342842,0.954,0.0029625664549508433,0.9481933697482963,0.9598066302517037,0.995,712.0349912088234,2500,5000
Multivariate region null,Anytime-valid,6406749,0.0434,0.0028815426424052795,0.03775217642088565,0.04904782357911435,0.995,712.0349912088234,2500,5000
Multivariate region null,Conventional,6406749,0.954,0.0029625664549508433,0.9481933697482963,0.9598066302517037,0.995,712.0349912088234,2500,5000
Multivariate region null,Anytime-valid,6471300,0.0434,0.0028815426424052795,0.03775217642088565,0.04904782357911435,0.995,712.0349912088234,2500,5000
Multivariate region null,Conventional,6471300,0.9542,0.002956428926931948,0.9484053993032134,0.9599946006967867,0.995,712.0349912088234,2500,5000
Multivariate region null,Anytime-valid,6536502,0.0434,0.0028815426424052795,0.03775217642088565,0.04904782357911435,0.995,712.0349912088234,2500,5000
Multivariate region null,Conventional,6536502,0.9542,0.002956428926931948,0.9484053993032134,0.9599946006967867,0.995,712.0349912088234,2500,5000
Multivariate region null,Anytime-valid,6602360,0.0434,0.0028815426424052795,0.03775217642088565,0.04904782357911435,0.995,712.0349912088234,2500,5000
Multivariate region null,Conventional,6602360,0.9542,0.002956428926931948,0.9484053993032134,0.9599946006967867,0.995,712.0349912088234,2500,5000
Multivariate region null,Anytime-valid,6668883,0.0434,0.0028815426424052795,0.03775217642088565,0.04904782357911435,0.995,712.0349912088234,2500,5000
Multivariate region null,Conventional,6668883,0.9542,0.002956428926931948,0.9484053993032134,0.9599946006967867,0.995,712.0349912088234,2500,5000
Multivariate region null,Anytime-valid,6736075,0.0434,0.0028815426424052795,0.03775217642088565,0.04904782357911435,0.995,712.0349912088234,2500,5000
Multivariate region null,Conventional,6736075,0.9542,0.002956428926931948,0.9484053993032134,0.9599946006967867,0.995,712.0349912088234,2500,5000
Multivariate region null,Anytime-valid,6803944,0.0434,0.0028815426424052795,0.03775217642088565,0.04904782357911435,0.995,712.0349912088234,2500,5000
Multivariate region null,Conventional,6803944,0.9544,0.002950275919299752,0.9486174591981725,0.9601825408018275,0.995,712.0349912088234,2500,5000
Multivariate region null,Anytime-valid,6872497,0.0434,0.0028815426424052795,0.03775217642088565,0.04904782357911435,0.995,712.0349912088234,2500,5000
Multivariate region null,Conventional,6872497,0.9544,0.002950275919299752,0.9486174591981725,0.9601825408018275,0.995,712.0349912088234,2500,5000
Multivariate region null,Anytime-valid,6941741,0.0434,0.0028815426424052795,0.03775217642088565,0.04904782357911435,0.995,712.0349912088234,2500,5000
Multivariate region null,Conventional,6941741,0.9546,0.002944107334999864,0.9488295496234003,0.9603704503765997,0.995,712.0349912088234,2500,5000
Multivariate region null,Anytime-valid,7011683,0.0434,0.0028815426424052795,0.03775217642088565,0.04904782357911435,0.995,712.0349912088234,2500,5000
Multivariate region null,Conventional,7011683,0.9546,0.002944107334999864,0.9488295496234003,0.9603704503765997,0.995,712.0349912088234,2500,5000
Multivariate region null,Anytime-valid,7082329,0.0434,0.0028815426424052795,0.03775217642088565,0.04904782357911435,0.995,712.0349912088234,2500,5000
Multivariate region null,Conventional,7082329,0.9546,0.002944107334999864,0.9488295496234003,0.9603704503765997,0.995,712.0349912088234,2500,5000
Multivariate region null,Anytime-valid,7153687,0.0434,0.0028815426424052795,0.03775217642088565,0.04904782357911435,0.995,712.0349912088234,2500,5000
Multivariate region null,Conventional,7153687,0.9546,0.002944107334999864,0.9488295496234003,0.9603704503765997,0.995,712.0349912088234,2500,5000
Multivariate region null,Anytime-valid,7225764,0.0434,0.0028815426424052795,0.03775217642088565,0.04904782357911435,0.995,712.0349912088234,2500,5000
Multivariate region null,Conventional,7225764,0.9546,0.002944107334999864,0.9488295496234003,0.9603704503765997,0.995,712.0349912088234,2500,5000
Multivariate region null,Anytime-valid,7298567,0.0434,0.0028815426424052795,0.03775217642088565,0.04904782357911435,0.995,712.0349912088234,2500,5000
Multivariate region null,Conventional,7298567,0.9548,0.0029379230759160463,0.9490416707712045,0.9605583292287955,0.995,712.0349912088234,2500,5000
Multivariate region null,Anytime-valid,7372104,0.0434,0.0028815426424052795,0.03775217642088565,0.04904782357911435,0.995,712.0349912088234,2500,5000
Multivariate region null,Conventional,7372104,0.9548,0.0029379230759160463,0.9490416707712045,0.9605583292287955,0.995,712.0349912088234,2500,5000
Multivariate region null,Anytime-valid,7446382,0.0434,0.0028815426424052795,0.03775217642088565,0.04904782357911435,0.995,712.0349912088234,2500,5000
Multivariate region null,Conventional,7446382,0.9548,0.0029379230759160463,0.9490416707712045,0.9605583292287955,0.995,712.0349912088234,2500,5000
Multivariate region null,Anytime-valid,7521408,0.0434,0.0028815426424052795,0.03775217642088565,0.04904782357911435,0.995,712.0349912088234,2500,5000
Multivariate region null,Conventional,7521408,0.955,0.0029317230428538106,0.9492538228360065,0.9607461771639935,0.995,712.0349912088234,2500,5000
Multivariate region null,Anytime-valid,7597190,0.0434,0.0028815426424052795,0.03775217642088565,0.04904782357911435,0.995,712.0349912088234,2500,5000
Multivariate region null,Conventional,7597190,0.955,0.0029317230428538106,0.9492538228360065,0.9607461771639935,0.995,712.0349912088234,2500,5000
Multivariate region null,Anytime-valid,7673735,0.0434,0.0028815426424052795,0.03775217642088565,0.04904782357911435,0.995,712.0349912088234,2500,5000
Multivariate region null,Conventional,7673735,0.955,0.0029317230428538106,0.9492538228360065,0.9607461771639935,0.995,712.0349912088234,2500,5000
Multivariate region null,Anytime-valid,7751052,0.0434,0.0028815426424052795,0.03775217642088565,0.04904782357911435,0.995,712.0349912088234,2500,5000
Multivariate region null,Conventional,7751052,0.9552,0.0029255071355236842,0.9494660060143736,0.9609339939856265,0.995,712.0349912088234,2500,5000
Multivariate region null,Anytime-valid,7829148,0.0434,0.0028815426424052795,0.03775217642088565,0.04904782357911435,0.995,712.0349912088234,2500,5000
Multivariate region null,Conventional,7829148,0.9552,0.0029255071355236842,0.9494660060143736,0.9609339939856265,0.995,712.0349912088234,2500,5000
Multivariate region null,Anytime-valid,7908030,0.0434,0.0028815426424052795,0.03775217642088565,0.04904782357911435,0.995,712.0349912088234,2500,5000
Multivariate region null,Conventional,7908030,0.9552,0.0029255071355236842,0.9494660060143736,0.9609339939856265,0.995,712.0349912088234,2500,5000
Multivariate region null,Anytime-valid,7987708,0.0434,0.0028815426424052795,0.03775217642088565,0.04904782357911435,0.995,712.0349912088234,2500,5000
Multivariate region null,Conventional,7987708,0.9552,0.0029255071355236842,0.9494660060143736,0.9609339939856265,0.995,712.0349912088234,2500,5000
Multivariate region null,Anytime-valid,8068188,0.0434,0.0028815426424052795,0.03775217642088565,0.04904782357911435,0.995,712.0349912088234,2500,5000
Multivariate region null,Conventional,8068188,0.9554,0.0029192752525241594,0.9496782205050527,0.9611217794949474,0.995,712.0349912088234,2500,5000
Multivariate region null,Anytime-valid,8149479,0.0434,0.0028815426424052795,0.03775217642088565,0.04904782357911435,0.995,712.0349912088234,2500,5000
Multivariate region null,Conventional,8149479,0.9556,0.0029130272913242676,0.9498904665090044,0.9613095334909956,0.995,712.0349912088234,2500,5000
Multivariate region null,Anytime-valid,8231589,0.0434,0.0028815426424052795,0.03775217642088565,0.04904782357911435,0.995,712.0349912088234,2500,5000
Multivariate region null,Conventional,8231589,0.9556,0.0029130272913242676,0.9498904665090044,0.9613095334909956,0.995,712.0349912088234,2500,5000
Multivariate region null,Anytime-valid,8314526,0.0434,0.0028815426424052795,0.03775217642088565,0.04904782357911435,0.995,712.0349912088234,2500,5000
Multivariate region null,Conventional,8314526,0.9556,0.0029130272913242676,0.9498904665090044,0.9613095334909956,0.995,712.0349912088234,2500,5000
Multivariate region null,Anytime-valid,8398299,0.0434,0.0028815426424052795,0.03775217642088565,0.04904782357911435,0.995,712.0349912088234,2500,5000
Multivariate region null,Conventional,8398299,0.9556,0.0029130272913242676,0.9498904665090044,0.9613095334909956,0.995,712.0349912088234,2500,5000
Multivariate region null,Anytime-valid,8482916,0.0434,0.0028815426424052795,0.03775217642088565,0.04904782357911435,0.995,712.0349912088234,2500,5000
Multivariate region null,Conventional,8482916,0.956,0.002900482718445329,0.9503150538718471,0.9616849461281528,0.995,712.0349912088234,2500,5000
Multivariate region null,Anytime-valid,8568386,0.0434,0.0028815426424052795,0.03775217642088565,0.04904782357911435,0.995,712.0349912088234,2500,5000
Multivariate region null,Conventional,8568386,0.956,0.002900482718445329,0.9503150538718471,0.9616849461281528,0.995,712.0349912088234,2500,5000
Multivariate region null,Anytime-valid,8654717,0.0434,0.0028815426424052795,0.03775217642088565,0.04904782357911435,0.995,712.0349912088234,2500,5000
Multivariate region null,Conventional,8654717,0.956,0.002900482718445329,0.9503150538718471,0.9616849461281528,0.995,712.0349912088234,2500,5000
Multivariate region null,Anytime-valid,8741918,0.0434,0.0028815426424052795,0.03775217642088565,0.04904782357911435,0.995,712.0349912088234,2500,5000
Multivariate region null,Conventional,8741918,0.9562,0.0028941858958954226,0.950527395644045,0.9618726043559551,0.995,712.0349912088234,2500,5000
Multivariate region null,Anytime-valid,8829997,0.0434,0.0028815426424052795,0.03775217642088565,0.04904782357911435,0.995,712.0349912088234,2500,5000
Multivariate region null,Conventional,8829997,0.9562,0.0028941858958954226,0.950527395644045,0.9618726043559551,0.995,712.0349912088234,2500,5000
Multivariate region null,Anytime-valid,8918963,0.0434,0.0028815426424052795,0.03775217642088565,0.04904782357911435,0.995,712.0349912088234,2500,5000
Multivariate region null,Conventional,8918963,0.9562,0.0028941858958954226,0.950527395644045,0.9618726043559551,0.995,712.0349912088234,2500,5000
Multivariate region null,Anytime-valid,9008826,0.0434,0.0028815426424052795,0.03775217642088565,0.04904782357911435,0.995,712.0349912088234,2500,5000
Multivariate region null,Conventional,9008826,0.9562,0.0028941858958954226,0.950527395644045,0.9618726043559551,0.995,712.0349912088234,2500,5000
Multivariate region null,Anytime-valid,9099595,0.0434,0.0028815426424052795,0.03775217642088565,0.04904782357911435,0.995,712.0349912088234,2500,5000
Multivariate region null,Conventional,9099595,0.9562,0.0028941858958954226,0.950527395644045,0.9618726043559551,0.995,712.0349912088234,2500,5000
Multivariate region null,Anytime-valid,9191278,0.0434,0.0028815426424052795,0.03775217642088565,0.04904782357911435,0.995,712.0349912088234,2500,5000
Multivariate region null,Conventional,9191278,0.9562,0.0028941858958954226,0.950527395644045,0.9618726043559551,0.995,712.0349912088234,2500,5000
Multivariate region null,Anytime-valid,9283885,0.0434,0.0028815426424052795,0.03775217642088565,0.04904782357911435,0.995,712.0349912088234,2500,5000
Multivariate region null,Conventional,9283885,0.9562,0.0028941858958954226,0.950527395644045,0.9618726043559551,0.995,712.0349912088234,2500,5000
Multivariate region null,Anytime-valid,9377425,0.0434,0.0028815426424052795,0.03775217642088565,0.04904782357911435,0.995,712.0349912088234,2500,5000
Multivariate region null,Conventional,9377425,0.9564,0.0028878725733660748,0.9507397697562026,0.9620602302437975,0.995,712.0349912088234,2500,5000
Multivariate region null,Anytime-valid,9471907,0.0434,0.0028815426424052795,0.03775217642088565,0.04904782357911435,0.995,712.0349912088234,2500,5000
Multivariate region null,Conventional,9471907,0.9566,0.002881542642405279,0.9509521764208857,0.9622478235791143,0.995,712.0349912088234,2500,5000
Multivariate region null,Anytime-valid,9567341,0.0434,0.0028815426424052795,0.03775217642088565,0.04904782357911435,0.995,712.0349912088234,2500,5000
Multivariate region null,Conventional,9567341,0.9566,0.002881542642405279,0.9509521764208857,0.9622478235791143,0.995,712.0349912088234,2500,5000
Multivariate region null,Anytime-valid,9663737,0.0434,0.0028815426424052795,0.03775217642088565,0.04904782357911435,0.995,712.0349912088234,2500,5000
Multivariate region null,Conventional,9663737,0.9566,0.002881542642405279,0.9509521764208857,0.9622478235791143,0.995,712.0349912088234,2500,5000
Multivariate region null,Anytime-valid,9761104,0.0434,0.0028815426424052795,0.03775217642088565,0.04904782357911435,0.995,712.0349912088234,2500,5000
Multivariate region null,Conventional,9761104,0.9568,0.0028751959933194125,0.951164615853094,0.962435384146906,0.995,712.0349912088234,2500,5000
Multivariate region null,Anytime-valid,9859452,0.0434,0.0028815426424052795,0.03775217642088565,0.04904782357911435,0.995,712.0349912088234,2500,5000
Multivariate region null,Conventional,9859452,0.9568,0.0028751959933194125,0.951164615853094,0.962435384146906,0.995,712.0349912088234,2500,5000
Multivariate region null,Anytime-valid,9958791,0.0434,0.0028815426424052795,0.03775217642088565,0.04904782357911435,0.995,712.0349912088234,2500,5000
Multivariate region null,Conventional,9958791,0.9568,0.0028751959933194125,0.951164615853094,0.962435384146906,0.995,712.0349912088234,2500,5000
Multivariate region null,Anytime-valid,10059131,0.0434,0.0028815426424052795,0.03775217642088565,0.04904782357911435,0.995,712.0349912088234,2500,5000
Multivariate region null,Conventional,10059131,0.9568,0.0028751959933194125,0.951164615853094,0.962435384146906,0.995,712.0349912088234,2500,5000
Multivariate region null,Anytime-valid,10160481,0.0434,0.0028815426424052795,0.03775217642088565,0.04904782357911435,0.995,712.0349912088234,2500,5000
Multivariate region null,Conventional,10160481,0.9568,0.0028751959933194125,0.951164615853094,0.962435384146906,0.995,712.0349912088234,2500,5000
Multivariate region null,Anytime-valid,10262853,0.0434,0.0028815426424052795,0.03775217642088565,0.04904782357911435,0.995,712.0349912088234,2500,5000
Multivariate region null,Conventional,10262853,0.957,0.00286883251515316,0.9513770882702998,0.9626229117297002,0.995,712.0349912088234,2500,5000
Multivariate region null,Anytime-valid,10366257,0.0434,0.0028815426424052795,0.03775217642088565,0.04904782357911435,0.995,712.0349912088234,2500,5000
Multivariate region null,Conventional,10366257,0.957,0.00286883251515316,0.9513770882702998,0.9626229117297002,0.995,712.0349912088234,2500,5000
Multivariate region null,Anytime-valid,10470702,0.0434,0.0028815426424052795,0.03775217642088565,0.04904782357911435,0.995,712.0349912088234,2500,5000
Multivariate region null,Conventional,10470702,0.957,0.00286883251515316,0.9513770882702998,0.9626229117297002,0.995,712.0349912088234,2500,5000
Multivariate region null,Anytime-valid,10576200,0.0434,0.0028815426424052795,0.03775217642088565,0.04904782357911435,0.995,712.0349912088234,2500,5000
Multivariate region null,Conventional,10576200,0.9572,0.0028624520956690245,0.9515895938924888,0.9628104061075113,0.995,712.0349912088234,2500,5000
Multivariate region null,Anytime-valid,10682760,0.0434,0.0028815426424052795,0.03775217642088565,0.04904782357911435,0.995,712.0349912088234,2500,5000
Multivariate region null,Conventional,10682760,0.9572,0.0028624520956690245,0.9515895938924888,0.9628104061075113,0.995,712.0349912088234,2500,5000
Multivariate region null,Anytime-valid,10790394,0.0434,0.0028815426424052795,0.03775217642088565,0.04904782357911435,0.995,712.0349912088234,2500,5000
Multivariate region null,Conventional,10790394,0.9572,0.0028624520956690245,0.9515895938924888,0.9628104061075113,0.995,712.0349912088234,2500,5000
Multivariate region null,Anytime-valid,10899113,0.0434,0.0028815426424052795,0.03775217642088565,0.04904782357911435,0.995,712.0349912088234,2500,5000
Multivariate region null,Conventional,10899113,0.9572,0.0028624520956690245,0.9515895938924888,0.9628104061075113,0.995,712.0349912088234,2500,5000
Multivariate region null,Anytime-valid,11008927,0.0434,0.0028815426424052795,0.03775217642088565,0.04904782357911435,0.995,712.0349912088234,2500,5000
Multivariate region null,Conventional,11008927,0.9572,0.0028624520956690245,0.9515895938924888,0.9628104061075113,0.995,712.0349912088234,2500,5000
Multivariate region null,Anytime-valid,11119848,0.0434,0.0028815426424052795,0.03775217642088565,0.04904782357911435,0.995,712.0349912088234,2500,5000
Multivariate region null,Conventional,11119848,0.9572,0.0028624520956690245,0.9515895938924888,0.9628104061075113,0.995,712.0349912088234,2500,5000
Multivariate region null,Anytime-valid,11231886,0.0434,0.0028815426424052795,0.03775217642088565,0.04904782357911435,0.995,712.0349912088234,2500,5000
Multivariate region null,Conventional,11231886,0.9572,0.0028624520956690245,0.9515895938924888,0.9628104061075113,0.995,712.0349912088234,2500,5000
Multivariate region null,Anytime-valid,11345052,0.0434,0.0028815426424052795,0.03775217642088565,0.04904782357911435,0.995,712.0349912088234,2500,5000
Multivariate region null,Conventional,11345052,0.9572,0.0028624520956690245,0.9515895938924888,0.9628104061075113,0.995,712.0349912088234,2500,5000
Multivariate region null,Anytime-valid,11459360,0.0434,0.0028815426424052795,0.03775217642088565,0.04904782357911435,0.995,712.0349912088234,2500,5000
Multivariate region null,Conventional,11459360,0.9574,0.002856054621326419,0.9518021329422003,0.9629978670577998,0.995,712.0349912088234,2500,5000
Multivariate region null,Anytime-valid,11574818,0.0434,0.0028815426424052795,0.03775217642088565,0.04904782357911435,0.995,712.0349912088234,2500,5000
Multivariate region null,Conventional,11574818,0.9574,0.002856054621326419,0.9518021329422003,0.9629978670577998,0.995,712.0349912088234,2500,5000
Multivariate region null,Anytime-valid,11691441,0.0434,0.0028815426424052795,0.03775217642088565,0.04904782357911435,0.995,712.0349912088234,2500,5000
Multivariate region null,Conventional,11691441,0.9576,0.0028496399772602854,0.9520147056445698,0.9631852943554302,0.995,712.0349912088234,2500,5000
Multivariate region null,Anytime-valid,11809238,0.0434,0.0028815426424052795,0.03775217642088565,0.04904782357911435,0.995,712.0349912088234,2500,5000
Multivariate region null,Conventional,11809238,0.9576,0.0028496399772602854,0.9520147056445698,0.9631852943554302,0.995,712.0349912088234,2500,5000
Multivariate region null,Anytime-valid,11928222,0.0434,0.0028815426424052795,0.03775217642088565,0.04904782357911435,0.995,712.0349912088234,2500,5000
Multivariate region null,Conventional,11928222,0.9578,0.002843208047259293,0.9522273122273718,0.9633726877726282,0.995,712.0349912088234,2500,5000
Multivariate region null,Anytime-valid,12048404,0.0434,0.0028815426424052795,0.03775217642088565,0.04904782357911435,0.995,712.0349912088234,2500,5000
Multivariate region null,Conventional,12048404,0.9578,0.002843208047259293,0.9522273122273718,0.9633726877726282,0.995,712.0349912088234,2500,5000
Multivariate region null,Anytime-valid,12169798,0.0434,0.0028815426424052795,0.03775217642088565,0.04904782357911435,0.995,712.0349912088234,2500,5000
Multivariate region null,Conventional,12169798,0.9578,0.002843208047259293,0.9522273122273718,0.9633726877726282,0.995,712.0349912088234,2500,5000
Multivariate region null,Anytime-valid,12292415,0.0434,0.0028815426424052795,0.03775217642088565,0.04904782357911435,0.995,712.0349912088234,2500,5000
Multivariate region null,Conventional,12292415,0.9578,0.002843208047259293,0.9522273122273718,0.9633726877726282,0.995,712.0349912088234,2500,5000
Multivariate region null,Anytime-valid,12416267,0.0434,0.0028815426424052795,0.03775217642088565,0.04904782357911435,0.995,712.0349912088234,2500,5000
Multivariate region null,Conventional,12416267,0.9578,0.002843208047259293,0.9522273122273718,0.9633726877726282,0.995,712.0349912088234,2500,5000
Multivariate region null,Anytime-valid,12541367,0.0434,0.0028815426424052795,0.03775217642088565,0.04904782357911435,0.995,712.0349912088234,2500,5000
Multivariate region null,Conventional,12541367,0.9578,0.002843208047259293,0.9522273122273718,0.9633726877726282,0.995,712.0349912088234,2500,5000
Multivariate region null,Anytime-valid,12667728,0.0434,0.0028815426424052795,0.03775217642088565,0.04904782357911435,0.995,712.0349912088234,2500,5000
Multivariate region null,Conventional,12667728,0.9578,0.002843208047259293,0.9522273122273718,0.9633726877726282,0.995,712.0349912088234,2500,5000
Multivariate region null,Anytime-valid,12795362,0.0434,0.0028815426424052795,0.03775217642088565,0.04904782357911435,0.995,712.0349912088234,2500,5000
Multivariate region null,Conventional,12795362,0.9578,0.002843208047259293,0.9522273122273718,0.9633726877726282,0.995,712.0349912088234,2500,5000
Multivariate region null,Anytime-valid,12924282,0.0434,0.0028815426424052795,0.03775217642088565,0.04904782357911435,0.995,712.0349912088234,2500,5000
Multivariate region null,Conventional,12924282,0.9578,0.002843208047259293,0.9522273122273718,0.9633726877726282,0.995,712.0349912088234,2500,5000
Multivariate region null,Anytime-valid,13054500,0.0434,0.0028815426424052795,0.03775217642088565,0.04904782357911435,0.995,712.0349912088234,2500,5000
Multivariate region null,Conventional,13054500,0.9578,0.002843208047259293,0.9522273122273718,0.9633726877726282,0.995,712.0349912088234,2500,5000
Multivariate region null,Anytime-valid,13186031,0.0434,0.0028815426424052795,0.03775217642088565,0.04904782357911435,0.995,712.0349912088234,2500,5000
Multivariate region null,Conventional,13186031,0.958,0.002836758713743558,0.9524399529210625,0.9635600470789374,0.995,712.0349912088234,2500,5000
Multivariate region null,Anytime-valid,13318887,0.0434,0.0028815426424052795,0.03775217642088565,0.04904782357911435,0.995,712.0349912088234,2500,5000
Multivariate region null,Conventional,13318887,0.958,0.002836758713743558,0.9524399529210625,0.9635600470789374,0.995,712.0349912088234,2500,5000
Multivariate region null,Anytime-valid,13453081,0.0434,0.0028815426424052795,0.03775217642088565,0.04904782357911435,0.995,712.0349912088234,2500,5000
Multivariate region null,Conventional,13453081,0.958,0.002836758713743558,0.9524399529210625,0.9635600470789374,0.995,712.0349912088234,2500,5000
Multivariate region null,Anytime-valid,13588628,0.0434,0.0028815426424052795,0.03775217642088565,0.04904782357911435,0.995,712.0349912088234,2500,5000
Multivariate region null,Conventional,13588628,0.958,0.002836758713743558,0.9524399529210625,0.9635600470789374,0.995,712.0349912088234,2500,5000
Multivariate region null,Anytime-valid,13725540,0.0434,0.0028815426424052795,0.03775217642088565,0.04904782357911435,0.995,712.0349912088234,2500,5000
Multivariate region null,Conventional,13725540,0.958,0.002836758713743558,0.9524399529210625,0.9635600470789374,0.995,712.0349912088234,2500,5000
Multivariate region null,Anytime-valid,13863832,0.0434,0.0028815426424052795,0.03775217642088565,0.04904782357911435,0.995,712.0349912088234,2500,5000
Multivariate region null,Conventional,13863832,0.958,0.002836758713743558,0.9524399529210625,0.9635600470789374,0.995,712.0349912088234,2500,5000
Multivariate region null,Anytime-valid,14003517,0.0434,0.0028815426424052795,0.03775217642088565,0.04904782357911435,0.995,712.0349912088234,2500,5000
Multivariate region null,Conventional,14003517,0.958,0.002836758713743558,0.9524399529210625,0.9635600470789374,0.995,712.0349912088234,2500,5000
Multivariate region null,Anytime-valid,14144609,0.0434,0.0028815426424052795,0.03775217642088565,0.04904782357911435,0.995,712.0349912088234,2500,5000
Multivariate region null,Conventional,14144609,0.9582,0.0028302918577418814,0.952652627958826,0.9637473720411741,0.995,712.0349912088234,2500,5000
Multivariate region null,Anytime-valid,14287123,0.0434,0.0028815426424052795,0.03775217642088565,0.04904782357911435,0.995,712.0349912088234,2500,5000
Multivariate region null,Conventional,14287123,0.9582,0.0028302918577418814,0.952652627958826,0.9637473720411741,0.995,712.0349912088234,2500,5000
Multivariate region null,Anytime-valid,14431073,0.0434,0.0028815426424052795,0.03775217642088565,0.04904782357911435,0.995,712.0349912088234,2500,5000
Multivariate region null,Conventional,14431073,0.9582,0.0028302918577418814,0.952652627958826,0.9637473720411741,0.995,712.0349912088234,2500,5000
Multivariate region null,Anytime-valid,14576474,0.0434,0.0028815426424052795,0.03775217642088565,0.04904782357911435,0.995,712.0349912088234,2500,5000
Multivariate region null,Conventional,14576474,0.9582,0.0028302918577418814,0.952652627958826,0.9637473720411741,0.995,712.0349912088234,2500,5000
Multivariate region null,Anytime-valid,14723339,0.0434,0.0028815426424052795,0.03775217642088565,0.04904782357911435,0.995,712.0349912088234,2500,5000
Multivariate region null,Conventional,14723339,0.9584,0.0028238073588685176,0.9528653375766177,0.9639346624233823,0.995,712.0349912088234,2500,5000
Multivariate region null,Anytime-valid,14871684,0.0434,0.0028815426424052795,0.03775217642088565,0.04904782357911435,0.995,712.0349912088234,2500,5000
Multivariate region null,Conventional,14871684,0.9586,0.0028173050952994064,0.9530780820132132,0.9641219179867868,0.995,712.0349912088234,2500,5000
Multivariate region null,Anytime-valid,15021524,0.0434,0.0028815426424052795,0.03775217642088565,0.04904782357911435,0.995,712.0349912088234,2500,5000
Multivariate region null,Conventional,15021524,0.9586,0.0028173050952994064,0.9530780820132132,0.9641219179867868,0.995,712.0349912088234,2500,5000
Multivariate region null,Anytime-valid,15172873,0.0434,0.0028815426424052795,0.03775217642088565,0.04904782357911435,0.995,712.0349912088234,2500,5000
Multivariate region null,Conventional,15172873,0.9586,0.0028173050952994064,0.9530780820132132,0.9641219179867868,0.995,712.0349912088234,2500,5000
Multivariate region null,Anytime-valid,15325747,0.0434,0.0028815426424052795,0.03775217642088565,0.04904782357911435,0.995,712.0349912088234,2500,5000
Multivariate region null,Conventional,15325747,0.9586,0.0028173050952994064,0.9530780820132132,0.9641219179867868,0.995,712.0349912088234,2500,5000
Multivariate region null,Anytime-valid,15480162,0.0434,0.0028815426424052795,0.03775217642088565,0.04904782357911435,0.995,712.0349912088234,2500,5000
Multivariate region null,Conventional,15480162,0.9586,0.0028173050952994064,0.9530780820132132,0.9641219179867868,0.995,712.0349912088234,2500,5000
Multivariate region null,Anytime-valid,15636132,0.0434,0.0028815426424052795,0.03775217642088565,0.04904782357911435,0.995,712.0349912088234,2500,5000
Multivariate region null,Conventional,15636132,0.959,0.0028042467794400705,0.9535036763122974,0.9644963236877026,0.995,712.0349912088234,2500,5000
Multivariate region null,Anytime-valid,15793674,0.0434,0.0028815426424052795,0.03775217642088565,0.04904782357911435,0.995,712.0349912088234,2500,5000
Multivariate region null,Conventional,15793674,0.959,0.0028042467794400705,0.9535036763122974,0.9644963236877026,0.995,712.0349912088234,2500,5000
Multivariate region null,Anytime-valid,15952804,0.0434,0.0028815426424052795,0.03775217642088565,0.04904782357911435,0.995,712.0349912088234,2500,5000
Multivariate region null,Conventional,15952804,0.9592,0.0027976904760891597,0.9537165266668653,0.9646834733331348,0.995,712.0349912088234,2500,5000
Multivariate region null,Anytime-valid,16113536,0.0434,0.0028815426424052795,0.03775217642088565,0.04904782357911435,0.995,712.0349912088234,2500,5000
Multivariate region null,Conventional,16113536,0.9592,0.0027976904760891597,0.9537165266668653,0.9646834733331348,0.995,712.0349912088234,2500,5000
Multivariate region null,Anytime-valid,16275888,0.0434,0.0028815426424052795,0.03775217642088565,0.04904782357911435,0.995,712.0349912088234,2500,5000
Multivariate region null,Conventional,16275888,0.9594,0.0027911159058699076,0.9539294128244951,0.964870587175505,0.995,712.0349912088234,2500,5000
Multivariate region null,Anytime-valid,16439876,0.0434,0.0028815426424052795,0.03775217642088565,0.04904782357911435,0.995,712.0349912088234,2500,5000
Multivariate region null,Conventional,16439876,0.9594,0.0027911159058699076,0.9539294128244951,0.964870587175505,0.995,712.0349912088234,2500,5000
Multivariate region null,Anytime-valid,16605516,0.0434,0.0028815426424052795,0.03775217642088565,0.04904782357911435,0.995,712.0349912088234,2500,5000
Multivariate region null,Conventional,16605516,0.9594,0.0027911159058699076,0.9539294128244951,0.964870587175505,0.995,712.0349912088234,2500,5000
Multivariate region null,Anytime-valid,16772825,0.0434,0.0028815426424052795,0.03775217642088565,0.04904782357911435,0.995,712.0349912088234,2500,5000
Multivariate region null,Conventional,16772825,0.9596,0.0027845229393919525,0.9541423350387918,0.9650576649612083,0.995,712.0349912088234,2500,5000
Multivariate region null,Anytime-valid,16941819,0.0434,0.0028815426424052795,0.03775217642088565,0.04904782357911435,0.995,712.0349912088234,2500,5000
Multivariate region null,Conventional,16941819,0.9596,0.0027845229393919525,0.9541423350387918,0.9650576649612083,0.995,712.0349912088234,2500,5000
Multivariate region null,Anytime-valid,17112517,0.0434,0.0028815426424052795,0.03775217642088565,0.04904782357911435,0.995,712.0349912088234,2500,5000
Multivariate region null,Conventional,17112517,0.9598,0.0027779114456728104,0.9543552935664813,0.9652447064335187,0.995,712.0349912088234,2500,5000
Multivariate region null,Anytime-valid,17284934,0.0434,0.0028815426424052795,0.03775217642088565,0.04904782357911435,0.995,712.0349912088234,2500,5000
Multivariate region null,Conventional,17284934,0.9598,0.0027779114456728104,0.9543552935664813,0.9652447064335187,0.995,712.0349912088234,2500,5000
Multivariate region null,Anytime-valid,17459088,0.0434,0.0028815426424052795,0.03775217642088565,0.04904782357911435,0.995,712.0349912088234,2500,5000
Multivariate region null,Conventional,17459088,0.96,0.002771281292110205,0.954568288667464,0.9654317113325359,0.995,712.0349912088234,2500,5000
Multivariate region null,Anytime-valid,17634998,0.0434,0.0028815426424052795,0.03775217642088565,0.04904782357911435,0.995,712.0349912088234,2500,5000
Multivariate region null,Conventional,17634998,0.96,0.002771281292110205,0.954568288667464,0.9654317113325359,0.995,712.0349912088234,2500,5000
Multivariate region null,Anytime-valid,17812679,0.0434,0.0028815426424052795,0.03775217642088565,0.04904782357911435,0.995,712.0349912088234,2500,5000
Multivariate region null,Conventional,17812679,0.96,0.002771281292110205,0.954568288667464,0.9654317113325359,0.995,712.0349912088234,2500,5000
Multivariate region null,Anytime-valid,17992151,0.0434,0.0028815426424052795,0.03775217642088565,0.04904782357911435,0.995,712.0349912088234,2500,5000
Multivariate region null,Conventional,17992151,0.96,0.002771281292110205,0.954568288667464,0.9654317113325359,0.995,712.0349912088234,2500,5000
Multivariate region null,Anytime-valid,18173431,0.0434,0.0028815426424052795,0.03775217642088565,0.04904782357911435,0.995,712.0349912088234,2500,5000
Multivariate region null,Conventional,18173431,0.96,0.002771281292110205,0.954568288667464,0.9654317113325359,0.995,712.0349912088234,2500,5000
Multivariate region null,Anytime-valid,18356537,0.0434,0.0028815426424052795,0.03775217642088565,0.04904782357911435,0.995,712.0349912088234,2500,5000
Multivariate region null,Conventional,18356537,0.96,0.002771281292110205,0.954568288667464,0.9654317113325359,0.995,712.0349912088234,2500,5000
Multivariate region null,Anytime-valid,18541488,0.0434,0.0028815426424052795,0.03775217642088565,0.04904782357911435,0.995,712.0349912088234,2500,5000
Multivariate region null,Conventional,18541488,0.96,0.002771281292110205,0.954568288667464,0.9654317113325359,0.995,712.0349912088234,2500,5000
Multivariate region null,Anytime-valid,18728303,0.0434,0.0028815426424052795,0.03775217642088565,0.04904782357911435,0.995,712.0349912088234,2500,5000
Multivariate region null,Conventional,18728303,0.96,0.002771281292110205,0.954568288667464,0.9654317113325359,0.995,712.0349912088234,2500,5000
Multivariate region null,Anytime-valid,18917000,0.0434,0.0028815426424052795,0.03775217642088565,0.04904782357911435,0.995,712.0349912088234,2500,5000
Multivariate region null,Conventional,18917000,0.9602,0.0027646323444537775,0.9547813206048706,0.9656186793951295,0.995,712.0349912088234,2500,5000
Multivariate region null,Anytime-valid,19107599,0.0434,0.0028815426424052795,0.03775217642088565,0.04904782357911435,0.995,712.0349912088234,2500,5000
Multivariate region null,Conventional,19107599,0.9602,0.0027646323444537775,0.9547813206048706,0.9656186793951295,0.995,712.0349912088234,2500,5000
Multivariate region null,Anytime-valid,19300117,0.0434,0.0028815426424052795,0.03775217642088565,0.04904782357911435,0.995,712.0349912088234,2500,5000
Multivariate region null,Conventional,19300117,0.9602,0.0027646323444537775,0.9547813206048706,0.9656186793951295,0.995,712.0349912088234,2500,5000
Multivariate region null,Anytime-valid,19494576,0.0434,0.0028815426424052795,0.03775217642088565,0.04904782357911435,0.995,712.0349912088234,2500,5000
Multivariate region null,Conventional,19494576,0.9602,0.0027646323444537775,0.9547813206048706,0.9656186793951295,0.995,712.0349912088234,2500,5000
Multivariate region null,Anytime-valid,19690993,0.0434,0.0028815426424052795,0.03775217642088565,0.04904782357911435,0.995,712.0349912088234,2500,5000
Multivariate region null,Conventional,19690993,0.9604,0.0027579644667761753,0.9549943896451187,0.9658056103548813,0.995,712.0349912088234,2500,5000
Multivariate region null,Anytime-valid,19889390,0.0434,0.0028815426424052795,0.03775217642088565,0.04904782357911435,0.995,712.0349912088234,2500,5000
Multivariate region null,Conventional,19889390,0.9604,0.0027579644667761753,0.9549943896451187,0.9658056103548813,0.995,712.0349912088234,2500,5000
Multivariate region null,Anytime-valid,20089786,0.0434,0.0028815426424052795,0.03775217642088565,0.04904782357911435,0.995,712.0349912088234,2500,5000
Multivariate region null,Conventional,20089786,0.9604,0.0027579644667761753,0.9549943896451187,0.9658056103548813,0.995,712.0349912088234,2500,5000
Multivariate region null,Anytime-valid,20292200,0.0434,0.0028815426424052795,0.03775217642088565,0.04904782357911435,0.995,712.0349912088234,2500,5000
Multivariate region null,Conventional,20292200,0.9604,0.0027579644667761753,0.9549943896451187,0.9658056103548813,0.995,712.0349912088234,2500,5000
Multivariate region null,Anytime-valid,20496654,0.0434,0.0028815426424052795,0.03775217642088565,0.04904782357911435,0.995,712.0349912088234,2500,5000
Multivariate region null,Conventional,20496654,0.9604,0.0027579644667761753,0.9549943896451187,0.9658056103548813,0.995,712.0349912088234,2500,5000
Multivariate region null,Anytime-valid,20703169,0.0434,0.0028815426424052795,0.03775217642088565,0.04904782357911435,0.995,712.0349912088234,2500,5000
Multivariate region null,Conventional,20703169,0.9606,0.002751277521443447,0.9552074960579708,0.9659925039420292,0.995,712.0349912088234,2500,5000
Multivariate region null,Anytime-valid,20911763,0.0434,0.0028815426424052795,0.03775217642088565,0.04904782357911435,0.995,712.0349912088234,2500,5000
Multivariate region null,Conventional,20911763,0.9606,0.002751277521443447,0.9552074960579708,0.9659925039420292,0.995,712.0349912088234,2500,5000
Multivariate region null,Anytime-valid,21122460,0.0434,0.0028815426424052795,0.03775217642088565,0.04904782357911435,0.995,712.0349912088234,2500,5000
Multivariate region null,Conventional,21122460,0.9606,0.002751277521443447,0.9552074960579708,0.9659925039420292,0.995,712.0349912088234,2500,5000
Multivariate region null,Anytime-valid,21335279,0.0434,0.0028815426424052795,0.03775217642088565,0.04904782357911435,0.995,712.0349912088234,2500,5000
Multivariate region null,Conventional,21335279,0.9608,0.0027445713690847982,0.9554206401165938,0.9661793598834062,0.995,712.0349912088234,2500,5000
Multivariate region null,Anytime-valid,21550243,0.0434,0.0028815426424052795,0.03775217642088565,0.04904782357911435,0.995,712.0349912088234,2500,5000
Multivariate region null,Conventional,21550243,0.9608,0.0027445713690847982,0.9554206401165938,0.9661793598834062,0.995,712.0349912088234,2500,5000
Multivariate region null,Anytime-valid,21767373,0.0434,0.0028815426424052795,0.03775217642088565,0.04904782357911435,0.995,712.0349912088234,2500,5000
Multivariate region null,Conventional,21767373,0.9608,0.0027445713690847982,0.9554206401165938,0.9661793598834062,0.995,712.0349912088234,2500,5000
Multivariate region null,Anytime-valid,21986690,0.0434,0.0028815426424052795,0.03775217642088565,0.04904782357911435,0.995,712.0349912088234,2500,5000
Multivariate region null,Conventional,21986690,0.961,0.0027378458685616337,0.9556338220976192,0.9663661779023808,0.995,712.0349912088234,2500,5000
Multivariate region null,Anytime-valid,22208217,0.0434,0.0028815426424052795,0.03775217642088565,0.04904782357911435,0.995,712.0349912088234,2500,5000
Multivariate region null,Conventional,22208217,0.961,0.0027378458685616337,0.9556338220976192,0.9663661779023808,0.995,712.0349912088234,2500,5000
Multivariate region null,Anytime-valid,22431976,0.0434,0.0028815426424052795,0.03775217642088565,0.04904782357911435,0.995,712.0349912088234,2500,5000
Multivariate region null,Conventional,22431976,0.961,0.0027378458685616337,0.9556338220976192,0.9663661779023808,0.995,712.0349912088234,2500,5000
Multivariate region null,Anytime-valid,22657989,0.0434,0.0028815426424052795,0.03775217642088565,0.04904782357911435,0.995,712.0349912088234,2500,5000
Multivariate region null,Conventional,22657989,0.961,0.0027378458685616337,0.9556338220976192,0.9663661779023808,0.995,712.0349912088234,2500,5000
Multivariate region null,Anytime-valid,22886280,0.0434,0.0028815426424052795,0.03775217642088565,0.04904782357911435,0.995,712.0349912088234,2500,5000
Multivariate region null,Conventional,22886280,0.961,0.0027378458685616337,0.9556338220976192,0.9663661779023808,0.995,712.0349912088234,2500,5000
Multivariate region null,Anytime-valid,23116871,0.0434,0.0028815426424052795,0.03775217642088565,0.04904782357911435,0.995,712.0349912088234,2500,5000
Multivariate region null,Conventional,23116871,0.961,0.0027378458685616337,0.9556338220976192,0.9663661779023808,0.995,712.0349912088234,2500,5000
Multivariate region null,Anytime-valid,23349785,0.0434,0.0028815426424052795,0.03775217642088565,0.04904782357911435,0.995,712.0349912088234,2500,5000
Multivariate region null,Conventional,23349785,0.9612,0.0027311008769358904,0.9558470422812058,0.9665529577187943,0.995,712.0349912088234,2500,5000
Multivariate region null,Anytime-valid,23585046,0.0434,0.0028815426424052795,0.03775217642088565,0.04904782357911435,0.995,712.0349912088234,2500,5000
Multivariate region null,Conventional,23585046,0.9612,0.0027311008769358904,0.9558470422812058,0.9665529577187943,0.995,712.0349912088234,2500,5000
Multivariate region null,Anytime-valid,23822677,0.0434,0.0028815426424052795,0.03775217642088565,0.04904782357911435,0.995,712.0349912088234,2500,5000
Multivariate region null,Conventional,23822677,0.9612,0.0027311008769358904,0.9558470422812058,0.9665529577187943,0.995,712.0349912088234,2500,5000
Multivariate region null,Anytime-valid,24062702,0.0434,0.0028815426424052795,0.03775217642088565,0.04904782357911435,0.995,712.0349912088234,2500,5000
Multivariate region null,Conventional,24062702,0.9614,0.0027243362494376484,0.9560603009511023,0.9667396990488978,0.995,712.0349912088234,2500,5000
Multivariate region null,Anytime-valid,24305146,0.0434,0.0028815426424052795,0.03775217642088565,0.04904782357911435,0.995,712.0349912088234,2500,5000
Multivariate region null,Conventional,24305146,0.9618,0.002710747498384902,0.9564869349031656,0.9671130650968344,0.995,712.0349912088234,2500,5000
Multivariate region null,Anytime-valid,24550033,0.0434,0.0028815426424052795,0.03775217642088565,0.04904782357911435,0.995,712.0349912088234,2500,5000
Multivariate region null,Conventional,24550033,0.9622,0.002697078419327104,0.9569137262981189,0.9674862737018812,0.995,712.0349912088234,2500,5000
Multivariate region null,Anytime-valid,24797387,0.0434,0.0028815426424052795,0.03775217642088565,0.04904782357911435,0.995,712.0349912088234,2500,5000
Multivariate region null,Conventional,24797387,0.9622,0.002697078419327104,0.9569137262981189,0.9674862737018812,0.995,712.0349912088234,2500,5000
Multivariate region null,Anytime-valid,25047233,0.0434,0.0028815426424052795,0.03775217642088565,0.04904782357911435,0.995,712.0349912088234,2500,5000
Multivariate region null,Conventional,25047233,0.9622,0.002697078419327104,0.9569137262981189,0.9674862737018812,0.995,712.0349912088234,2500,5000
Multivariate region null,Anytime-valid,25299596,0.0434,0.0028815426424052795,0.03775217642088565,0.04904782357911435,0.995,712.0349912088234,2500,5000
Multivariate region null,Conventional,25299596,0.9622,0.002697078419327104,0.9569137262981189,0.9674862737018812,0.995,712.0349912088234,2500,5000
Multivariate region null,Anytime-valid,25554502,0.0434,0.0028815426424052795,0.03775217642088565,0.04904782357911435,0.995,712.0349912088234,2500,5000
Multivariate region null,Conventional,25554502,0.9622,0.002697078419327104,0.9569137262981189,0.9674862737018812,0.995,712.0349912088234,2500,5000
Multivariate region null,Anytime-valid,25811977,0.0434,0.0028815426424052795,0.03775217642088565,0.04904782357911435,0.995,712.0349912088234,2500,5000
Multivariate region null,Conventional,25811977,0.9622,0.002697078419327104,0.9569137262981189,0.9674862737018812,0.995,712.0349912088234,2500,5000
Multivariate region null,Anytime-valid,26072045,0.0434,0.0028815426424052795,0.03775217642088565,0.04904782357911435,0.995,712.0349912088234,2500,5000
Multivariate region null,Conventional,26072045,0.9622,0.002697078419327104,0.9569137262981189,0.9674862737018812,0.995,712.0349912088234,2500,5000
Multivariate region null,Anytime-valid,26334734,0.0434,0.0028815426424052795,0.03775217642088565,0.04904782357911435,0.995,712.0349912088234,2500,5000
Multivariate region null,Conventional,26334734,0.9622,0.002697078419327104,0.9569137262981189,0.9674862737018812,0.995,712.0349912088234,2500,5000
Multivariate region null,Anytime-valid,26600070,0.0434,0.0028815426424052795,0.03775217642088565,0.04904782357911435,0.995,712.0349912088234,2500,5000
Multivariate region null,Conventional,26600070,0.9622,0.002697078419327104,0.9569137262981189,0.9674862737018812,0.995,712.0349912088234,2500,5000
Multivariate region null,Anytime-valid,26868079,0.0434,0.0028815426424052795,0.03775217642088565,0.04904782357911435,0.995,712.0349912088234,2500,5000
Multivariate region null,Conventional,26868079,0.9622,0.002697078419327104,0.9569137262981189,0.9674862737018812,0.995,712.0349912088234,2500,5000
Multivariate region null,Anytime-valid,27138789,0.0434,0.0028815426424052795,0.03775217642088565,0.04904782357911435,0.995,712.0349912088234,2500,5000
Multivariate region null,Conventional,27138789,0.9622,0.002697078419327104,0.9569137262981189,0.9674862737018812,0.995,712.0349912088234,2500,5000
Multivariate region null,Anytime-valid,27412226,0.0434,0.0028815426424052795,0.03775217642088565,0.04904782357911435,0.995,712.0349912088234,2500,5000
Multivariate region null,Conventional,27412226,0.9622,0.002697078419327104,0.9569137262981189,0.9674862737018812,0.995,712.0349912088234,2500,5000
Multivariate region null,Anytime-valid,27688418,0.0434,0.0028815426424052795,0.03775217642088565,0.04904782357911435,0.995,712.0349912088234,2500,5000
Multivariate region null,Conventional,27688418,0.9622,0.002697078419327104,0.9569137262981189,0.9674862737018812,0.995,712.0349912088234,2500,5000
Multivariate region null,Anytime-valid,27967392,0.0434,0.0028815426424052795,0.03775217642088565,0.04904782357911435,0.995,712.0349912088234,2500,5000
Multivariate region null,Conventional,27967392,0.9622,0.002697078419327104,0.9569137262981189,0.9674862737018812,0.995,712.0349912088234,2500,5000
Multivariate region null,Anytime-valid,28249178,0.0434,0.0028815426424052795,0.03775217642088565,0.04904782357911435,0.995,712.0349912088234,2500,5000
Multivariate region null,Conventional,28249178,0.9622,0.002697078419327104,0.9569137262981189,0.9674862737018812,0.995,712.0349912088234,2500,5000
Multivariate region null,Anytime-valid,28533803,0.0434,0.0028815426424052795,0.03775217642088565,0.04904782357911435,0.995,712.0349912088234,2500,5000
Multivariate region null,Conventional,28533803,0.9622,0.002697078419327104,0.9569137262981189,0.9674862737018812,0.995,712.0349912088234,2500,5000
Multivariate region null,Anytime-valid,28821295,0.0434,0.0028815426424052795,0.03775217642088565,0.04904782357911435,0.995,712.0349912088234,2500,5000
Multivariate region null,Conventional,28821295,0.9622,0.002697078419327104,0.9569137262981189,0.9674862737018812,0.995,712.0349912088234,2500,5000
Multivariate region null,Anytime-valid,29111684,0.0434,0.0028815426424052795,0.03775217642088565,0.04904782357911435,0.995,712.0349912088234,2500,5000
Multivariate region null,Conventional,29111684,0.9622,0.002697078419327104,0.9569137262981189,0.9674862737018812,0.995,712.0349912088234,2500,5000
Multivariate region null,Anytime-valid,29404999,0.0434,0.0028815426424052795,0.03775217642088565,0.04904782357911435,0.995,712.0349912088234,2500,5000
Multivariate region null,Conventional,29404999,0.9624,0.0026902133744370524,0.9571271817861035,0.9676728182138966,0.995,712.0349912088234,2500,5000
Multivariate region null,Anytime-valid,29701269,0.0434,0.0028815426424052795,0.03775217642088565,0.04904782357911435,0.995,712.0349912088234,2500,5000
Multivariate region null,Conventional,29701269,0.9624,0.0026902133744370524,0.9571271817861035,0.9676728182138966,0.995,712.0349912088234,2500,5000
Multivariate region null,Anytime-valid,30000524,0.0434,0.0028815426424052795,0.03775217642088565,0.04904782357911435,0.995,712.0349912088234,2500,5000
Multivariate region null,Conventional,30000524,0.9624,0.0026902133744370524,0.9571271817861035,0.9676728182138966,0.995,712.0349912088234,2500,5000
Multivariate region null,Anytime-valid,30302795,0.0434,0.0028815426424052795,0.03775217642088565,0.04904782357911435,0.995,712.0349912088234,2500,5000
Multivariate region null,Conventional,30302795,0.9624,0.0026902133744370524,0.9571271817861035,0.9676728182138966,0.995,712.0349912088234,2500,5000
Multivariate region null,Anytime-valid,30608111,0.0434,0.0028815426424052795,0.03775217642088565,0.04904782357911435,0.995,712.0349912088234,2500,5000
Multivariate region null,Conventional,30608111,0.9624,0.0026902133744370524,0.9571271817861035,0.9676728182138966,0.995,712.0349912088234,2500,5000
Multivariate region null,Anytime-valid,30916503,0.0434,0.0028815426424052795,0.03775217642088565,0.04904782357911435,0.995,712.0349912088234,2500,5000
Multivariate region null,Conventional,30916503,0.9624,0.0026902133744370524,0.9571271817861035,0.9676728182138966,0.995,712.0349912088234,2500,5000
Multivariate region null,Anytime-valid,31228002,0.0434,0.0028815426424052795,0.03775217642088565,0.04904782357911435,0.995,712.0349912088234,2500,5000
Multivariate region null,Conventional,31228002,0.9624,0.0026902133744370524,0.9571271817861035,0.9676728182138966,0.995,712.0349912088234,2500,5000
Multivariate region null,Anytime-valid,31542640,0.0434,0.0028815426424052795,0.03775217642088565,0.04904782357911435,0.995,712.0349912088234,2500,5000
Multivariate region null,Conventional,31542640,0.9624,0.0026902133744370524,0.9571271817861035,0.9676728182138966,0.995,712.0349912088234,2500,5000
Multivariate region null,Anytime-valid,31860448,0.0434,0.0028815426424052795,0.03775217642088565,0.04904782357911435,0.995,712.0349912088234,2500,5000
Multivariate region null,Conventional,31860448,0.9624,0.0026902133744370524,0.9571271817861035,0.9676728182138966,0.995,712.0349912088234,2500,5000
Multivariate region null,Anytime-valid,32181458,0.0434,0.0028815426424052795,0.03775217642088565,0.04904782357911435,0.995,712.0349912088234,2500,5000
Multivariate region null,Conventional,32181458,0.9624,0.0026902133744370524,0.9571271817861035,0.9676728182138966,0.995,712.0349912088234,2500,5000
Multivariate region null,Anytime-valid,32505702,0.0434,0.0028815426424052795,0.03775217642088565,0.04904782357911435,0.995,712.0349912088234,2500,5000
Multivariate region null,Conventional,32505702,0.9626,0.002683327784673352,0.9573406775420402,0.9678593224579598,0.995,712.0349912088234,2500,5000
Multivariate region null,Anytime-valid,32833213,0.0434,0.0028815426424052795,0.03775217642088565,0.04904782357911435,0.995,712.0349912088234,2500,5000
Multivariate region null,Conventional,32833213,0.9626,0.002683327784673352,0.9573406775420402,0.9678593224579598,0.995,712.0349912088234,2500,5000
Multivariate region null,Anytime-valid,33164025,0.0434,0.0028815426424052795,0.03775217642088565,0.04904782357911435,0.995,712.0349912088234,2500,5000
Multivariate region null,Conventional,33164025,0.9628,0.0026764214914695335,0.9575542138767197,0.9680457861232803,0.995,712.0349912088234,2500,5000
Multivariate region null,Anytime-valid,33498169,0.0434,0.0028815426424052795,0.03775217642088565,0.04904782357911435,0.995,712.0349912088234,2500,5000
Multivariate region null,Conventional,33498169,0.9628,0.0026764214914695335,0.9575542138767197,0.9680457861232803,0.995,712.0349912088234,2500,5000
Multivariate region null,Anytime-valid,33835680,0.0434,0.0028815426424052795,0.03775217642088565,0.04904782357911435,0.995,712.0349912088234,2500,5000
Multivariate region null,Conventional,33835680,0.9628,0.0026764214914695335,0.9575542138767197,0.9680457861232803,0.995,712.0349912088234,2500,5000
Multivariate region null,Anytime-valid,34176591,0.0434,0.0028815426424052795,0.03775217642088565,0.04904782357911435,0.995,712.0349912088234,2500,5000
Multivariate region null,Conventional,34176591,0.9628,0.0026764214914695335,0.9575542138767197,0.9680457861232803,0.995,712.0349912088234,2500,5000
Multivariate region null,Anytime-valid,34520938,0.0434,0.0028815426424052795,0.03775217642088565,0.04904782357911435,0.995,712.0349912088234,2500,5000
Multivariate region null,Conventional,34520938,0.9628,0.0026764214914695335,0.9575542138767197,0.9680457861232803,0.995,712.0349912088234,2500,5000
Multivariate region null,Anytime-valid,34868753,0.0434,0.0028815426424052795,0.03775217642088565,0.04904782357911435,0.995,712.0349912088234,2500,5000
Multivariate region null,Conventional,34868753,0.9628,0.0026764214914695335,0.9575542138767197,0.9680457861232803,0.995,712.0349912088234,2500,5000
Multivariate region null,Anytime-valid,35220074,0.0434,0.0028815426424052795,0.03775217642088565,0.04904782357911435,0.995,712.0349912088234,2500,5000
Multivariate region null,Conventional,35220074,0.963,0.0026694943341389592,0.9577677911050876,0.9682322088949123,0.995,712.0349912088234,2500,5000
Multivariate region null,Anytime-valid,35574934,0.0434,0.0028815426424052795,0.03775217642088565,0.04904782357911435,0.995,712.0349912088234,2500,5000
Multivariate region null,Conventional,35574934,0.963,0.0026694943341389592,0.9577677911050876,0.9682322088949123,0.995,712.0349912088234,2500,5000
Multivariate region null,Anytime-valid,35933369,0.0434,0.0028815426424052795,0.03775217642088565,0.04904782357911435,0.995,712.0349912088234,2500,5000
Multivariate region null,Conventional,35933369,0.9632,0.0026625461498347796,0.9579814095463238,0.9684185904536761,0.995,712.0349912088234,2500,5000
Multivariate region null,Anytime-valid,36295416,0.0434,0.0028815426424052795,0.03775217642088565,0.04904782357911435,0.995,712.0349912088234,2500,5000
Multivariate region null,Conventional,36295416,0.9632,0.0026625461498347796,0.9579814095463238,0.9684185904536761,0.995,712.0349912088234,2500,5000
Multivariate region null,Anytime-valid,36661110,0.0434,0.0028815426424052795,0.03775217642088565,0.04904782357911435,0.995,712.0349912088234,2500,5000
Multivariate region null,Conventional,36661110,0.9632,0.0026625461498347796,0.9579814095463238,0.9684185904536761,0.995,712.0349912088234,2500,5000
Multivariate region null,Anytime-valid,37030489,0.0434,0.0028815426424052795,0.03775217642088565,0.04904782357911435,0.995,712.0349912088234,2500,5000
Multivariate region null,Conventional,37030489,0.9632,0.0026625461498347796,0.9579814095463238,0.9684185904536761,0.995,712.0349912088234,2500,5000
Multivariate region null,Anytime-valid,37403590,0.0434,0.0028815426424052795,0.03775217642088565,0.04904782357911435,0.995,712.0349912088234,2500,5000
Multivariate region null,Conventional,37403590,0.9632,0.0026625461498347796,0.9579814095463238,0.9684185904536761,0.995,712.0349912088234,2500,5000
Multivariate region null,Anytime-valid,37780450,0.0434,0.0028815426424052795,0.03775217642088565,0.04904782357911435,0.995,712.0349912088234,2500,5000
Multivariate region null,Conventional,37780450,0.9632,0.0026625461498347796,0.9579814095463238,0.9684185904536761,0.995,712.0349912088234,2500,5000
Multivariate region null,Anytime-valid,38161107,0.0434,0.0028815426424052795,0.03775217642088565,0.04904782357911435,0.995,712.0349912088234,2500,5000
Multivariate region null,Conventional,38161107,0.9632,0.0026625461498347796,0.9579814095463238,0.9684185904536761,0.995,712.0349912088234,2500,5000
Multivariate region null,Anytime-valid,38545600,0.0434,0.0028815426424052795,0.03775217642088565,0.04904782357911435,0.995,712.0349912088234,2500,5000
Multivariate region null,Conventional,38545600,0.9632,0.0026625461498347796,0.9579814095463238,0.9684185904536761,0.995,712.0349912088234,2500,5000
Multivariate region null,Anytime-valid,38933966,0.0434,0.0028815426424052795,0.03775217642088565,0.04904782357911435,0.995,712.0349912088234,2500,5000
Multivariate region null,Conventional,38933966,0.9632,0.0026625461498347796,0.9579814095463238,0.9684185904536761,0.995,712.0349912088234,2500,5000
Multivariate region null,Anytime-valid,39326245,0.0434,0.0028815426424052795,0.03775217642088565,0.04904782357911435,0.995,712.0349912088234,2500,5000
Multivariate region null,Conventional,39326245,0.9632,0.0026625461498347796,0.9579814095463238,0.9684185904536761,0.995,712.0349912088234,2500,5000
Multivariate region null,Anytime-valid,39722477,0.0434,0.0028815426424052795,0.03775217642088565,0.04904782357911435,0.995,712.0349912088234,2500,5000
Multivariate region null,Conventional,39722477,0.9636,0.0026485860378700175,0.9584087713657747,0.9687912286342253,0.995,712.0349912088234,2500,5000
Multivariate region null,Anytime-valid,40122701,0.0434,0.0028815426424052795,0.03775217642088565,0.04904782357911435,0.995,712.0349912088234,2500,5000
Multivariate region null,Conventional,40122701,0.9636,0.0026485860378700175,0.9584087713657747,0.9687912286342253,0.995,712.0349912088234,2500,5000
Multivariate region null,Anytime-valid,40526957,0.0434,0.0028815426424052795,0.03775217642088565,0.04904782357911435,0.995,712.0349912088234,2500,5000
Multivariate region null,Conventional,40526957,0.9636,0.0026485860378700175,0.9584087713657747,0.9687912286342253,0.995,712.0349912088234,2500,5000
Multivariate region null,Anytime-valid,40935287,0.0434,0.0028815426424052795,0.03775217642088565,0.04904782357911435,0.995,712.0349912088234,2500,5000
Multivariate region null,Conventional,40935287,0.9636,0.0026485860378700175,0.9584087713657747,0.9687912286342253,0.995,712.0349912088234,2500,5000
Multivariate region null,Anytime-valid,41347730,0.0434,0.0028815426424052795,0.03775217642088565,0.04904782357911435,0.995,712.0349912088234,2500,5000
Multivariate region null,Conventional,41347730,0.9636,0.0026485860378700175,0.9584087713657747,0.9687912286342253,0.995,712.0349912088234,2500,5000
Multivariate region null,Anytime-valid,41764330,0.0434,0.0028815426424052795,0.03775217642088565,0.04904782357911435,0.995,712.0349912088234,2500,5000
Multivariate region null,Conventional,41764330,0.9636,0.0026485860378700175,0.9584087713657747,0.9687912286342253,0.995,712.0349912088234,2500,5000
Multivariate region null,Anytime-valid,42185126,0.0434,0.0028815426424052795,0.03775217642088565,0.04904782357911435,0.995,712.0349912088234,2500,5000
Multivariate region null,Conventional,42185126,0.9638,0.0026415737733404307,0.9586225154042527,0.9689774845957473,0.995,712.0349912088234,2500,5000
Multivariate region null,Anytime-valid,42610163,0.0434,0.0028815426424052795,0.03775217642088565,0.04904782357911435,0.995,712.0349912088234,2500,5000
Multivariate region null,Conventional,42610163,0.964,0.002634539808012019,0.9588363019762964,0.9691636980237035,0.995,712.0349912088234,2500,5000
Multivariate region null,Anytime-valid,43039481,0.0434,0.0028815426424052795,0.03775217642088565,0.04904782357911435,0.995,712.0349912088234,2500,5000
Multivariate region null,Conventional,43039481,0.964,0.002634539808012019,0.9588363019762964,0.9691636980237035,0.995,712.0349912088234,2500,5000
Multivariate region null,Anytime-valid,43473126,0.0434,0.0028815426424052795,0.03775217642088565,0.04904782357911435,0.995,712.0349912088234,2500,5000
Multivariate region null,Conventional,43473126,0.964,0.002634539808012019,0.9588363019762964,0.9691636980237035,0.995,712.0349912088234,2500,5000
Multivariate region null,Anytime-valid,43911139,0.0434,0.0028815426424052795,0.03775217642088565,0.04904782357911435,0.995,712.0349912088234,2500,5000
Multivariate region null,Conventional,43911139,0.964,0.002634539808012019,0.9588363019762964,0.9691636980237035,0.995,712.0349912088234,2500,5000
Multivariate region null,Anytime-valid,44353566,0.0434,0.0028815426424052795,0.03775217642088565,0.04904782357911435,0.995,712.0349912088234,2500,5000
Multivariate region null,Conventional,44353566,0.9642,0.0026274839676009463,0.959050131423502,0.9693498685764979,0.995,712.0349912088234,2500,5000
Multivariate region null,Anytime-valid,44800451,0.0434,0.0028815426424052795,0.03775217642088565,0.04904782357911435,0.995,712.0349912088234,2500,5000
Multivariate region null,Conventional,44800451,0.9642,0.0026274839676009463,0.959050131423502,0.9693498685764979,0.995,712.0349912088234,2500,5000
Multivariate region null,Anytime-valid,45251838,0.0434,0.0028815426424052795,0.03775217642088565,0.04904782357911435,0.995,712.0349912088234,2500,5000
Multivariate region null,Conventional,45251838,0.9644,0.0026204060754012907,0.9592640040922135,0.9695359959077866,0.995,712.0349912088234,2500,5000
Multivariate region null,Anytime-valid,45707773,0.0434,0.0028815426424052795,0.03775217642088565,0.04904782357911435,0.995,712.0349912088234,2500,5000
Multivariate region null,Conventional,45707773,0.9644,0.0026204060754012907,0.9592640040922135,0.9695359959077866,0.995,712.0349912088234,2500,5000
Multivariate region null,Anytime-valid,46168302,0.0434,0.0028815426424052795,0.03775217642088565,0.04904782357911435,0.995,712.0349912088234,2500,5000
Multivariate region null,Conventional,46168302,0.9644,0.0026204060754012907,0.9592640040922135,0.9695359959077866,0.995,712.0349912088234,2500,5000
Multivariate region null,Anytime-valid,46633471,0.0434,0.0028815426424052795,0.03775217642088565,0.04904782357911435,0.995,712.0349912088234,2500,5000
Multivariate region null,Conventional,46633471,0.9644,0.0026204060754012907,0.9592640040922135,0.9695359959077866,0.995,712.0349912088234,2500,5000
Multivariate region null,Anytime-valid,47103326,0.0434,0.0028815426424052795,0.03775217642088565,0.04904782357911435,0.995,712.0349912088234,2500,5000
Multivariate region null,Conventional,47103326,0.9644,0.0026204060754012907,0.9592640040922135,0.9695359959077866,0.995,712.0349912088234,2500,5000
Multivariate region null,Anytime-valid,47577916,0.0434,0.0028815426424052795,0.03775217642088565,0.04904782357911435,0.995,712.0349912088234,2500,5000
Multivariate region null,Conventional,47577916,0.9644,0.0026204060754012907,0.9592640040922135,0.9695359959077866,0.995,712.0349912088234,2500,5000
Multivariate region null,Anytime-valid,48057287,0.0434,0.0028815426424052795,0.03775217642088565,0.04904782357911435,0.995,712.0349912088234,2500,5000
Multivariate region null,Conventional,48057287,0.9644,0.0026204060754012907,0.9592640040922135,0.9695359959077866,0.995,712.0349912088234,2500,5000
Multivariate region null,Anytime-valid,48541489,0.0434,0.0028815426424052795,0.03775217642088565,0.04904782357911435,0.995,712.0349912088234,2500,5000
Multivariate region null,Conventional,48541489,0.9644,0.0026204060754012907,0.9592640040922135,0.9695359959077866,0.995,712.0349912088234,2500,5000
Multivariate region null,Anytime-valid,49030569,0.0434,0.0028815426424052795,0.03775217642088565,0.04904782357911435,0.995,712.0349912088234,2500,5000
Multivariate region null,Conventional,49030569,0.9648,0.00260618341641566,0.9596918805038253,0.9699081194961747,0.995,712.0349912088234,2500,5000
Multivariate region null,Anytime-valid,49524576,0.0434,0.0028815426424052795,0.03775217642088565,0.04904782357911435,0.995,712.0349912088234,2500,5000
Multivariate region null,Conventional,49524576,0.9648,0.00260618341641566,0.9596918805038253,0.9699081194961747,0.995,712.0349912088234,2500,5000
Multivariate region null,Anytime-valid,50023561,0.0434,0.0028815426424052795,0.03775217642088565,0.04904782357911435,0.995,712.0349912088234,2500,5000
Multivariate region null,Conventional,50023561,0.9648,0.00260618341641566,0.9596918805038253,0.9699081194961747,0.995,712.0349912088234,2500,5000
Multivariate region null,Anytime-valid,50527574,0.0434,0.0028815426424052795,0.03775217642088565,0.04904782357911435,0.995,712.0349912088234,2500,5000
Multivariate region null,Conventional,50527574,0.965,0.0025990382836734065,0.9599058849640001,0.9700941150359998,0.995,712.0349912088234,2500,5000
Multivariate region null,Anytime-valid,51036665,0.0434,0.0028815426424052795,0.03775217642088565,0.04904782357911435,0.995,712.0349912088234,2500,5000
Multivariate region null,Conventional,51036665,0.965,0.0025990382836734065,0.9599058849640001,0.9700941150359998,0.995,712.0349912088234,2500,5000
Multivariate region null,Anytime-valid,51550885,0.0434,0.0028815426424052795,0.03775217642088565,0.04904782357911435,0.995,712.0349912088234,2500,5000
Multivariate region null,Conventional,51550885,0.965,0.0025990382836734065,0.9599058849640001,0.9700941150359998,0.995,712.0349912088234,2500,5000
Multivariate region null,Anytime-valid,52070286,0.0434,0.0028815426424052795,0.03775217642088565,0.04904782357911435,0.995,712.0349912088234,2500,5000
Multivariate region null,Conventional,52070286,0.965,0.0025990382836734065,0.9599058849640001,0.9700941150359998,0.995,712.0349912088234,2500,5000
Multivariate region null,Anytime-valid,52594920,0.0434,0.0028815426424052795,0.03775217642088565,0.04904782357911435,0.995,712.0349912088234,2500,5000
Multivariate region null,Conventional,52594920,0.965,0.0025990382836734065,0.9599058849640001,0.9700941150359998,0.995,712.0349912088234,2500,5000
Multivariate region null,Anytime-valid,53124840,0.0434,0.0028815426424052795,0.03775217642088565,0.04904782357911435,0.995,712.0349912088234,2500,5000
Multivariate region null,Conventional,53124840,0.965,0.0025990382836734065,0.9599058849640001,0.9700941150359998,0.995,712.0349912088234,2500,5000
Multivariate region null,Anytime-valid,53660100,0.0434,0.0028815426424052795,0.03775217642088565,0.04904782357911435,0.995,712.0349912088234,2500,5000
Multivariate region null,Conventional,53660100,0.965,0.0025990382836734065,0.9599058849640001,0.9700941150359998,0.995,712.0349912088234,2500,5000
Multivariate region null,Anytime-valid,54200752,0.0434,0.0028815426424052795,0.03775217642088565,0.04904782357911435,0.995,712.0349912088234,2500,5000
Multivariate region null,Conventional,54200752,0.965,0.0025990382836734065,0.9599058849640001,0.9700941150359998,0.995,712.0349912088234,2500,5000
Multivariate region null,Anytime-valid,54746852,0.0434,0.0028815426424052795,0.03775217642088565,0.04904782357911435,0.995,712.0349912088234,2500,5000
Multivariate region null,Conventional,54746852,0.965,0.0025990382836734065,0.9599058849640001,0.9700941150359998,0.995,712.0349912088234,2500,5000
Multivariate region null,Anytime-valid,55298454,0.0434,0.0028815426424052795,0.03775217642088565,0.04904782357911435,0.995,712.0349912088234,2500,5000
Multivariate region null,Conventional,55298454,0.965,0.0025990382836734065,0.9599058849640001,0.9700941150359998,0.995,712.0349912088234,2500,5000
Multivariate region null,Anytime-valid,55855614,0.0434,0.0028815426424052795,0.03775217642088565,0.04904782357911435,0.995,712.0349912088234,2500,5000
Multivariate region null,Conventional,55855614,0.965,0.0025990382836734065,0.9599058849640001,0.9700941150359998,0.995,712.0349912088234,2500,5000
Multivariate region null,Anytime-valid,56418388,0.0434,0.0028815426424052795,0.03775217642088565,0.04904782357911435,0.995,712.0349912088234,2500,5000
Multivariate region null,Conventional,56418388,0.9654,0.002584679477227301,0.9603340282246345,0.9704659717753655,0.995,712.0349912088234,2500,5000
Multivariate region null,Anytime-valid,56986831,0.0434,0.0028815426424052795,0.03775217642088565,0.04904782357911435,0.995,712.0349912088234,2500,5000
Multivariate region null,Conventional,56986831,0.9654,0.002584679477227301,0.9603340282246345,0.9704659717753655,0.995,712.0349912088234,2500,5000
Multivariate region null,Anytime-valid,57561002,0.0434,0.0028815426424052795,0.03775217642088565,0.04904782357911435,0.995,712.0349912088234,2500,5000
Multivariate region null,Conventional,57561002,0.9654,0.002584679477227301,0.9603340282246345,0.9704659717753655,0.995,712.0349912088234,2500,5000
Multivariate region null,Anytime-valid,58140958,0.0434,0.0028815426424052795,0.03775217642088565,0.04904782357911435,0.995,712.0349912088234,2500,5000
Multivariate region null,Conventional,58140958,0.9654,0.002584679477227301,0.9603340282246345,0.9704659717753655,0.995,712.0349912088234,2500,5000
Multivariate region null,Anytime-valid,58726758,0.0434,0.0028815426424052795,0.03775217642088565,0.04904782357911435,0.995,712.0349912088234,2500,5000
Multivariate region null,Conventional,58726758,0.9654,0.002584679477227301,0.9603340282246345,0.9704659717753655,0.995,712.0349912088234,2500,5000
Multivariate region null,Anytime-valid,59318459,0.0434,0.0028815426424052795,0.03775217642088565,0.04904782357911435,0.995,712.0349912088234,2500,5000
Multivariate region null,Conventional,59318459,0.9656,0.002577465421688523,0.9605481677734905,0.9706518322265095,0.995,712.0349912088234,2500,5000
Multivariate region null,Anytime-valid,59916123,0.0434,0.0028815426424052795,0.03775217642088565,0.04904782357911435,0.995,712.0349912088234,2500,5000
Multivariate region null,Conventional,59916123,0.9656,0.002577465421688523,0.9605481677734905,0.9706518322265095,0.995,712.0349912088234,2500,5000
Multivariate region null,Anytime-valid,60519808,0.0434,0.0028815426424052795,0.03775217642088565,0.04904782357911435,0.995,712.0349912088234,2500,5000
Multivariate region null,Conventional,60519808,0.9658,0.0025702280054501004,0.9607623531093178,0.9708376468906822,0.995,712.0349912088234,2500,5000
Multivariate region null,Anytime-valid,61129575,0.0434,0.0028815426424052795,0.03775217642088565,0.04904782357911435,0.995,712.0349912088234,2500,5000
Multivariate region null,Conventional,61129575,0.9658,0.0025702280054501004,0.9607623531093178,0.9708376468906822,0.995,712.0349912088234,2500,5000
Multivariate region null,Anytime-valid,61745486,0.0434,0.0028815426424052795,0.03775217642088565,0.04904782357911435,0.995,712.0349912088234,2500,5000
Multivariate region null,Conventional,61745486,0.9658,0.0025702280054501004,0.9607623531093178,0.9708376468906822,0.995,712.0349912088234,2500,5000
Multivariate region null,Anytime-valid,62367603,0.0434,0.0028815426424052795,0.03775217642088565,0.04904782357911435,0.995,712.0349912088234,2500,5000
Multivariate region null,Conventional,62367603,0.9658,0.0025702280054501004,0.9607623531093178,0.9708376468906822,0.995,712.0349912088234,2500,5000
Multivariate region null,Anytime-valid,62995988,0.0434,0.0028815426424052795,0.03775217642088565,0.04904782357911435,0.995,712.0349912088234,2500,5000
Multivariate region null,Conventional,62995988,0.9658,0.0025702280054501004,0.9607623531093178,0.9708376468906822,0.995,712.0349912088234,2500,5000
Multivariate region null,Anytime-valid,63630705,0.0434,0.0028815426424052795,0.03775217642088565,0.04904782357911435,0.995,712.0349912088234,2500,5000
Multivariate region null,Conventional,63630705,0.9658,0.0025702280054501004,0.9607623531093178,0.9708376468906822,0.995,712.0349912088234,2500,5000
Multivariate region null,Anytime-valid,64271816,0.0434,0.0028815426424052795,0.03775217642088565,0.04904782357911435,0.995,712.0349912088234,2500,5000
Multivariate region null,Conventional,64271816,0.9658,0.0025702280054501004,0.9607623531093178,0.9708376468906822,0.995,712.0349912088234,2500,5000
Multivariate region null,Anytime-valid,64919387,0.0434,0.0028815426424052795,0.03775217642088565,0.04904782357911435,0.995,712.0349912088234,2500,5000
Multivariate region null,Conventional,64919387,0.9658,0.0025702280054501004,0.9607623531093178,0.9708376468906822,0.995,712.0349912088234,2500,5000
Multivariate region null,Anytime-valid,65573482,0.0434,0.0028815426424052795,0.03775217642088565,0.04904782357911435,0.995,712.0349912088234,2500,5000
Multivariate region null,Conventional,65573482,0.9658,0.0025702280054501004,0.9607623531093178,0.9708376468906822,0.995,712.0349912088234,2500,5000
Multivariate region null,Anytime-valid,66234168,0.0434,0.0028815426424052795,0.03775217642088565,0.04904782357911435,0.995,712.0349912088234,2500,5000
Multivariate region null,Conventional,66234168,0.9658,0.0025702280054501004,0.9607623531093178,0.9708376468906822,0.995,712.0349912088234,2500,5000
Multivariate region null,Anytime-valid,66901511,0.0434,0.0028815426424052795,0.03775217642088565,0.04904782357911435,0.995,712.0349912088234,2500,5000
Multivariate region null,Conventional,66901511,0.9658,0.0025702280054501004,0.9607623531093178,0.9708376468906822,0.995,712.0349912088234,2500,5000
Multivariate region null,Anytime-valid,67575577,0.0434,0.0028815426424052795,0.03775217642088565,0.04904782357911435,0.995,712.0349912088234,2500,5000
Multivariate region null,Conventional,67575577,0.9658,0.0025702280054501004,0.9607623531093178,0.9708376468906822,0.995,712.0349912088234,2500,5000
Multivariate region null,Anytime-valid,68256435,0.0434,0.0028815426424052795,0.03775217642088565,0.04904782357911435,0.995,712.0349912088234,2500,5000
Multivariate region null,Conventional,68256435,0.9658,0.0025702280054501004,0.9607623531093178,0.9708376468906822,0.995,712.0349912088234,2500,5000
Multivariate region null,Anytime-valid,68944153,0.0434,0.0028815426424052795,0.03775217642088565,0.04904782357911435,0.995,712.0349912088234,2500,5000
Multivariate region null,Conventional,68944153,0.966,0.0025629670306112026,0.960976584620002,0.9710234153799979,0.995,712.0349912088234,2500,5000
Multivariate region null,Anytime-valid,69638800,0.0434,0.0028815426424052795,0.03775217642088565,0.04904782357911435,0.995,712.0349912088234,2500,5000
Multivariate region null,Conventional,69638800,0.9662,0.0025556822963741033,0.9611908626991067,0.9712091373008932,0.995,712.0349912088234,2500,5000
Multivariate region null,Anytime-valid,70340446,0.0434,0.0028815426424052795,0.03775217642088565,0.04904782357911435,0.995,712.0349912088234,2500,5000
Multivariate region null,Conventional,70340446,0.9664,0.0025483735989842607,0.9614051877459909,0.9713948122540091,0.995,712.0349912088234,2500,5000
Multivariate region null,Anytime-valid,71049161,0.0434,0.0028815426424052795,0.03775217642088565,0.04904782357911435,0.995,712.0349912088234,2500,5000
Multivariate region null,Conventional,71049161,0.9668,0.0025336834845733993,0.9618339803702362,0.9717660196297638,0.995,712.0349912088234,2500,5000
Multivariate region null,Anytime-valid,71765017,0.0434,0.0028815426424052795,0.03775217642088565,0.04904782357911435,0.995,712.0349912088234,2500,5000
Multivariate region null,Conventional,71765017,0.9668,0.0025336834845733993,0.9618339803702362,0.9717660196297638,0.995,712.0349912088234,2500,5000
Multivariate region null,Anytime-valid,72488086,0.0434,0.0028815426424052795,0.03775217642088565,0.04904782357911435,0.995,712.0349912088234,2500,5000
Multivariate region null,Conventional,72488086,0.9668,0.0025336834845733993,0.9618339803702362,0.9717660196297638,0.995,712.0349912088234,2500,5000
Multivariate region null,Anytime-valid,73218440,0.0434,0.0028815426424052795,0.03775217642088565,0.04904782357911435,0.995,712.0349912088234,2500,5000
Multivariate region null,Conventional,73218440,0.9668,0.0025336834845733993,0.9618339803702362,0.9717660196297638,0.995,712.0349912088234,2500,5000
Multivariate region null,Anytime-valid,73956153,0.0434,0.0028815426424052795,0.03775217642088565,0.04904782357911435,0.995,712.0349912088234,2500,5000
Multivariate region null,Conventional,73956153,0.9668,0.0025336834845733993,0.9618339803702362,0.9717660196297638,0.995,712.0349912088234,2500,5000
Multivariate region null,Anytime-valid,74701298,0.0434,0.0028815426424052795,0.03775217642088565,0.04904782357911435,0.995,712.0349912088234,2500,5000
Multivariate region null,Conventional,74701298,0.9668,0.0025336834845733993,0.9618339803702362,0.9717660196297638,0.995,712.0349912088234,2500,5000
Multivariate region null,Anytime-valid,75453951,0.0434,0.0028815426424052795,0.03775217642088565,0.04904782357911435,0.995,712.0349912088234,2500,5000
Multivariate region null,Conventional,75453951,0.9668,0.0025336834845733993,0.9618339803702362,0.9717660196297638,0.995,712.0349912088234,2500,5000
Multivariate region null,Anytime-valid,76214188,0.0434,0.0028815426424052795,0.03775217642088565,0.04904782357911435,0.995,712.0349912088234,2500,5000
Multivariate region null,Conventional,76214188,0.9668,0.0025336834845733993,0.9618339803702362,0.9717660196297638,0.995,712.0349912088234,2500,5000
Multivariate region null,Anytime-valid,76982084,0.0434,0.0028815426424052795,0.03775217642088565,0.04904782357911435,0.995,712.0349912088234,2500,5000
Multivariate region null,Conventional,76982084,0.9668,0.0025336834845733993,0.9618339803702362,0.9717660196297638,0.995,712.0349912088234,2500,5000
Multivariate region null,Anytime-valid,77757717,0.0434,0.0028815426424052795,0.03775217642088565,0.04904782357911435,0.995,712.0349912088234,2500,5000
Multivariate region null,Conventional,77757717,0.9668,0.0025336834845733993,0.9618339803702362,0.9717660196297638,0.995,712.0349912088234,2500,5000
Multivariate region null,Anytime-valid,78541165,0.0434,0.0028815426424052795,0.03775217642088565,0.04904782357911435,0.995,712.0349912088234,2500,5000
Multivariate region null,Conventional,78541165,0.967,0.002526301644697245,0.9620484487763934,0.9719515512236065,0.995,712.0349912088234,2500,5000
Multivariate region null,Anytime-valid,79332507,0.0434,0.0028815426424052795,0.03775217642088565,0.04904782357911435,0.995,712.0349912088234,2500,5000
Multivariate region null,Conventional,79332507,0.967,0.002526301644697245,0.9620484487763934,0.9719515512236065,0.995,712.0349912088234,2500,5000
Multivariate region null,Anytime-valid,80131822,0.0434,0.0028815426424052795,0.03775217642088565,0.04904782357911435,0.995,712.0349912088234,2500,5000
Multivariate region null,Conventional,80131822,0.967,0.002526301644697245,0.9620484487763934,0.9719515512236065,0.995,712.0349912088234,2500,5000
Multivariate region null,Anytime-valid,80939190,0.0434,0.0028815426424052795,0.03775217642088565,0.04904782357911435,0.995,712.0349912088234,2500,5000
Multivariate region null,Conventional,80939190,0.967,0.002526301644697245,0.9620484487763934,0.9719515512236065,0.995,712.0349912088234,2500,5000
Multivariate region null,Anytime-valid,81754693,0.0434,0.0028815426424052795,0.03775217642088565,0.04904782357911435,0.995,712.0349912088234,2500,5000
Multivariate region null,Conventional,81754693,0.967,0.002526301644697245,0.9620484487763934,0.9719515512236065,0.995,712.0349912088234,2500,5000
Multivariate region null,Anytime-valid,82578413,0.0434,0.0028815426424052795,0.03775217642088565,0.04904782357911435,0.995,712.0349912088234,2500,5000
Multivariate region null,Conventional,82578413,0.967,0.002526301644697245,0.9620484487763934,0.9719515512236065,0.995,712.0349912088234,2500,5000
Multivariate region null,Anytime-valid,83410432,0.0434,0.0028815426424052795,0.03775217642088565,0.04904782357911435,0.995,712.0349912088234,2500,5000
Multivariate region null,Conventional,83410432,0.967,0.002526301644697245,0.9620484487763934,0.9719515512236065,0.995,712.0349912088234,2500,5000
Multivariate region null,Anytime-valid,84250834,0.0434,0.0028815426424052795,0.03775217642088565,0.04904782357911435,0.995,712.0349912088234,2500,5000
Multivariate region null,Conventional,84250834,0.967,0.002526301644697245,0.9620484487763934,0.9719515512236065,0.995,712.0349912088234,2500,5000
Multivariate region null,Anytime-valid,85099704,0.0434,0.0028815426424052795,0.03775217642088565,0.04904782357911435,0.995,712.0349912088234,2500,5000
Multivariate region null,Conventional,85099704,0.967,0.002526301644697245,0.9620484487763934,0.9719515512236065,0.995,712.0349912088234,2500,5000
Multivariate region null,Anytime-valid,85957126,0.0434,0.0028815426424052795,0.03775217642088565,0.04904782357911435,0.995,712.0349912088234,2500,5000
Multivariate region null,Conventional,85957126,0.967,0.002526301644697245,0.9620484487763934,0.9719515512236065,0.995,712.0349912088234,2500,5000
Multivariate region null,Anytime-valid,86823187,0.0434,0.0028815426424052795,0.03775217642088565,0.04904782357911435,0.995,712.0349912088234,2500,5000
Multivariate region null,Conventional,86823187,0.967,0.002526301644697245,0.9620484487763934,0.9719515512236065,0.995,712.0349912088234,2500,5000
Multivariate region null,Anytime-valid,87697975,0.0434,0.0028815426424052795,0.03775217642088565,0.04904782357911435,0.995,712.0349912088234,2500,5000
Multivariate region null,Conventional,87697975,0.967,0.002526301644697245,0.9620484487763934,0.9719515512236065,0.995,712.0349912088234,2500,5000
Multivariate region null,Anytime-valid,88581576,0.0434,0.0028815426424052795,0.03775217642088565,0.04904782357911435,0.995,712.0349912088234,2500,5000
Multivariate region null,Conventional,88581576,0.967,0.002526301644697245,0.9620484487763934,0.9719515512236065,0.995,712.0349912088234,2500,5000
Multivariate region null,Anytime-valid,89474080,0.0434,0.0028815426424052795,0.03775217642088565,0.04904782357911435,0.995,712.0349912088234,2500,5000
Multivariate region null,Conventional,89474080,0.967,0.002526301644697245,0.9620484487763934,0.9719515512236065,0.995,712.0349912088234,2500,5000
Multivariate region null,Anytime-valid,90375576,0.0434,0.0028815426424052795,0.03775217642088565,0.04904782357911435,0.995,712.0349912088234,2500,5000
Multivariate region null,Conventional,90375576,0.967,0.002526301644697245,0.9620484487763934,0.9719515512236065,0.995,712.0349912088234,2500,5000
Multivariate region null,Anytime-valid,91286156,0.0434,0.0028815426424052795,0.03775217642088565,0.04904782357911435,0.995,712.0349912088234,2500,5000
Multivariate region null,Conventional,91286156,0.9674,0.0025114633184659483,0.9624775318958068,0.9723224681041933,0.995,712.0349912088234,2500,5000
Multivariate region null,Anytime-valid,92205910,0.0434,0.0028815426424052795,0.03775217642088565,0.04904782357911435,0.995,712.0349912088234,2500,5000
Multivariate region null,Conventional,92205910,0.9674,0.0025114633184659483,0.9624775318958068,0.9723224681041933,0.995,712.0349912088234,2500,5000
Multivariate region null,Anytime-valid,93134931,0.0434,0.0028815426424052795,0.03775217642088565,0.04904782357911435,0.995,712.0349912088234,2500,5000
Multivariate region null,Conventional,93134931,0.9674,0.0025114633184659483,0.9624775318958068,0.9723224681041933,0.995,712.0349912088234,2500,5000
Multivariate region null,Anytime-valid,94073312,0.0434,0.0028815426424052795,0.03775217642088565,0.04904782357911435,0.995,712.0349912088234,2500,5000
Multivariate region null,Conventional,94073312,0.9674,0.0025114633184659483,0.9624775318958068,0.9723224681041933,0.995,712.0349912088234,2500,5000
Multivariate region null,Anytime-valid,95021148,0.0434,0.0028815426424052795,0.03775217642088565,0.04904782357911435,0.995,712.0349912088234,2500,5000
Multivariate region null,Conventional,95021148,0.9676,0.0025040063897682043,0.9626921474760544,0.9725078525239457,0.995,712.0349912088234,2500,5000
Multivariate region null,Anytime-valid,95978534,0.0434,0.0028815426424052795,0.03775217642088565,0.04904782357911435,0.995,712.0349912088234,2500,5000
Multivariate region null,Conventional,95978534,0.9676,0.0025040063897682043,0.9626921474760544,0.9725078525239457,0.995,712.0349912088234,2500,5000
Multivariate region null,Anytime-valid,96945566,0.0434,0.0028815426424052795,0.03775217642088565,0.04904782357911435,0.995,712.0349912088234,2500,5000
Multivariate region null,Conventional,96945566,0.9676,0.0025040063897682043,0.9626921474760544,0.9725078525239457,0.995,712.0349912088234,2500,5000
Multivariate region null,Anytime-valid,97922341,0.0434,0.0028815426424052795,0.03775217642088565,0.04904782357911435,0.995,712.0349912088234,2500,5000
Multivariate region null,Conventional,97922341,0.9676,0.0025040063897682043,0.9626921474760544,0.9725078525239457,0.995,712.0349912088234,2500,5000
Multivariate region null,Anytime-valid,98908958,0.0434,0.0028815426424052795,0.03775217642088565,0.04904782357911435,0.995,712.0349912088234,2500,5000
Multivariate region null,Conventional,98908958,0.9676,0.0025040063897682043,0.9626921474760544,0.9725078525239457,0.995,712.0349912088234,2500,5000
Multivariate region null,Anytime-valid,99905515,0.0434,0.0028815426424052795,0.03775217642088565,0.04904782357911435,0.995,712.0349912088234,2500,5000
Multivariate region null,Conventional,99905515,0.9676,0.0025040063897682043,0.9626921474760544,0.9725078525239457,0.995,712.0349912088234,2500,5000
Multivariate region null,Anytime-valid,100000000,0.0434,0.0028815426424052795,0.03775217642088565,0.04904782357911435,0.995,712.0349912088234,2500,5000
Multivariate region null,Conventional,100000000,0.9676,0.0025040063897682043,0.9626921474760544,0.9725078525239457,0.995,712.0349912088234,2500,5000
